fighter_id,record,SLpM:,Str. Acc.:,SApM:,Str. Def:,,TD Avg.:,TD Acc.:,TD Def.:,Sub. Avg.:,Height:,Weight:,Reach:,STANCE:,DOB:
93fe7332d16c6ad9,5-3-0,0.00,0%,0.00,0%,,0.00,0%,0%,0.0,--,155 lbs.,--,,"Jul 13, 1978"
15df64c02b6b0fde,4-6-0,3.29,38%,4.41,57%,,0.00,0%,77%,0.0,"5' 11""",155 lbs.,--,Orthodox,"Jul 03, 1983"
59a9d6dac61c2540,28-4-0,3.00,20%,5.67,46%,,0.00,0%,66%,0.0,"5' 8""",155 lbs.,"66""",Orthodox,"Feb 01, 1994"
4961467134abd8be,9-5-0,8.44,50%,14.06,28%,,0.00,0%,0%,0.0,"6' 2""",265 lbs.,"80""",Orthodox,"Feb 25, 1993"
b361180739bed4b0,10-15-0,1.35,30%,3.55,38%,,1.07,33%,66%,0.0,"6' 0""",265 lbs.,--,Switch,"Apr 26, 1965"
3329d692aea4dc28,7-1-0 (1 NC),4.27,55%,3.67,51%,,3.25,65%,100%,0.0,"6' 2""",265 lbs.,"72""",Southpaw,"Jan 22, 1993"
8f3837b4c06f3d1e,8-0-0 (1 NC),5.41,57%,6.89,48%,,0.00,0%,0%,0.0,"5' 3""",115 lbs.,"66""",Orthodox,"May 15, 2004"
841695e02c99a521,9-1-1,3.28,44%,4.49,46%,,1.65,41%,83%,0.3,"6' 2""",185 lbs.,"80""",Orthodox,"Oct 07, 1997"
e047d3b541afd4a7,20-3-0,2.56,42%,2.42,51%,,2.07,33%,100%,0.0,"5' 8""",170 lbs.,"73""",Orthodox,"Feb 02, 1997"
2f5cbecbbe18bac4,20-8-0,2.41,44%,3.02,55%,,1.01,23%,45%,0.1,"6' 3""",235 lbs.,"76""",Orthodox,"Sep 02, 1981"
c0ed7b208197e8de,8-15-3 (1 NC),1.71,36%,3.11,63%,,0.00,0%,33%,0.0,"5' 6""",145 lbs.,--,Orthodox,"Feb 09, 1970"
5140122c3eecd307,6-2-0,3.80,33%,4.49,56%,,0.33,50%,0%,0.0,"5' 11""",170 lbs.,"71""",Orthodox,"Nov 27, 1991"
c9f6385af6df66d7,10-4-0,2.80,55%,3.15,48%,,3.47,57%,50%,1.3,"5' 11""",185 lbs.,--,Southpaw,"Jun 30, 1978"
aa6e591c2a2cdecd,5-1-0,3.79,31%,3.98,68%,,2.13,42%,100%,0.7,"5' 11""",185 lbs.,--,Orthodox,"Apr 27, 1984"
7279654c7674cd24,15-4-0 (1 NC),2.05,40%,2.90,55%,,0.64,20%,80%,0.0,"6' 0""",205 lbs.,"74""",Orthodox,"Dec 24, 1992"
f689bd7bbd14b392,0-0-0,0.00,0%,0.00,0%,,0.00,0%,0%,0.0,--,--,--,,"Dec 20, 1980"
1c5879330d42255f,30-18-0,3.52,36%,2.85,62%,,0.33,20%,81%,0.0,"5' 8""",180 lbs.,--,Orthodox,"Dec 27, 1977"
989b85f6540c86b1,6-2-0,3.90,52%,6.28,44%,,0.00,0%,0%,0.0,"5' 9""",170 lbs.,"75""",Orthodox,"Jun 22, 1991"
2620f3eb21c79614,8-1-0,0.00,0%,0.00,0%,,0.00,0%,0%,0.0,"6' 0""",225 lbs.,--,Southpaw,--
83b00f7597e5ac83,5-3-0,7.09,55%,4.06,34%,,0.91,66%,57%,0.0,"6' 5""",265 lbs.,"80""",Orthodox,"Jan 16, 1992"
a77633a989013265,8-2-0,3.17,41%,5.93,44%,,0.00,0%,0%,0.0,"6' 1""",185 lbs.,"76""",Orthodox,"Jan 13, 1988"
acff8cdcfc634cb5,6-2-0,0.00,0%,0.00,0%,,0.00,0%,0%,0.0,--,256 lbs.,--,,"Sep 07, 1997"
79cb2a690b9ba5e8,4-4-0,3.65,40%,3.04,64%,,0.00,0%,100%,0.5,"5' 5""",125 lbs.,"65""",Southpaw,"Jul 29, 1992"
1338e2c7480bdf9e,24-6-0,4.03,48%,3.22,55%,,0.05,9%,76%,0.1,"6' 4""",185 lbs.,"80""",Switch,"Jul 22, 1989"
0e9869d712e81f8f,7-20-2,0.00,0%,0.00,0%,,0.00,0%,0%,0.0,"6' 3""",225 lbs.,--,Orthodox,"Apr 26, 1965"
7a846fcbf182a7c8,5-1-0,1.66,83%,0.33,75%,,4.97,50%,50%,5.0,"5' 11""",170 lbs.,"76""",Switch,"May 03, 2000"
ebc5af72ad5a28cb,24-6-0,0.69,11%,4.56,42%,,0.00,0%,0%,0.0,"5' 8""",155 lbs.,--,Orthodox,"Jan 13, 1979"
a08ddd04eaffd81d,10-5-0,4.43,54%,3.62,52%,,0.55,66%,45%,0.8,"5' 6""",125 lbs.,"68""",Southpaw,"Apr 07, 1997"
26f4288e83188c61,12-3-0,0.00,0%,0.00,0%,,0.00,0%,0%,0.0,--,135 lbs.,--,,"Feb 16, 1992"
44aa652b181bcf68,2-3-1,0.00,0%,0.00,0%,,0.00,0%,0%,0.0,"5' 10""",170 lbs.,--,Orthodox,"Jan 20, 1969"
501821d7fb7b95c1,17-1-0,0.00,0%,0.00,0%,,0.00,0%,0%,0.0,"6' 0""",185 lbs.,--,,"Feb 10, 1988"
6cadc0a0ba7dc015,26-19-0 (1 NC),0.00,0%,0.00,0%,,0.00,0%,0%,0.0,"5' 10""",185 lbs.,--,,"Jan 01, 1972"
8f382b3baa954d2a,20-8-0,4.93,50%,7.19,53%,,0.94,25%,50%,0.2,"5' 3""",115 lbs.,"63""",Orthodox,"May 08, 1982"
cf946e03ba2e7666,17-5-0,3.96,40%,4.81,52%,,0.16,16%,78%,0.0,"5' 7""",155 lbs.,"73""",Orthodox,"Sep 07, 1988"
c051c2e12d692b8a,12-4-0,2.54,38%,2.29,61%,,1.52,29%,45%,1.1,"5' 4""",125 lbs.,"62""",Orthodox,"Mar 13, 1996"
ae071698e1a3ccd4,14-8-0,2.54,37%,4.04,48%,,0.00,0%,60%,0.0,"5' 9""",170 lbs.,"72""",Switch,"Nov 25, 1991"
0978385b2bd9ef9b,7-2-0,0.73,33%,2.89,45%,,1.16,20%,33%,0.6,"5' 9""",135 lbs.,"74""",Southpaw,"Jan 15, 1996"
b2efa582adf73604,13-2-0,2.74,60%,2.19,59%,,0.00,0%,100%,0.0,"5' 9""",125 lbs.,"67""",Switch,"Apr 07, 2005"
ff584c17bccbae0b,17-3-0,2.47,75%,0.53,57%,,6.00,46%,100%,0.0,"5' 9""",145 lbs.,"72""",Southpaw,"Sep 08, 1998"
9e3dbb9c68ed5d1a,14-6-1 (1 NC),2.87,33%,6.33,59%,,0.00,0%,71%,0.0,"5' 9""",155 lbs.,--,Orthodox,"Dec 25, 1980"
49dea784f6cfed71,6-2-0,5.00,40%,11.25,25%,,0.00,0%,0%,0.0,"5' 8""",135 lbs.,"71""",Switch,"Jun 19, 1994"
2eada40ac8801559,18-10-0,0.59,45%,2.58,55%,,0.00,0%,8%,0.5,"5' 4""",135 lbs.,--,Southpaw,"Jul 27, 1974"
16690d100f995f8f,21-6-1,2.97,34%,2.84,55%,,2.58,45%,65%,0.2,"6' 0""",185 lbs.,"73""",Orthodox,"Oct 12, 1987"
b0550072e5f0afa7,14-6-0 (2 NC),3.10,41%,3.62,57%,,2.29,67%,92%,1.0,"5' 10""",170 lbs.,"75""",Orthodox,"Jul 29, 1975"
1fc64507a0cb38cf,6-2-0,1.80,25%,3.97,57%,,1.00,40%,87%,0.0,"5' 10""",170 lbs.,"72""",Switch,"Dec 19, 1991"
38b50fd1e1b5b656,13-5-0,3.27,39%,3.14,60%,,0.65,14%,57%,0.0,"6' 2""",205 lbs.,--,Orthodox,"May 14, 1982"
597499ac7a5aac62,16-4-0,4.61,41%,3.43,60%,,1.47,23%,54%,0.0,"5' 8""",155 lbs.,"69""",Orthodox,"Apr 10, 1995"
1cf1310684a841f5,6-6-0,1.36,19%,3.61,53%,,0.00,0%,0%,0.0,"6' 2""",245 lbs.,"77""",Orthodox,"Jul 14, 1973"
7578cc6bd750206b,5-1-0,3.84,65%,6.66,23%,,2.06,50%,42%,0.0,"6' 2""",205 lbs.,"75""",Orthodox,"Jun 07, 1991"
2144954270be834d,0-4-0,0.00,0%,0.00,0%,,0.00,0%,0%,0.0,"5' 6""",135 lbs.,--,,--
1897b7b913736a7c,17-10-2,2.82,32%,5.12,57%,,1.74,43%,75%,0.0,"5' 5""",135 lbs.,"66""",Orthodox,"Dec 14, 1991"
6d35bf94f7d30241,17-3-0,2.47,33%,3.88,59%,,1.18,25%,62%,0.4,"5' 5""",125 lbs.,"68""",Orthodox,"Oct 27, 1993"
9b28292abe3166d5,3-2-0,0.00,0%,0.00,0%,,0.00,0%,0%,0.0,--,225 lbs.,--,,--
7bd94b60d7521e4a,6-5-0,3.05,49%,2.82,35%,,0.00,0%,50%,6.1,"5' 8""",135 lbs.,"68""",Orthodox,"Oct 13, 1986"
c482c8605455a213,14-6-0,3.98,51%,6.08,52%,,1.54,37%,100%,0.0,"6' 3""",264 lbs.,"74""",Orthodox,"Mar 15, 1991"
184b955181bdef52,0-1-0,0.00,0%,0.00,0%,,0.00,0%,0%,0.0,"5' 10""",188 lbs.,--,Orthodox,--
e76d9f656ceb82ab,3-2-0,4.83,47%,5.56,38%,,2.27,50%,77%,0.4,"5' 2""",115 lbs.,"63""",Orthodox,"Jul 14, 1990"
dd1b90eea08887f6,0-3-0,0.32,13%,3.34,25%,,0.00,0%,0%,0.0,--,185 lbs.,--,Orthodox,--
39f62b833e4cf126,1-2-0,0.00,0%,0.00,0%,,0.00,0%,0%,0.0,--,--,--,,--
2f95a3c6d58b2aad,35-10-0 (1 NC),2.72,45%,2.79,49%,,1.44,62%,60%,0.8,"5' 9""",135 lbs.,"71""",Southpaw,"Aug 04, 1980"
7c6e87729e824ef4,21-11-0,1.93,38%,2.63,50%,,2.00,68%,81%,0.9,"6' 2""",185 lbs.,"78""",Orthodox,"Nov 18, 1982"
1e38bba6738b7b10,1-3-1,0.00,0%,0.00,0%,,0.00,0%,0%,0.0,"5' 3""",145 lbs.,--,,"Jun 10, 1970"
d26934530dc5b248,6-2-0,2.91,54%,6.26,26%,,2.57,40%,33%,0.0,"6' 1""",250 lbs.,--,Orthodox,"Aug 25, 1977"
578ef12674df1e6a,15-8-0,5.19,39%,6.64,56%,,0.15,50%,77%,0.2,"5' 9""",135 lbs.,"68""",Orthodox,"Mar 26, 1988"
c487223b0289bda9,4-3-0,3.59,38%,5.08,59%,,0.93,100%,0%,0.0,"5' 11""",170 lbs.,"72""",Orthodox,"Aug 17, 1988"
7460ddef986d3144,14-6-1,3.13,44%,3.13,58%,,0.00,0%,57%,0.0,"5' 7""",135 lbs.,"68""",Orthodox,"Sep 14, 1991"
d0f3959b4a9747e6,32-10-0,3.65,46%,3.81,60%,,0.47,51%,92%,0.1,"5' 7""",135 lbs.,"70""",Orthodox,"Sep 09, 1986"
6fd953151d981979,15-7-0,3.92,46%,4.34,61%,,0.70,25%,67%,0.0,"5' 5""",125 lbs.,"67""",Southpaw,"Sep 29, 1992"
103e2e33a60683e1,5-4-0,3.42,38%,5.02,45%,,0.38,20%,50%,0.4,"5' 8""",135 lbs.,"67""",Orthodox,"Jun 27, 1990"
d35298b6df168456,8-1-1,3.09,36%,3.67,51%,,3.01,29%,66%,0.5,"5' 1""",115 lbs.,"58""",Orthodox,"Oct 17, 1990"
fe5a9547479396ab,13-3-0 (1 NC),2.90,40%,4.38,56%,,2.26,41%,80%,0.3,"5' 9""",145 lbs.,"71""",Orthodox,"Oct 14, 1986"
7a15f3694c5cbc02,35-17-0 (2 NC),2.10,39%,2.91,54%,,1.85,38%,70%,1.2,"5' 10""",155 lbs.,"72""",Orthodox,"Jul 05, 1979"
0541480fbf719d86,17-15-1 (2 NC),3.06,54%,3.20,52%,,1.19,57%,33%,0.0,"6' 0""",205 lbs.,"72""",Orthodox,"Mar 22, 1972"
8fd76e1b49c00ae2,7-6-0 (1 NC),0.88,19%,2.20,66%,,4.71,26%,0%,0.0,"5' 9""",155 lbs.,--,Orthodox,"Sep 25, 1977"
11583163f45c7b31,8-5-0,4.69,57%,2.87,56%,,0.00,0%,60%,0.0,"5' 11""",145 lbs.,"73""",Orthodox,"Jul 28, 1995"
d53482bef23235ba,17-4-0,1.61,45%,2.89,42%,,0.35,20%,66%,0.7,"6' 0""",185 lbs.,"75""",Southpaw,"May 05, 1989"
b757c73f443d4fca,8-12-0,1.65,38%,4.77,53%,,0.37,7%,22%,0.7,"6' 2""",170 lbs.,--,Orthodox,"Aug 06, 1974"
4b37a0bc2ab4cae1,9-7-0,0.00,0%,0.00,0%,,0.00,0%,0%,0.0,"5' 8""",145 lbs.,--,,"May 09, 1983"
41b34b7f11f6d085,1-7-0,0.00,0%,0.00,0%,,0.00,0%,0%,0.0,--,--,--,,--
9abc648e76c4493a,18-9-0,5.88,51%,4.38,47%,,1.03,50%,55%,0.1,"6' 0""",145 lbs.,"73""",Switch,"Jun 09, 1989"
669a3cb6e394f515,3-2-0,0.00,0%,0.00,0%,,0.00,0%,0%,0.0,"5' 10""",199 lbs.,--,Orthodox,"Mar 06, 1965"
e17770faae3ca54c,10-1-0,0.00,0%,0.00,0%,,0.00,0%,0%,0.0,"6' 3""",250 lbs.,--,,"Jun 10, 1984"
e70de1859b7ee78e,15-3-0,1.41,45%,2.20,56%,,1.76,38%,100%,0.0,"5' 11""",170 lbs.,"74""",Orthodox,"Sep 17, 1984"
ca28cdf526d6b6e9,11-0-0,2.72,44%,1.63,58%,,2.12,43%,80%,0.3,"5' 10""",155 lbs.,"72""",Orthodox,"Dec 08, 2000"
a075a34d7527fadf,7-4-0,2.39,52%,4.06,46%,,1.56,33%,75%,0.0,"5' 3""",135 lbs.,"65""",Orthodox,"Jan 21, 1999"
b07aed698fba8624,18-2-0,5.56,60%,4.01,45%,,3.82,68%,100%,0.7,"6' 0""",185 lbs.,"76""",Southpaw,"Dec 07, 1992"
6db394bf6c3b017c,10-2-0,6.32,50%,10.11,38%,,0.00,0%,0%,0.0,"6' 0""",185 lbs.,"74""",Orthodox,"Jul 14, 1989"
6ebe96a116e79e52,13-7-0 (1 NC),3.56,42%,5.74,52%,,1.40,71%,50%,0.8,"6' 1""",205 lbs.,"75""",Orthodox,"Feb 22, 1993"
1e13936d708bcff7,13-19-2,0.80,38%,3.10,43%,,0.00,0%,50%,0.0,"6' 2""",205 lbs.,--,Open Stance,"Jan 13, 1967"
040a74bb0a465c54,21-4-0,3.52,43%,3.15,60%,,1.24,60%,73%,0.3,"5' 8""",145 lbs.,"70""",Southpaw,"Jan 22, 1994"
2f181c0467965b98,27-7-0,3.75,52%,3.78,47%,,1.52,41%,57%,1.1,"6' 2""",185 lbs.,"75""",Orthodox,"Dec 28, 1995"
adf9a901308fb8e3,5-0-0,7.60,51%,5.87,53%,,2.00,66%,100%,0.0,"6' 0""",155 lbs.,"75""",Southpaw,"Aug 10, 1992"
c4fe2e9a06ea5bcb,18-8-0,1.28,49%,1.90,59%,,0.62,50%,26%,0.0,"5' 11""",170 lbs.,"76""",Orthodox,"Feb 19, 1981"
8d3273573b85be09,24-3-0,2.28,51%,1.94,53%,,4.74,45%,44%,1.4,"5' 4""",125 lbs.,"65""",Orthodox,"Jan 25, 1994"
a4dc0f2b95df4cc1,12-4-0,2.58,39%,4.23,52%,,0.00,0%,59%,0.0,"5' 7""",135 lbs.,"68""",Orthodox,"Oct 08, 1997"
088aa1b19b2dc14a,6-1-0,1.92,41%,5.75,27%,,0.00,0%,0%,0.0,"5' 7""",125 lbs.,"67""",Southpaw,"Mar 22, 2004"
91186547a7f3f758,13-5-0,2.02,49%,1.20,61%,,3.74,38%,31%,1.2,"6' 0""",170 lbs.,"74""",Orthodox,"Nov 29, 1976"
d615d6a10a4704cd,10-3-0 (1 NC),1.67,36%,2.60,41%,,0.00,0%,40%,5.0,"6' 0""",155 lbs.,--,,"Jun 06, 1985"
2b074403b7c6cdb4,22-5-0,4.84,43%,4.93,61%,,0.17,14%,75%,0.0,"5' 7""",145 lbs.,"70""",Southpaw,"Jul 31, 1991"
67a992d4cff22466,7-3-0,1.07,39%,3.33,43%,,0.50,33%,37%,0.0,"5' 6""",115 lbs.,--,Orthodox,"Mar 05, 1989"
f16ddfa31236efed,7-3-0,3.13,37%,6.07,42%,,0.00,0%,0%,0.0,"5' 4""",125 lbs.,--,Orthodox,"Oct 17, 1988"
41e83a89929d1327,22-5-0,2.23,62%,1.30,43%,,5.64,55%,60%,1.7,"6' 3""",225 lbs.,"79""",Orthodox,"Jun 26, 1991"
710f0f8c5d5c9d41,15-5-0,4.94,39%,5.36,44%,,0.00,0%,53%,0.0,"5' 11""",145 lbs.,"71""",Orthodox,"Jan 31, 1991"
64d47ef881a437a4,7-2-0,3.46,58%,2.03,46%,,0.00,0%,52%,0.2,"6' 1""",185 lbs.,"74""",Orthodox,"Mar 28, 1988"
c6bf75775b278ed8,13-7-0 (1 NC),5.74,34%,1.91,67%,,0.00,0%,0%,0.0,"6' 2""",170 lbs.,--,,"Feb 27, 1980"
49b130de1da2e1bf,9-6-0,2.36,44%,6.06,38%,,1.61,26%,20%,0.4,"5' 4""",135 lbs.,"63""",Southpaw,"Jun 01, 1991"
e87a13e02c01331d,8-5-0,2.43,42%,1.97,56%,,3.50,29%,60%,1.0,"5' 6""",135 lbs.,"68""",Orthodox,"Sep 23, 1990"
27a9ce2c04071efe,8-0-0,0.00,0%,0.00,0%,,0.00,0%,0%,0.0,--,155 lbs.,--,,"Jul 01, 2001"
c61b49cec6abd6b9,4-3-0,0.00,0%,0.00,0%,,0.00,0%,0%,0.0,"5' 10""",170 lbs.,--,,--
dc7927cd622676a7,12-5-0,4.58,53%,3.82,53%,,2.88,38%,63%,0.0,"5' 8""",125 lbs.,"70""",Switch,"Jan 23, 1991"
c11036da9162cb5f,1-4-0,1.56,20%,2.08,75%,,0.00,0%,0%,0.0,"5' 10""",185 lbs.,--,Orthodox,--
430c533614d45813,9-3-0,5.83,31%,9.25,44%,,0.00,0%,0%,0.0,"5' 4""",115 lbs.,"64""",Orthodox,"May 08, 1996"
e741536153227386,4-3-0,0.89,37%,3.25,47%,,0.00,0%,0%,0.0,"6' 0""",235 lbs.,--,Orthodox,"Jul 14, 1971"
33a331684283900f,29-6-0 (1 NC),4.32,41%,4.39,55%,,2.92,36%,92%,0.5,"5' 9""",155 lbs.,"69""",Orthodox,"Jan 11, 1984"
4438482bd1d5a029,6-1-0,2.73,40%,4.53,56%,,1.00,33%,50%,0.0,"5' 8""",125 lbs.,"69""",Orthodox,"Mar 08, 1988"
58bbef3770bb2dfc,23-4-0,4.53,54%,3.03,53%,,0.18,33%,46%,1.1,"6' 3""",170 lbs.,"77""",Orthodox,"Mar 02, 1993"
31ee470ef5dc8d7f,23-15-0,3.73,41%,3.42,62%,,0.71,60%,63%,0.3,"5' 9""",170 lbs.,"70""",Orthodox,"Oct 03, 1983"
bd92cf5da5413d2a,1-4-0,0.00,0%,0.00,0%,,0.00,0%,0%,0.0,--,--,--,,--
dc5a6b2fdb27e7dc,15-12-0,0.50,46%,2.02,30%,,0.00,0%,53%,0.0,"6' 0""",170 lbs.,--,Southpaw,"Aug 08, 1988"
d317a5e2b3f88c5f,15-8-0,3.04,48%,3.95,50%,,1.22,50%,62%,0.8,"5' 11""",185 lbs.,"72""",Orthodox,"Jan 04, 1991"
029afd138865d20a,20-12-0,1.85,48%,3.30,58%,,0.29,25%,44%,1.5,"5' 8""",155 lbs.,"68""",Orthodox,"Nov 14, 1990"
d156513a19acf856,33-18-1 (1 NC),3.28,44%,3.63,52%,,0.06,14%,82%,0.1,"6' 2""",185 lbs.,"75""",Southpaw,"May 06, 1986"
f4abf9aeda861283,7-1-0,6.97,62%,2.11,50%,,0.00,0%,100%,0.0,"6' 0""",170 lbs.,"74""",Orthodox,"Dec 27, 1996"
86c1441676af2c73,4-1-0,6.00,66%,12.00,33%,,0.00,0%,0%,0.0,"6' 2""",205 lbs.,"78""",Orthodox,"Jan 11, 1994"
20821819c401ced8,6-4-1,2.27,24%,5.91,63%,,0.00,0%,20%,0.0,"6' 0""",154 lbs.,--,Orthodox,"Oct 09, 1983"
1e327b281ef6a745,14-2-1,3.29,47%,0.82,78%,,5.84,56%,100%,0.0,"6' 2""",170 lbs.,"76""",Orthodox,"Oct 30, 1986"
247fbbfafea60bb1,7-3-0,5.53,35%,24.47,33%,,0.00,0%,100%,0.0,"5' 5""",115 lbs.,--,Southpaw,"Jul 11, 1987"
ee0b69e307c857e5,2-0-0,0.00,0%,0.00,0%,,0.00,0%,0%,0.0,--,185 lbs.,--,,--
c912f676692c353a,17-21-1,0.83,29%,3.76,40%,,3.13,57%,100%,0.8,"6' 2""",315 lbs.,--,Southpaw,"Jan 26, 1970"
d562b12b8fe88336,28-7-0 (2 NC),3.16,69%,6.32,33%,,0.00,0%,50%,0.0,"5' 10""",170 lbs.,--,Orthodox,"Feb 06, 1987"
70fa1c64a2c439ef,8-4-0,0.99,30%,3.85,46%,,0.00,0%,0%,0.0,"5' 10""",185 lbs.,"74""",Orthodox,"Apr 06, 1988"
41cc71cbf210e0fe,11-3-0,5.83,52%,4.04,50%,,0.52,16%,65%,0.8,"5' 9""",145 lbs.,"70""",Switch,"May 28, 1990"
6c40705cf6c0d7e2,9-0-0,0.00,0%,0.00,0%,,0.00,0%,0%,0.0,--,145 lbs.,--,,"Jun 15, 2003"
87a1dc546b1c5caf,17-9-0,1.33,44%,2.98,46%,,3.96,43%,35%,1.1,"5' 10""",145 lbs.,"72""",Southpaw,"Nov 08, 1988"
bc7d1ad49fcb2d08,11-2-0,2.26,49%,2.06,54%,,2.01,33%,0%,4.3,"5' 3""",115 lbs.,"68""",Orthodox,"Jun 24, 1995"
f139d6836efd43dd,30-1-0,2.65,53%,1.38,60%,,11.11,53%,0%,3.2,"6' 0""",170 lbs.,"75""",Orthodox,"Sep 09, 1993"
53adf5b845d91e4a,1-1-0,6.75,39%,2.01,83%,,0.00,0%,0%,0.0,"5' 8""",190 lbs.,--,Orthodox,"May 28, 1966"
23a8c33869bf5392,27-7-2,1.47,34%,2.67,54%,,0.00,0%,25%,1.0,"5' 11""",185 lbs.,--,Orthodox,"Nov 21, 1985"
cad24459b28592ca,18-9-0 (1 NC),3.44,47%,4.03,50%,,1.83,25%,80%,0.1,"6' 1""",185 lbs.,"75""",Southpaw,"Apr 21, 1987"
8738eacd62e82a32,14-8-1,0.00,0%,0.00,0%,,0.00,0%,0%,0.0,"6' 2""",230 lbs.,--,Southpaw,"May 29, 1971"
9199e0735b83dd32,0-1-0,0.00,0%,0.00,0%,,0.00,0%,0%,0.0,"5' 6""",240 lbs.,--,,"Jul 16, 1974"
1ffc38f67785797b,0-1-0,0.00,0%,0.00,0%,,0.00,0%,0%,0.0,"5' 6""",160 lbs.,--,Orthodox,--
5e4eec08896c9423,14-5-0,4.43,46%,2.22,59%,,4.89,50%,83%,0.0,"6' 3""",205 lbs.,"79""",Orthodox,"Sep 22, 1989"
19ba965651486013,14-3-0 (1 NC),3.97,37%,3.08,61%,,0.34,14%,60%,0.0,"6' 0""",155 lbs.,--,,"Feb 02, 1990"
a0e75f4a13eb73f1,11-5-0,1.76,46%,3.35,37%,,0.52,25%,53%,0.5,"6' 0""",145 lbs.,"72""",Orthodox,"Feb 11, 1990"
b03a0c78ca45facf,6-3-0,3.00,52%,6.53,31%,,1.00,20%,50%,0.0,"6' 3""",185 lbs.,"75""",Orthodox,"Jan 13, 1995"
17615148dd4be6f6,14-4-1,0.93,19%,4.93,50%,,0.00,0%,0%,0.0,"5' 4""",145 lbs.,"68""",Southpaw,"Apr 26, 1990"
1562b12763cc8d67,10-5-0,0.20,36%,2.60,53%,,0.00,0%,25%,0.8,"5' 11""",200 lbs.,--,Orthodox,"May 14, 1974"
6a1901c62ab3870f,26-15-0,6.37,48%,5.58,54%,,2.10,54%,75%,0.3,"5' 1""",115 lbs.,"62""",Orthodox,"Sep 25, 1991"
d221ee27afc7a60e,19-6-0,3.26,42%,2.77,63%,,1.93,50%,66%,0.3,"5' 11""",170 lbs.,"75""",Orthodox,"Mar 08, 1984"
9bad58fa651d6196,14-4-0,0.00,0%,0.00,0%,,0.00,0%,0%,0.0,"5' 7""",200 lbs.,--,Orthodox,"Jul 16, 1973"
7977fb0fd9c5955d,0-0-0,0.00,0%,0.00,0%,,0.00,0%,0%,0.0,--,--,--,,"Oct 24, 1994"
00debc804e2b1cd4,18-7-0 (1 NC),2.21,50%,2.72,46%,,2.83,50%,57%,0.4,"6' 1""",185 lbs.,"74""",Switch,"Nov 15, 1979"
46e2ca71fd5089cb,7-3-0,2.87,50%,3.50,58%,,0.67,20%,40%,0.0,"6' 0""",205 lbs.,--,Orthodox,"Mar 31, 1973"
d6a3e131ad4ba064,13-3-0,3.56,38%,3.77,53%,,0.00,0%,33%,0.0,"5' 7""",145 lbs.,"68""",Orthodox,"Jan 13, 1989"
e20ad078a7d63361,5-1-0,4.62,78%,1.86,50%,,4.47,50%,60%,1.1,"6' 3""",205 lbs.,--,Orthodox,"Jul 23, 1991"
047a91d3d9c79b05,8-3-0,4.59,48%,5.54,51%,,2.28,66%,100%,0.0,"5' 9""",145 lbs.,"71""",Orthodox,"Feb 20, 1993"
c7c39e2fb70248b3,13-8-0,3.11,46%,2.76,53%,,0.68,30%,38%,0.5,"5' 6""",135 lbs.,"64""",Orthodox,"Dec 01, 1986"
e06fd1260ac865a7,0-5-1,0.00,0%,3.13,25%,,0.00,0%,0%,0.0,"5' 11""",205 lbs.,--,Orthodox,"Mar 28, 1967"
d802174b0c0c1f4e,21-2-1 (1 NC),3.65,52%,2.59,56%,,0.79,22%,87%,0.0,"6' 3""",205 lbs.,"75""",Orthodox,"Jun 02, 1992"
af997f7611673880,20-8-0,2.08,55%,4.21,40%,,5.08,36%,0%,1.4,"5' 11""",205 lbs.,"70""",Orthodox,"Feb 09, 1987"
25b31165758402dd,12-3-0,5.73,52%,5.00,69%,,0.00,0%,100%,0.0,"5' 5""",125 lbs.,"63""",Orthodox,"Feb 28, 1982"
dbd198f780286aca,1-4-0,1.09,50%,7.64,50%,,0.00,0%,0%,0.0,--,205 lbs.,--,Orthodox,"Oct 04, 1998"
cc49ada1ea955b13,16-7-0,5.49,48%,14.27,43%,,0.00,0%,0%,0.0,"6' 0""",170 lbs.,"72""",Orthodox,"Dec 28, 1994"
78d48d3874dacafd,14-5-0,2.47,42%,2.47,69%,,0.65,100%,0%,0.0,"6' 1""",251 lbs.,--,Orthodox,"Aug 05, 1981"
4665f9f909cd7214,10-3-0,3.23,58%,3.75,45%,,1.83,16%,75%,0.0,"5' 7""",170 lbs.,"70""",Orthodox,"Dec 01, 1985"
031da10a00c8ccd4,16-7-1,1.73,35%,4.23,51%,,3.17,35%,71%,0.6,"5' 7""",145 lbs.,"67""",Orthodox,"Jan 21, 1997"
79ded75550efc139,39-7-0 (1 NC),0.97,58%,1.25,58%,,2.54,41%,60%,4.0,"5' 11""",154 lbs.,--,Southpaw,"May 09, 1983"
7d420039bbfe7c1a,26-13-0 (1 NC),4.40,49%,5.66,46%,,1.11,46%,59%,0.2,"5' 7""",135 lbs.,"69""",Orthodox,"Jun 25, 1993"
0c1a04afca64e38f,15-7-0,1.35,40%,11.50,32%,,0.00,0%,33%,0.0,"5' 10""",255 lbs.,--,Southpaw,"Jun 19, 1983"
1ccff7f0cfdf85eb,10-3-0,0.00,0%,0.54,81%,,0.00,0%,0%,8.1,"6' 0""",170 lbs.,--,Orthodox,"Aug 26, 1977"
269d103c96a4c3a5,15-15-5,8.79,27%,10.29,39%,,0.00,0%,0%,0.0,"5' 10""",145 lbs.,--,Southpaw,"Oct 05, 1979"
73ef22f25d0f70e2,7-1-0,1.80,35%,2.83,50%,,2.50,62%,83%,0.0,"5' 10""",170 lbs.,--,Orthodox,"Dec 02, 1977"
71002dbc1743b9a7,18-10-1 (2 NC),2.37,45%,2.66,64%,,0.93,47%,41%,0.7,"5' 8""",135 lbs.,"73""",Orthodox,"Feb 09, 1988"
dbea8c1cb327ab3d,25-9-0 (1 NC),1.52,42%,2.86,49%,,0.86,15%,22%,0.6,"6' 1""",170 lbs.,"77""",Orthodox,"Dec 06, 1980"
36541f1e6c5d4955,13-7-0,3.84,47%,4.83,55%,,1.72,43%,75%,0.6,"5' 4""",125 lbs.,"68""",Orthodox,"Nov 21, 1986"
1291edf2d566a71a,19-6-0,4.36,36%,3.05,68%,,0.46,28%,96%,0.3,"5' 7""",145 lbs.,"70""",Southpaw,"Oct 27, 1989"
d25e39e74efb0a77,15-7-0,1.53,46%,2.73,51%,,0.00,0%,50%,1.0,"5' 8""",145 lbs.,--,,"Oct 15, 1981"
87f8699fdcc2c404,12-7-0,7.00,46%,4.97,61%,,1.08,50%,85%,0.2,"5' 3""",115 lbs.,"62""",Orthodox,"Apr 19, 1992"
9c9455912d917e4e,7-4-0,0.00,0%,0.00,0%,,0.00,0%,0%,0.0,--,155 lbs.,--,,"Mar 06, 1985"
db3c4a884d704efe,0-0-0,0.00,0%,0.00,0%,,0.00,0%,0%,0.0,--,170 lbs.,--,,"Jan 29, 1993"
e4ba58725825412d,9-3-0 (2 NC),2.48,43%,3.44,50%,,4.36,35%,55%,1.4,"5' 7""",135 lbs.,"68""",Southpaw,"Aug 13, 1993"
90063913321e7670,5-0-0,0.00,0%,0.00,0%,,0.00,0%,0%,0.0,--,155 lbs.,--,,--
e0e1801e8721af17,10-2-2,5.07,43%,5.40,47%,,1.00,50%,60%,0.0,"5' 3""",125 lbs.,"63""",Orthodox,"Dec 07, 1998"
9a7ffa80766caa51,6-1-0,1.84,44%,8.97,43%,,0.00,0%,50%,0.0,"6' 2""",185 lbs.,"75""",Orthodox,"Sep 11, 1989"
3738e68d2261e60f,34-24-0 (2 NC),3.82,45%,3.22,57%,,0.37,35%,76%,0.2,"6' 3""",240 lbs.,"77""",Orthodox,"Feb 04, 1979"
1effd880e1f1bb30,10-5-0,5.35,53%,3.64,56%,,1.10,50%,64%,0.6,"5' 6""",135 lbs.,"70""",Orthodox,"Oct 09, 1996"
30ad2050273d016a,5-2-0,0.00,0%,0.00,0%,,0.00,0%,0%,0.0,--,--,--,,--
bf0e700106d00e55,16-6-0,4.52,41%,6.38,62%,,0.44,18%,57%,0.2,"6' 0""",145 lbs.,"72""",Orthodox,"Oct 22, 1991"
05fbfe628658c538,14-5-0,1.66,48%,1.15,57%,,2.41,48%,58%,1.2,"5' 11""",205 lbs.,--,Orthodox,"Jul 17, 1978"
a90c200c3fbb22c4,6-1-0,8.92,68%,6.49,38%,,12.16,100%,0%,0.0,"5' 10""",185 lbs.,"72""",Orthodox,"Jun 06, 1996"
770b9d4813c25902,7-3-0,1.56,34%,1.63,56%,,3.05,75%,37%,1.0,"5' 11""",205 lbs.,--,Orthodox,"May 28, 1975"
c136b2a8852da5bd,23-11-1,2.32,45%,4.01,56%,,1.07,100%,33%,0.4,"5' 10""",155 lbs.,"71""",Southpaw,"Jan 14, 1983"
de62052b2ede65ba,3-3-0,1.62,47%,2.01,58%,,2.12,36%,100%,5.3,"5' 10""",170 lbs.,"72""",Orthodox,"Sep 01, 1982"
61fb8098ccf81c7f,9-5-0,2.82,66%,2.02,50%,,1.14,41%,41%,0.2,"6' 3""",185 lbs.,"73""",Orthodox,"Jul 01, 1989"
2dea80c069847321,1-1-0,0.06,10%,2.45,32%,,0.00,0%,0%,0.0,"5' 9""",190 lbs.,--,Southpaw,"Dec 23, 1970"
91e3388e69060e69,3-1-0,3.20,36%,1.92,65%,,0.00,0%,40%,0.0,"5' 7""",125 lbs.,--,,--
49f78022126bf4a4,8-3-0,5.37,45%,5.20,56%,,7.32,75%,0%,2.4,"5' 11""",155 lbs.,--,Orthodox,"Jan 31, 1991"
d33da8a3d82bdb62,22-6-0,2.53,34%,3.34,52%,,0.00,0%,50%,0.0,"5' 8""",135 lbs.,"69""",Orthodox,"Oct 31, 1993"
a373085066dbfb54,14-5-0,7.27,61%,6.80,28%,,0.00,0%,100%,0.0,"6' 1""",185 lbs.,"73""",Switch,"Dec 27, 1989"
d26a0988c9dc9886,11-3-1,0.00,0%,0.00,0%,,0.00,0%,0%,0.0,"5' 6""",125 lbs.,--,,"Jan 14, 1992"
c739c2995a275314,8-2-0,2.88,50%,4.78,50%,,3.24,38%,64%,0.0,"5' 9""",155 lbs.,"69""",Orthodox,"Mar 31, 1995"
8be9deb7d6b36354,7-6-0,0.00,0%,0.00,0%,,0.00,0%,0%,0.0,"5' 6""",135 lbs.,--,,"Jul 31, 1992"
2abc414136504554,11-1-0,0.00,0%,0.00,0%,,0.00,0%,0%,0.0,"5' 7""",145 lbs.,"69""",Orthodox,"Aug 19, 1994"
b1d19449397541dc,14-1-1,3.05,54%,2.80,57%,,2.60,24%,66%,0.4,"5' 6""",125 lbs.,"67""",Orthodox,"Oct 09, 1992"
9be6020024133293,9-4-0,3.35,39%,5.82,35%,,4.41,62%,100%,0.9,"6' 0""",247 lbs.,"74""",Orthodox,"Dec 24, 1985"
5c10da56d712ac9c,23-1-0,2.00,26%,4.13,56%,,0.00,0%,66%,0.0,"5' 8""",145 lbs.,"69""",Orthodox,"Feb 13, 1995"
06827d70c53ff0d9,14-4-0,3.03,46%,3.52,52%,,0.44,18%,65%,0.7,"6' 3""",185 lbs.,"75""",Southpaw,"May 20, 1988"
0b31f87be71ebbb1,19-2-0 (1 NC),3.64,49%,5.66,36%,,4.33,55%,0%,0.9,"5' 11""",170 lbs.,"73""",Orthodox,"Jul 18, 1984"
6e8f1bcdda94ff45,14-4-0,5.75,48%,3.96,56%,,0.00,0%,87%,0.0,"6' 3""",205 lbs.,"77""",Orthodox,"Apr 23, 1996"
399afbabc02376b5,15-3-0 (1 NC),7.63,67%,3.62,56%,,2.62,80%,100%,1.3,"6' 5""",255 lbs.,"78""",Orthodox,"Apr 11, 1993"
e56cee1ad697db04,7-2-0,10.05,51%,6.64,50%,,0.00,0%,100%,0.0,"6' 5""",260 lbs.,"78""",Orthodox,"Jul 16, 1998"
ff222167cce02919,8-4-0,1.27,43%,3.20,36%,,2.00,50%,66%,1.0,"6' 2""",185 lbs.,--,Orthodox,"May 23, 1992"
d0d7160824278840,16-6-0,3.31,62%,2.06,44%,,2.43,24%,66%,0.7,"5' 9""",145 lbs.,"72""",Orthodox,"Jun 24, 1981"
2f13e4020cea5b38,28-10-0,3.22,42%,2.50,66%,,1.65,39%,78%,0.2,"5' 5""",135 lbs.,"66""",Orthodox,"Jul 19, 1982"
01c9e4013afce141,11-5-0,7.60,42%,7.03,52%,,0.24,25%,55%,0.0,"5' 8""",145 lbs.,"69""",Orthodox,"Sep 27, 2000"
fd7acf42bd6e7e95,17-1-0,0.87,41%,3.14,49%,,1.00,33%,0%,0.0,"6' 1""",230 lbs.,--,Orthodox,"Mar 12, 1979"
210935fd21670f6d,10-5-0,2.28,47%,2.13,59%,,0.74,37%,75%,0.0,"5' 10""",170 lbs.,"72""",Orthodox,"Jun 16, 1977"
55ee431411ccf07a,11-5-0,2.48,51%,2.97,55%,,2.36,33%,70%,0.5,"5' 9""",155 lbs.,"70""",Southpaw,"Feb 23, 1989"
196ed28337adc630,11-2-1,1.17,12%,4.31,41%,,0.80,50%,0%,0.0,"6' 0""",155 lbs.,--,Orthodox,"Apr 16, 1986"
4d3b08ab127c7585,6-2-0 (1 NC),0.00,0%,0.00,0%,,0.00,0%,0%,0.0,"6' 3""",251 lbs.,--,,"Mar 28, 1992"
04643fd03d9159cc,22-10-0,1.42,33%,2.27,59%,,1.69,27%,27%,1.3,"5' 10""",155 lbs.,"74""",Orthodox,"Aug 18, 1973"
956dcac65e7b34d6,2-1-0,3.33,25%,10.00,57%,,0.00,0%,0%,0.0,"5' 9""",185 lbs.,--,Orthodox,"Jul 07, 1981"
8753e125f4499816,8-7-0 (1 NC),2.34,47%,3.36,43%,,2.37,80%,50%,1.8,"6' 0""",170 lbs.,"74""",Orthodox,"Jun 30, 1983"
ba5c6eeb8ef45f5c,18-15-0,0.00,0%,0.00,0%,,0.00,0%,0%,0.0,"6' 1""",170 lbs.,--,,"May 17, 1982"
033d19259f589457,13-5-0,0.00,0%,0.00,0%,,0.00,0%,0%,0.0,"5' 7""",145 lbs.,--,,"Dec 29, 1988"
4665cbf36b08193b,5-4-0,2.37,30%,4.17,48%,,0.00,0%,46%,0.0,"5' 10""",145 lbs.,--,Orthodox,"Jan 16, 1993"
86d9dbe1bfcbade7,9-4-0,2.81,42%,3.28,55%,,0.63,37%,52%,0.2,"5' 7""",135 lbs.,"68""",Orthodox,"May 11, 1988"
da603332ad41f165,20-9-0,2.13,26%,1.87,60%,,0.50,16%,100%,0.5,"5' 11""",155 lbs.,--,,"Jun 07, 1983"
26387c19f32dda0f,10-5-0,0.83,25%,5.00,33%,,0.00,0%,0%,0.0,"6' 1""",265 lbs.,--,,"Aug 20, 1988"
6eaec40f724852f4,16-6-0,3.53,37%,3.59,58%,,0.00,0%,50%,0.3,"6' 0""",155 lbs.,"73""",Orthodox,"May 31, 1992"
46d0a888d87d91ac,14-4-1,4.38,43%,4.32,51%,,1.00,37%,42%,0.0,"5' 9""",185 lbs.,"76""",Orthodox,"Mar 10, 1986"
ee18ff42063174df,13-3-0,4.43,44%,4.11,52%,,0.00,0%,100%,0.0,"5' 8""",155 lbs.,"71""",Switch,"Feb 20, 1990"
063649e21bc9d6d5,15-10-0,2.16,39%,2.76,57%,,1.07,50%,45%,0.3,"5' 9""",154 lbs.,--,Orthodox,"Jun 10, 1976"
9bcfb40dbcd50568,17-9-1,0.76,45%,1.97,27%,,2.28,11%,0%,0.0,"6' 3""",161 lbs.,--,Orthodox,"Jun 25, 1981"
2af2f2e26c4c0402,9-2-0,3.92,53%,2.08,58%,,1.97,34%,67%,1.3,"5' 8""",145 lbs.,"69""",Orthodox,"Mar 02, 1992"
39cc64bf0a269db9,11-3-0 (1 NC),1.12,41%,3.65,40%,,2.92,80%,72%,2.2,"6' 1""",145 lbs.,--,Orthodox,"Aug 22, 1989"
fd5b6598a3b70c0a,20-14-0,3.08,31%,3.14,51%,,0.89,16%,48%,0.8,"6' 3""",170 lbs.,"75""",Orthodox,"Oct 26, 1981"
968764372c49eab6,13-3-0,0.00,0%,0.00,0%,,0.00,0%,0%,0.0,--,145 lbs.,--,,--
c0ab242c40decc55,23-5-0,2.82,43%,1.39,71%,,3.37,44%,80%,0.4,"6' 2""",205 lbs.,"74""",Orthodox,"Jun 07, 1983"
4fcf6e0c4e0e6664,6-3-0,3.74,71%,4.90,32%,,1.75,12%,100%,0.0,"5' 5""",115 lbs.,--,Orthodox,"Jul 11, 1991"
82d4c957649faf9b,10-4-0,4.09,49%,5.92,46%,,0.36,22%,54%,2.0,"6' 2""",170 lbs.,"74""",Orthodox,"Aug 23, 1992"
3dd92ff9fb0412b3,15-6-0,2.85,42%,3.09,52%,,2.51,36%,65%,0.3,"5' 4""",125 lbs.,"65""",Orthodox,"Jun 10, 1985"
e4d2564ea0e34e2b,11-5-0,3.13,30%,4.56,46%,,0.00,0%,33%,0.0,"6' 1""",155 lbs.,--,Orthodox,"Apr 13, 1985"
a52bc1e62cf0b7c6,8-4-0,4.98,58%,3.15,56%,,0.00,0%,70%,0.0,"5' 9""",145 lbs.,"70""",Southpaw,"Jan 28, 1992"
aec185309b4843d0,24-8-1,2.91,40%,3.23,49%,,1.32,61%,62%,0.3,"5' 11""",170 lbs.,"73""",Orthodox,"Apr 17, 1984"
e4a47b07044ddd72,17-7-0,5.99,46%,4.07,55%,,0.00,0%,70%,0.6,"6' 3""",155 lbs.,"75""",Orthodox,"Aug 27, 1997"
8f313e9c3a39c06e,10-1-1,4.02,45%,4.83,61%,,1.34,66%,100%,0.0,"5' 8""",170 lbs.,"71""",Southpaw,"Sep 12, 1997"
e2b8186b618b00c4,16-11-0,1.56,20%,3.91,69%,,1.50,33%,37%,0.0,"5' 9""",155 lbs.,"75""",Southpaw,"Sep 22, 1982"
34dbcd4dbaf21a36,6-3-0,1.74,40%,0.29,0%,,4.35,100%,0%,4.3,"5' 9""",145 lbs.,--,,--
7d5b12de1625984e,1-1-0,0.00,0%,0.00,0%,,0.00,0%,0%,0.0,"6' 0""",210 lbs.,--,,--
898337ef520fe4d3,18-5-0,1.78,52%,2.83,45%,,0.44,50%,37%,0.9,"6' 3""",185 lbs.,--,Orthodox,"Oct 13, 1985"
371efa53bd0cf669,23-3-0,0.00,0%,0.00,0%,,0.00,0%,0%,0.0,"5' 9""",155 lbs.,--,,--
e626e92a8f2a9737,23-4-0,1.40,33%,2.73,50%,,2.00,20%,66%,0.0,"5' 9""",145 lbs.,"72""",Orthodox,"Mar 31, 1992"
623f2eed9e1495af,11-3-0,0.00,0%,0.00,0%,,0.00,0%,0%,0.0,--,170 lbs.,--,,"Jan 20, 1995"
3497f4c29654862c,7-1-0,2.31,75%,1.54,60%,,0.00,0%,0%,0.0,"5' 4""",125 lbs.,"65""",Orthodox,"Oct 23, 1992"
04b39f4e8eb59d7c,6-4-0,2.45,48%,2.70,55%,,0.94,33%,37%,0.0,"5' 11""",185 lbs.,"78""",Switch,"Aug 04, 1987"
4c4b44e3cf5815b3,5-5-0,4.20,47%,1.15,66%,,0.00,0%,100%,1.9,"6' 0""",145 lbs.,--,,"Dec 07, 1990"
5c2ce761399dc9c5,15-7-0,0.79,50%,5.26,23%,,0.00,0%,0%,0.0,"5' 10""",155 lbs.,--,Orthodox,"Oct 10, 1989"
2c2caf2f2bab9df5,14-7-0 (1 NC),2.22,41%,4.79,41%,,2.90,46%,62%,0.5,"5' 11""",145 lbs.,"71""",Southpaw,"Sep 04, 1994"
9a2d3567abc02e34,18-10-0,2.72,38%,2.07,66%,,0.49,33%,57%,0.5,"5' 9""",155 lbs.,"71""",Switch,"Apr 15, 1983"
c50ea21fe9ef478d,2-1-0,0.00,0%,0.00,0%,,0.00,0%,0%,0.0,--,--,--,,--
9c442aaf149ea982,7-3-0,3.85,44%,3.25,45%,,0.00,0%,47%,0.5,"5' 5""",115 lbs.,"65""",Switch,"Oct 23, 1993"
9ddfb3369a3b0394,20-11-1,2.69,33%,3.15,58%,,1.62,62%,86%,0.4,"5' 5""",135 lbs.,"63""",Orthodox,"Sep 23, 1979"
1c23ec2f1b71be40,9-0-0,11.35,57%,8.65,52%,,0.00,0%,100%,0.0,"6' 0""",205 lbs.,"73""",Orthodox,"Nov 20, 1998"
2c99576fefe53c7c,34-9-0 (1 NC),3.78,36%,3.90,57%,,1.49,41%,91%,0.5,"5' 6""",145 lbs.,"70""",Orthodox,"Jan 31, 1987"
06dced58ca24a6bd,9-3-1,4.03,33%,8.46,34%,,0.00,0%,0%,0.0,"5' 10""",170 lbs.,--,Orthodox,"Jan 25, 1982"
6a740daf1b279661,15-3-0,4.56,53%,2.78,55%,,1.56,45%,51%,0.1,"5' 5""",125 lbs.,"65""",Switch,"May 18, 1998"
a331233f597090a5,18-12-0,5.35,48%,4.59,44%,,0.13,22%,50%,0.3,"6' 0""",185 lbs.,"72""",Southpaw,"May 03, 1989"
d4baaa0630bf5798,7-1-0 (1 NC),3.64,40%,4.55,66%,,0.00,0%,0%,0.0,"6' 3""",185 lbs.,"79""",Orthodox,"Aug 09, 1997"
27b388f0aab49780,9-4-0,2.21,45%,2.40,64%,,2.40,44%,63%,1.7,"5' 6""",125 lbs.,"66""",Orthodox,"May 08, 1992"
c85bad793cd14e28,18-2-0,7.01,47%,6.65,52%,,0.00,0%,100%,0.0,"5' 6""",145 lbs.,"70""",Orthodox,"May 22, 1998"
64a50dad704d1d49,24-14-0,4.14,44%,4.68,55%,,0.43,50%,73%,0.1,"5' 11""",155 lbs.,"75""",Orthodox,"Jan 21, 1986"
b9f28e7045fdfce7,22-5-0,4.65,51%,4.24,60%,,2.51,31%,87%,0.7,"5' 7""",135 lbs.,"67""",Orthodox,"May 01, 1987"
e8fe9c15d348e778,17-8-0,4.60,48%,6.93,50%,,1.71,29%,80%,0.5,"5' 6""",125 lbs.,"66""",Orthodox,"Dec 10, 1988"
b7c5eb7cdbac6a63,9-2-0,5.81,51%,4.65,52%,,0.00,0%,100%,0.0,"6' 2""",185 lbs.,"79""",Southpaw,"Aug 02, 1995"
172c2135e70f87b7,13-4-0,4.43,36%,3.87,59%,,0.63,42%,63%,0.4,"6' 6""",185 lbs.,"77""",Orthodox,"Apr 13, 1988"
c06a5c95f1169c0b,14-5-0,0.57,34%,3.02,39%,,1.08,16%,40%,0.0,"5' 8""",135 lbs.,"71""",Orthodox,"May 28, 1982"
78a5eea49638685d,11-2-0,2.86,29%,8.93,51%,,5.36,100%,100%,5.4,"5' 11""",170 lbs.,--,,--
e575b6ff678c1aca,6-2-1,2.32,38%,1.55,67%,,0.00,0%,60%,0.0,"5' 11""",185 lbs.,"76""",Southpaw,"Feb 09, 1987"
ad3f53c454cbbead,35-8-0,3.20,50%,2.11,57%,,1.26,55%,55%,1.4,"6' 3""",250 lbs.,"78""",Orthodox,"Nov 10, 1977"
7a5e8c94a86f9895,23-10-0,3.36,47%,6.55,36%,,0.00,0%,35%,0.0,"5' 9""",261 lbs.,"75""",Orthodox,"Jun 14, 1986"
91e69a1c3c87325b,2-3-0,0.00,0%,0.00,0%,,0.00,0%,0%,0.0,--,--,--,,"Oct 25, 1987"
80c0bed43da0e27b,17-4-1,1.17,30%,2.10,56%,,0.00,0%,14%,0.7,"5' 6""",155 lbs.,--,Switch,"Feb 15, 1973"
1652f3213655b935,15-18-0,2.77,45%,3.93,40%,,1.46,47%,60%,0.5,"5' 9""",170 lbs.,"72""",Orthodox,"Apr 16, 1976"
f12f979b657ab876,3-1-0,0.80,70%,1.20,28%,,1.00,8%,0%,0.0,"5' 9""",170 lbs.,--,Orthodox,"Dec 23, 1980"
a220be6d41d6f97d,14-9-0,0.00,0%,0.00,0%,,0.00,0%,0%,0.0,"6' 4""",230 lbs.,--,Orthodox,"Jul 22, 1968"
c32eab6c2119e989,0-1-0,0.00,0%,0.00,0%,,0.00,0%,0%,0.0,--,185 lbs.,--,Southpaw,--
d21113c9ff3788ae,11-5-0,4.18,61%,4.32,42%,,1.39,22%,66%,0.0,"5' 10""",145 lbs.,"73""",Southpaw,"Aug 10, 1986"
8e9eb3fc86db0f7d,17-11-0 (1 NC),5.65,47%,5.94,49%,,0.34,28%,68%,0.1,"6' 1""",185 lbs.,"74""",Orthodox,"Feb 18, 1990"
e6015889f50075d2,4-8-0,0.00,0%,0.00,0%,,0.00,0%,0%,0.0,"5' 6""",145 lbs.,--,,--
8fd1f27e86661ede,22-11-0,0.98,40%,4.05,36%,,1.84,50%,100%,0.0,"5' 9""",170 lbs.,--,Southpaw,"Nov 19, 1976"
d26394fc0e8e880a,2-2-0,0.00,0%,8.22,31%,,0.00,0%,100%,0.0,"6' 1""",205 lbs.,--,,"Mar 22, 1976"
b69f24c500d783e7,19-7-0 (1 NC),2.77,52%,3.07,59%,,2.22,24%,83%,0.0,"6' 1""",205 lbs.,"75""",Orthodox,"Feb 28, 1980"
658c3465581ae46b,8-7-0,2.72,52%,3.54,59%,,0.00,0%,76%,0.2,"5' 11""",235 lbs.,"74""",Orthodox,"Jul 07, 1979"
a6f3d15cb84334bb,4-2-0,9.31,40%,4.66,51%,,0.00,0%,100%,0.0,"5' 10""",170 lbs.,"72""",Orthodox,"Jul 03, 1992"
be0b310a12eb80b4,17-5-2,3.91,41%,2.97,68%,,4.20,45%,66%,0.3,"5' 7""",145 lbs.,"70""",Orthodox,"Apr 28, 1989"
bbab3baf66128ae2,15-2-0 (1 NC),5.18,54%,2.75,63%,,1.83,40%,83%,0.1,"5' 9""",135 lbs.,"69""",Orthodox,"Sep 07, 1995"
a09ed60aa67a3f67,15-0-0,4.25,52%,2.89,62%,,3.34,44%,54%,0.3,"5' 8""",135 lbs.,"71""",Orthodox,"Aug 02, 1997"
d3f89fa685bd8420,14-1-0,1.75,47%,2.34,48%,,7.81,41%,62%,1.7,"5' 6""",145 lbs.,"70""",Orthodox,"Sep 29, 2001"
1cecc8fe6748a532,11-2-0,4.87,52%,5.87,55%,,0.00,0%,0%,0.0,"5' 9""",145 lbs.,--,Orthodox,"Nov 14, 1982"
2c733e059462c1dc,0-4-0,0.00,0%,0.00,0%,,0.00,0%,0%,0.0,--,155 lbs.,--,,--
29508aff4d93cbbe,6-7-0 (1 NC),0.00,0%,0.00,0%,,0.00,0%,0%,0.0,"5' 5""",135 lbs.,--,,"Sep 07, 1979"
8ef4a91ac694b7ce,15-11-0,2.49,30%,6.36,51%,,0.67,18%,44%,1.3,"5' 7""",135 lbs.,--,Orthodox,"Aug 08, 1980"
e1f8beeb6d2d871a,10-1-0,4.44,45%,3.42,48%,,2.85,30%,100%,0.9,"5' 4""",125 lbs.,"68""",Orthodox,"Dec 29, 2000"
34218661c44ed55d,4-1-0 (1 NC),0.00,0%,4.03,40%,,6.72,50%,0%,0.0,"6' 3""",260 lbs.,--,Orthodox,"Apr 20, 1984"
f626118b6da0e020,13-2-0 (1 NC),5.12,52%,4.11,44%,,0.77,17%,53%,0.4,"6' 1""",185 lbs.,"77""",Orthodox,"Sep 21, 1994"
c9a94278df042f46,8-3-0 (2 NC),5.36,58%,4.82,46%,,0.00,0%,62%,0.0,"6' 3""",243 lbs.,"79""",Orthodox,"Feb 01, 1988"
bc711b6dd95c1af6,17-3-0,5.30,48%,3.98,54%,,1.91,38%,55%,0.8,"5' 9""",135 lbs.,"69""",Switch,"Jul 01, 1993"
55f446032177b119,10-5-0,3.45,35%,3.18,61%,,1.60,58%,78%,0.2,"5' 7""",125 lbs.,"69""",Orthodox,"Aug 06, 1985"
3a6ac598320ca7f2,7-2-0,0.00,0%,5.77,28%,,0.00,0%,0%,0.0,"6' 2""",185 lbs.,"78""",Orthodox,"Nov 05, 1989"
74f13066b1417ef3,16-15-0,1.27,29%,2.53,50%,,0.00,0%,0%,0.0,"5' 11""",170 lbs.,--,Southpaw,"Jan 19, 1979"
4fd76e7ba8313457,5-2-0,4.57,31%,3.83,58%,,0.00,0%,66%,0.0,"5' 9""",155 lbs.,--,,--
b96939f2b8d88e82,4-5-0,4.44,34%,4.31,64%,,0.00,0%,0%,0.0,"5' 6""",125 lbs.,"66""",Southpaw,"Sep 16, 1990"
b5a379583673510a,13-6-0,1.01,39%,5.82,26%,,1.68,50%,0%,0.0,"5' 10""",155 lbs.,"71""",Orthodox,"Dec 20, 1992"
93bf96be327fcd98,13-3-0,0.80,51%,0.00,100%,,3.43,66%,100%,2.6,"5' 6""",145 lbs.,--,Orthodox,"Feb 06, 1970"
ce05955c26c3c090,6-7-0,6.37,35%,8.54,52%,,0.00,0%,0%,0.0,"6' 2""",239 lbs.,--,,"Sep 11, 1984"
ffc3e6daaa6da0b7,21-13-1 (1 NC),4.53,50%,1.75,63%,,1.83,62%,62%,0.0,"5' 10""",135 lbs.,"71""",Orthodox,"Jan 06, 1983"
40a456a25d52ee65,14-5-0,6.23,47%,5.50,52%,,0.00,0%,75%,0.2,"5' 11""",155 lbs.,"74""",Orthodox,"Jan 13, 1997"
b16a7e6a627e9789,24-13-1,2.17,38%,1.64,69%,,2.49,42%,41%,0.9,"5' 7""",135 lbs.,"67""",Orthodox,"Mar 29, 1985"
babc6b5745335f18,24-3-0,1.98,55%,1.61,54%,,2.10,23%,64%,0.3,"5' 10""",155 lbs.,--,Southpaw,"Feb 05, 1979"
d6ed764f8b78d32a,7-2-1,1.80,40%,7.73,34%,,0.00,0%,25%,2.0,"5' 5""",135 lbs.,"66""",Orthodox,"Nov 23, 1995"
3bc3f60b21cddc6a,20-5-0,4.57,52%,6.83,31%,,3.48,43%,62%,0.0,"6' 0""",185 lbs.,"72""",Orthodox,"Dec 30, 1995"
cbd3e590a85b18c5,13-4-0,2.43,41%,1.80,57%,,3.98,52%,92%,0.4,"5' 8""",145 lbs.,"70""",Orthodox,"Feb 16, 1991"
d7e40dca3ae125be,15-10-0,6.45,41%,6.55,51%,,0.86,62%,64%,0.0,"5' 7""",125 lbs.,"68""",Orthodox,"Jun 26, 1996"
4130a743d9d22163,18-8-0,2.70,41%,3.10,59%,,0.44,26%,55%,0.9,"6' 2""",185 lbs.,"75""",Orthodox,"Apr 24, 1984"
0ee783aa00e468f0,26-14-0 (1 NC),1.59,46%,2.83,50%,,1.02,60%,53%,0.6,"6' 0""",185 lbs.,"74""",Southpaw,"Apr 01, 1977"
7674b836ce0698a0,10-3-0,6.10,64%,2.17,63%,,0.29,100%,66%,0.0,"6' 6""",185 lbs.,"79""",Orthodox,"Jun 02, 1992"
69898645d600abdb,13-3-1 (1 NC),5.37,60%,5.86,46%,,1.38,35%,94%,0.2,"6' 3""",205 lbs.,"75""",Orthodox,"Feb 05, 1996"
c3f6db17cea09ca7,12-5-0,1.52,61%,4.79,41%,,3.50,100%,50%,0.0,"6' 0""",155 lbs.,"74""",Southpaw,"Jul 21, 1994"
46baf0f57edfa4df,17-14-0 (1 NC),4.92,36%,5.27,54%,,0.48,18%,75%,0.0,"6' 1""",185 lbs.,"75""",Orthodox,"Dec 08, 1981"
ec71a892fada28c7,8-6-0,2.07,37%,1.93,63%,,0.70,50%,46%,0.2,"5' 8""",125 lbs.,"69""",Orthodox,"May 18, 1986"
80eacd4da0617c57,28-8-0,3.52,34%,2.67,61%,,1.41,30%,62%,0.6,"5' 4""",125 lbs.,"65""",Southpaw,"Jul 31, 1984"
a71feb7ea7592a71,1-2-0,0.00,0%,3.32,53%,,0.00,0%,0%,0.0,"6' 0""",215 lbs.,--,Orthodox,"Jul 03, 1966"
9fd1f08dd4aec14a,6-5-1,0.00,0%,0.00,0%,,0.00,0%,0%,0.0,"6' 2""",250 lbs.,--,Orthodox,--
6104730621ff318d,14-11-1 (1 NC),0.00,0%,2.40,57%,,0.00,0%,100%,0.0,"5' 3""",113 lbs.,--,,"Feb 15, 1979"
436f970c9ea9169c,23-13-0,5.26,41%,4.49,63%,,0.22,50%,55%,0.9,"5' 8""",155 lbs.,"71""",Southpaw,"Jun 15, 1988"
8dc4f34c1f50d00d,30-33-2,1.39,39%,1.35,64%,,2.02,100%,36%,2.0,"5' 8""",155 lbs.,--,Orthodox,"Nov 23, 1979"
c3ac8d0da7b05772,11-14-0,2.90,40%,5.80,43%,,1.50,100%,100%,0.0,"6' 4""",259 lbs.,--,Orthodox,--
404ecb2700844072,8-3-1,3.13,58%,3.27,58%,,0.00,0%,0%,1.0,"5' 4""",125 lbs.,"68""",Orthodox,"Nov 18, 1984"
7030c27fc9778964,7-1-0,4.53,54%,4.53,65%,,6.00,60%,0%,0.0,"6' 0""",170 lbs.,"73""",Switch,"May 08, 1994"
5431dccc09118234,7-2-0,3.68,51%,2.70,56%,,1.50,33%,61%,0.0,"5' 11""",170 lbs.,"72""",Southpaw,"Aug 26, 1988"
a30f6d375dea5f9b,11-4-0,0.00,0%,0.00,100%,,0.00,0%,0%,0.0,"5' 9""",170 lbs.,--,Orthodox,"Mar 12, 1982"
20999e27ddd94bda,10-8-0,2.88,39%,3.65,58%,,0.28,22%,72%,0.4,"5' 5""",125 lbs.,"68""",Orthodox,"Aug 25, 1989"
3138df4d117ebc12,7-2-0,0.00,0%,0.00,0%,,0.00,0%,0%,0.0,--,115 lbs.,--,,"Mar 21, 1995"
a25f3dc0df974597,3-5-3,0.00,0%,0.00,0%,,0.00,0%,0%,0.0,"5' 9""",155 lbs.,--,,"Jul 14, 1974"
592d23aed850e652,10-6-0,0.00,0%,0.00,0%,,0.00,0%,0%,0.0,"5' 9""",155 lbs.,--,,"Nov 30, 1982"
21b1132949f2a9b0,21-23-2 (1 NC),1.00,27%,3.26,36%,,0.84,40%,16%,1.7,"5' 11""",170 lbs.,--,Orthodox,"May 20, 1973"
feef5f8f5629e5e7,8-4-0,3.49,35%,10.78,33%,,0.00,0%,0%,0.0,"5' 11""",170 lbs.,"75""",Switch,"Apr 09, 2000"
aa8189053b3a8994,8-0-0 (1 NC),4.56,75%,1.27,28%,,0.00,0%,0%,0.0,"6' 2""",205 lbs.,"74""",Orthodox,"Jun 26, 1989"
2891c9f7b26b26fc,6-1-1,2.78,52%,2.78,37%,,4.17,100%,50%,4.2,"5' 9""",170 lbs.,--,,"Nov 24, 1973"
e3779ef06e98f185,5-1-0 (1 NC),3.58,36%,4.81,62%,,1.76,40%,0%,0.0,"6' 0""",205 lbs.,--,Orthodox,"Nov 14, 1985"
6f242453c91a5af0,17-9-0,4.42,46%,3.07,59%,,3.89,40%,82%,1.1,"5' 6""",155 lbs.,"66""",Orthodox,"Dec 13, 1986"
2dc1bc1a02961656,14-2-0,2.92,61%,2.68,46%,,3.06,54%,0%,3.1,"5' 10""",145 lbs.,"71""",Orthodox,"Jul 16, 1994"
5b2325cd70dbe2ea,6-4-0,3.12,42%,4.04,55%,,1.62,22%,28%,0.5,"5' 4""",135 lbs.,"68""",Orthodox,"Mar 04, 1987"
b3bbe88fecd6a0d2,0-1-0,0.00,0%,0.00,0%,,0.00,0%,0%,0.0,--,--,--,,--
0b935b9bbbe5fc07,15-14-1 (1 NC),0.27,12%,6.27,28%,,0.00,0%,0%,0.0,"6' 1""",185 lbs.,--,,"Oct 25, 1987"
0db70ca89e1c7374,0-3-0,0.00,0%,0.00,0%,,0.00,0%,0%,0.0,"5' 9""",200 lbs.,--,,--
66766984842c13dc,17-12-1,1.76,36%,4.62,47%,,5.47,40%,0%,2.7,"5' 6""",155 lbs.,--,Orthodox,"Jul 05, 1983"
aebfb84d1f6d2d8c,4-3-0,0.92,80%,0.92,33%,,6.87,100%,0%,3.4,"5' 8""",155 lbs.,--,Orthodox,"Aug 25, 1974"
8ba8e8d7eafa7267,5-1-0,4.40,46%,6.80,67%,,2.00,28%,0%,1.0,"6' 2""",205 lbs.,--,Orthodox,"Sep 29, 1989"
3f24c96753dbd9f9,4-6-0,0.00,0%,0.00,0%,,0.00,0%,0%,0.0,"6' 4""",245 lbs.,--,,"Oct 05, 1965"
0b8d512c79b4baf3,22-9-0 (1 NC),4.36,41%,4.45,58%,,0.64,28%,61%,0.3,"5' 10""",145 lbs.,"70""",Orthodox,"Dec 28, 1984"
e05f4ce199baca91,10-4-0,6.15,29%,10.00,43%,,0.00,0%,0%,0.0,"6' 6""",185 lbs.,"76""",,"Jul 16, 1988"
a524710c3ef918fa,7-5-0,0.00,0%,0.00,0%,,0.00,0%,0%,0.0,--,170 lbs.,--,,"Mar 10, 1980"
7e511f8d842a109d,9-1-0,2.33,56%,3.25,59%,,1.73,75%,100%,0.0,"6' 1""",245 lbs.,"75""",Orthodox,"May 13, 1986"
9cd047a828dd7515,8-2-0,4.31,49%,5.39,45%,,0.00,0%,0%,0.0,"6' 4""",185 lbs.,"78""",Switch,"Oct 12, 1991"
87f19d19f4cb73f8,14-2-0,3.60,51%,1.83,52%,,2.85,40%,75%,0.0,"5' 5""",125 lbs.,"65""",Orthodox,"Aug 22, 1988"
1efa064872f089d0,24-12-0,1.11,57%,1.64,54%,,2.65,63%,14%,0.0,"5' 10""",155 lbs.,"71""",Orthodox,"Jun 06, 1979"
5095b0920a3602aa,8-2-1,3.81,48%,4.15,53%,,0.31,7%,71%,0.6,"5' 8""",145 lbs.,"68""",Switch,"Jul 12, 1990"
ebbf571f349e79d9,9-1-1,3.71,60%,3.36,57%,,0.00,0%,100%,0.0,"5' 11""",145 lbs.,"75""",Switch,"May 22, 1990"
b3b6e80b7d5f8f0d,11-2-0,1.60,62%,7.06,35%,,0.00,0%,50%,0.0,"5' 9""",205 lbs.,--,Orthodox,"Nov 14, 1977"
53f02bbc41d99432,7-9-1,0.00,0%,0.00,0%,,0.00,0%,0%,0.0,"5' 10""",170 lbs.,--,,--
c5a126ace82a6025,16-8-0,3.93,36%,3.67,56%,,0.48,14%,61%,0.5,"5' 8""",135 lbs.,"69""",Orthodox,"May 16, 1986"
8a22c6b4d29880a3,7-4-0,9.35,46%,14.83,35%,,0.00,0%,0%,0.0,"6' 3""",205 lbs.,--,Switch,"Jun 05, 1987"
7b4ae3fd439a05b6,10-3-0,3.91,51%,4.56,33%,,2.41,37%,100%,0.0,"5' 7""",125 lbs.,"67""",Orthodox,"Jun 05, 1995"
2b93ebd9f5417ad2,30-9-0,4.33,38%,2.71,65%,,1.05,43%,63%,0.3,"6' 1""",185 lbs.,"75""",Orthodox,"Feb 28, 1979"
7a359ef685a304a7,5-2-0,0.00,0%,0.00,0%,,0.00,0%,0%,0.0,"5' 9""",185 lbs.,--,Orthodox,"Apr 14, 1969"
a653cb5eb4b39339,14-7-0,0.29,16%,0.57,33%,,0.00,0%,0%,0.0,"6' 0""",185 lbs.,"75""",Orthodox,"May 22, 1991"
dd6ec6f941c3a414,14-4-0,4.15,66%,1.51,46%,,14.15,33%,0%,0.0,"5' 5""",135 lbs.,"65""",Orthodox,"Oct 12, 1994"
27ab7257bf6a3b65,7-1-0,0.00,0%,0.00,0%,,0.00,0%,0%,0.0,--,205 lbs.,--,,"Apr 05, 1991"
99df7d0a2a08a8a8,29-11-2,3.55,50%,3.14,52%,,0.98,48%,69%,0.4,"6' 2""",205 lbs.,"78""",Orthodox,"Feb 24, 1983"
b2f743746e8dcfa2,23-4-1,1.06,47%,2.60,45%,,0.48,33%,28%,6.2,"5' 8""",155 lbs.,--,Orthodox,"Jul 15, 1972"
7e69a4b0961aa555,18-13-1 (1 NC),4.55,35%,3.59,65%,,0.93,50%,76%,0.7,"5' 10""",170 lbs.,"73""",Orthodox,"May 25, 1977"
619d807fa54ae8f7,3-3-0,0.00,0%,0.00,0%,,0.00,0%,0%,0.0,--,--,--,,--
2adb11835acd815b,10-7-0,2.91,61%,2.55,46%,,0.00,0%,75%,0.0,--,205 lbs.,--,Orthodox,--
0e5c79b3594ff0ad,5-1-0,3.70,49%,3.13,55%,,4.00,33%,42%,0.0,"5' 11""",155 lbs.,"75""",Orthodox,"Aug 16, 1993"
da22387a0407a2dc,17-8-1,4.33,45%,4.19,52%,,1.48,33%,71%,1.5,"5' 10""",135 lbs.,"72""",Switch,"Aug 12, 1994"
0f4a536507f33576,7-4-0,4.31,39%,5.39,55%,,0.00,0%,100%,0.0,"5' 10""",155 lbs.,"71""",Orthodox,"Oct 14, 1998"
669970f7feba8ecd,14-2-0,5.24,44%,4.25,58%,,1.96,34%,78%,0.9,"5' 4""",125 lbs.,"66""",Orthodox,"May 04, 1999"
4a1329cc8eb0928a,12-8-1 (1 NC),4.11,44%,3.19,66%,,1.85,36%,63%,0.3,"5' 8""",145 lbs.,"71""",Orthodox,"Oct 16, 1983"
ebf298f8ac7e232b,2-0-0,0.00,0%,0.00,0%,,0.00,0%,0%,0.0,"5' 7""",145 lbs.,--,,--
fa6796c55d6c5440,19-6-0 (1 NC),4.18,52%,2.76,53%,,5.12,47%,35%,0.0,"6' 4""",265 lbs.,"80""",Orthodox,"Feb 18, 1991"
59c438c81fbf3ece,7-2-0,2.92,51%,2.14,43%,,1.72,22%,83%,0.7,"5' 9""",125 lbs.,"71""",Orthodox,"Nov 30, 2001"
35d6337320a4ae48,9-6-0,2.31,43%,2.10,43%,,0.00,0%,55%,0.6,"5' 5""",145 lbs.,--,,"Apr 11, 1983"
ecdf14f4f8643d39,6-3-0,1.82,28%,5.18,50%,,0.00,0%,0%,0.0,"5' 8""",135 lbs.,--,Orthodox,"Aug 16, 1983"
046a85108610c0d2,3-1-0,0.00,0%,52.50,12%,,0.00,0%,0%,0.0,"6' 0""",205 lbs.,--,Orthodox,"Feb 29, 1988"
f348d05403fad037,17-9-0,2.06,44%,1.74,34%,,2.44,42%,0%,1.6,"6' 2""",345 lbs.,--,Southpaw,"Jan 26, 1970"
cf9d24e4bd0cf2ce,12-5-0,2.34,43%,2.32,60%,,3.65,36%,31%,1.3,"5' 8""",155 lbs.,"75""",Orthodox,"Oct 24, 1981"
c5af5750e8bae4f0,8-5-0,2.63,31%,5.11,58%,,1.14,15%,62%,0.0,"5' 7""",145 lbs.,"70""",Orthodox,"Feb 05, 1987"
984d15d5dc7bfcf9,8-3-0,0.65,26%,3.64,21%,,0.00,0%,0%,0.0,"6' 4""",205 lbs.,"81""",Orthodox,"Feb 13, 1989"
1afd74f8cb0719f3,0-2-0,0.00,0%,0.00,0%,,0.00,0%,0%,0.0,--,--,--,,--
c80095f6092271a7,21-13-0,2.93,50%,2.90,57%,,1.45,34%,59%,0.8,"6' 0""",185 lbs.,"74""",Orthodox,"Jan 28, 1981"
8a56ea383fd26e52,5-3-0,3.63,45%,3.63,54%,,2.37,100%,50%,0.0,"5' 11""",170 lbs.,"72""",Switch,"May 22, 1982"
53c21779d84ceb75,6-6-0,0.00,0%,0.00,0%,,0.00,0%,0%,0.0,--,145 lbs.,--,,--
d61316139d68dbe3,10-1-0,3.33,42%,4.40,44%,,1.00,9%,50%,0.0,"5' 8""",155 lbs.,"73""",Orthodox,"Dec 15, 1990"
70a1c7626b5e0599,8-5-0,0.00,0%,0.00,0%,,0.00,0%,0%,0.0,"6' 4""",260 lbs.,--,,--
93892752c5fc23ca,11-4-0,0.00,0%,0.00,0%,,0.00,0%,0%,0.0,"5' 11""",199 lbs.,--,Orthodox,"Feb 12, 1974"
297a2b35444c245b,8-2-0 (1 NC),2.51,45%,3.24,60%,,0.72,18%,75%,0.7,"5' 7""",125 lbs.,"71""",Orthodox,"Jul 30, 1989"
d227958e8a0c1466,25-11-2,2.47,42%,2.80,53%,,0.00,0%,0%,0.0,"5' 9""",154 lbs.,--,Orthodox,"May 27, 1977"
96924b0019b3aff1,9-5-0,3.91,47%,3.54,54%,,0.75,75%,50%,0.0,"5' 7""",145 lbs.,"69""",Orthodox,"Sep 14, 1992"
3f773caad71c4131,6-1-0,3.26,29%,7.83,52%,,0.00,0%,0%,0.0,"5' 5""",125 lbs.,"67""",Orthodox,"Dec 25, 2002"
9d455d5cfe6a0e35,8-4-0,7.27,52%,7.27,45%,,0.00,0%,0%,0.0,"6' 2""",185 lbs.,--,,--
2526be54e6a0e62a,14-5-0,4.59,50%,5.16,56%,,3.99,58%,62%,0.0,"5' 6""",125 lbs.,"69""",Orthodox,"Jun 27, 1992"
8691881b31c16b88,5-2-2,3.35,51%,2.04,62%,,0.00,0%,0%,1.8,"6' 2""",205 lbs.,--,,--
702a72aa7a266d86,16-3-1 (1 NC),0.62,33%,12.62,10%,,0.00,0%,0%,0.0,"6' 2""",185 lbs.,--,,"Oct 20, 1972"
01641ba5df0c69b0,20-1-0,4.76,47%,3.61,64%,,2.57,53%,78%,1.0,"6' 1""",170 lbs.,"72""",Orthodox,"Aug 20, 1997"
eb393afdbe3293d5,20-6-0,5.51,54%,3.71,65%,,1.06,33%,76%,0.0,"5' 8""",155 lbs.,"71""",Orthodox,"Dec 28, 1995"
934de214814b8ff4,16-5-1,2.91,62%,1.01,50%,,1.51,33%,33%,0.0,"6' 0""",185 lbs.,--,Orthodox,"Aug 28, 1980"
d311fbefff44a39b,4-4-0,0.47,12%,0.47,94%,,0.00,0%,0%,0.0,"5' 10""",145 lbs.,--,,--
c6a33ff198aaaeeb,15-9-0,2.76,38%,3.01,52%,,1.32,40%,60%,1.0,"6' 4""",205 lbs.,"79""",Orthodox,"Apr 04, 1977"
07a2bdaa0afdd831,16-4-0 (2 NC),2.63,52%,3.27,50%,,2.90,60%,51%,1.0,"5' 5""",125 lbs.,"67""",Orthodox,"Apr 25, 1992"
a4de54ea806fb525,13-5-0,1.52,52%,1.93,48%,,3.89,50%,46%,1.0,"5' 4""",135 lbs.,"63""",Orthodox,"Aug 04, 1993"
0313bf497de9c470,1-1-0,0.00,0%,0.00,0%,,0.00,0%,0%,0.0,"6' 0""",235 lbs.,--,Orthodox,"May 18, 1964"
34b96d52db1d26e6,11-5-0,3.87,42%,5.27,50%,,0.00,0%,72%,0.0,"5' 5""",125 lbs.,"68""",Orthodox,"Dec 06, 1997"
3c85e04b08a05751,7-1-0,0.00,0%,0.00,0%,,0.00,0%,0%,0.0,"5' 8""",170 lbs.,"72""",Switch,"May 24, 1988"
4126a78111c0855a,18-2-0 (1 NC),3.47,56%,2.61,60%,,1.25,50%,76%,0.4,"6' 1""",185 lbs.,"75""",Southpaw,"Jan 16, 1993"
b8fdb2903a2582a8,3-1-0,0.00,0%,1.94,33%,,0.00,0%,0%,0.0,"6' 2""",185 lbs.,"78""",Switch,"Jul 18, 1996"
19c591115a58982c,8-7-1,5.10,50%,4.46,57%,,0.00,0%,43%,0.1,"5' 11""",155 lbs.,"69""",Orthodox,"Jan 08, 1992"
04c8b08b16a5b99e,22-11-1,4.82,53%,3.00,57%,,0.00,0%,69%,0.0,"6' 2""",205 lbs.,"75""",Orthodox,"Aug 02, 1991"
e023fa2e648ea0f1,12-2-0,5.99,52%,5.38,50%,,0.92,33%,100%,0.0,"5' 11""",205 lbs.,"72""",Orthodox,"Jul 29, 1981"
e8fb8e53bc2e29d6,1-3-0,0.00,0%,0.00,0%,,0.00,0%,0%,0.0,"6' 1""",215 lbs.,--,Orthodox,--
239224bedeb2c7a4,6-3-0,0.00,0%,0.00,0%,,0.00,0%,0%,0.0,--,--,--,,--
5c126c6aac3ef364,8-5-0,2.90,58%,2.80,54%,,0.85,57%,76%,0.0,"5' 8""",125 lbs.,"67""",Orthodox,"Dec 15, 1988"
545d549d6bf87187,0-1-0,0.00,0%,1.05,77%,,0.00,0%,0%,0.0,"6' 2""",260 lbs.,--,Orthodox,"Sep 28, 1968"
d5e929c26f25f0d3,7-0-0,2.00,47%,1.67,65%,,0.00,0%,100%,0.0,"6' 5""",185 lbs.,"78""",Southpaw,"Nov 13, 1996"
59851163aaf1aed8,5-4-0,0.27,21%,1.53,36%,,0.00,0%,50%,0.0,"6' 2""",183 lbs.,--,Switch,"Mar 23, 1978"
2aaf0181432adf0b,14-8-0,0.00,0%,0.00,0%,,0.00,0%,0%,0.0,"6' 0""",205 lbs.,--,,--
611b9c068c9e2c44,1-4-0,0.00,0%,0.00,0%,,0.00,0%,0%,0.0,"5' 7""",170 lbs.,--,,--
dfdd0c5dd0d4bc23,10-16-1 (1 NC),0.00,0%,0.00,0%,,0.00,0%,0%,0.0,"6' 0""",275 lbs.,--,Orthodox,"Nov 25, 1968"
38b1417ec17072da,3-2-0,0.00,0%,0.00,0%,,0.00,0%,0%,0.0,--,155 lbs.,--,,--
2efbc83a6b9b7f86,1-1-0,0.00,0%,0.00,0%,,0.00,0%,0%,0.0,"5' 11""",230 lbs.,--,,--
81ca2c245b19b3c5,0-1-0,0.00,0%,0.00,0%,,0.00,0%,0%,0.0,"6' 0""",225 lbs.,--,Orthodox,"Jul 16, 1969"
5488b3c67600333a,9-5-0,2.73,57%,2.05,40%,,0.00,0%,0%,0.0,"6' 3""",185 lbs.,"73""",Orthodox,"Dec 22, 1993"
b26d3e3746fb4024,10-3-0,2.36,26%,2.98,64%,,1.39,70%,54%,1.4,"5' 7""",135 lbs.,"70""",Orthodox,"Jun 22, 1980"
3b9f723e2720a238,12-6-0 (1 NC),3.90,47%,3.86,51%,,3.09,43%,27%,0.9,"5' 9""",155 lbs.,"68""",Orthodox,"Dec 05, 1982"
a95a0504fd73bd3e,2-6-0,0.00,0%,0.00,0%,,0.00,0%,0%,0.0,"6' 2""",170 lbs.,--,,--
8a0a35e7c74bebcc,9-11-0,2.43,42%,4.86,57%,,0.00,0%,0%,0.0,"5' 9""",155 lbs.,--,,"Nov 17, 1976"
4a191f4ea2fce7fc,3-1-0,0.00,0%,7.83,29%,,0.00,0%,0%,0.0,"5' 9""",145 lbs.,--,Orthodox,"Jan 10, 1989"
1433786ac76cf777,0-1-0,0.43,25%,1.73,50%,,19.42,50%,100%,0.0,"5' 7""",145 lbs.,--,,--
a6959da32f0e6b5d,19-12-0 (1 NC),1.99,40%,3.45,58%,,0.65,50%,40%,0.0,"5' 9""",155 lbs.,"71""",Orthodox,"Aug 19, 1982"
c7011de4765d2497,23-8-0 (2 NC),2.26,32%,4.13,56%,,1.12,16%,100%,0.0,"5' 9""",170 lbs.,--,Orthodox,"Jun 13, 1983"
45f7cb591c3ab00b,19-2-0,4.08,53%,2.77,59%,,3.58,51%,86%,0.8,"5' 10""",170 lbs.,"72""",Orthodox,"Nov 23, 1992"
dc950d59dc590aca,13-7-2,2.42,50%,0.42,71%,,0.00,0%,90%,0.6,"6' 0""",199 lbs.,--,Orthodox,"Apr 14, 1969"
3d074044a33825e7,13-6-0,2.29,48%,3.27,47%,,1.99,34%,44%,1.6,"5' 10""",170 lbs.,"72""",Orthodox,"Nov 17, 1992"
3c99bd6cb5d835ef,13-3-0,7.65,45%,8.05,33%,,0.00,0%,100%,0.0,"5' 10""",135 lbs.,"70""",Orthodox,"Mar 24, 1994"
013da757877044a2,7-3-1,2.15,31%,2.80,56%,,0.81,50%,50%,0.0,"5' 8""",155 lbs.,--,Orthodox,"Aug 23, 1983"
d2c55d1d2e67773b,22-6-0,1.66,39%,1.91,56%,,2.55,32%,43%,0.0,"6' 1""",185 lbs.,"78""",Orthodox,"Sep 26, 1981"
edae6db2b3453632,5-2-0,2.86,25%,8.57,40%,,0.00,0%,75%,0.0,"5' 6""",135 lbs.,"65""",Orthodox,"Jul 03, 1996"
c2e3e67b5911bfb7,22-11-0,2.94,47%,3.38,62%,,3.21,68%,80%,0.6,"5' 7""",145 lbs.,"64""",Orthodox,"May 27, 1987"
7138a15258dabf20,11-7-1,2.56,57%,3.75,52%,,1.23,52%,57%,0.1,"5' 6""",115 lbs.,"65""",Orthodox,"Sep 07, 1993"
dc63542668295c23,7-4-0,0.00,0%,0.00,0%,,0.00,0%,0%,0.0,--,155 lbs.,--,,--
9c44f290f5726d95,11-3-0,7.66,39%,5.72,51%,,2.60,35%,85%,0.0,"5' 8""",145 lbs.,"71""",Southpaw,"Sep 21, 1993"
37ce890a4670b287,0-1-0,0.00,0%,0.00,0%,,0.00,0%,0%,0.0,--,205 lbs.,--,,--
d80ee110748171ac,11-6-0,5.75,45%,7.28,42%,,0.98,30%,67%,0.0,"5' 10""",155 lbs.,"70""",Orthodox,"Apr 21, 1989"
1588b787bda7b540,12-3-0,3.34,50%,2.81,60%,,0.00,0%,70%,1.1,"6' 3""",185 lbs.,"73""",Southpaw,"Sep 26, 1991"
48a9a128784d53d1,16-6-0,4.76,47%,5.86,50%,,0.99,16%,76%,0.0,"5' 10""",155 lbs.,"72""",Orthodox,"Sep 27, 1997"
b19fc66613dc75b9,21-13-1,0.60,40%,0.97,50%,,0.00,0%,25%,2.1,"5' 8""",170 lbs.,--,Orthodox,"Oct 12, 1971"
33a8708747b7f943,11-3-0,0.60,25%,2.20,52%,,0.00,0%,33%,1.0,"5' 10""",155 lbs.,"72""",Southpaw,"Jun 03, 2000"
98f6da59d765ec94,19-8-0,1.52,56%,1.55,46%,,4.23,42%,72%,0.0,"5' 10""",155 lbs.,"70""",Orthodox,"Feb 09, 1981"
e319d6697d41f3cf,3-9-0,2.21,46%,3.50,66%,,1.38,100%,50%,0.0,"5' 11""",155 lbs.,--,,--
106a925d947a0de9,0-1-0,0.00,0%,6.67,36%,,0.00,0%,0%,0.0,--,205 lbs.,--,,--
11547e29f253fb89,11-1-0,3.07,43%,3.27,25%,,0.00,0%,36%,0.0,"6' 3""",205 lbs.,"76""",Southpaw,"Apr 01, 1996"
497ba5b12a4bfc47,22-6-1,2.66,40%,1.78,65%,,2.37,25%,25%,1.3,"5' 11""",205 lbs.,"71""",Orthodox,"Jul 07, 1975"
81801f57bd0a7c41,7-7-0,3.97,35%,3.64,56%,,0.56,100%,80%,0.0,"5' 4""",135 lbs.,"71""",Southpaw,"Apr 06, 1985"
cf1a88371c8cb690,26-26-0 (2 NC),3.49,42%,5.71,57%,,0.00,0%,0%,0.0,"6' 3""",205 lbs.,--,Orthodox,"Nov 12, 1974"
01fcef7e3d051722,16-8-1,3.47,42%,4.68,53%,,0.00,0%,52%,0.6,"5' 8""",135 lbs.,"69""",Orthodox,"Oct 22, 1980"
3a97fda0de6f1fa4,13-8-0,0.60,20%,3.53,55%,,0.00,0%,50%,0.0,"6' 1""",170 lbs.,--,Orthodox,"Nov 27, 1977"
791c8437b341fba5,19-5-1,2.38,50%,2.28,43%,,3.23,67%,57%,1.2,"5' 8""",145 lbs.,"72""",Orthodox,"Feb 11, 1995"
b07f14fc0e53f8bd,16-5-0,2.80,38%,3.87,55%,,0.00,0%,55%,2.0,"5' 11""",170 lbs.,"72""",Orthodox,"Mar 26, 1997"
06dd61c8d545c63f,7-1-0,0.00,0%,0.00,0%,,0.00,0%,0%,0.0,--,145 lbs.,--,,"Mar 09, 1999"
2833f50b20e96e52,11-6-0,1.46,39%,2.81,44%,,1.56,40%,50%,0.0,"6' 1""",205 lbs.,"77""",,"May 09, 1978"
aa571d75f80fde7d,16-6-0,0.00,0%,0.00,0%,,0.00,0%,0%,0.0,--,--,--,,--
df3c39573d01f55b,18-9-1,1.13,34%,2.54,37%,,0.00,0%,33%,0.0,"6' 0""",155 lbs.,--,,"Jan 05, 1979"
b0a6124751a56bc4,16-10-0,2.69,39%,3.63,56%,,1.94,17%,80%,0.3,"6' 0""",145 lbs.,"74""",Southpaw,"Aug 13, 1985"
b6e6c3b1dcaae0a1,18-4-0,4.26,59%,2.54,56%,,2.08,51%,82%,0.3,"5' 10""",155 lbs.,"72""",Orthodox,"Oct 08, 1986"
81d9df19e255b8b6,13-2-0,2.12,46%,1.66,62%,,4.54,57%,69%,0.6,"5' 3""",125 lbs.,"62""",Switch,"May 02, 1993"
a7d687e6ecb30981,16-7-1,2.83,60%,2.54,51%,,0.00,0%,26%,3.2,"6' 2""",265 lbs.,"74""",Orthodox,"Mar 03, 1983"
0974d8d4053a7237,5-3-0,0.00,0%,0.00,0%,,0.00,0%,0%,0.0,"6' 1""",205 lbs.,--,,"Oct 04, 1974"
31123249b0bbf52e,26-19-0,3.76,55%,2.92,55%,,1.68,46%,63%,1.3,"6' 0""",170 lbs.,"75""",Orthodox,"Jan 10, 1981"
e0b74df14f52cd15,26-9-0,2.98,44%,2.45,60%,,3.23,40%,66%,0.6,"5' 6""",145 lbs.,"70""",Orthodox,"Sep 08, 1975"
52b3ec072ad497a4,16-23-0,0.00,0%,0.00,0%,,0.00,0%,0%,0.0,"5' 11""",190 lbs.,--,,"Jun 04, 1982"
9b68bf67c5695185,16-4-0 (1 NC),2.15,45%,3.85,48%,,0.00,0%,50%,0.0,"5' 11""",205 lbs.,--,Orthodox,"Dec 13, 1976"
85df85a4e276c90e,3-1-0,0.00,0%,0.00,0%,,0.00,0%,0%,0.0,--,185 lbs.,--,,"Apr 13, 1983"
9e2624ac992660c6,10-1-0,0.00,0%,0.00,0%,,0.00,0%,0%,0.0,--,170 lbs.,--,,--
880c6b788266a3ef,3-2-0,0.00,0%,0.00,0%,,0.00,0%,0%,0.0,"6' 0""",235 lbs.,--,,--
c6aee362c7a7d482,20-8-0,4.39,47%,3.35,53%,,0.71,34%,74%,0.5,"6' 3""",170 lbs.,"78""",Orthodox,"Jul 08, 1990"
d024ed963e8bf7ea,17-12-0,3.66,38%,4.86,50%,,0.68,27%,53%,0.7,"5' 10""",155 lbs.,"68""",Orthodox,"Dec 25, 1984"
d31cbcdd7d69536d,17-11-0,3.37,44%,2.89,49%,,3.41,57%,36%,1.3,"5' 9""",145 lbs.,"72""",Switch,"May 22, 1990"
e9e7e1c8ff289e1b,4-6-0,1.71,50%,2.19,62%,,1.43,25%,0%,0.0,"5' 10""",145 lbs.,--,,"Nov 03, 1984"
3236bf606fe9fa5b,18-7-1,2.93,41%,4.31,42%,,1.21,68%,75%,0.2,"6' 6""",255 lbs.,"79""",Orthodox,"Jul 17, 1982"
d74cba8566291bfa,5-6-0,3.76,48%,1.76,66%,,3.53,66%,0%,3.5,"5' 9""",155 lbs.,--,Orthodox,"May 12, 1984"
d1dcd4e96464a53d,1-2-0,0.69,50%,5.52,46%,,0.00,0%,0%,0.0,"6' 0""",205 lbs.,--,Southpaw,"Aug 16, 1977"
5f8e00c27b7e7410,7-3-0,0.59,66%,5.91,16%,,0.00,0%,33%,0.0,"5' 9""",170 lbs.,--,Orthodox,"Jul 23, 1974"
f14f644d41ade29f,12-9-1 (1 NC),2.50,51%,2.95,50%,,1.80,41%,66%,0.5,"6' 0""",185 lbs.,"72""",Orthodox,"May 16, 1994"
2f3f12002564bb55,15-6-0,0.96,52%,3.38,36%,,1.94,25%,46%,0.4,"5' 10""",170 lbs.,--,Orthodox,"Nov 03, 1981"
b8c0f30ee9a98b69,15-4-0,1.75,39%,1.78,48%,,2.02,22%,56%,0.5,"5' 6""",145 lbs.,--,,"Feb 24, 1982"
b1a3e0aca758b322,23-9-0,3.51,47%,3.05,51%,,3.14,33%,85%,0.6,"6' 1""",185 lbs.,"77""",Southpaw,"Jan 04, 1984"
01f022fa494188e2,15-4-0,1.10,20%,6.10,43%,,0.00,0%,0%,0.0,"5' 10""",185 lbs.,--,Orthodox,"Apr 23, 1980"
3b17353b8002c7d0,5-2-0,10.56,59%,10.56,13%,,0.00,0%,0%,0.0,"6' 0""",205 lbs.,--,Orthodox,"Oct 18, 1985"
f96856f9d69fd7e4,18-7-0,2.80,37%,4.51,55%,,0.36,100%,71%,0.4,"6' 0""",185 lbs.,"75""",Orthodox,"Jul 04, 1990"
0c25d0a5e8cdbf19,9-7-1 (1 NC),4.90,50%,3.65,54%,,0.41,33%,35%,0.4,"6' 3""",236 lbs.,"78""",Orthodox,"May 17, 1992"
095854a135e6db55,5-3-1,1.59,50%,2.15,50%,,2.02,16%,0%,0.4,"6' 2""",255 lbs.,"77""",Orthodox,"Jan 08, 1990"
231926533134ec1f,15-10-0,2.35,26%,4.14,51%,,0.00,0%,33%,0.8,"6' 0""",155 lbs.,"73""",Orthodox,"Aug 22, 1983"
6bbb8dc6e128779e,17-8-0,0.00,0%,0.00,0%,,0.00,0%,0%,0.0,"5' 10""",170 lbs.,--,,"Sep 27, 1984"
3feed7d02711d8b7,12-11-0,1.49,28%,3.24,54%,,0.00,0%,33%,0.0,"5' 10""",135 lbs.,--,Orthodox,"Mar 19, 1982"
b9437600497350f3,21-8-0,3.62,36%,3.10,58%,,1.43,45%,70%,0.1,"5' 10""",170 lbs.,"76""",Southpaw,"Apr 27, 1994"
8eb046f83e82bf26,16-2-0,4.39,53%,4.49,55%,,0.15,20%,93%,0.1,"6' 4""",265 lbs.,"77""",Orthodox,"Nov 11, 1991"
dcdc4503b9d49977,10-2-0,2.42,74%,1.18,47%,,3.60,57%,83%,0.0,"5' 7""",145 lbs.,"67""",,"Jul 04, 1983"
a817e238b2747404,7-5-0,1.06,38%,1.80,42%,,1.93,38%,76%,0.4,"6' 0""",185 lbs.,"75""",Switch,"Jan 14, 2000"
b98209144b63ae26,13-4-0,0.65,52%,0.95,53%,,0.00,0%,0%,3.4,"5' 9""",145 lbs.,"68""",Orthodox,"Aug 08, 1974"
a72d260b436924c4,5-2-0,0.00,0%,0.00,0%,,0.00,0%,0%,0.0,"5' 9""",225 lbs.,--,Orthodox,"Dec 23, 1972"
cc8c623cca88f54f,10-7-1 (1 NC),3.52,56%,4.71,51%,,0.46,23%,64%,1.3,"5' 6""",135 lbs.,"66""",Orthodox,"Aug 22, 1991"
f0abbb6f3444dae7,35-17-0,3.29,45%,3.83,52%,,0.19,33%,39%,0.4,"6' 2""",245 lbs.,"77""",Orthodox,"Jan 16, 1974"
ac0874309da489b9,6-1-0,2.07,38%,3.27,37%,,0.00,0%,0%,0.0,"6' 4""",265 lbs.,"77""",Orthodox,"Oct 10, 1992"
476fe566d2df676e,20-7-0,3.14,43%,3.86,50%,,0.23,66%,82%,0.1,"6' 3""",205 lbs.,"76""",Switch,"Feb 10, 1994"
c0342805a1948cbb,0-1-0,0.71,14%,0.00,100%,,0.00,0%,0%,0.0,"6' 2""",286 lbs.,--,Orthodox,"Oct 12, 1986"
9900ab86a4c458bd,6-4-0,0.00,0%,0.00,0%,,0.00,0%,0%,0.0,"6' 1""",170 lbs.,--,,"May 21, 1981"
6e9af164ab91a229,7-3-0,0.00,0%,1.55,55%,,0.00,0%,50%,0.0,"5' 5""",135 lbs.,--,,"Mar 19, 1983"
53c10176e3bc7416,14-9-0,3.17,46%,4.57,47%,,1.08,25%,40%,1.4,"5' 7""",125 lbs.,"69""",Orthodox,"Oct 29, 1989"
98d961097baaf308,15-3-0,7.40,52%,6.78,56%,,0.43,44%,91%,0.4,"5' 11""",145 lbs.,"75""",Orthodox,"Mar 19, 1991"
6da99156486ed6c2,28-16-0 (1 NC),2.69,43%,3.13,51%,,2.53,36%,72%,0.3,"5' 10""",170 lbs.,"72""",Orthodox,"Apr 10, 1980"
dadd80ef954e54ed,6-1-0,1.24,40%,3.09,61%,,0.00,0%,100%,9.3,"6' 1""",170 lbs.,"74""",Switch,"May 19, 1997"
69f01b25dfabaf6b,9-3-0,1.28,41%,2.71,51%,,3.45,47%,22%,0.4,"5' 8""",145 lbs.,"69""",Orthodox,"Mar 06, 1994"
4c805f5f58a75df0,5-2-0,0.00,0%,0.00,0%,,0.00,0%,0%,0.0,"5' 6""",170 lbs.,--,Orthodox,"Apr 12, 1974"
a6d8bfe9e0c8153b,12-7-0,2.74,38%,4.30,52%,,0.28,50%,47%,0.8,"5' 10""",170 lbs.,"74""",Orthodox,"Mar 03, 1980"
23024fdfc966410a,22-10-0,3.16,48%,3.68,52%,,2.04,35%,53%,0.4,"5' 10""",170 lbs.,"71""",Orthodox,"Jul 20, 1986"
1e092415a7eeaf65,8-10-0,2.40,48%,5.73,32%,,0.00,0%,100%,0.0,"6' 1""",244 lbs.,--,,"May 15, 1978"
4f140403000158b5,11-6-0,1.86,36%,5.17,41%,,2.94,34%,66%,1.8,"5' 9""",145 lbs.,"73""",Orthodox,"Feb 02, 1988"
2213330f082f82d5,1-0-3,0.00,0%,0.00,0%,,0.00,0%,0%,0.0,--,155 lbs.,--,,"Jun 09, 1980"
2c64c035485906aa,15-7-0 (1 NC),4.83,47%,3.45,56%,,0.00,0%,52%,0.3,"5' 11""",170 lbs.,--,Orthodox,"Feb 05, 1990"
8fc30d8cebb17116,9-0-0 (1 NC),0.00,0%,0.00,0%,,0.00,0%,0%,0.0,"5' 9""",145 lbs.,--,Orthodox,"Jan 06, 1991"
f0c779dc2ca3816c,5-2-0,6.35,64%,2.31,55%,,17.31,66%,0%,0.0,"6' 1""",205 lbs.,--,,--
132505067f08c54d,8-3-0 (1 NC),0.63,55%,7.01,25%,,2.82,50%,60%,0.0,"6' 0""",185 lbs.,--,Orthodox,"Jul 24, 1985"
3033c1c080672475,8-4-0,2.77,38%,4.42,41%,,2.40,33%,0%,0.0,"5' 10""",155 lbs.,"73""",Orthodox,"Jun 09, 1994"
85d905f7c4f5a1af,15-8-1,1.33,32%,1.90,60%,,2.46,33%,54%,1.2,"6' 2""",183 lbs.,--,Orthodox,"Jul 30, 1966"
51b1ca2a4b064101,5-3-0,0.00,0%,0.00,0%,,0.00,0%,0%,0.0,"5' 9""",170 lbs.,--,,--
f273f1b8df04c8a1,5-3-0,2.61,59%,6.22,35%,,0.00,0%,100%,0.0,"5' 8""",135 lbs.,--,,"Jun 02, 1987"
30e39145fec48d25,10-2-0,1.82,40%,2.73,25%,,13.64,50%,0%,0.0,"6' 3""",185 lbs.,--,,"Oct 23, 1984"
3fed746acfd026dd,1-4-0,0.00,0%,0.00,0%,,0.00,0%,0%,0.0,"6' 1""",200 lbs.,--,Southpaw,--
e2d5072048b825b1,1-4-0,0.00,0%,0.00,0%,,0.00,0%,0%,0.0,--,--,--,,--
6b8fd98eb52363d1,3-3-0 (1 NC),2.09,14%,6.69,36%,,0.00,0%,50%,0.0,"5' 8""",155 lbs.,--,,--
f941505e35fb1eae,9-2-1,4.69,45%,0.94,91%,,0.00,0%,100%,14.1,"6' 3""",261 lbs.,--,,"Jan 04, 1984"
a75a48bfe776b2c2,12-6-0,2.02,34%,4.62,39%,,0.00,0%,0%,0.0,"5' 10""",135 lbs.,"73""",Orthodox,"May 24, 1992"
0b362247806341e5,9-6-0,1.88,39%,3.02,40%,,1.55,25%,25%,2.3,"5' 5""",135 lbs.,"67""",Orthodox,"Apr 30, 1996"
c4d039123e62f6a9,12-6-0,4.21,43%,4.79,48%,,0.62,27%,75%,0.2,"5' 9""",145 lbs.,"70""",Switch,"Oct 01, 1997"
76ee3d666c648f6b,10-7-0,3.43,55%,2.63,55%,,2.50,50%,40%,1.5,"5' 10""",185 lbs.,"73""",Orthodox,"Oct 11, 1983"
43612456979e5d5e,6-1-0,1.20,51%,2.67,27%,,3.00,60%,0%,4.0,"6' 0""",170 lbs.,--,Orthodox,"Aug 26, 1979"
87f0b37f153cf497,5-3-0,0.00,0%,0.00,0%,,0.00,0%,0%,0.0,"5' 11""",155 lbs.,--,,"Jul 17, 1990"
7cdd3e5d3aa9cb39,13-3-0,2.02,47%,1.98,62%,,2.89,35%,37%,1.2,"5' 11""",155 lbs.,"73""",Orthodox,"May 13, 1983"
601f8439a0277670,9-1-0,0.00,0%,0.00,0%,,0.00,0%,0%,0.0,--,185 lbs.,--,,"Feb 19, 2004"
ce7871949b0ed2bf,18-13-0,1.21,66%,0.61,0%,,0.00,0%,0%,0.0,"5' 6""",125 lbs.,--,Orthodox,--
7aa3d6964eff4877,21-15-0 (1 NC),4.21,49%,3.09,62%,,0.54,68%,64%,0.7,"5' 10""",145 lbs.,"73""",Southpaw,"Jun 20, 1988"
ed2a8cc402173781,7-4-0,3.29,45%,6.51,43%,,0.00,0%,18%,0.5,"5' 6""",145 lbs.,"68""",Orthodox,"Nov 07, 1989"
b1e5bcaad32a3cac,13-9-0,4.35,44%,7.45,45%,,0.37,50%,69%,0.0,"5' 7""",135 lbs.,"65""",Orthodox,"Aug 19, 1988"
8c457cf7da551d4b,8-3-0,4.80,62%,6.72,48%,,0.00,0%,0%,0.0,"5' 6""",145 lbs.,"68""",Orthodox,"Apr 01, 1992"
90d28fee0af74f2d,5-1-0,0.00,0%,0.00,0%,,0.00,0%,0%,0.0,"5' 8""",145 lbs.,--,Orthodox,--
800feaa25700a85f,16-2-0,0.00,0%,0.00,0%,,0.00,0%,0%,0.0,"5' 9""",125 lbs.,--,,"Oct 10, 1982"
8661578c8bb80f51,6-2-0,4.80,41%,15.67,39%,,0.00,0%,0%,0.0,"5' 8""",155 lbs.,"70""",Orthodox,"May 22, 1996"
7d4d7583df7eebf9,6-3-0 (1 NC),4.85,42%,4.98,33%,,3.93,33%,0%,0.0,"5' 11""",145 lbs.,"71""",Southpaw,"Feb 10, 1996"
b7dc25ee40ee8334,10-1-0,0.85,34%,0.57,60%,,3.41,66%,100%,0.8,"5' 10""",135 lbs.,--,,"Dec 19, 1987"
fc0a4053eb8a3a59,9-4-0,2.88,39%,5.59,52%,,3.38,29%,50%,1.0,"5' 3""",115 lbs.,"62""",Orthodox,"Nov 04, 1996"
53d471e9bf5f2fc8,6-0-0,0.00,0%,0.00,0%,,0.00,0%,0%,0.0,"5' 10""",155 lbs.,--,,"May 21, 1991"
98215d037be5bcb7,9-6-1,4.41,38%,4.12,64%,,1.80,44%,77%,0.8,"5' 4""",115 lbs.,"64""",Orthodox,"Jul 13, 1987"
dfb965c9824425db,13-19-3,0.31,17%,5.00,42%,,0.00,0%,0%,0.0,"5' 9""",155 lbs.,--,Orthodox,"Mar 10, 1972"
764342d39cdaa54a,22-10-0,6.56,46%,7.44,51%,,1.11,31%,73%,0.0,"5' 10""",155 lbs.,"73""",Orthodox,"May 18, 1989"
71d25689f70e4036,6-1-0,4.08,38%,8.16,6%,,0.00,0%,0%,0.0,"6' 4""",265 lbs.,"80""",Orthodox,"Dec 15, 1992"
72f890c5d421e705,11-3-0,2.22,43%,3.05,66%,,4.16,53%,0%,0.6,"5' 10""",155 lbs.,"69""",Orthodox,"Jan 02, 2001"
7abe471b61725980,14-9-1,1.29,33%,1.85,61%,,2.34,32%,20%,1.5,"5' 10""",155 lbs.,"71""",Orthodox,"Dec 23, 1978"
6c2030e0a143a94b,24-13-0,3.57,44%,2.96,56%,,0.27,19%,57%,0.5,"6' 2""",185 lbs.,"75""",Orthodox,"Nov 20, 1986"
1999ffb5cebc314f,7-5-0,3.15,26%,6.39,54%,,0.00,0%,0%,0.7,"6' 2""",170 lbs.,"78""",Orthodox,"Jun 24, 1991"
4a99978a0366bb29,11-4-0,0.00,0%,0.00,0%,,0.00,0%,0%,0.0,"5' 7""",135 lbs.,--,,--
f5585e675af7afd4,13-4-0,1.40,26%,1.40,63%,,5.26,100%,0%,0.0,"5' 9""",155 lbs.,--,Southpaw,"Nov 15, 1982"
d060014a5a039829,3-3-0,0.00,0%,0.00,0%,,0.00,0%,0%,0.0,--,--,--,,--
784285b7ae7dd85f,14-6-0,3.99,59%,3.19,55%,,1.36,28%,82%,0.0,"6' 0""",155 lbs.,"71""",Orthodox,"Jan 21, 1987"
b39f7a6c2be17ee8,9-3-0,5.23,51%,4.17,55%,,2.45,36%,62%,0.0,"6' 0""",155 lbs.,"72""",Orthodox,"Jul 03, 1995"
903ef36a6adc09a3,16-7-0,5.40,53%,2.51,60%,,0.94,10%,50%,0.0,"6' 1""",170 lbs.,"73""",Orthodox,"Jun 26, 1994"
9d51798e61f2e0c7,8-1-0,3.50,48%,2.63,51%,,8.76,40%,50%,0.0,"5' 9""",145 lbs.,"72""",Switch,"Jul 29, 2002"
31bbd46d57dfbcb7,0-1-0,0.00,0%,0.00,0%,,0.00,0%,0%,0.0,"5' 9""",235 lbs.,--,Orthodox,--
db6d5f691aea3fd3,12-10-0,1.54,41%,2.53,51%,,2.71,100%,0%,0.0,"5' 6""",145 lbs.,--,Southpaw,"Jul 31, 1981"
aa8dc72b3a1f761c,19-6-0,2.41,23%,10.34,44%,,0.00,0%,0%,0.0,"5' 9""",155 lbs.,--,,"Apr 01, 1988"
901cddcbfa079097,14-6-0,2.43,31%,3.82,57%,,0.88,45%,48%,0.2,"5' 9""",125 lbs.,"70""",Orthodox,"May 27, 1986"
c2a670b22d2e196f,6-3-0,4.73,57%,4.26,54%,,0.46,22%,50%,0.0,"6' 1""",205 lbs.,"74""",Orthodox,"Sep 25, 1995"
32be4b7f7de1c905,17-7-0 (1 NC),2.58,41%,2.46,64%,,0.77,40%,72%,0.4,"5' 6""",125 lbs.,"66""",Orthodox,"Jan 26, 1985"
2a7afe14b3a0a058,0-1-0,0.00,0%,0.00,0%,,0.00,0%,0%,0.0,"5' 10""",225 lbs.,--,,--
760a55d5b6098cbe,8-3-0,3.97,46%,5.17,44%,,2.28,36%,53%,0.3,"5' 8""",125 lbs.,"68""",Southpaw,"Jun 04, 1991"
23fbe02caabcd214,6-0-0,1.67,42%,3.87,52%,,8.00,53%,0%,5.0,"5' 6""",125 lbs.,--,Southpaw,"Apr 24, 1989"
24b033b3daf1c9df,17-7-0 (1 NC),4.79,41%,5.00,60%,,0.56,28%,100%,0.3,"6' 2""",185 lbs.,"77""",Southpaw,"Apr 24, 1981"
d05412b513b19621,10-8-0,3.44,55%,2.84,51%,,2.27,55%,64%,0.4,"5' 6""",135 lbs.,"68""",Southpaw,"Dec 19, 1979"
13a0275fa13c4d26,18-9-0,4.42,49%,4.35,56%,,0.54,40%,64%,0.0,"5' 11""",185 lbs.,"77""",Switch,"Mar 16, 1984"
03da33a102d9a45f,0-1-0,0.78,10%,4.68,62%,,0.00,0%,0%,0.0,"6' 4""",240 lbs.,--,Orthodox,"Jul 02, 1964"
23100e8f71f25a4a,1-10-0,0.00,0%,0.00,0%,,0.00,0%,0%,0.0,"5' 8""",155 lbs.,--,,--
6750e338922a099d,10-10-0,3.16,16%,12.63,0%,,0.00,0%,0%,0.0,"6' 2""",235 lbs.,--,Orthodox,"Feb 08, 1969"
f1f9e48a0d150757,7-6-0,3.63,34%,5.76,55%,,0.65,30%,80%,0.7,"6' 2""",185 lbs.,"75""",Orthodox,"Dec 08, 1986"
83b8fe74224dd642,6-0-0,0.00,0%,0.00,0%,,0.00,0%,0%,0.0,"5' 7""",135 lbs.,--,,"Dec 27, 1996"
bd81a97864acf098,6-1-0,2.93,50%,4.07,29%,,1.00,8%,100%,1.0,"5' 8""",135 lbs.,"70""",Orthodox,"Jun 05, 1992"
44f9c777fed7ca03,2-3-0,0.00,0%,0.00,0%,,0.00,0%,0%,0.0,--,--,--,,"Feb 16, 1970"
899eaba48fa864a6,7-1-0,4.50,47%,2.66,64%,,1.24,66%,85%,1.6,"5' 8""",145 lbs.,--,Orthodox,"Apr 16, 1982"
155a02a8b4311057,9-5-0,0.77,23%,1.20,59%,,0.00,0%,72%,0.0,"6' 4""",225 lbs.,--,Orthodox,"May 25, 1977"
5ef0088c1b19beeb,21-9-0,2.53,34%,3.61,54%,,2.57,25%,80%,0.8,"5' 8""",135 lbs.,"68""",Orthodox,"Aug 04, 1984"
e5512a6aed150d8f,7-5-0,2.27,47%,1.47,59%,,0.00,0%,100%,0.0,--,135 lbs.,--,,--
f6a7b02c42e9fc5b,8-5-0,2.47,50%,2.00,57%,,0.00,0%,11%,2.5,"5' 11""",155 lbs.,--,,"Jul 09, 1976"
99a86b134dccc166,4-1-0,0.00,0%,0.00,0%,,0.00,0%,0%,0.0,--,145 lbs.,--,,--
b2e3aca4cd363477,17-8-0,3.35,43%,2.23,61%,,1.11,39%,57%,0.8,"5' 3""",125 lbs.,"64""",Southpaw,"May 27, 1981"
cbd022eaf2ac546a,4-2-0,0.00,0%,0.00,0%,,0.00,0%,0%,0.0,--,125 lbs.,--,,--
08a7080ff5904661,2-1-1,0.00,0%,0.00,0%,,0.00,0%,0%,0.0,"6' 8""",245 lbs.,--,Orthodox,--
f59a6de8a5dfe297,10-7-0,1.44,30%,7.68,43%,,0.00,0%,66%,0.0,--,170 lbs.,--,,--
52e76bb4b3e852f3,11-5-0 (1 NC),1.95,42%,2.14,52%,,3.42,39%,53%,0.8,"6' 2""",185 lbs.,"79""",Orthodox,"Mar 16, 1990"
be68b375707dcb85,9-3-0,2.55,54%,3.85,30%,,3.34,36%,57%,0.5,"5' 8""",145 lbs.,"71""",Switch,"May 06, 1993"
3591d0d5d382a381,25-12-0,2.22,42%,1.64,59%,,1.79,36%,73%,0.6,"6' 3""",205 lbs.,"78""",Orthodox,"Oct 11, 1981"
51a0c09cbe9b8472,13-7-0,2.78,54%,2.51,61%,,2.57,51%,65%,0.3,"5' 6""",125 lbs.,"66""",Orthodox,"Feb 19, 1984"
1c86754617d9813a,21-11-0,1.46,46%,1.82,62%,,3.05,42%,83%,1.4,"5' 11""",170 lbs.,"76""",Orthodox,"Jun 02, 1978"
c0d5c0c95c59050b,15-5-0,2.68,38%,4.69,43%,,1.06,50%,22%,0.2,"5' 2""",115 lbs.,"61""",Orthodox,"Nov 17, 1992"
528b071cf3da7c56,11-5-0,4.65,51%,3.46,51%,,0.30,37%,68%,0.6,"5' 6""",135 lbs.,"69""",Orthodox,"Jun 11, 1993"
b80ea4880f25c187,7-1-0 (1 NC),0.59,50%,6.90,12%,,0.00,0%,0%,0.0,"6' 1""",185 lbs.,--,Orthodox,"Jul 24, 1987"
b62d5280966b2460,8-3-0,3.88,50%,4.47,49%,,1.75,35%,50%,1.0,"5' 6""",125 lbs.,"66""",Orthodox,"Jun 09, 1996"
89ed44801968b8e3,7-0-0,4.15,37%,1.53,80%,,0.00,0%,100%,0.0,"5' 6""",135 lbs.,--,,--
9346efb4bbaedd08,11-16-0,0.00,0%,0.00,0%,,0.00,0%,0%,0.0,"5' 10""",155 lbs.,--,,--
064b7dc68d786254,10-3-0,2.72,42%,5.80,51%,,0.00,0%,14%,0.0,"5' 8""",155 lbs.,--,Orthodox,"Jul 22, 1986"
572a89dbe1f76761,16-14-0,7.62,61%,10.48,43%,,0.00,0%,100%,0.0,"5' 10""",170 lbs.,--,,--
0d49ddc07bd8c747,11-7-0,0.00,0%,0.00,0%,,0.00,0%,0%,0.0,"5' 10""",155 lbs.,--,,--
1e3302f9ab6f549a,4-2-0,0.62,66%,6.22,23%,,0.00,0%,0%,0.0,"6' 2""",215 lbs.,--,,--
7b6e40a73b567072,51-31-7 (1 NC),1.62,36%,2.32,47%,,0.75,66%,75%,0.0,"5' 10""",170 lbs.,--,Southpaw,"May 03, 1972"
1f592bfefb0d62a3,10-1-0,0.80,38%,3.33,29%,,6.00,66%,0%,2.0,"5' 9""",135 lbs.,"68""",Orthodox,"May 26, 1994"
456c02115efc4a01,10-5-0,0.60,45%,0.93,53%,,0.00,0%,66%,4.0,"5' 8""",154 lbs.,--,,"Jun 07, 1982"
fef3d17e27e916e7,15-6-0,3.03,29%,3.62,64%,,0.00,0%,100%,0.0,"5' 9""",145 lbs.,"70""",Orthodox,"May 30, 1979"
620d8710e89cfeae,14-1-0,1.94,50%,1.84,54%,,2.77,40%,70%,0.0,"6' 3""",185 lbs.,--,,"Jul 27, 1986"
68dd7b3783c19f9c,12-2-0,4.38,47%,3.53,53%,,1.42,33%,42%,0.0,"6' 2""",265 lbs.,"80""",Orthodox,"Jan 04, 1975"
1f4b04a926ef1287,22-6-0,3.95,38%,2.66,61%,,1.70,45%,72%,0.2,"5' 10""",155 lbs.,"72""",Orthodox,"Jun 28, 1989"
8d9586726252dbf7,9-5-2 (2 NC),2.27,53%,3.76,46%,,0.79,22%,27%,0.4,"5' 11""",185 lbs.,"77""",Southpaw,"Jun 15, 1981"
5f179af5fffeb9f6,10-10-0,4.29,39%,4.00,55%,,0.39,31%,39%,0.5,"5' 7""",125 lbs.,"67""",Orthodox,"May 05, 1987"
3993f7dcb7caf42a,10-4-0,5.42,72%,0.68,33%,,10.17,66%,0%,0.0,"6' 5""",255 lbs.,--,Orthodox,--
ec7ac09293d26c05,20-14-2,0.74,27%,3.42,54%,,0.00,0%,100%,0.0,"5' 5""",145 lbs.,--,Southpaw,"Jun 10, 1980"
31c01fbc2586a5eb,1-1-0,0.00,0%,0.00,0%,,0.00,0%,0%,0.0,"5' 10""",212 lbs.,--,Orthodox,--
2b1c6f28039efe36,9-1-0,4.17,55%,10.83,23%,,0.00,0%,0%,0.0,"6' 3""",205 lbs.,--,,"Jan 19, 1988"
5fa2974cbd18e05c,21-8-1,4.95,51%,5.07,54%,,1.49,37%,75%,0.1,"5' 6""",135 lbs.,"71""",Switch,"Dec 18, 1991"
a0a69dc9914ef6e1,3-2-0,0.00,0%,0.00,0%,,0.00,0%,0%,0.0,"5' 8""",145 lbs.,--,,--
31ceaf0e670c1578,8-5-0,0.60,45%,2.22,44%,,3.33,45%,50%,0.0,"5' 9""",170 lbs.,--,Southpaw,"Oct 21, 1965"
d1e7fc58d4225cdf,17-10-0,2.57,42%,1.96,62%,,2.95,38%,63%,0.2,"5' 9""",155 lbs.,"71""",Orthodox,"Aug 25, 1979"
feeae92f951f49a9,7-1-0,1.47,48%,3.27,60%,,0.00,0%,0%,0.0,"5' 11""",185 lbs.,--,Orthodox,--
e680418329c84ec4,1-0-0,3.24,56%,2.01,57%,,1.68,100%,100%,0.0,"5' 2""",125 lbs.,--,,"May 05, 1982"
6ca68b636fbc1f18,4-2-0,0.39,100%,0.77,33%,,0.00,0%,0%,0.0,"5' 11""",235 lbs.,--,Orthodox,--
f8fe2053d73d7bcf,10-4-0,2.11,44%,2.32,63%,,3.71,44%,83%,0.5,"6' 0""",185 lbs.,"72""",Southpaw,"Sep 01, 1981"
68d76fd9ecf7431d,17-17-0,1.97,28%,5.07,55%,,0.44,20%,85%,0.0,"5' 7""",155 lbs.,--,Orthodox,"Nov 30, 1980"
2a74bbba57058f12,21-10-1 (2 NC),1.98,35%,3.11,51%,,1.25,36%,66%,1.1,"5' 8""",155 lbs.,"71""",Orthodox,"Jul 06, 1983"
5c1ca0c72b599a3c,12-7-0 (1 NC),2.71,53%,3.62,49%,,0.60,40%,63%,0.1,"6' 1""",205 lbs.,"74""",Orthodox,"Apr 14, 1980"
e3964ece586e0635,10-2-0,5.30,46%,2.98,68%,,0.00,0%,85%,0.0,"5' 8""",135 lbs.,"70""",Orthodox,"Aug 29, 1997"
9c3de7f8966326de,9-1-0,3.33,42%,3.60,48%,,1.00,50%,66%,0.0,"5' 11""",170 lbs.,"79""",Orthodox,"Oct 10, 1997"
0e21976afc92e4d1,14-5-0,2.38,51%,3.02,40%,,2.87,64%,66%,1.0,"6' 5""",185 lbs.,"79""",Orthodox,"Apr 10, 1982"
3e61082025db8137,10-6-1,1.64,29%,1.60,67%,,0.00,0%,31%,0.3,"5' 8""",155 lbs.,"69""",Orthodox,"Feb 12, 1985"
056c493bbd76a918,16-6-0,3.83,47%,3.84,57%,,1.78,29%,72%,0.1,"5' 4""",135 lbs.,"64""",Orthodox,"Feb 09, 1987"
b27b8881d7444114,6-8-0,1.91,42%,2.61,51%,,3.92,75%,50%,1.3,"6' 2""",170 lbs.,--,,"Jun 26, 1985"
f21a152aaa3e95c6,7-2-0,2.90,48%,2.69,62%,,1.61,50%,0%,0.0,"6' 1""",155 lbs.,"74""",Orthodox,"Nov 24, 1995"
025c1ee70b2cedf4,14-3-0,0.00,0%,0.00,0%,,0.00,0%,0%,0.0,--,185 lbs.,--,,"Jan 25, 1995"
e872e9a9a902c045,18-6-0,4.58,34%,4.48,62%,,0.31,15%,50%,0.3,"5' 9""",125 lbs.,"68""",Orthodox,"Dec 28, 1988"
09a4447655fd4b7b,11-4-0,1.56,43%,5.05,36%,,0.00,0%,36%,0.0,"6' 3""",205 lbs.,"76""",Southpaw,"Mar 15, 1990"
1d00756835ca67c9,36-17-0 (2 NC),4.41,46%,4.48,53%,,1.16,33%,73%,1.2,"6' 1""",155 lbs.,"73""",Orthodox,"Mar 29, 1983"
fdf59144e535bc38,5-2-0,0.00,0%,0.00,0%,,0.00,0%,0%,0.0,"5' 10""",155 lbs.,--,,"Dec 15, 1984"
9ccf8371fd80d45d,15-3-1,4.16,47%,3.19,62%,,0.32,12%,85%,0.3,"6' 0""",170 lbs.,"75""",Orthodox,"Jun 17, 1993"
70186298465de3f3,11-2-0,3.13,26%,3.53,58%,,4.00,44%,100%,0.0,"5' 8""",145 lbs.,"71""",Orthodox,"Dec 31, 1999"
5ef94841c4bc3f86,14-6-0 (1 NC),3.76,46%,4.71,46%,,0.00,0%,47%,1.4,"5' 7""",125 lbs.,"71""",Orthodox,"Jan 27, 1996"
7342fcc41a4817fa,14-5-0,0.68,66%,1.69,54%,,0.00,0%,0%,7.6,"5' 9""",170 lbs.,--,Orthodox,"Oct 30, 1979"
26b63bc5c0c1f65d,5-5-0,2.97,54%,5.10,50%,,2.31,41%,53%,1.0,"5' 3""",115 lbs.,"63""",Southpaw,"Oct 25, 1978"
4b93a88f3b1de35b,23-11-0,3.91,49%,4.51,43%,,1.88,37%,61%,0.5,"5' 8""",155 lbs.,"71""",Orthodox,"Apr 24, 1986"
af9efbfd63d39734,7-4-0,3.52,45%,4.27,40%,,0.81,60%,25%,0.3,"5' 8""",135 lbs.,"68""",Southpaw,"Nov 23, 1990"
62f3039da2f92a8c,15-2-0,2.47,40%,1.60,64%,,5.00,83%,75%,0.0,"5' 7""",125 lbs.,"67""",Orthodox,"Nov 23, 1995"
8788beb528894f33,0-1-0,0.00,0%,0.00,0%,,0.00,0%,0%,0.0,"5' 11""",178 lbs.,--,Southpaw,--
19ffeb5e3fffd6d5,6-13-0,0.00,0%,0.00,0%,,0.00,0%,0%,0.0,"6' 1""",260 lbs.,--,Southpaw,--
32a4f1235f0dad73,10-6-1,2.82,45%,3.51,44%,,0.00,0%,31%,0.0,"6' 2""",228 lbs.,--,,"Sep 24, 1985"
5b03b61f9d90125e,21-12-1,4.02,50%,4.51,53%,,2.06,46%,83%,0.3,"5' 8""",145 lbs.,"69""",Orthodox,"Oct 26, 1995"
8061a3136026a673,8-0-0,4.97,56%,4.20,53%,,1.50,37%,62%,0.5,"5' 6""",125 lbs.,"68""",Orthodox,"Feb 02, 1997"
b406da701c479076,10-2-0,2.79,40%,3.89,59%,,0.89,33%,50%,0.0,"5' 8""",145 lbs.,"70""",Orthodox,"Jun 27, 1983"
84e8920e59ff14a7,12-9-0,2.73,48%,1.53,54%,,3.00,50%,0%,0.0,"5' 9""",145 lbs.,--,,--
0de720c0f1d4ab9c,11-5-1,2.86,38%,3.83,50%,,1.95,60%,87%,0.0,"5' 8""",145 lbs.,"67""",Orthodox,"Mar 14, 1987"
9c5f7d5c6d084b35,10-2-0,0.00,0%,0.00,0%,,0.00,0%,0%,0.0,"6' 1""",185 lbs.,--,Switch,"Apr 03, 1986"
d8d7b24d276c8cb0,7-4-0,1.00,41%,2.60,71%,,0.00,0%,0%,0.0,"5' 11""",170 lbs.,--,Orthodox,"Feb 07, 1985"
78a68f1dade6aaf7,7-4-0,1.35,40%,4.89,38%,,0.00,0%,0%,0.0,"6' 1""",205 lbs.,"74""",Southpaw,"Nov 25, 1994"
c713a845360d604b,1-1-0,0.00,0%,0.00,0%,,0.00,0%,0%,0.0,--,205 lbs.,--,,--
79a193111e3bc99b,11-1-0,3.69,34%,7.37,56%,,5.03,50%,0%,0.0,"5' 7""",145 lbs.,"69""",Orthodox,"May 12, 1986"
9cdd2da1a9104a0b,11-6-0,3.21,46%,2.76,44%,,1.87,35%,62%,0.4,"5' 11""",135 lbs.,"72""",Orthodox,"Jul 27, 1991"
c58f51dedb310998,20-7-0,2.02,40%,1.73,57%,,3.11,47%,65%,1.0,"6' 1""",170 lbs.,"75""",Southpaw,"Dec 07, 1987"
9560ff14eb3129f7,15-6-0,3.75,42%,3.47,59%,,0.18,33%,65%,0.2,"6' 0""",145 lbs.,"74""",Orthodox,"Aug 25, 1988"
767755fd74662dbf,15-1-0,4.01,54%,2.98,52%,,5.32,58%,87%,1.4,"6' 2""",185 lbs.,"75""",Orthodox,"May 01, 1994"
9f7787e56a6bc0f4,8-1-0,2.40,27%,4.80,46%,,0.00,0%,100%,0.0,"5' 11""",155 lbs.,--,Orthodox,"Mar 11, 1984"
371a1c91b24dec2b,12-6-0,1.55,49%,3.65,44%,,3.12,75%,60%,1.0,"6' 2""",230 lbs.,--,Orthodox,"Jun 27, 1970"
2c104b7e59a72629,4-5-0,1.32,26%,1.46,36%,,0.71,100%,84%,0.0,"7' 2""",330 lbs.,--,Orthodox,"Oct 30, 1980"
e93b04e308913c2e,17-4-1,5.00,55%,4.43,57%,,1.26,53%,59%,0.5,"5' 10""",145 lbs.,"70""",Orthodox,"Apr 10, 1991"
a68575214ecad140,11-8-0,3.56,38%,3.16,47%,,0.83,54%,70%,0.0,"6' 0""",145 lbs.,"74""",Orthodox,"Nov 03, 1992"
adccbc19b22e19af,7-3-0,2.69,42%,2.69,65%,,1.02,27%,74%,0.0,"5' 6""",125 lbs.,"64""",Orthodox,"Dec 26, 1996"
3be16d817b36098b,9-0-0,4.54,66%,3.13,58%,,0.46,14%,81%,0.0,"5' 5""",125 lbs.,"66""",Switch,"Jan 02, 1999"
001eb2ab0f30e7ea,8-1-0,3.87,50%,7.33,33%,,2.00,18%,0%,0.0,"5' 8""",155 lbs.,"69""",Orthodox,"Oct 22, 1995"
a69a7120cf26669d,15-3-0 (1 NC),15.65,54%,0.00,100%,,0.00,0%,0%,0.0,"5' 11""",170 lbs.,"72""",Orthodox,"Oct 02, 1996"
03c9994c5b8958ec,8-3-0,2.65,49%,2.29,73%,,1.82,31%,78%,0.4,"5' 11""",155 lbs.,"74""",Orthodox,"Dec 17, 1983"
55a7b2d4e54ffac9,22-13-0,2.57,43%,2.25,60%,,0.61,41%,39%,0.3,"5' 9""",170 lbs.,"70""",Orthodox,"Oct 08, 1976"
db5dc7cb80d7d418,34-13-0,4.43,27%,9.93,46%,,0.00,0%,0%,0.0,"6' 4""",145 lbs.,--,Switch,"Sep 08, 1990"
3c4320a1b6106611,9-0-0,2.85,50%,2.46,51%,,0.00,0%,83%,0.0,"5' 8""",135 lbs.,"67""",Switch,"Jul 24, 1998"
2d447cc91bdaa545,14-6-0,3.78,41%,3.29,46%,,0.00,0%,0%,0.0,"6' 3""",205 lbs.,"76""",Orthodox,"Nov 07, 1978"
7e9b36a9847db116,9-4-0,2.19,58%,3.54,40%,,0.00,0%,50%,1.9,"6' 7""",205 lbs.,"80""",Orthodox,"Jan 21, 1995"
b369533a577fa97c,20-7-0,4.23,51%,3.88,54%,,0.00,0%,37%,1.1,"6' 8""",265 lbs.,--,Orthodox,"Apr 26, 1972"
4f11e9ce318ffbcb,12-7-0,2.19,26%,5.90,45%,,0.00,0%,40%,0.0,"5' 9""",155 lbs.,--,Orthodox,"Jul 30, 1987"
d4a12dfa4067742f,8-4-0,0.85,16%,3.41,66%,,8.53,100%,0%,0.0,"5' 11""",185 lbs.,--,Orthodox,--
f197ce0cbe69996d,4-1-0,4.00,40%,4.93,50%,,0.00,0%,60%,1.0,"5' 11""",155 lbs.,"72""",Orthodox,"Sep 27, 1990"
eaebaa6801338ea1,4-4-0,0.00,0%,0.00,0%,,0.00,0%,0%,0.0,"6' 0""",170 lbs.,--,,--
51b0bb73a1da34bc,19-4-0 (1 NC),0.51,50%,4.62,57%,,0.00,0%,20%,5.1,"6' 0""",235 lbs.,--,Orthodox,"Oct 28, 1979"
2244d9a2b64b8c3b,10-7-0,4.99,44%,5.39,52%,,0.26,100%,64%,0.3,"5' 1""",115 lbs.,"62""",Orthodox,"Jun 26, 1992"
4e5bbc4566049cbf,0-2-0,0.00,0%,0.00,0%,,0.00,0%,0%,0.0,"6' 1""",215 lbs.,--,Orthodox,"Oct 03, 1954"
3f3550bf126a5721,2-6-0,0.00,0%,5.88,16%,,0.00,0%,0%,0.0,--,--,--,Orthodox,--
67f272324a030d00,15-9-0,3.86,51%,3.06,57%,,4.15,39%,76%,1.7,"6' 3""",205 lbs.,"77""",Orthodox,"Feb 27, 1987"
42611508ba8c3298,9-6-0,0.00,0%,0.00,0%,,0.00,0%,0%,0.0,"5' 11""",170 lbs.,--,,"Feb 05, 1980"
c02862a5f6d3fbd0,8-0-0,0.00,0%,0.00,0%,,0.00,0%,0%,0.0,--,170 lbs.,--,,"Nov 25, 2002"
1c2f2571b18791b6,27-21-1,0.00,0%,0.00,0%,,0.00,0%,0%,0.0,"5' 11""",170 lbs.,--,Orthodox,"Dec 02, 1973"
6776260cb0aef647,18-6-0,2.20,54%,1.49,53%,,0.31,100%,30%,2.1,"6' 2""",185 lbs.,--,Orthodox,"Feb 16, 1985"
69108cb8b32efe04,10-14-0,5.80,56%,2.90,59%,,0.00,0%,0%,0.0,"6' 3""",224 lbs.,--,Orthodox,--
8a64b3f87ad29d1e,10-7-0,0.00,0%,0.00,0%,,0.00,0%,0%,0.0,"5' 10""",155 lbs.,--,,"Aug 01, 1985"
dd4c16777fb2ccf9,7-6-0,3.69,49%,5.62,50%,,0.33,4%,80%,0.3,"5' 6""",115 lbs.,"64""",Orthodox,"Sep 19, 1980"
cc7040fe76f0ef91,14-9-0,3.03,54%,3.24,44%,,2.17,32%,58%,0.1,"6' 0""",205 lbs.,"75""",Orthodox,"Apr 12, 1990"
6c8072b61c276e67,11-9-0 (1 NC),3.73,51%,3.51,58%,,1.66,42%,62%,0.3,"5' 5""",135 lbs.,"64""",Orthodox,"Nov 28, 1987"
7ae36b3791e0969a,5-1-0,11.51,58%,20.55,35%,,0.00,0%,0%,0.0,"5' 5""",125 lbs.,"64""",Orthodox,"Jul 07, 1992"
a77c71a574132188,1-1-0,0.00,0%,0.00,0%,,0.00,0%,0%,0.0,--,170 lbs.,--,,"Aug 15, 1977"
c76ec2bc3a57666a,11-5-0,2.35,34%,3.27,47%,,0.64,15%,50%,0.4,"5' 10""",155 lbs.,"73""",Orthodox,"Nov 24, 1985"
7d21de9c6d7c98b2,45-23-1,1.43,37%,2.29,60%,,1.72,42%,25%,1.1,"5' 9""",155 lbs.,"72""",Southpaw,"Mar 31, 1976"
e5ecaf884b6da2bc,12-6-0 (1 NC),3.20,49%,2.37,44%,,0.00,0%,32%,0.3,"5' 10""",170 lbs.,"70""",Orthodox,"Feb 09, 1976"
a221b4812b0e7364,6-1-0,0.00,0%,0.00,0%,,0.00,0%,0%,0.0,--,248 lbs.,--,,"Dec 30, 1997"
8e32bfcff3ec1717,4-3-0,0.00,0%,0.00,0%,,0.00,0%,0%,0.0,--,160 lbs.,--,,--
60098849c703e389,9-2-0,4.13,59%,2.90,57%,,3.50,36%,46%,0.0,"5' 4""",125 lbs.,"65""",Southpaw,"Nov 06, 1997"
48e96d9cea6d4ab0,6-2-1,1.60,64%,2.87,50%,,2.00,66%,75%,0.0,"5' 6""",145 lbs.,--,Orthodox,"Jul 11, 1981"
3138fab619faf4d1,20-9-0,0.00,0%,3.68,55%,,5.81,50%,0%,0.0,"5' 11""",155 lbs.,--,Orthodox,"Sep 03, 1980"
dc6d8256ee3dfba5,6-8-0,0.00,0%,0.00,0%,,0.00,0%,0%,0.0,"5' 9""",185 lbs.,--,,"Aug 04, 1980"
6dbb1107de9a4a08,26-29-1,0.00,0%,0.00,0%,,0.00,0%,0%,0.0,"5' 6""",155 lbs.,--,,"May 10, 1973"
8fa7e0bc052185ce,29-12-0,2.66,75%,2.66,30%,,4.43,33%,0%,0.0,"5' 8""",155 lbs.,--,,"May 01, 1986"
0b77a05bcbd2de74,23-8-0,2.15,51%,1.90,67%,,0.82,30%,41%,2.5,"5' 9""",145 lbs.,"67""",,"Mar 31, 1981"
e90d9d0681270953,7-5-0,0.00,0%,0.00,0%,,0.00,0%,0%,0.0,--,185 lbs.,--,,"Mar 03, 1972"
8b260672a21d1fd6,8-4-0,2.73,41%,3.43,62%,,1.22,50%,64%,0.0,"5' 9""",155 lbs.,--,Southpaw,"Apr 29, 1984"
a0c29b13f7a5df32,7-10-0,0.00,0%,0.00,0%,,0.00,0%,0%,0.0,--,--,--,,--
dbac0a413af64bbe,10-4-0,2.17,45%,4.65,36%,,1.88,24%,43%,0.5,"5' 8""",145 lbs.,"69""",Orthodox,"Mar 31, 1994"
2eab7a6c8b0ed8cc,16-25-0,0.57,20%,8.33,27%,,4.31,25%,0%,4.3,"6' 1""",205 lbs.,--,Orthodox,"Jan 06, 1971"
1174782eacde9b0c,20-10-1,3.50,55%,2.14,48%,,2.18,42%,66%,0.0,"6' 4""",240 lbs.,--,Orthodox,"Oct 01, 1976"
cecd72feb0d640e3,4-5-0,0.00,0%,0.00,0%,,0.00,0%,0%,0.0,--,185 lbs.,--,,"Apr 24, 1989"
987b80f57190d6d0,2-3-0,2.68,36%,4.69,46%,,0.00,0%,0%,0.0,"5' 9""",135 lbs.,--,,"Nov 30, 1990"
5d8a9c95af50280a,10-4-0,2.45,60%,3.59,26%,,0.00,0%,0%,0.0,"5' 10""",264 lbs.,"72""",Orthodox,"Jan 09, 1995"
21b8a0f5c231096f,16-10-0,1.88,52%,2.62,40%,,3.89,40%,50%,0.8,"6' 1""",205 lbs.,"75""",Orthodox,"Dec 20, 1964"
ffb20ae0db47ebe6,13-8-0,0.00,0%,0.00,0%,,0.00,0%,0%,0.0,"6' 1""",185 lbs.,--,,"Jan 28, 1982"
cc900c6a71ed23f3,14-7-0 (1 NC),4.22,32%,5.00,50%,,2.81,39%,71%,0.5,"5' 11""",145 lbs.,"73""",Orthodox,"Mar 10, 1993"
6b64db453edf4c50,4-1-0,3.11,61%,5.66,33%,,0.52,33%,50%,1.6,"5' 3""",115 lbs.,"65""",Orthodox,"Nov 02, 1985"
92fa1401b7927da3,13-10-0,5.80,44%,5.08,50%,,0.71,33%,67%,0.6,"6' 3""",230 lbs.,"78""",Orthodox,"Oct 25, 1988"
70fc8214822b5a85,8-0-0,5.07,55%,3.87,34%,,0.00,0%,44%,3.0,"5' 9""",145 lbs.,"71""",Orthodox,"Mar 08, 2000"
9123c54d0a2b72dd,8-3-1,2.76,44%,4.02,42%,,0.00,0%,33%,0.0,"6' 5""",265 lbs.,--,Orthodox,"Jul 01, 1980"
dfc7f0a2d91ad337,11-1-0,0.00,0%,0.00,0%,,0.00,0%,0%,0.0,"5' 10""",135 lbs.,"72""",,"Jun 21, 1986"
a85998eb79650b2c,20-6-0,2.14,48%,4.73,45%,,0.00,0%,0%,0.0,"6' 2""",205 lbs.,--,Orthodox,"Jun 18, 1973"
a76c07e8e4c76e9a,7-1-0,3.07,28%,6.73,60%,,0.00,0%,0%,0.0,"4' 7""",115 lbs.,"65""",Orthodox,"May 13, 1997"
b4ebc1539a08054b,10-3-0,2.73,40%,9.09,41%,,0.00,0%,0%,0.0,"5' 4""",125 lbs.,"67""",Orthodox,"Oct 27, 1999"
f9f07bb5a43535ed,32-14-0,3.66,39%,2.67,55%,,0.59,46%,38%,1.0,"6' 2""",170 lbs.,"75""",Orthodox,"Apr 26, 1984"
41e77dc504a192c6,0-1-0,0.00,0%,0.00,0%,,0.00,0%,0%,0.0,"6' 0""",335 lbs.,--,Orthodox,--
c44530d3969134a3,7-2-0,5.29,35%,9.71,21%,,0.00,0%,100%,0.0,"6' 2""",170 lbs.,"75""",Switch,"May 21, 1997"
2ebfbe72ed703925,14-8-0,3.31,51%,2.96,50%,,0.33,14%,60%,0.3,"5' 10""",145 lbs.,"68""",Orthodox,"Dec 12, 1985"
d450769115a193c2,5-1-0,1.60,34%,9.69,35%,,1.84,14%,0%,0.0,"6' 2""",220 lbs.,--,Orthodox,"Mar 14, 1982"
18f5669a92e99d92,11-8-0 (1 NC),1.50,75%,3.25,43%,,0.00,0%,0%,7.5,"6' 1""",240 lbs.,--,Orthodox,"Jul 19, 1974"
06d4eb8123087123,6-0-0,0.00,0%,0.00,0%,,0.00,0%,0%,0.0,--,155 lbs.,--,,--
1c061eb6e29eaa0a,5-0-0,0.00,0%,0.00,0%,,0.00,0%,0%,0.0,"5' 9""",170 lbs.,--,Orthodox,--
3ab0df1ddd5f1dc2,13-13-0,1.72,49%,2.40,46%,,1.03,33%,55%,2.1,"6' 1""",205 lbs.,--,Orthodox,"Oct 07, 1981"
e6daf9cdbf0da889,10-12-0,0.00,0%,0.00,0%,,0.00,0%,0%,0.0,"6' 2""",205 lbs.,--,,"Nov 07, 1979"
fa238ecfd048f7d8,13-5-0,2.30,47%,3.18,54%,,1.01,50%,0%,0.0,--,205 lbs.,--,,"Sep 08, 1982"
5efaaf313b652dd7,2-1-0,0.00,0%,0.00,0%,,0.00,0%,0%,0.0,--,205 lbs.,--,,"Nov 10, 1974"
88ffe9745e218dd8,23-12-0,0.00,0%,0.00,0%,,0.00,0%,0%,0.0,"6' 0""",170 lbs.,--,Orthodox,"Jul 02, 1987"
78bd6940d093fd33,2-1-0,0.00,0%,0.00,0%,,0.00,0%,0%,0.0,--,155 lbs.,--,,"May 05, 1984"
1b51895e5572cfda,12-7-0,2.87,25%,3.40,59%,,0.00,0%,40%,1.0,"6' 1""",155 lbs.,--,,--
d4a31850a7457f1b,3-5-0,3.55,44%,3.20,51%,,1.53,38%,28%,1.8,"5' 3""",115 lbs.,"64""",Switch,"Oct 22, 1991"
ce47f49e5c386a9c,6-7-0,1.18,52%,2.12,35%,,0.00,0%,50%,3.5,"6' 0""",170 lbs.,--,Orthodox,"Mar 17, 1977"
8c8c92a12621d7e0,8-4-0,3.96,26%,4.82,50%,,0.00,0%,80%,0.0,"6' 0""",170 lbs.,"72""",Orthodox,"Mar 05, 1983"
3aa794cbe1e3484b,12-4-0,1.03,31%,3.01,55%,,0.00,0%,57%,0.0,"6' 1""",265 lbs.,--,Orthodox,"Oct 20, 1982"
2b91eff985b532cd,4-1-0,0.80,28%,0.13,66%,,0.00,0%,25%,0.0,"6' 1""",170 lbs.,"77""",Southpaw,"Aug 24, 1989"
3f52ce18fb98008f,12-6-0 (1 NC),3.25,45%,4.91,50%,,0.70,28%,86%,0.0,"5' 8""",145 lbs.,"68""",Orthodox,"Aug 27, 1982"
1f9344211ca7fd60,17-9-0,2.02,34%,5.41,53%,,0.00,0%,80%,0.4,"5' 10""",155 lbs.,--,Orthodox,"May 18, 1978"
5e9ca8dd7d783a75,12-3-0 (1 NC),4.69,44%,2.40,69%,,1.75,50%,71%,0.0,"5' 8""",125 lbs.,"67""",Orthodox,"Apr 24, 1998"
d967f0128c323de6,22-3-0 (1 NC),4.25,52%,2.92,54%,,1.83,44%,80%,0.4,"5' 11""",235 lbs.,"72""",Orthodox,"Mar 20, 1979"
f2b3f4ef3f780168,9-4-0,2.73,55%,2.04,56%,,0.22,11%,47%,0.2,"5' 7""",135 lbs.,"67""",Orthodox,"Dec 06, 1989"
fe67cd6423f7a8ad,2-5-0,4.93,32%,5.60,66%,,0.00,0%,66%,0.0,--,155 lbs.,--,,"Jun 15, 1981"
7cb0946d51b8cde7,13-3-0,4.12,41%,5.84,55%,,0.00,0%,69%,0.0,"5' 9""",145 lbs.,--,,--
673ea7dcc786b1b3,11-6-1,4.37,43%,4.93,56%,,0.39,18%,85%,0.0,"5' 5""",135 lbs.,"64""",Orthodox,"Jun 22, 1983"
4e9fb05d7e5e61b8,20-16-0,2.60,36%,8.80,40%,,0.00,0%,90%,0.0,"6' 3""",260 lbs.,--,Orthodox,"Nov 11, 1978"
fc08099550072fe4,17-3-0,5.34,48%,3.63,54%,,0.40,50%,73%,0.1,"6' 4""",260 lbs.,"78""",Orthodox,"Oct 03, 1991"
68d4a891e5cf2029,12-3-0,3.86,48%,3.01,57%,,2.15,46%,59%,0.3,"5' 5""",125 lbs.,"65""",Orthodox,"Dec 10, 1993"
1a7d44196949577c,7-3-0,4.10,45%,7.43,52%,,1.50,11%,100%,0.0,"5' 7""",135 lbs.,"68""",Orthodox,"Jul 31, 1992"
1267b631db78665a,5-0-0,0.00,0%,0.00,0%,,0.00,0%,0%,0.0,"6' 5""",255 lbs.,--,,--
afe8d5b39ff7fca2,7-2-0,4.31,45%,5.35,47%,,1.04,20%,50%,0.5,"5' 9""",170 lbs.,"71""",Orthodox,"Aug 27, 1995"
2c010b26a3306969,8-2-0,2.77,53%,4.02,44%,,1.92,40%,61%,0.0,"5' 11""",170 lbs.,"71""",Switch,"Jul 15, 1994"
d150c6fbdb7687f4,1-13-0,0.00,0%,0.00,0%,,0.00,0%,0%,0.0,"6' 4""",205 lbs.,--,,"Feb 18, 1981"
222d6b547de2e035,22-8-0 (1 NC),0.20,50%,3.05,50%,,0.00,0%,0%,0.0,"5' 7""",155 lbs.,--,Orthodox,"Nov 18, 1980"
28877eddb1c0b967,7-1-0,0.00,0%,0.00,0%,,0.00,0%,0%,0.0,--,155 lbs.,--,,--
2e5c2aa8e4ab9d82,16-4-0,6.15,59%,5.96,49%,,0.30,42%,77%,0.0,"6' 1""",205 lbs.,"72""",Orthodox,"Apr 21, 1991"
325ad0dd9126d3df,6-4-0,6.53,46%,7.58,58%,,0.00,0%,50%,0.0,"5' 9""",135 lbs.,"73""",Switch,"Jul 06, 1994"
3fa97913cfd205d3,16-5-0,3.86,46%,3.70,56%,,0.77,26%,86%,0.4,"5' 4""",125 lbs.,"67""",Orthodox,"Jan 28, 1996"
20bccc9bb4ceb23e,26-8-0,4.29,47%,3.19,50%,,1.53,35%,50%,0.8,"5' 10""",145 lbs.,"71""",Southpaw,"Sep 14, 1996"
c41cbb5bf944ca54,8-2-0,7.36,54%,9.62,50%,,0.00,0%,0%,0.0,"6' 2""",185 lbs.,"75""",Orthodox,"Sep 19, 2000"
f584a6e0b5b74604,11-3-0 (1 NC),0.33,41%,2.47,41%,,0.00,0%,60%,1.0,"6' 0""",230 lbs.,"72""",Orthodox,"Oct 15, 1984"
9fa3bd637edd9aa2,23-11-0,2.81,48%,3.21,48%,,0.68,20%,43%,0.2,"5' 11""",170 lbs.,"75""",Orthodox,"Feb 29, 1980"
3ec1e4ba98c9c85a,17-5-0,0.79,25%,2.75,45%,,0.79,100%,50%,0.0,"5' 9""",155 lbs.,--,Orthodox,"Nov 04, 1989"
8112c9a23dccc759,4-1-0,12.29,57%,6.80,45%,,0.00,0%,75%,0.0,"5' 6""",145 lbs.,--,Orthodox,"May 17, 1994"
d1528ac5675558b1,9-4-0,4.82,56%,6.68,50%,,0.00,0%,62%,0.0,"5' 11""",205 lbs.,"76""",Orthodox,"Nov 27, 1981"
79ab17db3b40831a,20-7-0,0.00,0%,0.00,0%,,0.00,0%,0%,0.0,"5' 8""",170 lbs.,--,,"Feb 08, 1983"
0aa92558424ced9e,19-11-0,2.85,57%,1.53,59%,,2.78,46%,58%,0.5,"6' 1""",205 lbs.,"75""",Orthodox,"Jun 22, 1963"
84c43f0d25f15b0b,3-8-0,12.12,80%,2.31,69%,,0.00,0%,0%,0.0,"5' 8""",135 lbs.,--,Orthodox,"Dec 18, 1975"
46fd223e3ced39b3,11-5-0,3.54,45%,2.87,54%,,1.55,29%,46%,1.3,"5' 10""",155 lbs.,"73""",Orthodox,"Aug 27, 1982"
400c7b43c86d27d3,3-4-0,0.00,0%,0.00,0%,,0.00,0%,0%,0.0,"5' 8""",185 lbs.,--,,"Aug 04, 1969"
dc9572dd6ec74859,17-5-0,3.81,38%,3.09,54%,,3.64,42%,68%,0.2,"5' 11""",170 lbs.,"72""",Orthodox,"Feb 22, 1988"
3c26c420584d912d,7-5-0,2.66,43%,2.92,40%,,1.95,42%,80%,0.0,"5' 8""",135 lbs.,"67""",Southpaw,"Feb 12, 1992"
c9bbf1a0285a8076,10-7-0,0.56,25%,1.69,33%,,4.23,50%,80%,0.0,"5' 10""",155 lbs.,--,Orthodox,"Aug 02, 1968"
15ec018d144710db,15-7-0,3.88,52%,2.40,61%,,3.17,47%,50%,0.0,"5' 10""",170 lbs.,"69""",Southpaw,"Jul 24, 1978"
8a70ceb3edbe757b,9-4-0,2.39,40%,3.01,50%,,0.53,37%,72%,0.0,"6' 1""",170 lbs.,"76""",Orthodox,"Jan 15, 1986"
eabf206b162b3b83,17-10-1 (1 NC),2.50,45%,3.04,43%,,1.43,18%,35%,1.3,"6' 3""",205 lbs.,"76""",Orthodox,"Nov 27, 1987"
480b702debcb5433,11-4-0,0.97,30%,2.10,31%,,0.00,0%,66%,0.5,"6' 2""",170 lbs.,--,Orthodox,"Oct 31, 1985"
25433871e4eee0f4,15-5-0,0.43,25%,2.61,57%,,0.00,0%,50%,4.0,"5' 5""",155 lbs.,--,Orthodox,"Jul 14, 1976"
89b8d1bf1ff09d1d,12-4-0,3.59,30%,3.13,57%,,0.41,100%,50%,3.3,"6' 3""",185 lbs.,"75""",Orthodox,"Jul 09, 1977"
ed73c85164a5f5a4,3-1-0,0.72,75%,4.65,30%,,5.37,37%,0%,0.0,"5' 6""",155 lbs.,--,Southpaw,"Jun 04, 1970"
a8c3ce469cb8b130,0-0-0,0.00,0%,0.00,0%,,0.00,0%,0%,0.0,--,--,--,,--
15dedd05f8bcb475,8-6-0,0.00,0%,0.00,0%,,0.00,0%,0%,0.0,--,145 lbs.,--,,--
8944a0f9b2f0ce6d,0-1-0,0.00,0%,0.00,0%,,0.00,0%,0%,0.0,--,155 lbs.,--,,--
51e2f44a8dbf6984,8-3-0,4.27,47%,2.13,59%,,2.02,50%,66%,0.3,"5' 9""",135 lbs.,"68""",Orthodox,"Apr 12, 1991"
35b3772629e27a49,21-15-0 (1 NC),2.65,34%,3.10,41%,,0.48,5%,30%,0.5,"5' 11""",135 lbs.,"73""",Orthodox,"Jul 15, 1987"
4729c93ba705a3bf,10-6-0,4.46,64%,5.80,46%,,0.00,0%,40%,0.0,"5' 11""",170 lbs.,"70""",Switch,"Apr 05, 1990"
923767209632e08a,11-3-0,2.20,57%,1.40,55%,,1.00,12%,66%,0.0,"6' 0""",155 lbs.,"72""",Southpaw,"Oct 04, 1994"
98601a40e9d96047,1-1-0,0.93,35%,3.33,54%,,5.00,38%,0%,1.0,--,155 lbs.,--,,--
a9d6e047ce48ab63,10-4-0 (1 NC),2.95,51%,2.95,56%,,1.85,33%,100%,1.2,"6' 3""",245 lbs.,"76""",Orthodox,"Nov 08, 1989"
5f99b2bafb10305f,18-10-0 (1 NC),2.88,38%,2.98,57%,,2.04,41%,60%,0.2,"5' 8""",155 lbs.,"72""",Switch,"Jun 11, 1985"
22ee260735da0d58,19-4-0,1.72,41%,1.45,58%,,4.08,61%,65%,1.3,"5' 7""",155 lbs.,--,Orthodox,"Nov 25, 1979"
70e1f8a821b72c8b,14-4-2,4.15,52%,3.65,42%,,4.39,52%,58%,2.0,"6' 2""",205 lbs.,"74""",Orthodox,"Mar 04, 1996"
6aa1cbc1466e9a0b,8-3-0,2.92,46%,1.51,68%,,0.53,7%,37%,1.6,"6' 4""",232 lbs.,--,Orthodox,"Apr 24, 1978"
10f3ba6cd2f44a97,24-4-0,3.91,33%,2.61,70%,,2.82,42%,83%,0.1,"5' 8""",135 lbs.,"68""",Orthodox,"Mar 09, 1985"
003d82fa384ca1d0,8-4-0,7.58,39%,8.88,58%,,0.00,0%,0%,0.0,"6' 0""",145 lbs.,"78""",Switch,"Sep 20, 1989"
0e46690e55a8df75,10-4-0,2.88,42%,3.72,55%,,1.18,31%,71%,0.0,"5' 9""",135 lbs.,"71""",Orthodox,"Feb 08, 1999"
683ea28a198936fe,8-1-0,0.93,21%,4.73,36%,,0.00,0%,71%,0.0,"5' 7""",155 lbs.,--,Orthodox,"Jul 23, 1986"
3aeb69b4a13ff0e8,6-1-0,0.00,0%,0.00,0%,,0.00,0%,0%,0.0,--,125 lbs.,--,,--
6751eacd16bd59bc,11-4-1,3.41,44%,3.04,59%,,0.00,0%,65%,0.3,"5' 10""",145 lbs.,"73""",Orthodox,"May 24, 1994"
e59b13321562eed3,20-15-0,0.00,0%,0.00,0%,,0.00,0%,0%,0.0,--,145 lbs.,--,,"Mar 25, 1986"
2f8f3c69522db931,20-6-0,1.82,40%,1.23,46%,,4.01,52%,0%,2.8,"5' 7""",139 lbs.,--,Orthodox,"Apr 21, 1987"
4ba8d454f762005d,25-7-0,2.96,35%,2.91,55%,,0.62,28%,66%,0.6,"6' 0""",205 lbs.,"75""",Southpaw,"Aug 02, 1984"
05e4be525cb3578c,12-0-0,0.43,60%,4.34,45%,,0.00,0%,0%,2.2,--,205 lbs.,--,,--
e51e5cb722bd47a8,10-7-0,4.26,50%,3.35,55%,,4.49,41%,28%,0.1,"6' 2""",205 lbs.,"76""",Orthodox,"Nov 16, 1980"
93ce4ac89e3d7652,6-6-0,1.74,43%,1.50,59%,,0.89,55%,42%,1.4,"6' 0""",170 lbs.,"74""",Orthodox,"Apr 27, 1980"
46a17755f80f63e8,8-2-0,0.60,30%,3.01,34%,,0.00,0%,0%,0.0,"6' 3""",263 lbs.,"79""",Orthodox,"Feb 04, 1993"
305bde44ff664788,4-2-0,3.33,75%,4.94,20%,,1.67,10%,100%,0.0,"6' 2""",205 lbs.,"77""",Orthodox,"Jun 24, 1993"
d1053e55f00e53fe,11-5-0,4.22,29%,6.31,48%,,0.00,0%,46%,0.5,"5' 10""",135 lbs.,"71""",Orthodox,"Sep 07, 1994"
eb49fe2f85ae9526,8-1-0,2.43,17%,14.22,34%,,0.00,0%,0%,0.0,"5' 9""",145 lbs.,"71""",Orthodox,"Aug 31, 1999"
b8b765e320a8db39,6-2-0,1.40,39%,6.07,34%,,2.00,33%,100%,0.0,"5' 3""",125 lbs.,"62""",Southpaw,"Jan 18, 1995"
46f11d15c0134fe3,0-2-0,0.00,0%,0.00,0%,,0.00,0%,0%,0.0,"6' 2""",240 lbs.,--,Orthodox,--
a8ea84cbe1655f0a,36-18-1,1.54,31%,2.48,60%,,0.35,12%,35%,1.2,"5' 6""",135 lbs.,"69""",Orthodox,"Sep 02, 1977"
05b43e0ead3df345,4-5-0,3.89,43%,4.75,53%,,2.00,57%,61%,0.6,"5' 4""",115 lbs.,"65""",Orthodox,"Apr 11, 1991"
d8291d0dd63da29c,22-7-0,4.70,58%,4.40,63%,,2.50,62%,66%,0.0,"5' 9""",145 lbs.,--,,"Aug 31, 1987"
b8ff02d5703eca3a,12-4-0,2.73,47%,5.67,44%,,2.00,13%,50%,0.0,"6' 3""",185 lbs.,"76""",Switch,"Nov 12, 1998"
5442f1bc4b47eaf3,32-13-0 (1 NC),5.52,50%,5.75,54%,,0.00,0%,64%,0.0,"5' 10""",170 lbs.,"75""",Orthodox,"Jul 15, 1987"
cd13728ae1151f46,20-12-1 (1 NC),4.13,43%,3.42,46%,,4.02,51%,76%,0.3,"6' 1""",205 lbs.,"75""",Southpaw,"Dec 14, 1993"
44a94bbde42246e4,7-4-0,2.99,52%,8.28,59%,,0.00,0%,0%,0.0,"5' 9""",155 lbs.,--,Orthodox,"Feb 07, 1989"
ac45450f75d14f16,11-7-0,2.40,33%,0.00,100%,,0.00,0%,100%,0.0,"5' 7""",145 lbs.,--,,"Dec 13, 1980"
3b6d84343579fd33,11-3-0,0.00,0%,0.00,0%,,0.00,0%,0%,0.0,"5' 4""",145 lbs.,--,,"Mar 18, 1973"
b0bd0c5425668b8f,14-5-0,3.89,60%,5.28,40%,,0.25,14%,22%,0.2,"6' 3""",205 lbs.,"76""",Orthodox,"Sep 01, 1989"
6551c64fbcd1a467,17-11-0,4.05,41%,4.40,50%,,0.47,38%,68%,0.3,"5' 6""",125 lbs.,"67""",Orthodox,"Jan 26, 1994"
c3ded6f7155f9ea4,21-4-0,2.14,46%,2.52,56%,,1.97,43%,76%,0.3,"5' 8""",155 lbs.,"73""",Orthodox,"Feb 04, 1996"
0d68c7bfdff1dc34,8-1-0,0.27,22%,0.93,48%,,6.00,100%,100%,0.0,"5' 9""",145 lbs.,"71""",Orthodox,"Jun 20, 1995"
1f8cd7634e8286ff,5-2-0,0.00,0%,0.00,0%,,0.00,0%,0%,0.0,"6' 3""",240 lbs.,--,,"Mar 08, 1985"
d28bef63e7d8d536,6-2-0,3.47,38%,6.45,38%,,0.00,0%,0%,0.0,"6' 0""",155 lbs.,"74""",Orthodox,"Sep 08, 1999"
9d19d9e4aa2662e8,24-6-1 (2 NC),3.88,43%,3.51,52%,,0.90,26%,59%,0.1,"5' 11""",170 lbs.,"74""",Orthodox,"Nov 16, 1984"
23725c826c481e7f,39-15-2,3.14,47%,2.37,60%,,0.91,40%,64%,0.0,"5' 9""",170 lbs.,"76""",Orthodox,"Feb 21, 1983"
ddbd0d6259ce57cc,30-19-2,0.00,0%,1.85,50%,,0.00,0%,0%,0.0,"6' 2""",205 lbs.,--,Orthodox,"Apr 05, 1978"
6cd3dfc54f01287f,4-3-1,1.20,69%,3.27,25%,,1.00,11%,0%,0.0,"6' 1""",205 lbs.,--,Orthodox,"Jul 19, 1977"
e50cd77732d39967,16-6-0,2.92,52%,1.40,55%,,2.15,41%,33%,0.9,"5' 2""",115 lbs.,"64""",Orthodox,"Dec 24, 1987"
6e9b5c74c0860deb,0-2-0,0.00,0%,0.00,0%,,0.00,0%,0%,0.0,"6' 0""",170 lbs.,--,,--
acd870570949d8a2,10-3-1,1.67,23%,4.17,37%,,0.00,0%,50%,0.0,"5' 10""",170 lbs.,"69""",Orthodox,"Aug 30, 1990"
a20d7dfaba74c067,13-9-0,3.50,36%,5.61,57%,,0.44,16%,80%,0.3,"5' 7""",155 lbs.,"71""",Orthodox,"Feb 03, 1980"
033343da4c0cff8a,2-13-0,0.00,0%,0.00,0%,,0.00,0%,0%,0.0,"5' 4""",135 lbs.,--,,--
3b0a516d2921e0d6,12-5-0,5.38,36%,4.21,47%,,0.52,50%,62%,0.0,"5' 7""",135 lbs.,"70""",Orthodox,"Jul 04, 1989"
9eef6584fab21fbb,8-3-0,3.13,32%,3.40,58%,,5.00,55%,0%,0.0,"5' 7""",135 lbs.,--,Orthodox,"Oct 26, 1984"
5f119b24c0f9679c,8-4-0,4.99,52%,6.73,38%,,0.00,0%,62%,0.0,"5' 9""",135 lbs.,"68""",Orthodox,"Sep 01, 2000"
8614b7134913f5d5,7-1-1 (1 NC),3.38,50%,5.25,49%,,0.51,16%,100%,0.0,"6' 3""",265 lbs.,"74""",Orthodox,"Oct 15, 1983"
baa9be02c3e3e038,11-7-0,2.13,36%,5.34,46%,,0.39,33%,27%,0.0,"6' 0""",185 lbs.,"74""",Orthodox,"May 17, 1991"
fccb0fee256b7b4d,0-1-0,0.00,0%,2.61,38%,,0.00,0%,33%,3.0,"6' 2""",185 lbs.,--,Southpaw,"Apr 29, 1980"
55a80a9365bc107d,5-5-0,0.00,0%,0.00,0%,,0.00,0%,0%,0.0,--,155 lbs.,--,,"Jun 14, 1978"
859e0dafd04fe1ca,8-0-0,0.00,0%,0.00,0%,,0.00,0%,0%,0.0,--,185 lbs.,--,,"May 27, 1995"
8dc46e9a7895ce1a,0-3-0,0.21,25%,1.87,60%,,0.00,0%,0%,3.1,"6' 2""",238 lbs.,--,Orthodox,"Mar 01, 1979"
676a2e5ec4d7338c,20-4-0,3.33,60%,3.00,60%,,4.00,23%,100%,0.0,"5' 10""",135 lbs.,--,,"Feb 03, 1989"
86f582852a5b240a,21-12-1,3.39,48%,3.44,57%,,1.20,37%,46%,0.6,"5' 8""",155 lbs.,"70""",Orthodox,"Jan 02, 1980"
d2fa318f34d0aadc,13-6-0,3.43,51%,2.62,67%,,2.14,75%,0%,0.0,"5' 7""",155 lbs.,"68""",Orthodox,"Dec 18, 1986"
a4555c13e6257539,7-1-0,0.00,0%,0.00,0%,,0.00,0%,0%,0.0,--,170 lbs.,--,,"Nov 13, 1998"
08af939f41b5a57b,23-8-1,3.74,49%,2.63,57%,,2.21,38%,82%,0.8,"5' 10""",155 lbs.,"72""",Southpaw,"May 06, 1989"
a683f9ddb70aa4bd,0-2-0,0.00,0%,0.00,0%,,0.00,0%,0%,0.0,"6' 0""",175 lbs.,--,,"Dec 04, 1975"
d6c0cdd7e467c440,17-5-0 (1 NC),3.16,53%,2.94,42%,,1.97,25%,79%,2.0,"6' 2""",185 lbs.,"76""",Southpaw,"Feb 27, 1993"
d0aaedcf7ccd0b45,12-7-0,6.05,50%,4.64,55%,,0.00,0%,100%,0.0,"6' 3""",205 lbs.,"76""",Orthodox,"Sep 25, 1989"
42775dc893603154,13-4-0,0.00,0%,0.00,0%,,0.00,0%,0%,0.0,"5' 6""",145 lbs.,--,,"Nov 22, 1975"
2549d63da9c456cb,3-1-1,3.09,50%,6.19,64%,,0.00,0%,0%,0.0,"5' 9""",155 lbs.,--,Orthodox,--
b7d524c77c27389b,22-11-0 (1 NC),2.72,39%,2.79,65%,,1.60,48%,47%,1.4,"5' 10""",170 lbs.,"70""",Southpaw,"Aug 24, 1973"
6dab8ce5e4bffe77,23-8-0,2.04,30%,2.10,59%,,2.27,46%,66%,0.2,"5' 8""",135 lbs.,"69""",Southpaw,"Oct 28, 1980"
902ab9197b83d0db,17-4-0 (1 NC),2.85,34%,1.33,72%,,2.99,38%,72%,0.6,"6' 2""",205 lbs.,"79""",Orthodox,"Sep 25, 1984"
a993ef2dd36cea5f,2-6-0,0.87,54%,1.27,55%,,1.00,50%,0%,1.0,"5' 8""",170 lbs.,--,Orthodox,--
c8661e204c66f325,2-0-0,0.00,0%,0.00,0%,,0.00,0%,0%,0.0,--,--,--,,--
20697b334f6c0a45,13-16-0,0.00,0%,0.00,0%,,0.00,0%,0%,0.0,"5' 11""",205 lbs.,--,,"Apr 01, 1983"
4c2d90e335e6df19,21-11-0,4.63,49%,4.45,54%,,0.95,44%,34%,0.7,"5' 6""",135 lbs.,"68""",Orthodox,"Oct 04, 1984"
570d40f993171b19,13-11-1,0.00,0%,0.00,0%,,0.00,0%,0%,0.0,"6' 2""",170 lbs.,--,,"Jul 28, 1982"
cc351e408bbb7d43,14-10-0,4.68,35%,4.62,58%,,0.74,42%,57%,0.1,"5' 10""",135 lbs.,"72""",Orthodox,"May 08, 1990"
fb3e61720be4690c,12-3-0,4.73,53%,5.23,54%,,2.40,44%,60%,0.8,"6' 0""",155 lbs.,"72""",Orthodox,"Oct 07, 1992"
2c9d00968f818270,13-4-1,5.45,50%,3.37,56%,,0.00,0%,65%,0.0,"5' 8""",145 lbs.,"73""",Orthodox,"Jul 02, 1991"
99bd51917728c25d,24-3-1,3.14,51%,2.14,44%,,3.58,39%,66%,1.4,"5' 10""",155 lbs.,"72""",Switch,"Feb 20, 1994"
a6fd2173d5e2d7f0,19-12-0,3.61,54%,3.46,47%,,1.13,100%,0%,0.0,"6' 0""",185 lbs.,"72""",Orthodox,"May 19, 1981"
ea3dcc417c322064,8-6-0,3.97,45%,3.79,53%,,0.72,60%,65%,0.5,"5' 10""",145 lbs.,"73""",Orthodox,"Nov 10, 1988"
4b450aa602611baa,18-6-0,5.68,46%,6.32,47%,,0.00,0%,0%,0.0,"5' 9""",225 lbs.,--,Orthodox,"May 28, 1985"
1eff7bc0f815b270,6-3-0,2.46,43%,3.85,53%,,0.00,0%,77%,0.0,"6' 0""",250 lbs.,"74""",Orthodox,"Dec 19, 1986"
9cfbfae5fa1fdd93,12-6-0,3.67,52%,2.62,50%,,3.00,45%,59%,0.0,"5' 7""",135 lbs.,"72""",Orthodox,"Sep 30, 1991"
6ef65b6a152e49d5,12-6-0 (1 NC),2.30,47%,3.00,37%,,3.29,42%,100%,0.6,"6' 5""",250 lbs.,"79""",Orthodox,"Apr 21, 1986"
e51ee8ded927fc51,5-3-0,4.08,45%,6.37,43%,,2.02,30%,33%,1.0,"6' 3""",250 lbs.,"80""",Orthodox,"May 15, 1979"
80d8aed0ca9b00f3,13-9-1,2.90,37%,3.39,45%,,1.85,33%,68%,0.8,"5' 7""",125 lbs.,"68""",Orthodox,"Feb 14, 1995"
f57dd0bfa8c17813,11-5-0,3.13,35%,5.00,48%,,0.54,13%,40%,0.2,"5' 6""",135 lbs.,"65""",Orthodox,"Aug 31, 1994"
1971869b7e054261,14-7-0 (1 NC),3.21,39%,4.75,51%,,0.36,16%,83%,0.0,"5' 11""",145 lbs.,"71""",Orthodox,"Sep 22, 1986"
a4dc47001f202bcd,8-3-1,1.29,33%,5.50,32%,,2.66,36%,0%,1.3,"5' 7""",155 lbs.,--,Orthodox,"Mar 12, 1991"
afdb76fbd86f6d11,29-15-2,4.12,32%,6.79,61%,,0.00,0%,0%,0.0,"6' 0""",170 lbs.,--,Orthodox,"Nov 22, 1982"
f9aa6376ae16bfb4,17-15-1 (1 NC),0.51,34%,0.73,58%,,1.10,50%,44%,0.6,"5' 6""",170 lbs.,--,Orthodox,"Aug 07, 1969"
ddf3e0ea10ea6d8c,9-2-0,1.26,31%,4.84,48%,,0.00,0%,22%,0.0,"5' 8""",155 lbs.,--,Orthodox,"Jan 22, 1980"
f14fbb2e55da044c,6-1-0,3.98,60%,3.45,69%,,0.00,0%,0%,0.0,"5' 9""",205 lbs.,"69""",,"May 09, 1996"
e0f959f65d0406b4,5-2-0,1.00,35%,2.07,50%,,2.00,66%,0%,1.0,"5' 3""",125 lbs.,"64""",Orthodox,"Sep 04, 1991"
5dd180c8b3196786,6-5-0,4.89,53%,3.77,66%,,0.74,37%,65%,0.5,"5' 5""",115 lbs.,"67""",Orthodox,"Jun 10, 1995"
1d239d571e342453,10-5-0,2.57,46%,2.00,65%,,0.00,0%,65%,0.4,"5' 9""",135 lbs.,"71""",Orthodox,"Apr 24, 1984"
d549cefc7c54ab78,21-4-0,2.47,48%,2.36,46%,,2.56,29%,40%,0.6,"6' 4""",185 lbs.,"78""",Southpaw,"Sep 07, 1990"
3746e21bb508391a,1-2-0,0.00,0%,0.00,0%,,0.00,0%,0%,0.0,--,170 lbs.,--,Orthodox,--
914a897455693650,17-7-0 (2 NC),1.53,31%,1.85,61%,,0.00,0%,50%,0.0,"5' 7""",155 lbs.,"69""",Orthodox,"Nov 24, 1989"
0bcfe2513cb3bc39,9-2-0,1.50,35%,4.43,37%,,1.00,50%,28%,0.5,"6' 0""",185 lbs.,--,Orthodox,"May 14, 1982"
0575068a0f83f963,14-3-0,0.00,0%,0.00,0%,,0.00,0%,0%,0.0,--,125 lbs.,--,,"May 13, 2000"
0e2c2daf11b5d8f2,12-7-1 (1 NC),0.00,0%,0.00,0%,,0.00,0%,0%,0.0,--,145 lbs.,--,,--
e82b2adcaeff71ec,6-20-0,5.58,40%,0.00,0%,,20.93,100%,100%,0.0,"5' 11""",225 lbs.,--,,--
85980f5da429c0a6,11-2-0,3.93,60%,2.97,54%,,1.20,40%,16%,2.4,"6' 4""",250 lbs.,--,Southpaw,"Sep 23, 1983"
a62f85f6a6c19a4c,8-2-0,1.40,32%,4.73,40%,,1.00,16%,100%,0.0,"5' 4""",125 lbs.,"67""",Orthodox,"Mar 18, 1993"
70380ccdc81915b8,10-1-0,4.05,60%,2.16,55%,,1.23,42%,58%,2.0,"5' 9""",145 lbs.,"69""",Southpaw,"Jul 29, 1996"
d7c4956d61ae76a9,17-3-0,8.43,64%,3.50,68%,,0.00,0%,75%,0.0,"5' 8""",145 lbs.,"70""",Orthodox,"Sep 11, 1996"
bfaf4c87936b4fae,7-7-0,0.00,0%,0.00,0%,,0.00,0%,0%,0.0,--,135 lbs.,--,,"Nov 12, 1989"
37b1696e6d115957,11-6-1,1.56,40%,1.83,62%,,1.17,22%,0%,3.5,"6' 3""",155 lbs.,"77""",Orthodox,"Nov 22, 1981"
01f4bcd26ac08ad5,0-2-0,0.00,0%,0.00,0%,,0.00,0%,0%,0.0,"5' 10""",155 lbs.,--,,--
7d6ceff6747f2de2,11-2-0,7.48,54%,4.95,50%,,1.51,40%,50%,0.0,"5' 11""",145 lbs.,"74""",Switch,"Apr 21, 1998"
7d8435c56043b0ae,26-8-0,4.28,38%,3.95,52%,,0.00,0%,75%,0.0,"6' 3""",239 lbs.,"78""",Orthodox,"Aug 07, 1990"
6b453bc35a823c3f,18-4-0,5.32,51%,4.24,61%,,0.34,20%,64%,0.1,"5' 11""",170 lbs.,"73""",Switch,"Sep 10, 1996"
173acb3f920082b8,9-5-0 (1 NC),2.28,44%,4.32,40%,,2.51,34%,42%,1.6,"5' 9""",135 lbs.,"71""",Orthodox,"Dec 18, 1983"
0d0351c20169a499,8-5-0,2.99,38%,4.14,51%,,3.20,83%,55%,1.9,"5' 6""",125 lbs.,"67""",Orthodox,"Aug 19, 1987"
6ceff86fae4f6b3b,33-21-1,0.00,0%,0.00,0%,,0.00,0%,0%,0.0,"5' 11""",190 lbs.,--,Southpaw,"Jul 24, 1969"
985bca5a097fb3f4,15-7-1,0.00,0%,0.00,0%,,0.00,0%,0%,0.0,--,170 lbs.,--,,"Jul 01, 1985"
2c483cf443f38ece,11-8-0,3.37,39%,5.39,41%,,0.32,9%,26%,0.4,"5' 2""",125 lbs.,"59""",Orthodox,"Sep 22, 1988"
dfae5da5676e4194,11-5-0,2.25,32%,2.82,65%,,2.64,23%,16%,0.0,"5' 10""",185 lbs.,"72""",Orthodox,"Sep 08, 1987"
e4aaaa34535e32b6,11-3-0,6.54,53%,5.42,36%,,2.80,100%,80%,0.0,"5' 7""",135 lbs.,--,Orthodox,"Oct 11, 1983"
a11a6ee8eeb03c18,27-21-1,2.36,45%,4.69,40%,,1.48,17%,42%,1.5,"5' 10""",170 lbs.,--,Orthodox,"Apr 19, 1971"
b72f3cafa6376e35,9-10-0,1.81,47%,0.40,60%,,0.00,0%,50%,0.0,"5' 9""",155 lbs.,--,,--
fa8b9e6b0c2269f8,22-13-0,2.01,39%,3.70,62%,,0.00,0%,26%,1.4,"5' 10""",155 lbs.,"71""",Orthodox,"Jun 12, 1980"
7447e9f28508106a,16-5-0,3.47,41%,3.93,51%,,0.93,18%,37%,1.1,"5' 4""",115 lbs.,"63""",Orthodox,"Mar 24, 1993"
f2c91b67f71bbeab,6-5-0,0.00,0%,0.00,0%,,0.00,0%,0%,0.0,"6' 2""",205 lbs.,--,,"Mar 23, 1981"
6ad9058b7c7898b0,11-4-0,1.12,52%,1.57,41%,,2.25,42%,40%,1.5,"6' 0""",170 lbs.,"70""",Southpaw,"Jul 26, 1974"
140567899d98978a,5-2-0,2.11,59%,2.54,46%,,0.00,0%,50%,0.0,"6' 7""",265 lbs.,"84""",Orthodox,"Sep 09, 1988"
48544433372ecfa6,16-7-0,4.07,41%,4.00,47%,,1.07,12%,62%,0.0,"5' 0""",185 lbs.,--,Orthodox,"Aug 05, 1984"
2bcc39af95d6f2e8,6-4-0,1.52,18%,2.28,57%,,0.00,0%,0%,0.0,--,--,--,,"Jan 17, 1978"
75bbd2206a15319f,38-17-0 (1 NC),1.53,33%,6.19,39%,,2.18,66%,0%,3.3,"6' 1""",185 lbs.,--,Orthodox,"Aug 07, 1982"
9f8bd85aaeec2f56,10-1-0,4.06,53%,2.39,47%,,3.12,25%,66%,0.0,"5' 7""",135 lbs.,"69""",Switch,"Nov 30, 1998"
77d7295d1b22c694,13-7-0,3.32,39%,3.44,61%,,1.46,39%,83%,0.0,"6' 0""",185 lbs.,"74""",Orthodox,"Dec 12, 1989"
8126e4dff0cdf69e,7-3-0,7.47,40%,5.87,33%,,0.00,0%,37%,0.0,"5' 3""",115 lbs.,"60""",Orthodox,"Dec 29, 1987"
43563a32c3f10e95,19-10-1,4.06,71%,1.78,60%,,1.17,83%,53%,0.2,"6' 6""",205 lbs.,"81""",Southpaw,"Oct 06, 1973"
8567466ae167216b,6-6-1,4.53,48%,4.53,63%,,2.00,100%,66%,0.0,"6' 1""",154 lbs.,--,,"Sep 03, 1983"
32c355b04fc57f3a,17-7-0,2.54,40%,2.64,52%,,3.29,43%,66%,0.0,"5' 10""",155 lbs.,"73""",Orthodox,"Mar 16, 1993"
f5f6419c5f00abad,9-1-0,3.40,47%,2.53,44%,,3.00,75%,70%,0.0,"5' 7""",145 lbs.,"69""",Orthodox,"Mar 18, 1991"
9edf2c9082cc2cd8,3-3-0,3.12,55%,2.17,48%,,0.00,0%,73%,0.0,"5' 11""",170 lbs.,"76""",Switch,"Jul 10, 1988"
ee5df903f80c6816,0-1-0,0.00,0%,0.00,0%,,0.00,0%,0%,0.0,"5' 11""",180 lbs.,--,,"Jul 16, 1964"
b5abaa65f87938eb,17-12-2,1.13,27%,2.19,60%,,3.17,47%,100%,1.2,"5' 9""",145 lbs.,--,Orthodox,"Oct 20, 1979"
ed209f6618c82e41,23-6-1,2.08,41%,3.31,55%,,2.50,39%,76%,0.5,"5' 8""",155 lbs.,"69""",Orthodox,"Jun 16, 1984"
f7202b3130421d27,11-3-0,2.87,44%,5.80,55%,,5.00,41%,0%,0.0,"5' 6""",125 lbs.,"69""",Orthodox,"Dec 26, 1990"
33a86e839ad202d8,18-5-0,2.86,45%,2.71,55%,,4.52,57%,66%,1.1,"5' 10""",185 lbs.,"74""",,"Jan 17, 1995"
270e84d8174721d2,6-2-0,2.44,45%,7.32,50%,,1.41,33%,0%,1.4,"5' 5""",135 lbs.,"67""",,"Nov 30, 1995"
f57a8a52ca401ed9,26-10-0 (2 NC),5.71,42%,3.84,59%,,1.28,32%,60%,1.0,"6' 1""",170 lbs.,"76""",Southpaw,"Aug 02, 1983"
8355922d564b152c,22-13-0,4.57,45%,3.77,52%,,1.05,30%,41%,1.3,"6' 0""",170 lbs.,"76""",Southpaw,"Apr 16, 1985"
5e7a48e469770615,1-2-0,0.00,0%,0.00,0%,,0.00,0%,0%,0.0,--,260 lbs.,--,,--
ceee5dd37253199a,13-14-0,0.00,0%,0.00,0%,,0.00,0%,0%,0.0,--,145 lbs.,--,,"Feb 06, 1979"
bfa8f263815cfa2e,11-4-1,0.48,42%,3.84,51%,,2.40,50%,0%,0.0,"5' 10""",145 lbs.,--,Southpaw,"Apr 26, 1988"
6967153c7edb4d87,10-4-0,5.33,49%,6.52,61%,,0.00,0%,50%,0.0,"6' 4""",185 lbs.,"79""",Orthodox,"Nov 22, 1990"
74939a16c7b56f33,16-1-1,3.72,41%,3.40,59%,,5.50,50%,0%,0.8,"5' 8""",135 lbs.,"69""",Orthodox,"Jun 03, 1998"
2482ef3331a82e75,11-3-0,0.00,0%,0.00,0%,,0.00,0%,0%,0.0,"5' 9""",145 lbs.,--,,"Jul 19, 1984"
414bddf0c80c41e1,15-8-0 (1 NC),0.28,5%,8.17,25%,,0.00,0%,0%,0.0,"5' 4""",246 lbs.,--,,"Oct 09, 1976"
31da66df48c0c1a0,5-2-0,1.82,45%,2.08,62%,,0.00,0%,0%,0.0,"5' 8""",135 lbs.,--,Orthodox,"Apr 29, 1986"
eb42d4febfafefd1,9-8-0,1.45,26%,2.18,55%,,0.00,0%,45%,0.9,"5' 10""",135 lbs.,"69""",Orthodox,"Aug 05, 1980"
c849740a3ff51931,18-5-0,5.09,41%,3.47,62%,,1.56,30%,77%,0.8,"5' 6""",135 lbs.,"67""",Orthodox,"Feb 07, 1986"
b4f7a2d8ecc5e0c3,0-2-1,0.34,14%,0.69,60%,,0.00,0%,0%,0.0,"6' 2""",205 lbs.,--,Orthodox,--
cc2ad11b1f9d818b,3-4-0,3.70,73%,3.17,20%,,0.00,0%,0%,0.0,--,185 lbs.,--,,--
e0664abaa023fd6f,35-10-0,3.80,45%,4.33,51%,,0.50,50%,0%,0.0,"6' 2""",170 lbs.,"73""",Orthodox,"Sep 27, 1994"
2d2239d0f6fa83dd,23-9-1,1.08,32%,2.36,33%,,0.00,0%,50%,1.8,"5' 6""",135 lbs.,--,,"Jan 23, 1984"
25f9a5f3e8a52618,9-2-0,3.89,56%,3.62,56%,,0.00,0%,70%,0.0,"6' 4""",254 lbs.,"79""",Orthodox,"Jun 23, 1991"
8730ab4b1057f925,6-1-0,0.00,0%,0.00,0%,,0.00,0%,0%,0.0,--,--,--,,--
73eb2a552c92a821,6-3-0,0.60,25%,1.80,62%,,0.00,0%,50%,0.0,"6' 5""",185 lbs.,--,Orthodox,"Dec 12, 1979"
ec7f7263bf36579b,9-2-0 (1 NC),1.71,33%,4.41,56%,,0.00,0%,0%,0.0,"5' 8""",135 lbs.,--,Orthodox,"Oct 12, 1986"
1db445a4468447d0,9-1-0,1.97,43%,4.56,37%,,3.06,30%,0%,0.0,"5' 10""",170 lbs.,"75""",Switch,"Oct 09, 1995"
ad4e9055bf8cd04d,15-22-0,0.00,0%,0.00,0%,,0.00,0%,0%,0.0,"6' 0""",275 lbs.,--,Orthodox,"Oct 15, 1961"
7c9aeba0c4d4bd78,4-2-0,0.00,0%,0.00,0%,,0.00,0%,0%,0.0,"5' 4""",125 lbs.,--,,--
f50d95223751e6ca,15-8-0,1.75,40%,1.68,53%,,2.11,45%,52%,0.8,"5' 7""",135 lbs.,"70""",Orthodox,"Aug 13, 1986"
519e4fe37ce9ff75,29-15-0 (1 NC),4.48,41%,4.33,53%,,0.61,16%,58%,0.1,"5' 8""",155 lbs.,"70""",Southpaw,"Oct 19, 1988"
122ac9b816d8b71c,4-5-0,3.34,37%,5.20,50%,,0.84,50%,14%,0.0,"5' 6""",125 lbs.,"69""",Orthodox,"Mar 30, 1989"
009c4420727149ea,7-3-0 (1 NC),4.29,46%,5.31,46%,,1.67,75%,65%,0.3,"6' 1""",185 lbs.,"76""",Orthodox,"Jan 18, 1992"
c2a7623f398d9bd7,4-7-0,0.00,0%,0.00,0%,,0.00,0%,0%,0.0,"6' 2""",200 lbs.,--,Orthodox,"Sep 22, 1973"
99506df1af6c8b3b,22-12-0,3.20,40%,3.58,61%,,0.71,28%,82%,0.0,"5' 3""",135 lbs.,"66""",Orthodox,"Sep 26, 1984"
dbaaf42313af90fa,51-16-0,1.43,42%,2.79,50%,,2.02,33%,33%,2.3,"6' 0""",185 lbs.,"75""",Orthodox,"Oct 09, 1977"
29b5791e51e7e832,5-10-0,0.00,0%,0.00,0%,,0.00,0%,0%,0.0,"5' 11""",185 lbs.,--,,"Apr 15, 1976"
327d5f279895110d,15-5-0,3.19,41%,3.71,48%,,1.16,43%,32%,0.7,"6' 2""",185 lbs.,"76""",Orthodox,"Jul 15, 1988"
3bbcd63a016d9715,11-5-0,5.04,38%,2.94,61%,,0.00,0%,0%,0.0,"5' 11""",155 lbs.,--,Orthodox,"May 12, 1987"
5d7bdab5e03e3216,17-9-0,2.65,47%,2.58,54%,,3.55,54%,62%,1.2,"6' 2""",185 lbs.,"76""",Orthodox,"Aug 10, 1983"
4145caa2c999fbac,7-5-0 (1 NC),0.00,0%,0.00,0%,,0.00,0%,0%,0.0,--,145 lbs.,--,,"Mar 17, 1986"
1a50e734bb54861a,0-1-0,0.00,0%,0.00,0%,,0.00,0%,0%,0.0,--,--,--,,--
1c610f900f9884ab,2-2-0,1.21,23%,4.22,51%,,0.00,0%,0%,0.0,"5' 8""",145 lbs.,--,,"Jul 09, 1992"
70dd69b6a703257e,15-2-0,8.07,62%,2.80,70%,,0.58,33%,75%,0.0,"5' 11""",170 lbs.,"71""",Orthodox,"Aug 04, 2001"
bad82b681819b272,14-4-0,3.22,53%,3.44,65%,,4.00,35%,66%,0.0,"5' 3""",115 lbs.,"62""",Switch,"Aug 21, 1998"
7bc96507e4b38d3b,8-5-0,5.61,59%,5.44,45%,,1.67,28%,0%,1.7,"6' 3""",205 lbs.,"74""",Orthodox,"Feb 20, 1981"
312f47c3d2f83ffa,1-2-0,0.00,0%,0.00,0%,,0.00,0%,0%,0.0,"6' 1""",210 lbs.,--,Orthodox,--
6a2f7c151031653d,32-17-0,3.48,47%,3.23,60%,,1.95,35%,54%,0.6,"5' 8""",170 lbs.,"70""",Southpaw,"Oct 26, 1984"
63def5a5662a6917,21-9-0,4.49,47%,3.33,56%,,0.30,50%,81%,0.1,"6' 4""",238 lbs.,"77""",Orthodox,"Jan 30, 1984"
b51f6791c794e289,39-19-0,1.09,33%,8.73,41%,,0.00,0%,33%,0.0,"6' 3""",264 lbs.,--,Orthodox,"Aug 17, 1980"
81b8b3fb019dc69d,6-4-0,5.40,51%,3.94,43%,,0.00,0%,100%,0.0,"5' 10""",185 lbs.,--,Orthodox,"Jul 21, 1988"
bbc9ab95fa766493,21-9-0,2.70,25%,5.37,49%,,0.98,14%,66%,0.7,"5' 5""",135 lbs.,"70""",Orthodox,"Jul 24, 1985"
957562fdf68a725a,14-5-0,1.27,41%,1.40,43%,,0.00,0%,31%,0.0,"6' 4""",205 lbs.,"79""",Orthodox,"Sep 29, 1991"
02bb48869eb7ac8f,14-9-0,4.57,40%,6.47,59%,,0.50,14%,80%,0.0,"5' 2""",115 lbs.,"62""",Orthodox,"Jun 08, 1995"
5cdf5339728f580d,8-3-0 (1 NC),3.75,39%,3.80,41%,,0.00,0%,20%,0.5,"5' 7""",125 lbs.,"70""",Orthodox,"Sep 11, 2000"
8ce87f7e3a9baed2,20-7-2 (1 NC),3.69,35%,4.23,59%,,0.63,11%,33%,0.3,"5' 9""",145 lbs.,"70""",Orthodox,"Apr 12, 1987"
86cb6f5b1ca98dc0,10-2-0,0.00,0%,0.00,0%,,0.00,0%,0%,0.0,"5' 6""",125 lbs.,--,Southpaw,"Mar 13, 1990"
7cf0944b88966118,9-7-0,0.00,0%,0.00,0%,,0.00,0%,0%,0.0,"5' 11""",155 lbs.,--,,"Aug 16, 1981"
ce3b669e39418414,4-1-0,0.00,0%,0.00,0%,,0.00,0%,0%,0.0,--,170 lbs.,--,,"Aug 16, 1982"
640a0f838f057a81,14-5-0,8.67,64%,4.82,63%,,0.00,0%,0%,0.0,"5' 9""",145 lbs.,"72""",Orthodox,"Apr 27, 1995"
5159e6ee100c717e,2-0-0,0.00,0%,0.00,0%,,0.00,0%,0%,0.0,"5' 10""",170 lbs.,--,,"Aug 13, 1992"
e780ccc79a209985,0-1-0,0.00,0%,0.00,0%,,0.00,0%,0%,0.0,--,--,--,,--
0d9312337fdce39a,4-3-0,2.11,44%,2.63,50%,,0.00,0%,0%,0.0,--,170 lbs.,--,,--
a66395395b5f1394,8-3-0,1.66,34%,3.53,37%,,0.00,0%,37%,0.5,"6' 0""",155 lbs.,"72""",Orthodox,"Apr 08, 1986"
b05086131c6f5dc5,11-4-0,0.32,100%,3.36,12%,,2.40,16%,0%,0.0,"6' 1""",185 lbs.,--,Orthodox,"Apr 27, 1980"
0509b954421bb327,11-22-0 (1 NC),3.50,44%,10.51,27%,,0.00,0%,0%,0.0,"5' 11""",205 lbs.,--,Orthodox,"Nov 21, 1976"
f9c7fe2682af3802,11-7-0,1.16,40%,2.39,36%,,0.00,0%,55%,0.0,"6' 4""",220 lbs.,--,Orthodox,"Aug 29, 1977"
cb4bf812d9cb78b4,7-3-0 (1 NC),3.80,29%,5.60,65%,,1.00,50%,0%,0.0,"5' 10""",170 lbs.,"71""",Orthodox,"Feb 18, 1995"
c2c4052f58f54988,8-2-0,5.80,31%,5.07,40%,,0.00,0%,55%,0.0,"5' 5""",125 lbs.,"65""",Southpaw,"Mar 17, 1994"
e5e148d4363deff8,12-3-0,2.73,32%,2.60,58%,,2.00,18%,0%,0.0,"5' 11""",145 lbs.,"74""",Orthodox,"Sep 23, 1994"
5fd834edd92c9e50,0-1-0 (1 NC),0.00,0%,0.00,0%,,0.00,0%,0%,0.0,"5' 8""",145 lbs.,--,,--
679a9054e2815943,21-5-1,3.29,38%,2.26,57%,,3.55,60%,82%,0.4,"6' 1""",205 lbs.,"76""",Orthodox,"Jan 22, 1982"
d2a9be6bf2de624c,7-0-0 (1 NC),0.00,0%,0.00,0%,,7.32,100%,0%,21.9,"6' 3""",205 lbs.,--,Orthodox,"Oct 05, 1981"
0d7b51c9d2649a6e,23-3-0,5.18,48%,4.33,52%,,2.22,51%,34%,0.7,"6' 1""",185 lbs.,"76""",Switch,"Jan 14, 1994"
706404da0775dcbc,6-3-0,0.00,0%,0.00,0%,,0.00,0%,0%,0.0,"6' 0""",240 lbs.,--,Orthodox,"Aug 09, 1968"
29b5d32584e02d8d,19-7-0,4.55,40%,4.18,57%,,0.00,0%,60%,0.0,"5' 7""",135 lbs.,--,,"Mar 10, 1987"
454c3e9d4cd4a1b3,10-4-0,2.27,38%,4.00,53%,,3.00,50%,69%,1.0,--,155 lbs.,--,,"Jan 25, 1977"
c3d2b9bcb4cead6b,6-2-0 (1 NC),5.65,52%,5.31,42%,,1.68,50%,50%,0.0,"5' 4""",125 lbs.,"65""",Orthodox,"Jul 08, 1996"
ec322adbabbfa6e7,6-3-0,3.93,37%,6.81,46%,,0.00,0%,100%,0.0,"6' 3""",185 lbs.,"77""",Orthodox,"Apr 04, 1995"
02f8fedc18cbd26c,13-9-0,7.45,52%,7.84,57%,,0.20,14%,94%,0.0,"5' 2""",115 lbs.,"63""",Orthodox,"Jan 01, 1994"
6c9b66b43663f2f7,8-2-0,2.87,47%,3.40,50%,,2.73,35%,33%,0.0,"5' 5""",115 lbs.,"67""",Orthodox,"Jan 26, 1999"
072a10e85f7d4bff,11-6-0,0.87,31%,3.43,58%,,2.34,45%,0%,0.0,"5' 3""",135 lbs.,--,Orthodox,"Aug 04, 1989"
cb6c45b26b0a877a,6-1-0,0.00,0%,0.00,0%,,0.00,0%,0%,0.0,"5' 6""",145 lbs.,--,,"Jul 02, 1988"
bda04c573563cc2e,9-3-0 (1 NC),5.93,37%,2.87,56%,,0.72,25%,90%,0.0,"6' 3""",260 lbs.,"78""",Orthodox,"Dec 06, 1985"
654ae722109a0d31,16-5-0,2.68,34%,3.78,54%,,0.96,66%,64%,0.7,"5' 10""",155 lbs.,"73""",Orthodox,"Feb 18, 1988"
cea51876d8a514a0,7-1-0,5.07,69%,2.13,52%,,0.00,0%,62%,0.0,"5' 7""",125 lbs.,"69""",Switch,"Oct 02, 1995"
4ae4049426e0161d,6-3-0,1.33,27%,3.33,60%,,1.50,50%,50%,0.0,"5' 9""",135 lbs.,--,Orthodox,"Aug 31, 1990"
a7ddae0be8b78147,3-5-0 (1 NC),4.83,53%,4.43,57%,,1.27,36%,50%,1.9,"5' 11""",135 lbs.,"73""",Orthodox,"Jun 24, 1986"
e803242fb2e41112,12-1-0,8.78,54%,4.24,50%,,2.20,100%,100%,0.0,"6' 3""",170 lbs.,"75""",Orthodox,"Aug 02, 1998"
a57cb948c4c70a47,7-2-0,2.99,63%,1.65,40%,,4.57,50%,0%,1.8,"5' 7""",145 lbs.,"71""",Orthodox,"Jul 04, 1996"
1a225f04aa6e0739,4-2-0,0.00,0%,0.67,75%,,0.00,0%,66%,0.0,"5' 8""",155 lbs.,--,Orthodox,"Nov 04, 1977"
4e6738062d469256,10-5-0 (1 NC),1.97,44%,2.64,53%,,1.30,31%,33%,0.2,"6' 2""",185 lbs.,"79""",Orthodox,"Aug 06, 1995"
d3f5d33d61cd00c9,13-3-0,3.85,50%,2.33,64%,,1.43,54%,71%,0.0,"5' 7""",135 lbs.,"67""",Orthodox,"Oct 01, 1990"
fd406a32a6fb3a29,15-3-0,4.83,45%,4.57,50%,,2.92,40%,55%,0.6,"5' 10""",155 lbs.,"71""",Orthodox,"May 10, 1993"
a93f94c923c3a9cb,14-2-0,4.43,57%,2.59,52%,,0.33,16%,63%,0.0,"6' 2""",185 lbs.,"79""",Switch,"Jul 24, 1995"
e5c9de15bb58b1c6,18-9-1,5.33,39%,3.54,61%,,1.82,33%,79%,1.0,"5' 10""",155 lbs.,"70""",Southpaw,"Dec 18, 1981"
31732a614e7a3d1d,2-2-0 (1 NC),1.94,31%,8.71,35%,,0.00,0%,50%,0.0,"5' 8""",155 lbs.,--,,--
e979c76341f19b22,16-2-0 (1 NC),3.83,45%,5.30,62%,,0.42,25%,46%,0.0,"5' 7""",135 lbs.,"68""",Orthodox,"Jun 21, 1993"
6b7c7460855dbbb9,16-5-0,2.99,40%,3.01,59%,,1.97,29%,66%,0.6,"5' 11""",185 lbs.,"75""",Orthodox,"Jan 05, 1989"
4417980b3e798abf,11-7-1,3.19,49%,2.61,50%,,0.98,23%,25%,0.7,"5' 7""",135 lbs.,"71""",Orthodox,"Jul 02, 1983"
7f6ed67d3ed3c036,18-10-1,3.24,44%,3.94,50%,,3.99,49%,56%,0.7,"5' 7""",125 lbs.,"67""",Southpaw,"Mar 29, 1991"
2153a7f8396a46cc,13-6-1,3.92,50%,4.80,41%,,0.00,0%,100%,0.0,"5' 11""",170 lbs.,--,Orthodox,"May 06, 1982"
43db649da89fac4b,11-4-0,4.74,54%,5.95,33%,,0.00,0%,83%,0.0,"5' 8""",125 lbs.,--,Orthodox,"Sep 03, 1987"
7df4d3c38792b083,1-2-0,0.00,0%,2.40,40%,,0.00,0%,0%,0.0,"6' 2""",185 lbs.,--,Southpaw,--
c03520b5c88ed6b4,21-5-0,4.42,41%,2.80,54%,,5.97,35%,76%,0.3,"5' 6""",135 lbs.,"68""",Orthodox,"Jan 10, 1991"
9ada30894bf04e19,20-6-0,3.48,43%,3.29,59%,,0.58,30%,70%,0.2,"5' 5""",125 lbs.,"68""",Orthodox,"Jun 05, 1992"
8f0d576beba1cfcd,9-4-0,2.57,34%,3.24,54%,,0.44,10%,60%,0.0,"6' 4""",170 lbs.,"76""",Orthodox,"Dec 17, 1989"
55ed59d541f8b90c,9-7-1 (1 NC),3.04,37%,4.47,52%,,0.30,20%,68%,0.0,"5' 8""",145 lbs.,"69""",Orthodox,"Aug 11, 1990"
cfbb3edab781dfd2,7-1-0,7.71,46%,6.72,51%,,0.70,8%,100%,0.0,"5' 6""",115 lbs.,"65""",Orthodox,"Apr 23, 2001"
ee457ef1e1c326c1,12-3-0,0.50,55%,0.20,33%,,3.00,100%,0%,0.0,"5' 8""",170 lbs.,--,Orthodox,--
5713c1d2fac539ac,12-3-0,4.15,43%,7.32,40%,,3.97,100%,16%,0.0,"6' 3""",245 lbs.,--,Orthodox,"Jun 29, 1988"
05866d8c3a321856,18-15-1,2.21,35%,3.92,42%,,1.38,33%,81%,0.0,"5' 9""",185 lbs.,"73""",Orthodox,"Jun 08, 1971"
bc7230f231701d66,13-6-0,3.51,37%,4.28,61%,,0.75,22%,66%,0.0,"5' 6""",135 lbs.,"70""",Southpaw,"Jan 25, 1984"
4acb99524a9a81ab,7-15-0,0.00,0%,0.00,0%,,0.00,0%,0%,0.0,"5' 7""",135 lbs.,--,,--
ec421d5de0aea624,9-2-0,0.00,0%,0.00,0%,,0.00,0%,0%,0.0,"5' 11""",155 lbs.,--,,"Dec 07, 1980"
a5b0bd216d8ba84e,20-10-0 (3 NC),0.74,50%,0.74,62%,,3.70,100%,0%,0.0,"5' 9""",154 lbs.,--,Southpaw,"May 18, 1975"
32ba186f4b0e3267,51-18-1 (1 NC),2.32,49%,2.14,56%,,1.70,23%,61%,0.1,"6' 0""",170 lbs.,"73""",Southpaw,"Nov 27, 1980"
20b13e96668caaa4,7-1-0,2.95,53%,2.52,57%,,0.00,0%,71%,2.6,"5' 5""",125 lbs.,"67""",Switch,"Aug 21, 1995"
40ff198adda94b9f,6-3-0,3.37,45%,2.98,54%,,1.45,22%,63%,0.0,"5' 8""",145 lbs.,"68""",Orthodox,"Feb 16, 1986"
f2688492b9a525a3,23-11-1,3.77,40%,2.82,65%,,2.29,31%,65%,0.3,"5' 6""",135 lbs.,"68""",Orthodox,"Oct 16, 1981"
37e03538c960bac6,17-4-0,10.22,61%,0.13,92%,,3.98,100%,0%,2.0,"6' 2""",205 lbs.,--,Orthodox,"Nov 25, 1991"
528c24b99fbaab79,28-13-0,2.95,39%,3.22,63%,,0.22,20%,58%,0.4,"5' 7""",135 lbs.,"71""",Orthodox,"Aug 03, 1978"
5f04e3d58d9ce982,42-22-1 (1 NC),2.91,42%,2.34,66%,,0.76,53%,69%,0.7,"5' 9""",155 lbs.,"73""",Southpaw,"Sep 30, 1976"
e56daf7725a0b5ab,9-5-0,2.68,42%,3.32,51%,,2.14,26%,27%,1.0,"5' 10""",155 lbs.,"70""",Orthodox,"Jan 26, 1983"
f1fac969a1d70b08,22-6-0 (1 NC),2.60,54%,2.44,52%,,1.25,37%,63%,0.4,"6' 2""",170 lbs.,"74""",Southpaw,"Aug 25, 1991"
ef44e4ea9050f2ea,6-3-0,1.50,41%,4.15,44%,,0.72,100%,44%,0.0,"5' 8""",155 lbs.,"72""",Orthodox,"Sep 11, 1990"
e6904a03a66e711d,4-1-0,0.00,0%,0.00,0%,,0.00,0%,0%,0.0,--,145 lbs.,--,,"Aug 28, 1989"
f9ab66e67240db7b,18-6-0,4.61,53%,3.26,50%,,1.29,36%,62%,0.6,"5' 8""",135 lbs.,"70""",Orthodox,"Sep 29, 1995"
f5d82eccdea4e2dd,8-5-0,2.40,50%,2.40,55%,,0.00,0%,0%,0.0,"6' 5""",205 lbs.,"78""",Southpaw,"Nov 05, 1998"
eae4aec1a5a8ff01,7-5-0,0.00,0%,3.91,50%,,0.00,0%,28%,0.0,"5' 11""",170 lbs.,--,Orthodox,--
5e6294b37bbef029,8-5-0,2.20,46%,2.48,52%,,2.48,42%,50%,0.6,"5' 6""",135 lbs.,"68""",Orthodox,"Aug 12, 1988"
27fc9218a3653e3c,19-7-1,2.86,43%,5.66,49%,,0.82,25%,50%,0.0,"6' 1""",235 lbs.,--,Orthodox,"Jun 28, 1978"
0577808d22dfe79c,6-3-0,2.15,52%,3.05,52%,,1.73,55%,43%,0.0,"6' 6""",253 lbs.,--,Orthodox,"Dec 10, 1975"
58bc81376286b3d3,14-5-1,2.07,61%,2.38,67%,,2.07,11%,50%,3.6,"5' 10""",155 lbs.,"72""",Orthodox,"Nov 12, 1980"
22d80fb67e50ab0b,2-0-0,0.00,0%,0.00,0%,,0.00,0%,0%,0.0,--,--,--,,--
d9a56ecb6e94f02e,10-2-0,5.66,50%,4.94,57%,,0.48,15%,40%,0.5,"5' 10""",155 lbs.,"72""",Switch,"Apr 11, 1997"
07a74004d964c7f4,10-2-0,2.71,56%,3.59,46%,,0.85,22%,0%,0.8,"6' 3""",205 lbs.,"77""",Southpaw,"May 28, 1995"
e873203fd50542f6,3-1-0,0.00,0%,0.00,0%,,0.00,0%,0%,0.0,"6' 4""",205 lbs.,--,,--
1a064688481f66e1,17-4-1 (1 NC),0.40,50%,6.47,20%,,0.00,0%,50%,0.0,"5' 3""",125 lbs.,"64""",Southpaw,"Jan 08, 1995"
e295b96f135d758a,6-8-0,2.07,30%,4.93,48%,,2.00,100%,66%,1.0,"5' 7""",135 lbs.,--,,"Jul 17, 1985"
92a9aa9c93192871,29-12-0,3.40,38%,3.34,51%,,2.87,34%,56%,1.1,"5' 10""",145 lbs.,"71""",Orthodox,"May 16, 1984"
d81ac739417d7f53,31-15-0,2.47,39%,2.83,60%,,2.04,47%,86%,0.4,"5' 9""",170 lbs.,"71""",Orthodox,"Mar 28, 1985"
8e8e4487c621aa1c,15-2-0,1.62,47%,3.45,48%,,3.17,40%,0%,1.1,"5' 9""",155 lbs.,"72""",Orthodox,"Mar 28, 1985"
c96d9178c9ed9e62,22-14-1,3.51,43%,3.00,56%,,3.61,45%,59%,1.1,"5' 7""",125 lbs.,"66""",Southpaw,"Dec 24, 1986"
6b56e94a59b7b134,12-4-0,3.62,48%,2.24,61%,,1.52,40%,52%,0.0,"6' 0""",170 lbs.,"72""",Orthodox,"Dec 19, 1997"
e60d773a0a42048a,21-16-1 (1 NC),3.40,69%,1.53,68%,,4.00,66%,50%,2.0,"5' 9""",170 lbs.,--,Orthodox,"Jul 07, 1983"
77350fd0e6d1dba8,15-11-0,1.68,48%,2.32,57%,,4.19,63%,50%,0.6,"5' 4""",115 lbs.,--,,"Nov 15, 1982"
87e4a3a5080ee7ce,5-2-0,1.57,33%,15.13,40%,,0.00,0%,0%,0.0,"6' 0""",238 lbs.,"78""",Orthodox,"Mar 05, 1997"
1536a25e16fc299b,3-2-0,3.68,49%,4.64,56%,,0.00,0%,33%,0.0,"5' 3""",115 lbs.,--,Orthodox,"Oct 06, 1984"
5f3da9a9610d8969,10-6-0,1.99,40%,8.09,51%,,0.00,0%,0%,0.0,"5' 9""",135 lbs.,"71""",Switch,"Apr 27, 1987"
1741343f0ca34dd5,5-2-0,0.82,15%,0.66,69%,,2.47,100%,50%,4.9,"5' 8""",135 lbs.,--,,"Mar 18, 1989"
45c8fed13a62fe92,3-1-0,0.00,0%,0.00,0%,,0.00,0%,0%,0.0,"5' 4""",135 lbs.,--,,"Jun 26, 1992"
abd5fb12437eda21,20-6-0,2.53,45%,2.14,65%,,2.37,29%,66%,0.7,"5' 10""",170 lbs.,"76""",Southpaw,"May 23, 1987"
f54200f1dfb9b5d4,23-7-0,2.75,41%,1.70,65%,,2.32,72%,66%,0.9,"6' 6""",255 lbs.,--,Orthodox,"Aug 02, 1981"
b8da6f5c80ae2d15,36-5-0 (1 NC),3.18,51%,1.00,63%,,2.00,63%,82%,1.9,"6' 0""",230 lbs.,"74""",Orthodox,"Sep 28, 1976"
dc0f07928009a127,18-12-0 (1 NC),2.50,30%,2.83,64%,,2.02,52%,65%,0.4,"5' 9""",155 lbs.,"70""",Orthodox,"Jul 30, 1981"
e00a3dee329a51f7,22-8-0,5.10,49%,3.92,57%,,2.59,53%,81%,0.3,"5' 10""",145 lbs.,"74""",Orthodox,"Jul 24, 1989"
fba03cd6cc28dc41,19-7-0,3.67,35%,4.52,59%,,1.07,36%,43%,0.1,"5' 6""",145 lbs.,"70""",Orthodox,"Mar 04, 1985"
e3f443e4cbc3da8f,3-3-0,1.71,34%,0.66,84%,,3.94,100%,0%,3.9,"5' 11""",155 lbs.,--,,"Oct 16, 1975"
d2f310b5b072e986,5-1-0,0.00,0%,0.00,0%,,0.00,0%,0%,0.0,"6' 2""",170 lbs.,--,,--
4122da4f791b2f4f,9-4-0,2.31,25%,11.54,40%,,0.00,0%,0%,0.0,"5' 10""",155 lbs.,"69""",Orthodox,"Jul 09, 1993"
330bafba312face4,7-2-0,2.38,36%,3.55,37%,,0.87,16%,0%,0.0,"6' 0""",170 lbs.,"77""",Switch,"Aug 10, 1991"
d238217e0f8ea8e1,14-2-0 (1 NC),0.00,0%,0.00,0%,,0.00,0%,0%,0.0,"5' 10""",145 lbs.,--,Orthodox,"May 27, 1987"
daf9be103c1edbbd,14-15-0,8.41,79%,0.00,100%,,5.49,100%,0%,11.0,"6' 2""",192 lbs.,--,,--
d7adfcfdf7c6c1f8,9-3-0,0.11,7%,7.36,31%,,0.00,0%,0%,12.1,"5' 5""",135 lbs.,--,Orthodox,"Nov 19, 1986"
993d385f5a475375,10-4-0,3.51,23%,5.32,57%,,0.00,0%,58%,0.0,"6' 3""",185 lbs.,"78""",Orthodox,"Aug 15, 1991"
bc7cf284c1c2f16e,5-5-1,3.74,44%,3.58,46%,,0.00,0%,50%,0.0,"5' 7""",160 lbs.,--,Orthodox,--
919fc4bc3edf4de7,11-1-0,2.67,71%,2.60,44%,,0.00,0%,60%,0.0,"6' 0""",155 lbs.,"75""",Switch,"Oct 19, 1999"
984b0c4c6e773a1c,6-7-0,0.00,0%,0.00,0%,,0.00,0%,0%,0.0,--,130 lbs.,--,,"Aug 23, 1986"
b593cd58b0afffb0,7-2-0,0.00,0%,8.40,0%,,0.00,0%,0%,0.0,"6' 0""",185 lbs.,"74""",Orthodox,"Sep 19, 1996"
32ab52e5de93092d,14-4-0,4.64,47%,4.07,55%,,1.13,28%,67%,0.4,"5' 8""",125 lbs.,"68""",Orthodox,"Jul 27, 1995"
7b9a85e5ff31ef47,9-4-1,0.94,47%,1.87,25%,,4.68,60%,100%,6.2,"6' 3""",280 lbs.,--,Orthodox,"Jul 06, 1964"
22061ff217907c78,9-3-0,1.07,36%,1.83,47%,,0.00,0%,70%,0.0,"5' 11""",230 lbs.,--,Orthodox,"Jan 31, 1983"
902ec2cc48c8ae8a,31-14-0,6.18,48%,6.31,48%,,1.73,43%,61%,0.7,"6' 1""",145 lbs.,"74""",Southpaw,"Jul 31, 1989"
082eba4cd80f736f,14-6-1,3.29,44%,3.29,61%,,0.00,0%,33%,0.3,"5' 11""",145 lbs.,"73""",Orthodox,"Nov 17, 1994"
64ad3e3b0efa30bb,15-6-0 (1 NC),2.53,49%,4.57,54%,,0.93,37%,70%,0.0,"6' 2""",205 lbs.,"72""",Orthodox,"Nov 15, 1991"
74061adb224be3cc,8-6-0,1.34,69%,1.59,41%,,1.88,50%,0%,0.0,"5' 9""",155 lbs.,--,,"Oct 29, 1968"
c26ea30823f37316,5-1-0,4.06,54%,1.13,61%,,4.25,100%,50%,1.4,"6' 0""",170 lbs.,--,,--
f7ede18b4ec4ec1f,5-6-0,0.00,0%,0.00,0%,,0.00,0%,0%,0.0,--,130 lbs.,--,,--
9ebd666f99ba686b,9-1-0,0.00,0%,0.00,0%,,0.00,0%,0%,0.0,--,155 lbs.,--,,"Feb 18, 1998"
0e4daed84a8f39a6,15-10-1,3.07,71%,1.74,43%,,0.00,0%,0%,2.0,"5' 11""",350 lbs.,--,Orthodox,"Aug 03, 1968"
b36874652ed7715d,1-0-0,0.00,0%,0.00,0%,,0.00,0%,0%,0.0,--,205 lbs.,--,,--
5df17b3620145578,17-9-0,1.77,43%,4.32,49%,,0.43,33%,13%,0.0,"5' 7""",135 lbs.,"72""",Orthodox,"Aug 30, 1981"
83fd97284f4bb4a4,28-12-0,2.92,44%,2.30,63%,,1.31,40%,66%,0.8,"5' 9""",155 lbs.,"71""",Orthodox,"Jan 15, 1986"
ed220e87bef0cc64,8-7-0 (1 NC),0.00,0%,0.00,0%,,0.00,0%,0%,0.0,--,145 lbs.,--,,"Jul 13, 1978"
d910665038efc639,20-8-0,2.19,39%,2.87,54%,,3.28,36%,47%,0.3,"5' 1""",115 lbs.,"63""",Orthodox,"Oct 10, 1987"
ccf5dc41417e9daf,11-2-0,2.38,70%,1.95,40%,,8.93,78%,50%,2.4,"6' 3""",255 lbs.,"80""",Orthodox,"Oct 09, 1980"
215a70f073a7b726,15-9-0 (1 NC),4.22,52%,2.94,57%,,0.75,28%,70%,0.2,"5' 6""",125 lbs.,"69""",Orthodox,"Nov 08, 1989"
411539901068522f,6-6-0,4.10,31%,7.37,52%,,0.75,21%,83%,0.0,"5' 1""",115 lbs.,"64""",Orthodox,"May 07, 1986"
83455a9d17f57dae,14-1-0,2.40,39%,3.90,45%,,4.91,33%,66%,0.2,"5' 8""",135 lbs.,"69""",Orthodox,"Aug 10, 1996"
41f3cfdab0b22236,7-1-0,3.20,43%,3.27,70%,,0.00,0%,0%,0.0,"5' 10""",155 lbs.,"68""",Orthodox,"Mar 11, 1992"
ea9bfe9c25037bba,7-3-0,0.00,0%,0.00,0%,,4.37,100%,100%,0.0,"5' 7""",125 lbs.,"68""",Switch,"Aug 05, 1993"
33011768c3c4dc9a,16-5-0,2.16,35%,2.53,67%,,0.43,30%,39%,1.4,"6' 1""",155 lbs.,"73""",Orthodox,"Jan 11, 1986"
8d5daf67983b65ba,1-1-0,0.00,0%,0.00,0%,,0.00,0%,0%,0.0,"6' 0""",180 lbs.,--,Southpaw,"Oct 12, 1955"
74b5736f1df40be3,4-2-0,0.00,0%,0.54,83%,,8.04,100%,0%,0.0,--,135 lbs.,--,,--
4234f0097c83fa62,8-7-0,4.30,43%,3.43,57%,,1.90,44%,66%,0.3,"5' 4""",125 lbs.,"67""",Orthodox,"Apr 27, 1985"
9766ed20b68c7c33,13-3-0 (1 NC),4.51,40%,3.96,61%,,1.60,19%,61%,0.2,"5' 8""",155 lbs.,"68""",Orthodox,"Oct 07, 1980"
ee779c43a8926d52,19-8-1,2.14,37%,2.42,63%,,2.98,44%,73%,0.0,"6' 0""",205 lbs.,"75""",Orthodox,"Sep 25, 1979"
d3de4a24f7eefac8,13-10-0,1.79,35%,2.55,55%,,3.19,83%,69%,0.6,"5' 9""",155 lbs.,--,Orthodox,"Oct 10, 1980"
fc6e681bf6658faf,6-6-0,4.03,34%,4.59,53%,,0.95,22%,50%,0.0,"5' 8""",135 lbs.,"67""",Orthodox,"Jul 09, 1987"
dd8aec6de7035943,11-4-0,0.27,10%,3.86,38%,,0.00,0%,0%,4.0,"6' 3""",250 lbs.,--,Orthodox,"Jun 01, 1974"
b12a1d19ee383b7c,19-8-0 (1 NC),1.16,42%,4.02,38%,,0.93,30%,33%,0.9,"5' 7""",135 lbs.,"70""",Orthodox,"Jun 04, 1981"
76e2870ffafbe38f,20-0-0,3.91,47%,2.80,61%,,4.78,52%,61%,0.2,"5' 7""",145 lbs.,"72""",Orthodox,"Feb 11, 1994"
5f6f049d54728e88,17-9-0,4.28,40%,4.87,51%,,0.36,75%,72%,0.1,"5' 8""",145 lbs.,"75""",Southpaw,"Jan 21, 1988"
54c2576b7f2f1f57,7-1-0,3.40,37%,4.33,50%,,0.00,0%,42%,0.0,"6' 0""",185 lbs.,"75""",Orthodox,"Sep 06, 1993"
0798f558681d0eb5,6-0-0,2.27,60%,1.93,48%,,5.00,62%,0%,0.0,--,185 lbs.,--,,"Sep 30, 1985"
d776b5814f2400b4,10-2-0,7.44,55%,4.53,63%,,1.68,60%,100%,0.0,"5' 6""",135 lbs.,"69""",Orthodox,"Feb 19, 1996"
a1cb266d7f44f35f,13-3-0,2.53,27%,9.73,34%,,2.00,40%,100%,0.0,"5' 7""",145 lbs.,"68""",Orthodox,"May 09, 2000"
f72465a784c1b084,15-11-0 (1 NC),3.86,37%,4.19,55%,,0.58,40%,57%,0.5,"5' 6""",125 lbs.,"66""",Orthodox,"Jul 27, 1986"
6224e8d0a34264eb,2-5-0,2.28,32%,6.25,44%,,1.01,25%,33%,0.0,--,155 lbs.,"70""",Orthodox,"Jul 15, 1984"
78114b7199cef90c,35-11-0,2.65,40%,2.59,64%,,1.54,30%,58%,0.8,"5' 6""",135 lbs.,"67""",Orthodox,"May 14, 1979"
8c020156779f7888,4-4-2,4.03,41%,4.00,62%,,0.00,0%,100%,0.0,"5' 6""",125 lbs.,"66""",Orthodox,"Jun 25, 1987"
40389d39a92f5bfa,16-4-0,1.19,38%,0.66,70%,,3.44,64%,100%,0.4,"5' 6""",145 lbs.,"69""",Southpaw,"Jul 14, 1975"
e17ac6410c8377f4,15-5-0,2.23,68%,1.46,51%,,7.10,70%,80%,0.0,"6' 0""",170 lbs.,"75""",Orthodox,"Apr 26, 1986"
453ee00c3e1ae9dd,33-20-0 (1 NC),0.39,40%,8.90,42%,,0.00,0%,0%,0.0,"5' 9""",205 lbs.,--,Orthodox,"Aug 16, 1979"
adea9f0090aa8e14,4-5-0,0.00,0%,0.00,0%,,0.00,0%,0%,0.0,"6' 1""",230 lbs.,--,,--
862b0b3375aa4b6e,6-6-0,4.55,31%,7.40,45%,,0.00,0%,60%,0.0,"5' 8""",135 lbs.,"72""",Orthodox,"Dec 10, 1983"
8f765fd5775a8873,24-1-1,5.03,52%,3.61,54%,,3.91,34%,91%,0.2,"6' 0""",170 lbs.,"74""",Orthodox,"Sep 28, 1991"
d58478ded5534695,37-10-0 (1 NC),1.67,55%,0.53,86%,,1.00,100%,71%,3.0,"5' 11""",185 lbs.,--,Orthodox,"Mar 08, 1981"
f7be1db194e03d7e,16-5-0,3.21,48%,3.39,50%,,2.73,25%,66%,0.0,"5' 6""",135 lbs.,"66""",Orthodox,"Jul 30, 1992"
91d73ee59347ac16,16-7-0,1.69,45%,2.17,53%,,0.90,50%,20%,0.9,"6' 1""",170 lbs.,--,Orthodox,"Jul 05, 1980"
04e9955f33e0c267,1-1-0,6.69,64%,2.09,85%,,1.25,50%,0%,1.2,"5' 9""",155 lbs.,--,,--
27b164b0d1833df0,18-8-1,2.23,56%,1.44,45%,,1.31,66%,20%,0.7,"5' 7""",125 lbs.,--,Switch,"Jul 23, 1986"
431262bbc69215dc,10-1-0,3.80,39%,5.33,51%,,0.00,0%,41%,0.0,"6' 1""",145 lbs.,"76""",Orthodox,"Mar 16, 1993"
49c7236c737d7e59,8-3-0 (1 NC),0.81,22%,2.21,67%,,3.02,100%,0%,0.0,"5' 9""",145 lbs.,--,Southpaw,"Sep 11, 1975"
f89e6e66b9b112de,7-3-0,6.33,41%,7.20,51%,,0.00,0%,20%,0.0,"6' 4""",170 lbs.,"79""",Southpaw,"Jun 19, 1989"
9c42a0de8e012870,4-2-0,4.01,48%,3.61,52%,,0.00,0%,44%,0.0,"5' 8""",135 lbs.,--,Orthodox,"Apr 09, 1985"
5af26b3201690d29,25-20-3 (1 NC),2.30,53%,1.60,54%,,4.50,100%,25%,0.0,"6' 0""",215 lbs.,--,Southpaw,"Jan 03, 1975"
f36af23639501cdf,10-1-0,0.00,0%,0.00,0%,,0.00,0%,0%,0.0,--,170 lbs.,--,,"Oct 29, 1996"
e5010b1b94ca5755,17-6-0,3.70,44%,3.44,48%,,0.29,28%,64%,0.2,"5' 11""",155 lbs.,"70""",Orthodox,"Apr 25, 1984"
a2ea77e974c5889f,11-2-0,4.88,45%,5.60,50%,,0.00,0%,72%,0.0,"6' 0""",245 lbs.,"75""",Orthodox,"Jan 12, 1995"
954e3f4e2b0e6510,4-5-0,0.00,0%,0.00,0%,,0.00,0%,0%,0.0,--,170 lbs.,--,,"Apr 28, 1979"
86597694317e5e1b,15-9-1,0.00,0%,0.00,0%,,0.00,0%,0%,0.0,--,135 lbs.,--,,--
c940b42df95bbd28,11-5-0,4.30,49%,1.67,66%,,0.67,100%,63%,0.0,"5' 6""",115 lbs.,"67""",Southpaw,"Oct 27, 2001"
27541033b97c076d,5-2-0 (1 NC),2.30,50%,3.41,38%,,3.10,72%,36%,1.2,"6' 2""",235 lbs.,"77""",Orthodox,"Feb 08, 1974"
15f4550e017f6c7d,3-0-0,0.00,0%,0.00,0%,,0.00,0%,0%,0.0,"5' 7""",205 lbs.,--,,--
22a92d7f62195791,26-11-0,4.91,45%,4.37,55%,,0.39,35%,66%,0.9,"5' 11""",170 lbs.,"76""",Orthodox,"Feb 12, 1984"
b0f316c60f8d3b47,10-5-0,2.13,43%,4.18,32%,,0.59,11%,54%,0.0,"5' 5""",125 lbs.,--,Orthodox,"May 13, 1988"
979f7edbb6980b0d,14-8-3,0.00,0%,0.00,0%,,0.00,0%,0%,0.0,"6' 2""",170 lbs.,--,,"Nov 13, 1977"
cbc071cb20ea59c7,20-3-0,2.91,40%,2.02,72%,,3.97,53%,77%,0.6,"5' 7""",139 lbs.,--,Orthodox,"Mar 30, 1980"
a6eb54ae17a551be,11-4-0,3.51,46%,5.31,53%,,0.42,18%,68%,0.2,"5' 6""",125 lbs.,"66""",Southpaw,"Aug 13, 1993"
ec13c393d029297d,11-2-0,4.28,55%,1.42,62%,,1.18,100%,76%,0.0,"5' 9""",155 lbs.,"73""",Orthodox,"Mar 17, 1995"
7ee1babb99f30115,0-0-0,0.00,0%,0.00,0%,,0.00,0%,0%,0.0,--,--,--,,--
d62e280d0f7b6d6f,6-1-0,8.14,58%,10.17,36%,,0.00,0%,0%,0.0,"6' 1""",205 lbs.,"76""",Orthodox,"Jun 29, 1995"
3df223aeaacecf3f,9-2-0,1.87,51%,4.73,38%,,3.00,30%,0%,1.0,"6' 3""",185 lbs.,"80""",,"Jan 10, 1997"
28ba5f27e473420c,18-6-0,2.57,60%,8.14,42%,,0.00,0%,0%,0.0,"5' 7""",205 lbs.,--,Orthodox,"Apr 25, 1979"
dbc17725b887860a,13-8-0,1.90,42%,2.44,53%,,2.69,53%,84%,0.5,"6' 1""",185 lbs.,"78""",Southpaw,"Feb 15, 1985"
f53d4f21d1b5f2dc,19-7-0,4.70,39%,3.46,55%,,0.82,30%,57%,0.6,"5' 9""",155 lbs.,"74""",Orthodox,"Jan 18, 1985"
1c2a8915f8431507,12-2-0,1.75,32%,2.75,56%,,1.11,100%,66%,1.7,"5' 6""",125 lbs.,"70""",Orthodox,"May 03, 1991"
1e719d4b676dc19a,15-4-0,3.27,49%,3.75,51%,,1.00,22%,50%,0.6,"5' 10""",185 lbs.,"72""",Orthodox,"Nov 04, 1992"
977081bc01197656,4-2-0,0.00,0%,0.00,0%,,0.00,0%,0%,0.0,"5' 11""",323 lbs.,--,Orthodox,"Apr 26, 1965"
8c21eb9fd7c4c203,8-1-0,0.00,0%,0.00,0%,,0.00,0%,0%,0.0,"6' 3""",205 lbs.,"79""",Orthodox,"Jan 18, 1996"
33efaf2d0941cfcf,16-8-0 (1 NC),3.30,41%,6.26,45%,,0.25,100%,66%,0.0,"6' 0""",170 lbs.,"74""",Orthodox,"Apr 07, 1994"
d814f5192e58fb2f,42-21-0,2.33,41%,2.29,57%,,1.30,35%,30%,2.2,"5' 10""",155 lbs.,"70""",Orthodox,"Dec 14, 1979"
0ec821423baa26bd,0-1-0,0.00,0%,0.00,0%,,0.00,0%,0%,0.0,"6' 4""",235 lbs.,--,Orthodox,--
6e380a4d73ab4f0e,28-32-1,0.33,33%,2.64,11%,,0.00,0%,0%,0.0,"6' 2""",200 lbs.,--,Orthodox,"Nov 18, 1974"
b4c57a8c2b773e82,8-2-0,4.00,39%,4.93,52%,,0.50,12%,57%,0.0,"5' 10""",155 lbs.,"70""",Orthodox,"Aug 15, 1996"
aa72b0f831d0bfe5,25-7-1,2.57,53%,3.43,49%,,1.61,34%,57%,1.2,"5' 5""",135 lbs.,"68""",Orthodox,"Dec 18, 1987"
cdadae5363b66eef,13-5-1 (1 NC),2.04,61%,2.59,61%,,2.51,75%,76%,0.4,"5' 6""",125 lbs.,"68""",Southpaw,"Oct 23, 1989"
daff32bc96d1eabf,11-8-1,2.37,48%,3.77,49%,,0.00,0%,58%,0.0,"5' 4""",135 lbs.,--,Orthodox,--
bbfca6d5c27d9cd8,9-5-0,2.57,39%,3.06,51%,,0.20,100%,37%,0.6,"5' 7""",135 lbs.,"69""",Orthodox,"Jul 31, 1984"
2226445c4a196dc8,16-1-0,0.00,0%,0.00,0%,,0.00,0%,0%,0.0,--,185 lbs.,--,,"Feb 05, 1995"
2abdead94ce73552,23-6-3,1.86,48%,1.67,66%,,2.40,32%,42%,1.6,"5' 8""",185 lbs.,--,Southpaw,"May 24, 1978"
65adf3856c4d9256,17-5-0,1.78,40%,1.76,50%,,2.40,47%,50%,1.8,"5' 7""",125 lbs.,"68""",Orthodox,"May 05, 1993"
8fd808923cffff82,25-14-0 (1 NC),3.89,37%,4.55,49%,,2.24,46%,71%,0.2,"5' 11""",145 lbs.,"74""",Orthodox,"Jun 25, 1990"
c32fb8c0f6471a4d,35-11-2 (1 NC),2.11,50%,1.89,63%,,0.19,40%,78%,0.3,"6' 2""",230 lbs.,"73""",Southpaw,"Sep 10, 1974"
997b4f52f76a0b53,2-3-0,1.69,41%,1.69,61%,,3.63,25%,0%,3.6,"6' 0""",183 lbs.,--,Orthodox,"May 23, 1981"
0496cdac0bc9edd8,5-1-0,0.00,0%,0.00,0%,,0.00,0%,0%,0.0,"6' 0""",170 lbs.,--,,"Jul 11, 1974"
3317823959d32a05,11-12-0,2.16,28%,8.75,42%,,0.77,11%,25%,0.0,"5' 8""",135 lbs.,--,Orthodox,"Apr 18, 1980"
fbb60f24af5d5a02,11-1-0,1.78,54%,3.34,40%,,6.86,59%,75%,0.8,"5' 8""",185 lbs.,"75""",Orthodox,"Oct 24, 1998"
9583662df31d943f,26-15-0,2.23,42%,2.21,69%,,3.76,63%,67%,0.9,"5' 8""",170 lbs.,"70""",Orthodox,"Jan 22, 1981"
036e96c1c12b8a59,6-2-0,2.83,46%,7.93,42%,,2.50,45%,71%,0.0,"5' 10""",155 lbs.,"72""",Orthodox,"Dec 10, 1997"
34ff304266360297,13-2-0,5.66,42%,3.58,66%,,1.05,29%,87%,0.0,"5' 7""",125 lbs.,"65""",Orthodox,"Feb 17, 1990"
16d09e800ad7ec79,19-8-0,1.23,50%,1.22,51%,,3.86,45%,20%,0.9,"5' 6""",154 lbs.,--,Orthodox,"Mar 18, 1982"
f34312c2ccfa0e00,24-9-0,3.17,43%,3.03,64%,,0.67,30%,60%,0.8,"5' 7""",155 lbs.,"68""",Southpaw,"May 09, 1976"
bebb4ae55ac2bf6f,18-4-1,2.01,32%,2.70,46%,,2.59,46%,44%,1.3,"5' 8""",145 lbs.,"68""",Orthodox,"Jun 06, 1992"
5517bd590dbbe1f8,2-4-0,1.40,46%,1.20,57%,,2.00,25%,50%,0.0,"5' 4""",145 lbs.,--,,--
6f018c039b4d5d80,30-7-1 (1 NC),2.61,50%,1.65,54%,,3.60,51%,56%,0.8,"6' 0""",170 lbs.,"74""",Orthodox,"Feb 24, 1978"
b8dc5fbf8338adc5,6-0-0,0.00,0%,0.00,0%,,0.00,0%,0%,0.0,"5' 10""",205 lbs.,--,,--
c814b4c899793af6,14-5-0,4.71,52%,4.81,50%,,1.00,71%,90%,0.0,"5' 8""",155 lbs.,"71""",Switch,"Mar 05, 1993"
7d09200f6a77b20e,14-8-0,3.10,34%,2.97,62%,,0.00,0%,27%,0.0,"6' 2""",155 lbs.,--,Orthodox,"Jan 08, 1983"
725b1abc9a39d873,10-3-0,3.36,49%,4.61,46%,,1.54,35%,33%,0.9,"5' 10""",170 lbs.,"67""",Switch,"Feb 18, 1997"
a2d342ffc83913ed,9-3-0,3.41,59%,2.16,57%,,3.37,38%,50%,0.7,"5' 7""",135 lbs.,"70""",Orthodox,"Jan 03, 1998"
09e62c450e754913,17-9-0,1.67,50%,4.70,43%,,2.36,33%,0%,3.5,"5' 7""",125 lbs.,"68""",Orthodox,"Sep 07, 1990"
b5f44dcb863f595b,9-2-0,1.56,44%,1.88,60%,,0.00,0%,40%,1.2,"6' 0""",155 lbs.,"73""",Southpaw,"Mar 17, 1988"
4bb0f74d5e26f89a,7-3-0,2.00,37%,7.80,25%,,1.00,9%,0%,0.0,"6' 3""",205 lbs.,"73""",Switch,"Dec 22, 1993"
d23d5960ac5e117c,17-3-0,3.66,40%,2.02,54%,,0.00,0%,0%,0.0,"5' 10""",145 lbs.,"73""",Orthodox,"Aug 06, 1991"
cb139171ed1b69fe,14-6-0,2.41,40%,1.85,63%,,2.22,33%,60%,1.3,"5' 10""",145 lbs.,"74""",Southpaw,"May 26, 1976"
65db4065e2bc107d,13-8-1,3.13,50%,5.35,42%,,1.65,44%,66%,0.4,"5' 9""",155 lbs.,"71""",Orthodox,"Aug 25, 1994"
8164250600b7c91b,2-0-0,0.00,0%,0.00,0%,,0.00,0%,0%,0.0,--,--,--,,"Jul 18, 1988"
c97fc5fbf7d32b8a,6-4-0,0.38,25%,0.77,0%,,0.00,0%,0%,0.0,--,170 lbs.,--,,--
01d2ed8c502e3828,11-6-0,2.76,54%,2.83,54%,,2.10,25%,50%,0.0,"5' 9""",155 lbs.,"74""",Orthodox,"Jan 07, 1984"
fa534853eb195270,5-5-0,2.86,14%,14.29,54%,,0.00,0%,0%,0.0,"5' 7""",220 lbs.,--,Orthodox,"Mar 16, 1976"
5de61b03868035ff,5-4-0 (1 NC),0.00,0%,3.37,56%,,0.00,0%,0%,0.0,"5' 7""",220 lbs.,--,Orthodox,"Mar 16, 1976"
0adf1aacda5e26ac,5-4-0,0.00,0%,0.00,0%,,0.00,0%,0%,0.0,"5' 4""",145 lbs.,--,,--
05339613bf8e9808,22-10-0,5.11,45%,3.53,57%,,0.70,29%,37%,0.3,"5' 8""",135 lbs.,"71""",Orthodox,"Jun 25, 1987"
7a82635ffa9b59fe,10-15-1,2.62,42%,10.25,28%,,0.00,0%,0%,0.0,"5' 5""",185 lbs.,--,Orthodox,--
947eccadb72f4f6f,15-5-0,2.11,24%,4.06,53%,,1.79,75%,66%,1.2,"6' 2""",185 lbs.,"75""",Southpaw,"Oct 24, 1984"
a71ce6ff0b4a9dbb,15-7-0,0.00,0%,0.00,0%,,0.00,0%,0%,0.0,"5' 10""",155 lbs.,--,,"Mar 12, 1986"
5340123d826ceadb,11-9-0,0.00,0%,0.00,0%,,0.00,0%,0%,0.0,"5' 9""",170 lbs.,--,,"May 13, 1979"
90390dd1b0791e7f,7-2-0,5.32,38%,12.15,42%,,0.00,0%,0%,0.0,"5' 11""",170 lbs.,"73""",Switch,"Jul 11, 1997"
b102c26727306ab6,23-8-0,1.42,39%,2.34,64%,,1.82,35%,87%,0.6,"5' 5""",125 lbs.,"67""",Orthodox,"Apr 14, 1985"
77ba5b2939c4018b,9-1-0,7.80,55%,7.67,58%,,0.00,0%,100%,0.0,"5' 2""",115 lbs.,"61""",Orthodox,"Mar 21, 1997"
44bc27bfa76dcd9e,8-4-0,2.08,32%,2.12,63%,,2.32,58%,66%,0.0,"5' 7""",155 lbs.,"71""",Orthodox,"Mar 27, 1987"
b53c46f613f6f248,9-3-0,3.53,41%,3.23,57%,,2.50,45%,66%,0.0,"5' 0""",115 lbs.,"62""",Southpaw,"Aug 04, 1993"
d761b3766e38c5db,9-3-0,3.83,46%,4.52,64%,,0.45,8%,75%,0.5,"6' 1""",205 lbs.,"74""",Orthodox,"Oct 22, 1985"
bc7f4b2d4c2724a2,18-3-0 (2 NC),2.00,50%,3.13,57%,,3.00,60%,100%,0.0,"6' 0""",259 lbs.,"75""",Orthodox,"Jul 04, 1990"
3dc3022232b79c7a,27-10-0,3.30,39%,1.63,65%,,3.67,60%,37%,1.8,"5' 9""",170 lbs.,"71""",Orthodox,"Apr 03, 1984"
ec33146e43e58933,32-22-0,1.47,43%,2.50,49%,,0.00,0%,16%,0.0,"6' 1""",185 lbs.,--,Open Stance,"Jul 03, 1982"
d745d4146be48679,2-0-0,0.00,0%,0.00,0%,,0.00,0%,0%,0.0,"5' 11""",170 lbs.,--,,--
f65a0eb902f9476b,18-4-0,1.33,32%,4.59,50%,,0.00,0%,0%,0.0,"5' 11""",145 lbs.,--,Orthodox,"Apr 28, 1979"
e0ec3c3b6b611f7e,24-17-0 (1 NC),1.78,39%,2.85,55%,,1.53,36%,37%,2.4,"5' 6""",155 lbs.,"71""",Orthodox,"Aug 26, 1974"
00a3ff40c4b2cf21,15-5-0,2.35,42%,3.46,47%,,2.68,42%,76%,0.3,"6' 0""",155 lbs.,"77""",Orthodox,"Feb 28, 1991"
ecfdbf38681a59ba,13-5-1,0.54,33%,3.51,27%,,0.00,0%,0%,6.1,"6' 0""",205 lbs.,--,,"Jan 21, 1983"
b9532d815060de7f,6-2-0,1.83,48%,2.59,48%,,2.68,80%,40%,0.3,"5' 6""",145 lbs.,"67""",Orthodox,"Jul 16, 1982"
e564146b9cf6dbef,10-2-0,1.81,50%,2.55,38%,,3.02,37%,87%,0.0,"6' 1""",205 lbs.,"76""",Orthodox,"Jan 22, 2001"
d897897060f10a3a,29-7-0 (1 NC),4.10,44%,2.07,62%,,1.31,66%,63%,0.7,"6' 1""",185 lbs.,"76""",Southpaw,"Oct 05, 1974"
90957a918e26bf9c,5-1-0 (1 NC),3.07,33%,5.27,50%,,0.00,0%,100%,0.0,"5' 6""",135 lbs.,"66""",Southpaw,"Oct 15, 1996"
040d3b4c735541aa,13-5-0,0.77,31%,1.64,53%,,0.00,0%,57%,0.0,"5' 4""",135 lbs.,--,Orthodox,"Dec 10, 1983"
fee02819a271c050,8-7-0,1.43,21%,3.57,60%,,0.00,0%,0%,0.0,"5' 2""",115 lbs.,"61""",Orthodox,"Sep 20, 1990"
d3711d3784b76255,4-11-0,0.00,0%,0.00,0%,,0.00,0%,0%,0.0,"6' 5""",250 lbs.,--,Orthodox,--
3beeeafcbc8b4cbc,3-3-0,1.50,39%,2.77,46%,,0.00,0%,100%,0.0,"6' 0""",245 lbs.,--,Orthodox,"Mar 31, 1988"
78863e4a28204a6b,10-3-0,1.11,66%,6.11,4%,,0.00,0%,0%,0.0,"6' 0""",265 lbs.,"75""",Southpaw,"Jun 15, 1989"
b4bc2e3353a770b5,20-7-1,2.54,48%,3.11,44%,,1.44,40%,80%,0.7,"5' 11""",225 lbs.,--,Orthodox,"Nov 10, 1966"
5870bd1eadf4f322,6-4-0 (1 NC),0.00,0%,0.00,0%,,0.00,0%,0%,0.0,"6' 2""",225 lbs.,--,,"Sep 02, 1976"
63d071997c75e3fd,6-0-0,0.00,0%,0.00,0%,,0.00,0%,0%,0.0,--,125 lbs.,--,,"Nov 26, 1996"
b5c19c34f12c917e,7-2-0,2.45,56%,3.40,50%,,0.00,0%,50%,0.0,"6' 1""",265 lbs.,"77""",Southpaw,"Nov 10, 1991"
f1f37d667bcd0d27,26-6-0,1.53,37%,0.93,62%,,0.50,100%,73%,0.0,"5' 8""",155 lbs.,--,Orthodox,"Jul 28, 1987"
90e6dde9113830bd,17-8-0,3.06,44%,3.34,69%,,1.26,33%,100%,0.0,"5' 7""",155 lbs.,"71""",,"Jun 01, 1986"
a47e9ec288c91067,6-10-0,0.00,0%,8.37,19%,,0.00,0%,33%,1.9,"6' 1""",205 lbs.,--,,--
14b9e0f2679a2205,3-6-0 (1 NC),2.00,29%,8.00,51%,,11.25,50%,0%,0.0,--,205 lbs.,--,Orthodox,--
9aa56f004b2bca07,6-3-0,2.40,27%,3.20,52%,,1.00,100%,26%,0.0,"5' 7""",135 lbs.,--,Orthodox,"Jan 20, 1985"
ca43de99b07b6b40,11-6-0,2.52,44%,2.23,47%,,0.66,25%,30%,1.1,"6' 4""",185 lbs.,"76""",Orthodox,"Jan 15, 1994"
73321668ff977f1b,19-7-0,1.52,50%,1.27,16%,,0.00,0%,100%,0.0,"5' 7""",161 lbs.,--,Southpaw,"Oct 07, 1980"
756f45905fb20cb5,9-10-0,0.23,23%,2.17,42%,,0.00,0%,22%,1.0,"5' 10""",145 lbs.,--,,"May 29, 1975"
dccb63727f2f5f74,11-6-1,3.30,39%,3.76,56%,,2.34,41%,40%,0.8,"5' 9""",155 lbs.,"71""",Orthodox,"Jun 11, 1990"
d05cb1e8d1b885d8,11-10-0,2.97,43%,4.23,52%,,1.02,36%,90%,0.3,"5' 3""",115 lbs.,"65""",Southpaw,"May 20, 1985"
ee704df0afd74558,11-0-0,0.00,0%,0.00,0%,,0.00,0%,0%,0.0,"5' 10""",185 lbs.,--,,"Sep 07, 1991"
1641ef250e9de19b,9-2-0,4.52,52%,2.57,55%,,0.00,0%,53%,0.0,"5' 6""",125 lbs.,"69""",Southpaw,"Apr 14, 1987"
7cec3c4a5e7b6d68,9-4-0,3.25,38%,4.32,50%,,0.00,0%,50%,0.0,"6' 1""",170 lbs.,"73""",Orthodox,"Apr 13, 1994"
271fe91f4ba9d2c5,20-9-1 (1 NC),2.87,64%,3.57,37%,,0.91,57%,45%,0.7,"6' 1""",219 lbs.,--,Orthodox,"Nov 23, 1965"
73a78713bd899f4c,6-1-0,2.20,38%,4.27,36%,,0.00,0%,0%,0.0,"6' 5""",265 lbs.,"80""",Orthodox,"Apr 15, 1998"
253de74457bd6374,14-9-1,3.49,39%,6.50,43%,,0.00,0%,66%,0.5,"6' 0""",185 lbs.,--,Orthodox,"Mar 26, 1971"
a01a62132460a98d,10-6-0,4.88,46%,5.33,51%,,1.63,22%,50%,0.0,"6' 1""",170 lbs.,"77""",Southpaw,"Jan 12, 1989"
c3c38c86f5ab9b5c,2-2-0,1.03,33%,4.91,38%,,0.00,0%,25%,0.0,"6' 4""",225 lbs.,--,Southpaw,"Jan 28, 1983"
d71d968dc6ecfdaf,9-18-1,4.00,50%,4.43,64%,,2.14,25%,50%,2.1,"6' 0""",205 lbs.,--,Orthodox,"Aug 15, 1972"
fb6c531726447ff3,26-3-0,2.40,42%,0.00,100%,,0.00,0%,0%,12.0,"5' 3""",113 lbs.,--,,"Apr 26, 1974"
b1605ea39fba6af6,15-12-0,1.05,49%,1.99,52%,,2.78,36%,85%,0.6,"6' 0""",235 lbs.,--,Orthodox,"Oct 16, 1970"
ccd58ff71e260ed5,17-12-5,0.73,44%,1.20,47%,,0.00,0%,23%,2.5,"5' 6""",139 lbs.,--,Switch,"Sep 17, 1982"
7c35f869033901ae,24-9-0 (1 NC),4.24,43%,3.71,64%,,2.17,43%,70%,0.0,"6' 0""",185 lbs.,"73""",Southpaw,"Jan 06, 1981"
42189c98d434a413,11-2-0,2.03,60%,1.16,50%,,19.61,90%,100%,0.0,"5' 0""",115 lbs.,"61""",Southpaw,"Jun 03, 2003"
4638cc6479cc0afe,11-7-0,2.46,32%,3.50,54%,,0.47,33%,69%,0.0,"5' 10""",145 lbs.,"70""",Orthodox,"Oct 06, 1986"
911fb265462f0d94,253-53-10 (1 NC),0.00,0%,0.00,0%,,0.00,0%,0%,0.0,"6' 0""",240 lbs.,--,Orthodox,"May 29, 1977"
1f5f75658551f2d3,0-2-0,0.00,0%,0.00,0%,,0.00,0%,0%,0.0,--,--,--,,--
aa3153a9941b4d44,39-13-2,1.82,68%,2.92,35%,,0.00,0%,0%,5.5,"6' 0""",185 lbs.,--,Southpaw,"Mar 13, 1969"
e9e1acc96536bb4f,9-6-0,2.61,65%,3.57,40%,,1.24,18%,60%,0.0,"5' 10""",170 lbs.,"74""",Southpaw,"Aug 14, 1980"
c3e2eca94b2320bc,1-1-0,0.27,10%,2.67,39%,,0.00,0%,0%,3.0,"6' 0""",168 lbs.,--,,"Nov 10, 1980"
fcd8b623892b9a10,6-4-0,0.00,0%,0.00,0%,,0.00,0%,0%,0.0,--,178 lbs.,--,,--
fe98f86284a6eeb3,13-1-0,4.06,65%,4.26,46%,,0.00,0%,50%,0.0,"5' 6""",125 lbs.,--,Orthodox,"Apr 01, 1994"
ec34349e7dffcde7,18-5-0,3.31,41%,4.57,57%,,3.03,42%,58%,0.7,"5' 4""",115 lbs.,"63""",Orthodox,"Dec 07, 1988"
a7a79b8efbceaaac,18-13-1,0.99,27%,0.99,57%,,0.00,0%,50%,0.0,"6' 2""",185 lbs.,--,Orthodox,"Jun 23, 1982"
6e344b71421103da,9-1-0,2.89,49%,1.64,62%,,3.67,73%,61%,0.0,"6' 2""",205 lbs.,"75""",Orthodox,"Nov 04, 1993"
9e8f6c728eb01124,28-5-0,6.29,57%,6.83,50%,,0.30,26%,73%,0.0,"5' 11""",155 lbs.,"70""",Orthodox,"Nov 14, 1988"
837d30395faca41e,9-7-0,1.60,50%,2.89,28%,,0.00,0%,20%,0.0,"5' 5""",135 lbs.,--,Orthodox,"Dec 29, 1989"
a54660deb6a8489c,20-7-0,3.36,47%,2.51,55%,,1.57,28%,70%,0.0,"5' 7""",135 lbs.,"68""",Orthodox,"May 17, 1996"
b8592b4a383696cd,12-5-0,2.76,46%,2.21,61%,,1.16,25%,65%,1.9,"5' 5""",135 lbs.,"65""",Southpaw,"Oct 10, 1984"
8e6cfbd455f0f9c2,5-21-0,0.00,0%,0.00,0%,,0.00,0%,0%,0.0,"6' 3""",185 lbs.,--,,"Feb 24, 1982"
8988705468d04ef7,7-1-0,0.00,0%,0.00,0%,,0.00,0%,0%,0.0,--,185 lbs.,--,,"Jun 18, 1998"
06dc1a58663579d2,18-7-0,2.21,40%,3.45,48%,,1.33,25%,0%,1.3,"6' 0""",170 lbs.,--,Orthodox,"May 18, 1981"
0876d21328cf4a45,5-1-0,1.67,69%,0.53,33%,,0.00,0%,14%,2.0,"5' 11""",135 lbs.,--,Orthodox,"Jan 12, 1978"
8a1b4330c7957961,11-9-0,4.86,62%,0.61,66%,,1.30,100%,20%,1.3,"6' 2""",185 lbs.,--,Orthodox,"Feb 16, 1979"
9e50097a89442158,7-7-0,3.50,49%,4.72,49%,,1.15,32%,37%,1.6,"6' 2""",170 lbs.,"74""",Switch,"Jan 22, 1992"
96706c75a2b14164,7-3-0,3.10,41%,6.00,52%,,0.00,0%,0%,0.0,"6' 5""",265 lbs.,--,,--
cc81c92fe2254935,19-10-0,3.53,26%,7.07,43%,,1.00,11%,0%,0.0,"5' 10""",170 lbs.,--,Southpaw,"Sep 23, 1986"
7e654edcddd71550,8-6-0,0.00,0%,0.00,0%,,0.00,0%,0%,0.0,"5' 3""",145 lbs.,--,,"Aug 11, 1976"
ad3fdba28a7540cf,0-0-0,0.00,0%,0.00,0%,,0.00,0%,0%,0.0,--,155 lbs.,--,,--
45fe6765c56d8018,5-2-0,2.34,52%,1.56,58%,,2.02,27%,0%,2.8,"5' 7""",168 lbs.,--,Orthodox,"Sep 29, 1982"
e15d0a2519d6a0b5,18-8-1,1.97,32%,3.86,61%,,2.27,28%,88%,1.1,"5' 7""",135 lbs.,--,Orthodox,"Jun 23, 1981"
289a3b69b85da7cd,8-4-0,7.57,31%,6.99,45%,,0.00,0%,0%,0.0,--,170 lbs.,--,,--
10559c53de0b950e,9-2-0,2.47,35%,2.53,51%,,0.00,0%,42%,0.8,"5' 7""",145 lbs.,--,Orthodox,"Oct 26, 1988"
cc6f9d1e89f3449a,15-10-0 (1 NC),2.13,41%,2.83,55%,,3.26,34%,69%,0.7,"5' 5""",135 lbs.,"67""",Orthodox,"May 08, 1981"
72db2a14ffa73ece,26-4-0 (1 NC),3.21,51%,2.81,60%,,5.22,38%,83%,0.2,"5' 10""",155 lbs.,"70""",Southpaw,"Dec 11, 1990"
0d980975001ae3d8,14-1-0,5.35,48%,3.46,51%,,0.00,0%,50%,0.0,"6' 2""",205 lbs.,"76""",Orthodox,"Aug 09, 1990"
e463ce0a2ca474f4,9-1-0,13.02,50%,1.70,81%,,0.00,0%,100%,0.0,"6' 1""",185 lbs.,"74""",Orthodox,"May 08, 1995"
41904fc4d3f5bffc,7-9-0 (1 NC),1.95,23%,2.07,72%,,1.88,66%,0%,0.0,"5' 11""",205 lbs.,--,Orthodox,"May 07, 1968"
787bb1f087ccff8a,14-2-0 (1 NC),5.40,61%,2.31,60%,,0.66,23%,47%,0.6,"6' 4""",247 lbs.,"81""",Orthodox,"Apr 12, 1990"
6d7886b094b471ac,2-1-0,0.00,0%,6.38,28%,,0.00,0%,50%,0.0,"6' 3""",265 lbs.,--,Southpaw,--
de83f920fd302871,12-0-0 (1 NC),2.92,75%,0.85,43%,,11.29,36%,100%,1.4,"5' 11""",155 lbs.,"76""",Orthodox,"Jan 09, 1993"
8b27d25ce0221d60,19-12-0,0.00,0%,0.00,0%,,0.00,0%,0%,0.0,--,125 lbs.,--,,--
7bde387d50829adf,13-2-0,3.42,51%,2.36,58%,,0.48,100%,61%,0.0,"5' 9""",145 lbs.,"70""",Orthodox,"May 28, 1989"
d8c7c61b176e3994,15-7-0,2.79,40%,3.66,58%,,0.85,22%,81%,0.0,"5' 8""",135 lbs.,"65""",Orthodox,"Jul 07, 1991"
917e53fa0adea0d3,18-13-1,2.77,24%,4.79,52%,,0.30,26%,42%,0.5,"5' 10""",145 lbs.,"68""",Orthodox,"Jul 14, 1979"
8d49545dadf9b919,14-5-0,3.16,29%,4.23,60%,,2.21,57%,50%,0.6,"5' 10""",170 lbs.,"71""",Orthodox,"Feb 22, 1984"
e5dc36e0aba7e9da,14-10-0 (1 NC),1.22,62%,1.14,65%,,8.55,87%,66%,0.0,"5' 7""",145 lbs.,--,,"Oct 20, 1980"
a2b12c3f3d60ff69,15-6-0,1.81,31%,3.03,59%,,3.72,52%,66%,0.1,"5' 9""",170 lbs.,"72""",Orthodox,"Jul 14, 1987"
8a04d94dfcfab159,8-3-0 (1 NC),0.67,25%,3.03,50%,,0.00,0%,83%,5.1,"5' 4""",125 lbs.,--,,--
97cf1a2c7c5e7889,19-6-0,5.46,48%,2.22,59%,,0.77,40%,89%,0.4,"6' 0""",145 lbs.,"75""",Southpaw,"May 22, 1992"
ac5a7400da3a9a41,6-2-0,1.59,27%,5.05,50%,,0.68,14%,33%,1.4,"5' 5""",125 lbs.,"67""",Southpaw,"Sep 13, 1992"
e132d47bd9efbbe0,19-4-0,4.28,44%,4.42,61%,,3.22,45%,77%,0.4,"5' 7""",155 lbs.,"70""",Orthodox,"Aug 05, 1994"
9e92e1ca498d7244,10-5-0,2.04,34%,3.79,48%,,0.28,50%,50%,0.6,"5' 7""",135 lbs.,"67""",Orthodox,"Apr 12, 1992"
4f7e290e71d60f87,1-0-0,2.05,25%,1.45,60%,,0.75,100%,100%,0.0,"6' 3""",265 lbs.,--,Orthodox,"Aug 16, 1971"
70167689d6a01793,18-21-0,0.17,100%,0.34,0%,,0.00,0%,66%,0.0,"5' 11""",155 lbs.,--,Orthodox,"May 17, 1977"
8e5bfd4e82352340,12-4-0,3.37,44%,2.70,50%,,0.94,25%,15%,1.3,"6' 1""",145 lbs.,"73""",Orthodox,"Sep 16, 1983"
30ba4c2779e68a1e,23-2-0,0.00,0%,0.00,0%,,0.00,0%,0%,0.0,--,185 lbs.,--,,"Oct 23, 1994"
a1b0715c4fd2dbd3,8-3-0,1.24,21%,4.75,53%,,1.69,25%,0%,0.0,"5' 6""",125 lbs.,--,Orthodox,"Apr 07, 1990"
e4770d5ed44a3970,29-20-2 (1 NC),0.34,26%,3.65,44%,,0.00,0%,42%,0.0,"6' 1""",170 lbs.,--,Orthodox,"Aug 07, 1972"
8c0580d4fff106c1,21-11-0 (1 NC),3.65,42%,3.52,57%,,1.04,35%,60%,0.1,"5' 9""",185 lbs.,"71""",Southpaw,"Oct 24, 1991"
6ded9184b2284645,12-7-0,1.80,38%,4.28,38%,,0.00,0%,67%,0.4,"5' 8""",125 lbs.,"72""",Orthodox,"Jan 21, 1987"
a4a80dd7336ffd59,9-3-2,3.47,49%,2.67,54%,,1.77,27%,58%,0.4,"5' 5""",125 lbs.,"69""",Orthodox,"May 02, 1996"
d758f272d94f5866,10-1-0,5.07,59%,5.80,68%,,4.00,44%,100%,0.0,"5' 5""",125 lbs.,"64""",Switch,"Oct 07, 1996"
b72a60a0cadff408,8-4-0 (1 NC),2.34,37%,6.42,48%,,0.57,40%,31%,1.1,"5' 3""",125 lbs.,"63""",Orthodox,"Aug 28, 1984"
2f815ed5f8278ba6,11-1-0,4.32,43%,2.60,54%,,0.41,100%,93%,0.0,"6' 4""",185 lbs.,"81""",Switch,"Apr 10, 2002"
618643d0d5c0631d,7-0-0,0.00,0%,0.00,0%,,0.00,0%,0%,0.0,"5' 8""",155 lbs.,--,Switch,"Jul 23, 1997"
6747ccd6d1acd266,14-3-0,2.94,46%,4.92,45%,,1.06,33%,83%,0.3,"6' 4""",265 lbs.,"78""",Orthodox,"Feb 10, 1990"
effd0b70e6749ab2,0-4-0,2.01,42%,3.24,43%,,0.00,0%,0%,1.7,"5' 2""",125 lbs.,--,,--
14e797332ea32cdb,16-8-0,1.26,50%,1.11,65%,,3.08,46%,0%,1.3,"5' 6""",135 lbs.,"68""",Southpaw,"Apr 30, 1982"
2f1700b3a4a09bc7,6-2-0,2.55,40%,2.34,35%,,0.00,0%,0%,0.0,"6' 2""",170 lbs.,--,Orthodox,"Sep 22, 1982"
15edcf67ccf5be84,26-18-1,0.47,25%,9.77,36%,,0.00,0%,50%,0.0,"5' 7""",155 lbs.,--,Orthodox,"Nov 04, 1980"
42883268854b78be,8-5-0,0.00,0%,0.00,0%,,0.00,0%,0%,0.0,"6' 0""",155 lbs.,--,,--
2db0c114414d4f06,3-3-0,1.20,20%,1.80,76%,,0.00,0%,0%,0.0,"5' 4""",125 lbs.,"63""",,"Mar 09, 1989"
eb70e786bbdf1d16,12-3-0,2.29,38%,5.14,35%,,0.00,0%,0%,0.0,"5' 9""",135 lbs.,"69""",Orthodox,"Jan 24, 1995"
a24e080000fa7a35,5-6-0,0.00,0%,0.00,0%,,0.00,0%,0%,0.0,"5' 8""",194 lbs.,--,Orthodox,"Nov 07, 1962"
cb6783c39c01d896,10-7-1,2.78,46%,2.94,58%,,0.41,50%,61%,0.0,"5' 10""",170 lbs.,--,Orthodox,"Feb 09, 1977"
de45aaae23dfa392,20-12-0,3.03,41%,3.21,50%,,2.84,36%,52%,0.4,"5' 10""",155 lbs.,"71""",Orthodox,"Jan 23, 1990"
946db8a378903cc3,6-1-0,1.93,38%,2.80,40%,,1.00,16%,0%,0.0,"6' 0""",155 lbs.,"74""",Southpaw,"Jul 05, 1995"
96a221341035b701,2-1-0,0.00,0%,0.00,0%,,0.00,0%,0%,0.0,"5' 10""",155 lbs.,--,,--
f74e037b97917027,13-5-0,1.20,27%,7.08,39%,,0.00,0%,0%,0.0,"5' 11""",170 lbs.,--,Orthodox,"Jan 06, 1978"
63eedfcc73071d41,4-5-0,1.21,75%,6.44,20%,,0.00,0%,0%,0.0,"5' 9""",185 lbs.,--,Orthodox,"Nov 20, 1970"
69db199087a1a792,12-4-0,0.00,0%,0.00,0%,,0.00,0%,0%,0.0,"5' 7""",155 lbs.,--,,"Jun 20, 1976"
700a674c042b7a96,22-12-0,3.63,46%,3.22,57%,,2.12,37%,69%,0.6,"5' 10""",135 lbs.,"71""",Orthodox,"Sep 11, 1987"
09439946214993bc,9-5-0,3.13,54%,6.40,52%,,0.00,0%,0%,0.0,"5' 10""",155 lbs.,"72""",Orthodox,"Feb 07, 1990"
07bc580bdf3eb9c8,10-2-0,2.40,45%,4.24,56%,,1.67,66%,75%,0.0,"5' 9""",155 lbs.,"72""",Switch,"Feb 02, 1995"
db8b800176d26f6e,12-7-0,0.00,0%,0.00,0%,,0.00,0%,0%,0.0,"5' 11""",155 lbs.,--,,"Jan 24, 1985"
e7f51d9f9e9259e7,14-9-0 (2 NC),3.97,37%,6.45,37%,,0.50,33%,33%,0.0,"6' 1""",155 lbs.,"75""",Orthodox,"Jul 26, 1992"
83825fad27ab3581,7-2-0,1.04,39%,2.92,45%,,1.56,100%,50%,0.8,"5' 11""",185 lbs.,--,Orthodox,"Aug 13, 1993"
6bb1d2b714d4b3bc,2-3-0,0.61,42%,4.44,31%,,0.00,0%,0%,0.0,"5' 11""",155 lbs.,--,Orthodox,"Jun 05, 1976"
b27a1fcb56a3035a,16-7-0,3.17,54%,2.39,58%,,1.07,50%,72%,0.3,"6' 0""",170 lbs.,"74""",Orthodox,"Aug 06, 1992"
42c96a9c4802e2e1,12-8-0,1.14,50%,0.40,41%,,1.71,66%,38%,0.0,"6' 0""",154 lbs.,--,Orthodox,"Mar 24, 1979"
160b931119c1bf91,3-2-0,0.00,0%,0.00,0%,,0.00,0%,0%,0.0,--,185 lbs.,--,,--
84ff027394f7e470,14-1-0,3.74,52%,2.30,57%,,6.86,48%,100%,0.8,"5' 7""",155 lbs.,"71""",Orthodox,"Nov 13, 1986"
91720876db0ee468,14-9-0,0.79,33%,3.14,42%,,0.00,0%,0%,0.0,"6' 0""",170 lbs.,--,Orthodox,"Oct 31, 1972"
ce175eaafe867d1f,6-5-0,2.04,57%,3.02,43%,,0.00,0%,50%,0.0,"5' 11""",170 lbs.,"72""",Orthodox,"Mar 28, 1987"
10ccdcd14c3dfcf1,0-1-0,0.00,0%,0.00,0%,,0.00,0%,0%,0.0,--,--,--,,--
762c69860eef65d8,11-1-0,6.80,54%,12.29,42%,,2.17,25%,0%,2.2,"5' 7""",145 lbs.,--,Orthodox,"Mar 26, 1992"
c96518b7f6881004,5-7-0,0.00,0%,0.00,0%,,0.00,0%,0%,0.0,"6' 3""",200 lbs.,--,Orthodox,--
6a311920edd73c85,6-2-0,3.21,42%,9.64,47%,,0.00,0%,0%,0.0,"6' 2""",256 lbs.,"75""",Orthodox,"Apr 14, 1993"
bad8ed7d714f1493,6-1-0,0.00,0%,0.00,100%,,15.52,100%,0%,0.0,"5' 4""",135 lbs.,"64""",Orthodox,"Nov 30, 1995"
a58114c6dd0add64,0-1-0,0.00,0%,0.00,0%,,0.00,0%,0%,0.0,"5' 11""",185 lbs.,--,,--
c1ea31a904fe08a9,9-5-0,1.27,40%,2.02,52%,,0.87,12%,100%,1.7,"5' 8""",125 lbs.,--,,"Aug 20, 1985"
3e03cec9767d37e6,1-2-0,0.00,0%,0.00,0%,,0.00,0%,0%,0.0,--,--,--,,--
4b4f6abdce986be6,19-5-0,0.00,0%,0.00,0%,,0.00,0%,0%,0.0,"5' 8""",155 lbs.,--,,"Jan 16, 1974"
81f1810f72df8f25,14-7-0,2.50,60%,1.92,47%,,5.76,100%,100%,0.0,"5' 7""",155 lbs.,--,,"Mar 06, 1985"
fda067e842b07466,3-2-0,4.34,54%,0.43,40%,,4.34,100%,0%,4.3,"6' 0""",230 lbs.,--,,--
ed133185689088b3,5-6-0,0.00,0%,0.00,0%,,0.00,0%,0%,0.0,--,205 lbs.,--,,"Oct 09, 1977"
814ff3018127e8fc,22-9-2,3.79,42%,4.30,51%,,0.72,13%,69%,0.4,"6' 0""",170 lbs.,"70""",Southpaw,"Apr 12, 1989"
057a241e4ba90c4d,5-0-0,0.00,0%,0.00,0%,,0.00,0%,0%,0.0,--,205 lbs.,--,,"May 10, 1996"
ad56b3f00ca38dfd,13-4-0,3.97,53%,3.30,54%,,0.00,0%,28%,0.0,"6' 4""",240 lbs.,"77""",Orthodox,"Nov 22, 1983"
bd85ca0bb4f26cfc,13-3-0,0.57,31%,0.96,65%,,0.85,25%,50%,0.0,"5' 6""",135 lbs.,--,Southpaw,"Oct 21, 1982"
8e5d953bdb9ae5e7,14-6-0,4.43,49%,3.94,62%,,2.99,42%,76%,0.8,"5' 2""",115 lbs.,"61""",Orthodox,"Sep 06, 1993"
5ca158b1cc9cb242,16-16-0,0.00,0%,0.00,0%,,0.00,0%,0%,0.0,"6' 2""",230 lbs.,--,Orthodox,"Jan 01, 1964"
e62b36885ecdac27,10-5-2,0.64,52%,1.35,41%,,1.75,40%,0%,2.6,"6' 0""",205 lbs.,--,Orthodox,"Apr 20, 1971"
fa07345cc9db5cc9,9-4-0,7.51,46%,5.02,59%,,1.75,16%,66%,0.0,"5' 10""",170 lbs.,"72""",Switch,"Jun 18, 1998"
5d1636b6c1688502,14-3-0,1.64,66%,0.82,0%,,0.00,0%,0%,0.0,"6' 1""",170 lbs.,"74""",Switch,"Dec 09, 1997"
e86af30738a5452a,3-4-0,0.00,0%,0.00,0%,,0.00,0%,0%,0.0,"5' 11""",155 lbs.,--,,--
26e3f3928b1891d9,6-4-0,5.19,47%,4.67,50%,,0.66,12%,54%,0.2,"5' 4""",115 lbs.,"61""",Orthodox,"May 18, 1992"
ac29d508d78384c9,6-3-0,4.27,58%,4.30,45%,,0.45,50%,87%,0.5,"6' 3""",249 lbs.,"75""",Orthodox,"Sep 15, 1992"
cffb87059e645bd1,12-3-0,4.43,49%,3.16,51%,,1.45,34%,66%,0.7,"5' 2""",115 lbs.,"63""",Orthodox,"Dec 30, 1999"
b3db81defb03d7af,12-2-0,0.00,0%,0.00,0%,,0.00,0%,0%,0.0,--,145 lbs.,--,,"Jul 10, 2000"
af1e5c64b8663aa0,10-3-0,1.50,42%,1.16,56%,,2.57,66%,31%,0.0,"5' 6""",155 lbs.,--,Orthodox,"Apr 29, 1982"
a0a680fe2f6cc8e6,10-6-0,1.52,48%,0.79,66%,,1.14,60%,70%,0.8,"5' 10""",135 lbs.,"67""",Orthodox,"Mar 31, 1986"
0a66de3a797cf73a,2-0-0,0.00,0%,0.00,0%,,0.00,0%,0%,0.0,--,155 lbs.,--,,--
489413d3be819647,1-2-0,0.00,0%,0.00,0%,,0.00,0%,0%,0.0,--,155 lbs.,--,,"Aug 08, 1983"
1e35aa8955794580,9-5-0,2.72,25%,3.57,68%,,0.00,0%,0%,0.0,"5' 6""",125 lbs.,--,Orthodox,"May 25, 1983"
0778f94eb5d588a5,6-2-0,2.44,28%,4.46,55%,,0.62,100%,50%,0.0,"5' 10""",135 lbs.,"73""",Orthodox,"Jul 21, 1986"
513e84bfe65ff509,4-1-0,1.57,33%,4.03,55%,,4.48,50%,33%,0.0,"5' 7""",145 lbs.,"68""",Orthodox,"Jan 28, 1995"
3a28e1e641366308,7-1-0,3.73,49%,3.33,50%,,2.00,28%,0%,0.0,"5' 10""",155 lbs.,"71""",Orthodox,"Aug 29, 1989"
e90f4291f93708e6,6-2-0,2.66,32%,8.78,45%,,0.00,0%,0%,0.0,"5' 8""",170 lbs.,"69""",Switch,"Feb 23, 1991"
b4880ef2f838d4e1,11-5-0,4.26,32%,4.04,61%,,0.00,0%,30%,0.0,"5' 3""",115 lbs.,"65""",Orthodox,"Dec 06, 1984"
3be081c29bf734d9,35-14-0 (1 NC),3.81,41%,3.52,60%,,1.23,65%,63%,0.8,"5' 7""",155 lbs.,"70""",Southpaw,"Sep 22, 1978"
e1d40e8782d80bc2,15-4-0,3.20,48%,2.60,61%,,0.73,38%,77%,0.3,"6' 0""",145 lbs.,"73""",Southpaw,"Jun 13, 1997"
b2acebbef8da14ea,35-21-8,2.18,48%,2.67,63%,,1.01,84%,46%,0.5,"5' 7""",170 lbs.,"68""",Switch,"Oct 07, 1974"
270b89c00ef0c55c,17-11-0,2.12,45%,2.94,57%,,2.80,39%,66%,1.1,"6' 2""",242 lbs.,"76""",Orthodox,"May 18, 1979"
94535f76f43b466a,6-0-0,6.67,80%,0.87,43%,,14.00,73%,100%,0.0,"5' 9""",145 lbs.,"72""",Orthodox,"Apr 28, 1991"
be5aab761c40ef35,26-14-0,4.47,47%,4.03,65%,,0.86,33%,43%,1.4,"5' 9""",170 lbs.,"68""",Southpaw,"Sep 15, 1983"
28d8638ea0a71908,17-12-0 (1 NC),0.59,20%,2.35,33%,,0.00,0%,50%,0.0,"5' 6""",155 lbs.,--,Orthodox,"Mar 03, 1981"
69c071bc2621e8b0,2-1-0,3.90,48%,4.39,51%,,0.00,0%,66%,0.0,"5' 10""",135 lbs.,--,,--
2ff2e6e5abea3e53,11-3-0,1.40,37%,1.87,41%,,2.00,33%,62%,0.0,"5' 10""",170 lbs.,--,Orthodox,"Sep 19, 1987"
e45cfa47f504033a,11-5-0,3.06,39%,3.13,58%,,0.00,0%,30%,1.0,"6' 2""",155 lbs.,"74""",Southpaw,"Feb 28, 1990"
1ebdcb7488d0ebee,6-3-0,2.23,37%,4.07,57%,,1.04,11%,0%,0.5,"5' 4""",115 lbs.,--,Orthodox,"Aug 12, 1986"
ff175a137b395e2b,16-4-0,0.00,0%,0.00,0%,,0.00,0%,0%,0.0,"6' 2""",205 lbs.,"76""",Orthodox,"Feb 29, 1984"
de47c33e48b0ce38,7-2-0,0.91,16%,14.55,11%,,0.00,0%,0%,0.0,"5' 11""",155 lbs.,"74""",Orthodox,"Aug 13, 1985"
a2ccf35a88346a91,14-8-0,2.40,36%,8.08,40%,,6.00,55%,50%,0.0,"5' 11""",155 lbs.,"75""",Orthodox,"Jan 20, 1992"
4f1a48f4e6ffb007,13-5-0,0.00,0%,0.00,0%,,0.00,0%,0%,0.0,"5' 2""",125 lbs.,--,,"Mar 22, 1986"
1bda4867f1baceac,2-7-0,0.00,0%,0.00,0%,,0.00,0%,0%,0.0,--,155 lbs.,--,,"Apr 21, 1986"
4e0692ad070976e4,21-6-0 (1 NC),5.34,48%,4.01,63%,,0.27,100%,75%,0.0,"6' 0""",170 lbs.,"74""",Orthodox,"May 26, 1985"
c730a0be691dc081,23-10-0,4.40,48%,6.74,45%,,0.91,45%,65%,0.4,"6' 0""",170 lbs.,"77""",Orthodox,"Dec 05, 1993"
fbbde91f7bc2d3c5,23-22-1,1.84,56%,2.14,48%,,0.40,100%,53%,0.8,"6' 3""",249 lbs.,--,Orthodox,"Jan 17, 1966"
7f98d9d5a10fa25c,0-0-0,0.00,0%,0.00,0%,,0.00,0%,0%,0.0,--,155 lbs.,--,,--
279093302a6f44b3,2-2-0,0.00,0%,0.00,0%,,0.00,0%,0%,0.0,"6' 5""",216 lbs.,--,Orthodox,"Mar 30, 1959"
8cad40a75e5c97f5,8-4-0,2.03,32%,2.57,60%,,1.93,83%,63%,0.0,"6' 0""",185 lbs.,"76""",Orthodox,"Jul 22, 1983"
7026eca45f65377b,21-9-0 (1 NC),5.57,53%,4.11,55%,,1.91,34%,60%,0.0,"5' 9""",155 lbs.,"68""",Orthodox,"Sep 06, 1988"
68c4ca70067bf282,3-1-0,3.53,16%,49.41,22%,,0.00,0%,0%,0.0,"6' 1""",265 lbs.,--,Orthodox,"Jul 19, 1988"
dee294e9717012c2,14-8-0,2.50,45%,2.00,43%,,1.72,35%,26%,1.0,"5' 7""",125 lbs.,"71""",Switch,"May 19, 1990"
147e70aa6cc48cfc,7-4-0,3.41,49%,7.00,40%,,1.91,72%,83%,1.0,"6' 0""",185 lbs.,"75""",Switch,"Jun 21, 1994"
803bebcfb6d6f506,6-1-0,0.67,32%,2.27,38%,,0.00,0%,54%,0.0,"6' 2""",155 lbs.,"74""",Switch,"Aug 11, 1995"
40f3cb27fc7305a1,14-7-0,2.70,56%,1.75,51%,,4.52,62%,73%,0.4,"6' 1""",170 lbs.,"77""",Orthodox,"Jan 23, 1991"
c10eb2f12c489f6d,9-4-0,2.73,31%,5.57,46%,,1.00,9%,33%,0.0,"5' 5""",135 lbs.,--,Southpaw,"Apr 29, 1983"
052ceb8976695342,14-6-0 (1 NC),3.60,42%,6.03,44%,,3.12,42%,0%,1.0,"6' 3""",265 lbs.,--,Orthodox,"Aug 11, 1983"
fb1538b46877a695,23-12-0 (1 NC),1.61,41%,2.01,46%,,4.17,70%,45%,0.6,"6' 0""",170 lbs.,"73""",Orthodox,"Jul 13, 1979"
51e86de150ee8be6,12-5-0,3.68,34%,5.64,50%,,1.23,80%,83%,0.3,"5' 10""",155 lbs.,"72""",Orthodox,"Feb 27, 1987"
af5b208e97f5d382,14-8-0,3.02,39%,4.06,56%,,0.90,66%,57%,2.2,"6' 1""",185 lbs.,"76""",Orthodox,"Oct 03, 1978"
c44acf87e376c62b,9-5-0,0.52,23%,2.93,42%,,1.57,33%,50%,0.0,"6' 1""",205 lbs.,--,Orthodox,"Sep 25, 1974"
2391a73686200c5d,0-1-0,0.00,0%,0.00,0%,,0.00,0%,0%,0.0,--,--,--,,--
ae954fd497025462,5-5-0,0.00,0%,0.00,0%,,0.00,0%,0%,0.0,--,145 lbs.,--,,--
3f11b5d4bd76a6d9,20-5-0,4.00,36%,7.65,51%,,0.00,0%,0%,0.0,"6' 1""",241 lbs.,"75""",Orthodox,"May 12, 1980"
4e163b53d1de1fbc,5-1-0,0.00,0%,0.00,0%,,0.00,0%,0%,0.0,--,205 lbs.,--,,"Nov 12, 1995"
429e7d3725852ce9,15-2-3,0.88,41%,1.13,37%,,0.00,0%,66%,0.8,"6' 1""",175 lbs.,--,Southpaw,"Dec 12, 1966"
52d92050a046bc17,2-2-0,1.69,37%,1.54,60%,,3.46,85%,50%,0.6,"5' 9""",190 lbs.,--,Orthodox,"Jul 18, 1979"
82d6a9ae41aac3f7,5-4-1,1.90,38%,1.33,59%,,0.36,100%,80%,2.1,"6' 2""",225 lbs.,--,Orthodox,"Jun 28, 1972"
a9c45a8b21eabadc,6-1-0,0.86,37%,1.72,31%,,0.00,0%,25%,4.0,"5' 9""",183 lbs.,--,Orthodox,"May 25, 1971"
aae0897825336b1a,13-7-1 (1 NC),1.71,41%,1.67,55%,,1.13,20%,40%,0.8,"5' 10""",185 lbs.,--,Orthodox,"Mar 11, 1967"
194fc025f9355db6,11-0-0,0.00,0%,0.00,0%,,0.00,0%,0%,0.0,"5' 10""",185 lbs.,--,Switch,"Nov 20, 1958"
36877f0e62b25b96,6-2-1,1.34,51%,0.86,46%,,1.49,50%,75%,0.4,"6' 0""",183 lbs.,--,Orthodox,"Apr 11, 1975"
b807814d977682eb,5-5-1,0.00,0%,0.00,0%,,0.00,0%,0%,0.0,"5' 8""",150 lbs.,--,Southpaw,"Dec 06, 1965"
0c3838c8f7c620c2,5-2-0,0.82,61%,0.50,40%,,2.83,75%,25%,0.9,"5' 9""",200 lbs.,--,Orthodox,"Aug 14, 1974"
84283233ec42be5f,3-1-0,1.61,46%,1.05,55%,,2.50,75%,0%,1.7,"6' 2""",210 lbs.,--,Orthodox,"Oct 04, 1985"
e4a9dbade7c7e1a7,8-4-0,2.30,32%,3.38,55%,,2.30,10%,0%,0.0,"6' 4""",242 lbs.,--,Orthodox,"Jul 14, 1978"
079488710f012779,0-1-0,0.00,0%,17.14,50%,,0.00,0%,0%,0.0,"5' 10""",181 lbs.,--,Orthodox,--
a6bbd3df469c6bea,8-2-0,1.78,35%,1.79,61%,,1.87,53%,60%,1.9,"6' 4""",185 lbs.,"79""",Orthodox,"Sep 26, 1981"
722b870449243083,5-4-0,1.86,60%,0.99,50%,,3.72,50%,0%,3.7,"5' 11""",170 lbs.,--,,"Feb 04, 1980"
12d855d12a624da2,6-0-0,0.77,100%,0.38,75%,,5.77,100%,0%,5.8,"6' 0""",170 lbs.,--,,--
242d36d241b43c12,5-3-0,2.95,42%,5.73,51%,,0.35,25%,0%,0.7,"5' 9""",145 lbs.,"70""",Southpaw,"Jul 11, 1988"
fb37795db81f93f3,15-4-0,4.06,51%,5.06,49%,,4.22,40%,75%,0.0,"5' 8""",145 lbs.,"70""",Orthodox,"Sep 28, 1995"
3e514f437c51ce0a,2-1-0,0.00,0%,0.00,0%,,0.00,0%,0%,0.0,"6' 1""",290 lbs.,--,Orthodox,--
6e4acc2c115215b5,3-1-0,0.91,42%,2.27,28%,,0.00,0%,0%,0.0,"6' 4""",185 lbs.,--,Orthodox,--
7559395ad833c074,7-3-0,2.79,47%,2.57,57%,,0.00,0%,33%,0.0,"5' 7""",115 lbs.,"68""",Orthodox,"Apr 13, 1992"
a26198ba5093147e,21-5-0,3.95,54%,3.21,56%,,1.63,43%,36%,0.6,"5' 10""",155 lbs.,"72""",Orthodox,"Feb 26, 1984"
113df4fde64735c6,18-8-0,5.58,45%,4.04,54%,,0.95,38%,65%,0.2,"5' 8""",135 lbs.,"69""",Orthodox,"Dec 18, 1985"
8be158ca1e5ea6a0,11-6-0,3.29,36%,2.66,60%,,0.61,100%,66%,0.0,"6' 1""",185 lbs.,"76""",Switch,"Sep 14, 1984"
e8b731feff72294b,17-5-1,4.11,41%,3.71,58%,,0.40,35%,54%,0.7,"5' 5""",125 lbs.,"66""",Orthodox,"Aug 09, 1993"
601964f9654f911a,23-9-0,3.82,48%,4.47,44%,,5.40,41%,52%,0.3,"5' 5""",135 lbs.,"69""",Orthodox,"Sep 28, 1991"
3f1d23b01c552a13,6-0-1,1.25,54%,1.47,58%,,4.80,52%,66%,0.4,"5' 10""",170 lbs.,"71""",Orthodox,"Jan 08, 1991"
642862d6d63605cd,7-3-0,2.19,69%,0.81,33%,,4.86,57%,0%,0.0,"6' 2""",255 lbs.,"76""",Southpaw,"Oct 23, 1985"
2db65fc038c0018e,4-1-0,2.61,50%,18.26,44%,,0.00,0%,0%,0.0,"5' 9""",135 lbs.,--,Orthodox,"Oct 25, 1987"
bb0d290026d7681d,9-4-0,3.45,62%,4.48,66%,,0.00,0%,0%,0.0,"5' 4""",125 lbs.,"67""",Orthodox,"May 03, 1985"
6d12031661db8ac8,3-1-1,2.40,75%,1.33,53%,,0.00,0%,25%,1.0,"6' 2""",205 lbs.,--,Orthodox,"May 03, 1967"
887961364be5ceb3,35-17-1 (1 NC),6.46,53%,3.55,62%,,1.33,43%,72%,0.3,"5' 10""",155 lbs.,"71""",Orthodox,"Sep 09, 1986"
f046d724d2a84ac5,23-8-0,3.70,46%,2.51,69%,,1.62,50%,75%,0.0,"5' 10""",155 lbs.,"73""",Southpaw,"Oct 11, 1989"
5eb50529a8418b77,12-5-0,5.60,45%,6.19,47%,,0.71,50%,50%,0.5,"5' 10""",155 lbs.,"73""",Switch,"May 02, 1993"
068f8a189a47fea6,9-7-0,3.28,45%,3.61,45%,,0.00,0%,27%,0.4,"6' 7""",258 lbs.,"80""",Orthodox,"Jul 05, 1986"
bfc2fc38a0e20211,15-5-0,4.09,53%,2.69,56%,,2.19,37%,82%,0.5,"5' 8""",145 lbs.,"70""",Orthodox,"Jul 29, 1981"
fcffee71cff5530e,19-7-0,4.38,36%,2.81,61%,,1.05,48%,57%,0.7,"6' 3""",205 lbs.,"77""",Orthodox,"Mar 16, 1979"
20205040232ed0f3,16-8-0,3.71,41%,2.30,65%,,1.87,46%,59%,0.9,"5' 6""",145 lbs.,"68""",Orthodox,"Apr 20, 1984"
b0d6a1d8ac3d563d,20-13-0,3.70,47%,3.69,58%,,1.44,41%,69%,0.2,"5' 11""",170 lbs.,"76""",Orthodox,"Nov 29, 1985"
ebef46976554f975,18-9-0,2.52,46%,3.02,50%,,1.45,35%,42%,1.9,"5' 10""",145 lbs.,"73""",Southpaw,"Feb 28, 1990"
fdf18227faa596dd,11-3-0,2.67,50%,2.22,46%,,1.51,66%,41%,0.0,"6' 1""",205 lbs.,"73""",Orthodox,"May 15, 1978"
68b8ebdfce9dbb61,8-5-0,2.62,48%,3.97,46%,,2.62,80%,90%,0.0,"5' 7""",135 lbs.,"67""",Orthodox,"Mar 31, 1992"
7fb4234670271505,23-10-0,0.71,16%,3.29,46%,,0.00,0%,66%,0.0,"6' 6""",205 lbs.,--,Orthodox,"Aug 15, 1972"
dde70a112e053a6c,7-9-0,0.48,23%,4.81,52%,,0.00,0%,0%,9.6,"5' 11""",205 lbs.,--,Orthodox,--
950d0ef5c17157c5,32-10-2,3.26,52%,2.27,58%,,0.21,16%,66%,0.0,"6' 3""",205 lbs.,"78""",Orthodox,"May 02, 1984"
60ba33c3f555a7a3,14-5-0,1.44,41%,3.71,50%,,1.97,36%,16%,2.2,"5' 11""",145 lbs.,"74""",Orthodox,"Oct 14, 1988"
6741218640534d8b,11-7-0,2.39,45%,1.67,46%,,0.00,0%,52%,0.0,"5' 9""",155 lbs.,--,Orthodox,"Aug 08, 1988"
234f3767ff0e5701,23-17-0 (1 NC),2.31,41%,2.40,54%,,0.49,45%,56%,1.7,"6' 6""",185 lbs.,"79""",Orthodox,"Nov 12, 1982"
36a432f22144843e,12-8-1,0.00,0%,0.00,0%,,0.00,0%,100%,14.3,"6' 6""",265 lbs.,--,Orthodox,"Jan 18, 1971"
feaf00f3373435d6,15-5-0,6.18,57%,4.96,52%,,0.21,50%,65%,0.0,"5' 8""",155 lbs.,"68""",Orthodox,"Jun 16, 1986"
1e7483dbff40b84b,6-6-0,2.24,48%,3.39,41%,,1.18,33%,26%,0.4,"5' 11""",170 lbs.,"73""",Orthodox,"Feb 06, 1977"
56fcb2c4d99f9d1b,12-4-0,2.09,45%,4.45,56%,,4.06,28%,50%,0.4,"5' 7""",145 lbs.,"72""",Orthodox,"Jan 03, 1987"
dd12382f28296f7b,20-1-1,4.73,43%,3.27,60%,,0.00,0%,0%,0.0,"5' 9""",145 lbs.,"71""",Orthodox,"Mar 14, 1986"
dc052ab64be66e1d,3-1-0 (1 NC),7.50,28%,41.25,35%,,0.00,0%,0%,0.0,"6' 2""",233 lbs.,"72""",Orthodox,"Feb 26, 1994"
1abfb658cd4f8533,11-5-1,3.62,56%,3.16,33%,,0.00,0%,42%,0.0,"6' 3""",230 lbs.,--,,"Dec 20, 1975"
2963369e327e1979,21-5-0 (1 NC),1.87,31%,2.20,67%,,2.00,50%,0%,0.0,"5' 10""",145 lbs.,--,,"Jul 24, 1990"
8300a47f6fd6fe4f,5-2-0,0.65,33%,0.87,50%,,3.27,100%,0%,0.0,"5' 6""",125 lbs.,"65""",Orthodox,"May 13, 1992"
9f1641c08cf8fbe2,15-7-0,1.25,39%,1.88,58%,,2.13,27%,50%,3.4,"5' 10""",155 lbs.,"71""",Orthodox,"Dec 30, 1981"
6266abf6e4245c72,9-2-0,0.00,0%,0.00,0%,,0.00,0%,0%,0.0,--,155 lbs.,--,,"Oct 18, 2000"
c47df9303d318c67,38-22-0,2.63,33%,3.00,61%,,3.10,35%,66%,0.6,"5' 7""",155 lbs.,"70""",Orthodox,"Dec 08, 1981"
ce25b4ed82b1811b,19-28-0 (2 NC),1.87,40%,3.33,52%,,1.00,14%,50%,1.0,"5' 10""",214 lbs.,--,,"Aug 04, 1977"
ccd1299e0345e0ce,32-18-2 (3 NC),2.96,40%,1.85,66%,,1.30,63%,61%,0.2,"5' 9""",155 lbs.,"71""",Orthodox,"Mar 30, 1983"
da0f33e4255f99eb,13-16-0,0.82,27%,1.91,36%,,0.00,0%,0%,0.0,"6' 0""",240 lbs.,--,Orthodox,"Dec 09, 1972"
aabf33d691f64d61,7-1-0,0.00,0%,0.00,0%,,0.00,0%,0%,0.0,--,185 lbs.,--,,"Apr 12, 1997"
0c9c0a43d3f3f49d,9-2-1,4.67,51%,4.41,62%,,1.99,13%,0%,0.0,"6' 0""",185 lbs.,"73""",Orthodox,"Jun 25, 1983"
cc98d857b148e33a,11-5-0 (1 NC),2.35,56%,2.99,44%,,0.00,0%,52%,1.0,"6' 0""",185 lbs.,--,Orthodox,"Apr 15, 1982"
4d74641fac830182,10-6-1 (1 NC),0.00,0%,0.00,0%,,0.00,0%,0%,0.0,"5' 11""",170 lbs.,--,Orthodox,--
a0c139b34f11421a,35-16-2,1.04,27%,1.71,58%,,1.67,33%,11%,2.0,"5' 9""",155 lbs.,"69""",Orthodox,"Jan 05, 1979"
3956bdc8ab2e54b3,5-1-0,1.65,37%,3.72,46%,,7.08,42%,0%,0.0,"5' 9""",155 lbs.,"72""",Orthodox,"Nov 24, 1985"
04d5718ed2661e8c,14-10-0,3.37,32%,3.62,62%,,0.81,23%,60%,0.5,"5' 7""",155 lbs.,"69""",Orthodox,"Jan 25, 1977"
8377c5572cb356f3,3-2-0,0.00,0%,0.00,0%,,0.00,0%,0%,0.0,"6' 0""",205 lbs.,--,Orthodox,"Jan 18, 1970"
29162be25ebef5f0,11-4-0,5.44,43%,5.35,57%,,0.64,15%,60%,0.2,"5' 5""",125 lbs.,"64""",Orthodox,"Nov 16, 1993"
ef5dcb10d2bd4b0f,18-3-1,4.57,55%,4.09,44%,,0.00,0%,57%,0.7,"6' 3""",205 lbs.,"76""",Orthodox,"Sep 12, 1992"
e34e3b1fffa13a6a,8-4-0,0.88,27%,6.18,41%,,0.00,0%,33%,0.0,"5' 7""",135 lbs.,"68""",Orthodox,"Mar 03, 1990"
cc300e9aa3063431,6-3-0,2.79,43%,3.28,60%,,0.00,0%,60%,0.0,"6' 0""",205 lbs.,--,Orthodox,"May 19, 1977"
3c6976f8182d9527,18-8-0,4.03,40%,3.53,51%,,1.53,39%,83%,0.4,"6' 5""",205 lbs.,"79""",Orthodox,"Jan 15, 1987"
2caf993f53541fa1,12-3-0,5.82,71%,3.63,45%,,6.19,58%,100%,0.0,"6' 1""",170 lbs.,"73""",Orthodox,"Feb 20, 1991"
a789defa9086da46,18-9-0,0.16,33%,3.74,14%,,2.44,25%,0%,4.9,"6' 1""",170 lbs.,--,,"Jan 19, 1981"
cd85b48dc880fabd,4-3-0,0.86,26%,2.91,46%,,0.00,0%,50%,0.0,"5' 10""",145 lbs.,--,,"Sep 15, 1990"
45f0cc9d18f35137,22-7-2,4.40,57%,2.65,63%,,0.30,30%,67%,0.1,"5' 9""",135 lbs.,"67""",Orthodox,"Apr 22, 1991"
5f33ae0620e050c5,7-2-0,0.80,75%,1.33,50%,,1.00,100%,40%,1.0,"5' 6""",135 lbs.,"70""",Southpaw,"Feb 24, 1997"
eaea0fc7b76525a8,15-6-1,2.75,65%,0.79,66%,,1.87,37%,54%,1.2,"6' 0""",170 lbs.,"74""",Orthodox,"Sep 17, 1974"
184b7a36d50dcc5e,3-1-1,2.58,51%,4.85,46%,,0.00,0%,57%,0.0,"5' 4""",125 lbs.,"66""",Switch,"Aug 16, 1998"
bf12aca029bfcc47,2-2-0,0.00,0%,0.00,0%,,0.00,0%,0%,0.0,"5' 11""",200 lbs.,--,Sideways,"Apr 15, 1958"
8e6654e9f0461b8f,9-1-0,8.84,56%,2.72,62%,,2.96,35%,83%,0.6,"5' 7""",135 lbs.,"69""",Orthodox,"Sep 08, 1998"
60a42bf82447c919,11-4-0,3.80,43%,4.16,61%,,0.33,11%,54%,1.1,"5' 7""",135 lbs.,"70""",Southpaw,"Aug 03, 1996"
99793cf88c5adeee,3-0-0,0.00,0%,0.00,0%,,0.00,0%,0%,0.0,"5' 8""",170 lbs.,--,,--
38c626ca912c7bac,14-8-0,3.34,47%,3.74,59%,,0.91,54%,34%,0.1,"5' 9""",155 lbs.,"70""",Orthodox,"Aug 08, 1986"
f4d92416da98804b,9-4-1,3.71,38%,5.68,41%,,2.21,24%,50%,0.0,"5' 11""",170 lbs.,"72""",Orthodox,"Jan 31, 1992"
219a254e15d60135,21-13-0,2.79,47%,4.14,46%,,1.72,33%,85%,0.9,"6' 4""",260 lbs.,"76""",Orthodox,"May 09, 1983"
8a213af406eb2dd4,6-1-0,0.00,0%,28.33,0%,,0.00,0%,0%,0.0,"6' 2""",185 lbs.,"77""",Orthodox,"Aug 23, 1996"
4955c524c2a71469,6-1-0,1.54,25%,17.44,44%,,0.00,0%,100%,0.0,"5' 9""",145 lbs.,--,Orthodox,"Sep 04, 1992"
206a7d47eb62170e,5-3-0,0.00,0%,0.00,0%,,0.00,0%,0%,0.0,"6' 0""",--,--,,"Oct 18, 1979"
439d4bbefd4e6940,6-4-0,0.87,59%,0.87,64%,,3.00,100%,0%,2.0,"6' 2""",205 lbs.,--,,--
18524b46c570730b,5-6-0,0.00,0%,0.00,0%,,0.00,0%,0%,0.0,"6' 0""",190 lbs.,--,Orthodox,"Jan 26, 1961"
65578a75fa7900e3,18-11-0,3.23,48%,3.85,54%,,0.54,38%,64%,0.1,"6' 0""",185 lbs.,"79""",Orthodox,"Jul 31, 1984"
8866c6f509c19089,9-2-0,2.38,50%,1.33,65%,,0.22,9%,0%,2.2,"5' 10""",145 lbs.,"70""",Southpaw,"Feb 22, 1985"
8a8a84b743ae7699,53-20-2 (1 NC),1.12,44%,1.96,43%,,1.79,30%,25%,2.1,"5' 9""",155 lbs.,"72""",Orthodox,"Dec 02, 1975"
a3be148af5c7b088,18-6-0,3.98,45%,3.17,58%,,2.55,44%,70%,0.4,"5' 9""",155 lbs.,"71""",Orthodox,"Aug 25, 1987"
bad28b7b34f334de,0-4-0,0.00,0%,0.00,0%,,0.00,0%,0%,0.0,"6' 3""",300 lbs.,--,Orthodox,"Jan 06, 1963"
e763679f15326ae1,9-3-0,1.74,47%,0.87,65%,,4.98,53%,100%,1.2,"6' 0""",185 lbs.,--,,"Sep 16, 1986"
88c8f47241d90040,16-8-0 (1 NC),2.94,43%,5.29,47%,,0.00,0%,66%,2.0,"5' 9""",155 lbs.,--,Southpaw,"Sep 08, 1972"
165c244bcca3ed26,17-8-0,4.20,39%,5.15,61%,,0.00,0%,66%,0.2,"5' 2""",115 lbs.,"62""",Southpaw,"Mar 08, 1987"
c3c23c99477c041b,1-0-0,0.00,0%,0.00,0%,,0.00,0%,0%,0.0,--,--,--,,--
1b4d6971bb18b82c,5-7-1,1.70,37%,0.91,60%,,0.00,0%,50%,0.0,"6' 0""",185 lbs.,--,Southpaw,"Oct 24, 1978"
a59017211b775b5d,13-3-0,3.87,51%,3.40,50%,,0.00,0%,50%,0.0,"6' 1""",170 lbs.,"71""",Orthodox,"Apr 25, 1991"
98b80a717b9bda17,12-8-0,3.69,42%,3.80,61%,,3.00,34%,91%,0.0,"6' 1""",205 lbs.,"76""",Orthodox,"Oct 05, 1976"
7ada6ea792a34424,9-2-0,0.00,0%,0.00,0%,,0.00,0%,0%,0.0,--,185 lbs.,--,,"Nov 14, 1984"
c727c7d31c50c4cf,15-9-0,3.91,65%,3.02,45%,,2.62,42%,78%,0.0,"6' 5""",260 lbs.,"76""",Orthodox,"Apr 14, 1980"
7da5839b223f3728,11-4-0,2.47,31%,3.93,58%,,0.00,0%,62%,0.0,"5' 7""",125 lbs.,"68""",Switch,"Oct 07, 1986"
23459ee7e373b98f,14-6-0,5.15,42%,3.93,55%,,1.57,46%,30%,0.0,"6' 3""",185 lbs.,"75""",Orthodox,"Mar 07, 1982"
1f77fce698e80488,6-3-0,1.93,30%,4.13,44%,,2.00,50%,100%,1.0,"6' 3""",185 lbs.,--,Orthodox,"Nov 29, 1983"
24e9d6b0a24cff9d,2-1-0,7.97,63%,1.94,67%,,1.71,33%,75%,1.7,--,155 lbs.,--,,--
98533a2738124a0d,9-3-0,0.73,47%,1.47,33%,,0.00,0%,71%,1.0,"6' 4""",185 lbs.,"74""",Orthodox,"Apr 20, 1990"
86e388ed20761ad9,23-14-1,2.01,43%,2.04,58%,,2.21,58%,34%,1.9,"5' 7""",150 lbs.,--,Southpaw,"May 26, 1979"
4100c7a09497ad41,7-6-0,3.01,50%,3.19,51%,,1.83,22%,37%,0.8,"5' 2""",115 lbs.,"63""",Orthodox,"Aug 14, 1999"
b7b84ccd221be298,18-6-0,6.36,45%,6.00,63%,,0.34,20%,86%,0.0,"5' 10""",155 lbs.,"72""",Southpaw,"Aug 22, 1995"
05b17ae24e6bba81,8-2-0 (1 NC),2.02,63%,1.84,43%,,12.32,51%,0%,0.0,"5' 5""",145 lbs.,"68""",Switch,"Nov 27, 1998"
b9c3ee342eb72100,2-3-0,0.00,0%,0.00,0%,,0.00,0%,0%,0.0,--,135 lbs.,--,,--
69b69c0178c4004d,8-6-0,3.40,61%,3.07,46%,,0.00,0%,40%,0.9,"6' 4""",245 lbs.,"78""",Orthodox,"Feb 05, 1976"
f55a6807b6bb853d,12-2-0,3.60,38%,4.60,71%,,0.00,0%,83%,0.0,"5' 10""",155 lbs.,"72""",Orthodox,"Dec 06, 1996"
2dbc60c52de126d8,13-5-1,5.47,42%,8.54,44%,,0.00,0%,0%,0.0,"5' 8""",145 lbs.,"71""",Switch,"Sep 29, 1994"
473ce3aa581251a2,25-10-0 (1 NC),2.46,35%,3.44,51%,,0.73,35%,35%,0.4,"6' 0""",170 lbs.,"74""",Orthodox,"May 17, 1982"
4798e823ada58fe9,10-5-1,3.06,45%,3.24,50%,,0.82,41%,51%,0.3,"5' 4""",125 lbs.,"64""",Southpaw,"Oct 30, 1995"
85073dbd1be65ed9,7-5-0 (1 NC),4.79,50%,3.31,55%,,0.20,33%,64%,0.0,"6' 5""",265 lbs.,"80""",Orthodox,"Jul 28, 1988"
4d1e92b61bcef308,12-3-0,0.00,0%,0.00,0%,,0.00,0%,0%,0.0,--,--,--,,"Jan 13, 1994"
848809f3986b4977,1-2-0,0.00,0%,0.00,0%,,0.00,0%,0%,0.0,--,265 lbs.,--,,"Oct 24, 1977"
14a433bccba87016,12-7-0,1.30,54%,4.98,47%,,3.25,100%,0%,0.0,"6' 0""",185 lbs.,--,Orthodox,"Apr 14, 1972"
e5864a42c80294f6,11-1-0,2.32,50%,10.94,29%,,0.00,0%,0%,0.0,"5' 7""",170 lbs.,"68""",Southpaw,"Nov 13, 1998"
30cd319d39ee689b,1-4-0,0.00,0%,0.00,0%,,0.00,0%,0%,0.0,"6' 8""",270 lbs.,--,Orthodox,--
c4b81cdecd5d6abe,23-5-0,1.41,29%,1.58,62%,,2.96,54%,72%,0.0,"5' 11""",185 lbs.,"77""",Southpaw,"Nov 19, 1979"
ba043b03eb799063,22-12-0 (2 NC),2.34,26%,3.16,68%,,1.76,21%,60%,0.0,"5' 4""",125 lbs.,"65""",Orthodox,"Sep 04, 1983"
03f982ca3735070c,13-10-0 (1 NC),3.05,39%,3.33,54%,,0.29,28%,70%,0.1,"6' 5""",250 lbs.,"77""",Southpaw,"Jun 10, 1983"
0e96af5220d27ed4,2-0-0 (1 NC),0.00,0%,0.00,0%,,0.00,0%,0%,0.0,--,257 lbs.,--,,"Aug 04, 1977"
0e98b05d3cf6d271,2-2-0,1.73,50%,0.43,75%,,0.00,0%,50%,6.5,"5' 6""",145 lbs.,--,,--
a53d30163304aa6e,19-8-0,3.34,42%,3.50,51%,,1.13,20%,55%,0.5,"6' 0""",170 lbs.,"76""",Orthodox,"Jul 09, 1987"
1af1170ed937cba7,19-1-0,4.29,62%,1.10,66%,,2.84,37%,100%,0.9,"5' 8""",135 lbs.,"66""",Southpaw,"Jul 02, 1990"
16bf6a73bdd302cd,6-3-1,6.33,44%,7.53,51%,,2.00,16%,50%,0.0,"6' 1""",185 lbs.,--,Orthodox,"Oct 12, 1989"
6412da484125716b,6-2-0,4.53,34%,4.53,45%,,0.00,0%,40%,0.0,"6' 3""",170 lbs.,"79""",Orthodox,"Jun 24, 1997"
058e4e08a1ad8aba,6-3-0,1.14,35%,1.55,66%,,1.22,100%,25%,2.5,"5' 10""",155 lbs.,"69""",Orthodox,"Apr 04, 1979"
34f3869747bf8fa9,0-1-0,0.00,0%,0.00,0%,,0.00,0%,0%,0.0,--,--,--,,--
83a477a7dba1ca58,13-6-0,3.29,48%,3.91,58%,,0.66,100%,68%,1.3,"6' 1""",170 lbs.,"74""",Orthodox,"Sep 25, 1980"
5182316da3c1d891,8-0-0,0.00,0%,0.00,0%,,0.00,0%,0%,0.0,--,125 lbs.,--,,"Jul 16, 2001"
c88f8a9c1ea7165d,6-0-0,1.40,51%,1.00,70%,,17.00,62%,0%,0.0,"5' 11""",170 lbs.,"74""",Orthodox,"Aug 01, 1995"
2a2eeee20ef049cf,19-20-6,0.00,0%,0.00,0%,,0.00,0%,0%,0.0,"5' 9""",170 lbs.,--,,"Jul 13, 1978"
5bd533d50c8e7b8a,20-17-0,0.93,70%,4.67,28%,,0.00,0%,40%,2.0,"5' 11""",205 lbs.,--,Orthodox,"Jun 02, 1969"
ae4343d29c68e9d0,15-6-1,2.84,26%,6.56,61%,,0.00,0%,0%,0.0,"5' 4""",135 lbs.,--,Orthodox,"Oct 02, 1977"
a890f9a791ed615d,1-4-0,0.00,0%,11.67,30%,,0.00,0%,0%,0.0,"6' 0""",250 lbs.,--,Orthodox,"Aug 16, 1977"
77940e45bc86208e,7-6-0,1.51,33%,2.65,54%,,1.62,40%,52%,0.8,"5' 10""",170 lbs.,--,Orthodox,"Aug 30, 1979"
cf615eb4b7862c76,6-3-0,2.11,46%,3.16,48%,,0.00,0%,25%,0.0,"5' 10""",170 lbs.,--,,"Oct 20, 1982"
bf7a64d9ae343e86,11-3-0,3.16,39%,4.42,38%,,2.43,19%,0%,1.2,"6' 1""",155 lbs.,"75""",Orthodox,"Nov 20, 1996"
c76ceda100ac0fad,17-11-7,1.44,39%,1.42,55%,,0.67,100%,35%,0.7,"5' 6""",139 lbs.,--,Orthodox,"Aug 24, 1982"
28f3c2258a1d8874,17-2-0,3.40,40%,1.80,62%,,2.61,43%,60%,0.9,"6' 1""",170 lbs.,"75""",Orthodox,"Jul 23, 1987"
547afe1017e72dbe,12-6-0,5.33,59%,3.72,55%,,2.11,34%,90%,0.2,"6' 0""",185 lbs.,"77""",Orthodox,"Jan 08, 1989"
5c7fc58e782b6842,6-9-0,0.00,0%,3.41,37%,,0.00,0%,0%,0.0,"5' 11""",205 lbs.,--,,"Jan 13, 1979"
9460c867aae1987e,5-10-0,0.00,0%,0.00,0%,,0.00,0%,0%,0.0,"6' 1""",205 lbs.,--,,"Dec 20, 1985"
885e7f70dcac0007,22-17-0,1.15,27%,2.01,46%,,0.00,0%,0%,0.0,"5' 5""",135 lbs.,--,Orthodox,--
0871254cd790c250,11-3-0,1.48,27%,2.05,55%,,3.42,33%,66%,0.0,"5' 9""",145 lbs.,--,Southpaw,"Mar 11, 1986"
0cfbbfa0ba6d9855,20-12-2,4.87,55%,1.47,77%,,0.00,0%,75%,4.0,"6' 4""",230 lbs.,--,Orthodox,"Oct 16, 1980"
a620638435de0628,7-6-0,0.00,0%,0.00,0%,,0.00,0%,0%,0.0,--,--,--,,--
7d6a3546c988cdc0,8-11-0,0.00,0%,0.00,0%,,0.00,0%,0%,0.0,"5' 10""",--,--,,"Oct 29, 1980"
6ef58dabef8beb15,14-11-0,1.25,22%,4.03,52%,,0.94,18%,42%,0.0,"5' 9""",170 lbs.,--,Orthodox,"Jul 30, 1977"
a149d6bc670cdb60,12-7-0,2.24,40%,3.51,46%,,0.55,50%,25%,4.1,"6' 1""",170 lbs.,"76""",Orthodox,"Apr 29, 1986"
19a8cce18a1cef9e,9-4-0,2.75,48%,3.11,49%,,0.41,100%,66%,0.8,"6' 1""",170 lbs.,"73""",Orthodox,"Feb 09, 1984"
50d2f0018bcf9eef,34-23-0 (1 NC),2.57,36%,2.57,50%,,3.08,37%,55%,1.1,"6' 0""",155 lbs.,"72""",Orthodox,"Jul 20, 1983"
f3eb664db7fb1df3,25-14-1,1.67,35%,3.00,38%,,3.00,50%,40%,1.0,"6' 1""",155 lbs.,--,Orthodox,"Jul 20, 1983"
d85cf12439945941,1-0-0,0.00,0%,0.00,0%,,0.00,0%,0%,0.0,"5' 11""",185 lbs.,--,,--
4f95f74620a6b7a4,18-7-0,1.48,30%,5.16,49%,,0.33,50%,57%,1.0,"5' 11""",205 lbs.,"72""",Orthodox,"Feb 10, 1976"
bad8be5827ea1bf1,9-4-0 (1 NC),1.08,45%,2.67,52%,,3.39,50%,100%,0.7,"5' 9""",155 lbs.,--,Orthodox,"Nov 24, 1987"
e57fdbea1b828202,11-4-0,3.26,47%,2.76,56%,,2.04,37%,40%,0.0,"6' 0""",170 lbs.,"73""",Orthodox,"Feb 09, 1984"
1004099ab87faa8d,6-1-0,2.70,47%,1.77,61%,,3.12,33%,42%,0.0,"5' 11""",185 lbs.,"76""",Orthodox,"Mar 21, 1997"
2816ced060a21be3,14-5-0 (1 NC),2.65,35%,3.61,59%,,0.86,33%,83%,0.0,"5' 6""",155 lbs.,"66""",Southpaw,"Apr 24, 1984"
2e585c701f72fe55,14-5-0,3.25,50%,2.98,59%,,1.02,17%,59%,0.7,"5' 11""",185 lbs.,"72""",Orthodox,"Aug 05, 1988"
bf43fed8f29e1671,23-7-0,1.41,34%,2.02,47%,,2.46,46%,37%,1.3,"5' 9""",155 lbs.,"71""",Orthodox,"Jan 18, 1992"
970beed85bc46b63,29-10-0,0.69,75%,4.83,19%,,0.00,0%,0%,0.0,"5' 11""",185 lbs.,--,Orthodox,"Nov 16, 1977"
cacfd51b8e97ace0,1-1-0,0.00,0%,0.00,0%,,0.00,0%,0%,0.0,--,155 lbs.,--,,--
0971be7d94e109e1,0-4-0,0.00,0%,0.00,0%,,0.00,0%,0%,0.0,"5' 6""",135 lbs.,--,Orthodox,"Feb 06, 1983"
1ccf4e7caff270df,32-15-0,2.44,47%,2.70,51%,,1.52,52%,57%,0.3,"5' 11""",185 lbs.,"74""",Orthodox,"Aug 24, 1970"
2676b28836a5a836,24-7-0,2.93,45%,1.79,63%,,2.40,45%,63%,0.8,"5' 9""",170 lbs.,"70""",Southpaw,"Nov 16, 1983"
498f0d066396ec59,4-3-0,2.53,25%,3.60,48%,,1.00,20%,0%,0.0,"5' 10""",125 lbs.,--,,--
7649c4c95b824488,19-11-0 (1 NC),0.98,20%,11.80,29%,,0.00,0%,0%,0.0,"6' 2""",235 lbs.,--,Southpaw,"Aug 28, 1976"
0941df56f6ac954b,18-8-0,3.49,45%,3.99,53%,,3.83,46%,63%,0.3,"5' 9""",185 lbs.,"69""",Southpaw,"Sep 12, 1983"
9ab9912e0f8fa6d6,3-1-0,3.13,39%,4.07,42%,,0.00,0%,100%,0.0,"6' 3""",205 lbs.,--,Switch,"May 10, 1988"
e5bda12faabfc850,10-5-0 (1 NC),1.81,43%,2.22,47%,,3.09,36%,50%,1.0,"6' 2""",243 lbs.,"74""",Orthodox,"Aug 21, 1993"
3fe8ad7e1594537a,12-2-0,0.93,32%,1.87,61%,,0.00,0%,50%,0.0,"5' 7""",125 lbs.,"69""",,"Jul 03, 2002"
1649770c649db6a5,8-4-0 (1 NC),2.53,57%,3.27,30%,,0.00,0%,63%,0.0,"6' 2""",185 lbs.,--,Orthodox,"Aug 22, 1986"
f7d73e452b064bf2,12-4-0,5.20,51%,4.16,45%,,0.74,33%,50%,2.2,"6' 0""",145 lbs.,"73""",Orthodox,"Jul 17, 1988"
eb8d8c2a95cfccb8,25-7-0 (1 NC),7.17,53%,5.19,48%,,1.04,42%,81%,0.3,"5' 7""",135 lbs.,"68""",Switch,"May 04, 1987"
e1acbb6352ca3551,4-2-0,0.73,37%,0.13,81%,,2.00,40%,60%,0.0,"5' 7""",155 lbs.,--,,--
4c88a1db5a46c6a4,14-6-1,3.19,41%,3.34,52%,,0.42,21%,66%,0.0,"6' 1""",155 lbs.,"77""",Orthodox,"May 13, 1988"
06f36cf4bd97ec77,27-16-0 (1 NC),3.31,48%,3.71,42%,,1.96,47%,59%,1.0,"6' 1""",205 lbs.,"77""",Orthodox,"Oct 02, 1980"
cbd6f1abf955e628,22-6-0,4.98,60%,3.78,48%,,1.49,100%,58%,0.0,"6' 4""",242 lbs.,"77""",Orthodox,"Oct 03, 1984"
0a1942069c9ad6b6,24-10-0,5.15,45%,3.72,56%,,1.48,29%,80%,0.4,"6' 1""",170 lbs.,"77""",Orthodox,"Jun 10, 1988"
df2cf66d8c0123db,5-5-0,0.00,0%,0.00,0%,,0.00,0%,0%,0.0,--,--,--,Orthodox,--
4a76daef28549957,0-1-0,0.00,0%,0.00,0%,,0.00,0%,0%,0.0,--,--,--,,--
915c8d39d4a0e7d1,19-9-0,2.72,28%,5.51,64%,,0.00,0%,0%,0.0,"5' 9""",135 lbs.,--,Orthodox,"Jul 22, 1986"
262a7d06203657e6,18-9-0,4.23,40%,4.45,59%,,1.05,35%,68%,0.1,"5' 9""",155 lbs.,"72""",Orthodox,"Oct 01, 1992"
093e1f5bb73850be,15-3-0 (1 NC),4.57,60%,3.10,51%,,5.88,48%,68%,1.6,"6' 0""",185 lbs.,"75""",Orthodox,"Oct 18, 1993"
f97c5433c77522d3,9-4-0,1.32,34%,2.63,52%,,0.71,50%,37%,0.0,"5' 10""",135 lbs.,"71""",Orthodox,"Mar 01, 1994"
798e48f9e7f6ba22,10-5-0,3.83,45%,3.50,50%,,1.56,21%,65%,0.2,"5' 8""",125 lbs.,"67""",Orthodox,"Oct 25, 1993"
fc8610cc15674ae2,4-2-0,3.60,58%,2.53,55%,,0.00,0%,54%,0.0,"5' 3""",115 lbs.,"64""",Orthodox,"Dec 29, 1997"
5dad1e8a516e6477,7-0-0,0.00,0%,0.00,0%,,0.00,0%,0%,0.0,--,185 lbs.,--,,"Aug 22, 1996"
440c9dbab63528fb,1-1-0,0.00,0%,0.00,0%,,0.00,0%,0%,0.0,"5' 10""",185 lbs.,--,Orthodox,"Feb 21, 1964"
f71028a6e5128856,3-2-1,2.04,37%,3.35,48%,,1.80,100%,100%,0.0,"5' 10""",185 lbs.,--,,--
c169545ab0825f44,9-3-0,1.51,31%,5.07,52%,,0.83,37%,38%,0.6,"5' 5""",125 lbs.,"66""",Orthodox,"May 27, 1990"
74d35fbc9c6a61bd,9-6-0,1.89,38%,3.40,55%,,0.00,0%,33%,1.1,"6' 0""",155 lbs.,"74""",Orthodox,"May 14, 1990"
b6850671a008bf9a,14-10-0,3.84,37%,5.19,48%,,1.08,28%,75%,0.8,"5' 4""",115 lbs.,"65""",Orthodox,"Sep 18, 1984"
7450525c7ba032a0,28-16-0 (1 NC),2.37,50%,1.77,54%,,1.22,50%,32%,0.7,"6' 4""",250 lbs.,"78""",Orthodox,"Mar 02, 1978"
32a3025d5db456ae,1-1-0,0.00,0%,0.00,0%,,0.00,0%,0%,0.0,"6' 7""",295 lbs.,--,,--
92b62174c175ce19,11-6-0,3.36,42%,3.44,56%,,1.02,35%,60%,0.0,"6' 2""",205 lbs.,"77""",Orthodox,"Nov 21, 1986"
13150cf89a5b81e0,3-0-0,3.53,53%,0.40,68%,,4.00,80%,0%,0.0,"6' 1""",205 lbs.,--,,--
893d51aaf024eddd,11-3-0,3.47,57%,3.50,57%,,5.20,44%,61%,1.4,"5' 9""",145 lbs.,"71""",Southpaw,"Jun 09, 1987"
fdb02029556ff4ed,9-5-0,2.92,36%,3.66,54%,,2.45,31%,33%,0.3,"5' 10""",155 lbs.,--,Orthodox,"Feb 11, 1979"
e69c5ce12f4e762b,10-4-0 (1 NC),1.42,43%,3.06,61%,,2.70,53%,25%,4.0,"5' 6""",155 lbs.,"64""",Southpaw,"Nov 25, 1975"
5bb0a618ad03ac64,23-7-0,1.66,32%,1.89,61%,,4.05,60%,66%,1.0,"6' 0""",170 lbs.,"75""",Orthodox,"Jul 29, 1976"
7af33fc4435017f1,9-2-0,2.70,50%,3.75,51%,,4.80,46%,42%,1.1,"5' 8""",135 lbs.,"71""",Orthodox,"Apr 30, 1999"
88432fe79d5091d9,2-1-0,1.02,26%,3.68,40%,,0.00,0%,0%,0.0,--,155 lbs.,--,,"Jul 14, 1980"
e5d03e4d966126bd,21-6-0,1.28,42%,1.56,48%,,2.36,63%,37%,2.8,"5' 8""",155 lbs.,"73""",Southpaw,"Oct 12, 1981"
318e629d1eb7aa49,8-4-0 (1 NC),4.62,35%,6.92,21%,,3.46,100%,100%,0.0,"5' 8""",170 lbs.,--,Orthodox,"Nov 26, 1974"
2af2d675f7d847e3,4-3-0,0.29,100%,1.74,60%,,0.00,0%,0%,0.0,"5' 10""",145 lbs.,--,,--
abbc737317f66b81,6-9-0,3.57,46%,1.61,70%,,3.02,80%,100%,0.0,"6' 4""",155 lbs.,"80""",Orthodox,"Oct 03, 1978"
86b30a86664cb6e4,5-7-1 (1 NC),4.84,50%,0.97,80%,,0.00,0%,66%,14.5,"5' 10""",155 lbs.,--,,--
f0feeb2192937424,19-16-0,5.46,50%,5.00,60%,,0.76,30%,72%,0.2,"5' 3""",115 lbs.,"64""",Orthodox,"Jan 12, 1985"
006efbb0c1621fd7,8-2-0,3.64,39%,5.33,47%,,0.00,0%,0%,0.0,"6' 3""",170 lbs.,--,Switch,"Aug 10, 1991"
5444c5a201d3ee5a,12-4-0 (1 NC),6.19,51%,4.03,44%,,0.00,0%,73%,0.0,"6' 4""",205 lbs.,"79""",Southpaw,"May 19, 1991"
bc7efc037c5f6550,4-1-0 (1 NC),2.60,53%,4.80,37%,,3.00,42%,0%,0.0,"6' 1""",185 lbs.,"77""",Southpaw,"Dec 01, 1994"
ab2a4b5e04dc5fe9,7-1-0,5.47,31%,7.47,38%,,1.00,10%,0%,0.0,"6' 2""",265 lbs.,"74""",Orthodox,"Oct 20, 1991"
06f0ffa6446c5b6d,17-11-0 (1 NC),2.61,69%,3.91,26%,,4.34,57%,66%,4.3,"6' 3""",235 lbs.,--,Orthodox,"Jul 29, 1973"
ef7fa30364cbe7f2,29-10-2,2.42,42%,2.12,65%,,2.55,56%,54%,0.6,"5' 11""",145 lbs.,"73""",Orthodox,"Jul 18, 1983"
483b3170b3c05cf0,14-5-4,0.00,0%,0.00,0%,,0.00,0%,0%,0.0,"5' 5""",135 lbs.,--,Orthodox,"Apr 04, 1986"
9d4522df6fc49a47,23-9-0,1.98,40%,3.01,54%,,1.91,30%,25%,0.6,"5' 10""",168 lbs.,"70""",Orthodox,"Jun 17, 1976"
35faad160d346839,18-10-2,3.36,40%,3.50,54%,,1.36,50%,58%,0.1,"5' 7""",155 lbs.,"67""",Orthodox,"May 05, 1981"
8332a607df696345,16-22-6,0.00,0%,0.00,0%,,0.00,0%,0%,0.0,"5' 10""",185 lbs.,--,,"Sep 18, 1971"
6c9384138c82962f,6-2-0,1.95,35%,2.81,55%,,1.72,25%,16%,0.0,"5' 6""",125 lbs.,"66""",Switch,"Sep 27, 2000"
c13042265355a290,9-2-0,3.29,41%,3.45,47%,,0.78,100%,26%,0.0,"5' 5""",135 lbs.,--,Switch,"Jun 18, 1989"
b57edace7b647f07,9-3-0,3.23,42%,4.27,52%,,3.66,44%,50%,0.0,"5' 10""",135 lbs.,"70""",Southpaw,"Jan 07, 1987"
afaad7d6a581e307,36-10-1 (2 NC),2.02,70%,1.32,19%,,1.17,50%,0%,1.2,"6' 2""",245 lbs.,--,Orthodox,"Oct 28, 1968"
33fb306278dbb3e5,9-2-0,4.78,45%,4.63,35%,,3.42,42%,0%,0.0,"6' 0""",170 lbs.,"72""",Orthodox,"Nov 18, 1989"
84a067c46306a737,10-4-0,1.07,25%,2.25,57%,,1.12,38%,29%,1.3,"6' 2""",205 lbs.,--,Orthodox,"Jun 28, 1980"
955da1675ad58a50,10-0-0,9.29,64%,5.28,48%,,3.73,47%,77%,0.4,"6' 1""",235 lbs.,"73""",Orthodox,"Nov 12, 1997"
66ab58d0b3783607,12-3-0,2.20,49%,3.00,54%,,0.85,18%,10%,2.1,"5' 11""",155 lbs.,"70""",Southpaw,"Feb 06, 1986"
acbb9c76f5894e36,5-2-0,2.40,59%,0.60,59%,,5.00,83%,0%,2.0,"5' 10""",170 lbs.,--,,"Sep 17, 1984"
fc60ecf0671b9489,6-0-0,1.85,29%,1.94,58%,,3.38,62%,100%,2.0,"5' 11""",135 lbs.,--,,"Oct 24, 1987"
3a46b268013afede,29-15-0 (1 NC),4.24,49%,3.21,50%,,0.79,36%,57%,0.6,"6' 3""",170 lbs.,"81""",Orthodox,"Nov 05, 1992"
27d65e9d0fba61ea,13-5-0,1.83,47%,6.47,34%,,1.00,28%,30%,0.0,"5' 11""",205 lbs.,--,Orthodox,"Oct 08, 1978"
150ff4cc642270b9,27-9-0,6.91,48%,4.61,58%,,0.23,53%,81%,0.3,"5' 11""",155 lbs.,"69""",Orthodox,"Dec 04, 1991"
e30715382f42b772,6-5-0,0.70,42%,3.07,34%,,3.00,35%,16%,1.0,"5' 3""",145 lbs.,--,,"Apr 15, 1990"
ee28aa7f1043756c,8-3-0,0.81,50%,0.51,79%,,0.00,0%,0%,0.0,"6' 0""",170 lbs.,--,,"Sep 29, 1984"
634e2fb70bde3fd5,15-7-0 (1 NC),3.13,40%,2.92,55%,,0.87,30%,76%,0.1,"5' 8""",135 lbs.,"69""",Southpaw,"Oct 17, 1981"
b5ea750025697880,4-2-0,2.75,34%,7.25,40%,,0.00,0%,100%,0.0,"6' 3""",205 lbs.,--,Southpaw,--
8d20d76af3f213ce,8-4-0,2.88,53%,3.08,54%,,1.49,40%,50%,0.8,"6' 4""",185 lbs.,"80""",Orthodox,"Jul 04, 1995"
f295d50c56339ab6,5-1-0,4.72,45%,8.76,50%,,0.00,0%,50%,0.0,"6' 2""",185 lbs.,"74""",Orthodox,"Feb 05, 1997"
a7151778b3381036,22-10-0 (1 NC),4.58,44%,4.24,49%,,0.65,33%,38%,0.8,"5' 11""",155 lbs.,"70""",Orthodox,"Sep 08, 1986"
6e7c758f5cdec01a,12-2-1,2.13,46%,2.81,46%,,2.88,47%,71%,1.3,"5' 10""",125 lbs.,"69""",Orthodox,"May 03, 1988"
6070f16bcfd89fcf,4-0-0,0.00,0%,0.00,0%,,0.00,0%,0%,0.0,"5' 11""",155 lbs.,--,,--
c11f50e9c1513ce9,12-6-0,0.25,19%,1.67,47%,,0.76,100%,60%,2.3,"6' 0""",155 lbs.,--,Orthodox,"Aug 14, 1985"
df1eb4354d18a906,14-6-0,4.32,47%,3.66,55%,,1.88,56%,67%,0.2,"5' 9""",155 lbs.,"69""",Orthodox,"Sep 30, 1983"
71f048adbfed5b49,11-8-0,4.98,48%,6.91,47%,,2.80,50%,66%,0.0,"6' 0""",170 lbs.,"72""",Orthodox,"Oct 19, 1988"
0a97691039c4bbfb,20-12-0,4.08,42%,4.18,69%,,0.25,66%,71%,0.9,"5' 8""",145 lbs.,"68""",Orthodox,"Jul 22, 1982"
472f6f6e6d962f40,10-4-0,4.04,30%,4.67,66%,,0.00,0%,0%,1.3,"5' 4""",125 lbs.,"65""",Orthodox,"Aug 30, 1979"
4d2e3320d815f687,9-1-0 (1 NC),2.99,44%,1.41,66%,,3.40,45%,75%,0.0,"5' 10""",170 lbs.,"73""",,"Jul 25, 1988"
b24666e26bd750a3,13-8-1,2.10,39%,2.30,48%,,0.00,0%,35%,0.0,"5' 9""",145 lbs.,"69""",Orthodox,"Dec 18, 1990"
10d4575f497face4,9-2-0 (2 NC),6.57,55%,8.76,47%,,0.00,0%,0%,0.0,"5' 7""",155 lbs.,"69""",Orthodox,"Nov 28, 1989"
d2b1c1317a39f6c6,4-6-3,0.00,0%,0.00,0%,,0.00,0%,0%,0.0,"6' 1""",205 lbs.,--,Orthodox,"May 19, 1968"
5af480a3b2e1726b,1-3-0,0.00,0%,0.00,0%,,0.00,0%,0%,0.0,"6' 0""",200 lbs.,--,,--
7f9abc4db2d05764,14-5-0 (1 NC),2.64,61%,4.66,11%,,0.00,0%,100%,0.0,"6' 3""",265 lbs.,"80""",Southpaw,"Mar 02, 1989"
193b9d1858bc4df3,24-14-0,4.82,48%,4.94,49%,,0.68,33%,77%,0.6,"6' 0""",155 lbs.,"75""",Switch,"Feb 13, 1990"
971246648e162f0d,16-5-1,4.50,49%,3.02,39%,,2.43,32%,55%,2.1,"6' 1""",155 lbs.,"74""",Southpaw,"Sep 13, 1999"
6142edbd477d20c9,11-2-0,7.07,41%,7.00,33%,,1.00,33%,100%,0.0,"5' 6""",155 lbs.,"68""",,"Jan 29, 1997"
18e8b7070228e728,13-4-0,2.05,44%,4.21,39%,,0.35,50%,47%,0.7,"5' 10""",155 lbs.,"70""",Southpaw,"Jul 28, 1987"
baf942f4bcb09894,1-6-0,0.00,0%,0.00,0%,,0.00,0%,0%,0.0,"6' 4""",230 lbs.,--,Orthodox,"Mar 23, 1964"
3fa7688bfe48a493,8-2-0,2.76,49%,5.65,48%,,0.00,0%,0%,0.0,"5' 8""",145 lbs.,"70""",Orthodox,"May 10, 1995"
98aa60cf58071fd6,36-6-0 (1 NC),3.64,47%,2.08,64%,,1.67,40%,61%,0.1,"5' 4""",125 lbs.,"63""",Orthodox,"Oct 12, 1990"
f6c1ce7cfd600662,9-5-0,3.73,30%,5.00,35%,,2.00,16%,0%,2.0,"5' 6""",125 lbs.,"67""",Switch,"Sep 22, 1997"
8d26912cd2aeb366,91-22-5 (1 NC),1.19,39%,1.99,55%,,1.83,38%,29%,1.1,"6' 1""",185 lbs.,"74""",Orthodox,"Aug 25, 1975"
21632ba272c0785a,20-25-0 (1 NC),0.00,0%,0.00,0%,,0.00,0%,0%,0.0,"5' 4""",125 lbs.,--,,"Aug 18, 1976"
e29cf523ebd155c5,21-7-1 (1 NC),4.59,41%,3.16,65%,,1.52,55%,37%,0.9,"5' 9""",155 lbs.,"69""",Orthodox,"Sep 24, 1987"
5c637af9472ae7cc,9-3-0,3.80,47%,2.64,63%,,0.98,42%,80%,0.2,"5' 7""",125 lbs.,"66""",Orthodox,"Mar 30, 1990"
049d698d773eb3e1,30-25-1,1.11,62%,2.16,38%,,0.33,9%,28%,2.7,"6' 1""",185 lbs.,--,Orthodox,"Oct 02, 1978"
57591bbf1623574e,18-8-1,1.11,38%,1.52,45%,,0.00,0%,46%,0.0,"5' 10""",135 lbs.,--,Southpaw,"Nov 13, 1980"
21f2974fd08085e3,0-1-0,0.00,0%,0.00,0%,,0.00,0%,0%,0.0,--,--,--,,--
97a8f39186f489db,10-6-0,1.86,48%,3.46,47%,,0.86,18%,0%,1.1,"5' 7""",135 lbs.,"68""",Orthodox,"Aug 02, 1978"
c6668eeb261588d3,11-4-0,0.00,0%,0.00,0%,,0.00,0%,0%,0.0,"5' 11""",185 lbs.,--,,"Jun 08, 1988"
4b1896310a907656,3-0-0,0.00,0%,0.00,0%,,0.00,0%,0%,0.0,--,185 lbs.,--,,--
36fbaa49a09ff997,4-6-0,1.90,35%,3.67,53%,,0.95,100%,87%,0.0,"6' 2""",185 lbs.,--,Orthodox,"Apr 26, 1981"
a2b06ca02bca14c0,1-3-0,0.00,0%,0.00,0%,,0.00,0%,0%,0.0,"6' 2""",240 lbs.,--,Orthodox,--
fc31f896cde2bc2e,24-13-0,2.15,50%,3.08,51%,,2.70,49%,53%,0.4,"5' 7""",170 lbs.,"72""",Orthodox,"Mar 01, 1983"
a7de976620f2ed13,13-10-0,1.27,32%,2.55,42%,,0.00,0%,20%,0.0,"5' 8""",125 lbs.,--,Orthodox,"Nov 28, 1983"
f1175ea3aafbf351,3-3-0,3.35,48%,5.09,35%,,0.00,0%,33%,0.4,"6' 3""",185 lbs.,"72""",Orthodox,"Apr 07, 1995"
225def29ecfe0fc1,10-5-1,2.10,21%,4.80,50%,,0.00,0%,66%,0.0,"5' 4""",135 lbs.,"67""",Southpaw,"Jun 04, 1996"
1ec1b6a7a29ffc71,11-2-0,4.62,37%,10.77,30%,,0.00,0%,0%,0.0,"5' 9""",135 lbs.,"69""",Orthodox,"Dec 16, 1992"
1c8b9f4d89b92e1b,13-0-0,0.00,0%,0.00,0%,,0.00,0%,0%,0.0,--,145 lbs.,--,,"Jul 04, 2000"
e71c75f533a30daa,14-8-0,0.00,0%,0.00,0%,,0.00,0%,0%,0.0,"5' 5""",115 lbs.,"65""",Orthodox,"Mar 12, 1994"
d2cd7a69cc55e7ed,17-10-0,3.97,42%,4.10,55%,,1.63,28%,68%,0.1,"5' 10""",155 lbs.,"71""",Orthodox,"Dec 22, 1991"
f372a848d250e006,8-2-0,2.05,60%,2.73,42%,,10.23,100%,0%,20.4,"6' 3""",185 lbs.,"76""",Orthodox,"Sep 29, 1994"
8b9197746bd3e005,6-2-0,2.47,42%,2.59,67%,,0.00,0%,0%,0.9,"6' 7""",254 lbs.,--,,"Aug 11, 1986"
daf1b84aebd6602b,23-9-1 (1 NC),3.64,36%,2.33,56%,,2.13,46%,52%,0.5,"5' 9""",155 lbs.,"70""",Orthodox,"May 20, 1983"
737d93a42b8c2e94,3-1-0,0.00,0%,0.00,0%,,0.00,0%,0%,0.0,"6' 3""",185 lbs.,--,,--
621a6c59f88a44fe,45-9-0,2.14,53%,1.36,53%,,2.95,50%,35%,1.2,"5' 9""",170 lbs.,"73""",Switch,"Oct 13, 1973"
d62bb4d84a7267ba,6-2-0,0.90,47%,0.40,42%,,3.00,50%,0%,4.5,"5' 9""",205 lbs.,--,Southpaw,"Oct 13, 1973"
6a11e325aa60ad02,10-4-0 (1 NC),3.95,51%,3.67,60%,,0.71,50%,45%,0.0,"6' 2""",250 lbs.,"77""",Orthodox,"May 17, 1988"
e94085e821bd81de,11-7-0,4.41,47%,4.69,58%,,1.12,29%,63%,0.2,"5' 5""",115 lbs.,"64""",Orthodox,"Jun 28, 1992"
f264ba50b007f39e,25-5-0,3.27,44%,2.95,56%,,0.81,33%,73%,1.2,"5' 7""",135 lbs.,"71""",Orthodox,"Nov 22, 1992"
b0718335e9868cfd,22-10-0,0.00,0%,0.00,0%,,0.00,0%,0%,0.0,"5' 10""",170 lbs.,--,,"Sep 07, 1980"
e4cbc82c36e47299,8-1-0,0.00,0%,0.00,0%,,0.00,0%,0%,0.0,--,185 lbs.,--,,"Jan 03, 1996"
b9c75e7fc910f587,6-2-0,0.00,0%,0.00,0%,,0.00,0%,0%,0.0,--,265 lbs.,--,,--
cb1b4d237b0079e6,7-3-0,1.45,40%,3.83,46%,,1.41,37%,33%,3.8,"5' 11""",205 lbs.,--,Orthodox,"May 27, 1977"
15e0d2df09025bda,4-0-0,0.00,0%,0.00,0%,,0.00,0%,0%,0.0,--,170 lbs.,--,,"Sep 20, 2000"
f703250471acaf96,7-6-0,3.54,52%,6.53,42%,,0.00,0%,0%,2.0,"6' 2""",205 lbs.,"75""",Orthodox,"Jan 03, 1989"
eef9b891edbd4604,13-14-1 (1 NC),2.81,43%,2.90,51%,,0.51,55%,64%,0.2,"5' 10""",265 lbs.,"72""",Orthodox,"Mar 23, 1974"
baa5358456803df8,2-0-0,0.00,0%,0.00,0%,,0.00,0%,0%,0.0,"5' 9""",226 lbs.,--,Orthodox,--
edc9eb3051f444fa,7-1-0,0.00,0%,0.00,0%,,0.00,0%,0%,0.0,"6' 1""",185 lbs.,--,Orthodox,"Oct 16, 1983"
21b54430c8eeb9cc,12-5-0,1.12,45%,3.35,56%,,0.00,0%,20%,0.0,"5' 8""",155 lbs.,--,,"Jun 24, 1978"
0e6bc8d1d6c0ad90,15-2-0,0.00,0%,0.00,0%,,0.00,0%,0%,0.0,--,135 lbs.,--,,"Aug 02, 1997"
155bfc7ed36622df,11-7-0 (1 NC),2.59,39%,2.59,64%,,3.53,100%,0%,0.0,"5' 11""",185 lbs.,--,Southpaw,"Aug 31, 1972"
8588d14c4952b9fa,8-5-0,0.00,0%,0.00,0%,,0.00,0%,0%,0.0,"5' 9""",135 lbs.,--,,"Sep 02, 1988"
1c01d986283e6acb,8-2-0,2.47,46%,6.20,44%,,0.00,0%,50%,0.0,"5' 11""",185 lbs.,"74""",Orthodox,"Jan 18, 1994"
031c06c8210e357c,4-0-0,0.00,0%,0.00,0%,,0.00,0%,0%,0.0,--,135 lbs.,--,,"Oct 26, 2000"
59279a7c978f7da0,14-7-1,4.06,40%,4.53,61%,,0.63,18%,74%,0.2,"5' 10""",155 lbs.,"70""",Orthodox,"Apr 30, 1987"
c3218c810959d279,8-4-0,3.55,49%,4.26,47%,,0.97,30%,80%,0.3,"6' 3""",205 lbs.,"78""",Orthodox,"May 21, 1995"
4565d435005319c0,0-1-0,0.00,0%,0.00,0%,,0.00,0%,0%,0.0,"5' 7""",178 lbs.,--,Orthodox,"Jun 30, 1968"
30cad5a751adcb48,11-1-0 (1 NC),2.51,44%,2.64,60%,,3.25,31%,66%,0.0,"5' 6""",125 lbs.,"68""",Orthodox,"Oct 22, 1994"
82a5152216251682,19-11-0,3.60,45%,3.56,56%,,0.93,26%,56%,0.2,"5' 7""",145 lbs.,"71""",Orthodox,"Aug 06, 1991"
7b6ce3a9460565b5,1-2-0,0.00,0%,0.00,0%,,0.00,0%,0%,0.0,"5' 9""",170 lbs.,--,Orthodox,--
df9e9c1f65805d29,0-1-0,0.35,50%,3.25,42%,,0.00,0%,0%,0.0,"5' 9""",210 lbs.,--,Orthodox,"Oct 13, 1971"
263ebd4a669e1e98,9-5-0,1.73,47%,2.49,42%,,2.88,40%,50%,2.9,"5' 8""",155 lbs.,--,Orthodox,"Jul 28, 1970"
81f38d1640c4e70d,21-19-5,2.59,32%,3.74,57%,,1.23,26%,60%,0.0,"5' 11""",168 lbs.,--,Orthodox,"Aug 24, 1975"
b71667c778b6d9e5,30-11-1,0.16,20%,2.95,26%,,0.00,0%,0%,7.0,"5' 9""",205 lbs.,--,Orthodox,"Nov 21, 1966"
7f0f171414d0a287,8-3-0,2.91,36%,4.35,43%,,0.38,50%,60%,0.0,"6' 0""",170 lbs.,"76""",Orthodox,"Jan 25, 1995"
3abe2b6b2d9b7efc,12-4-0,0.00,0%,0.00,0%,,0.00,0%,0%,0.0,--,125 lbs.,--,,"Aug 10, 1999"
2ce6541127b0e232,2-6-0,0.18,50%,1.83,52%,,2.75,50%,0%,0.0,"5' 8""",220 lbs.,--,Orthodox,"Aug 08, 1976"
a4dd5c9a75763295,36-16-2,0.55,30%,1.74,57%,,0.00,0%,0%,2.1,"5' 4""",139 lbs.,--,Southpaw,"Feb 10, 1976"
881bf86d4cba8578,17-4-0 (1 NC),4.28,54%,3.17,58%,,0.74,32%,81%,1.0,"6' 3""",185 lbs.,"75""",Orthodox,"Mar 01, 1996"
4908c5ee68a50ee5,13-7-0,2.73,31%,4.24,49%,,1.72,71%,0%,1.0,"6' 7""",265 lbs.,--,Orthodox,"Mar 13, 1977"
59e52d56bab2b1ee,12-7-0,1.93,48%,2.67,60%,,1.00,12%,0%,1.0,"5' 7""",135 lbs.,"66""",Switch,"Sep 01, 1989"
bb56173e2275e622,12-5-0,1.65,33%,4.19,33%,,1.65,20%,0%,0.0,"5' 10""",135 lbs.,"69""",Southpaw,"Mar 24, 1999"
d5b7fac960e58920,6-4-0,1.31,30%,4.32,43%,,0.75,50%,50%,1.5,"5' 10""",170 lbs.,--,,"Apr 22, 1987"
f0a381ba65d2a933,1-0-0,0.00,0%,0.00,0%,,0.00,0%,0%,0.0,--,--,--,,--
e7fe5315b1efeb92,7-4-0,4.13,66%,2.92,54%,,0.67,33%,66%,0.7,"6' 3""",205 lbs.,--,Orthodox,"May 29, 1986"
0cf935519d439ba6,12-8-0,1.70,63%,1.88,30%,,0.00,0%,33%,0.0,"5' 10""",210 lbs.,--,Orthodox,"Apr 15, 1967"
37a6c95201592fea,13-8-0,1.66,36%,3.31,57%,,0.00,0%,0%,0.0,"5' 9""",190 lbs.,--,Southpaw,"Jul 04, 1965"
b5882371e2a3900d,19-9-4,3.41,24%,12.89,51%,,0.00,0%,66%,0.0,"5' 9""",168 lbs.,--,Southpaw,"Aug 10, 1979"
a61a0cd2829e5d4e,23-10-0,2.54,44%,3.32,61%,,0.00,0%,47%,0.0,"5' 8""",145 lbs.,--,,"Mar 18, 1980"
199eb7cf6ae90294,11-1-0,3.67,35%,3.37,60%,,0.00,0%,60%,2.5,"5' 9""",125 lbs.,"71""",Orthodox,"Jun 14, 1997"
1e75e6c9de99fa76,4-3-0,0.00,0%,0.00,0%,,0.00,0%,0%,0.0,"6' 1""",205 lbs.,--,,--
05a0556072931f01,19-9-1,1.20,25%,2.07,51%,,3.59,75%,0%,1.2,"5' 9""",161 lbs.,--,Southpaw,"Dec 30, 1979"
a7f4d0902bb64092,17-10-0 (2 NC),2.03,48%,3.86,35%,,0.00,0%,36%,0.5,"6' 2""",205 lbs.,"75""",Orthodox,"Sep 12, 1978"
a47c2a6e24757932,11-4-0,3.27,42%,4.47,36%,,4.00,30%,33%,0.0,"5' 8""",155 lbs.,--,,"Jan 10, 1986"
e9095aeb36f2aeb8,10-3-0,1.93,36%,5.78,40%,,0.00,0%,0%,0.0,"5' 9""",155 lbs.,"70""",Orthodox,"Oct 22, 1989"
82f5c81f4e3c3eb5,20-8-1,1.46,41%,1.13,61%,,4.76,53%,33%,0.7,"5' 6""",154 lbs.,--,Southpaw,"Dec 29, 1978"
88cd34d836b4ebcd,10-7-2,3.26,44%,3.63,53%,,0.50,16%,30%,0.0,"5' 7""",135 lbs.,"69""",Southpaw,"Jul 23, 1991"
c8a49ff2acb6f3c5,15-8-1,1.41,36%,1.58,63%,,3.47,52%,100%,1.6,"5' 11""",240 lbs.,--,Orthodox,"Dec 19, 1986"
119ebea97e914dcf,0-2-0,1.07,28%,8.57,11%,,0.00,0%,50%,0.0,"5' 11""",205 lbs.,--,Orthodox,"Feb 08, 1967"
eb89dc31949a1427,29-24-3,1.20,29%,4.07,60%,,1.00,9%,0%,0.0,"5' 10""",170 lbs.,--,,"Oct 12, 1979"
f3155a94ca420126,1-5-1,1.34,30%,2.99,59%,,2.74,18%,0%,0.0,"6' 0""",185 lbs.,--,Orthodox,"Aug 05, 1968"
135d124172a0bea3,24-3-0,3.36,42%,2.44,61%,,1.00,28%,70%,0.0,"5' 10""",155 lbs.,"74""",Orthodox,"Feb 03, 1991"
da6dfd09cca1d705,9-3-0,0.92,31%,0.83,44%,,1.85,28%,0%,0.5,"5' 7""",205 lbs.,--,Orthodox,"Feb 23, 1968"
d1e1fdcea7c8a90a,13-6-0,2.08,37%,3.17,58%,,2.38,22%,50%,1.2,"5' 7""",135 lbs.,"69""",Orthodox,"Sep 19, 1983"
f647247f0d9f3b50,17-9-1,3.40,39%,3.13,55%,,0.00,0%,62%,1.0,"5' 5""",135 lbs.,"66""",Orthodox,"Oct 07, 1996"
1788eee370f077b7,19-6-0 (1 NC),3.25,40%,4.20,53%,,0.69,40%,61%,0.1,"5' 11""",250 lbs.,"73""",Southpaw,"Oct 09, 1986"
3c5005b66696d790,8-4-0,2.50,42%,4.57,51%,,4.69,20%,100%,0.0,"6' 2""",185 lbs.,"74""",Orthodox,"Jan 23, 1990"
ac5f67109accb482,9-6-2,1.00,20%,3.00,70%,,0.00,0%,0%,0.0,"5' 3""",155 lbs.,--,Orthodox,"Feb 07, 1977"
243b07fc65ccbb16,0-1-0,0.79,100%,8.68,38%,,0.00,0%,0%,0.0,"5' 9""",205 lbs.,--,Orthodox,"Jun 20, 1969"
5b08af4fbc987f9c,9-2-0,1.99,33%,7.08,32%,,0.00,0%,0%,0.0,"6' 1""",185 lbs.,"73""",Orthodox,"Jul 07, 1997"
de26d906f2874dd4,22-3-0,1.33,58%,1.73,58%,,4.00,40%,100%,0.0,"6' 0""",170 lbs.,"74""",,"Sep 03, 1994"
afc2a7ce0c763bd5,10-4-0,2.93,52%,1.40,26%,,0.00,0%,50%,0.0,"5' 11""",155 lbs.,--,Southpaw,"Jan 09, 1984"
53e4e21f4c688801,4-2-0,1.95,37%,2.65,66%,,3.35,70%,100%,0.5,--,205 lbs.,--,Orthodox,"Jun 22, 1982"
b4eeac608fc82f88,20-11-0,3.06,41%,2.93,62%,,1.94,60%,82%,0.1,"5' 7""",135 lbs.,"68""",Orthodox,"May 30, 1979"
13b2f59210dda9cc,4-2-0,0.00,0%,0.00,0%,,0.00,0%,0%,0.0,"5' 10""",199 lbs.,--,Switch,"Nov 25, 1964"
ce783bf73b5131f9,15-9-1,2.19,33%,3.44,32%,,1.91,71%,16%,2.3,"5' 8""",185 lbs.,--,Orthodox,"Sep 23, 1966"
ffc088e64fab57e9,37-12-0,3.25,54%,2.51,55%,,1.52,56%,73%,0.1,"6' 1""",205 lbs.,"73""",Orthodox,"Jun 20, 1978"
ad32471f01e7b1a5,9-5-0,0.71,27%,2.03,25%,,1.52,40%,58%,0.0,"5' 10""",170 lbs.,--,Orthodox,"Sep 19, 1982"
29af297d9f1de0f8,23-8-1 (1 NC),2.96,42%,3.47,49%,,2.30,32%,37%,1.2,"5' 11""",155 lbs.,"71""",Switch,"Aug 08, 1988"
56c5132870a526d5,4-3-0,0.00,0%,0.00,0%,,0.00,0%,0%,0.0,"6' 0""",185 lbs.,--,,--
0641c21bec209472,1-2-0 (1 NC),4.49,57%,3.73,62%,,0.71,33%,88%,0.0,"6' 2""",170 lbs.,"74""",Orthodox,"Mar 22, 1985"
ca8da445dfa82d56,7-2-0,2.24,48%,1.31,56%,,0.00,0%,0%,0.0,"6' 1""",170 lbs.,"78""",Orthodox,"Oct 30, 1990"
cc1a8b4b38b92c6d,15-4-0,3.02,52%,1.40,60%,,2.71,63%,67%,0.3,"5' 10""",135 lbs.,"75""",Southpaw,"Apr 24, 1992"
ba17afef01ed78b6,1-9-0,0.00,0%,0.00,0%,,0.00,0%,0%,0.0,--,155 lbs.,--,,--
46f557bd44da630e,6-1-1,0.88,44%,3.94,51%,,3.28,100%,100%,0.0,"6' 4""",260 lbs.,"75""",Orthodox,"Sep 28, 1993"
e4277e87a789d687,22-9-1,5.40,48%,3.92,57%,,0.32,25%,62%,0.0,"6' 3""",205 lbs.,"76""",Orthodox,"Apr 04, 1988"
1ea8df62b3f8fea6,13-7-0,1.34,36%,2.68,50%,,0.00,0%,50%,1.6,"5' 10""",155 lbs.,--,Orthodox,"Nov 08, 1976"
a34fecf2f4e5a317,14-8-1,1.33,42%,2.67,28%,,0.00,0%,44%,0.0,"6' 0""",185 lbs.,--,,"May 29, 1978"
7dda2cf308f24a02,23-4-0,2.27,41%,2.86,55%,,3.13,39%,72%,1.4,"5' 3""",115 lbs.,"64""",Orthodox,"May 30, 1988"
b59037262c8fe060,10-3-0,7.69,48%,5.53,59%,,0.35,100%,58%,0.0,"6' 3""",185 lbs.,"76""",Orthodox,"Aug 22, 1981"
c7b0081edfef4bc7,7-2-0,2.53,41%,4.13,51%,,2.00,50%,90%,0.0,"6' 0""",170 lbs.,"72""",Orthodox,"Nov 04, 2002"
dfcadfcbd3a3f097,19-3-0,0.00,0%,0.00,0%,,0.00,0%,0%,0.0,--,155 lbs.,--,,"May 03, 1997"
8f7380fb0916dc77,8-1-0,0.00,0%,0.00,0%,,0.00,0%,0%,0.0,"5' 11""",185 lbs.,--,Orthodox,"Sep 25, 1980"
335ad945324c3a2e,20-4-0,2.94,33%,3.67,58%,,2.79,28%,38%,0.9,"5' 9""",155 lbs.,"73""",Orthodox,"Aug 21, 1979"
805ad1801eb26abb,38-18-0 (1 NC),2.20,60%,1.47,56%,,0.00,0%,25%,0.0,"6' 1""",205 lbs.,--,Southpaw,"Aug 02, 1969"
99d5cf1eda8b25c1,6-9-0,2.26,57%,2.71,51%,,0.00,0%,66%,0.0,"5' 9""",145 lbs.,--,,--
b9d0fd83bb8a147a,17-11-2,3.25,36%,2.98,59%,,1.18,45%,62%,0.7,"6' 2""",185 lbs.,"76""",Orthodox,"Oct 31, 1975"
64959f90b6dd9759,12-6-0,1.06,30%,3.34,56%,,0.00,0%,14%,0.8,"5' 11""",170 lbs.,--,Orthodox,"Jul 10, 1985"
32e8e0e8498f03c2,1-4-0,0.00,0%,0.00,0%,,0.00,0%,0%,0.0,--,--,--,,--
b71ce838b01f2cad,14-7-0 (1 NC),2.04,44%,3.14,53%,,0.59,30%,36%,0.8,"5' 7""",145 lbs.,"73""",Orthodox,"Mar 21, 1984"
a9e260472d321361,15-4-0,3.47,44%,3.46,51%,,2.63,46%,75%,0.5,"5' 7""",125 lbs.,"68""",Orthodox,"Mar 01, 1989"
0e8744ded08ee5fb,4-2-0,0.00,0%,0.00,0%,,0.00,0%,0%,0.0,"5' 7""",170 lbs.,--,,--
40cb680ae1cd331f,11-2-0,6.64,39%,5.25,54%,,0.00,0%,100%,0.0,"5' 3""",115 lbs.,"64""",Orthodox,"Feb 28, 1999"
304a21d0595e1a08,16-8-0,3.34,44%,5.33,62%,,0.75,40%,20%,1.1,"5' 7""",145 lbs.,"68""",Orthodox,"Aug 10, 1989"
3d6749c4267da18f,16-5-0,6.28,48%,3.25,62%,,0.27,62%,80%,0.1,"5' 6""",115 lbs.,"65""",Orthodox,"Aug 18, 1987"
ccdcb20370be62a3,10-3-0,3.10,45%,4.46,34%,,0.00,0%,50%,0.0,"6' 2""",185 lbs.,"73""",Orthodox,"Nov 14, 1992"
02fc8f50f56eb307,0-4-0,0.00,0%,0.00,0%,,0.00,0%,0%,0.0,"6' 2""",185 lbs.,--,,--
5e841bb3752b6e86,11-4-0,2.41,37%,1.58,67%,,7.23,68%,100%,0.0,"5' 7""",145 lbs.,--,,"Feb 05, 1988"
dae85a6a83f53215,19-6-0,0.00,0%,0.00,0%,,0.00,0%,0%,0.0,"5' 8""",145 lbs.,--,,"Jul 22, 1981"
6a8928652fc01bee,15-9-0,2.93,41%,8.05,33%,,0.00,0%,27%,0.0,"6' 0""",155 lbs.,"71""",Switch,"Sep 30, 1991"
a9da3158dd2c2b5a,14-4-0,4.48,61%,2.95,59%,,1.98,60%,71%,0.2,"5' 7""",145 lbs.,"68""",Switch,"Nov 03, 1993"
ad047e3073a775f3,2-3-0,0.00,0%,0.00,0%,,0.00,0%,0%,0.0,"5' 10""",215 lbs.,--,Orthodox,"Sep 23, 1963"
aae99701b21554e4,21-8-0,2.84,39%,2.99,59%,,1.55,50%,31%,1.9,"6' 1""",185 lbs.,"76""",Orthodox,"Sep 20, 1977"
aec273fcb765330d,4-11-2,0.00,0%,0.92,60%,,6.92,100%,0%,6.9,"5' 9""",170 lbs.,--,Orthodox,"Jul 20, 1979"
24174a3f44ce8e03,5-2-0,6.23,31%,7.77,55%,,0.00,0%,0%,0.0,"5' 5""",115 lbs.,--,Orthodox,"Aug 28, 1997"
6b5b9be990774f0e,12-3-0,2.29,45%,1.39,66%,,0.00,0%,42%,0.9,"6' 0""",155 lbs.,--,Southpaw,"Jan 31, 1981"
b9e871af730f826c,24-26-2,1.45,57%,3.01,50%,,1.81,100%,100%,0.0,"5' 11""",170 lbs.,--,Orthodox,"Sep 21, 1970"
8677e67a75d65b8e,18-7-0,1.61,35%,2.62,52%,,1.73,38%,78%,0.2,"5' 9""",145 lbs.,"71""",Orthodox,"Nov 24, 1995"
59d36ddfcb27b7dc,8-12-1 (1 NC),0.00,0%,0.00,0%,,0.00,0%,0%,0.0,--,155 lbs.,--,,--
1c02b964466c10e4,11-0-0,14.22,65%,2.43,82%,,5.20,100%,100%,0.0,"5' 9""",145 lbs.,"73""",Southpaw,"Jan 16, 1999"
a5c53b3ddb31cc7d,0-1-0,0.00,0%,0.00,0%,,0.00,0%,0%,0.0,"6' 1""",196 lbs.,--,Orthodox,"Aug 04, 1963"
bc3ec52ef70fc155,19-5-0,3.12,66%,2.77,46%,,0.45,28%,87%,0.0,"6' 1""",205 lbs.,"73""",Orthodox,"Nov 27, 1981"
4eccb78d628b2238,36-11-0,2.00,50%,10.00,0%,,0.00,0%,0%,0.0,"5' 6""",155 lbs.,"69""",Orthodox,"Jul 10, 1988"
c14a683dac2ebc4c,17-4-0,2.70,44%,2.53,48%,,2.26,53%,50%,0.0,"5' 8""",125 lbs.,"68""",Southpaw,"Dec 09, 2000"
6e0e977beb909837,9-1-0,1.40,33%,2.67,51%,,1.00,33%,83%,1.0,"6' 0""",145 lbs.,"72""",Orthodox,"Jul 17, 1992"
2a4200ead401a9ce,6-2-0,1.74,37%,3.93,44%,,1.37,33%,66%,0.0,"5' 5""",125 lbs.,"71""",Southpaw,"Aug 28, 1996"
a8fa0c4e95512806,30-14-1,1.20,66%,1.80,50%,,0.00,0%,50%,0.0,"5' 2""",170 lbs.,--,Southpaw,"Oct 22, 1968"
ec52462a1b41f714,17-2-0,2.86,49%,3.84,53%,,4.92,49%,58%,1.0,"5' 7""",135 lbs.,"71""",Orthodox,"Feb 21, 1992"
46e0d677f91bacc0,15-5-0 (1 NC),3.36,44%,2.99,65%,,1.22,26%,77%,0.0,"5' 7""",135 lbs.,"68""",Orthodox,"Mar 30, 1994"
365fee2da473b177,22-6-0,3.25,47%,1.83,60%,,2.43,57%,77%,0.6,"6' 2""",205 lbs.,"78""",Orthodox,"Mar 06, 1984"
322a56923b396b4d,15-15-0,2.11,37%,3.75,51%,,1.18,55%,19%,0.7,"6' 1""",170 lbs.,"75""",Orthodox,"Jun 28, 1982"
22f4b6cb6b1bd7fd,1-1-1,0.00,0%,0.00,0%,,0.00,0%,0%,0.0,--,--,--,,--
443835675e8fc6ca,0-1-0,0.00,0%,0.00,0%,,0.00,0%,0%,0.0,--,205 lbs.,--,,--
fa2fca260beeb9c0,10-6-0,1.83,25%,6.30,36%,,0.00,0%,0%,0.0,"5' 8""",145 lbs.,--,Orthodox,--
3641a0d117e9bc6c,7-2-0,4.00,92%,3.67,22%,,0.00,0%,90%,0.0,"6' 2""",205 lbs.,"76""",Orthodox,"May 02, 1983"
e6c5908910cc26e4,18-10-0,5.39,55%,2.54,55%,,0.61,66%,54%,0.6,"6' 4""",240 lbs.,"82""",Orthodox,"Jun 11, 1977"
8a304bfd6bf04a57,27-3-1,3.43,54%,1.66,67%,,3.35,56%,65%,0.5,"5' 3""",125 lbs.,"66""",Orthodox,"Aug 13, 1986"
511e82663651438d,25-20-0,4.27,39%,3.78,58%,,0.57,38%,81%,0.0,"5' 10""",155 lbs.,"73""",Southpaw,"Jun 04, 1986"
bf97ad31eae89429,6-9-0,2.27,41%,6.67,43%,,0.00,0%,0%,0.0,--,167 lbs.,--,,"Nov 15, 1970"
633a45d131192ffe,23-13-1,2.47,42%,1.59,64%,,1.54,37%,62%,0.2,"5' 11""",155 lbs.,"75""",Orthodox,"Apr 21, 1984"
36207c58e854cae5,9-2-0,1.01,69%,3.83,35%,,0.85,33%,63%,0.8,"5' 7""",145 lbs.,--,Orthodox,"Jan 25, 1988"
cc900af167fbedfd,12-4-0,3.43,45%,3.08,44%,,1.09,24%,69%,0.0,"6' 3""",265 lbs.,"77""",Southpaw,"Mar 13, 1985"
a45bab49951a45cd,11-3-0,2.00,53%,4.73,31%,,2.00,22%,0%,0.0,"6' 1""",265 lbs.,--,,--
99bcdf5eac39898f,10-0-0,3.45,47%,2.64,53%,,3.25,42%,100%,1.2,"6' 2""",205 lbs.,"79""",Orthodox,"Nov 18, 1988"
552b09cbf13b6328,5-1-0,5.09,60%,1.13,33%,,8.49,100%,100%,0.0,"6' 0""",185 lbs.,"74""",Switch,"Nov 09, 1990"
6ce9a012e4c6020c,6-2-0,5.92,68%,7.80,40%,,0.00,0%,0%,0.0,"6' 2""",230 lbs.,"80""",Orthodox,"Jul 22, 1986"
84f727cf0166d6f2,16-10-0,2.27,57%,1.61,53%,,0.69,60%,41%,0.7,"6' 0""",125 lbs.,"71""",Orthodox,"May 20, 1995"
814e5233e2acf2ee,19-9-0,4.54,49%,3.88,55%,,0.47,16%,66%,0.4,"5' 9""",125 lbs.,"70""",Switch,"Jan 10, 1991"
ad5cb64af10fc946,8-0-0,3.11,48%,2.00,61%,,2.00,100%,75%,0.7,"5' 8""",185 lbs.,"74""",Southpaw,"Jan 25, 1999"
1c3f5e85b59ec710,5-5-0,0.00,0%,0.00,0%,,0.00,0%,0%,0.0,"6' 3""",230 lbs.,--,Orthodox,"Jul 28, 1968"
3261aa79bf6caa64,5-2-0,1.01,75%,1.01,29%,,2.54,100%,100%,0.0,"6' 4""",185 lbs.,"76""",Orthodox,"Oct 11, 1990"
eebc23626e38f5dc,8-5-0,2.42,30%,5.32,54%,,1.71,66%,50%,1.3,"5' 4""",125 lbs.,"62""",Orthodox,"Mar 22, 1995"
a6aa3157e1a1d104,16-0-0 (1 NC),0.00,0%,0.00,0%,,0.00,0%,0%,0.0,--,170 lbs.,--,,"Sep 11, 1994"
eeabcd4dc6619129,5-3-0,1.32,46%,3.39,44%,,2.83,33%,50%,0.0,"6' 1""",205 lbs.,"75""",Orthodox,"Sep 03, 1984"
f341f9551ba744e2,11-1-1,0.00,0%,0.00,0%,,0.00,0%,0%,0.0,"5' 9""",199 lbs.,--,Orthodox,"Jun 16, 1963"
07f72a2a7591b409,28-1-0 (1 NC),4.38,58%,2.24,64%,,1.89,45%,95%,0.5,"6' 4""",248 lbs.,"84""",Orthodox,"Jul 19, 1987"
f54fb3b9c4228142,0-1-0,0.00,0%,0.00,0%,,0.00,0%,0%,0.0,"6' 11""",345 lbs.,--,Orthodox,"Aug 21, 1970"
8fa2b06572365321,4-2-0,1.94,52%,2.71,58%,,8.71,75%,0%,2.9,"6' 6""",265 lbs.,--,Orthodox,"Aug 15, 1973"
f117c3e8c1aa7b9e,1-4-0,2.32,41%,3.58,56%,,4.02,50%,57%,2.7,"6' 1""",225 lbs.,--,Orthodox,--
bc0f994de0521926,2-1-0,0.00,0%,0.00,0%,,0.00,0%,0%,0.0,"5' 9""",170 lbs.,--,,--
7b223a22a6c26868,11-8-0,0.00,0%,0.00,0%,,0.00,0%,0%,0.0,"5' 8""",145 lbs.,--,Southpaw,"Jul 31, 1981"
be8dfcf0442812b1,7-5-0,0.00,0%,0.00,0%,,0.00,0%,0%,0.0,--,205 lbs.,--,,"Oct 26, 1983"
9b75954db8db2a08,9-2-0,1.70,36%,3.17,45%,,1.00,15%,46%,0.5,"5' 11""",185 lbs.,--,Orthodox,"Sep 06, 1987"
329aff8e958a2997,4-4-0 (1 NC),0.00,0%,0.00,0%,,0.00,0%,0%,0.0,--,185 lbs.,--,,--
04f0471f221db717,1-3-0,0.00,0%,0.00,0%,,0.00,0%,0%,0.0,--,145 lbs.,--,,--
509319d35664369e,10-5-0,0.00,0%,0.00,0%,,0.00,0%,0%,0.0,"5' 9""",149 lbs.,--,,"Nov 16, 1981"
8a9f54b9056b07f5,2-6-0,0.00,0%,0.00,0%,,0.00,0%,0%,0.0,"5' 8""",135 lbs.,--,,--
1dda22d0ac3d1271,7-5-0,1.78,80%,3.11,65%,,0.00,0%,0%,0.0,"6' 0""",205 lbs.,"75""",Orthodox,"Jan 31, 1988"
f1fd494586ab8d5f,6-1-0,7.50,55%,30.00,42%,,0.00,0%,0%,0.0,"5' 11""",185 lbs.,--,Orthodox,"Apr 12, 1985"
ec23c1be628d8057,13-10-0 (1 NC),2.13,37%,4.29,39%,,0.62,15%,60%,0.2,"5' 7""",135 lbs.,"70""",Southpaw,"Aug 04, 1990"
f6ad6a1e4d600e0d,18-2-0 (1 NC),5.98,42%,4.45,50%,,3.48,55%,73%,0.2,"5' 10""",155 lbs.,"74""",Orthodox,"Apr 26, 1995"
e947b563eb744a21,0-0-0,0.00,0%,0.00,0%,,0.00,0%,0%,0.0,--,205 lbs.,--,,"Jul 17, 1991"
08b01ed84044c6bc,6-2-0,5.87,46%,7.60,48%,,0.00,0%,33%,0.0,"5' 9""",155 lbs.,"72""",Orthodox,"May 24, 1996"
1a98c9dbb7fc3959,6-4-0,2.96,31%,4.83,56%,,0.34,25%,81%,0.0,"5' 7""",115 lbs.,"64""",Orthodox,"Oct 04, 1985"
02e52b3a595f0786,11-9-0,2.00,40%,1.91,55%,,0.00,0%,77%,0.6,"6' 3""",245 lbs.,--,Orthodox,"Dec 31, 1970"
712c4db78b9373d1,49-14-2,1.85,25%,4.27,59%,,0.00,0%,66%,0.0,"5' 6""",155 lbs.,--,Orthodox,"Jul 27, 1978"
ca2efc9d7d523c43,19-8-0,2.87,50%,3.30,47%,,1.97,38%,76%,0.1,"6' 0""",260 lbs.,"75""",Southpaw,"Oct 21, 1984"
19db7ac26308178f,27-7-0,3.41,49%,2.91,59%,,1.56,16%,75%,0.6,"5' 9""",155 lbs.,"73""",Orthodox,"Nov 07, 1980"
0b64d0fed453ef7f,15-12-0,3.37,40%,3.41,65%,,2.61,45%,59%,0.7,"5' 5""",135 lbs.,"66""",Orthodox,"Sep 17, 1982"
8ecb9f42da5ef5ac,9-5-0,0.00,0%,0.00,0%,,0.00,0%,0%,0.0,--,205 lbs.,--,,"Sep 28, 1984"
34ca93f1791a5c50,5-0-0,2.60,52%,2.87,55%,,1.00,20%,20%,1.0,"5' 6""",135 lbs.,--,Switch,"Aug 16, 1989"
388abbf8832b5adf,5-3-0,2.17,39%,1.57,65%,,0.50,33%,64%,0.5,"6' 0""",170 lbs.,--,Orthodox,"Apr 30, 1975"
4e06913c91da5200,24-6-0,2.98,42%,2.23,57%,,1.33,39%,82%,0.1,"6' 1""",185 lbs.,"77""",Southpaw,"Aug 19, 1989"
cf65d56b0755ed3b,17-7-0,5.67,50%,3.77,60%,,0.51,44%,58%,0.3,"6' 0""",170 lbs.,"73""",Southpaw,"Nov 25, 1981"
f1d64ae34e088832,18-8-1,5.36,49%,4.11,56%,,0.38,21%,46%,0.6,"5' 9""",135 lbs.,"69""",Switch,"Nov 27, 1995"
91cd52cb92dfdd52,9-3-0,7.32,49%,2.44,54%,,0.00,0%,66%,1.4,"5' 9""",135 lbs.,"69""",Orthodox,"Mar 13, 1997"
dda15dbfafb792df,10-4-0,6.61,51%,6.49,50%,,0.69,40%,100%,0.3,"6' 2""",170 lbs.,"75""",Orthodox,"May 02, 1993"
35080a7f406f9ab3,11-8-0,0.57,33%,1.71,47%,,0.78,33%,0%,2.3,"5' 6""",155 lbs.,--,Southpaw,"Jul 18, 1985"
791367e8c35cfb6a,5-0-0 (1 NC),3.28,53%,5.63,47%,,0.00,0%,0%,0.0,"6' 6""",244 lbs.,"78""",Orthodox,"Oct 14, 1985"
97f3692d5444a80a,1-12-0,0.89,25%,10.34,38%,,4.43,100%,66%,0.0,--,155 lbs.,--,,--
cd039ff136d89ded,23-12-0,1.71,48%,2.87,52%,,2.69,33%,50%,0.0,"6' 1""",170 lbs.,--,Orthodox,"May 08, 1981"
410898e8dd6ca9b6,8-1-0,4.21,51%,6.23,55%,,0.00,0%,25%,0.0,"5' 8""",145 lbs.,"70""",,"Jan 12, 1998"
a72a2a769fa5a2be,7-2-0,6.42,46%,5.72,50%,,0.81,18%,63%,0.4,"6' 0""",155 lbs.,"69""",Switch,"Jan 13, 1995"
f1ab6f37492c630a,6-2-0,9.32,50%,6.62,57%,,0.52,25%,80%,0.0,"5' 7""",125 lbs.,"68""",Southpaw,"Mar 02, 1999"
6ece1d2ab1bed31d,0-2-0,0.00,0%,0.00,0%,,0.00,0%,0%,0.0,"5' 11""",230 lbs.,--,Orthodox,--
4c288a2b250bb576,13-5-0,2.93,43%,3.17,58%,,0.25,100%,86%,0.0,"5' 11""",170 lbs.,"72""",Orthodox,"Feb 12, 1988"
b35d1650c78c2948,0-4-0,0.63,36%,1.85,56%,,1.10,75%,0%,1.5,"5' 7""",154 lbs.,--,Orthodox,"May 26, 1978"
c451d67c09c55418,17-8-0,3.93,41%,4.52,52%,,0.70,44%,72%,0.6,"5' 7""",145 lbs.,"72""",Orthodox,"Mar 17, 1987"
13104eaed3ae96c3,4-8-0,0.53,9%,2.79,63%,,0.00,0%,0%,2.0,"5' 8""",139 lbs.,--,Orthodox,"Oct 27, 1985"
74f9448b97bf8bec,15-6-1,3.24,40%,4.23,49%,,1.59,47%,75%,0.2,"6' 4""",205 lbs.,"78""",Orthodox,"Dec 07, 1993"
9e6cd25e0bd05e3d,11-1-0,0.00,0%,0.00,0%,,0.00,0%,0%,0.0,--,170 lbs.,--,,"Feb 10, 1999"
ac70a4f1db1b8c40,8-3-1 (1 NC),5.13,60%,1.81,45%,,0.00,0%,0%,0.0,"6' 1""",265 lbs.,--,Orthodox,"Dec 17, 1978"
08e908ed6d18d6a0,17-4-0,2.94,42%,2.16,66%,,2.16,55%,50%,0.3,"5' 10""",145 lbs.,"73""",Orthodox,"Oct 31, 1988"
634bb0de2eb043b4,21-2-0 (1 NC),7.28,52%,2.25,64%,,0.66,55%,94%,0.4,"5' 8""",145 lbs.,"68""",Orthodox,"Jul 09, 1985"
b180f05acb24d430,1-2-0,4.40,67%,0.53,50%,,0.00,0%,50%,0.0,"5' 9""",185 lbs.,--,,--
c1ea9d56cd953586,3-3-0,2.60,36%,5.29,38%,,1.86,14%,50%,0.0,"5' 3""",115 lbs.,--,,"Jul 14, 1981"
00a35c92b03992b0,16-1-0,0.85,37%,4.93,36%,,0.00,0%,40%,0.0,"5' 8""",135 lbs.,"70""",Orthodox,"Nov 04, 1984"
0565706b1e7f7e7c,15-7-0,3.73,42%,4.72,54%,,1.41,26%,92%,0.0,"5' 8""",145 lbs.,"71""",Switch,"Oct 16, 1995"
2525a853486ee670,12-5-0,3.57,41%,4.63,62%,,4.00,42%,83%,0.0,"5' 5""",135 lbs.,--,Orthodox,"Oct 03, 1989"
50a28b9f8314e008,10-3-0,2.05,51%,0.88,58%,,6.63,48%,83%,1.9,"5' 8""",135 lbs.,"69""",Orthodox,"Nov 14, 1995"
304fcd812f12c589,4-9-0,0.00,0%,0.00,0%,,0.00,0%,0%,0.0,"6' 1""",200 lbs.,--,,--
9336e86cfd4ceaa1,12-20-1 (1 NC),9.47,60%,12.63,0%,,0.00,0%,100%,0.0,"5' 11""",170 lbs.,--,Orthodox,--
eee0ef3e2b14816b,18-7-1,5.40,59%,5.67,56%,,1.51,53%,55%,0.2,"5' 7""",145 lbs.,"69""",Orthodox,"Jan 05, 1995"
a46ab6c64d321c2d,4-0-0,0.00,0%,0.00,0%,,0.00,0%,0%,0.0,--,265 lbs.,--,,"Oct 25, 1998"
a46fa1c7972548d0,13-2-1,3.83,54%,4.90,47%,,1.50,15%,0%,0.5,"5' 5""",135 lbs.,"68""",Switch,"Apr 12, 1993"
a497e228cce8a64f,6-1-0 (1 NC),1.69,53%,4.50,35%,,5.07,27%,100%,0.0,"5' 8""",155 lbs.,"68""",Southpaw,"Apr 19, 1999"
8b69839f3555a67b,20-7-0,3.22,42%,3.28,62%,,1.86,41%,78%,2.0,"6' 0""",170 lbs.,"72""",Orthodox,"Apr 17, 1982"
b42d3a1469dab722,12-5-0,3.63,41%,2.90,53%,,2.00,18%,100%,0.0,"5' 9""",145 lbs.,"75""",Southpaw,"Dec 20, 1995"
efd2b3e9bb7965a4,5-3-0,0.70,10%,1.88,72%,,0.00,0%,0%,0.0,"5' 7""",135 lbs.,"72""",Orthodox,"Jun 20, 1987"
eda579d906cf0ca2,19-27-5,0.76,22%,4.39,40%,,0.00,0%,40%,0.4,"5' 10""",200 lbs.,--,Orthodox,"Oct 05, 1970"
f3a078277b3b8ff4,26-12-5,1.88,49%,1.63,62%,,1.44,50%,63%,0.9,"5' 7""",135 lbs.,"67""",Orthodox,"Nov 19, 1982"
5345f86680378fc1,0-3-0,0.00,0%,0.94,42%,,0.00,0%,0%,3.5,"6' 0""",161 lbs.,--,Orthodox,"Oct 19, 1976"
3c241737a6069b9f,35-16-2 (2 NC),2.27,35%,1.65,67%,,2.51,65%,38%,1.2,"5' 11""",185 lbs.,"77""",Orthodox,"Sep 17, 1977"
a7897d200692ab64,19-11-0 (1 NC),3.13,47%,3.32,54%,,1.97,50%,68%,0.8,"5' 9""",135 lbs.,"73""",Orthodox,"Sep 09, 1987"
5d1b7e3dd9e11074,23-7-0,4.68,55%,3.88,57%,,0.36,30%,78%,0.2,"5' 5""",125 lbs.,"68""",Southpaw,"Nov 14, 1993"
5669b828e7e11329,3-4-0,2.88,46%,4.32,67%,,4.88,43%,0%,0.7,"5' 7""",155 lbs.,--,Orthodox,"Nov 16, 1979"
853eb0dd5c0e2149,25-12-0 (1 NC),4.46,40%,3.24,64%,,0.56,30%,83%,0.0,"5' 4""",125 lbs.,"69""",Orthodox,"Mar 26, 1993"
43292ecf0e72c143,26-7-1,4.49,39%,5.00,54%,,1.41,50%,33%,1.9,"5' 8""",145 lbs.,--,,"May 29, 1985"
e361e5c858af6ff1,10-6-0,2.57,42%,2.39,54%,,2.70,45%,86%,0.9,"5' 8""",155 lbs.,"66""",Orthodox,"Sep 20, 1977"
e4faa79383c9f214,6-2-1,7.28,42%,6.47,49%,,0.75,60%,81%,0.0,"5' 9""",125 lbs.,"71""",Orthodox,"Jul 05, 1998"
257b0c8d6f199895,9-2-0,4.96,48%,3.66,58%,,1.75,58%,66%,0.2,"5' 11""",170 lbs.,"75""",Orthodox,"Jan 17, 1994"
4a9120fa47bafef0,4-2-0,0.21,50%,7.37,25%,,3.16,100%,0%,6.3,"5' 7""",155 lbs.,"71""",Southpaw,"Aug 12, 2001"
6e7506127408aa9e,5-2-0,3.13,41%,4.48,48%,,0.46,33%,40%,2.8,"5' 5""",125 lbs.,"66""",Southpaw,"Nov 15, 1995"
3058888c33149a53,9-3-0,2.17,44%,4.34,48%,,1.36,33%,0%,0.0,"5' 7""",155 lbs.,--,Southpaw,"Nov 16, 1989"
542db012217ecb83,20-10-0,1.20,29%,2.10,70%,,2.00,57%,80%,0.5,--,155 lbs.,--,Orthodox,"Dec 05, 1977"
ebf1c247b2cba375,8-2-0,2.80,48%,1.72,68%,,1.62,100%,0%,0.0,"6' 0""",185 lbs.,--,,"Sep 17, 1982"
7b433309b0fd12aa,16-5-0,4.81,52%,4.75,50%,,1.86,34%,61%,0.0,"5' 6""",135 lbs.,"64""",Orthodox,"Dec 19, 1991"
751de04455cfaac0,23-10-0,4.41,37%,6.55,54%,,0.34,29%,77%,0.1,"5' 11""",145 lbs.,"72""",Orthodox,"Mar 26, 1988"
36df8e119aec6175,18-4-0 (1 NC),6.65,46%,4.00,62%,,0.38,57%,81%,0.0,"5' 5""",135 lbs.,"66""",Orthodox,"Sep 20, 1985"
bb2c3c3a466224af,10-1-0,4.13,48%,3.49,56%,,1.12,45%,94%,0.2,"5' 6""",125 lbs.,"67""",Orthodox,"Jun 09, 1999"
fa2320781bfe4f49,18-12-0,2.87,47%,3.93,50%,,0.00,0%,72%,0.0,"6' 0""",255 lbs.,--,,"Aug 14, 1980"
58d42b9e920b25fc,6-2-0 (1 NC),2.83,51%,4.59,36%,,0.00,0%,100%,0.0,"6' 0""",145 lbs.,"71""",Southpaw,"Aug 26, 1997"
80d918336163b80c,36-11-2,2.04,44%,2.01,50%,,3.63,48%,63%,1.1,"5' 7""",145 lbs.,"69""",Orthodox,"May 08, 1978"
9e91d7fd2720e241,18-9-4,0.60,16%,3.93,39%,,0.00,0%,6%,0.0,"5' 11""",205 lbs.,--,Orthodox,"Jun 29, 1981"
49f4171f14f54220,10-4-0,2.54,41%,3.79,41%,,11.67,55%,100%,0.0,"5' 6""",145 lbs.,"69""",Orthodox,"Jan 30, 1995"
547c5611bd366988,0-0-0,0.00,0%,0.00,0%,,0.00,0%,0%,0.0,--,--,--,,--
148bb103cfbf123e,11-5-0,1.49,53%,4.56,38%,,1.94,16%,66%,1.0,"5' 7""",135 lbs.,"69""",Orthodox,"May 15, 1997"
981ab7a0576f76a0,16-13-0,2.90,36%,3.18,46%,,1.14,23%,78%,0.0,"5' 5""",135 lbs.,--,Orthodox,"Mar 18, 1981"
a72b20136239ba39,6-2-0,0.00,0%,0.00,0%,,0.00,0%,0%,0.0,"5' 10""",170 lbs.,--,,"Jun 15, 1985"
5b43d68174b6e2ab,16-2-0,3.47,43%,4.47,62%,,0.00,0%,100%,0.0,"5' 7""",145 lbs.,"72""",Orthodox,"Dec 30, 1997"
c0eecd851dbf3146,8-4-0,0.86,50%,1.82,50%,,0.00,0%,62%,0.0,"6' 0""",155 lbs.,--,Orthodox,"Aug 09, 1986"
56c9acc4e86046a2,9-3-0,2.40,43%,2.64,48%,,1.04,18%,53%,0.3,"5' 7""",125 lbs.,"68""",Orthodox,"Feb 21, 1981"
7be14eaed4c74856,24-16-0,3.31,41%,4.59,54%,,1.68,41%,60%,0.7,"5' 6""",135 lbs.,"66""",Switch,"Aug 19, 1986"
c788481ae19e798d,7-1-0,1.94,22%,2.90,62%,,0.00,0%,0%,0.0,"5' 5""",135 lbs.,--,Orthodox,"Jul 07, 1981"
1a08b01fdabb6ae2,8-3-0,5.55,47%,4.85,45%,,0.00,0%,52%,1.4,"5' 9""",135 lbs.,"70""",Switch,"Jan 21, 1987"
aac5ac38148f0528,14-5-0,3.22,37%,2.61,59%,,1.34,60%,30%,1.5,"5' 9""",155 lbs.,"70""",Orthodox,"Sep 12, 1984"
ace83095105dd205,5-4-0,0.00,0%,0.00,0%,,0.00,0%,0%,0.0,"5' 9""",170 lbs.,--,,"Aug 02, 1978"
bdcbb976816fd256,13-4-0,3.62,38%,4.64,61%,,1.86,34%,78%,0.3,"6' 0""",185 lbs.,"70""",Southpaw,"Oct 31, 1977"
3c660c90d48fc80d,18-6-0,2.78,47%,1.84,62%,,2.58,35%,70%,0.7,"5' 11""",185 lbs.,"74""",Orthodox,"Sep 01, 1979"
185fb0200a4605e6,24-8-0,2.28,35%,5.52,45%,,2.51,33%,0%,0.0,"5' 11""",170 lbs.,--,Orthodox,"Mar 07, 1983"
68f6e96c5fa6e044,11-1-0,2.22,46%,2.58,47%,,5.73,52%,66%,0.0,"5' 11""",145 lbs.,"71""",Orthodox,"Sep 16, 1992"
9b8a73b59be8d786,6-2-0,0.00,0%,0.00,0%,,0.00,0%,0%,0.0,"6' 0""",185 lbs.,--,,--
e7bba7ce4d6c7b07,16-4-1,4.85,42%,4.67,58%,,1.09,35%,61%,0.4,"5' 7""",135 lbs.,"68""",Southpaw,"Mar 20, 1991"
772022b989534f0d,26-11-0,1.47,52%,1.67,37%,,1.00,33%,84%,0.0,"5' 6""",135 lbs.,"66""",Orthodox,"Mar 18, 1991"
c1e4ae143cce7398,11-22-0,1.26,16%,8.21,31%,,0.00,0%,0%,0.0,--,--,--,Orthodox,--
a7b48e18ca27795d,15-11-0 (1 NC),0.28,41%,0.89,28%,,2.92,77%,0%,0.4,"6' 3""",266 lbs.,--,Switch,"Dec 21, 1968"
ef61d9f5176b3200,9-3-0,1.91,42%,6.22,33%,,0.00,0%,0%,14.3,"5' 10""",155 lbs.,"69""",Orthodox,"Oct 21, 1982"
b84f34b425dfd24b,11-9-0,0.00,0%,2.05,60%,,0.00,0%,100%,7.7,--,185 lbs.,--,,"Apr 17, 1980"
9b7694d064a8a0ad,24-4-0,1.98,34%,2.16,65%,,3.95,41%,61%,0.1,"5' 8""",155 lbs.,"73""",Orthodox,"Nov 04, 1986"
1aba18b5f15d4956,6-0-0,0.00,0%,0.00,0%,,0.00,0%,0%,0.0,"6' 0""",170 lbs.,--,Orthodox,"Apr 16, 1984"
90da09db03e41748,28-6-1,3.41,41%,2.37,60%,,0.76,28%,61%,0.0,"6' 1""",170 lbs.,"74""",Orthodox,"May 19, 1992"
0693b2eab79198ea,26-6-0,3.90,44%,3.03,54%,,1.16,53%,70%,1.0,"6' 0""",245 lbs.,--,Orthodox,"Aug 18, 1980"
3929efe0c0a83d07,8-3-0,6.14,42%,6.38,40%,,3.54,25%,0%,0.0,"5' 8""",135 lbs.,"70""",Orthodox,"Jul 17, 1988"
a072b512b6f4fc42,21-7-0,2.60,61%,2.80,61%,,0.00,0%,85%,0.0,"5' 11""",155 lbs.,"72""",Orthodox,"Sep 25, 1993"
4bbd1e5c77ef3c2f,10-0-0,2.80,38%,2.60,38%,,2.00,14%,100%,0.0,"5' 10""",155 lbs.,"68""",Orthodox,"Apr 15, 1992"
7ab478c397cd68ef,14-0-0 (1 NC),6.01,64%,4.38,61%,,5.64,60%,100%,3.8,"5' 9""",185 lbs.,"74""",Southpaw,"Aug 24, 1990"
aaeb55084b198a39,18-9-0,6.73,50%,4.21,55%,,0.73,20%,50%,0.0,"5' 11""",155 lbs.,"73""",Orthodox,"Feb 11, 1991"
91dac5e69e28d5b5,17-9-0,4.88,49%,4.09,51%,,0.41,33%,65%,0.1,"5' 7""",135 lbs.,"66""",Orthodox,"Dec 08, 1991"
9c37681096c6f3a9,16-4-0,3.67,56%,0.40,14%,,2.00,40%,100%,0.0,"5' 8""",155 lbs.,--,Orthodox,"Jul 23, 1978"
44470bfd9483c7ad,24-8-2,2.64,40%,2.47,61%,,1.88,75%,76%,0.8,"5' 8""",145 lbs.,"66""",Orthodox,"Oct 31, 1981"
e4bde462b043d3e1,31-9-3 (1 NC),0.70,45%,0.90,52%,,1.60,63%,25%,1.8,"5' 9""",200 lbs.,--,Orthodox,"Sep 10, 1971"
637bd06c32219f0b,8-4-0,2.56,33%,6.78,35%,,0.51,5%,20%,0.5,"5' 9""",145 lbs.,"72""",Orthodox,"Jun 28, 1995"
9bcf8603ceb25680,22-4-1 (1 NC),2.12,49%,1.89,58%,,2.93,43%,71%,0.6,"6' 2""",170 lbs.,"76""",Southpaw,"Nov 17, 1981"
8d04923f2db59b7f,0-4-0,5.06,25%,8.43,50%,,0.00,0%,66%,0.0,"5' 9""",205 lbs.,--,Orthodox,"Dec 12, 1979"
354808cf38d9d73c,11-7-0,1.75,32%,2.51,36%,,3.43,42%,0%,0.0,"5' 11""",180 lbs.,--,Orthodox,"Nov 01, 1979"
380e8b023290d091,13-23-0,0.00,0%,0.00,0%,,0.00,0%,0%,0.0,"6' 1""",240 lbs.,--,,--
9e0f28d1f639ad73,0-1-0,0.84,15%,3.28,63%,,2.81,100%,0%,0.0,"5' 7""",139 lbs.,--,Orthodox,"Nov 20, 1976"
831b937811804dad,3-7-0,0.87,100%,3.48,20%,,0.00,0%,0%,0.0,"6' 1""",255 lbs.,--,Southpaw,"Jan 22, 1975"
dba230fe33011201,23-11-3 (1 NC),1.33,21%,3.00,60%,,0.00,0%,0%,0.0,"5' 7""",139 lbs.,--,Orthodox,"Mar 03, 1978"
a20f234df70f2182,9-7-2,5.37,36%,5.41,56%,,0.00,0%,50%,0.1,"5' 7""",125 lbs.,"72""",Orthodox,"Oct 18, 1989"
6343a95f1d9e6a33,10-2-0,0.00,0%,0.00,0%,,0.00,0%,0%,0.0,"5' 8""",135 lbs.,"72""",Orthodox,"Jul 21, 1993"
2bc47c7cc6c05bd7,13-6-0,5.79,42%,5.68,52%,,0.00,0%,50%,1.7,"6' 1""",170 lbs.,"73""",Southpaw,"Jun 19, 1990"
5a9f7b5ffebdd6e7,11-4-0,6.77,46%,6.32,63%,,3.87,40%,100%,0.0,"5' 9""",155 lbs.,"71""",Orthodox,"Jan 29, 1992"
a264d4e9a4d6bfe4,13-4-0,5.11,55%,5.82,44%,,1.77,22%,72%,1.2,"6' 0""",155 lbs.,"71""",Orthodox,"Oct 17, 1993"
e9712cad24948ce1,10-6-1,3.18,57%,3.73,58%,,0.69,25%,72%,0.0,"5' 9""",145 lbs.,"69""",Orthodox,"Sep 01, 1993"
e7ecfab8fd86d3e1,12-6-0,1.53,53%,0.87,69%,,0.00,0%,33%,0.0,"5' 11""",125 lbs.,"69""",Orthodox,"Nov 05, 1992"
864c07a7ff90caae,8-1-0,0.00,0%,0.00,0%,,0.00,0%,0%,0.0,--,115 lbs.,--,,"May 25, 1997"
917a5cb9821df261,15-8-0,2.81,46%,3.84,49%,,1.41,20%,50%,0.0,"6' 0""",205 lbs.,"72""",Switch,"Jan 03, 1991"
054defd5420a551f,25-9-0,1.86,48%,4.79,38%,,2.08,46%,25%,2.4,"5' 10""",185 lbs.,"73""",Orthodox,"Jan 30, 1981"
fe91d254db77a7fc,11-3-0,1.33,21%,3.82,51%,,0.93,37%,50%,2.2,"5' 7""",135 lbs.,"71""",Orthodox,"May 21, 1989"
c7ac79839e86ce33,6-3-0,2.71,60%,1.33,52%,,0.00,0%,55%,0.0,"5' 11""",185 lbs.,--,Orthodox,"Jul 08, 1970"
564c2f5f9eb45d67,5-1-0,4.44,58%,1.29,72%,,1.75,25%,40%,3.5,"6' 3""",185 lbs.,--,,"Aug 04, 1983"
b959e8c7fd8390d2,11-6-0 (1 NC),2.97,40%,3.81,51%,,2.64,41%,52%,0.0,"6' 4""",205 lbs.,"79""",Orthodox,"Mar 22, 1982"
21b5c82c1b89dab1,6-3-0,4.65,50%,5.12,51%,,0.00,0%,50%,0.0,"6' 0""",170 lbs.,"71""",Southpaw,"Aug 21, 2000"
c7d7fda69ec410d3,12-6-0,3.22,50%,5.87,40%,,1.50,26%,47%,1.2,"5' 10""",155 lbs.,"75""",Switch,"Apr 13, 1994"
51d2aaaca56e5b40,5-4-0,4.88,87%,0.00,0%,,0.00,0%,50%,0.0,"5' 8""",185 lbs.,--,Orthodox,"Jul 29, 1976"
928ae2e5b5f7a9ec,7-4-0,4.51,48%,4.59,57%,,0.87,33%,50%,0.1,"5' 5""",125 lbs.,"64""",Orthodox,"Apr 13, 1988"
2a6f8136da1e52c0,1-2-0,0.00,0%,0.00,0%,,0.00,0%,0%,0.0,"6' 7""",350 lbs.,--,Southpaw,"Oct 12, 1963"
e2ac5bb645f33088,40-14-9,0.68,33%,2.15,45%,,0.62,10%,27%,2.1,"5' 6""",154 lbs.,--,,"Feb 04, 1980"
e065b4a42a6c2c79,9-5-0,4.47,59%,3.23,66%,,2.72,85%,74%,0.0,"5' 5""",125 lbs.,"67""",Southpaw,"Aug 15, 1992"
5b86d491d63890c5,24-5-1,3.76,53%,3.48,53%,,1.37,51%,76%,0.0,"5' 7""",155 lbs.,"72""",Southpaw,"Feb 22, 1995"
7eaa5e31c2dd86aa,6-3-0,2.51,56%,3.41,39%,,5.79,35%,66%,1.9,"6' 1""",185 lbs.,"77""",Orthodox,"Sep 08, 1995"
8ad022dd81224f61,8-4-0,2.55,33%,2.42,40%,,0.98,25%,90%,0.0,"6' 2""",185 lbs.,--,,"Jul 25, 1973"
bc3876891e155bb5,6-1-0,0.82,50%,3.84,58%,,0.00,0%,0%,0.0,--,185 lbs.,--,Orthodox,--
745fa7b605f8e2da,9-1-0,5.01,50%,2.71,57%,,2.02,58%,50%,0.0,"5' 6""",115 lbs.,"67""",Orthodox,"Jul 12, 2000"
8276f28f1ad087de,7-0-0,0.00,0%,0.00,0%,,0.00,0%,0%,0.0,"6' 0""",170 lbs.,--,,--
7cbf7c78d3b34218,16-3-1,4.25,55%,3.65,49%,,1.49,26%,69%,0.0,"5' 9""",155 lbs.,"70""",Orthodox,"Mar 09, 1988"
02f0e04acf102ea9,18-22-3,0.00,0%,0.00,0%,,0.00,0%,0%,0.0,"6' 2""",220 lbs.,--,Orthodox,"Feb 27, 1984"
1fac46d466abd5b8,12-7-1,0.00,0%,15.56,22%,,0.00,0%,100%,0.0,"5' 10""",170 lbs.,--,Orthodox,"Jul 05, 1984"
bb1a2cdad6ff34db,20-5-0,2.95,33%,3.02,51%,,1.31,31%,47%,1.7,"5' 10""",145 lbs.,"71""",Orthodox,"Jul 14, 1992"
5da33b8fbfa5ee95,11-5-0,2.62,56%,3.30,35%,,1.78,40%,48%,0.4,"5' 10""",205 lbs.,"73""",Orthodox,"Apr 03, 1988"
971dba22c622af12,8-1-0,4.24,51%,2.13,54%,,1.60,72%,35%,0.0,"5' 3""",115 lbs.,"60""",Orthodox,"Jan 16, 1996"
4a07b1988477502c,13-2-0,2.73,59%,1.42,58%,,4.00,63%,75%,0.3,"5' 10""",170 lbs.,"71""",Southpaw,"Sep 24, 1993"
a02652d063ef5baa,21-4-4,1.01,33%,1.66,45%,,2.17,100%,100%,0.0,"5' 8""",145 lbs.,--,,"Oct 28, 1988"
c398235fcaf8d71d,19-3-1,2.33,21%,4.11,59%,,1.67,11%,0%,0.0,"5' 6""",135 lbs.,--,Orthodox,"Feb 25, 1983"
99bd87a300079ed9,16-6-0,2.33,42%,2.82,47%,,1.02,42%,81%,1.0,"5' 10""",170 lbs.,"71""",Southpaw,"Oct 04, 1988"
6d8ef8706781c49e,4-1-0,0.00,0%,0.00,0%,,0.00,0%,0%,0.0,"6' 1""",205 lbs.,--,,--
44c233770075cea1,1-0-0,0.00,0%,0.00,0%,,0.00,0%,0%,0.0,"5' 6""",135 lbs.,--,,--
13c4313ed0f744f3,12-15-0,0.00,0%,0.00,0%,,0.00,0%,0%,0.0,"5' 9""",220 lbs.,--,Orthodox,"May 26, 1964"
5717efc6f271cd52,8-4-1,0.81,33%,4.31,46%,,0.00,0%,0%,4.0,"5' 9""",155 lbs.,--,Orthodox,"Jul 16, 1976"
b76ed59283d3559c,27-19-2,1.88,38%,4.41,54%,,1.32,20%,33%,0.4,"5' 11""",225 lbs.,--,Orthodox,"Mar 06, 1970"
33de378ce1734638,10-1-0,1.12,45%,4.49,42%,,10.11,60%,0%,0.0,"6' 2""",205 lbs.,"73""",Orthodox,"Oct 17, 1992"
5f6038bcdb95e3e4,15-9-0,0.21,20%,0.85,50%,,0.00,0%,0%,0.0,"5' 11""",185 lbs.,--,Orthodox,"Nov 26, 1974"
1fe7adb23b3eedfb,60-33-9,1.14,42%,2.57,51%,,0.76,41%,37%,0.5,"5' 11""",183 lbs.,--,Southpaw,"Jul 17, 1975"
a851c35f58199231,6-3-0,5.40,44%,7.22,58%,,0.00,0%,83%,0.3,"5' 4""",115 lbs.,"66""",Orthodox,"Feb 08, 1989"
3cc506f115cbb9d5,9-1-0,4.97,65%,1.30,57%,,2.80,60%,91%,0.9,"6' 2""",185 lbs.,"75""",Orthodox,"Jul 17, 1999"
1eacf73d6a0055dc,27-10-2,3.33,56%,1.28,54%,,2.30,56%,52%,0.2,"6' 4""",240 lbs.,"82""",Orthodox,"May 17, 1975"
dd39f1ca787a3d9d,6-11-0,0.33,66%,4.31,40%,,0.00,0%,0%,0.0,"6' 2""",265 lbs.,--,Orthodox,"Jul 16, 1965"
9d83f6da776ff7d6,15-5-0,4.54,50%,5.08,53%,,1.12,50%,88%,0.0,"6' 0""",185 lbs.,"75""",Southpaw,"May 04, 1992"
6c011be66326ad97,7-3-0,2.12,34%,3.96,42%,,0.00,0%,25%,0.0,"5' 6""",135 lbs.,"65""",,"Jun 28, 1991"
000774e57404d8c7,8-2-0,6.78,54%,4.56,39%,,10.00,46%,0%,1.7,"5' 6""",135 lbs.,"67""",Orthodox,"Feb 01, 1998"
aee885b8ca29ab4f,19-2-0,2.84,39%,1.92,63%,,4.80,53%,0%,0.0,"6' 0""",170 lbs.,--,,"Aug 23, 1990"
dd37fd509af89f15,17-11-0,1.79,36%,2.27,63%,,2.46,48%,64%,0.4,"5' 10""",170 lbs.,"73""",Orthodox,"Nov 30, 1977"
84512339473dd300,6-1-0,0.77,37%,3.73,40%,,5.28,55%,0%,1.1,"5' 7""",125 lbs.,"69""",Switch,"Jan 22, 1997"
bc8f6b42767e28df,34-14-7,1.02,31%,2.89,50%,,0.83,16%,46%,0.8,"5' 8""",155 lbs.,"66""",Southpaw,"Dec 08, 1981"
a68d57ae177a5815,1-2-0,3.94,40%,4.38,44%,,6.57,100%,100%,6.6,--,170 lbs.,--,,--
c6becb722706c7d8,7-4-1,0.67,38%,4.92,15%,,0.00,0%,25%,0.0,"6' 2""",235 lbs.,--,Orthodox,"Dec 21, 1969"
8fbcd82bf7f352bf,12-16-0,1.47,22%,4.87,44%,,1.00,25%,0%,0.0,"6' 0""",244 lbs.,--,Orthodox,"May 09, 1981"
ad0e42800a0d8977,3-1-1,0.00,0%,0.00,0%,,0.00,0%,0%,0.0,--,135 lbs.,--,,"Mar 29, 1977"
d7c3816669784109,16-10-0,5.54,42%,5.77,56%,,0.36,23%,74%,0.2,"5' 3""",115 lbs.,"64""",Orthodox,"Oct 15, 1985"
716538be58c6c5e1,6-0-0,0.00,0%,0.00,0%,,0.00,0%,0%,0.0,--,185 lbs.,--,,"Jul 09, 2002"
fc36e2352dccf2a4,8-0-0,3.90,39%,4.36,50%,,2.34,100%,100%,0.0,--,155 lbs.,--,,--
714e1e0681ddb703,22-12-0,2.07,37%,4.03,50%,,3.18,50%,0%,0.8,"5' 10""",170 lbs.,"72""",Orthodox,"Jan 13, 1988"
8f6a18831a120817,28-9-0,4.79,49%,4.11,61%,,0.96,18%,59%,0.9,"6' 2""",170 lbs.,"73""",Orthodox,"Jun 04, 1986"
a01e84abefd85ec0,11-2-0,5.45,47%,3.88,59%,,1.53,50%,60%,0.9,"6' 1""",170 lbs.,--,Orthodox,"Apr 19, 1987"
db05271715bb4874,5-1-0,0.82,100%,2.47,60%,,0.00,0%,66%,4.1,"5' 8""",170 lbs.,--,Orthodox,"Jan 03, 1970"
8a81a0707350c4a8,8-3-0,0.00,0%,0.00,0%,,0.00,0%,0%,0.0,--,185 lbs.,--,,"Jun 19, 1995"
ca36633b80be4a78,15-3-0 (1 NC),5.67,50%,5.71,46%,,2.74,100%,75%,2.1,"6' 0""",155 lbs.,"73""",Orthodox,"Apr 04, 1991"
6071d786f6187810,5-0-0,0.00,0%,0.00,0%,,0.00,0%,0%,0.0,"6' 2""",205 lbs.,--,,"May 08, 1974"
1091d4d957141094,31-11-0,4.36,54%,2.59,47%,,2.05,37%,53%,1.2,"6' 3""",205 lbs.,"77""",Orthodox,"Mar 07, 1992"
ab16537dd1e5e81d,8-1-0,0.93,45%,3.40,39%,,4.00,100%,0%,2.0,"6' 3""",185 lbs.,"75""",Southpaw,"Oct 04, 1989"
66579081831db7b0,7-1-0,2.11,50%,6.97,37%,,0.00,0%,100%,0.0,"5' 9""",170 lbs.,"74""",Orthodox,"Dec 23, 1997"
487c170da059857d,10-7-2,1.85,71%,4.44,33%,,0.00,0%,0%,0.0,--,135 lbs.,--,Orthodox,"Mar 24, 1983"
a272656ad662ac53,1-2-0,0.00,0%,0.00,0%,,0.00,0%,0%,0.0,--,170 lbs.,--,,"Oct 12, 1982"
b7f38813485745da,15-5-0,3.28,54%,3.62,54%,,2.30,55%,79%,0.0,"6' 0""",185 lbs.,"73""",Orthodox,"Jun 07, 1989"
706f8e2b34e8e18b,24-10-0,2.27,38%,1.63,67%,,1.20,100%,71%,0.4,"5' 8""",155 lbs.,"72""",Orthodox,"May 01, 1984"
4e77d070239699e2,6-3-0,2.50,40%,5.50,36%,,0.00,0%,50%,0.0,--,135 lbs.,--,,"Feb 24, 1986"
a0a625221e0dd339,8-1-0,2.80,24%,4.67,46%,,6.00,30%,60%,0.0,"5' 5""",125 lbs.,"66""",Orthodox,"Sep 09, 2000"
e2ccd9a9ace60de7,20-2-0,3.67,44%,2.83,63%,,0.25,33%,80%,0.0,"5' 8""",170 lbs.,"70""",Orthodox,"May 02, 1984"
739fd4fbb5d862f4,13-3-1 (1 NC),3.94,54%,2.33,48%,,0.98,75%,93%,0.0,"6' 4""",240 lbs.,"76""",Orthodox,"Mar 10, 1992"
782a2a17d3e38fdf,3-2-0,0.17,10%,1.99,57%,,4.97,40%,100%,2.5,"6' 0""",235 lbs.,--,Orthodox,--
71df36d6d8cf0d74,18-7-2 (1 NC),1.87,44%,3.92,41%,,1.59,20%,28%,0.3,"5' 10""",170 lbs.,"71""",Orthodox,"May 01, 1981"
2694c4997a51ed01,10-0-0,0.00,0%,0.00,0%,,0.00,0%,0%,0.0,--,185 lbs.,--,,"Jul 14, 1999"
6905d45bd71b50a9,18-4-1,1.68,32%,3.80,45%,,1.99,25%,33%,0.7,"5' 10""",155 lbs.,--,Orthodox,"Oct 03, 1983"
780a2897055e3ee3,8-4-0,0.73,73%,1.33,31%,,0.00,0%,69%,1.0,"6' 5""",170 lbs.,"77""",Switch,"Jan 23, 1989"
b6a73e6f11a8835c,8-0-0,11.67,67%,9.13,54%,,1.00,14%,0%,0.0,"6' 1""",170 lbs.,"73""",Orthodox,"Aug 23, 1996"
032b65d5fff611b2,10-8-2,0.00,0%,12.00,50%,,0.00,0%,0%,0.0,"5' 10""",185 lbs.,--,Orthodox,"Jul 13, 1973"
4c78fc005a53831d,0-1-0,0.47,20%,3.72,60%,,0.00,0%,0%,0.0,"5' 6""",235 lbs.,--,Orthodox,"Apr 16, 1972"
b490def93478ae29,7-5-0,1.31,36%,2.95,52%,,1.23,20%,0%,2.5,--,170 lbs.,--,,--
7772b283d288dbe2,13-5-0,3.53,45%,4.22,54%,,0.61,15%,75%,0.0,"5' 11""",155 lbs.,"72""",Orthodox,"Jan 08, 1992"
aeb2bcd4371f40d5,17-2-0,5.53,48%,4.94,55%,,3.53,40%,0%,0.0,"6' 0""",170 lbs.,"71""",Orthodox,"Jul 18, 1991"
843dd76c50cae0f6,0-3-0,2.31,30%,12.12,19%,,0.00,0%,0%,0.0,"5' 9""",135 lbs.,--,Orthodox,--
2545c7f47a65bca3,11-16-0,0.00,0%,0.00,0%,,0.00,0%,0%,0.0,"5' 7""",155 lbs.,--,,"Aug 01, 1970"
849d15ed7e3a0e97,2-2-0,0.53,50%,4.40,32%,,8.00,50%,0%,2.0,"5' 8""",185 lbs.,--,,--
56b8b24f65f9f057,22-14-1 (2 NC),3.93,51%,3.35,49%,,1.33,62%,50%,0.8,"6' 4""",205 lbs.,"77""",Orthodox,"Mar 31, 1980"
edbc609a3b0d2aba,7-2-0,4.67,41%,4.40,47%,,0.00,0%,33%,0.0,"5' 5""",125 lbs.,"64""",Orthodox,"Nov 17, 1993"
b3fb8d2293e17a59,7-4-0,0.75,39%,1.10,46%,,3.00,100%,0%,0.8,"6' 3""",215 lbs.,--,Orthodox,"Apr 24, 1978"
5108b169b5fe1f86,11-6-0,2.53,36%,5.33,44%,,0.00,0%,71%,0.0,"5' 10""",145 lbs.,--,,--
4fe1d105af549845,11-5-0,0.00,0%,0.00,0%,,0.00,0%,0%,0.0,"5' 10""",135 lbs.,--,,--
31bb0772f21cabd8,11-6-0 (1 NC),3.95,45%,8.28,34%,,2.32,50%,0%,1.2,"5' 6""",125 lbs.,"70""",Switch,"Jun 05, 1996"
6fc506e1099afe20,13-4-0,4.06,42%,6.15,49%,,2.82,39%,66%,0.6,"5' 7""",135 lbs.,"71""",Orthodox,"Jan 07, 1993"
eb84192d1a97f69e,3-2-0,0.00,0%,0.00,0%,,0.00,0%,0%,0.0,--,170 lbs.,--,,--
d4691518d012b9e7,9-3-0,3.78,47%,4.65,47%,,1.56,47%,62%,0.6,"5' 6""",135 lbs.,"66""",Orthodox,"Mar 01, 1995"
4c7781da8c6cae93,14-3-0,2.89,40%,1.86,63%,,2.13,44%,58%,0.2,"6' 1""",170 lbs.,"74""",Southpaw,"Oct 01, 1983"
fbe9f4efc2153be2,8-5-0,3.16,68%,1.89,47%,,3.16,100%,33%,0.0,"5' 4""",125 lbs.,"65""",Orthodox,"May 25, 1989"
b40e65d71a8d4ce5,6-5-0,0.00,0%,0.00,0%,,0.00,0%,0%,0.0,"6' 2""",185 lbs.,--,,"Sep 04, 1986"
9f755fb04cc21499,11-2-0,2.79,46%,1.47,63%,,2.37,26%,16%,2.4,"5' 9""",145 lbs.,"69""",Orthodox,"Jun 08, 1984"
e5ca2bc2451a5956,5-1-0,1.93,20%,4.67,57%,,0.00,0%,16%,0.0,"5' 2""",115 lbs.,--,Orthodox,"May 28, 1988"
f998f5c102250d6e,9-3-0,2.22,41%,3.38,58%,,0.94,28%,72%,0.5,"6' 1""",170 lbs.,"76""",Orthodox,"Aug 14, 1992"
c7e9d15cfce52f1d,7-6-1,0.00,0%,0.00,0%,,0.00,0%,0%,0.0,"6' 1""",225 lbs.,--,Orthodox,"Jun 21, 1965"
7d06092326c52528,2-1-0,0.00,0%,0.00,0%,,0.00,0%,0%,0.0,"5' 7""",145 lbs.,--,Orthodox,--
e62ce041bb7aeb1f,7-3-0,5.34,39%,7.23,30%,,0.00,0%,0%,0.0,"6' 0""",170 lbs.,--,Orthodox,"Nov 04, 1990"
3974fa35c917af1d,20-8-0,3.13,47%,2.87,57%,,1.84,33%,46%,0.9,"5' 8""",145 lbs.,"71""",Orthodox,"May 21, 1982"
5be86bb2f78fef2f,26-13-0,3.21,58%,1.84,50%,,1.35,36%,28%,2.4,"6' 3""",185 lbs.,"75""",Orthodox,"Jun 03, 1975"
7e062824c175f975,29-16-0,0.99,40%,0.77,43%,,2.20,80%,40%,2.2,"5' 11""",170 lbs.,--,Orthodox,"Sep 09, 1973"
583ee11abddfc581,18-8-0,5.55,45%,5.96,51%,,0.73,41%,71%,0.7,"5' 9""",145 lbs.,"72""",Orthodox,"Jun 06, 1988"
be9bdec19b7e9ffe,13-8-0 (1 NC),2.70,50%,2.45,39%,,1.50,28%,33%,0.0,"6' 6""",205 lbs.,"80""",Orthodox,"Nov 09, 1987"
d73e856f150744b2,5-1-0,0.00,0%,0.00,0%,,0.00,0%,0%,0.0,--,155 lbs.,--,,"Aug 26, 1986"
09422812370fbdfe,21-2-0,1.13,50%,1.41,42%,,4.22,60%,0%,4.2,"5' 11""",205 lbs.,--,Southpaw,"May 11, 1975"
b8980dd7e8fc5976,5-1-0,0.00,0%,0.00,0%,,0.00,0%,0%,0.0,--,205 lbs.,--,,"Aug 31, 1980"
2eeaefbfc7f9fcff,10-8-0,2.69,55%,3.87,44%,,0.52,27%,47%,0.1,"5' 7""",135 lbs.,"65""",Orthodox,"Mar 13, 1982"
8b1ed83b02303075,21-4-0,4.59,48%,2.61,62%,,0.27,33%,77%,0.3,"5' 6""",135 lbs.,"73""",Southpaw,"Apr 08, 1992"
c03a5022f8439f2a,13-4-0,4.78,42%,3.59,65%,,1.05,54%,78%,0.0,"5' 10""",170 lbs.,"71""",Orthodox,"Jul 23, 1986"
f3a853544e4413c4,23-7-0 (2 NC),0.53,34%,0.58,66%,,0.00,0%,20%,0.0,"5' 9""",170 lbs.,--,Southpaw,"Feb 13, 1980"
cd2e5a390821fb48,12-5-0,1.49,50%,2.64,38%,,1.44,33%,40%,0.0,"5' 6""",145 lbs.,"66""",Orthodox,"Oct 15, 1997"
62a72adeb0227603,6-0-0,5.40,52%,5.07,56%,,2.00,40%,50%,0.0,"5' 3""",125 lbs.,"64""",Orthodox,"Oct 01, 1998"
49efbdc6c9f650c4,6-5-0,0.17,15%,2.50,28%,,0.00,0%,14%,0.0,"6' 3""",235 lbs.,--,Orthodox,"Mar 12, 1980"
9450848a71d53776,18-6-0 (1 NC),3.53,46%,2.74,63%,,0.27,42%,79%,0.1,"5' 11""",170 lbs.,"72""",Orthodox,"Sep 03, 1986"
c3bd649a9194e50c,8-5-0,4.87,48%,5.75,57%,,2.49,33%,0%,0.0,"5' 10""",145 lbs.,"70""",Orthodox,"May 18, 1984"
5eedbf1e9601be35,42-10-0,1.39,46%,1.50,55%,,2.67,34%,43%,2.0,"5' 11""",170 lbs.,"71""",Southpaw,"Aug 23, 1977"
7107e53ebd7435fb,6-2-0,0.00,0%,0.00,0%,,0.00,0%,0%,0.0,--,170 lbs.,--,,"Dec 30, 1980"
b0826525fa17231d,15-2-0,3.10,63%,0.76,63%,,11.47,70%,0%,0.0,"6' 3""",255 lbs.,"78""",Orthodox,"Jul 16, 1976"
e9a3aeb207578eea,17-9-0 (1 NC),2.05,45%,2.93,56%,,2.11,35%,100%,0.3,"5' 10""",230 lbs.,"73""",Orthodox,"Jul 28, 1982"
5898357a45a73674,1-0-0,0.00,0%,0.00,0%,,0.00,0%,0%,0.0,"6' 0""",215 lbs.,--,,--
09224b76d27007ee,6-2-0,3.40,51%,7.07,31%,,0.00,0%,100%,0.0,"6' 3""",205 lbs.,"76""",Orthodox,"Feb 17, 1991"
ec664422b22d9787,7-5-0,1.44,42%,3.53,53%,,0.55,66%,51%,0.8,"5' 5""",125 lbs.,"68""",Orthodox,"Aug 01, 1988"
3bad7ef643840f67,28-16-0,2.84,39%,5.39,54%,,2.39,45%,54%,2.0,"5' 10""",155 lbs.,"71""",Orthodox,"May 22, 1984"
4c8d6fde2dde07c4,17-6-0,1.34,25%,4.09,61%,,1.63,33%,80%,2.7,"5' 10""",155 lbs.,--,Orthodox,"Mar 30, 1988"
aa6da8cb3a26da04,10-3-0,0.87,37%,2.67,34%,,0.00,0%,33%,0.0,"5' 7""",115 lbs.,"66""",Orthodox,"May 03, 1994"
5449dcccd972ff83,9-7-0,0.00,0%,0.00,0%,,0.00,0%,0%,0.0,"5' 8""",170 lbs.,--,,"May 24, 1976"
e3162dbdbfd78287,9-2-0,0.00,0%,0.00,0%,,0.00,0%,0%,0.0,--,145 lbs.,--,,"Mar 24, 1995"
a571770c4016736f,21-6-0 (1 NC),3.79,52%,1.61,66%,,5.96,75%,87%,0.0,"6' 0""",205 lbs.,"78""",Southpaw,"Jan 11, 1981"
f2925e6db404bf1d,30-16-0 (1 NC),3.85,47%,4.67,59%,,0.65,64%,65%,0.0,"5' 11""",170 lbs.,"74""",Southpaw,"Mar 20, 1982"
4d44f37107f01b9b,10-6-0 (1 NC),2.50,42%,2.41,60%,,2.46,32%,57%,1.4,"6' 0""",205 lbs.,"74""",Southpaw,"May 15, 1983"
879f6cae48d25baa,10-4-0,3.84,35%,2.83,67%,,0.72,28%,73%,0.0,"5' 8""",145 lbs.,"67""",Orthodox,"May 15, 1990"
ce039df1994b18f0,4-1-0,5.87,50%,9.80,24%,,1.00,100%,50%,0.0,"6' 1""",145 lbs.,"74""",Orthodox,"Jun 26, 1993"
e7e01e266a9d4342,8-2-0 (1 NC),2.78,56%,1.75,52%,,6.75,77%,45%,0.2,"5' 8""",135 lbs.,"68""",Switch,"Jun 13, 1992"
38e5d9dcb0fddc42,9-5-0,1.58,57%,1.97,44%,,8.88,42%,0%,3.0,"6' 0""",185 lbs.,--,Orthodox,"Feb 12, 1981"
e43eefb10d440cb0,4-2-0,0.07,8%,1.60,44%,,0.00,0%,0%,0.0,"6' 0""",265 lbs.,"77""",Orthodox,"Nov 13, 1991"
777dea713da2441d,15-5-0,4.87,37%,4.09,61%,,1.33,40%,96%,0.0,"6' 0""",155 lbs.,"73""",Orthodox,"Aug 15, 1985"
41498c2d1a87b154,13-1-0,4.20,39%,6.13,51%,,0.00,0%,0%,0.0,"5' 6""",135 lbs.,"69""",Orthodox,"Oct 25, 1991"
49ee5024966efc0d,11-3-0,7.49,55%,5.42,53%,,1.80,57%,71%,0.0,"6' 1""",170 lbs.,"76""",Orthodox,"Nov 16, 1987"
d4f364dd076bb0e2,9-3-0,4.36,48%,2.98,66%,,1.37,71%,88%,0.3,"5' 9""",185 lbs.,"70""",Southpaw,"May 25, 1972"
882b3f5a0774d575,6-1-0,1.97,40%,1.82,70%,,0.00,0%,100%,0.0,"5' 9""",145 lbs.,"74""",Orthodox,"Aug 28, 1985"
32feae6d9a1e5047,9-3-0,2.82,38%,4.59,49%,,2.90,33%,100%,0.4,"5' 7""",135 lbs.,"70""",Orthodox,"Oct 18, 1991"
28d421729451c8ca,23-7-0,8.75,47%,7.78,48%,,0.43,11%,90%,0.0,"5' 11""",170 lbs.,"74""",Orthodox,"May 04, 1994"
ac026518a9b4dc0f,13-4-0,2.18,58%,1.57,59%,,2.97,30%,30%,1.2,"5' 9""",145 lbs.,"71""",Southpaw,"Jun 02, 1995"
2d0b10789feafddb,3-2-0,0.92,35%,1.03,37%,,0.00,0%,50%,0.0,"6' 3""",265 lbs.,--,Southpaw,"Dec 26, 1972"
d43a048a880efdff,22-11-0,2.87,42%,2.87,52%,,1.14,41%,53%,0.8,"5' 11""",185 lbs.,"73""",Southpaw,"Jul 21, 1980"
cd0dfd9846bd03b9,10-3-0,1.69,66%,2.96,46%,,0.00,0%,0%,0.0,"6' 2""",185 lbs.,"74""",Southpaw,"Jan 21, 1992"
a3dda21be645be93,10-2-0,4.77,61%,3.72,53%,,2.79,30%,0%,1.9,"5' 11""",170 lbs.,"72""",Switch,"Jan 27, 1999"
c575ab451e3c5b1d,16-7-1 (1 NC),2.60,34%,2.98,54%,,0.00,0%,60%,0.0,"5' 11""",155 lbs.,"73""",Orthodox,"Aug 16, 1987"
56ec58954158966a,8-3-0,1.20,38%,1.60,57%,,5.00,45%,100%,0.0,"5' 9""",145 lbs.,--,Orthodox,"Jun 30, 1982"
ba1e6cb3d43f7430,9-4-0 (1 NC),3.35,39%,4.82,49%,,0.23,50%,42%,0.2,"6' 4""",205 lbs.,"80""",Orthodox,"Sep 28, 1988"
863d06a7ef8bc98c,15-3-0 (1 NC),1.40,42%,3.72,27%,,13.95,50%,0%,7.0,"5' 11""",205 lbs.,--,Southpaw,"Sep 22, 1973"
8caca5857ce0e30b,12-10-0,1.49,50%,3.31,42%,,0.00,0%,50%,0.0,"5' 10""",155 lbs.,--,Orthodox,"Apr 12, 1978"
4985113c0928aa62,0-1-0,0.00,0%,0.00,0%,,0.00,0%,0%,0.0,--,--,--,,--
39c568f8c579913e,17-4-0 (1 NC),0.00,0%,3.05,60%,,0.00,0%,50%,0.0,"6' 1""",215 lbs.,--,Orthodox,"Mar 07, 1982"
de99da2c0d18d34a,1-2-0,1.37,31%,3.89,54%,,5.15,100%,0%,0.0,"6' 6""",295 lbs.,--,Orthodox,"Jan 17, 1975"
806975e1b4f47b27,25-6-0 (1 NC),0.00,0%,0.30,75%,,4.57,33%,0%,0.0,"5' 7""",145 lbs.,--,Orthodox,"Jan 20, 1977"
d9e3743bae8d703d,14-10-1,0.00,0%,9.68,21%,,0.00,0%,0%,0.0,"5' 11""",155 lbs.,--,Orthodox,"Jul 09, 1971"
0802be3516ef8f66,2-4-0,0.00,0%,0.94,33%,,0.00,0%,0%,0.0,--,--,--,Orthodox,"Jul 17, 1977"
8bb6f4479685bbcc,14-13-1,3.47,47%,2.07,70%,,0.81,33%,72%,1.0,"5' 6""",125 lbs.,"66""",Orthodox,"Oct 15, 1982"
ee9ebceabfd16fa7,18-8-0,3.88,42%,3.60,50%,,3.18,43%,75%,0.8,"5' 9""",170 lbs.,"77""",Orthodox,"Sep 04, 1992"
0d1c163b206e8c5f,3-2-0,2.47,51%,5.33,44%,,1.00,10%,33%,0.0,"5' 9""",145 lbs.,--,Orthodox,"Apr 08, 1987"
05fa626cb33d15b8,13-11-0,4.62,45%,3.91,61%,,1.65,52%,53%,0.6,"5' 6""",125 lbs.,"69""",Orthodox,"Feb 11, 1989"
d008d785f6347dc2,11-3-0,3.38,49%,3.82,50%,,0.63,66%,72%,0.3,"5' 10""",145 lbs.,"73""",Orthodox,"Nov 13, 1995"
b6033505c245e28b,8-1-0,4.27,39%,6.20,38%,,0.00,0%,64%,0.0,"5' 5""",125 lbs.,"65""",Orthodox,"Sep 10, 2002"
117a06469813e4ef,11-2-0,3.88,66%,2.13,37%,,3.20,34%,40%,0.3,"5' 8""",135 lbs.,"69""",Orthodox,"May 09, 1994"
9fd299c8356cbf0f,9-1-0,0.87,44%,2.13,50%,,0.00,0%,63%,1.0,"6' 1""",135 lbs.,"75""",Orthodox,"Jan 06, 1999"
e6666480a830f764,8-2-0,2.73,40%,5.73,47%,,0.00,0%,0%,0.0,"6' 0""",185 lbs.,"72""",Orthodox,"Jan 01, 2000"
5817df778cc27274,14-4-0,1.07,41%,1.53,60%,,5.00,41%,0%,0.0,"5' 8""",170 lbs.,--,,"Dec 21, 1985"
4f670b7972fa0a2e,21-6-0,2.86,51%,2.08,47%,,5.19,80%,33%,0.0,"5' 8""",155 lbs.,--,Southpaw,"Oct 27, 1978"
98cbbc06074c68a4,6-0-0,1.87,28%,3.20,53%,,2.00,33%,71%,0.0,"5' 8""",135 lbs.,"73""",Orthodox,"Mar 15, 1994"
90550a08f0b02b6f,8-3-0,1.27,47%,1.73,57%,,1.00,25%,0%,1.0,"5' 3""",135 lbs.,"64""",Orthodox,"Nov 04, 1996"
cfb65863d5099327,28-9-0,2.13,40%,2.99,52%,,2.10,27%,30%,1.1,"6' 1""",185 lbs.,"78""",Orthodox,"Sep 06, 1981"
182a73d5b4e57871,11-2-0,1.60,75%,0.60,43%,,1.00,100%,55%,1.0,"6' 4""",259 lbs.,"75""",Orthodox,"Mar 15, 2002"
d56bb6dff2ae77eb,0-3-0,2.40,43%,6.17,68%,,0.00,0%,0%,0.0,"6' 2""",215 lbs.,--,Orthodox,"Jun 03, 1974"
fd4578cac86d75ca,13-9-0,0.82,35%,6.03,45%,,0.00,0%,0%,0.0,"5' 8""",155 lbs.,--,Orthodox,--
3df5493bb279226f,15-6-1,2.75,55%,3.01,45%,,1.02,64%,63%,0.7,"5' 4""",115 lbs.,"65""",Southpaw,"May 22, 1987"
f37822d5b3e47517,6-0-0,0.00,0%,0.00,0%,,0.00,0%,0%,0.0,"6' 3""",247 lbs.,"75""",Orthodox,"Jun 23, 1989"
7269329bd87eb479,3-4-0,0.00,0%,0.00,0%,,0.00,0%,0%,0.0,"6' 0""",200 lbs.,--,Southpaw,--
3ae10ac4df3df05c,14-4-0,2.69,32%,3.20,64%,,1.22,66%,63%,0.3,"5' 9""",170 lbs.,"72""",Orthodox,"Mar 10, 1982"
e60201cfab7d656d,16-17-3,1.13,34%,0.27,60%,,0.00,0%,33%,0.0,"6' 0""",185 lbs.,--,Orthodox,"Nov 29, 1972"
6fb1ba67bef41b37,30-12-2 (1 NC),3.44,47%,3.25,50%,,3.30,32%,43%,1.2,"5' 8""",145 lbs.,"68""",Orthodox,"Aug 13, 1984"
6e02c318762f52f1,0-1-0,0.00,0%,0.00,0%,,0.00,0%,0%,0.0,"5' 8""",238 lbs.,--,,--
9dedfdd91070ddd8,9-7-0,3.22,38%,4.81,47%,,1.57,27%,71%,0.0,"5' 5""",125 lbs.,"64""",Orthodox,"Feb 16, 1990"
86b9b51a81e9c339,15-8-0,1.94,53%,2.52,56%,,1.72,18%,0%,0.0,"5' 6""",135 lbs.,--,Orthodox,"May 27, 1987"
657d0ed181f04215,9-4-0,0.00,0%,0.00,0%,,0.00,0%,0%,0.0,"6' 0""",170 lbs.,--,,"Feb 19, 1980"
08ae5cd9aef7ddd3,10-7-1,0.76,83%,2.12,30%,,4.55,100%,0%,2.3,"6' 3""",235 lbs.,--,Orthodox,"Jan 05, 1968"
f1fd8ec1023c89b3,0-1-0,0.00,0%,6.47,45%,,0.00,0%,0%,0.0,--,--,--,,"Nov 18, 1973"
5a8e30ed38a5bc6f,8-3-0,0.00,0%,0.00,0%,,0.00,0%,0%,0.0,--,170 lbs.,--,,"Nov 05, 1981"
513c6f1715e547a8,5-3-0 (1 NC),3.53,72%,2.11,50%,,3.90,55%,60%,0.5,"6' 3""",265 lbs.,"81""",Orthodox,"Jul 12, 1977"
edd8d5d8089a35f8,11-6-0 (1 NC),2.18,36%,3.82,53%,,0.00,0%,0%,0.0,"5' 11""",170 lbs.,--,Orthodox,"Jun 10, 1984"
46a2f24feb258ae0,8-6-0,4.51,37%,5.40,58%,,0.77,45%,66%,0.3,"5' 7""",115 lbs.,"68""",Orthodox,"Apr 29, 1983"
8cb78f3a6c2a08f7,5-3-0,3.06,41%,3.84,52%,,0.51,50%,76%,0.0,"5' 7""",145 lbs.,"71""",Southpaw,"Aug 21, 1992"
8c3f3c43c8ceb778,10-7-0,1.24,47%,3.15,37%,,1.69,50%,33%,5.1,"5' 11""",185 lbs.,--,Orthodox,"Apr 18, 1980"
182f2b78582de3d8,22-7-0,2.55,64%,3.70,37%,,3.89,36%,83%,0.6,"5' 9""",155 lbs.,"70""",Southpaw,"Jul 17, 1982"
49590e0508b2c19f,1-3-0,0.00,0%,0.00,0%,,0.00,0%,0%,0.0,"6' 5""",275 lbs.,--,,--
81ddc98fceb30086,0-3-0,0.00,0%,0.00,0%,,0.00,0%,0%,0.0,--,--,--,,--
a29db9cd4f9ccea5,8-2-0,3.70,52%,3.19,58%,,5.03,58%,41%,0.5,"5' 9""",155 lbs.,"71""",Southpaw,"Sep 30, 1991"
4a01dc8376736ef5,3-4-3,0.00,0%,4.00,66%,,0.00,0%,0%,0.0,"6' 0""",155 lbs.,--,Southpaw,--
d3df1add9d9a7efb,29-14-0 (1 NC),2.41,48%,2.79,38%,,0.53,25%,51%,0.0,"6' 3""",260 lbs.,"79""",Orthodox,"Feb 07, 1985"
899923ff6ab13917,7-3-0,3.73,43%,2.67,54%,,0.00,0%,66%,0.0,"6' 3""",185 lbs.,"79""",Orthodox,"May 05, 1991"
6623cb1c27025634,6-2-0,2.17,29%,3.63,53%,,1.00,15%,20%,0.0,"5' 4""",135 lbs.,"70""",Orthodox,"Aug 02, 1997"
f60dbe6e05489c4f,6-2-0,4.16,45%,5.66,40%,,3.98,40%,50%,0.0,"6' 0""",155 lbs.,"75""",Orthodox,"Mar 04, 1996"
a307a10414d0ad00,7-0-1 (2 NC),0.00,0%,0.00,0%,,0.00,0%,0%,0.0,"6' 9""",243 lbs.,--,,"Aug 10, 1983"
e64b96c07d7ce999,19-9-0,4.46,42%,3.95,56%,,1.19,41%,60%,0.0,"6' 0""",170 lbs.,"71""",Orthodox,"Mar 20, 1988"
4c7afd56ef1947ac,9-5-0,0.53,29%,2.55,35%,,0.00,0%,50%,0.0,"5' 8""",135 lbs.,"68""",Orthodox,"Mar 08, 1999"
ec0dcceace7d25a3,19-8-0,1.99,42%,3.95,36%,,3.60,58%,25%,0.5,"5' 5""",125 lbs.,"67""",Orthodox,"Jul 27, 1996"
a8aba6fd8a463043,20-11-0,2.46,51%,2.76,41%,,3.28,53%,30%,1.6,"5' 9""",170 lbs.,"72""",Orthodox,--
a390eb8a9b2df298,21-8-0,2.97,35%,2.71,56%,,0.44,75%,81%,0.0,"6' 2""",205 lbs.,"76""",Orthodox,"Dec 17, 1969"
11b5a809c3120e27,12-3-0,0.97,50%,0.00,100%,,0.00,0%,50%,0.0,"5' 11""",155 lbs.,"73""",Orthodox,"Jul 07, 1989"
421ccfc6ddb17958,12-10-0,0.82,60%,7.36,51%,,0.00,0%,66%,0.0,--,--,--,,"Nov 26, 1983"
5d7c18191b8aa432,9-11-0,0.81,33%,1.90,48%,,1.36,100%,0%,0.0,"5' 8""",170 lbs.,--,Orthodox,"Feb 06, 1974"
998c8890a8dde1eb,6-2-0,2.91,21%,4.24,49%,,0.00,0%,0%,0.0,"6' 2""",205 lbs.,--,,"Oct 15, 1978"
0e31bfd26cc8c503,15-10-0,0.29,33%,1.44,0%,,0.00,0%,50%,0.0,"5' 9""",185 lbs.,--,Orthodox,--
a1bf037613180253,17-7-0,2.25,41%,1.75,65%,,2.50,28%,0%,1.2,"5' 9""",170 lbs.,--,Orthodox,--
bbb15f301e4a490a,17-6-0,2.43,50%,4.05,37%,,12.16,100%,100%,0.0,"5' 9""",170 lbs.,--,Orthodox,"Nov 09, 1979"
203c957eac95dd87,13-7-1,4.45,41%,5.07,51%,,0.23,100%,73%,0.2,"6' 3""",170 lbs.,"77""",Orthodox,"Jan 16, 1985"
a53657e43b00614e,5-2-0,0.53,42%,2.47,24%,,0.00,0%,53%,1.0,"6' 2""",145 lbs.,"74""",Southpaw,"Jul 27, 2001"
75a6a390fd5dca46,9-5-0,1.94,44%,2.11,55%,,1.72,31%,70%,0.0,"5' 5""",115 lbs.,"65""",Orthodox,"Mar 15, 1982"
e9213f53ddeca978,17-9-0,3.12,39%,3.88,58%,,1.26,34%,73%,0.6,"6' 2""",170 lbs.,"75""",Orthodox,"Jan 31, 1989"
264111bf62662fbf,29-6-0,1.92,36%,2.84,60%,,0.60,100%,46%,0.0,"6' 1""",170 lbs.,--,,"Jan 05, 1988"
6135fd9665fbb74e,7-1-0,3.07,63%,5.67,44%,,0.00,0%,100%,0.0,"5' 2""",135 lbs.,--,Orthodox,"Jan 25, 1994"
b1f21ce050035d58,11-1-0,3.94,56%,2.66,58%,,1.11,60%,75%,0.9,"5' 7""",125 lbs.,"67""",Orthodox,"Feb 04, 1999"
9256f591b30c073e,14-2-0,2.86,45%,2.91,64%,,2.18,27%,85%,0.7,"5' 6""",135 lbs.,"68""",Orthodox,"May 07, 1998"
18c49685296c60e6,2-4-0,6.51,50%,8.84,36%,,0.00,0%,0%,0.0,--,--,--,,--
a4ef92274a45143d,8-2-0,1.17,28%,3.59,26%,,0.00,0%,33%,0.0,"5' 8""",145 lbs.,"72""",Orthodox,"Apr 21, 1997"
0e041d43a47d2e4b,22-9-0,2.62,50%,1.56,52%,,3.01,48%,60%,1.3,"6' 0""",185 lbs.,"74""",Southpaw,"May 17, 1970"
33e00249ef08d3a4,12-7-0,3.44,52%,4.01,46%,,0.65,33%,50%,0.0,"5' 11""",155 lbs.,--,Switch,"Jun 21, 1986"
c268b2cfebccf652,31-9-0,5.36,40%,4.27,56%,,0.56,58%,67%,0.6,"5' 3""",135 lbs.,"67""",Orthodox,"Jun 12, 1990"
305d73ede05e31ad,9-3-0,3.86,37%,4.86,57%,,0.43,66%,75%,0.0,"5' 10""",145 lbs.,"70""",Orthodox,"Jul 10, 1994"
a780d16cf7eed44d,19-8-0,0.99,22%,3.47,34%,,1.86,50%,50%,1.9,"6' 2""",185 lbs.,--,Orthodox,"Dec 08, 1973"
53c943c873cffe90,18-5-0,3.80,49%,3.59,46%,,1.65,33%,100%,0.0,"6' 2""",205 lbs.,"78""",Orthodox,"Aug 17, 1985"
2c5f5749569eef66,7-4-0,2.01,44%,2.88,45%,,1.67,31%,53%,0.3,"5' 7""",135 lbs.,"67""",Orthodox,"Mar 02, 1991"
68c6cd5287b473a7,13-7-0,1.26,35%,1.89,61%,,1.58,15%,50%,1.1,"6' 1""",185 lbs.,"75""",Orthodox,"Feb 13, 1976"
008c6e1a25751575,4-8-0,0.00,0%,0.00,0%,,0.00,0%,0%,0.0,"6' 4""",205 lbs.,--,,--
a9936818d709e2d7,3-1-0,0.00,0%,0.00,0%,,0.00,0%,0%,0.0,--,205 lbs.,--,,"Sep 04, 1996"
515890922fe9ce96,6-1-0,0.36,33%,1.08,0%,,0.00,0%,60%,0.0,"6' 2""",155 lbs.,"71""",Orthodox,"Aug 15, 2001"
93b2b7caa457cbea,14-5-0,5.57,41%,4.12,57%,,0.00,0%,54%,0.0,"6' 0""",155 lbs.,"73""",Orthodox,"Aug 02, 1999"
6448e57a9533b7e4,20-9-1,6.27,49%,6.87,43%,,2.00,20%,0%,0.0,"5' 11""",155 lbs.,--,,"Sep 04, 1982"
7abce81b72fbbd9b,6-10-3,3.87,42%,0.00,0%,,0.00,0%,66%,0.0,"5' 7""",155 lbs.,--,Orthodox,"Jan 22, 1976"
31652c9267606d54,5-9-4,0.00,0%,0.00,0%,,0.00,0%,0%,0.0,"5' 11""",199 lbs.,--,Orthodox,"Feb 26, 1968"
02f2a9702ba3d167,13-15-1 (1 NC),3.52,41%,4.82,50%,,0.39,25%,52%,0.0,"5' 9""",145 lbs.,"65""",Southpaw,"Aug 11, 1986"
9caa254991a5a698,6-2-0,1.31,53%,3.31,52%,,2.31,40%,28%,1.2,"5' 9""",145 lbs.,"72""",Orthodox,"May 19, 1992"
d5bab53a1a603aac,8-3-0,5.10,69%,2.46,50%,,1.37,14%,100%,1.4,"6' 2""",185 lbs.,"76""",Southpaw,"Jun 05, 1991"
d3d1ff3f3dfa0931,31-5-0,0.00,0%,0.00,0%,,0.00,0%,0%,0.0,"6' 3""",185 lbs.,--,Orthodox,"May 23, 1982"
4ab36d70d1b28b58,4-2-0,5.27,49%,6.93,44%,,0.00,0%,0%,2.0,"6' 2""",155 lbs.,"77""",Southpaw,"Jan 24, 1995"
22e47b53e4ceb27c,23-11-0,1.59,44%,3.64,43%,,0.43,42%,36%,0.1,"6' 0""",185 lbs.,"76""",Orthodox,"Dec 17, 1979"
db1f2ed63b54b9a7,34-10-1 (2 NC),3.02,46%,3.35,53%,,1.69,48%,77%,0.5,"5' 9""",185 lbs.,"71""",Southpaw,"Feb 02, 1978"
6d6b9a6cb063b60d,11-2-0 (1 NC),1.47,62%,2.63,31%,,2.50,21%,60%,0.0,"6' 0""",170 lbs.,"72""",Orthodox,"Apr 03, 1990"
10e04e5e81f391a0,21-37-1,0.00,0%,0.00,0%,,0.00,0%,0%,0.0,--,145 lbs.,--,,"Feb 18, 1978"
989be26791d0aad4,6-1-0,0.00,0%,0.00,0%,,0.00,0%,0%,0.0,"5' 9""",145 lbs.,--,Orthodox,--
4e30e4250cb08b61,10-5-0,3.58,55%,2.45,53%,,1.76,50%,70%,0.1,"5' 1""",115 lbs.,"61""",Orthodox,"Jan 18, 1996"
1497e735d9f2560a,10-5-0 (1 NC),5.46,46%,6.59,52%,,2.53,39%,83%,0.2,"5' 10""",170 lbs.,"74""",Orthodox,"Mar 18, 1993"
1f70dd67ad507990,29-19-0,0.00,0%,0.00,0%,,0.00,0%,0%,0.0,"6' 2""",185 lbs.,--,,"Oct 05, 1979"
8270c00fae24c922,19-3-0,2.37,36%,3.33,53%,,2.50,31%,100%,1.5,"5' 5""",135 lbs.,--,,"Sep 26, 1984"
f166e93d04a8c274,28-8-0,3.79,47%,4.65,46%,,0.82,46%,68%,1.3,"5' 11""",145 lbs.,"72""",Orthodox,"Dec 30, 1994"
0abcf6bc47191219,14-3-0,2.88,43%,4.21,54%,,1.93,21%,100%,0.0,"6' 2""",205 lbs.,"74""",Orthodox,"Apr 24, 1993"
2aa481e98185e261,6-2-0,9.74,41%,14.87,45%,,0.00,0%,0%,0.0,"6' 2""",234 lbs.,"77""",Southpaw,"Feb 17, 1993"
0db9d2486d564a3c,14-3-1,0.90,26%,2.24,65%,,0.00,0%,30%,0.0,"5' 6""",135 lbs.,--,Southpaw,--
6085ceb59087514b,13-6-1,1.39,24%,2.69,62%,,0.00,0%,37%,0.0,"5' 11""",155 lbs.,--,Orthodox,"Jul 30, 1984"
9681e0ce67dc978b,10-6-0,1.78,23%,5.35,30%,,0.00,0%,0%,0.0,"5' 4""",139 lbs.,--,Orthodox,"Jan 04, 1984"
ee624ee2a18f2a43,11-5-0,2.47,59%,2.57,50%,,3.50,41%,81%,0.0,"5' 10""",170 lbs.,--,Orthodox,"Nov 21, 1988"
5148a665aa527865,9-1-0 (1 NC),0.00,0%,0.00,0%,,0.00,0%,0%,0.0,"5' 10""",170 lbs.,--,,"Jan 30, 1986"
2fc7e9701642ca38,10-4-0,3.13,50%,3.73,55%,,3.32,60%,71%,1.3,"5' 7""",135 lbs.,"69""",Southpaw,"Jan 21, 1987"
773f7feacf96153e,10-2-0,4.39,45%,5.18,56%,,0.00,0%,73%,0.3,"5' 10""",135 lbs.,"73""",Switch,"Apr 06, 1994"
93b62c5f2ba18e51,12-6-1,2.48,40%,3.87,57%,,1.74,41%,31%,0.7,"5' 5""",135 lbs.,"67""",Orthodox,"Jun 27, 1989"
e3fc6c1fab298561,7-1-0,0.00,0%,0.00,0%,,0.00,0%,0%,0.0,--,--,--,,"Sep 30, 1999"
92b5f4ee9ff40321,6-2-0,2.00,33%,32.00,11%,,0.00,0%,0%,0.0,"6' 2""",205 lbs.,"77""",Orthodox,"Jan 25, 1997"
1c01e9a0c44e3128,7-1-0,0.00,0%,0.00,0%,,0.00,0%,0%,0.0,--,125 lbs.,--,,"Dec 07, 2000"
b788862dd1c11eac,17-3-0,6.23,63%,6.70,53%,,1.50,30%,92%,0.0,"5' 10""",145 lbs.,"70""",Switch,"Dec 05, 1989"
cbf94e4c4af4ff6d,11-2-0,1.81,40%,4.11,59%,,0.00,0%,0%,2.1,"6' 2""",185 lbs.,--,Orthodox,"Jul 28, 1980"
42ac4020cba261ad,10-2-0,4.73,42%,5.20,52%,,3.00,34%,87%,0.0,"5' 6""",135 lbs.,"68""",Orthodox,"May 18, 1996"
e601d71cf8e5be22,4-1-0,0.00,0%,0.00,0%,,0.00,0%,0%,0.0,--,155 lbs.,--,,--
eea0274e153256a0,18-10-0,2.71,40%,2.36,64%,,1.00,37%,69%,0.3,"5' 8""",145 lbs.,--,Orthodox,"Sep 07, 1983"
ad044be25c94dcfd,11-4-0,0.00,0%,9.43,35%,,0.00,0%,0%,0.0,"6' 3""",205 lbs.,--,Orthodox,"Dec 28, 1979"
28f62d866c59c709,16-7-0 (2 NC),1.88,55%,2.40,53%,,4.47,55%,83%,0.3,"5' 7""",145 lbs.,--,Southpaw,"Oct 31, 1980"
78ac94d54aa7f378,2-1-0,0.00,0%,0.00,0%,,0.00,0%,0%,0.0,--,155 lbs.,--,,--
86248c84834238e7,9-2-0,3.97,34%,4.25,63%,,0.00,0%,0%,0.0,"5' 11""",155 lbs.,"73""",Orthodox,"Dec 12, 1989"
a2d23e684b3db732,8-5-0 (1 NC),3.76,43%,5.51,55%,,2.62,50%,100%,2.6,"5' 9""",145 lbs.,"69""",Orthodox,"Mar 01, 1994"
dc1bfd47c3b21ad3,12-7-0,0.00,0%,0.00,0%,,0.00,0%,0%,0.0,--,125 lbs.,--,,--
96087e90d900f0ef,0-1-0,0.00,0%,0.00,0%,,0.00,0%,0%,0.0,"6' 2""",245 lbs.,--,,--
668222c99c5c311d,15-3-0,1.27,48%,3.93,40%,,1.00,10%,0%,0.0,"6' 1""",205 lbs.,--,,"Dec 27, 1973"
9bdebbf2735d14c2,14-6-0,0.00,0%,0.00,0%,,0.00,0%,0%,0.0,"5' 6""",155 lbs.,--,,--
1b35af4d1529adf6,7-2-1,5.20,42%,3.04,64%,,1.30,71%,80%,0.3,"5' 6""",115 lbs.,"65""",Orthodox,"Dec 16, 1999"
abcf2cc6efc42031,18-6-0,3.22,45%,2.80,62%,,2.28,55%,68%,0.1,"5' 3""",115 lbs.,"66""",Orthodox,"Jan 08, 2002"
84ac950d4c1722dd,21-14-0,4.62,44%,3.05,57%,,0.43,25%,59%,0.1,"5' 10""",170 lbs.,"70""",Orthodox,"Aug 04, 1978"
a1ad35b98a9136e5,8-1-0,3.72,39%,3.32,60%,,5.30,40%,100%,0.0,"5' 7""",135 lbs.,"72""",Orthodox,"Aug 04, 1996"
e26882820f9e8df5,8-3-0,2.48,36%,4.84,40%,,1.18,11%,0%,0.6,"5' 8""",145 lbs.,--,Orthodox,"Jul 24, 1979"
1fd9f744105024a8,12-1-0,3.27,31%,3.00,65%,,0.00,0%,0%,0.0,"5' 7""",125 lbs.,"72""",Orthodox,"Aug 20, 1995"
5b1effb0db45273a,5-3-0,0.65,50%,6.20,17%,,0.00,0%,0%,0.0,"5' 2""",125 lbs.,"62""",Orthodox,"Jul 05, 1999"
faf317c665546a36,8-1-0,4.74,53%,2.76,67%,,2.30,71%,57%,0.9,"5' 9""",135 lbs.,"74""",Orthodox,"Aug 06, 2004"
ce632027bf2a871b,11-6-0,3.07,45%,3.93,52%,,2.14,45%,77%,0.0,"5' 8""",185 lbs.,"76""",Orthodox,"Jul 31, 1987"
4887e5bc4dbb73ff,14-4-0,3.61,66%,7.22,40%,,0.00,0%,0%,0.0,"6' 0""",385 lbs.,--,Orthodox,"Sep 03, 1974"
6d4b63c767106d3a,24-12-1,4.80,50%,5.24,51%,,0.89,48%,59%,0.7,"5' 11""",185 lbs.,"75""",Orthodox,"Nov 27, 1991"
505934897b8b4824,0-1-0,0.00,0%,0.00,0%,,0.00,0%,0%,0.0,"6' 3""",210 lbs.,--,,--
622f015c81a9b13a,10-6-0,0.41,32%,2.42,42%,,1.95,24%,30%,0.7,"5' 11""",185 lbs.,"75""",Orthodox,"May 12, 1973"
12630a4aa0894da8,38-9-0 (1 NC),0.00,0%,0.00,0%,,0.00,0%,0%,0.0,"6' 1""",185 lbs.,"75""",Orthodox,"Nov 05, 1992"
7832f2f62f04178f,12-4-0,3.74,46%,3.25,44%,,1.99,44%,69%,0.2,"5' 8""",145 lbs.,"72""",Orthodox,"Jul 12, 1994"
5a4913108a3b9190,16-6-0,0.00,0%,0.00,0%,,0.00,0%,0%,0.0,"5' 8""",145 lbs.,"67""",Switch,"Jun 25, 1993"
710d93f1508f7104,5-2-0,2.47,25%,7.06,41%,,0.00,0%,0%,0.0,"5' 10""",170 lbs.,--,Orthodox,--
edfe95e3c33a4bf8,17-10-0 (1 NC),1.47,63%,6.95,10%,,0.00,0%,50%,0.0,"5' 10""",155 lbs.,--,Orthodox,"Nov 16, 1977"
91acd6910b802a9e,31-18-5,3.76,45%,3.03,58%,,0.70,55%,55%,2.4,"5' 11""",170 lbs.,"68""",Orthodox,"Aug 18, 1974"
98a6b2361045898f,16-11-3,2.84,41%,4.10,54%,,1.27,53%,33%,0.0,"5' 11""",155 lbs.,"70""",Orthodox,"Sep 09, 1988"
450bacdacd706bcd,7-3-1,0.89,44%,2.98,43%,,0.00,0%,0%,0.0,"5' 7""",155 lbs.,"70""",Orthodox,"Apr 06, 1986"
ed74afc8b5b47a61,9-3-0,4.92,54%,3.96,65%,,1.85,45%,78%,0.0,"5' 11""",170 lbs.,"75""",Orthodox,"Jul 01, 1991"
2be6596a9db33bf5,25-16-0,1.55,52%,2.70,46%,,1.43,16%,35%,2.0,"6' 3""",185 lbs.,"80""",Orthodox,"Jun 03, 1975"
f3388d2cf7ab3f64,5-4-0,1.80,50%,2.04,46%,,7.19,80%,80%,5.4,"6' 3""",205 lbs.,"78""",Orthodox,"Sep 05, 1978"
cbd5d3cdd862e90e,19-4-0,3.75,42%,2.80,62%,,1.77,47%,88%,0.4,"6' 0""",170 lbs.,"76""",Orthodox,"Jul 22, 1989"
35e1f9984ed64206,10-2-0,2.28,29%,6.49,45%,,0.00,0%,0%,0.0,"5' 11""",135 lbs.,"71""",Switch,"Mar 18, 1993"
39831e62d12e7ad1,4-1-0,1.33,52%,1.82,55%,,1.05,33%,37%,0.0,--,170 lbs.,--,,--
8cf90e41646491fd,6-0-0,4.13,43%,2.93,65%,,0.00,0%,50%,1.0,"5' 4""",125 lbs.,--,,--
a1a91dbf41a029c4,8-3-0 (1 NC),2.40,32%,2.87,64%,,0.00,0%,76%,0.0,"5' 4""",115 lbs.,"63""",Orthodox,"May 06, 1996"
89839250eb25c9c1,8-4-1,5.82,53%,2.87,63%,,0.00,0%,82%,0.0,"6' 4""",250 lbs.,"78""",Southpaw,"Jul 20, 1994"
442c9011034ae1fd,17-1-0,4.78,54%,2.86,52%,,0.92,31%,80%,0.4,"6' 3""",170 lbs.,"74""",Orthodox,"Nov 17, 1997"
f7a7f7118d4b01b6,24-8-0,2.59,53%,1.57,61%,,1.21,65%,75%,0.4,"6' 1""",185 lbs.,"74""",Southpaw,"May 30, 1978"
cd7bafbeee1f29a0,14-5-0,2.32,60%,3.17,43%,,1.16,50%,40%,0.0,"5' 11""",170 lbs.,--,Orthodox,"Nov 30, 1981"
dedc3bb440d09554,26-18-0,0.00,0%,0.00,0%,,0.00,0%,0%,0.0,"5' 9""",185 lbs.,--,Switch,"Feb 09, 1969"
e88b83dea18f5d31,4-1-0,0.80,29%,4.60,42%,,2.00,18%,0%,0.0,"5' 4""",115 lbs.,"64""",Southpaw,"Jun 27, 1988"
e25bcbcdaf6537a1,14-6-0,2.51,46%,3.31,66%,,3.17,33%,89%,0.5,"5' 11""",155 lbs.,"73""",Orthodox,"Jun 20, 1978"
68c7ad953455c73f,9-3-1,2.08,52%,0.74,67%,,2.22,25%,80%,0.7,"6' 0""",155 lbs.,"72""",Southpaw,"Nov 12, 1990"
a8d521d913df4e31,5-3-0,0.00,0%,3.35,47%,,0.00,0%,0%,0.0,"6' 0""",170 lbs.,--,Orthodox,--
cc63a5f0089d8ba9,15-5-0,2.31,38%,9.56,50%,,0.00,0%,0%,0.0,"5' 7""",135 lbs.,"71""",Orthodox,"Aug 16, 1990"
7691a80e6ca3e55b,8-2-0,2.46,41%,1.18,81%,,1.32,71%,70%,0.0,"6' 0""",240 lbs.,"72""",Orthodox,"Feb 12, 1980"
da0995f19b749cfa,12-2-0,3.56,49%,3.97,52%,,2.86,66%,62%,0.0,"5' 8""",155 lbs.,"72""",Orthodox,"Sep 23, 1984"
a4bf17bd3ba3423b,35-16-5,2.36,33%,2.55,63%,,2.93,51%,50%,0.7,"5' 7""",139 lbs.,"68""",Southpaw,"Oct 31, 1981"
8bbc0cfc01bc1ba1,13-4-0,4.55,48%,4.38,43%,,2.12,83%,69%,0.4,"5' 10""",155 lbs.,"70""",Orthodox,"Apr 25, 1989"
88a9bc81271ccd89,14-9-0 (1 NC),2.14,24%,3.97,68%,,1.55,44%,66%,0.8,"6' 3""",205 lbs.,"75""",Orthodox,"Jul 02, 1984"
1b583c64c23f0c7f,2-1-0,0.00,0%,0.00,0%,,0.00,0%,0%,0.0,--,145 lbs.,--,,"Jul 30, 1971"
0c5c66ddd1886b83,10-3-0,2.27,40%,2.78,56%,,1.05,15%,58%,1.6,"6' 1""",185 lbs.,"73""",Orthodox,"Dec 14, 1987"
7a613f78dd7ee8f8,13-4-0,1.80,27%,3.37,68%,,0.00,0%,0%,0.5,"5' 9""",155 lbs.,--,Orthodox,"Apr 08, 1981"
8db1b36dde268ef6,1-1-0,0.00,0%,0.00,0%,,0.00,0%,0%,0.0,--,--,--,,--
2015c944226ad2df,6-2-0,0.00,0%,0.00,0%,,0.00,0%,0%,0.0,--,170 lbs.,--,Orthodox,--
bd878a638e0e3be3,11-9-0,1.53,28%,4.92,42%,,0.40,25%,28%,0.4,"5' 1""",115 lbs.,"65""",Orthodox,"Aug 02, 1983"
84b3e7d38f2d2ec5,31-15-0,3.40,46%,2.44,51%,,2.17,39%,55%,0.3,"6' 3""",170 lbs.,"80""",Orthodox,"Aug 03, 1987"
d16373b3568678d4,10-2-0,4.07,41%,4.75,41%,,0.00,0%,0%,0.0,"6' 1""",170 lbs.,"75""",Orthodox,"Jun 10, 1990"
e7e970d508529bf3,22-8-1,0.26,4%,3.86,42%,,0.00,0%,0%,0.0,"6' 0""",250 lbs.,--,Orthodox,"Jun 08, 1975"
7ea1f74cef32f906,20-2-0,4.40,49%,3.05,54%,,0.67,57%,89%,0.2,"5' 9""",155 lbs.,"70""",Orthodox,"Nov 29, 1984"
369e1ce458ef50a6,14-1-0,4.02,47%,1.47,66%,,0.33,100%,88%,0.0,"6' 3""",242 lbs.,"78""",Orthodox,"Nov 26, 1986"
36b8f265bcd1b7a4,29-7-1,3.06,48%,3.34,56%,,2.50,59%,100%,0.6,"6' 2""",185 lbs.,"78""",Orthodox,"Sep 02, 1990"
06734ca9d88dec3a,17-1-0,5.55,62%,3.62,45%,,0.00,0%,73%,0.0,"6' 2""",185 lbs.,"73""",Orthodox,"May 16, 1994"
d436f5d55156a521,11-0-0,4.83,48%,2.07,81%,,5.17,50%,0%,5.2,"5' 9""",145 lbs.,"70""",Orthodox,"Aug 26, 1999"
87aa9fb63d6b51a1,18-1-0,4.89,48%,3.00,64%,,5.22,56%,77%,0.8,"6' 1""",145 lbs.,"73""",Orthodox,"Mar 01, 1991"
1a7745388839e52b,24-9-0,1.41,41%,2.44,65%,,2.80,46%,77%,1.1,"5' 9""",155 lbs.,"69""",Southpaw,"May 19, 1983"
fb0b6593cec84356,10-4-1,1.71,29%,6.92,40%,,2.44,40%,0%,0.0,--,--,--,,--
118463dd8db16e7f,1-2-0,0.00,0%,0.00,0%,,0.00,0%,0%,0.0,--,145 lbs.,--,,--
8c1ca54b5089d199,10-5-0,3.96,31%,5.96,51%,,0.00,0%,47%,0.0,"6' 0""",155 lbs.,"71""",Orthodox,"Dec 01, 1999"
ae58685caf8e4a0d,20-7-1 (1 NC),1.54,85%,3.59,17%,,0.00,0%,0%,3.9,"6' 3""",200 lbs.,--,Orthodox,"Feb 01, 1967"
7a9c1bb08a743d7f,8-3-0,1.53,42%,1.02,63%,,3.83,100%,0%,7.7,"5' 9""",125 lbs.,--,,"Nov 30, 1986"
427b5953ac8e3a27,28-11-0,1.80,43%,2.07,63%,,2.49,24%,61%,1.0,"6' 1""",170 lbs.,"72""",Southpaw,"Nov 06, 1977"
8e1f36476ef02a6a,21-10-1,4.35,38%,4.52,55%,,0.42,27%,58%,0.1,"5' 4""",125 lbs.,"64""",Orthodox,"Oct 06, 1988"
03b1b79b34eaf217,7-1-1,0.60,36%,3.33,43%,,1.00,33%,0%,1.0,"5' 5""",125 lbs.,"66""",Orthodox,"Jul 25, 1990"
b301292b1bc92bdb,6-3-0,0.00,0%,0.00,0%,,0.00,0%,0%,0.0,--,135 lbs.,--,,--
938ad489fb7a1f31,15-2-1,2.87,54%,2.07,61%,,3.67,42%,85%,0.0,"5' 8""",145 lbs.,"68""",Orthodox,"Jan 07, 1989"
c21a036b4e012f1c,18-9-0,5.52,49%,4.15,68%,,0.00,0%,86%,0.0,"5' 8""",155 lbs.,"68""",Orthodox,"May 03, 1985"
275aca31f61ba28c,28-1-0,2.45,58%,1.45,61%,,3.10,56%,91%,1.0,"5' 10""",170 lbs.,"70""",Southpaw,"Oct 27, 1991"
3d481aa374c954a1,0-1-0,1.12,30%,2.24,36%,,2.10,50%,0%,0.0,"5' 6""",195 lbs.,--,Southpaw,"Feb 13, 1970"
57ab4d7c0bc09a30,20-8-0,1.94,43%,2.24,62%,,3.71,30%,56%,0.3,"5' 4""",125 lbs.,"64""",Southpaw,"Apr 19, 1983"
7f1bf0c255ec8756,15-3-0,2.75,27%,4.25,52%,,3.50,31%,85%,0.2,"5' 7""",125 lbs.,"70""",Southpaw,"Feb 02, 1995"
110404b505fb562c,4-2-0,0.00,0%,0.00,0%,,0.00,0%,0%,0.0,"5' 11""",155 lbs.,--,,"Mar 05, 1987"
1fb80f46d3c105d9,23-11-0,5.29,58%,4.31,53%,,0.44,57%,61%,0.6,"6' 1""",205 lbs.,"75""",Orthodox,"Mar 17, 1980"
e5ce754b01f922be,2-4-0 (1 NC),0.87,56%,3.47,43%,,0.00,0%,20%,0.0,"5' 6""",135 lbs.,--,,--
b60c980f79b87ce8,4-1-0,6.84,46%,6.96,62%,,0.00,0%,78%,1.1,"5' 9""",135 lbs.,"74""",Orthodox,"Aug 23, 1991"
d38e8c6ae2dfc051,28-4-0,3.87,34%,3.27,69%,,1.00,33%,0%,0.0,"5' 8""",155 lbs.,--,,"May 16, 1986"
a314687f372b2cec,6-4-0,0.00,0%,0.00,0%,,0.00,0%,0%,0.0,"5' 11""",200 lbs.,--,Orthodox,"Jan 25, 1970"
d4270315cbcf2569,10-3-0,4.23,56%,2.33,55%,,5.39,42%,55%,0.8,"5' 9""",185 lbs.,"73""",Orthodox,"Aug 26, 1995"
dd6103dd7127db1d,14-2-1,4.02,48%,3.09,56%,,1.63,50%,57%,0.7,"6' 1""",170 lbs.,"73""",Orthodox,"Nov 07, 1991"
eefc73b53d4a05d7,0-0-0,0.00,0%,0.00,0%,,0.00,0%,0%,0.0,--,--,--,,--
725a834930c2b5bf,3-2-0,3.52,56%,4.71,63%,,3.10,66%,57%,0.0,"5' 9""",170 lbs.,--,Orthodox,"Feb 01, 1980"
6e9f40c706f91f32,16-3-0,3.14,50%,3.88,42%,,0.68,75%,80%,0.7,"5' 10""",125 lbs.,"72""",Orthodox,"Jun 27, 1991"
9297ce6eee046f7a,0-3-0,1.94,33%,4.52,46%,,19.35,50%,100%,0.0,--,155 lbs.,--,,--
1c0ffc63d8ec8f45,15-3-0,0.00,0%,0.00,0%,,0.00,0%,0%,0.0,"5' 7""",135 lbs.,--,,--
122ae3b34275fbb2,9-1-0,1.36,54%,0.27,76%,,0.00,0%,33%,1.6,"5' 8""",145 lbs.,"69""",Switch,"Aug 19, 2003"
e5767ed355a937c2,30-14-1 (2 NC),3.52,48%,2.64,51%,,0.33,25%,78%,0.0,"5' 9""",185 lbs.,--,Orthodox,"May 11, 1976"
b6c6d1731ff00eeb,2-4-0,1.58,54%,5.79,15%,,0.00,0%,0%,0.0,"5' 5""",154 lbs.,--,Southpaw,"Dec 27, 1976"
a0602dd050bebefc,9-4-0,1.13,20%,4.33,45%,,1.00,7%,20%,0.0,"6' 1""",170 lbs.,--,Orthodox,"Jul 07, 1986"
0eef1bf99afd4ff2,12-5-0,3.18,70%,0.66,57%,,1.64,100%,60%,0.0,"6' 1""",170 lbs.,--,,--
b6203e0492a9336c,6-3-0,1.47,41%,5.08,31%,,1.90,33%,25%,0.4,"5' 0""",115 lbs.,"64""",Southpaw,"Mar 05, 1993"
e192ebb85b68fa9e,8-4-0,4.69,62%,4.76,55%,,0.00,0%,76%,0.0,"6' 1""",155 lbs.,"73""",Orthodox,"Nov 19, 1992"
a23e63184c65f5b8,9-7-2,2.53,40%,2.67,66%,,1.00,20%,100%,0.0,"5' 9""",135 lbs.,--,Orthodox,"Jul 21, 1987"
1e1dbd1cc5a7469e,17-6-0,3.43,54%,3.97,49%,,0.53,18%,70%,0.4,"6' 1""",205 lbs.,"79""",Orthodox,"Feb 18, 1980"
530af2900b5a1693,9-3-0,3.43,56%,2.31,44%,,1.84,50%,62%,0.3,"5' 11""",155 lbs.,"75""",Orthodox,"Mar 19, 2000"
ff4c3ab594c7fac3,13-6-0,2.56,33%,3.61,58%,,0.44,11%,20%,0.9,"5' 9""",155 lbs.,"72""",Orthodox,"Dec 03, 1977"
850266b3dc4e506e,18-1-0 (1 NC),4.90,53%,3.79,61%,,1.35,52%,85%,0.1,"5' 7""",135 lbs.,"69""",Orthodox,"Mar 07, 1993"
b35ba64b6a2bbcb3,37-7-0 (2 NC),3.20,53%,3.98,52%,,2.32,27%,33%,2.3,"5' 5""",125 lbs.,--,Orthodox,"Jan 04, 1982"
72e5e5a6edfa8223,6-6-0,0.25,27%,2.11,43%,,0.00,0%,28%,0.0,"6' 1""",155 lbs.,"76""",Switch,"Oct 12, 1986"
23a6e307077c6ccc,10-4-0,1.43,33%,3.00,50%,,2.50,38%,60%,1.0,"5' 10""",170 lbs.,--,,"Sep 02, 1986"
e0c6edcb5b5d0b90,18-7-0 (1 NC),4.14,55%,2.66,52%,,2.34,39%,59%,0.2,"5' 7""",145 lbs.,"69""",Orthodox,"Oct 27, 1992"
bd21a1e3d41c97ee,17-5-0,2.17,53%,2.43,45%,,3.13,40%,100%,0.5,"6' 1""",185 lbs.,"75""",Orthodox,"Apr 21, 1988"
23a16ebe733e3041,17-6-0,1.98,21%,10.27,45%,,0.00,0%,0%,0.0,"6' 0""",170 lbs.,"71""",Orthodox,"Mar 25, 1982"
4a57ebb14315b251,11-12-1,2.97,43%,3.10,58%,,1.12,28%,52%,0.2,"5' 4""",115 lbs.,"63""",Orthodox,"Aug 10, 1985"
c7be22a47a58365a,8-9-0,5.00,58%,3.00,64%,,7.50,100%,0%,0.0,"5' 7""",125 lbs.,"69""",Orthodox,"Nov 08, 1985"
d7fe8c6b7d2872e5,8-3-0,0.41,50%,5.70,28%,,0.00,0%,0%,0.0,"5' 9""",145 lbs.,"70""",Orthodox,"Jan 12, 1996"
a8e6a69796280f17,35-19-2,2.71,49%,2.32,55%,,1.87,51%,70%,0.8,"6' 0""",185 lbs.,"74""",Orthodox,"Apr 20, 1979"
687c15b2eddfaa63,11-4-0,1.44,79%,2.52,52%,,3.93,28%,0%,0.8,"6' 6""",205 lbs.,"77""",Orthodox,"Dec 26, 1985"
d0e1b42d41dab603,9-6-0,5.06,45%,5.35,50%,,0.00,0%,54%,2.6,"6' 2""",185 lbs.,"72""",Orthodox,"May 08, 1990"
aa03a3ca00ac6827,16-6-0 (1 NC),0.84,34%,2.04,54%,,3.21,36%,36%,0.9,"6' 0""",205 lbs.,"73""",Orthodox,"Jan 26, 1981"
e8efeb9cf33b1941,3-2-0,0.00,0%,0.00,0%,,0.00,0%,0%,0.0,--,--,--,,--
b6b12014698cc345,8-7-0,0.83,42%,2.23,40%,,0.43,100%,54%,0.4,"6' 0""",265 lbs.,--,Orthodox,"Sep 15, 1970"
4c91eb190d5e0dd9,5-7-0,0.00,0%,0.00,0%,,0.00,0%,0%,0.0,--,--,--,,--
a08d909a5be6f410,10-4-0,1.93,27%,2.39,67%,,0.47,33%,79%,0.9,"6' 2""",205 lbs.,"77""",Orthodox,"Jul 07, 1980"
0c1773639c795466,18-8-0,6.99,46%,4.02,60%,,0.00,0%,66%,2.4,"5' 10""",205 lbs.,--,Orthodox,"Sep 09, 1975"
0a2813f89a758ff7,8-4-0,0.00,0%,0.00,0%,,0.00,0%,0%,0.0,"6' 2""",170 lbs.,--,,"Aug 24, 1984"
5d495dec23d7c68e,10-3-0,3.19,34%,3.45,55%,,2.71,47%,88%,0.5,"5' 9""",155 lbs.,"72""",Orthodox,"Mar 03, 1999"
045f25b3a4c08e81,23-10-0,2.74,25%,4.19,56%,,0.00,0%,20%,0.0,"6' 0""",185 lbs.,"73""",Orthodox,"Dec 19, 1989"
6a92caba39b64752,23-11-0,2.82,43%,3.13,54%,,3.10,42%,92%,0.0,"5' 8""",185 lbs.,"71""",Orthodox,"Oct 10, 1980"
abbc4fc02e0d84b3,0-1-0,0.00,0%,0.00,0%,,0.00,0%,0%,0.0,--,--,--,,--
3da19339ee7051d5,4-3-0,0.00,0%,0.00,0%,,0.00,0%,0%,0.0,"6' 0""",185 lbs.,--,,--
92c96df8bdab5fea,0-2-0,0.00,0%,0.00,0%,,0.00,0%,0%,0.0,"6' 0""",205 lbs.,--,,--
325550dab63fb25a,6-8-0,0.73,40%,2.40,45%,,0.00,0%,16%,0.0,"5' 9""",170 lbs.,--,,--
5331b25a60417ffb,17-6-0,2.68,37%,2.59,58%,,0.71,27%,68%,1.0,"6' 0""",170 lbs.,"73""",Orthodox,"Dec 11, 1989"
19b7738321cfae42,7-5-0,4.42,48%,6.64,55%,,2.28,43%,25%,0.3,"5' 4""",115 lbs.,"63""",Orthodox,"Jan 29, 1994"
9acf42aebe9bb895,7-1-0,2.45,53%,4.29,51%,,0.00,0%,0%,0.0,"6' 2""",230 lbs.,--,Southpaw,"Apr 19, 1990"
e3b30b573e7f0d19,17-2-0,8.80,58%,9.30,47%,,2.00,33%,100%,0.0,"5' 8""",135 lbs.,"71""",Orthodox,"Aug 20, 1995"
577ec7e108b94be3,0-2-0,0.00,0%,0.00,0%,,0.00,0%,0%,0.0,"6' 0""",199 lbs.,--,Orthodox,--
8a9c6c4301f6d088,21-8-0,2.73,28%,3.77,63%,,3.00,45%,36%,0.0,"5' 6""",125 lbs.,"67""",Orthodox,"Jun 14, 1985"
feffee4fc6da3aa3,42-20-1,3.07,27%,7.33,52%,,0.00,0%,0%,0.0,"5' 10""",155 lbs.,--,,"Apr 22, 1984"
76729a829623e266,9-4-0,2.79,25%,4.01,60%,,0.00,0%,80%,0.0,"5' 7""",155 lbs.,"69""",Southpaw,"Aug 07, 1983"
f2477cf43c4975cc,19-6-0,4.44,49%,4.09,56%,,0.38,35%,68%,0.1,"5' 8""",135 lbs.,"70""",Southpaw,"Apr 20, 1994"
8851bb0418d27d28,29-11-0,2.88,50%,2.16,51%,,1.54,33%,50%,9.2,"5' 9""",145 lbs.,--,,"Aug 19, 1983"
f8c2aba4815876b5,9-6-0,3.40,31%,2.30,47%,,1.50,50%,0%,0.0,"5' 9""",215 lbs.,--,,--
c0386644627a7ee5,10-4-0,4.33,48%,4.94,50%,,0.72,42%,25%,0.5,"5' 10""",135 lbs.,"70""",Orthodox,"Mar 25, 1996"
3e708ce33b6b18e6,13-7-0,7.53,51%,7.75,52%,,0.67,33%,80%,0.0,"5' 7""",155 lbs.,"70""",Orthodox,"Jul 17, 1991"
2c5a0b8317f8f27a,15-8-2,3.28,53%,4.90,56%,,0.38,50%,53%,0.4,"5' 10""",250 lbs.,"72""",Orthodox,"Mar 04, 1986"
3f4c3bc822bea45d,8-2-0,3.78,47%,5.21,53%,,0.35,50%,50%,0.0,"5' 2""",115 lbs.,"66""",Southpaw,"Aug 18, 1997"
f77afa72da84c9a8,8-0-0,2.53,44%,3.60,41%,,5.00,45%,100%,0.0,"5' 1""",115 lbs.,"62""",Orthodox,"Sep 14, 2004"
9a97acbfd5a08bfa,14-1-0,4.82,46%,2.90,69%,,0.60,25%,100%,0.0,"5' 5""",135 lbs.,"67""",Orthodox,"Aug 03, 1998"
563d051c9e769b24,9-8-0 (1 NC),1.91,37%,5.43,42%,,2.20,100%,100%,0.0,"6' 7""",390 lbs.,--,Orthodox,"May 19, 1978"
7dcf06c1967801c1,28-9-0,1.80,38%,2.14,65%,,0.83,80%,81%,0.4,"5' 10""",155 lbs.,"72""",Southpaw,"Dec 16, 1982"
7413b80dbb0f8f9f,19-3-0,2.87,35%,4.14,60%,,0.00,0%,76%,0.5,"6' 0""",145 lbs.,"72""",Southpaw,"Nov 11, 1988"
69d3fa376ff2595e,1-1-0,0.00,0%,0.00,0%,,0.00,0%,0%,0.0,--,155 lbs.,--,,--
a17322f99ddfd8e9,16-10-0,1.42,21%,4.40,47%,,1.60,33%,14%,0.0,"6' 1""",170 lbs.,"75""",Orthodox,"Apr 20, 1982"
c046100aea0dba9a,12-9-1,1.40,63%,0.27,55%,,0.00,0%,54%,0.0,"5' 7""",139 lbs.,--,Orthodox,"Apr 24, 1983"
aa1a873d05acc7eb,11-7-0,3.83,41%,2.23,53%,,4.79,33%,100%,0.0,"5' 11""",155 lbs.,"72""",Orthodox,"Jul 19, 1992"
6dedfe07640a9acc,3-1-0,0.68,20%,3.88,15%,,0.00,0%,100%,0.0,"6' 0""",205 lbs.,"74""",Southpaw,"Jun 07, 1996"
5b2d7906aa894274,13-9-0,2.08,45%,3.59,54%,,2.74,24%,50%,1.4,"6' 2""",185 lbs.,"73""",Southpaw,"Nov 01, 1982"
883922e5cd6d8473,26-9-0,1.91,54%,2.62,55%,,0.67,15%,50%,0.7,"5' 10""",145 lbs.,"72""",Orthodox,"Sep 12, 1984"
ca743f96dd2063d5,2-1-0,3.53,62%,2.58,50%,,3.06,60%,0%,0.0,"5' 3""",115 lbs.,"65""",Orthodox,"Jul 31, 1994"
47b9e0e7703a4868,35-17-0,4.05,47%,3.05,64%,,1.38,59%,72%,0.3,"5' 11""",170 lbs.,"74""",Orthodox,"Nov 12, 1984"
eec3fe66a8b11a26,8-3-0,7.84,46%,6.70,58%,,0.00,0%,0%,0.0,"5' 8""",205 lbs.,"67""",Orthodox,"Feb 23, 1994"
3a524c6700addc24,13-8-0,3.20,34%,3.43,69%,,0.00,0%,16%,0.0,"5' 7""",125 lbs.,--,Orthodox,"Feb 27, 1986"
4c33b3d37955aa85,8-1-0,1.83,51%,2.67,52%,,1.50,37%,0%,0.5,"5' 3""",115 lbs.,"64""",Orthodox,"Dec 15, 1994"
cd42bbe8887bba90,13-29-7,0.84,45%,1.69,55%,,1.83,30%,43%,0.4,"5' 9""",200 lbs.,--,Orthodox,"Dec 05, 1972"
56cc76c55cee8410,6-1-0,0.00,0%,0.00,0%,,0.00,0%,0%,0.0,"5' 6""",125 lbs.,"65""",Orthodox,"Sep 08, 1999"
2fb6f197d1fbc779,15-3-1,1.90,26%,3.50,31%,,0.00,0%,0%,0.0,"5' 7""",145 lbs.,--,,"Mar 07, 1986"
ffd3224638c01b57,18-2-0,5.35,38%,5.29,49%,,2.85,42%,56%,0.5,"5' 6""",135 lbs.,"68""",Orthodox,"Sep 09, 1999"
5ad226da6c74a48e,13-6-0,2.70,47%,2.83,59%,,9.00,52%,33%,0.0,"5' 7""",145 lbs.,"66""",Orthodox,"Oct 08, 1992"
990060b2a68a7b82,12-16-11,3.30,32%,2.20,63%,,1.50,100%,0%,0.0,"5' 6""",155 lbs.,--,Orthodox,"Mar 31, 1976"
18e4f61f16f458c6,8-7-0,5.11,52%,4.96,51%,,0.00,0%,100%,0.0,"5' 11""",185 lbs.,--,,"Jan 23, 1988"
a845f0735bc67405,23-8-0,3.36,44%,2.58,60%,,1.36,41%,66%,0.7,"5' 11""",170 lbs.,"73""",Orthodox,"Aug 19, 1994"
36e78278a77006d4,7-4-0,4.82,43%,6.06,55%,,3.24,55%,46%,0.7,"5' 8""",145 lbs.,"71""",Switch,"May 31, 1992"
6e2b1d631832921d,5-4-0,0.00,0%,3.53,0%,,0.00,0%,0%,0.0,--,185 lbs.,--,Orthodox,--
c933d423ebdbbbdb,1-4-0,0.00,0%,0.00,0%,,0.00,0%,0%,0.0,"6' 2""",400 lbs.,--,Orthodox,--
d3b5ad3b15a64a18,0-1-0,0.00,0%,0.00,0%,,0.00,0%,0%,0.0,--,--,--,,--
ccdd90bd1fc7dab6,27-8-0,1.90,44%,1.62,59%,,3.25,46%,70%,0.1,"6' 0""",205 lbs.,"74""",Orthodox,"Jan 04, 1971"
f29a6350c69f4a33,17-6-0,3.22,44%,2.25,61%,,2.16,40%,45%,0.4,"5' 3""",125 lbs.,"65""",Southpaw,"Jul 01, 1997"
12585614e0ed2626,8-2-0,1.93,45%,2.64,46%,,4.16,45%,35%,0.2,"6' 0""",185 lbs.,"76""",Southpaw,"Dec 23, 1997"
a16ce18149021139,7-4-0,2.07,60%,2.40,53%,,0.00,0%,50%,1.0,"5' 8""",145 lbs.,--,Orthodox,"Dec 16, 1978"
c32fdfe75cda5b22,13-10-0 (1 NC),0.00,0%,0.00,0%,,0.00,0%,0%,0.0,"6' 1""",185 lbs.,--,,"Oct 23, 1986"
2c6e81426dd7573c,9-3-0,1.52,38%,3.29,33%,,0.91,33%,20%,0.0,"6' 8""",255 lbs.,--,Switch,"Apr 14, 1981"
1a9480fc288e55d7,11-9-0 (1 NC),3.22,43%,3.61,46%,,0.59,38%,46%,0.0,"6' 6""",260 lbs.,"81""",Orthodox,"Jan 16, 1992"
7d96bc577e5178b2,13-7-1 (1 NC),1.92,32%,2.64,66%,,2.91,47%,81%,0.7,"5' 9""",155 lbs.,"70""",Orthodox,"May 09, 1979"
1b41c21d947d6f2f,0-1-0,1.92,34%,3.20,63%,,3.20,60%,0%,2.1,"5' 7""",125 lbs.,--,,--
016a8d958883167c,7-6-0,3.73,50%,3.52,50%,,4.34,52%,33%,0.2,"5' 6""",125 lbs.,"68""",Southpaw,"Aug 19, 1988"
70d2329a92864fdb,9-4-0,6.10,43%,4.35,57%,,0.65,80%,59%,0.2,"5' 7""",125 lbs.,"70""",Orthodox,"Mar 25, 1997"
7b3c13fe33556a21,4-1-0,1.83,44%,0.75,65%,,3.23,50%,0%,0.0,"6' 3""",205 lbs.,"75""",Orthodox,"Sep 23, 1997"
7e7d81bf162a5ec1,14-7-0,0.00,0%,1.33,50%,,0.00,0%,0%,0.0,"5' 8""",155 lbs.,--,Orthodox,"Aug 23, 1983"
ef6f45095119d416,1-3-0,2.56,83%,1.03,50%,,0.00,0%,33%,7.7,--,--,--,Orthodox,--
443f60bec7c3c3d5,8-3-0,4.08,48%,5.85,40%,,1.85,42%,30%,1.2,"6' 1""",155 lbs.,--,Orthodox,"Mar 09, 1986"
701e057d63c124d9,13-5-1,3.59,39%,3.25,67%,,2.08,30%,88%,0.0,"5' 5""",125 lbs.,"64""",Orthodox,"May 07, 1984"
51018a31ddf31eb2,14-8-0,5.28,49%,4.65,62%,,1.78,36%,38%,0.5,"5' 4""",115 lbs.,"62""",Orthodox,"May 04, 1990"
da97d6c97d09c030,10-5-0,0.18,12%,4.03,56%,,2.67,60%,0%,2.7,"5' 10""",185 lbs.,"71""",Orthodox,"Aug 06, 1980"
9508cc6184cb2450,11-4-1,2.92,46%,3.05,45%,,0.64,100%,68%,0.0,"6' 0""",185 lbs.,"77""",Southpaw,"May 09, 1990"
008dc37cca279def,17-7-0,0.85,44%,2.48,52%,,2.12,40%,33%,4.2,"6' 7""",265 lbs.,"81""",Orthodox,"Jul 17, 1976"
2a9f9db24cd032ba,9-2-0,6.93,51%,4.53,60%,,6.00,42%,50%,2.0,"5' 4""",125 lbs.,"62""",Southpaw,"Mar 15, 1990"
b43620395f655046,7-1-0,6.20,55%,2.47,53%,,1.00,50%,0%,0.0,"6' 3""",185 lbs.,"73""",Switch,"Dec 09, 1997"
e431ed30fc027c77,8-1-0,0.00,0%,0.00,0%,,0.00,0%,0%,0.0,--,155 lbs.,--,,"Sep 07, 2001"
baed16f18348908e,8-5-0,2.69,45%,2.57,54%,,2.88,55%,38%,0.0,"6' 0""",170 lbs.,"76""",Orthodox,"Sep 24, 1981"
eff47295daf721a6,14-5-0,2.07,49%,1.60,46%,,2.28,50%,33%,2.5,"6' 4""",185 lbs.,"76""",Switch,"Nov 05, 1986"
11e3fd7546359fc5,19-8-0,2.47,36%,2.84,59%,,0.46,100%,68%,0.0,"5' 9""",155 lbs.,"69""",Orthodox,"May 26, 1977"
75f871836d41f90f,11-5-2,1.58,37%,2.02,46%,,1.28,44%,43%,0.0,"6' 1""",225 lbs.,"73""",Orthodox,"Feb 18, 1976"
5cafbc97dba2e797,28-10-0,1.64,44%,1.98,56%,,0.93,50%,50%,1.4,"6' 3""",185 lbs.,"75""",Southpaw,"May 03, 1983"
d52ef694108f8235,1-1-0,0.00,0%,0.40,50%,,0.00,0%,0%,0.0,"5' 11""",205 lbs.,--,Orthodox,"Feb 06, 1965"
08ae3100bf2100ed,1-0-0,0.00,0%,0.00,0%,,0.00,0%,0%,0.0,--,--,--,,--
d0314416a7f26527,17-4-0,2.69,42%,2.76,57%,,1.09,66%,52%,1.4,"5' 9""",135 lbs.,"70""",Orthodox,"Jan 15, 1991"
b507a76087e3ed9f,9-5-0 (1 NC),0.80,57%,3.40,33%,,9.00,50%,0%,0.0,--,185 lbs.,--,,--
a3f8356ace5e3eb5,2-1-0,5.10,45%,4.00,43%,,0.00,0%,100%,1.0,"5' 7""",115 lbs.,--,,"Aug 13, 1991"
49c29e57d4e2be6f,6-4-0,4.59,26%,12.79,41%,,0.00,0%,0%,0.0,"6' 6""",205 lbs.,--,Orthodox,"Jan 04, 1980"
1fd4fbdcc67de844,12-7-0,5.13,51%,4.56,52%,,1.42,100%,56%,0.7,"6' 0""",185 lbs.,"72""",Southpaw,"Jul 27, 1978"
e4e0993befecdaf8,12-2-0,1.28,48%,1.92,50%,,0.51,100%,0%,2.5,"6' 6""",205 lbs.,--,,"Oct 04, 1982"
d90b630e0561818b,13-5-0,2.20,29%,2.31,59%,,0.65,25%,83%,0.0,"6' 10""",265 lbs.,--,Orthodox,"Nov 20, 1976"
523fa774700d7d3f,23-14-0,4.50,36%,3.65,60%,,1.78,24%,70%,0.5,"5' 11""",170 lbs.,"75""",Orthodox,"Dec 12, 1984"
c0ac37a4a1133da9,11-2-0,5.44,43%,3.64,56%,,0.24,11%,90%,0.2,"5' 8""",135 lbs.,"69""",Orthodox,"May 07, 1990"
1f9c371c93dfd3a9,12-0-1,1.27,20%,2.20,52%,,0.00,0%,44%,0.0,"5' 11""",170 lbs.,--,,"Sep 27, 1986"
856ec65948b7d234,13-7-0,2.22,29%,2.22,57%,,0.00,0%,0%,0.0,"6' 0""",185 lbs.,--,Orthodox,"Jan 17, 1980"
237187ed9f419285,1-4-0,0.00,0%,0.00,0%,,0.00,0%,0%,0.0,--,--,--,Orthodox,--
f4c49976c75c5ab2,22-6-0,5.32,49%,4.66,54%,,0.67,55%,66%,0.1,"5' 9""",155 lbs.,"74""",Southpaw,"Jul 14, 1988"
00a905a4a4a2b071,6-4-0,0.79,30%,1.36,41%,,5.09,50%,0%,0.0,"5' 10""",155 lbs.,--,Orthodox,"Apr 21, 1980"
3414b50b08a10600,29-6-2,1.37,45%,0.74,74%,,1.47,33%,57%,0.0,"5' 8""",155 lbs.,--,Southpaw,"Mar 12, 1970"
f3ec0214794a699e,8-0-0,2.75,32%,0.92,80%,,11.01,100%,100%,11.0,"5' 10""",145 lbs.,--,,--
f748267c4ab6c127,14-7-1,4.71,40%,7.15,47%,,0.00,0%,47%,0.0,"6' 2""",170 lbs.,"78""",Orthodox,"Sep 10, 1995"
3351aa64aa83c4d9,8-4-0,2.94,38%,3.68,46%,,2.00,47%,75%,0.4,"5' 3""",115 lbs.,"58""",Orthodox,"Jul 11, 1999"
9ca265dfe8323db3,14-9-0,1.37,54%,2.96,44%,,0.00,0%,28%,2.1,"6' 0""",185 lbs.,"74""",Orthodox,"Jul 21, 1982"
7be63795363029e8,16-10-0,1.74,34%,2.50,67%,,2.50,25%,14%,2.5,"6' 0""",155 lbs.,"72""",Switch,"Dec 16, 1987"
809bd1a871491508,18-8-0,6.53,55%,3.45,43%,,3.31,40%,72%,2.1,"5' 10""",155 lbs.,"73""",Switch,"Sep 15, 1994"
6488729da7ac1c79,6-2-0,0.00,0%,0.00,0%,,0.00,0%,0%,0.0,"5' 9""",155 lbs.,--,,"May 12, 1984"
8336d7a85ce45481,6-7-0,0.00,0%,0.00,0%,,0.00,0%,0%,0.0,"5' 5""",145 lbs.,--,,"Jun 03, 1977"
f215cfbd4ba3c270,13-6-0,3.56,54%,2.94,45%,,1.15,22%,34%,0.9,"6' 1""",185 lbs.,"72""",Southpaw,"Sep 01, 1982"
7be74a12d7352df2,13-6-0,2.26,46%,1.92,47%,,4.38,65%,50%,0.5,"5' 6""",135 lbs.,"66""",Orthodox,"Sep 24, 1980"
6b0a6def604de298,10-0-0,9.87,53%,5.54,58%,,0.00,0%,83%,0.0,"6' 0""",145 lbs.,"74""",Orthodox,"Dec 15, 1997"
cac08b8685387ca5,15-15-0,3.94,55%,4.33,42%,,0.52,33%,100%,1.1,"6' 4""",230 lbs.,"77""",Switch,"Oct 24, 1980"
acd8a53f7c0ce85e,3-0-0,0.00,0%,0.00,0%,,0.00,0%,0%,0.0,--,--,--,,--
3eeec2f53cebdf12,7-2-0,6.51,69%,3.37,23%,,0.00,0%,0%,1.2,"6' 4""",185 lbs.,"77""",Southpaw,"Mar 25, 1999"
7b03d9df5910917d,15-37-0,3.36,77%,0.00,0%,,0.00,0%,100%,21.6,"6' 1""",185 lbs.,--,,"Jan 14, 1983"
4b47e71384a9522f,33-17-1 (1 NC),5.04,49%,3.65,60%,,1.14,40%,64%,0.2,"6' 2""",170 lbs.,"75""",Orthodox,"Feb 20, 1984"
813550bc53b15fb0,15-8-0 (1 NC),4.36,37%,5.67,47%,,0.33,50%,73%,0.7,"5' 10""",155 lbs.,"75""",Orthodox,"Sep 07, 1987"
2937cb502dda0808,19-10-0,3.64,44%,5.00,47%,,0.00,0%,0%,0.0,"5' 6""",145 lbs.,--,Orthodox,"May 01, 1988"
263af068bd986548,8-5-0,2.06,70%,0.29,83%,,4.41,100%,0%,4.4,"5' 3""",115 lbs.,--,,--
e2be0c1a9b886d92,11-1-1,5.46,58%,4.58,52%,,0.23,8%,82%,0.0,"5' 10""",155 lbs.,"69""",Orthodox,"Nov 30, 1996"
681399317dbf4701,13-3-0,5.59,60%,3.42,56%,,0.34,50%,55%,0.0,"6' 1""",170 lbs.,"71""",Southpaw,"Apr 25, 1993"
b60391da771deefe,11-9-0 (1 NC),0.00,0%,0.00,0%,,0.00,0%,0%,0.0,"5' 10""",193 lbs.,--,Southpaw,"Apr 30, 1970"
f53fb9d9e57cc38e,21-15-1,0.00,0%,0.00,0%,,0.00,0%,0%,0.0,"5' 9""",180 lbs.,--,,--
103b06d8707895a9,9-5-1 (1 NC),2.52,39%,2.53,38%,,0.25,33%,47%,1.0,"5' 11""",170 lbs.,"74""",Switch,"Aug 20, 1988"
27c59ac201539d10,1-1-0,0.71,42%,4.47,38%,,7.06,25%,0%,0.0,"6' 5""",265 lbs.,"75""",Orthodox,"Apr 05, 1994"
6ac9bc2953c47345,37-22-0,2.95,45%,3.44,53%,,1.70,29%,40%,1.5,"6' 1""",185 lbs.,"77""",Southpaw,"Dec 18, 1987"
c0a93b52096b7682,2-3-0,1.14,21%,5.32,54%,,0.00,0%,0%,0.0,"5' 10""",185 lbs.,--,Southpaw,--
6c7dafd03b6cc3f8,19-9-0,1.93,14%,4.53,48%,,1.00,16%,0%,0.0,"6' 4""",205 lbs.,--,,"May 30, 1985"
41dca66f9dadfc86,3-5-0,0.33,12%,7.29,24%,,0.00,0%,0%,0.0,--,205 lbs.,--,Orthodox,--
2aa49b3766a59bcd,31-12-0,3.35,44%,2.55,69%,,1.56,58%,66%,0.2,"6' 0""",170 lbs.,"73""",Orthodox,"Oct 10, 1989"
6eae26c44e505775,3-1-0,3.49,62%,6.98,50%,,0.00,0%,0%,0.0,"6' 1""",170 lbs.,--,,--
eee7dafac7d672b5,7-3-0,4.18,49%,3.64,64%,,2.02,100%,66%,0.0,"5' 8""",170 lbs.,--,Orthodox,"May 28, 1982"
2b06b6ad5db63348,25-25-0,0.84,26%,0.56,63%,,0.00,0%,25%,0.0,"5' 11""",155 lbs.,--,Southpaw,"Mar 24, 1983"
aa5b4eff51bdc7d1,22-8-0,3.44,33%,2.53,63%,,1.64,41%,71%,0.2,"5' 9""",145 lbs.,"73""",Orthodox,"Apr 12, 1982"
64b8561624d3b15e,11-0-0,0.00,0%,0.00,0%,,0.00,0%,0%,0.0,"5' 6""",155 lbs.,--,,"Aug 08, 1997"
672ef06fd9f41f7d,1-0-0,0.00,0%,0.00,0%,,0.00,0%,0%,0.0,"5' 7""",170 lbs.,--,Southpaw,--
8a028648f3f0761d,11-8-0,0.86,35%,3.94,50%,,0.00,0%,0%,0.0,"5' 5""",155 lbs.,--,Southpaw,"Jun 28, 1975"
9b7dfb3b7d99926a,11-8-0,3.48,30%,6.13,59%,,0.00,0%,71%,0.0,"5' 5""",135 lbs.,"65""",Orthodox,"Mar 27, 1988"
3795fca327cbcf23,18-13-0,1.34,47%,6.85,22%,,2.51,50%,100%,0.0,"6' 3""",205 lbs.,"77""",Southpaw,"Apr 19, 1981"
b5b684eac99ae0a3,18-5-0,2.78,49%,2.35,67%,,4.13,55%,100%,0.3,"5' 6""",145 lbs.,"66""",Orthodox,"May 01, 1985"
3d5b1ce6097dbb49,6-2-0,2.42,34%,3.91,56%,,1.75,33%,80%,0.0,"5' 6""",135 lbs.,"65""",Orthodox,"Mar 03, 1983"
49e49b54e5901d0d,8-3-1 (1 NC),1.71,33%,3.43,11%,,0.00,0%,0%,0.0,"5' 10""",185 lbs.,--,,"Jan 16, 1984"
48812daf291a4e23,10-3-0,1.66,40%,4.14,30%,,2.54,27%,55%,0.4,"5' 6""",125 lbs.,"71""",Orthodox,"Jan 17, 1999"
28200bc87367614f,0-1-0,0.00,0%,0.00,0%,,0.00,0%,0%,0.0,--,155 lbs.,--,,--
2d85fcb4468c30d7,23-8-0,3.47,50%,2.67,53%,,3.00,100%,100%,0.0,"5' 4""",115 lbs.,"62""",Orthodox,"Mar 29, 1996"
869d68b5383131fd,13-0-0,0.00,0%,0.00,0%,,0.00,0%,0%,0.0,"5' 7""",125 lbs.,"68""",Southpaw,"Feb 15, 1988"
a495f599e787614f,18-6-1,3.84,53%,3.81,51%,,0.48,31%,78%,0.2,"6' 0""",205 lbs.,"76""",Orthodox,"Oct 18, 1987"
5755960ebd0b16f6,25-12-0,2.78,37%,2.76,65%,,0.56,28%,38%,1.0,"5' 6""",145 lbs.,"64""",Orthodox,"May 30, 1982"
275cafc9de131c83,45-17-2,1.84,44%,1.99,42%,,0.46,50%,57%,2.5,"5' 10""",170 lbs.,--,Orthodox,"Jul 29, 1974"
3bc27ec15facbcf3,9-13-2 (1 NC),0.00,0%,9.51,42%,,0.00,0%,0%,0.0,"5' 11""",185 lbs.,--,Orthodox,"Dec 06, 1977"
36120738148f203f,3-3-0,0.00,0%,0.00,0%,,0.00,0%,0%,0.0,"6' 2""",185 lbs.,--,,"May 17, 1982"
c1135a6892e916db,5-3-0,2.63,50%,2.11,55%,,7.89,100%,100%,7.9,"6' 2""",170 lbs.,--,,--
2f6dc878d653c442,0-0-0,0.00,0%,0.00,0%,,0.00,0%,0%,0.0,--,--,--,,--
e82d5f54daa85a7e,7-2-0,1.53,58%,0.73,66%,,0.00,0%,68%,0.0,"6' 0""",170 lbs.,--,Orthodox,"Mar 07, 1984"
eff9074bc066f0f2,8-0-0,4.52,57%,1.27,71%,,3.57,75%,0%,3.6,"5' 4""",135 lbs.,"67""",Orthodox,"Apr 07, 1991"
5bdcbd8dd681a257,13-7-0,1.74,59%,0.27,60%,,4.02,66%,100%,2.0,"6' 1""",185 lbs.,--,Orthodox,"Jul 09, 1981"
5823ceab56741617,8-1-0,3.47,50%,1.43,69%,,0.58,33%,58%,0.0,"6' 3""",170 lbs.,--,Switch,"Aug 04, 1987"
3623bd267a2eef2e,21-11-0 (1 NC),1.43,41%,1.62,64%,,1.06,20%,18%,1.4,"5' 9""",145 lbs.,"71""",Orthodox,"Feb 04, 1981"
946f341df6472ee0,30-14-2,2.30,32%,1.36,72%,,0.39,50%,88%,0.0,"6' 1""",200 lbs.,--,Orthodox,"Jan 01, 1968"
8f003ef7e0d9a139,7-1-0,5.67,44%,7.53,48%,,2.00,16%,100%,1.0,"5' 9""",145 lbs.,"70""",Orthodox,"Jun 25, 2004"
f782f953bfe7b5f2,10-1-0,3.85,43%,3.64,56%,,1.08,42%,66%,0.7,"6' 0""",170 lbs.,"77""",Southpaw,"Mar 05, 1999"
f5e4ce11afbdfb61,4-14-0,0.00,0%,0.00,0%,,0.00,0%,0%,0.0,"5' 9""",185 lbs.,--,,"Nov 20, 1982"
79325a3c1a5c3bf4,13-6-0,2.90,51%,3.57,44%,,1.12,27%,50%,0.0,"6' 0""",170 lbs.,"76""",Orthodox,"Jul 18, 1988"
49f4b511932f71e9,11-3-0,3.25,43%,4.45,54%,,2.53,58%,77%,0.7,"5' 9""",155 lbs.,--,Orthodox,"Nov 10, 1988"
f903967fd320da38,30-21-2 (1 NC),3.03,27%,9.70,48%,,0.00,0%,0%,0.0,"5' 9""",145 lbs.,--,Orthodox,"Jul 10, 1983"
a36a14985a57a1c6,15-3-0,5.56,53%,4.72,54%,,0.70,12%,100%,0.0,"6' 0""",155 lbs.,"74""",Southpaw,"Aug 21, 1976"
5b5b9c6f6f270369,6-10-0,0.70,43%,2.89,49%,,0.00,0%,0%,0.0,"6' 1""",220 lbs.,--,Orthodox,"Jul 30, 1974"
f62850b3c7480db9,0-5-0,0.00,0%,0.00,0%,,0.00,0%,0%,0.0,"5' 8""",185 lbs.,--,,--
2b284840ca89876a,5-3-0,1.60,61%,1.73,48%,,2.00,28%,0%,1.0,"6' 1""",185 lbs.,--,,"Feb 14, 1988"
a6fa5dd90528e9f7,9-9-0,0.00,0%,0.00,0%,,0.00,0%,0%,0.0,"5' 8""",170 lbs.,--,,--
d6285cba1d1052e0,10-6-0,1.23,35%,5.95,47%,,0.00,0%,33%,0.0,"5' 11""",205 lbs.,"73""",Orthodox,"Mar 30, 1980"
3c48019bc387b80c,2-2-0,0.00,0%,1.25,33%,,0.00,0%,0%,0.0,"5' 10""",170 lbs.,--,Orthodox,"Apr 28, 1978"
cedfdf8d423d500c,29-7-2,1.79,45%,1.66,63%,,1.96,100%,54%,1.0,"5' 10""",170 lbs.,--,Orthodox,"Mar 09, 1968"
f1928a52590c5532,17-5-0,3.86,46%,2.95,61%,,0.43,100%,57%,0.0,"6' 2""",170 lbs.,"76""",Orthodox,"Dec 01, 1987"
18aecaf50f52e4c3,16-0-0,1.61,54%,1.93,50%,,3.62,25%,100%,0.6,"5' 11""",185 lbs.,--,Orthodox,"Feb 20, 1979"
b2f88c04c4dd43ce,23-10-0 (1 NC),1.83,43%,2.30,49%,,1.31,28%,43%,1.3,"6' 1""",185 lbs.,--,Orthodox,"Dec 24, 1980"
d0c29452d3272603,14-8-0 (1 NC),2.03,36%,3.06,49%,,1.67,54%,47%,1.8,"6' 1""",185 lbs.,"74""",Orthodox,"Jun 30, 1981"
d1941565abf50b16,39-19-0 (1 NC),2.92,42%,3.43,56%,,1.49,45%,47%,1.7,"5' 8""",155 lbs.,"71""",Southpaw,"Aug 30, 1983"
282fa667ff9c51ed,21-11-0 (1 NC),3.00,33%,3.88,59%,,0.60,36%,38%,1.8,"6' 1""",145 lbs.,"73""",Orthodox,"Apr 26, 1984"
45a2ba3ef82b9700,6-16-0 (1 NC),1.25,36%,2.16,54%,,0.55,25%,60%,0.0,"5' 7""",270 lbs.,--,Southpaw,"Jul 16, 1969"
3ff0d0dc7a14bb50,20-8-0 (1 NC),1.33,33%,2.15,54%,,0.98,37%,21%,2.0,"6' 0""",145 lbs.,--,Orthodox,"Feb 14, 1987"
a4d055f1435d6d75,14-10-0 (1 NC),0.00,0%,0.00,0%,,0.00,0%,0%,0.0,"5' 9""",145 lbs.,--,,--
39019970ac8543e9,6-0-0,1.87,45%,1.33,60%,,4.00,80%,0%,0.0,"5' 8""",135 lbs.,"72""",Orthodox,"Aug 10, 1992"
aa0c573da7119292,5-4-0,2.65,39%,4.14,44%,,2.16,29%,44%,1.2,"5' 7""",125 lbs.,"66""",Orthodox,"May 07, 1996"
0859524157a19045,7-0-0 (1 NC),7.16,38%,4.65,64%,,0.00,0%,75%,0.0,"6' 2""",170 lbs.,"77""",Orthodox,"Jun 04, 2000"
2b6a37a97541a4fd,8-3-0,2.11,20%,11.23,48%,,0.00,0%,0%,0.0,"5' 9""",185 lbs.,"72""",Orthodox,"Oct 31, 1995"
f2c934689243fe4e,0-2-0,0.00,0%,3.36,22%,,0.00,0%,0%,7.2,"6' 1""",185 lbs.,--,,"Aug 04, 1967"
6cadfd8f1d9e7685,16-10-0 (3 NC),2.08,52%,2.87,43%,,1.18,66%,58%,0.0,"6' 1""",170 lbs.,"76""",Orthodox,"Sep 29, 1982"
eabece0edc2d62ca,8-1-0,0.00,0%,0.00,0%,,0.00,0%,0%,0.0,--,135 lbs.,--,,"Aug 08, 1996"
72ffecf712673af1,8-4-0,3.85,46%,4.79,43%,,0.00,0%,64%,0.0,"6' 3""",205 lbs.,"76""",Orthodox,"Jul 03, 1987"
4b1d46a1b5c0fd11,13-1-0,3.23,38%,3.70,47%,,1.85,20%,50%,0.0,"6' 0""",170 lbs.,"77""",Orthodox,"May 02, 1982"
56c975c4a2b357a5,20-0-0,0.00,0%,0.00,0%,,0.00,0%,0%,0.0,"6' 2""",249 lbs.,--,,"Feb 06, 1985"
9f2c07bd65fde55c,6-1-0 (1 NC),1.45,52%,5.38,36%,,0.00,0%,53%,0.0,"5' 5""",135 lbs.,"65""",Orthodox,"Sep 10, 2000"
20d37922ba85e6fc,7-1-0,1.02,61%,3.57,26%,,0.00,0%,64%,0.0,"5' 9""",155 lbs.,"69""",Orthodox,"Sep 27, 2003"
1ccaeae54725d897,7-1-0,1.62,33%,6.49,52%,,0.00,0%,0%,0.0,"6' 3""",185 lbs.,"78""",Orthodox,"Oct 28, 1998"
34e516ab361afb1c,26-14-0,2.63,65%,2.28,35%,,2.40,72%,66%,2.7,"5' 7""",145 lbs.,"69""",Orthodox,"Apr 28, 1990"
c8aa3541bec4042e,0-0-0,0.00,0%,0.00,0%,,0.00,0%,0%,0.0,--,--,--,,--
ce6065baef021cf3,60-42-8,0.88,40%,1.66,49%,,1.82,41%,5%,1.9,"5' 9""",181 lbs.,--,Orthodox,"Jan 12, 1976"
40d8b74488743800,10-3-0 (1 NC),3.50,40%,4.97,50%,,0.00,0%,58%,0.0,"5' 10""",170 lbs.,"75""",Orthodox,"Apr 26, 1993"
d28dee5c705991df,20-5-0,4.67,52%,4.01,52%,,1.74,34%,65%,0.0,"6' 4""",240 lbs.,"80""",Orthodox,"Aug 19, 1982"
1ff9589f9065a9ed,18-11-0,2.18,47%,3.84,38%,,2.02,40%,54%,2.0,"6' 3""",264 lbs.,"79""",Southpaw,"May 24, 1979"
be8ad887e4d674b0,7-5-0,0.00,0%,0.00,0%,,0.00,0%,0%,0.0,--,155 lbs.,--,,--
df2bf09c99594848,14-7-0,1.96,54%,2.46,36%,,1.02,60%,54%,0.0,"6' 3""",185 lbs.,"74""",Orthodox,"Jul 12, 1979"
4bcb6eb12b4ad4aa,12-5-0,2.98,45%,2.95,58%,,0.95,55%,50%,0.2,"6' 1""",185 lbs.,"77""",Orthodox,"Mar 10, 1979"
b909a9a9688b5284,17-8-0,3.23,43%,6.01,37%,,4.75,38%,0%,1.9,"5' 11""",145 lbs.,"71""",Orthodox,"Mar 25, 1990"
d458266c796643e2,9-2-0,0.00,0%,0.00,0%,,0.00,0%,0%,0.0,--,185 lbs.,--,,"Jan 03, 1999"
992c82450d96f726,9-4-0,0.84,50%,9.86,35%,,0.00,0%,0%,0.0,"6' 0""",185 lbs.,--,Orthodox,"Aug 02, 1974"
5e7a28f20927d64a,25-11-2 (1 NC),2.85,40%,2.74,63%,,0.72,38%,51%,0.6,"5' 8""",183 lbs.,--,Orthodox,"Apr 25, 1976"
3f87218a7aca84c4,9-5-0,3.27,40%,7.73,46%,,0.00,0%,0%,0.0,"5' 8""",145 lbs.,--,Southpaw,"Mar 07, 1988"
b14a68c533f4a4aa,21-7-2,1.06,41%,1.22,52%,,2.47,40%,25%,1.4,"5' 7""",155 lbs.,--,Southpaw,"Apr 19, 1972"
6cbb7661c3258617,2-7-0,0.00,0%,0.00,0%,,0.00,0%,0%,0.0,--,--,--,Orthodox,--
8f3df4c579cfbb69,22-7-0,1.74,32%,2.06,55%,,0.66,50%,29%,2.0,"6' 0""",170 lbs.,"75""",Orthodox,"Oct 24, 1979"
c06d554ce1713fd3,19-9-1,2.53,49%,2.53,52%,,0.00,0%,100%,3.0,"6' 2""",170 lbs.,--,Orthodox,"Aug 08, 1986"
7263e0dc082adc87,4-2-0 (1 NC),1.15,33%,4.20,52%,,0.00,0%,100%,1.9,"5' 11""",145 lbs.,--,,"Oct 10, 1974"
3d960455f880bb25,1-2-0,1.63,85%,0.00,0%,,0.00,0%,100%,4.1,"6' 2""",185 lbs.,--,,--
d9c6f19f958643e9,19-4-0,2.19,59%,1.51,58%,,3.12,36%,38%,1.3,"5' 10""",135 lbs.,"70""",Southpaw,"Oct 04, 1994"
568bebed6366b667,11-2-0,3.80,55%,3.54,60%,,0.00,0%,100%,0.0,"5' 9""",145 lbs.,--,Orthodox,"Jun 29, 1987"
f3ca6908f78efebe,14-4-0,2.21,34%,8.85,41%,,3.69,50%,0%,0.0,"5' 10""",135 lbs.,"74""",Orthodox,"Dec 30, 1989"
2961be02cfb0d2c1,8-3-0,0.26,16%,2.70,43%,,1.93,100%,25%,1.9,"5' 10""",170 lbs.,--,Orthodox,"Sep 04, 1978"
ba280572acfba13f,12-5-0,3.55,50%,2.79,64%,,0.00,0%,55%,0.7,"6' 3""",265 lbs.,"82""",Switch,"Jul 15, 1978"
2b4faacc16d66898,18-9-2,1.49,49%,2.26,45%,,2.30,36%,20%,1.6,"5' 7""",145 lbs.,--,Southpaw,"Jan 01, 1976"
509697e08673d2e5,12-7-0,2.12,34%,2.12,58%,,2.23,50%,69%,0.6,"5' 9""",170 lbs.,"71""",Orthodox,"Sep 22, 1981"
f64e4ecd214c6378,7-4-0,0.00,0%,0.00,0%,,0.00,0%,0%,0.0,"6' 0""",168 lbs.,--,,"Nov 09, 1980"
2cfba6c837c03ed0,20-3-0,5.30,43%,7.30,43%,,2.50,62%,0%,0.0,"5' 11""",135 lbs.,"70""",Southpaw,"Aug 16, 1993"
f1a9c0998c683782,7-1-0,4.56,60%,6.78,45%,,0.00,0%,53%,0.0,"5' 10""",135 lbs.,"68""",Orthodox,"Jan 27, 1998"
c9885b1b7c7055a0,17-9-7,1.67,65%,0.93,33%,,4.00,80%,0%,2.0,"5' 7""",139 lbs.,--,Southpaw,"Jul 20, 1981"
af70d268e5352186,15-9-0,2.04,52%,1.82,63%,,4.31,46%,68%,0.0,"5' 8""",139 lbs.,--,Orthodox,"Jan 29, 1976"
9649d75defe0dedb,7-3-0,1.23,28%,3.91,61%,,0.00,0%,0%,0.0,"5' 11""",168 lbs.,--,Southpaw,"Apr 23, 1985"
48e093ea1f43a053,21-11-2,3.37,37%,3.27,57%,,1.46,57%,70%,0.1,"5' 7""",135 lbs.,"69""",Orthodox,"Dec 16, 1983"
43a59ce3bb40449e,16-6-0,4.45,52%,4.65,49%,,0.75,33%,80%,0.0,"5' 3""",115 lbs.,"65""",Orthodox,"Aug 19, 1994"
478c8706bdb92440,16-12-1,2.25,37%,3.52,53%,,1.19,25%,40%,3.6,"6' 1""",205 lbs.,--,Southpaw,"Jun 02, 1981"
4498b382c65a7faa,25-21-0,3.35,30%,5.70,51%,,1.35,23%,30%,0.1,"5' 7""",125 lbs.,"69""",Orthodox,"Sep 24, 1982"
d76ad9a08c4408ff,13-5-0 (1 NC),3.41,39%,3.15,61%,,2.74,66%,66%,1.4,"5' 10""",145 lbs.,"73""",Orthodox,"Jun 01, 1990"
65239fccecd03404,1-1-0,0.00,0%,0.00,0%,,0.00,0%,0%,0.0,--,135 lbs.,--,,--
04c15b52c3cc1cab,9-7-0,3.79,41%,2.50,74%,,0.45,50%,71%,0.0,"5' 9""",155 lbs.,"72""",Orthodox,"Mar 03, 1983"
b6452706b373eea1,21-7-1,4.10,49%,3.55,59%,,1.68,40%,64%,0.6,"5' 11""",155 lbs.,"72""",Orthodox,"May 21, 1989"
d945aae53e3e54e6,19-10-0,2.52,42%,4.40,52%,,1.37,29%,52%,1.1,"5' 9""",155 lbs.,"70""",Orthodox,"Mar 23, 1995"
75353550928a7921,13-0-0 (1 NC),1.61,45%,1.35,57%,,5.29,41%,25%,0.8,"5' 7""",125 lbs.,"70""",Orthodox,"Jul 30, 2000"
e9bc5748e6a76bb6,13-3-0,1.95,43%,3.66,43%,,0.54,16%,33%,0.0,"5' 6""",125 lbs.,"67""",Southpaw,"Sep 15, 1985"
192520689012c7e4,8-5-0,2.21,43%,6.85,48%,,0.00,0%,0%,0.0,"5' 8""",145 lbs.,"72""",Orthodox,"Jun 13, 1992"
606136dee6f6ecea,13-9-0,0.00,0%,5.58,60%,,0.00,0%,0%,20.9,"5' 10""",216 lbs.,--,,"Jun 14, 1984"
008ea710276c9606,11-2-0,7.25,48%,5.04,55%,,0.00,0%,66%,0.0,"5' 6""",125 lbs.,"69""",Orthodox,"Jul 17, 1997"
02d276b7d62b3472,0-3-0,0.00,0%,0.00,0%,,0.00,0%,0%,0.0,"5' 10""",195 lbs.,--,Orthodox,"May 17, 1973"
a8e133139286df84,18-11-4,1.67,25%,9.76,34%,,0.00,0%,0%,0.0,"6' 0""",168 lbs.,--,Orthodox,"Oct 23, 1973"
cbfd1d34356a004c,60-26-1,0.97,30%,2.87,59%,,1.06,12%,66%,0.7,"5' 9""",247 lbs.,"74""",Orthodox,"Jan 18, 1971"
bffeb123b21c9aad,13-5-0,1.92,25%,5.38,52%,,0.72,25%,33%,1.4,"5' 6""",125 lbs.,"67""",Southpaw,"Nov 03, 1987"
ca80d72da81d7224,8-0-0,2.77,48%,2.47,41%,,3.50,53%,0%,0.0,"5' 9""",135 lbs.,"68""",Southpaw,"Nov 25, 1993"
72c9c2eadfc3277e,9-12-1,0.00,0%,0.00,0%,,0.00,0%,0%,0.0,--,185 lbs.,--,,--
4e30f2761b6bd3b5,6-1-0,0.00,0%,0.00,0%,,0.00,0%,0%,0.0,--,265 lbs.,--,,"Aug 25, 1996"
94508d80e1f885fc,15-3-0,3.46,46%,2.66,56%,,0.00,0%,66%,0.0,"6' 1""",170 lbs.,"73""",Orthodox,"Oct 25, 1984"
8163cd7de0342652,7-5-0,2.79,44%,2.06,64%,,2.29,36%,66%,0.0,"6' 0""",170 lbs.,"73""",Orthodox,"Nov 19, 1985"
1de9ad94de18eeaf,5-3-0,5.60,41%,4.43,64%,,2.25,54%,69%,0.4,"5' 5""",135 lbs.,"65""",Southpaw,"Dec 16, 1988"
3e38b1ea16bd4d86,17-5-1 (1 NC),3.93,49%,8.33,33%,,1.00,33%,66%,1.0,"5' 7""",145 lbs.,"70""",Orthodox,"Jul 02, 1995"
8b1b051038354655,6-2-0,4.27,40%,5.67,48%,,1.00,25%,100%,0.0,"5' 6""",125 lbs.,"67""",Orthodox,"Jun 18, 1999"
a112097ad877a48f,12-1-0,5.26,60%,4.44,60%,,0.00,0%,77%,6.8,"5' 7""",145 lbs.,"69""",Orthodox,"May 31, 1994"
6e92eb1242b46636,9-5-0,4.85,39%,4.12,47%,,0.00,0%,64%,0.0,"6' 4""",185 lbs.,--,Southpaw,"Dec 19, 1990"
c06a9b48d4132c8e,9-5-0,2.39,48%,3.86,40%,,0.00,0%,79%,0.2,"5' 10""",170 lbs.,"71""",Switch,"Apr 10, 1988"
e56df3c1d8b4b1cc,26-9-2,0.68,50%,0.68,0%,,5.07,66%,0%,0.0,"5' 10""",205 lbs.,--,Orthodox,"Nov 27, 1971"
e31502e3f79d00c5,16-7-0,1.83,26%,2.30,57%,,0.78,14%,54%,0.0,"5' 9""",170 lbs.,"71""",Southpaw,"Dec 30, 1983"
518e5202a91980d4,8-4-0,2.21,25%,2.87,42%,,1.23,16%,25%,0.0,"6' 0""",170 lbs.,--,,"Apr 06, 1983"
831de97afe326478,0-2-0,0.00,0%,0.00,0%,,0.00,0%,0%,0.0,"5' 4""",125 lbs.,--,,--
26927dab41dbd5fc,10-5-0,0.20,75%,2.07,42%,,0.00,0%,25%,0.0,"5' 10""",135 lbs.,"70""",Southpaw,"Oct 16, 1993"
1bcaac2d99b90fce,14-6-1,2.42,42%,3.73,59%,,1.20,38%,75%,0.4,"6' 0""",170 lbs.,"72""",Orthodox,"Jul 23, 1982"
fea79f9bc8c68769,23-10-1,3.37,40%,4.53,54%,,0.87,41%,46%,0.3,"5' 6""",135 lbs.,"67""",Orthodox,"Apr 26, 1988"
0d62719b1dcf7c40,11-4-0,3.00,42%,3.64,63%,,0.00,0%,53%,0.0,"5' 8""",145 lbs.,"72""",Orthodox,"Oct 11, 1990"
92437c6775b3f7d1,19-7-0,2.57,43%,2.55,56%,,0.62,23%,44%,1.1,"5' 6""",125 lbs.,"66""",Orthodox,"Mar 20, 1984"
2dc7f1762dc0a7ef,10-4-1,2.86,37%,2.39,53%,,0.00,0%,0%,0.0,"6' 8""",270 lbs.,--,Orthodox,"Feb 26, 1967"
45230be0641f3f53,6-2-0,2.05,47%,2.05,58%,,0.00,0%,62%,0.0,"5' 8""",135 lbs.,--,Southpaw,"Dec 22, 1992"
544d7460b3e44393,7-4-1,3.81,35%,3.96,56%,,0.91,35%,70%,0.2,"5' 9""",135 lbs.,"72""",Orthodox,"May 25, 1991"
2fe9032955c2e013,15-2-0,2.00,40%,2.05,57%,,1.14,42%,26%,3.0,"5' 6""",125 lbs.,"69""",Switch,"Aug 22, 1994"
37098a6e6c27fb66,16-11-0,3.54,37%,3.91,54%,,0.71,47%,63%,0.5,"5' 7""",135 lbs.,"70""",Orthodox,"Nov 12, 1990"
a0e6753c42698f13,11-4-0,3.42,40%,3.18,58%,,0.46,100%,63%,0.0,"5' 11""",155 lbs.,"73""",Orthodox,"Oct 17, 1985"
c32aeb1a59e6272d,19-0-0,5.68,49%,3.26,53%,,1.04,41%,89%,0.0,"6' 0""",170 lbs.,"79""",Orthodox,"Jun 24, 1999"
abe2e048a04d22cf,14-3-0,0.00,0%,0.00,0%,,0.00,0%,0%,0.0,--,125 lbs.,--,,"Feb 04, 1996"
539ed332b3078821,6-8-0,2.28,34%,3.58,50%,,0.67,21%,33%,0.8,"5' 7""",135 lbs.,"67""",Orthodox,"Apr 30, 1988"
80779d7441af1b52,8-3-0,2.82,34%,2.46,46%,,3.26,66%,50%,2.2,"6' 6""",260 lbs.,"81""",Orthodox,"Sep 08, 1986"
df85d6ec3493d120,2-2-0,0.00,0%,0.00,0%,,0.00,0%,0%,0.0,"5' 11""",195 lbs.,--,Southpaw,"Jul 03, 1961"
9147679e1a4ad4a3,7-4-0,1.17,28%,1.83,67%,,0.00,0%,100%,0.0,"6' 2""",185 lbs.,--,Orthodox,"Mar 31, 1984"
6a125ba3ec37e27e,8-3-0,5.93,42%,6.33,48%,,4.00,57%,0%,0.0,"5' 6""",135 lbs.,--,Orthodox,"Jan 14, 1981"
acb36c908d415c4a,9-5-0,3.15,59%,5.07,43%,,1.97,18%,0%,1.3,"6' 4""",205 lbs.,"76""",Orthodox,"Feb 28, 1989"
2e2cdb6e9eb84bb9,9-1-0,1.26,40%,2.08,48%,,5.56,100%,100%,0.0,"5' 7""",145 lbs.,--,Orthodox,"Nov 09, 1979"
792be9a24df82ed6,23-10-2,3.84,44%,3.64,59%,,1.36,39%,65%,0.4,"5' 7""",125 lbs.,"70""",Orthodox,"Dec 07, 1993"
bb2eee4fb3259c01,6-5-0,1.27,51%,1.07,58%,,0.00,0%,44%,0.0,"6' 0""",185 lbs.,--,,--
66e98b3bb5fc5250,13-6-0,2.67,43%,3.56,43%,,1.25,27%,45%,0.4,"6' 0""",155 lbs.,"73""",Southpaw,"Nov 21, 1986"
2067a177a2842fbf,18-12-0,1.05,22%,3.74,40%,,1.43,20%,0%,0.5,"5' 10""",170 lbs.,--,Orthodox,"Sep 28, 1981"
92b36014314b028b,4-4-0,2.27,23%,8.20,33%,,0.00,0%,50%,0.0,"6' 1""",135 lbs.,--,,"Dec 16, 1979"
938ea36fe9c269f0,11-5-0,3.71,44%,2.78,47%,,0.00,0%,0%,0.0,"5' 10""",145 lbs.,"71""",Orthodox,"May 14, 1991"
cdb96af67d096b1e,24-13-0 (1 NC),4.90,39%,4.88,55%,,0.32,24%,47%,0.3,"5' 11""",170 lbs.,"72""",Orthodox,"Aug 16, 1990"
b4192a975027aab6,11-6-0,4.42,33%,4.89,51%,,0.70,24%,42%,0.6,"5' 7""",125 lbs.,"67""",Orthodox,"Sep 08, 1991"
2f6a993c7f547c13,19-5-0,3.01,43%,2.97,61%,,3.63,31%,68%,0.0,"5' 6""",135 lbs.,"67""",Orthodox,"Jun 14, 1989"
6803d4d6908354ac,10-6-0,0.50,62%,6.95,27%,,0.00,0%,0%,0.0,"6' 2""",205 lbs.,--,Orthodox,"Nov 01, 1979"
be9d259be012e8a4,2-1-0,0.00,0%,0.00,0%,,0.00,0%,0%,0.0,"5' 10""",210 lbs.,--,Orthodox,--
dab0e6cb8c932162,20-12-0 (1 NC),1.70,33%,0.49,80%,,0.00,0%,50%,0.0,"5' 7""",145 lbs.,--,Orthodox,"Mar 29, 1984"
38fccd44d669bb2f,0-3-0,0.00,0%,19.31,40%,,0.00,0%,0%,0.0,"5' 11""",205 lbs.,--,,--
4dc496aa0cfc0d95,6-12-0,0.00,0%,0.00,0%,,0.00,0%,0%,0.0,"6' 5""",275 lbs.,--,Orthodox,--
b15862fcd6ded451,8-2-0,0.80,41%,1.13,54%,,0.00,0%,50%,1.0,"5' 4""",125 lbs.,"69""",Orthodox,"Apr 15, 1995"
a5fa51a81d0c5ed9,8-5-0,1.27,27%,4.20,57%,,3.00,30%,0%,1.0,"5' 2""",115 lbs.,"63""",Southpaw,"May 18, 1994"
5da4e8dc02e50ac0,3-4-0,0.00,0%,0.00,0%,,0.00,0%,0%,0.0,"6' 0""",190 lbs.,--,Switch,"Dec 07, 1965"
37f560436d745c18,15-6-0 (1 NC),4.13,38%,5.28,52%,,0.00,0%,83%,0.0,"5' 9""",155 lbs.,"70""",Orthodox,"Feb 08, 1993"
ab35634d1a8c7a11,19-7-0,0.67,16%,0.00,0%,,0.00,0%,0%,0.0,"5' 11""",183 lbs.,--,Open Stance,"Jan 26, 1976"
de594b35c45c2e9a,12-2-0,2.57,37%,2.50,58%,,3.58,34%,80%,0.4,"5' 6""",125 lbs.,"67""",Orthodox,"Feb 28, 1994"
232c582f29f8f65e,42-6-2,3.75,50%,1.21,68%,,1.59,60%,59%,1.1,"6' 2""",185 lbs.,"76""",Orthodox,"Aug 01, 1985"
9c27f3217891f3f0,14-8-0,3.35,33%,9.36,30%,,0.00,0%,30%,0.0,"5' 7""",135 lbs.,"68""",Southpaw,"Aug 09, 1992"
ae922e7d9e852d7a,8-3-0,2.30,33%,1.93,62%,,1.67,42%,50%,1.7,"5' 5""",135 lbs.,--,,--
882d62561063a927,4-3-0,4.51,51%,4.00,65%,,1.00,21%,50%,0.0,"5' 1""",115 lbs.,"65""",Orthodox,"Mar 17, 1989"
e92901944ce91909,19-13-0,0.43,18%,4.07,13%,,0.00,0%,33%,0.0,"6' 3""",205 lbs.,"74""",Orthodox,"Oct 26, 1994"
d0c325dfefdde31f,3-3-0,0.00,0%,0.00,0%,,0.00,0%,0%,0.0,"5' 9""",135 lbs.,--,,"Jan 29, 1989"
f923e012414c883e,5-3-0,4.08,41%,3.77,58%,,0.70,50%,71%,0.0,"5' 5""",125 lbs.,"67""",Orthodox,"Nov 15, 1991"
b1b0729d27936f2f,24-6-0 (1 NC),4.36,42%,3.92,55%,,1.98,35%,90%,0.1,"5' 11""",170 lbs.,"72""",Orthodox,"Jul 09, 1988"
2252b2c892397f0d,4-2-0,0.54,16%,0.00,100%,,0.00,0%,0%,8.0,--,135 lbs.,--,,--
16af2d5a6f28bee2,18-4-0,1.48,28%,2.09,51%,,1.36,20%,33%,0.0,"6' 3""",155 lbs.,--,Orthodox,"Sep 20, 1984"
8d5350fa18b79e9a,11-2-0,2.40,31%,3.47,42%,,0.00,0%,25%,0.0,"5' 10""",243 lbs.,"73""",Orthodox,"Feb 20, 1988"
af9f42e6894047fc,18-9-0,4.10,46%,4.28,54%,,2.46,30%,70%,0.1,"6' 0""",155 lbs.,"74""",Orthodox,"Aug 17, 1994"
1a49e0670dfaca31,0-2-0,0.00,0%,0.00,0%,,0.00,0%,0%,0.0,"6' 1""",215 lbs.,--,Southpaw,--
bd532e9a2b93870c,7-3-0,3.67,49%,4.15,53%,,2.20,46%,85%,0.0,"5' 7""",135 lbs.,"68""",Orthodox,"Jul 23, 1991"
a59bc10f5e9f5fbb,9-3-0,6.10,44%,5.96,52%,,0.00,0%,100%,2.1,"5' 5""",145 lbs.,"70""",Switch,"Sep 18, 1998"
6bd02119599741a4,20-10-0 (2 NC),5.38,41%,6.29,55%,,0.48,16%,82%,0.5,"5' 6""",135 lbs.,"65""",Orthodox,"Sep 07, 1986"
886264a0c9f4ea5e,24-8-0,2.08,48%,2.46,51%,,3.98,48%,35%,1.1,"6' 1""",185 lbs.,"78""",Southpaw,"Feb 17, 1990"
179f1948dc234f1f,14-6-0,3.12,51%,2.26,57%,,3.17,29%,57%,0.6,"6' 0""",185 lbs.,"71""",Orthodox,"Feb 09, 1978"
f8f1ec513bcfef43,7-2-0,3.70,42%,4.73,55%,,3.00,40%,100%,0.0,"5' 9""",155 lbs.,"72""",Switch,"Feb 27, 1990"
f6bcbd91b114ff58,12-4-0,2.44,36%,2.66,55%,,2.40,25%,45%,1.8,"5' 9""",135 lbs.,"71""",Orthodox,"Feb 16, 1993"
fd0b4e3eb18eafb7,15-2-0,2.60,76%,2.87,32%,,1.00,20%,42%,0.0,"5' 9""",185 lbs.,--,,--
c3dd69333eb8085a,6-0-0,2.60,36%,2.20,61%,,1.00,100%,55%,0.0,"5' 10""",145 lbs.,"72""",Southpaw,"Dec 21, 1993"
ea7e5bc78d9de658,26-8-0 (1 NC),4.21,43%,2.57,61%,,3.03,66%,77%,0.2,"6' 2""",185 lbs.,"75""",Orthodox,"Feb 08, 1990"
cfbccfed4e4796fe,5-5-0,0.00,0%,0.00,0%,,0.00,0%,0%,0.0,"6' 1""",220 lbs.,--,Orthodox,"Nov 29, 1973"
e3a6c6d6d0ac0815,8-3-1,0.84,36%,1.89,50%,,4.74,50%,100%,3.2,"5' 8""",183 lbs.,--,Orthodox,"Aug 27, 1976"
e0b0cf71e0d69dd0,12-3-0,2.15,56%,2.40,53%,,3.38,56%,100%,0.8,"5' 1""",115 lbs.,"62""",Orthodox,"Aug 10, 1993"
9b6dcc335ad03696,9-2-0,0.00,0%,0.00,0%,,0.00,0%,0%,0.0,--,155 lbs.,--,,--
3a51f8d30900b580,8-0-0,5.38,63%,1.45,47%,,6.54,46%,0%,1.1,"5' 4""",135 lbs.,"65""",Orthodox,"May 15, 2001"
4b90384d7c3519b8,12-4-0 (1 NC),1.21,21%,7.17,40%,,0.00,0%,0%,0.0,"5' 6""",145 lbs.,"64""",Orthodox,"Mar 21, 1991"
6f4d199c0adc06f5,11-0-0,1.50,75%,0.50,44%,,6.01,66%,0%,1.5,"6' 1""",170 lbs.,"75""",Orthodox,"Aug 28, 1999"
62918a2118de08b2,8-0-0,2.50,71%,0.17,84%,,7.51,85%,0%,2.5,"6' 2""",227 lbs.,--,Southpaw,"Nov 19, 1974"
de25520d54eab12d,1-1-0,0.00,0%,1.93,30%,,4.13,100%,0%,0.0,"6' 1""",185 lbs.,--,Orthodox,"Jun 14, 1985"
1b5c146ee7b86e34,6-4-0,3.93,66%,8.85,43%,,0.00,0%,0%,0.0,"6' 3""",260 lbs.,--,Orthodox,"Aug 09, 1977"
729d4bd5a6cd0a97,16-7-0,3.94,38%,5.19,56%,,1.09,24%,67%,0.2,"5' 5""",125 lbs.,"67""",Orthodox,"Jul 27, 1983"
eca7e064746c161a,5-3-0,3.40,66%,0.80,42%,,0.00,0%,50%,1.0,"6' 0""",170 lbs.,--,,--
396fe87b84ac2e1c,17-1-1,4.34,51%,2.65,60%,,1.20,54%,44%,0.5,"5' 9""",145 lbs.,"73""",Orthodox,"Jul 22, 1991"
32016899d0a222a3,8-2-1 (1 NC),0.36,15%,3.28,32%,,0.90,100%,42%,1.8,"6' 3""",185 lbs.,--,Orthodox,"Sep 12, 1977"
d0147e906106cd2e,8-4-0,2.38,28%,7.72,43%,,0.00,0%,0%,0.0,"6' 3""",205 lbs.,"78""",Orthodox,"Jan 26, 1993"
231cae8b77fbbcc1,14-2-0,4.80,69%,0.40,78%,,7.50,100%,33%,0.0,"6' 0""",185 lbs.,"76""",Orthodox,"Jul 15, 1993"
e90a2f22417af68e,16-1-0,4.40,56%,3.20,56%,,0.68,20%,88%,0.2,"5' 10""",205 lbs.,"71""",Southpaw,"Apr 12, 1989"
723b64c0e9a8f348,8-2-0,3.19,45%,4.39,36%,,0.90,50%,81%,0.5,"5' 8""",135 lbs.,"74""",Southpaw,"Oct 10, 1998"
ae81a3ac7b260411,23-6-0,1.84,46%,1.74,50%,,2.30,60%,50%,0.0,"5' 9""",155 lbs.,"69""",Orthodox,"Dec 15, 1989"
8b5f9ea38184ded3,13-5-0 (1 NC),3.56,35%,3.80,57%,,1.16,19%,82%,0.2,"6' 0""",170 lbs.,"75""",Orthodox,"Apr 05, 1986"
d0d43cb9b14f231c,11-5-0,0.00,0%,10.59,35%,,0.00,0%,0%,0.0,"6' 3""",242 lbs.,--,Orthodox,--
31d7446b184e3305,14-4-0,2.59,58%,2.68,41%,,3.31,50%,23%,0.4,"5' 8""",155 lbs.,"71""",Orthodox,"Aug 02, 1988"
f4c40f8a64d3151d,6-3-0,8.20,50%,13.00,45%,,0.00,0%,0%,0.0,"6' 0""",155 lbs.,--,Orthodox,"Nov 07, 1987"
28c55b4087a6f136,15-6-1,3.41,40%,4.27,38%,,0.00,0%,81%,0.0,"6' 0""",185 lbs.,"72""",Orthodox,"Jul 19, 1986"
062e57ca1a3c95a8,6-3-0,1.44,27%,5.45,34%,,0.00,0%,0%,0.0,"5' 4""",145 lbs.,--,,"May 13, 1977"
2719f300b0439039,13-5-1,3.16,16%,3.16,83%,,0.00,0%,0%,0.0,"5' 11""",168 lbs.,--,Orthodox,"Nov 01, 1986"
d5ae8074631762fc,6-7-3,1.05,19%,1.50,63%,,0.98,28%,28%,0.0,"5' 7""",154 lbs.,--,Southpaw,"Oct 31, 1973"
e49c2db95e572dc8,0-2-0,1.45,40%,14.46,4%,,0.00,0%,0%,0.0,"6' 0""",225 lbs.,--,Orthodox,"Apr 24, 1968"
342422bb6ced1e8d,1-3-0,0.41,50%,2.69,37%,,0.00,0%,0%,1.2,"6' 1""",210 lbs.,--,Orthodox,"Oct 18, 1983"
47e0b5833e6bc91a,1-1-0,1.93,51%,2.27,39%,,0.00,0%,37%,0.0,--,185 lbs.,--,,"Jun 20, 1989"
8d11d9c13e2ccdf7,13-4-0,2.51,40%,3.35,44%,,1.49,30%,68%,0.2,"5' 9""",145 lbs.,"70""",Orthodox,"Aug 07, 1994"
7be328bb3c2ea22e,15-6-2,1.54,33%,5.13,60%,,0.00,0%,0%,0.0,"6' 1""",205 lbs.,--,Orthodox,"Feb 28, 1977"
50c469e0cb73be10,6-1-0,1.22,44%,5.33,28%,,1.67,9%,0%,0.0,"6' 0""",185 lbs.,"74""",Orthodox,"Apr 26, 1996"
7a9ca95a92d7b64c,5-4-2,2.68,44%,1.90,57%,,0.00,0%,72%,0.4,"6' 1""",185 lbs.,--,Orthodox,"Mar 12, 1983"
f9ae6914f604aa9f,19-2-1,1.57,33%,3.90,60%,,3.00,18%,75%,0.5,"5' 1""",135 lbs.,--,Orthodox,"Oct 22, 1986"
b034747dc1d15491,21-13-0,1.56,37%,1.83,59%,,1.73,36%,42%,0.6,"5' 11""",205 lbs.,"70""",Orthodox,"Jul 16, 1979"
65ddc8a9ac4e8531,34-10-2 (1 NC),2.23,36%,3.20,58%,,1.65,48%,63%,0.3,"5' 11""",170 lbs.,"73""",Southpaw,"May 22, 1984"
a196332ee4aa8a82,28-19-1,0.94,30%,1.38,61%,,0.46,40%,30%,3.6,"5' 7""",154 lbs.,--,Orthodox,"Jun 10, 1980"
03e8df49c4a059ba,14-4-1,1.72,45%,3.67,55%,,0.00,0%,83%,0.0,"5' 5""",145 lbs.,--,,"Jun 21, 1986"
d8c811df0386d5e8,10-1-0,3.27,52%,1.72,63%,,2.58,81%,100%,1.4,"5' 7""",135 lbs.,"68""",Southpaw,"Mar 23, 1995"
3618e0632ecdba9c,8-1-0,4.48,41%,4.28,63%,,0.00,0%,78%,0.0,"5' 10""",145 lbs.,"70""",Southpaw,"Dec 02, 1998"
eb9446a4f44e19cf,12-4-0,1.10,44%,1.57,45%,,3.00,37%,0%,0.0,"5' 6""",135 lbs.,"66""",Orthodox,"Jul 28, 1996"
95eb112a85601a0a,25-19-4,0.53,38%,1.06,44%,,0.38,50%,56%,0.0,"5' 9""",170 lbs.,--,Southpaw,"Nov 30, 1970"
e18012194473e8b0,9-3-0 (2 NC),1.73,35%,2.06,64%,,2.69,46%,0%,0.5,"6' 0""",220 lbs.,--,Southpaw,"Jun 25, 1972"
8f4528c10bd34fab,14-4-0 (1 NC),8.26,58%,5.03,54%,,0.00,0%,100%,0.0,"6' 0""",155 lbs.,"75""",Orthodox,"Jul 26, 1989"
a00ec21cfbba17b6,18-8-1,3.53,51%,2.00,48%,,1.33,16%,57%,0.3,"5' 9""",145 lbs.,--,Orthodox,"Jul 16, 1981"
6e00cfffd54653c4,21-14-1,3.87,33%,4.97,65%,,0.00,0%,87%,0.0,"5' 7""",125 lbs.,"68""",Orthodox,"Oct 06, 1983"
47b63240018d5d86,15-8-0,3.50,41%,3.38,63%,,1.47,48%,62%,0.3,"5' 5""",125 lbs.,"65""",Orthodox,"Jun 29, 1992"
6083f497c22cc075,25-16-4,0.14,50%,3.65,38%,,2.11,25%,0%,4.2,"5' 9""",205 lbs.,--,Orthodox,"Oct 27, 1974"
776a58a67665a171,12-4-0,3.33,42%,3.00,58%,,1.92,41%,70%,0.0,"5' 8""",145 lbs.,"70""",Orthodox,"Apr 14, 1987"
3a12a2f096a6d975,8-3-0,2.12,37%,3.32,64%,,0.00,0%,50%,0.9,"6' 3""",185 lbs.,--,Southpaw,"Sep 09, 1983"
307064d3e0f036c2,11-6-0,2.94,38%,4.63,55%,,0.00,0%,55%,0.8,"5' 10""",185 lbs.,--,Orthodox,"Mar 18, 1981"
253076a23d03dcd0,22-7-0,3.20,51%,2.53,53%,,1.04,20%,41%,0.9,"5' 8""",125 lbs.,"69""",Orthodox,"Sep 11, 1991"
d31a5546c0e9b213,11-3-0 (1 NC),3.71,47%,4.34,44%,,1.02,37%,60%,0.5,"6' 2""",246 lbs.,"80""",Orthodox,"Nov 26, 1992"
4b85abc5abbe657c,13-1-0,2.42,48%,2.56,57%,,0.00,0%,66%,0.0,"5' 8""",170 lbs.,"70""",Orthodox,"Nov 19, 1998"
7dfb56f24fe5ddea,8-4-0,3.42,37%,3.95,51%,,2.37,33%,100%,1.6,"6' 0""",170 lbs.,"74""",Orthodox,"Mar 26, 1990"
d41937647eae9a34,0-1-0,0.00,0%,0.00,0%,,0.00,0%,0%,0.0,"5' 11""",205 lbs.,--,Orthodox,--
769fa803bf9d2e3b,9-1-0,1.03,87%,0.29,75%,,2.20,50%,40%,0.0,"6' 0""",205 lbs.,"71""",Orthodox,"Oct 06, 1991"
154a6b3ffae264cd,5-6-0,1.30,43%,1.73,50%,,3.00,60%,0%,1.5,"6' 0""",230 lbs.,--,Southpaw,"Jun 26, 1970"
0dba4df5f34d5ff0,21-9-1,3.10,47%,2.48,57%,,2.55,34%,77%,0.5,"6' 0""",185 lbs.,"77""",Orthodox,"Dec 25, 1982"
0c258d1d8e16e5f1,9-4-0,2.68,34%,4.29,47%,,3.66,50%,83%,0.0,"5' 6""",135 lbs.,"70""",Orthodox,"Apr 02, 1993"
6a96ad1bc34fb113,25-8-0,3.66,52%,1.75,64%,,1.48,40%,73%,0.2,"5' 10""",185 lbs.,"74""",Orthodox,"Aug 18, 1996"
618f72750ec50b05,17-7-0,3.83,32%,4.62,57%,,2.17,25%,100%,0.0,"5' 10""",155 lbs.,--,,"May 27, 1983"
52f7d300738961ac,14-14-0,0.00,0%,0.00,0%,,0.00,0%,0%,0.0,"6' 0""",155 lbs.,--,,"Sep 17, 1978"
6aae253467e8f9ce,6-4-0,5.57,52%,4.11,54%,,0.76,57%,64%,0.0,"6' 0""",185 lbs.,"77""",Orthodox,"Oct 14, 1994"
e503aa5c252a1b4d,25-21-1 (1 NC),2.08,32%,2.66,56%,,0.00,0%,0%,1.7,"5' 9""",145 lbs.,"69""",,"Sep 12, 1986"
0b534765dca35e71,5-11-0,0.00,0%,0.00,0%,,0.00,0%,0%,0.0,"6' 0""",185 lbs.,--,,--
5751267660c734cb,6-2-0,1.87,19%,3.80,66%,,0.00,0%,0%,0.0,"5' 6""",135 lbs.,--,,"Jul 29, 1986"
b997be68943010fc,16-8-0,5.02,50%,5.50,57%,,0.54,45%,87%,0.1,"5' 11""",170 lbs.,"75""",Southpaw,"Aug 28, 1990"
1d4bbaabd8b60173,12-2-0 (1 NC),3.33,43%,5.39,43%,,2.77,41%,0%,0.0,"5' 11""",205 lbs.,"71""",Orthodox,"Dec 09, 1981"
d1a1314976c50bef,36-16-1,3.29,46%,3.63,58%,,1.09,34%,46%,1.3,"5' 11""",170 lbs.,"72""",Orthodox,"Mar 24, 1983"
8c57c7b8c3bab0eb,13-2-0,3.58,41%,5.56,39%,,1.02,28%,62%,0.0,"6' 0""",205 lbs.,"78""",Orthodox,"Sep 04, 1994"
13e62d766b709aa6,2-1-0,0.00,0%,0.00,0%,,0.00,0%,0%,0.0,"6' 0""",240 lbs.,--,Orthodox,--
2db7fa8db6bc9632,16-7-0,1.38,31%,2.84,61%,,1.31,18%,54%,1.6,"5' 9""",155 lbs.,"70""",Southpaw,"Nov 29, 1984"
3f7c14c7eca7195d,22-14-0,2.18,36%,4.79,46%,,1.14,27%,65%,0.1,"6' 0""",263 lbs.,"73""",Orthodox,"Jun 20, 1976"
fd55393021a8c255,19-6-1,1.77,61%,3.06,48%,,2.00,52%,68%,1.0,"5' 11""",170 lbs.,"72""",Switch,"Jul 28, 1988"
31f8081c7600da93,17-7-1,3.60,45%,4.58,53%,,1.18,23%,66%,0.5,"5' 11""",155 lbs.,"71""",Switch,"Apr 20, 1991"
f4db63258ecf0613,6-4-0,0.00,0%,0.00,0%,,0.00,0%,0%,0.0,"5' 2""",145 lbs.,--,,"Aug 05, 1987"
1209b5134401ca53,13-5-0,1.89,50%,1.89,70%,,2.84,100%,0%,0.0,"6' 0""",229 lbs.,--,Orthodox,--
fae67903c4fe636b,9-3-0 (1 NC),1.36,33%,3.92,45%,,3.07,37%,0%,0.5,"6' 3""",185 lbs.,"77""",Orthodox,"Oct 29, 1987"
1d688fa375d9431c,7-2-0,7.69,65%,6.15,55%,,5.77,66%,0%,0.0,"6' 2""",263 lbs.,"78""",Orthodox,"Mar 16, 2000"
195d0d3e14a2e256,33-1-0,1.98,35%,4.81,51%,,1.06,25%,76%,0.0,"5' 8""",145 lbs.,--,,"Apr 25, 1994"
f562238becb9ec50,14-2-0,3.53,46%,4.07,36%,,0.00,0%,33%,0.0,"5' 10""",155 lbs.,--,Southpaw,"Mar 17, 1986"
78f485f851891d68,10-5-0 (1 NC),2.64,32%,2.57,64%,,0.56,16%,43%,0.3,"5' 5""",135 lbs.,"67""",Orthodox,"Mar 07, 1989"
94609dd91731d428,4-2-0,0.28,20%,1.41,52%,,0.00,0%,0%,8.5,"6' 2""",205 lbs.,--,Sideways,"Dec 11, 1966"
952f6fa06f25a0ec,16-14-0,0.65,41%,1.55,44%,,2.47,70%,43%,0.9,"5' 9""",170 lbs.,--,Orthodox,"Aug 17, 1976"
fbbbc68d368832fa,26-12-1,1.92,49%,1.35,51%,,2.02,100%,0%,0.0,"6' 1""",205 lbs.,--,,"Jan 02, 1984"
8d03ce87ca14e778,17-3-0,2.33,41%,2.16,41%,,0.76,62%,71%,0.3,"6' 4""",250 lbs.,"83""",Orthodox,"Sep 05, 1986"
fd08d6536b7b91f0,6-2-0,3.84,54%,1.83,71%,,0.00,0%,90%,0.0,"5' 7""",135 lbs.,"68""",Orthodox,"May 15, 1999"
840d2c82ea68b9aa,16-8-0,3.51,40%,3.01,59%,,0.25,33%,63%,1.0,"5' 5""",125 lbs.,"65""",Switch,"Aug 03, 1988"
69037fc7730e4225,10-2-0,7.47,42%,7.10,60%,,0.24,100%,88%,0.0,"5' 11""",145 lbs.,"73""",Switch,"May 19, 1993"
2b6d855c6e280fb1,7-4-0,4.12,43%,4.65,47%,,0.00,0%,50%,0.5,"6' 4""",185 lbs.,"77""",Orthodox,"May 02, 1990"
35673bf5204524ee,9-1-0,3.36,61%,1.93,60%,,3.12,57%,100%,2.3,"6' 1""",185 lbs.,"76""",Southpaw,"Jan 14, 1996"
330ec26453c44a59,9-5-0,4.44,52%,1.11,64%,,11.11,80%,0%,2.8,"6' 4""",205 lbs.,--,Orthodox,"Dec 13, 1971"
1a31ef98efce7a79,19-6-1,3.31,51%,2.98,65%,,1.22,43%,90%,0.8,"5' 6""",125 lbs.,"66""",Orthodox,"Jan 06, 1993"
2bd98ab77a8daa75,8-3-0,3.63,39%,5.84,49%,,1.63,11%,28%,0.0,"5' 5""",125 lbs.,"65""",Orthodox,"Apr 11, 1996"
3edf45e1717fa764,7-4-0,1.67,53%,8.73,33%,,1.79,16%,0%,0.0,"5' 5""",125 lbs.,--,Orthodox,"Oct 28, 1984"
52a003d768f10d91,6-10-0,0.00,0%,5.73,44%,,0.00,0%,0%,0.0,"5' 2""",125 lbs.,--,,--
5fceb45939fc0c8a,22-8-1,1.91,54%,2.31,58%,,2.97,46%,33%,0.5,"5' 9""",145 lbs.,"69""",Orthodox,"Jul 25, 1982"
22aa91e402d0fe1f,9-6-0,3.05,44%,1.62,62%,,5.32,62%,55%,1.1,"5' 11""",155 lbs.,"75""",Orthodox,"Apr 01, 1988"
4956f60b7fa57c1a,9-7-0,0.00,0%,0.00,0%,,0.00,0%,0%,0.0,"6' 0""",250 lbs.,--,Switch,"Oct 23, 1959"
346f789951e85f3f,0-0-0,0.00,0%,0.00,0%,,0.00,0%,0%,0.0,--,--,--,,--
53e533db1b8e9712,2-6-0,0.00,0%,0.00,0%,,0.00,0%,0%,0.0,--,--,--,,--
a9bcf8717dd12532,11-4-1,2.99,39%,5.62,63%,,3.87,83%,44%,2.3,"6' 1""",170 lbs.,--,Orthodox,"Dec 05, 1983"
2c1170b825f58e57,5-4-1,2.66,41%,1.91,61%,,1.09,50%,62%,0.3,"5' 4""",145 lbs.,"64""",Southpaw,"Dec 15, 1981"
6810d8d2dd557cf9,5-10-1,0.00,0%,0.00,0%,,0.00,0%,0%,0.0,"5' 11""",320 lbs.,--,Orthodox,"Mar 02, 1967"
5cde96e0a1a1fffe,0-5-0,1.72,37%,5.59,56%,,0.00,0%,0%,0.0,"5' 9""",205 lbs.,--,Orthodox,"May 15, 1973"
7beecbe0a08cf002,21-3-6,0.00,0%,0.00,0%,,0.00,0%,0%,0.0,"5' 7""",155 lbs.,--,Orthodox,"Dec 06, 2002"
6c9383ffab2725a5,13-8-1,1.59,57%,1.26,57%,,0.00,0%,52%,0.3,"5' 8""",139 lbs.,--,Southpaw,"Aug 08, 1983"
6bf5a7d3e081ade2,16-12-0 (1 NC),3.94,46%,2.41,65%,,0.50,45%,53%,0.2,"6' 1""",155 lbs.,"75""",Orthodox,"Mar 01, 1980"
c68c68efaa5ca6ef,25-12-0 (1 NC),5.16,61%,3.32,57%,,0.00,0%,75%,0.1,"6' 3""",170 lbs.,"80""",Orthodox,"Dec 31, 1988"
21321cdfba797c52,27-15-1,6.21,40%,3.79,59%,,0.00,0%,0%,0.0,"5' 9""",170 lbs.,--,Southpaw,"Aug 14, 1978"
4acf03bdec2025d7,11-2-0,0.00,0%,0.00,0%,,0.00,0%,0%,0.0,"6' 2""",243 lbs.,--,,"Dec 26, 1989"
e983c62faf677ab2,18-4-2 (1 NC),1.37,30%,9.16,35%,,0.00,0%,0%,0.0,"5' 5""",135 lbs.,--,,"Feb 13, 1986"
9bff1b4c37ebbede,3-11-0 (1 NC),0.00,0%,0.00,0%,,0.00,0%,0%,0.0,--,205 lbs.,--,,"Jul 29, 1980"
ee9d73f4fee9cbdd,34-10-1 (1 NC),1.95,42%,2.40,55%,,1.30,29%,36%,2.4,"6' 3""",240 lbs.,"77""",Orthodox,"Jun 02, 1976"
73e09f837f3b5ecc,23-10-0,2.43,35%,2.34,59%,,0.64,44%,62%,0.8,"6' 2""",205 lbs.,"75""",Southpaw,"Jun 02, 1976"
4c27ca8c8481f79a,18-6-3,0.60,20%,4.18,57%,,0.00,0%,0%,0.0,"5' 7""",145 lbs.,--,Orthodox,"Jan 15, 1978"
a3d1d060f9af97fe,6-0-0,0.00,0%,0.00,0%,,0.00,0%,0%,0.0,"5' 10""",145 lbs.,--,,"Oct 13, 1985"
7339d340aa2889cb,22-10-1,3.23,50%,2.09,64%,,1.53,54%,66%,0.8,"6' 1""",170 lbs.,"76""",Southpaw,"Mar 18, 1980"
6c3b2525436cf5d4,11-1-0,4.84,45%,3.74,48%,,1.08,26%,58%,1.4,"6' 3""",155 lbs.,"73""",Southpaw,"Mar 08, 2000"
64b12fe31be7560c,8-5-0,1.68,34%,2.59,44%,,0.00,0%,44%,0.0,"6' 2""",170 lbs.,"74""",Orthodox,"Sep 13, 1997"
d665de9b4da87c22,5-4-0,0.00,0%,0.00,0%,,0.00,0%,0%,0.0,"6' 0""",170 lbs.,--,,"Mar 04, 1981"
b7ffa72aa148599a,13-9-0 (1 NC),3.68,35%,3.78,65%,,0.08,20%,68%,0.0,"5' 10""",155 lbs.,"70""",Orthodox,"Dec 07, 1982"
ed9d8ee3a4239b1c,11-2-0,3.58,52%,1.96,58%,,1.81,34%,41%,0.6,"6' 0""",170 lbs.,"71""",Orthodox,"Mar 01, 1996"
bd4389b71fdc0ce2,2-6-0,3.32,51%,4.50,32%,,0.00,0%,66%,2.9,"6' 1""",310 lbs.,--,Southpaw,"Apr 11, 1975"
f21a3d68fb9df387,7-1-0,0.67,30%,0.34,60%,,2.52,25%,0%,0.0,"5' 10""",170 lbs.,--,Orthodox,"Mar 15, 1973"
6b0e83b094f816ac,12-5-2,1.52,37%,2.17,52%,,2.23,17%,14%,3.6,"5' 6""",135 lbs.,"68""",Switch,"Oct 19, 1997"
9e8e5c529057fe60,13-5-0,0.00,0%,0.00,0%,,0.00,0%,0%,0.0,"5' 11""",170 lbs.,--,,"Mar 02, 1981"
459e4dc69ec669b2,11-3-1,1.73,24%,3.55,66%,,0.70,33%,100%,0.0,"6' 0""",155 lbs.,--,Orthodox,"Jun 08, 1979"
64360e618823a8e4,11-8-1,1.79,35%,2.48,56%,,0.99,28%,44%,0.7,"5' 9""",145 lbs.,"72""",Orthodox,"Feb 03, 1984"
0a73acff6325c1e2,39-12-0,1.95,45%,2.64,50%,,3.30,35%,28%,0.2,"5' 8""",145 lbs.,"69""",Orthodox,"May 04, 1994"
b37321c0bb9e8570,13-2-1,0.60,56%,1.60,25%,,4.00,44%,0%,0.0,"6' 0""",234 lbs.,"77""",Orthodox,"Jan 01, 1994"
3a24769a4855040a,19-7-0,2.72,43%,2.59,58%,,1.18,44%,65%,0.6,"5' 6""",145 lbs.,"67""",Orthodox,"Nov 30, 1982"
80fa8218c99f9c58,23-5-0,4.55,51%,2.62,57%,,2.73,54%,82%,0.7,"5' 8""",135 lbs.,"69""",Orthodox,"May 30, 1988"
d343df8ba11f4c4e,11-7-0,4.39,45%,3.47,55%,,0.24,33%,73%,0.5,"5' 5""",125 lbs.,"64""",Orthodox,"Dec 03, 1985"
efc67b07eed39794,6-6-0 (1 NC),4.28,47%,4.07,59%,,0.00,0%,47%,0.0,"5' 4""",115 lbs.,"66""",Orthodox,"Jul 23, 1992"
68d35296f566792b,10-4-0,5.65,43%,5.76,51%,,0.00,0%,58%,0.0,"5' 2""",135 lbs.,"67""",Southpaw,"Dec 23, 1993"
709fadb644ee3f51,11-2-0,4.52,59%,2.81,61%,,1.37,75%,80%,0.0,"6' 2""",205 lbs.,"74""",Southpaw,"Apr 22, 1997"
032cc3922d871c7f,29-0-0,4.10,48%,1.75,65%,,5.32,48%,84%,0.8,"5' 10""",155 lbs.,"70""",Orthodox,"Sep 20, 1988"
0fd5f4b838e890cc,18-5-0,3.08,48%,2.05,55%,,0.86,15%,63%,1.1,"5' 8""",135 lbs.,"70""",Orthodox,"Apr 05, 1992"
029e1293e609fd74,17-4-1,2.78,53%,2.61,65%,,1.25,22%,88%,0.0,"5' 11""",170 lbs.,"72""",Orthodox,"Nov 13, 1989"
2b6fc1c02736833d,20-1-0,3.86,56%,1.86,61%,,4.03,46%,79%,0.2,"5' 8""",135 lbs.,"69""",Orthodox,"Jan 03, 1996"
689502703bbfe5f2,13-2-0,0.00,0%,0.00,0%,,0.00,0%,0%,0.0,--,155 lbs.,--,,"Aug 02, 1997"
8667caa0451d245b,14-6-1,4.96,46%,4.58,51%,,0.50,45%,80%,0.2,"6' 5""",236 lbs.,"83""",Southpaw,"Jun 13, 1992"
20bcc9966affb19c,15-4-0,1.31,31%,1.92,69%,,6.39,54%,25%,0.2,"6' 3""",205 lbs.,"76""",Orthodox,"Sep 25, 1984"
d25b93992f285953,20-8-0,3.77,46%,4.78,57%,,0.94,100%,0%,0.0,"6' 2""",155 lbs.,--,Orthodox,"Jan 01, 1987"
cb52f9490c2dc069,17-9-0,5.46,48%,6.77,45%,,0.00,0%,30%,0.5,"6' 1""",205 lbs.,"74""",Orthodox,"Sep 02, 1983"
69ea0119f6f0dfe0,6-6-0 (1 NC),4.00,56%,5.10,54%,,0.00,0%,100%,0.0,"5' 4""",115 lbs.,--,,"Nov 17, 1982"
46effbd1135423c5,4-2-0,8.28,57%,22.76,21%,,0.00,0%,0%,0.0,"6' 5""",270 lbs.,--,Orthodox,"Feb 25, 1971"
b50a426a33da0012,20-3-0 (1 NC),5.98,60%,3.40,59%,,0.23,42%,60%,0.2,"5' 11""",135 lbs.,"72""",Switch,"Oct 24, 1994"
338fda4ec7034c5d,13-25-0,1.15,40%,7.50,23%,,0.00,0%,0%,0.0,"5' 8""",260 lbs.,--,,"Oct 25, 1977"
56bc9ccb609df534,17-9-0,3.13,37%,4.40,72%,,0.00,0%,0%,0.0,"6' 2""",170 lbs.,--,,"Sep 22, 1985"
04835018f90b118c,11-2-0,7.89,52%,5.53,57%,,1.40,34%,70%,0.7,"5' 6""",125 lbs.,"69""",Orthodox,"Oct 07, 1997"
494b0bfdbac74502,6-3-0 (1 NC),1.90,47%,2.77,39%,,2.22,43%,36%,0.6,"5' 7""",170 lbs.,"69""",Orthodox,"Jun 24, 1987"
7139cd2ae4bf6a29,5-7-1,0.23,25%,1.82,69%,,0.00,0%,0%,0.0,"5' 8""",200 lbs.,--,Southpaw,"Aug 14, 1976"
6e3282d57d2467a0,12-5-1,0.63,28%,2.53,55%,,0.50,50%,41%,0.5,"5' 8""",145 lbs.,--,Orthodox,"Jan 15, 1981"
88be62d6c1e6dadb,9-2-0 (1 NC),5.16,47%,2.99,58%,,0.30,25%,65%,0.9,"5' 7""",125 lbs.,"67""",Southpaw,"Dec 31, 2000"
2d6d6ffe5a446ea2,2-1-0,1.73,53%,5.27,34%,,0.00,0%,63%,0.0,"5' 8""",135 lbs.,"69""",Orthodox,"Feb 05, 1996"
629bac37f70891fb,8-3-0,2.07,62%,1.93,38%,,4.00,100%,25%,0.0,"5' 5""",125 lbs.,"63""",Orthodox,"Feb 13, 1998"
f43907e75f8d9baa,13-3-0,0.00,0%,0.00,0%,,0.00,0%,0%,0.0,"6' 5""",265 lbs.,--,Orthodox,"May 08, 1975"
0845c81e37d3bcb3,21-8-0,4.99,48%,4.19,55%,,0.50,29%,80%,0.1,"6' 2""",205 lbs.,"75""",Orthodox,"Sep 19, 1989"
7facc9c45d792985,15-4-1,2.49,47%,3.17,56%,,0.34,7%,0%,0.7,"5' 7""",145 lbs.,"66""",Orthodox,"Jun 19, 1993"
4b2390cfaceb91d8,7-2-0,2.41,42%,1.66,47%,,1.25,100%,66%,1.2,"6' 4""",255 lbs.,--,Orthodox,"Mar 31, 1968"
cfc3e7bb44685289,18-7-0 (1 NC),3.20,50%,3.49,55%,,1.89,32%,100%,0.7,"5' 11""",155 lbs.,"72""",Orthodox,"Nov 14, 1989"
b6c4451cb13c9303,9-6-0,2.24,44%,2.23,50%,,1.44,26%,58%,0.0,"5' 8""",145 lbs.,"69""",Orthodox,"Feb 16, 1989"
5c020ee6ab450870,7-2-1,0.00,0%,0.00,0%,,0.00,0%,0%,0.0,--,155 lbs.,--,,"Jul 20, 1993"
6a8a06b542e1516d,0-2-0,0.28,29%,3.13,48%,,0.00,0%,33%,0.0,"5' 10""",205 lbs.,--,Orthodox,"Nov 15, 1967"
01daf32100ed7517,25-10-10,1.43,9%,17.86,43%,,0.00,0%,0%,0.0,"5' 8""",170 lbs.,--,Orthodox,"May 31, 1977"
32541eb5d12668b4,3-3-2,0.00,0%,0.00,0%,,0.00,0%,0%,0.0,"6' 1""",290 lbs.,--,Orthodox,"May 08, 1973"
acff437707625fc7,34-12-0,2.06,38%,2.25,60%,,1.98,39%,84%,0.5,"6' 2""",170 lbs.,"75""",Southpaw,"Jul 21, 1981"
aa40fe6038db56cb,7-1-0,6.93,55%,5.27,50%,,0.00,0%,100%,0.0,"5' 11""",155 lbs.,"76""",Orthodox,"Nov 04, 1990"
4bdedbdeedff7d1d,10-4-0,6.42,45%,5.12,61%,,1.02,57%,75%,0.0,"5' 10""",155 lbs.,"73""",Orthodox,"Nov 15, 1995"
33454ad90754cb49,7-9-0,1.53,38%,1.97,46%,,0.51,25%,36%,2.0,"5' 11""",175 lbs.,--,Orthodox,"Jun 30, 1979"
02a65a55f25fb4f3,8-5-0,0.00,0%,4.27,34%,,0.00,0%,0%,4.3,--,--,--,,"Jan 16, 1976"
98c23cb6da5b3352,60-17-1,3.29,48%,3.80,44%,,1.82,46%,37%,1.9,"6' 2""",240 lbs.,"80""",Orthodox,"Jun 20, 1977"
0d65c432720accb9,22-10-0 (1 NC),5.73,52%,4.45,60%,,0.99,42%,52%,0.0,"6' 0""",185 lbs.,"74""",Southpaw,"Feb 22, 1995"
084532da3d25f3b8,17-3-0,1.99,86%,0.77,47%,,5.77,85%,100%,0.0,"6' 3""",185 lbs.,"75""",Southpaw,"Jan 06, 2000"
15b1b21cd743d652,17-8-0,2.19,33%,3.38,59%,,2.49,36%,11%,1.6,"5' 8""",155 lbs.,"71""",Orthodox,"Jan 26, 1982"
07225ba28ae309b6,37-11-0 (1 NC),3.23,55%,3.05,48%,,2.29,39%,54%,2.6,"5' 10""",155 lbs.,"74""",Orthodox,"Oct 17, 1989"
bec2746f033802c3,5-3-1 (1 NC),0.00,0%,0.00,0%,,0.00,0%,0%,0.0,"6' 1""",205 lbs.,--,,--
acd9513399a8b09b,17-3-1 (1 NC),1.03,22%,1.80,52%,,0.00,0%,42%,0.0,"6' 5""",205 lbs.,--,Orthodox,"Feb 19, 1984"
57b10fca4f9c9a7a,22-12-1 (2 NC),2.99,51%,2.55,46%,,2.35,38%,63%,0.6,"5' 11""",170 lbs.,"76""",Orthodox,"Feb 21, 1988"
37d752ec41ed84bb,13-7-0,5.03,38%,5.76,44%,,0.95,44%,47%,0.0,"5' 6""",115 lbs.,"69""",Orthodox,"Dec 12, 1996"
1e85912c9bab7e2b,8-2-0,3.44,33%,4.92,54%,,0.00,0%,0%,0.0,"6' 4""",205 lbs.,"80""",Orthodox,"May 02, 1984"
72ea1984c52019b5,18-7-0,2.62,42%,3.87,45%,,1.18,28%,36%,1.2,"5' 4""",135 lbs.,"72""",Orthodox,"Apr 21, 1991"
18d01f7f8338ae72,24-4-0,5.44,47%,2.86,58%,,1.27,43%,71%,0.2,"5' 9""",145 lbs.,"70""",Switch,"Nov 30, 1995"
4948e412fa6ab67d,7-4-1,1.91,30%,3.72,46%,,0.88,50%,46%,0.0,"5' 5""",115 lbs.,"65""",Orthodox,"Feb 20, 1997"
037cfd34a27d59e9,9-0-0,8.40,51%,3.36,66%,,0.00,0%,100%,0.0,"6' 1""",170 lbs.,"78""",Orthodox,"Jan 21, 1998"
32c03df3c9760069,29-10-0,3.77,47%,4.40,47%,,0.00,0%,100%,0.0,"5' 10""",170 lbs.,--,Orthodox,"Jun 01, 1983"
948880beac71f028,14-5-0 (1 NC),6.68,58%,4.60,57%,,0.00,0%,71%,0.0,"5' 9""",155 lbs.,--,Orthodox,"Apr 12, 1985"
e96d8538d3f9d0ed,3-1-0,2.36,57%,0.32,85%,,0.68,100%,80%,0.0,"6' 0""",154 lbs.,--,Orthodox,"Jun 12, 1983"
dfbb95ca0c143988,5-2-0,0.00,0%,0.00,0%,,0.00,0%,0%,0.0,"5' 7""",145 lbs.,--,,"Dec 17, 1980"
7613773461b276f4,14-5-0,2.48,60%,0.00,100%,,3.54,57%,100%,1.8,"5' 7""",145 lbs.,--,Orthodox,--
8e0709784259402d,14-11-0,1.02,42%,5.27,38%,,2.77,40%,0%,0.0,"6' 0""",170 lbs.,--,,--
5a9104718439ef44,7-3-0 (1 NC),3.13,47%,2.20,57%,,3.00,42%,100%,1.0,"6' 1""",205 lbs.,"75""",Orthodox,"Nov 22, 1989"
684d3aee255a3d09,13-2-0,1.80,39%,2.20,39%,,1.35,30%,60%,0.5,"6' 1""",170 lbs.,"71""",Switch,"Feb 24, 1993"
f2ad06f1007c481a,20-5-0,3.49,55%,2.21,64%,,1.69,42%,66%,0.0,"5' 10""",145 lbs.,--,Orthodox,"Sep 14, 1988"
470fedbc8563ac47,19-8-1 (1 NC),3.09,57%,3.29,47%,,0.56,26%,68%,0.1,"6' 0""",247 lbs.,"74""",Southpaw,"Aug 31, 1982"
9f842be1a5337be6,17-14-1,2.01,39%,3.06,64%,,1.19,36%,49%,1.5,"5' 6""",145 lbs.,"68""",Orthodox,"Dec 19, 1975"
ffe9703408fb5964,14-3-0,5.07,50%,4.89,51%,,1.05,30%,52%,0.5,"5' 11""",145 lbs.,"74""",Orthodox,"Jun 07, 1994"
318572f6f74b760d,11-9-0,1.89,41%,5.86,31%,,0.00,0%,30%,0.0,"6' 2""",155 lbs.,"74""",Switch,"Jul 04, 1991"
887e09328cd63df1,5-0-0,5.60,55%,3.40,52%,,0.00,0%,100%,0.0,"6' 3""",185 lbs.,--,Orthodox,"Apr 18, 1994"
bf2c8e01b07d3eb1,16-2-1,2.78,50%,2.70,51%,,8.77,59%,40%,0.5,"5' 10""",170 lbs.,"74""",Orthodox,"Feb 10, 1998"
6b8db407d49c6e4b,13-3-0,7.68,56%,1.44,70%,,3.60,33%,100%,0.0,"6' 2""",170 lbs.,--,,"Jun 17, 1985"
def8166ff24bd237,16-5-0 (1 NC),3.84,37%,6.38,49%,,0.93,25%,54%,0.9,"5' 8""",155 lbs.,"69""",Switch,"Feb 21, 1991"
2f732dd9210d301f,19-12-1,2.59,46%,2.88,60%,,2.47,35%,54%,0.6,"6' 3""",205 lbs.,"74""",Orthodox,"Jan 23, 1975"
9c5828c6fd9dc948,18-9-1 (1 NC),3.53,58%,2.80,73%,,0.00,0%,0%,0.0,"6' 0""",185 lbs.,--,Orthodox,--
f53c1f4ceeed8c08,19-8-0,2.94,44%,2.17,56%,,3.01,36%,52%,0.1,"5' 5""",125 lbs.,"65""",Orthodox,"Dec 25, 1988"
8eb239a52fc4ec14,20-11-2,2.34,35%,2.14,63%,,0.91,58%,68%,0.7,"5' 7""",135 lbs.,"66""",Orthodox,"Nov 04, 1976"
6d68c1afe954f121,13-9-0 (2 NC),2.94,40%,3.24,49%,,0.94,29%,66%,0.4,"5' 7""",125 lbs.,"73""",Southpaw,"Jan 09, 1992"
f84dfc5a8d178403,4-1-0,0.00,0%,0.00,0%,,0.00,0%,0%,0.0,--,185 lbs.,--,,--
5b407acfe0ef9b76,6-3-0,2.83,50%,3.77,50%,,1.20,45%,71%,1.0,"6' 2""",170 lbs.,"76""",Orthodox,"Dec 30, 1984"
d632d156c0549e07,12-4-0,3.15,58%,2.90,41%,,0.63,12%,42%,1.3,"6' 2""",185 lbs.,--,Orthodox,"May 01, 1981"
01784fbc27c68b14,4-6-0,2.54,43%,3.97,57%,,2.03,83%,66%,0.8,"5' 3""",125 lbs.,"62""",Orthodox,"Feb 25, 1991"
4512e46543b960ad,19-8-0,0.00,0%,0.00,0%,,0.00,0%,0%,0.0,"6' 3""",245 lbs.,--,Orthodox,"Dec 17, 1967"
865aa315ea62c511,5-13-0,0.90,55%,1.16,51%,,1.51,43%,53%,0.8,"6' 1""",205 lbs.,--,Orthodox,"Jul 17, 1971"
6b8f28da9a483049,22-13-2,1.29,27%,2.12,67%,,1.64,27%,65%,0.0,"5' 6""",139 lbs.,--,Orthodox,"Aug 22, 1986"
7ce21433c2a53168,12-3-0,0.00,0%,0.00,0%,,0.00,0%,0%,0.0,"6' 0""",155 lbs.,"72""",Orthodox,"Oct 22, 1992"
47cd337b86b1af92,17-7-0,2.63,36%,2.73,58%,,0.97,29%,57%,0.4,"5' 11""",170 lbs.,"72""",Orthodox,"Dec 22, 1986"
1ef0eae31904e534,9-6-0,1.20,33%,1.67,82%,,3.00,75%,33%,0.0,"5' 7""",154 lbs.,--,Orthodox,"Feb 27, 1979"
871ce0b4a01922b6,8-4-0,0.13,33%,0.80,71%,,3.00,75%,0%,3.0,"5' 8""",170 lbs.,"74""",Orthodox,"Apr 11, 1992"
b4ad3a06ee4d660c,47-19-0 (1 NC),3.67,64%,2.44,57%,,1.42,55%,73%,0.8,"6' 4""",265 lbs.,"80""",Orthodox,"May 17, 1980"
20e403a1acfef130,30-32-0,0.93,34%,1.49,58%,,1.86,50%,0%,4.7,"6' 3""",230 lbs.,--,Orthodox,"Aug 17, 1976"
4bb9d7a32d02a03e,0-3-0,0.00,0%,0.00,0%,,0.00,0%,0%,0.0,"5' 9""",155 lbs.,--,,"Feb 14, 1973"
47b7e4e60813b7b2,14-19-0,0.64,25%,1.96,57%,,1.07,57%,62%,0.5,"5' 11""",185 lbs.,--,Southpaw,"Apr 11, 1974"
8997ee20b6a43d76,6-1-2,1.20,35%,1.07,55%,,0.00,0%,36%,0.0,"5' 7""",135 lbs.,"68""",Orthodox,"Dec 15, 2001"
e18a19001a3f7c7d,9-5-0,3.81,32%,5.72,59%,,4.21,58%,75%,0.0,"5' 5""",125 lbs.,"65""",Orthodox,"Mar 27, 1986"
373be586f370d400,6-5-0,1.71,56%,3.42,46%,,0.00,0%,18%,0.0,"5' 7""",135 lbs.,--,,"Oct 14, 1990"
8cb76103cd8a1562,8-3-0,1.48,34%,3.14,57%,,2.52,43%,54%,0.5,"5' 7""",135 lbs.,"68""",Orthodox,"Apr 17, 1987"
4652b685fa11e7fd,7-2-0,0.00,0%,0.00,0%,,0.00,0%,0%,0.0,--,185 lbs.,--,,"Apr 09, 1996"
16b89be2f5c16fba,10-2-0,1.21,19%,4.14,55%,,0.00,0%,0%,0.0,"5' 7""",135 lbs.,--,Orthodox,"Sep 07, 1994"
07797f10b9569cfc,7-4-0,7.58,36%,10.56,41%,,0.33,50%,16%,0.0,"5' 8""",135 lbs.,"70""",Orthodox,"Jan 13, 1992"
8f4eeaf7a0df7c1a,8-3-0,2.57,54%,3.91,47%,,2.31,25%,100%,1.5,"6' 1""",155 lbs.,"75""",Orthodox,"May 22, 1987"
c51da79b0346b5b7,10-5-0,4.69,53%,2.68,63%,,5.03,100%,100%,5.0,"5' 7""",135 lbs.,--,,"Jul 28, 1984"
856c4d2668a875f9,3-3-0,0.00,0%,0.00,0%,,0.00,0%,0%,0.0,"5' 11""",155 lbs.,--,,"Jan 23, 1978"
01dd4cdc2446f665,12-6-0,2.20,27%,2.00,76%,,0.00,0%,50%,0.0,"5' 11""",205 lbs.,--,,"May 04, 1980"
d2f43cfaf8ca3560,16-6-0,6.07,40%,5.74,52%,,0.00,0%,100%,0.6,"6' 1""",145 lbs.,"76""",Orthodox,"Dec 15, 1996"
06626b6287e1ae1e,17-6-1,6.19,54%,4.88,49%,,1.13,28%,80%,0.3,"5' 9""",155 lbs.,"74""",Orthodox,"Sep 14, 1995"
c96e2ae6021144a1,19-10-0,2.05,38%,2.47,51%,,2.63,64%,23%,0.9,"5' 6""",135 lbs.,"66""",Orthodox,"Sep 30, 1982"
a67d071163962af8,25-3-0,2.28,58%,1.51,62%,,0.19,16%,70%,0.0,"6' 3""",170 lbs.,"79""",Switch,"Apr 07, 1987"
0e75cd3ba8274cea,10-2-0,0.00,0%,0.00,0%,,0.00,0%,0%,0.0,--,145 lbs.,--,,"Jun 19, 1997"
55f80a8aeffcdb33,12-11-0,1.65,53%,2.96,41%,,1.03,44%,55%,2.6,"5' 9""",135 lbs.,"74""",Orthodox,"Aug 05, 1987"
1e12c1dbbb1e2dda,8-2-0,0.00,0%,0.00,0%,,0.00,0%,0%,0.0,"5' 6""",125 lbs.,--,,"Apr 05, 1991"
82b4e942781b1046,21-5-0,4.14,42%,5.01,48%,,0.65,23%,77%,0.2,"5' 8""",135 lbs.,"69""",Orthodox,"Oct 17, 1995"
ad3a5e465c76e499,13-8-0,2.60,41%,2.73,67%,,0.00,0%,81%,0.0,"5' 9""",145 lbs.,"71""",Southpaw,"May 26, 1988"
320edfb0332b7073,10-5-0 (1 NC),1.71,54%,2.31,62%,,0.62,11%,10%,2.2,"5' 6""",145 lbs.,"66""",Orthodox,"May 13, 1979"
e530df53922f413e,8-2-0,6.03,57%,8.20,52%,,0.00,0%,66%,0.0,"5' 10""",145 lbs.,"69""",Orthodox,"Dec 18, 1994"
de20ffb3fc2e7629,3-2-0,2.67,70%,1.00,79%,,0.00,0%,50%,1.7,"5' 9""",145 lbs.,--,Orthodox,"Nov 10, 1982"
797ddccda75f169f,10-1-0,7.73,53%,3.27,59%,,0.00,0%,100%,0.0,"5' 6""",145 lbs.,--,Orthodox,"Jul 05, 1987"
4304992c2acc187b,36-17-0,2.67,32%,3.97,57%,,0.65,31%,53%,0.5,"5' 9""",145 lbs.,"70""",Orthodox,"May 30, 1983"
a6c20202c701e5ca,6-4-0,6.69,53%,5.44,52%,,0.72,100%,70%,0.0,"6' 1""",170 lbs.,"72""",Switch,"Mar 15, 1989"
60029bcf496bd707,22-5-0,2.47,57%,2.68,48%,,2.20,47%,66%,0.0,"6' 4""",265 lbs.,"81""",Orthodox,"Jul 12, 1977"
8ddf9c51c5fdea75,19-8-0,1.75,51%,2.04,59%,,3.93,45%,0%,4.1,"5' 8""",170 lbs.,"71""",Orthodox,"Feb 26, 1980"
e8c170a64dc920ac,2-16-0,0.00,0%,0.00,0%,,0.00,0%,0%,0.0,--,180 lbs.,--,,--
ab7c212de9f66af0,11-7-1,0.00,0%,0.00,0%,,0.00,0%,0%,0.0,"5' 4""",143 lbs.,--,,"Jan 29, 1967"
f31c0905045fa100,16-4-0,0.00,0%,0.00,0%,,0.00,0%,0%,0.0,"5' 11""",170 lbs.,--,,"Feb 20, 1973"
2742f028399bf8c7,6-2-0 (1 NC),2.53,51%,5.60,46%,,1.00,20%,50%,0.0,"5' 5""",125 lbs.,"67""",Southpaw,"Dec 07, 1996"
36d811b015635b67,9-1-0,3.65,50%,2.55,60%,,2.64,57%,36%,0.0,"6' 1""",185 lbs.,"72""",Orthodox,"Aug 30, 1996"
a0f0004aadf10b71,30-6-0,4.38,50%,3.88,49%,,2.79,47%,69%,1.0,"5' 5""",125 lbs.,"67""",Orthodox,"Apr 16, 1990"
edad57b3dddf2168,20-13-0 (1 NC),3.33,39%,3.81,44%,,0.00,0%,50%,0.0,"5' 8""",135 lbs.,"67""",Southpaw,"Feb 01, 1988"
bd381cde8426077a,3-2-0,1.00,23%,4.27,43%,,0.00,0%,0%,0.0,"5' 3""",115 lbs.,"63""",Orthodox,"Apr 28, 1993"
74fefd43f073cd2f,4-6-0,0.00,0%,0.00,0%,,0.00,0%,0%,0.0,"6' 1""",210 lbs.,--,Southpaw,--
56116537d71a578c,13-16-0,1.11,36%,4.59,45%,,4.75,40%,33%,0.0,"6' 1""",205 lbs.,--,Orthodox,"Oct 22, 1968"
749685d24e2cac50,9-6-1 (2 NC),0.00,0%,0.00,0%,,0.00,0%,0%,0.0,"6' 3""",260 lbs.,--,Southpaw,"May 23, 1969"
7573d25a078b5732,13-6-0,0.00,0%,2.86,45%,,0.00,0%,0%,0.0,"5' 8""",155 lbs.,--,Orthodox,"Aug 31, 1978"
b5da8f7d05e85a55,15-8-0,4.55,48%,4.88,41%,,0.98,33%,46%,0.2,"6' 4""",265 lbs.,"79""",Orthodox,"Jun 28, 1989"
349aaa3da11eb587,24-11-0 (1 NC),2.49,41%,2.19,58%,,5.27,59%,59%,1.0,"5' 10""",170 lbs.,"72""",Orthodox,"Aug 28, 1982"
9df394db5ca103eb,11-7-1 (1 NC),2.60,43%,2.20,47%,,0.00,0%,0%,0.0,"5' 11""",154 lbs.,--,Orthodox,"Dec 16, 1986"
285ae0b4a68221f4,19-7-0,4.64,51%,3.82,51%,,1.69,42%,54%,0.8,"5' 10""",185 lbs.,"73""",Orthodox,"Feb 27, 1991"
b709b534b6873744,12-3-0,3.77,50%,7.21,33%,,0.00,0%,0%,0.0,"6' 0""",155 lbs.,"70""",Orthodox,"Mar 22, 1986"
b671bdf981ad527d,10-2-0,3.38,41%,3.14,55%,,1.50,31%,47%,1.8,"5' 7""",125 lbs.,"66""",Orthodox,"Nov 04, 1995"
fe1595732dfb08fc,8-4-0,1.75,67%,1.36,45%,,2.31,85%,22%,0.4,"5' 8""",155 lbs.,"73""",Orthodox,"Dec 10, 2001"
f79e7f138bf50cc0,9-2-1,3.78,40%,3.92,47%,,0.00,0%,0%,0.0,"6' 0""",145 lbs.,"71""",Orthodox,"Dec 26, 2001"
504d3a11e4408253,9-3-0,4.07,34%,2.67,58%,,1.00,50%,75%,0.0,"5' 2""",115 lbs.,"61""",Orthodox,"May 14, 1999"
14ff46596ad80609,23-6-1,3.06,35%,2.88,64%,,1.98,26%,77%,0.0,"5' 11""",155 lbs.,"70""",Southpaw,"Dec 22, 1986"
6a0b80a24f22e152,0-1-0,0.00,0%,0.00,0%,,0.00,0%,0%,0.0,"6' 3""",235 lbs.,--,Southpaw,--
c0231720fe516994,13-6-1,0.00,0%,0.00,0%,,0.00,0%,0%,0.0,"5' 11""",205 lbs.,--,Orthodox,"Aug 15, 1963"
64be3dc99eaa42b6,4-5-0,1.50,22%,9.00,14%,,0.00,0%,0%,0.0,"5' 5""",115 lbs.,--,Orthodox,"Sep 18, 1989"
0d5cc0170c1a7e71,10-1-0,4.70,50%,4.13,58%,,1.38,46%,50%,0.2,"6' 4""",265 lbs.,"79""",Orthodox,"Oct 02, 1995"
86ad0ae839331bd7,5-2-0,0.00,0%,0.00,0%,,0.00,0%,0%,0.0,"5' 10""",185 lbs.,--,,"Nov 04, 1983"
8b2a18d3c6735083,11-2-0,3.29,40%,2.37,60%,,1.54,21%,50%,1.0,"5' 9""",145 lbs.,--,,"Aug 26, 1990"
9fe7af8b3fbe00a0,11-6-0,3.54,51%,3.25,54%,,3.46,36%,71%,2.3,"5' 11""",170 lbs.,"71""",Orthodox,"Jul 15, 1995"
2975297f505e9447,9-3-0,4.65,44%,4.89,60%,,0.00,0%,66%,0.0,"5' 9""",170 lbs.,"69""",Orthodox,"Sep 06, 1991"
96d173b7f92aa520,2-1-0,0.00,0%,0.00,0%,,0.00,0%,0%,0.0,"5' 11""",200 lbs.,--,,--
3eb4dc9a7d4ac906,6-5-0,3.87,57%,8.43,46%,,1.81,19%,100%,0.0,"5' 7""",135 lbs.,"66""",Southpaw,"Sep 23, 1988"
15b1f83a90302adf,3-0-0,0.00,0%,0.00,0%,,0.00,0%,0%,0.0,--,205 lbs.,--,,--
e5a59983f4603621,10-3-0,0.65,20%,5.22,48%,,0.00,0%,0%,4.9,"5' 5""",125 lbs.,"66""",Switch,"Aug 07, 1991"
ba15006c804a8de0,6-1-0,2.70,61%,2.03,51%,,0.00,0%,100%,0.0,"6' 6""",265 lbs.,"81""",Orthodox,"Apr 20, 1994"
12954cff4025a427,19-4-1,0.00,0%,0.00,0%,,0.00,0%,0%,0.0,--,170 lbs.,--,,"Aug 18, 1995"
6b16024d44eb03a2,6-4-0,2.88,53%,6.13,33%,,2.70,100%,0%,0.0,"6' 1""",185 lbs.,"75""",Switch,"Aug 29, 1990"
66d42e9503fa108e,8-1-0,0.31,50%,7.64,31%,,0.00,0%,0%,0.0,"5' 6""",155 lbs.,"71""",Southpaw,"Jul 19, 1993"
c8cca8f3de5be4b4,38-19-2 (2 NC),1.33,30%,3.14,53%,,0.54,25%,50%,0.0,"5' 8""",170 lbs.,--,Orthodox,"Aug 05, 1973"
eafedba0617ced81,6-4-0,0.00,0%,0.00,0%,,0.00,0%,0%,0.0,"5' 9""",145 lbs.,--,,"Sep 30, 1984"
56116a79e4deed06,14-2-0,1.80,55%,0.89,69%,,2.32,53%,84%,1.7,"5' 11""",170 lbs.,"75""",Orthodox,"Jun 14, 1980"
cd7763bcadb5d4c8,15-4-0 (1 NC),1.82,40%,2.95,43%,,3.01,33%,43%,0.3,"5' 11""",155 lbs.,"74""",Southpaw,"Jul 19, 1983"
83d0de122f2f9664,12-4-0,1.65,28%,5.53,55%,,0.00,0%,0%,0.0,"6' 0""",205 lbs.,--,Orthodox,--
2dc7c49cfaeb867c,9-3-0,0.00,0%,0.00,0%,,0.00,0%,0%,0.0,"5' 10""",170 lbs.,--,,"Dec 07, 1985"
8b6e5dc2ba1edbe7,14-3-1,2.62,37%,3.06,50%,,0.82,50%,33%,1.6,"6' 3""",170 lbs.,"78""",Orthodox,"Apr 30, 1996"
56f7d7ee06be4aab,7-3-0,4.46,62%,2.73,58%,,0.38,7%,100%,0.0,"6' 2""",205 lbs.,"76""",Orthodox,"Feb 25, 1988"
60c72f7459827881,23-5-0,0.97,27%,1.87,48%,,0.00,0%,37%,0.5,"6' 0""",170 lbs.,--,Orthodox,"Dec 04, 1975"
dda67d7d3df6b406,11-4-0,7.33,33%,8.67,64%,,0.00,0%,0%,0.0,"5' 7""",155 lbs.,"67""",Orthodox,"Oct 15, 1994"
f14cf73e51b29254,21-3-0,4.49,44%,3.58,56%,,0.47,25%,75%,0.0,"6' 3""",257 lbs.,"84""",Southpaw,"May 13, 1992"
9310418684bc896f,12-3-0,1.67,33%,2.22,53%,,1.00,37%,70%,0.0,"6' 0""",170 lbs.,"73""",Orthodox,"Feb 08, 1989"
b4ce04f082391b54,10-1-0,0.00,0%,0.00,0%,,0.00,0%,0%,0.0,--,155 lbs.,--,,"Aug 04, 1995"
d0a5ef38a7778ac2,16-12-0 (1 NC),4.25,42%,3.58,57%,,0.36,100%,60%,0.4,"5' 10""",145 lbs.,--,Orthodox,"Mar 14, 1982"
748d4e35f846a029,1-4-0,0.29,16%,2.06,30%,,0.00,0%,0%,0.0,"5' 4""",115 lbs.,--,,--
2e04a3b4a2011b97,0-1-0,0.00,0%,0.00,0%,,0.00,0%,0%,0.0,"5' 9""",205 lbs.,--,Orthodox,--
87c0b1c696ddfb43,14-7-0,5.12,54%,3.32,54%,,5.02,50%,55%,0.8,"6' 0""",145 lbs.,"71""",Switch,"May 01, 1992"
122806b56775a53a,45-30-1,0.59,18%,3.51,33%,,0.00,0%,0%,4.4,"5' 10""",145 lbs.,--,Orthodox,"Mar 28, 1978"
4f732e58ed907eff,20-16-0 (1 NC),3.68,40%,4.09,62%,,0.74,35%,75%,0.0,"5' 8""",155 lbs.,"69""",Orthodox,"Sep 26, 1984"
bba678d312590087,1-1-2,0.00,0%,0.00,0%,,0.00,0%,0%,0.0,"5' 8""",155 lbs.,--,Orthodox,"Mar 22, 1967"
198994b47f395af0,11-3-0,4.17,37%,4.12,61%,,2.91,44%,0%,0.0,"5' 11""",170 lbs.,"75""",Southpaw,"Jun 08, 1993"
f354c50b8d63d9b3,3-1-0,0.00,0%,0.00,0%,,0.00,0%,0%,0.0,--,--,--,,--
49e96ff8ab781589,10-5-0,2.90,59%,2.39,56%,,0.76,30%,50%,0.8,"6' 3""",205 lbs.,"79""",Orthodox,"Sep 17, 1991"
0bc697c5936a2d0a,9-3-0 (1 NC),4.39,53%,3.88,43%,,1.45,50%,52%,0.0,"5' 9""",145 lbs.,"70""",Switch,"Jan 09, 1995"
e7bfdb5e0112891e,9-10-1,0.00,0%,0.00,0%,,0.00,0%,0%,0.0,"5' 9""",220 lbs.,--,Orthodox,"Oct 26, 1965"
38ed5a2299230227,12-2-2,0.00,0%,0.88,33%,,0.00,0%,0%,0.0,"5' 8""",135 lbs.,--,Orthodox,"Jul 21, 1992"
aa1952ec0b3dd8e1,16-7-0,2.45,43%,1.94,63%,,2.90,54%,69%,0.8,"5' 8""",155 lbs.,"70""",Orthodox,"May 07, 1979"
bfe95ec546692b13,11-13-0,0.59,25%,0.89,66%,,4.43,100%,0%,0.0,"5' 11""",205 lbs.,--,Orthodox,"Mar 20, 1980"
3253b16d38ae087d,13-6-0,3.10,44%,2.56,57%,,1.70,54%,24%,0.8,"5' 6""",135 lbs.,"69""",Orthodox,"Aug 19, 1989"
2844b047183a1adb,9-3-0,3.66,46%,3.12,51%,,1.17,33%,48%,1.2,"6' 3""",155 lbs.,"75""",Southpaw,"Jul 05, 1993"
566ff9546fc29acd,0-0-0,0.00,0%,0.00,0%,,0.00,0%,0%,0.0,--,--,--,,"Oct 19, 1991"
abd64006fd37298d,6-1-0,1.28,33%,2.55,33%,,0.00,0%,0%,0.0,"6' 3""",185 lbs.,"83""",Southpaw,"Oct 14, 1996"
e670f8cc2969a789,11-18-0 (1 NC),1.23,36%,3.08,16%,,4.62,100%,0%,0.0,"6' 1""",235 lbs.,--,Orthodox,"Aug 01, 1967"
34b634cb2471bdde,5-0-0,0.00,0%,0.00,0%,,0.00,0%,0%,0.0,--,145 lbs.,--,,"Dec 08, 1983"
99c7610aa74995d3,17-4-1,2.49,44%,3.01,55%,,2.46,23%,83%,0.4,"6' 1""",170 lbs.,"75""",Orthodox,"Sep 02, 1987"
73c7cfa551289285,16-14-2,2.76,48%,3.20,56%,,1.19,55%,74%,0.5,"5' 9""",155 lbs.,"70""",Orthodox,"Dec 13, 1978"
c742287ed86a09bc,14-9-0,2.63,33%,5.05,45%,,1.29,18%,36%,0.5,"5' 5""",115 lbs.,"67""",Orthodox,"Jan 30, 1983"
879b8df81523d91b,11-3-0,1.25,30%,4.60,38%,,0.00,0%,40%,0.0,"6' 4""",205 lbs.,--,Southpaw,"Mar 26, 1980"
0699c4b2a7c3c76f,3-3-0,0.00,0%,0.00,0%,,0.00,0%,0%,0.0,"5' 4""",--,--,,--
fc169c387b4b465d,16-10-0,4.10,49%,3.32,61%,,0.83,27%,62%,0.6,"5' 7""",135 lbs.,"67""",Orthodox,"Sep 05, 1988"
31ef8b67e13495b3,15-8-0,4.73,48%,3.48,61%,,0.56,14%,62%,0.1,"5' 1""",115 lbs.,"60""",Orthodox,"Aug 16, 1989"
a2ac473d74eb157c,4-3-0,0.00,0%,0.00,0%,,0.00,0%,0%,0.0,"6' 0""",170 lbs.,--,,"May 04, 1982"
fa37628269132d1a,13-6-0,2.32,38%,3.23,47%,,0.37,7%,35%,1.5,"5' 7""",145 lbs.,"73""",Orthodox,"Jul 02, 1987"
9a70f67ad2187fa3,13-22-0,0.18,25%,2.39,32%,,0.00,0%,33%,0.0,"5' 10""",170 lbs.,--,Orthodox,"Jul 02, 1975"
960d6cae8879ba2b,18-8-0 (1 NC),3.76,44%,2.97,53%,,0.59,66%,65%,0.0,"5' 8""",145 lbs.,"71""",Orthodox,"Mar 14, 1986"
d50382dc0565a9e1,13-2-0,2.70,30%,4.48,58%,,0.25,100%,28%,0.2,"5' 1""",115 lbs.,"63""",Orthodox,"Aug 28, 1993"
595db60957de51d3,32-15-0 (2 NC),4.28,51%,4.32,50%,,1.11,52%,75%,0.6,"6' 1""",185 lbs.,"73""",Orthodox,"Oct 06, 1993"
e5549c82bfb5582d,13-4-0,5.01,61%,3.72,52%,,0.11,50%,80%,0.2,"6' 4""",205 lbs.,"79""",Orthodox,"Jul 07, 1987"
44f46b0592ca0814,9-2-0,0.00,0%,0.00,0%,,0.00,0%,0%,0.0,"5' 10""",185 lbs.,--,,"Dec 13, 1990"
d7ee49bf3c779fa6,13-1-0,0.00,0%,0.00,0%,,0.00,0%,0%,0.0,--,125 lbs.,--,Orthodox,"Jan 09, 2001"
81d2c551886bd5a1,7-1-0,2.83,36%,3.11,66%,,0.00,0%,75%,0.0,"5' 8""",135 lbs.,"71""",Orthodox,"Dec 20, 2005"
4a9e305633f3ef47,7-5-2,4.23,36%,4.83,63%,,0.00,0%,100%,0.0,"5' 8""",135 lbs.,--,Orthodox,--
eee8efec7b951d84,7-5-1 (2 NC),1.36,100%,0.68,66%,,10.23,100%,0%,10.2,"5' 5""",155 lbs.,--,Southpaw,--
af62f99eb7606308,17-6-0,3.16,40%,2.09,66%,,3.16,55%,69%,0.2,"5' 8""",135 lbs.,"68""",Orthodox,"Nov 19, 1989"
80daefbed11ce998,23-9-1,3.45,35%,3.18,61%,,0.54,22%,70%,0.3,"5' 6""",135 lbs.,"67""",Orthodox,"Sep 02, 1989"
96c336b463e0662c,10-4-0,1.64,41%,2.17,54%,,1.75,41%,50%,0.3,"5' 11""",155 lbs.,"73""",Orthodox,"May 11, 1989"
89578ae236ee04e9,1-0-0,0.00,0%,0.00,0%,,0.00,0%,0%,0.0,--,--,--,,--
ab2b4ff41d6ebe0f,26-10-0 (1 NC),4.22,45%,3.24,58%,,2.07,45%,74%,0.8,"5' 6""",125 lbs.,"65""",Orthodox,"Mar 21, 1992"
2ac4628c08ec5125,12-5-0,2.60,47%,3.72,52%,,0.81,25%,77%,1.0,"6' 1""",185 lbs.,"73""",Orthodox,"Jun 22, 1988"
06e4245d16fc5315,13-2-0,2.88,56%,1.58,56%,,4.90,49%,72%,0.2,"5' 5""",135 lbs.,"66""",Switch,"Oct 05, 1994"
d84033157714ee94,13-2-0,1.31,44%,3.23,41%,,3.46,37%,100%,1.1,"5' 9""",155 lbs.,"72""",Orthodox,"Aug 17, 1999"
8d3b4a630b1bf1e6,5-1-0,0.00,0%,32.00,0%,,0.00,0%,0%,0.0,"6' 1""",205 lbs.,"76""",Orthodox,"Jan 08, 2002"
d0fd0d9ee560dae7,7-1-0,11.00,57%,4.26,58%,,0.00,0%,71%,0.0,"6' 5""",245 lbs.,"79""",Orthodox,"Aug 03, 1994"
4b4753d19489297f,15-10-0,2.27,43%,3.77,53%,,2.03,22%,33%,1.1,"6' 3""",205 lbs.,"75""",Orthodox,"Oct 05, 1972"
c1a5d3843596df92,9-4-1,5.39,69%,3.51,51%,,2.82,50%,66%,0.0,"5' 10""",170 lbs.,--,Orthodox,"Dec 14, 1987"
575360be653ad6a6,18-5-0 (1 NC),2.73,29%,4.37,55%,,0.00,0%,37%,0.5,"6' 0""",170 lbs.,--,Orthodox,"May 24, 1985"
01fed6f61ebea01f,10-7-0,3.71,46%,3.90,44%,,2.83,52%,58%,0.0,"5' 7""",135 lbs.,"67""",Switch,"Jun 15, 1993"
f2b6fdb20675b11c,14-8-0,4.32,47%,5.16,52%,,0.81,40%,78%,0.2,"5' 10""",170 lbs.,"71""",Orthodox,"Sep 15, 1991"
41f90012b86a11bf,10-2-0,2.16,26%,3.43,42%,,0.00,0%,100%,0.0,"6' 3""",262 lbs.,"78""",Orthodox,"Mar 09, 1989"
202b0467521c9d6f,10-4-0,1.58,36%,2.54,56%,,3.29,28%,100%,0.0,"6' 3""",240 lbs.,"77""",Orthodox,"Jul 15, 1990"
f3743d8ef5dde970,0-2-0,0.00,0%,24.62,44%,,0.00,0%,0%,0.0,"5' 6""",135 lbs.,--,Orthodox,"Jan 15, 1984"
c61f66d8c3fd5f07,2-3-1,0.00,0%,0.00,0%,,0.00,0%,0%,0.0,"5' 11""",196 lbs.,--,Orthodox,"Nov 08, 1966"
7aabd61419f747d1,2-3-0,0.00,0%,0.00,0%,,0.00,0%,0%,0.0,--,155 lbs.,--,,--
764d39074a352e33,11-4-0,3.10,59%,2.61,54%,,3.01,43%,87%,0.4,"6' 1""",250 lbs.,"74""",Southpaw,"Mar 30, 1995"
5df10509264586e5,2-1-0,2.17,60%,6.51,40%,,0.00,0%,0%,0.0,"6' 11""",400 lbs.,--,Orthodox,"Feb 04, 1979"
b93c06d09d1c4ac0,19-11-0,4.76,40%,5.94,53%,,1.42,26%,64%,0.7,"5' 10""",145 lbs.,"70""",Orthodox,"May 29, 1990"
71171fc96445bf65,14-2-0,3.24,48%,2.71,51%,,2.60,46%,79%,0.7,"6' 2""",225 lbs.,"77""",Orthodox,"Aug 28, 1997"
5f61780fe5e9b6d0,13-6-0,2.75,49%,2.99,51%,,3.13,52%,86%,1.2,"6' 0""",185 lbs.,"73""",Switch,"Jun 12, 1991"
369ea36e450ae62a,9-5-0,5.84,53%,3.31,53%,,0.17,33%,41%,0.0,"6' 3""",185 lbs.,"71""",Orthodox,"Nov 03, 1990"
38c5817ade8a8014,7-3-0,1.91,41%,2.05,56%,,2.12,38%,61%,0.8,"5' 8""",125 lbs.,"70""",Southpaw,"Jun 11, 1994"
2e1f3640443272ad,15-1-0,0.00,0%,0.00,0%,,0.00,0%,0%,0.0,--,185 lbs.,--,,"Mar 29, 1997"
93b9496275bbbf80,14-8-0,2.17,41%,2.08,55%,,0.46,50%,47%,2.3,"6' 0""",205 lbs.,"76""",Orthodox,"Dec 03, 1979"
7ea5d60d2e6a8ad0,5-3-0 (1 NC),2.61,29%,8.24,48%,,0.00,0%,0%,0.0,"5' 11""",145 lbs.,"72""",Southpaw,"Dec 20, 1990"
cbb682f5fcc44bfc,24-10-0,3.05,47%,3.44,54%,,0.61,50%,60%,1.1,"5' 10""",155 lbs.,"72""",Orthodox,"Jan 27, 1987"
de75d1c45a39e221,18-5-0,3.88,37%,2.91,65%,,0.85,40%,67%,0.4,"5' 6""",125 lbs.,"69""",Orthodox,"Aug 18, 1993"
e86bc32f5997a8f7,26-10-0,2.27,29%,2.20,57%,,1.30,100%,66%,0.0,"5' 9""",170 lbs.,"71""",Orthodox,"Sep 22, 1975"
81b57acd6975ac06,1-3-0,0.66,30%,3.28,31%,,0.00,0%,0%,0.0,--,205 lbs.,--,Orthodox,--
5904b0b38dc6718d,13-6-1,1.41,25%,2.80,51%,,2.82,30%,0%,0.0,"5' 10""",155 lbs.,"73""",Orthodox,"Jul 12, 1990"
80dbeb1dd5b53e64,21-17-0,4.52,37%,6.55,59%,,0.18,18%,60%,0.2,"5' 6""",135 lbs.,"70""",Orthodox,"Mar 13, 1983"
05560764359161e4,13-5-0 (1 NC),2.19,35%,2.73,54%,,0.40,42%,65%,0.3,"5' 11""",185 lbs.,"73""",Orthodox,"Nov 29, 1979"
09a82bd51ff61376,7-7-0,0.00,0%,0.00,0%,,0.00,0%,0%,0.0,--,185 lbs.,--,,"Jun 17, 1983"
99020eeb8cd5689d,13-7-0,0.00,0%,2.00,25%,,0.00,0%,0%,10.0,"6' 0""",185 lbs.,--,Orthodox,"Jan 12, 1980"
34c2b3656f88f7ef,12-5-0,1.51,53%,3.66,43%,,0.86,50%,44%,0.6,"5' 9""",135 lbs.,"71""",Southpaw,"Aug 05, 1989"
dcbf01d605681ad1,6-6-0,2.60,33%,3.07,58%,,0.75,25%,53%,0.2,"5' 6""",135 lbs.,"65""",Orthodox,"Aug 20, 1986"
e9ac7bfb65c25497,22-11-0 (1 NC),1.72,34%,4.03,49%,,0.00,0%,7%,0.0,"5' 11""",185 lbs.,"75""",Southpaw,"Jun 09, 1985"
60425d07ef4b91a7,12-5-0,4.75,43%,3.83,58%,,2.82,47%,75%,0.3,"5' 8""",135 lbs.,"72""",Orthodox,"Jun 12, 1995"
44f234a36324e6c8,8-0-0,1.35,73%,1.16,40%,,18.87,50%,50%,0.0,"5' 9""",265 lbs.,"73""",Orthodox,"Apr 06, 1998"
7922e8269adcc25a,5-1-0,0.00,0%,0.00,0%,,0.00,0%,0%,0.0,"5' 10""",185 lbs.,--,,--
a5cb1c29461853ca,7-1-0,3.20,43%,6.03,42%,,8.00,44%,100%,0.0,"5' 6""",125 lbs.,"66""",Orthodox,"Dec 16, 1996"
fa399f7f6e17f7f5,9-0-0,4.61,50%,2.83,71%,,2.96,60%,100%,3.0,"5' 11""",155 lbs.,--,,"Oct 23, 1988"
c77a953488e5607d,14-5-0,3.78,46%,3.17,54%,,2.50,51%,31%,0.2,"5' 10""",155 lbs.,"72""",Orthodox,"Nov 23, 1982"
c945adc22c2bfe8f,25-14-0,3.02,31%,4.63,55%,,2.47,44%,58%,0.4,"5' 6""",135 lbs.,"68""",Orthodox,"Sep 24, 1978"
830f60497fab345a,13-11-0,2.65,47%,3.62,50%,,1.26,40%,67%,0.1,"6' 2""",185 lbs.,"80""",Orthodox,"Aug 29, 1988"
5537efc6e496dd84,14-5-0,6.16,53%,3.11,45%,,6.54,50%,0%,0.0,"5' 8""",145 lbs.,"70""",Orthodox,"Sep 23, 1996"
9561eb5f0d63ffcc,5-0-0,0.00,0%,0.00,0%,,0.00,0%,0%,0.0,--,115 lbs.,--,,"Jan 04, 1994"
1cf7ccf64a5bf24e,11-3-1 (1 NC),3.30,52%,3.93,51%,,0.61,40%,38%,1.5,"6' 0""",185 lbs.,"76""",Southpaw,"Jan 24, 1990"
df7d386a54e07446,12-7-1,0.00,0%,0.00,0%,,0.00,0%,0%,0.0,"5' 10""",145 lbs.,--,,--
236a37d96d476164,17-7-0,2.62,42%,2.36,62%,,3.08,42%,71%,0.2,"5' 8""",170 lbs.,"71""",Orthodox,"Sep 01, 1980"
9a967e8e43dcef63,4-1-0,0.76,14%,4.56,33%,,0.00,0%,0%,0.0,"6' 1""",155 lbs.,--,Switch,"Dec 11, 1971"
1c7308d2957a12d2,9-3-0 (1 NC),0.40,42%,0.87,31%,,0.00,0%,36%,3.0,"5' 11""",170 lbs.,"73""",Orthodox,"Mar 03, 1996"
0d506315895efffc,14-6-0,3.84,39%,3.73,64%,,0.39,18%,66%,0.4,"6' 0""",170 lbs.,"76""",Southpaw,"Mar 10, 1976"
4bf6b225ff6099c4,8-3-0 (1 NC),1.31,47%,2.96,40%,,1.20,42%,54%,0.8,"6' 0""",135 lbs.,"73""",Southpaw,"Jan 05, 1990"
7826923b47f8d72a,23-4-0,5.49,52%,3.89,42%,,0.69,21%,44%,1.2,"5' 10""",155 lbs.,"73""",Orthodox,"Jan 03, 1995"
fdd22e895a70e4a8,9-1-0,7.50,56%,3.75,56%,,0.00,0%,100%,0.0,"6' 1""",185 lbs.,"79""",Orthodox,"Mar 12, 2002"
361d49960a196976,28-17-0 (3 NC),2.85,49%,3.26,45%,,1.42,24%,54%,1.5,"5' 7""",145 lbs.,"69""",Orthodox,"Aug 06, 1985"
25af5e832f17b474,16-5-1,3.23,38%,4.37,52%,,2.50,100%,100%,0.0,"5' 10""",155 lbs.,--,Southpaw,"Jun 22, 1996"
31bbd39c0a075d4e,13-7-0,2.36,33%,2.99,54%,,0.25,20%,56%,1.0,"5' 6""",135 lbs.,"72""",Orthodox,"Feb 13, 1993"
a3a542074109b347,11-5-0,3.29,39%,4.06,60%,,2.33,37%,71%,0.2,"5' 2""",115 lbs.,"62""",Orthodox,"Nov 18, 1992"
39d309957c5c210d,12-0-0,2.85,69%,1.93,58%,,2.38,26%,100%,0.9,"6' 5""",265 lbs.,"79""",Orthodox,"Mar 14, 1998"
8765559b6a29a421,15-7-1,0.99,55%,2.44,42%,,0.00,0%,30%,0.0,"5' 7""",135 lbs.,"65""",Orthodox,"Apr 29, 1992"
98a58c26c5b1ed17,37-9-0,2.77,45%,4.61,55%,,1.26,33%,74%,0.5,"5' 6""",145 lbs.,"67""",Orthodox,"Jul 07, 1987"
c549573c0df4d676,13-9-0,4.10,44%,3.93,55%,,2.24,52%,50%,0.8,"5' 10""",185 lbs.,"75""",Orthodox,"Nov 24, 1990"
30b7ef4026bd7c15,11-4-0,0.00,0%,0.00,0%,,0.00,0%,0%,0.0,--,205 lbs.,--,,"Sep 14, 1997"
9756095cb76b67c3,24-5-1 (1 NC),0.00,0%,0.00,0%,,0.00,0%,0%,0.0,"6' 3""",237 lbs.,--,,"Jun 11, 1985"
f41b9f5efc7162d6,11-5-0,3.57,46%,3.97,49%,,2.00,46%,70%,0.0,"6' 3""",205 lbs.,"77""",Orthodox,"Dec 01, 1995"
7215953cd5c6254d,6-17-0,2.62,23%,2.77,58%,,1.19,100%,0%,0.0,"5' 8""",170 lbs.,--,Orthodox,"Feb 18, 1980"
029eaff01e6bb8f0,30-10-0 (1 NC),5.24,50%,4.57,52%,,1.15,35%,64%,1.2,"5' 9""",155 lbs.,"72""",Southpaw,"Jan 19, 1989"
53278852bcd91e11,28-13-0 (1 NC),2.25,45%,4.26,40%,,0.87,29%,51%,0.2,"6' 0""",205 lbs.,"74""",Orthodox,"Jan 02, 1979"
b18fb36a4aa00093,2-2-0,2.60,26%,2.83,50%,,0.00,0%,87%,0.7,"5' 10""",155 lbs.,--,Orthodox,"Jun 21, 1981"
abb68e3c7ca128f2,14-6-0,6.22,56%,5.18,59%,,0.62,80%,57%,0.3,"5' 2""",115 lbs.,"63""",Orthodox,"Mar 05, 1998"
543cd2258f4fa339,1-1-0,0.43,50%,0.00,0%,,0.00,0%,0%,0.0,--,125 lbs.,--,,--
3bb030257966b022,1-1-0,2.00,38%,1.33,57%,,0.00,0%,0%,0.0,"6' 4""",285 lbs.,--,Orthodox,"Dec 27, 1965"
6d1bffff14897645,31-9-0,4.78,41%,4.68,61%,,0.60,27%,71%,0.0,"6' 0""",170 lbs.,"73""",Orthodox,"Sep 26, 1986"
d3fa5c5955397532,13-3-0,3.63,37%,4.20,55%,,0.00,0%,45%,0.0,"5' 7""",135 lbs.,"68""",Switch,"Apr 18, 1984"
56bf3ed155bd0fcd,9-3-0,4.01,57%,9.81,33%,,0.00,0%,0%,0.0,"6' 2""",205 lbs.,--,Orthodox,"Apr 06, 1992"
303e017a9074f3aa,9-2-0,0.00,0%,0.00,0%,,0.00,0%,0%,0.0,--,170 lbs.,--,,"Nov 23, 1987"
ac40f7e3cbecdda4,14-9-0,6.55,50%,6.32,51%,,1.35,26%,66%,0.5,"6' 0""",265 lbs.,"75""",Orthodox,"Apr 22, 1985"
260bd4cef10b033f,20-8-0,4.44,50%,4.96,50%,,0.73,18%,66%,0.0,"6' 3""",185 lbs.,"75""",Southpaw,"May 29, 1996"
8fc9ae9c7527dfcb,18-9-0,3.18,50%,4.72,58%,,3.29,66%,100%,0.0,"6' 0""",170 lbs.,"72""",Orthodox,"Jun 09, 1984"
61e47575b24a06bf,10-6-0,3.10,48%,5.78,46%,,0.00,0%,33%,1.1,"6' 2""",225 lbs.,"77""",Switch,"Jan 14, 1995"
7e208569469c8bc8,11-6-0,0.85,37%,5.92,22%,,0.75,16%,33%,2.3,"6' 2""",247 lbs.,"75""",Orthodox,"Feb 23, 1978"
065eb44700e641a4,9-4-0,2.88,41%,3.67,51%,,0.00,0%,0%,0.6,"6' 0""",155 lbs.,"73""",Orthodox,"Mar 01, 1988"
6370c1c1e12723d5,17-9-0,5.52,54%,3.15,54%,,0.14,20%,53%,0.0,"6' 3""",205 lbs.,"73""",Orthodox,"Jul 14, 1988"
7f6ef4e1227600bc,12-3-0 (1 NC),1.72,40%,3.06,50%,,0.00,0%,22%,0.0,"6' 0""",205 lbs.,"74""",Southpaw,"Dec 30, 1986"
3920d0cc288f9b0d,12-5-0,3.68,43%,4.31,54%,,0.76,19%,40%,0.8,"5' 10""",170 lbs.,"69""",Orthodox,"Jun 16, 2002"
f5ff7bcdcfeba3ad,34-11-2,2.59,60%,2.02,48%,,3.38,55%,74%,1.0,"6' 1""",185 lbs.,"75""",Orthodox,"Aug 24, 1972"
b51d0ed3782a1bf5,10-2-0,2.21,57%,7.83,37%,,0.00,0%,0%,0.0,"6' 7""",238 lbs.,"78""",Orthodox,"Jun 02, 1990"
4f853e98886283cf,31-18-1,2.03,47%,4.07,35%,,0.43,9%,57%,1.7,"5' 11""",155 lbs.,"72""",Switch,"Jun 25, 1981"
7ee0fd831c0fe7c3,24-7-0,4.41,54%,4.30,47%,,0.18,100%,77%,0.0,"6' 1""",170 lbs.,"78""",Switch,"Aug 17, 1993"
e51fcd9cd84c0b93,26-4-0,2.38,47%,2.51,57%,,3.94,36%,47%,0.6,"5' 6""",170 lbs.,"67""",Orthodox,"Jul 25, 1981"
6597b611f1c32555,10-14-0,0.80,72%,0.70,63%,,0.00,0%,0%,0.0,"5' 8""",205 lbs.,--,Orthodox,--
873626e5547b5235,18-10-0,3.25,34%,5.69,48%,,0.00,0%,45%,0.0,"5' 10""",155 lbs.,"70""",Southpaw,"Aug 30, 1989"
ee4b670e159f4a33,8-5-0,0.00,0%,0.00,0%,,0.00,0%,0%,0.0,"6' 3""",170 lbs.,--,Southpaw,"Aug 20, 1977"
0597a4528ebd1307,19-4-0,1.44,66%,2.59,48%,,0.00,0%,33%,2.2,"6' 2""",185 lbs.,--,Southpaw,"Nov 09, 1982"
d8da10db80131bec,16-11-0 (2 NC),5.11,43%,5.57,48%,,1.06,30%,50%,0.6,"6' 0""",170 lbs.,"76""",Orthodox,"Sep 29, 1989"
5114f1b5ad4cdf72,5-5-0,0.83,26%,2.25,62%,,1.78,20%,0%,0.0,"6' 3""",205 lbs.,--,Orthodox,"Jul 30, 1984"
46caf130099206cd,8-0-0,1.73,39%,2.27,59%,,5.00,38%,0%,2.0,"5' 10""",155 lbs.,--,,"Apr 12, 1985"
009341ed974bad72,32-6-1,5.61,55%,5.67,45%,,0.49,60%,68%,0.2,"6' 3""",205 lbs.,"80""",Orthodox,"Oct 14, 1992"
e99821959a840bb8,7-2-0,5.64,58%,6.50,47%,,3.15,47%,50%,0.3,"5' 4""",125 lbs.,"67""",Orthodox,"Nov 14, 1995"
a36556bb1565e32d,11-5-0,3.39,36%,3.93,59%,,0.00,0%,70%,1.8,"5' 10""",155 lbs.,"72""",Orthodox,"Aug 10, 1985"
2a470ad41c22c25a,6-2-0 (1 NC),1.47,44%,2.72,43%,,2.40,50%,83%,1.0,"5' 9""",145 lbs.,"68""",Orthodox,"Jan 17, 1981"
66e0a70352fef46a,8-0-0,2.77,68%,1.17,38%,,1.21,50%,81%,9.0,"6' 3""",235 lbs.,--,Orthodox,"Oct 09, 1981"
3cf66c62d9069f43,14-10-0,3.60,37%,4.07,50%,,0.70,31%,67%,0.6,"5' 8""",125 lbs.,"67""",Orthodox,"Jun 13, 1994"
d747eb273a40a920,13-5-0,1.54,46%,2.62,48%,,3.29,33%,60%,1.0,"5' 10""",155 lbs.,"72""",Southpaw,"Apr 21, 1996"
fdba548aff9763d9,23-6-0,1.27,39%,1.27,67%,,1.00,100%,0%,0.0,"5' 9""",125 lbs.,"71""",Southpaw,"Jan 20, 1988"
44f95ae20a6238e5,5-1-0,0.00,0%,0.00,0%,,0.00,0%,0%,0.0,--,145 lbs.,--,,"Sep 17, 1996"
6cf2352cdb3de59d,3-3-0,2.87,67%,2.60,23%,,4.00,57%,80%,0.0,"5' 10""",185 lbs.,--,,--
85d0fafb8b75d634,11-4-0,4.91,23%,7.17,51%,,0.00,0%,0%,0.0,"5' 9""",145 lbs.,--,Orthodox,"Apr 23, 1989"
308279bd246c211f,6-3-0,4.47,63%,3.27,57%,,4.00,66%,69%,0.0,"6' 0""",155 lbs.,--,,--
16867810070dc520,17-8-0,0.00,0%,0.00,0%,,0.00,0%,0%,0.0,"5' 10""",145 lbs.,--,,"Mar 16, 1983"
44260175069b6276,27-19-1,2.12,37%,3.13,56%,,0.22,33%,63%,0.3,"5' 7""",145 lbs.,"70""",Southpaw,"Dec 06, 1974"
22e07d3da1aa3475,10-5-0,3.60,55%,2.94,55%,,0.27,16%,56%,0.0,"6' 4""",185 lbs.,"78""",Southpaw,"Sep 10, 1997"
a8c9d16fe2a14d72,0-1-0 (1 NC),1.10,23%,4.87,40%,,0.87,11%,0%,0.0,"6' 1""",170 lbs.,"73""",Orthodox,"Oct 26, 1978"
c1085e1701b13eca,16-3-0,3.52,44%,3.22,52%,,1.45,30%,62%,0.9,"6' 2""",185 lbs.,"75""",Orthodox,"Sep 17, 1996"
f5990c11974d8e9c,27-14-1,2.74,45%,2.84,60%,,1.80,35%,70%,1.5,"6' 0""",170 lbs.,"74""",Orthodox,"Sep 18, 1975"
4fd140eea593526e,9-2-0,3.12,56%,4.56,22%,,0.00,0%,33%,0.0,"6' 0""",170 lbs.,"73""",Orthodox,"Apr 24, 1989"
126bdc1710a8cbf4,16-9-0,3.51,46%,1.78,67%,,0.67,18%,68%,0.0,"5' 8""",125 lbs.,"66""",Southpaw,"Jul 08, 1997"
d365ee924f5cc3fc,19-10-1,0.00,0%,0.00,0%,,0.00,0%,0%,0.0,"5' 3""",145 lbs.,--,Orthodox,"Sep 04, 1979"
f7b4cbe93f3bac06,3-5-0,0.00,0%,0.00,0%,,0.00,0%,0%,0.0,"5' 8""",143 lbs.,--,,"Apr 11, 1971"
aa171d55d4b5208f,18-7-0,7.44,54%,5.83,42%,,1.47,24%,61%,1.0,"5' 10""",145 lbs.,"70""",Orthodox,"Dec 08, 1988"
52cae54377b433b7,12-4-0,4.96,44%,2.80,66%,,0.25,33%,60%,0.0,"6' 0""",185 lbs.,"72""",Open Stance,"Mar 18, 1972"
2a8502954f49e682,8-4-0,3.67,51%,4.10,41%,,5.07,70%,100%,0.7,"6' 7""",220 lbs.,--,Orthodox,"Aug 29, 1983"
ddbe4fa2ea573393,3-1-1,2.08,70%,5.94,16%,,4.46,25%,0%,0.0,"6' 0""",185 lbs.,--,Orthodox,"May 25, 1986"
876f478f796495f7,6-3-0 (1 NC),3.57,42%,6.38,53%,,0.34,11%,71%,0.0,"6' 0""",170 lbs.,"72""",Orthodox,"Feb 06, 1993"
cc23ed51619421a3,13-7-1,2.31,41%,1.67,48%,,0.00,0%,0%,1.9,"5' 8""",145 lbs.,--,,--
5e84a859c6a82288,8-3-0,2.91,29%,5.98,48%,,0.00,0%,36%,0.0,"5' 10""",155 lbs.,"73""",Orthodox,"Dec 22, 1984"
267f4a6568abe245,7-3-1,6.77,40%,7.70,55%,,0.50,33%,100%,0.0,"5' 9""",155 lbs.,"70""",Southpaw,"Nov 21, 1995"
36549928f90f1d36,9-5-0,3.60,45%,3.00,64%,,2.70,47%,42%,0.6,"5' 8""",135 lbs.,"69""",Southpaw,"Jul 28, 1990"
7debc13b36343605,19-5-0,3.67,43%,3.71,56%,,3.14,55%,85%,0.6,"5' 8""",135 lbs.,"70""",Orthodox,"Apr 26, 1996"
2b13dba37724eb87,8-0-0,0.00,0%,0.00,0%,,0.00,0%,0%,0.0,--,205 lbs.,--,,"Apr 21, 1997"
01b39decaf0abf6a,21-7-0 (1 NC),2.62,49%,2.31,51%,,1.06,41%,71%,0.4,"5' 10""",185 lbs.,--,Orthodox,"Apr 05, 1979"
45bc8f98d62bd096,23-5-0,1.35,23%,2.38,66%,,0.00,0%,80%,0.0,"5' 7""",185 lbs.,--,Southpaw,"Sep 28, 1976"
feedf3053472fe56,12-5-0,2.50,53%,2.45,54%,,1.99,44%,100%,0.5,"5' 9""",170 lbs.,"72""",Orthodox,"Jul 09, 1990"
8c169fbe1ac33637,18-6-1,2.89,44%,3.76,46%,,4.65,57%,42%,0.0,"5' 11""",155 lbs.,"69""",Orthodox,"Sep 17, 1990"
6cc25d19a891f435,1-3-0,0.00,0%,7.46,37%,,4.86,100%,0%,0.0,"5' 8""",155 lbs.,--,,--
ff2c606c8bc365e3,9-8-0,0.60,33%,3.60,50%,,0.00,0%,0%,9.0,"6' 0""",170 lbs.,--,Orthodox,"Jan 06, 1981"
6eedb757f13b9978,9-0-0,7.75,52%,5.90,57%,,0.00,0%,100%,0.8,"5' 8""",145 lbs.,"72""",Orthodox,"May 10, 2002"
bc7f7f0ba3db74d2,11-10-0,0.67,25%,0.00,100%,,0.00,0%,50%,0.0,"6' 0""",205 lbs.,--,Orthodox,"Dec 07, 1974"
9b1e3fb4f8cbd5b7,12-6-0,2.55,48%,2.62,46%,,0.95,18%,55%,0.0,"6' 1""",170 lbs.,"77""",Switch,"Jun 29, 1983"
01afe0916a40c7c5,19-0-0,3.25,60%,2.17,51%,,1.40,25%,85%,1.2,"6' 1""",170 lbs.,"77""",Orthodox,"Oct 23, 1994"
63ff619c52ff7976,4-1-0,0.00,0%,0.00,0%,,0.00,0%,0%,0.0,--,125 lbs.,--,,"Jun 21, 1998"
333b9e5c723ac873,14-6-0,4.13,50%,2.86,51%,,0.64,21%,85%,0.1,"6' 4""",205 lbs.,"78""",Orthodox,"Feb 06, 1992"
ffdeb4fbea09ce75,1-5-0 (1 NC),2.50,44%,3.55,64%,,0.75,20%,0%,0.8,"5' 7""",115 lbs.,--,Orthodox,"Apr 14, 1977"
641ca2c2ed91b93c,9-3-0,0.96,60%,2.25,30%,,0.00,0%,33%,2.4,"5' 11""",145 lbs.,"71""",Orthodox,"Dec 27, 1996"
ea398c802d9998ee,0-1-0,0.00,0%,0.00,0%,,0.00,0%,0%,0.0,"6' 1""",410 lbs.,--,Sideways,--
d1759b2b7be9be56,10-6-1,2.27,41%,4.60,56%,,2.30,55%,66%,0.5,"6' 0""",205 lbs.,--,Orthodox,"Mar 28, 1976"
96c05ba5ab9eccaf,2-3-0,3.03,50%,0.67,75%,,2.53,16%,100%,0.0,"5' 5""",125 lbs.,--,,--
4311e9d23604205c,5-2-0,0.00,0%,0.00,0%,,0.00,0%,0%,0.0,"5' 7""",125 lbs.,--,,--
ac31f869959860bc,5-4-0,4.93,51%,2.07,69%,,1.00,33%,0%,0.0,--,135 lbs.,--,,"Jun 14, 1990"
e99eb0ef25885de5,8-3-0,3.51,44%,3.98,37%,,0.59,33%,25%,0.0,"5' 11""",155 lbs.,"71""",Orthodox,"Nov 03, 1992"
3b5f2faaa2f2c1f6,4-4-0,0.00,0%,0.00,0%,,0.00,0%,0%,0.0,"6' 1""",160 lbs.,--,,--
abc8e1423cf5b74e,7-8-0,0.00,0%,0.00,0%,,0.00,0%,0%,0.0,"6' 0""",185 lbs.,--,,"Jul 22, 1985"
7bc475b0fc2020ab,20-10-2,2.40,35%,5.60,42%,,1.50,20%,100%,0.0,"5' 8""",170 lbs.,--,Orthodox,"Jan 18, 1981"
1ae8f3c723aacff4,17-8-0,2.91,36%,3.97,54%,,2.51,57%,67%,1.0,"5' 9""",145 lbs.,"72""",Orthodox,"Aug 01, 1995"
0052de90691d4a93,10-4-0,2.64,37%,3.44,56%,,1.95,40%,83%,0.6,"5' 6""",155 lbs.,"70""",Orthodox,"Nov 05, 1986"
fa4dcb2c8de482ee,8-3-0,2.30,52%,2.67,47%,,1.82,25%,33%,0.0,"5' 8""",145 lbs.,"70""",Orthodox,"Dec 31, 1993"
30b577b112bef42d,3-1-0,4.00,25%,8.00,55%,,0.00,0%,0%,0.0,"5' 6""",170 lbs.,--,Orthodox,"Jun 03, 1992"
6859f67468ba8489,17-16-0,1.26,54%,1.12,57%,,2.00,56%,30%,0.8,"5' 10""",205 lbs.,--,Orthodox,"Aug 10, 1971"
ed069a95aaaf4f56,0-1-0,2.01,16%,6.75,60%,,0.00,0%,0%,0.0,"5' 8""",195 lbs.,--,Orthodox,--
0be6776db31d98ec,11-3-0,1.91,38%,2.92,60%,,1.98,36%,68%,0.0,"5' 5""",125 lbs.,"64""",Switch,"Oct 16, 1998"
9d61d8cb1c354867,2-3-0,0.00,0%,0.00,0%,,0.00,0%,0%,0.0,"5' 6""",135 lbs.,--,,--
31e1ea6fe6b682f8,2-3-0,0.00,0%,0.00,0%,,0.00,0%,0%,0.0,"5' 7""",155 lbs.,--,,--
8c90c1563972e44d,7-3-0,2.71,38%,2.96,63%,,0.28,16%,53%,0.0,"5' 10""",155 lbs.,"71""",Orthodox,"Mar 05, 1983"
56370b594d5fe0b3,13-3-1,0.00,0%,0.00,0%,,0.00,0%,0%,0.0,--,185 lbs.,--,,"Sep 27, 1998"
907e60fd13407e1e,7-8-0,4.48,42%,5.66,57%,,0.71,40%,68%,0.4,"5' 6""",125 lbs.,"64""",Orthodox,"Feb 11, 1989"
ea3ef6206c7907d5,17-15-1,2.08,40%,2.58,53%,,1.49,100%,0%,0.0,"5' 10""",185 lbs.,--,Southpaw,"May 27, 1973"
d92e6e17f637fe4d,13-0-0,0.00,0%,0.00,0%,,0.00,0%,0%,0.0,--,170 lbs.,--,,"Dec 17, 1984"
31a13532e724ca2b,23-9-0,3.73,44%,2.93,54%,,0.75,46%,55%,0.6,"5' 10""",155 lbs.,"70""",Southpaw,"Mar 25, 1990"
bdd16cd6b29cb499,3-3-0,0.00,0%,0.00,0%,,0.00,0%,0%,0.0,--,165 lbs.,--,,--
a303588c33d8c5ae,2-1-0 (1 NC),1.20,42%,1.40,53%,,2.00,50%,75%,0.0,"5' 3""",145 lbs.,--,,"Dec 23, 1984"
eae431e70064e046,12-7-0 (1 NC),3.64,49%,4.01,54%,,0.84,33%,51%,0.2,"5' 10""",185 lbs.,"73""",Orthodox,"Aug 11, 1985"
c36e1f4fa755ffb4,33-15-0,2.89,28%,5.42,42%,,0.00,0%,100%,0.0,"6' 0""",205 lbs.,--,Orthodox,"Jul 15, 1976"
849c5d9979df5357,20-5-0,4.79,46%,4.36,54%,,3.05,48%,53%,0.4,"5' 7""",155 lbs.,"66""",Southpaw,"Oct 03, 1992"
972197a8c61ac413,9-4-0,2.19,32%,3.29,58%,,2.82,33%,75%,0.5,"5' 5""",135 lbs.,"67""",Orthodox,"Oct 16, 1980"
49d78120e0a4f607,24-8-0,2.61,39%,2.92,58%,,0.00,0%,0%,0.0,"6' 0""",240 lbs.,"73""",Southpaw,"Jun 13, 1982"
3f56b99447f00607,12-7-0,0.72,34%,2.99,41%,,0.00,0%,50%,0.0,"5' 10""",145 lbs.,--,Orthodox,"Oct 20, 1986"
4a35913bd9aa4161,45-62-1,0.00,0%,0.00,0%,,0.00,0%,0%,0.0,--,205 lbs.,--,Orthodox,"Sep 11, 1969"
11337d069261bf3a,6-1-0,2.04,44%,3.84,38%,,1.06,22%,53%,0.0,"6' 3""",205 lbs.,"78""",Orthodox,"Oct 27, 1988"
ac7c765882f2c68c,8-5-0,3.41,53%,3.26,51%,,0.46,60%,53%,0.0,"5' 3""",115 lbs.,"63""",Orthodox,"Dec 05, 1992"
fb4ca5c7e4448645,11-6-0,0.00,0%,0.00,0%,,0.00,0%,0%,0.0,"5' 8""",155 lbs.,--,,--
3ba3b5cc94498437,13-5-0 (1 NC),3.29,64%,0.84,47%,,1.15,25%,50%,0.0,"6' 0""",170 lbs.,--,Orthodox,"Oct 21, 1982"
e9ec08ebb3f92aa3,11-10-0,0.00,0%,0.00,0%,,0.00,0%,0%,0.0,"5' 9""",155 lbs.,--,,"Dec 21, 1980"
23dec7c47cb418f8,10-3-0 (1 NC),4.48,54%,3.92,43%,,2.80,61%,52%,1.3,"6' 4""",185 lbs.,"77""",Switch,"Mar 24, 1994"
be5fd2ae27d20842,11-2-0,3.53,41%,3.13,73%,,0.00,0%,55%,0.0,"5' 8""",145 lbs.,"69""",Orthodox,"Feb 28, 2001"
24d98df7556ac8af,9-4-0,1.41,60%,4.93,23%,,3.52,100%,0%,0.0,"5' 11""",185 lbs.,"76""",Orthodox,"Aug 05, 1991"
d8022d5526b1d937,33-18-0,0.53,20%,1.97,46%,,0.99,33%,25%,2.0,"5' 11""",170 lbs.,--,Orthodox,"Jun 29, 1981"
02500fb9fd79a974,20-3-0,0.51,40%,4.07,43%,,1.91,12%,50%,0.0,"5' 6""",135 lbs.,--,Orthodox,"Oct 31, 1969"
5aedf14771ca82d2,23-10-0,1.83,29%,3.04,55%,,5.15,42%,47%,0.6,"5' 4""",125 lbs.,"65""",Southpaw,"Jan 06, 1985"
ee7b7768a4e6dc45,17-2-1,1.80,46%,1.53,54%,,7.00,43%,0%,0.0,"6' 3""",185 lbs.,--,,"Jun 27, 1987"
132f860d02953f4c,15-8-0,1.69,37%,2.69,59%,,1.69,50%,33%,1.1,"6' 3""",205 lbs.,"81""",Southpaw,"Mar 20, 1984"
918db42c3637916f,18-10-2,0.75,41%,1.36,68%,,0.00,0%,33%,0.0,"5' 7""",155 lbs.,--,Orthodox,"Jan 13, 1976"
b2d9758cdd124143,9-4-0,4.67,64%,5.32,36%,,0.00,0%,66%,1.4,"5' 9""",155 lbs.,"69""",Orthodox,"Feb 07, 1998"
01dfb60661153735,12-3-0,4.89,45%,5.18,56%,,0.00,0%,100%,0.0,"6' 0""",205 lbs.,"73""",Orthodox,"Jan 25, 1994"
1ddb480b601cefb1,14-4-0,1.10,20%,3.62,49%,,1.35,26%,16%,0.3,"6' 2""",170 lbs.,"75""",Southpaw,"Dec 31, 1986"
60193e707634e560,7-2-0,2.95,27%,3.65,57%,,1.91,37%,85%,0.3,"5' 8""",135 lbs.,"68""",Orthodox,"Mar 16, 1989"
c7d297714d9ab1a4,9-8-1,3.20,41%,3.52,59%,,0.62,63%,50%,0.8,"5' 6""",135 lbs.,"68""",Orthodox,"Jun 20, 1977"
ce6b5b93a96dd15b,8-2-0,5.20,44%,3.53,61%,,2.00,50%,100%,0.0,"5' 9""",170 lbs.,"72""",Switch,"Feb 05, 1997"
1507214bbc7a79e2,18-28-4 (1 NC),0.00,0%,0.00,0%,,0.00,0%,0%,0.0,"6' 0""",190 lbs.,--,Orthodox,"Dec 31, 1972"
f57cf3d54a641385,1-3-0,0.00,0%,0.00,0%,,0.00,0%,0%,0.0,"6' 0""",215 lbs.,--,Switch,"Dec 31, 1968"
edd02825c29028fe,8-7-0,6.00,37%,5.52,59%,,0.00,0%,46%,0.0,"5' 11""",155 lbs.,"71""",Orthodox,"Nov 07, 1984"
2e19380f34871c6a,16-5-0,4.99,53%,3.40,49%,,0.25,28%,82%,0.2,"6' 4""",205 lbs.,"77""",Southpaw,"Dec 26, 1989"
dc07493a87dc0a6e,13-5-0,4.46,46%,6.92,48%,,1.50,28%,0%,0.0,"5' 11""",155 lbs.,"73""",Orthodox,"Oct 02, 1986"
7333d6e0f6428acb,15-7-0,0.00,0%,0.00,0%,,0.00,0%,0%,0.0,"5' 8""",145 lbs.,--,,--
4a574b8512fc1b30,23-6-0,6.28,47%,3.06,41%,,1.27,50%,50%,0.0,"5' 7""",145 lbs.,"73""",Orthodox,"Oct 13, 1993"
e9bbcc6530e4cbe6,11-5-0 (1 NC),5.80,63%,4.75,42%,,0.00,0%,100%,0.0,"5' 11""",170 lbs.,"74""",Southpaw,"Aug 05, 1986"
64db35f7782fe274,6-2-0 (2 NC),7.79,62%,3.90,44%,,0.00,0%,0%,11.7,"6' 0""",145 lbs.,--,,"Nov 11, 1986"
7631e2ba8e1ab9a5,9-1-0,0.00,0%,0.00,0%,,0.00,0%,0%,0.0,--,115 lbs.,--,,"Aug 28, 2003"
319fa1bd3176bded,2-1-0,0.00,0%,0.00,0%,,0.00,0%,0%,0.0,"6' 0""",210 lbs.,--,Orthodox,--
b7ad576b8ae115e6,10-5-0,3.20,39%,4.13,64%,,0.96,33%,75%,0.5,"6' 1""",170 lbs.,"74""",Orthodox,"Dec 04, 1989"
042cc07ad5a53a33,8-2-0,4.07,46%,4.40,45%,,1.00,33%,0%,0.0,"5' 6""",125 lbs.,--,Orthodox,"Jun 24, 1992"
beecb672a279223e,13-7-0,4.26,39%,3.29,60%,,2.05,52%,82%,0.6,"5' 4""",115 lbs.,"66""",Orthodox,"Aug 26, 1993"
a757c06bbdba61d2,20-5-0,1.00,28%,1.95,48%,,1.58,26%,100%,1.2,"5' 8""",154 lbs.,--,Orthodox,"Feb 24, 1979"
8f4616698508f24d,10-2-0,1.83,28%,1.64,74%,,1.15,100%,50%,2.9,"5' 8""",135 lbs.,--,Orthodox,"Feb 17, 1983"
972c456ff38b2015,11-5-0,3.59,51%,4.90,30%,,0.56,50%,66%,0.0,"6' 1""",185 lbs.,"77""",Orthodox,"Jul 17, 1992"
49edd0d90f60fb7d,17-10-0 (1 NC),3.04,42%,3.91,53%,,0.85,42%,21%,0.6,"6' 3""",205 lbs.,"81""",Orthodox,"Sep 08, 1996"
323d4ca260dfa0ba,15-3-0,7.27,43%,5.83,54%,,0.35,66%,66%,0.2,"5' 10""",155 lbs.,"69""",Orthodox,"Apr 27, 1996"
3c921b1a30fdcbdd,11-5-0,1.80,32%,1.64,65%,,0.67,100%,54%,0.0,"6' 0""",155 lbs.,"76""",Southpaw,"Mar 18, 1986"
bf9bc96336922271,10-5-0,2.48,41%,2.53,64%,,0.00,0%,64%,0.0,"5' 11""",155 lbs.,--,Orthodox,"Jul 21, 1982"
d25240135aee03e5,12-4-0,4.00,37%,4.83,57%,,2.51,37%,65%,0.1,"5' 1""",115 lbs.,"61""",Orthodox,"Feb 21, 1995"
343d57cde1a14338,6-1-0,3.70,44%,4.80,47%,,1.00,22%,81%,0.0,--,155 lbs.,--,,"Mar 11, 1987"
b3e5a460b6851080,3-5-1,0.00,0%,0.00,0%,,0.00,0%,0%,0.0,--,205 lbs.,--,,"May 22, 1982"
ad23903ef3af7406,7-2-0,17.65,58%,5.29,72%,,0.00,0%,0%,0.0,"6' 5""",265 lbs.,--,,"Oct 17, 1980"
d6a740cf6e898e27,18-7-0,4.06,44%,3.49,43%,,0.00,0%,76%,0.0,"5' 8""",135 lbs.,--,,"Jun 23, 1985"
98b76850b5f1e836,18-4-0 (2 NC),4.29,59%,5.53,42%,,0.00,0%,25%,0.0,"5' 11""",155 lbs.,--,,"Jan 05, 1989"
d8a58e797518f011,0-0-0,0.00,0%,0.00,0%,,0.00,0%,0%,0.0,--,--,--,,"Jul 25, 1993"
37ed1ab2f8b819f4,10-4-0,4.71,53%,3.53,53%,,1.77,36%,63%,0.0,"5' 7""",155 lbs.,"71""",Orthodox,"Sep 30, 1991"
d023ae89a2a4a41e,8-3-0 (2 NC),3.01,42%,2.74,54%,,3.51,50%,89%,0.5,"6' 1""",170 lbs.,"76""",Southpaw,"Jan 14, 1986"
d512d9f204059f57,44-17-0 (1 NC),2.41,51%,1.69,57%,,2.45,55%,62%,0.6,"6' 0""",185 lbs.,"70""",Southpaw,"Sep 23, 1982"
f1a9ad7485e5024a,7-8-0,0.00,0%,0.00,0%,,0.00,0%,0%,0.0,"6' 0""",185 lbs.,--,,"Dec 17, 1982"
f2c8ebbeafd45f2b,30-14-1,3.45,34%,3.78,61%,,1.18,34%,60%,0.1,"5' 8""",155 lbs.,"69""",Southpaw,"Dec 09, 1980"
995af04c697d78b7,10-7-0,0.00,0%,9.68,33%,,0.00,0%,50%,0.0,"6' 6""",245 lbs.,--,,"Sep 22, 1975"
b1de86d835638319,13-0-0,5.56,57%,3.32,64%,,0.00,0%,37%,0.0,"5' 9""",145 lbs.,"69""",Orthodox,"Jun 30, 1999"
9be3728f3f7badb2,23-11-3,0.80,34%,1.00,71%,,1.00,50%,37%,0.0,"5' 10""",205 lbs.,--,Orthodox,"Apr 20, 1977"
c07efc18b231f170,14-7-0,1.56,35%,2.32,59%,,1.45,35%,20%,1.2,"5' 10""",145 lbs.,"72""",Orthodox,"Sep 25, 1987"
b13da0b1a3aed3e7,14-4-0,3.52,42%,3.48,62%,,1.36,36%,52%,0.3,"6' 0""",185 lbs.,"74""",Southpaw,"Feb 10, 1979"
fa9746fa5d23c202,6-1-0,5.11,38%,9.15,38%,,4.04,33%,0%,0.0,"5' 9""",145 lbs.,"68""",Orthodox,"Jul 14, 2000"
af90b10c785ced3e,10-5-0,1.68,39%,2.99,53%,,2.58,27%,0%,1.0,"5' 10""",155 lbs.,"70""",Orthodox,"Jul 06, 1981"
868a78f2e810a837,13-6-0,0.00,0%,0.00,0%,,0.00,0%,0%,0.0,"5' 8""",145 lbs.,--,,--
2f5754b48eab1486,4-2-0,0.00,0%,0.00,0%,,0.00,0%,0%,0.0,--,150 lbs.,--,,--
9ec12134b1515f12,2-3-0,2.93,34%,4.13,56%,,2.00,50%,100%,0.0,"5' 5""",125 lbs.,--,,"May 31, 1983"
1c7cce2f5c17160d,56-83-0 (4 NC),1.00,100%,6.00,50%,,0.00,0%,0%,0.0,"5' 9""",190 lbs.,--,Orthodox,"Sep 27, 1970"
09f579be4520394a,10-2-0,1.37,40%,2.14,52%,,1.79,60%,64%,0.9,"5' 8""",145 lbs.,"69""",Orthodox,"Nov 11, 1991"
cb46dface0e28a2c,20-9-0,3.16,48%,2.64,54%,,0.84,50%,63%,0.1,"6' 1""",185 lbs.,"73""",Orthodox,"Feb 28, 1972"
288aaa8f82040e02,16-7-0,2.27,53%,4.00,25%,,0.00,0%,16%,0.0,"6' 1""",185 lbs.,--,Southpaw,"Dec 08, 1974"
0f7210aa8d61af8d,6-8-0,0.00,0%,8.41,20%,,0.00,0%,0%,0.0,"5' 10""",170 lbs.,--,,--
7ea4a9f07df33a45,11-7-0 (1 NC),4.07,41%,3.16,68%,,1.01,63%,68%,0.6,"5' 8""",135 lbs.,"70""",Orthodox,"Oct 08, 1981"
145df84ea4dfd904,4-2-0,4.36,49%,3.90,60%,,0.00,0%,0%,0.0,--,155 lbs.,--,,--
9c907996820d2d69,23-5-0,4.03,40%,3.90,60%,,0.88,27%,92%,0.1,"5' 4""",135 lbs.,"68""",Orthodox,"Jun 29, 1989"
06a80a685ea98573,10-6-0,3.36,44%,5.07,57%,,1.00,16%,70%,0.0,"5' 6""",135 lbs.,"67""",Southpaw,"Feb 14, 1989"
c9587d81e1d33925,10-6-0,3.21,33%,2.60,51%,,0.00,0%,40%,0.0,"5' 10""",125 lbs.,"72""",Southpaw,"Apr 22, 1995"
73ab2872b8633322,13-4-0,0.00,0%,0.00,0%,,0.00,0%,0%,0.0,--,170 lbs.,--,,"Feb 24, 1992"
60917f79b7271d83,9-10-0,1.82,20%,2.42,78%,,0.00,0%,0%,0.0,"5' 3""",105 lbs.,--,,"Jun 12, 1985"
b44f39a5c6596953,20-11-0,1.93,34%,3.02,50%,,0.26,28%,78%,0.0,"6' 1""",241 lbs.,--,Orthodox,"May 03, 1974"
8aabef76351401d0,5-1-0,5.93,48%,8.40,40%,,2.00,40%,0%,0.0,"5' 7""",145 lbs.,"65""",Orthodox,"Aug 10, 1994"
3b2485c8d5c8b580,14-18-1,0.67,37%,3.20,47%,,0.00,0%,0%,0.0,"5' 5""",135 lbs.,--,,"Jul 29, 1980"
610caee730f9b89e,6-3-0,3.73,46%,9.40,44%,,2.00,33%,0%,0.0,"5' 3""",115 lbs.,"63""",Orthodox,"Jul 05, 1984"
37d5b176d438d2a5,9-6-0,2.57,51%,2.42,57%,,0.72,40%,40%,0.5,"6' 1""",205 lbs.,"74""",Southpaw,"Oct 04, 1990"
a54a35a670d8e852,14-2-1,0.00,0%,0.00,0%,,0.00,0%,0%,0.0,"6' 2""",345 lbs.,--,Orthodox,"Feb 24, 1965"
775bad6d700d2302,5-8-0,0.00,0%,0.00,0%,,0.00,0%,0%,0.0,"6' 1""",170 lbs.,--,Orthodox,"Nov 15, 1975"
c058823a2595ab09,4-3-0,0.00,0%,0.00,0%,,0.00,0%,0%,0.0,"6' 2""",200 lbs.,--,,"Nov 11, 1977"
d1e6a6536ee62517,43-12-1,0.00,0%,0.00,0%,,0.00,0%,0%,0.0,"5' 9""",185 lbs.,--,Orthodox,"Jul 14, 1972"
35dc6220b113b7ec,21-12-1 (1 NC),0.00,0%,22.50,45%,,0.00,0%,0%,0.0,"5' 6""",155 lbs.,--,Orthodox,"Jul 16, 1978"
c5ec23983dc2d8f4,3-12-0,0.00,0%,0.00,0%,,0.00,0%,0%,0.0,"5' 11""",170 lbs.,--,,--
22edaf53ad59a967,15-7-0,0.73,20%,2.27,46%,,2.46,44%,40%,2.5,"5' 10""",170 lbs.,"74""",Southpaw,"Aug 05, 1980"
b2a2da86546ddb19,12-3-0,2.17,34%,2.08,70%,,0.00,0%,76%,0.7,"6' 2""",185 lbs.,--,Orthodox,"Oct 17, 1982"
a6cba6bb66c1a8c9,18-8-0,3.18,39%,3.73,50%,,0.24,9%,57%,0.2,"6' 1""",170 lbs.,"74""",Southpaw,"Jul 14, 1987"
37c5366d18ed6c05,12-6-0 (1 NC),2.84,43%,3.10,52%,,1.18,26%,50%,0.7,"6' 2""",155 lbs.,"73""",Orthodox,"Feb 11, 1994"
6e0273f9478be71e,15-5-0,3.72,47%,3.02,52%,,1.37,26%,57%,0.8,"5' 10""",170 lbs.,"74""",Orthodox,"Feb 14, 1984"
38c7f72747f4f712,17-8-0,2.71,48%,2.86,56%,,2.76,40%,38%,0.9,"5' 5""",115 lbs.,"63""",Orthodox,"May 17, 1995"
b2aa1e07b5b3306e,13-2-0,0.00,0%,0.00,0%,,0.00,0%,0%,0.0,"5' 4""",135 lbs.,--,,"Aug 18, 1975"
4604ab1de9058474,1-0-0 (1 NC),0.00,0%,5.80,13%,,0.00,0%,0%,0.0,"6' 0""",265 lbs.,--,Orthodox,--
1a1a4d7a29041d77,10-12-0,6.19,69%,7.91,37%,,2.58,100%,50%,5.2,"6' 4""",243 lbs.,--,Orthodox,"Nov 27, 1968"
cbe79765d44bd172,15-9-0,1.57,50%,1.29,51%,,1.24,50%,25%,1.2,"5' 9""",155 lbs.,"68""",Southpaw,"Jul 16, 1982"
2782235b078b72a7,6-1-1,0.00,0%,0.00,0%,,0.00,0%,0%,0.0,"6' 0""",155 lbs.,"77""",,"Jun 10, 1995"
d403b1a6f278c95e,14-4-0,2.64,42%,4.50,48%,,1.40,33%,50%,1.9,"5' 10""",155 lbs.,"73""",Orthodox,"Jun 06, 1982"
4f736494fc733095,9-4-0,1.24,34%,1.85,55%,,0.00,0%,52%,1.4,"5' 10""",170 lbs.,"73""",Orthodox,"Jul 12, 1981"
5921fd3f889afa3b,1-0-0,0.00,0%,0.00,0%,,0.00,0%,0%,0.0,--,--,--,,--
e0d3d9b564f95635,18-2-0,5.09,49%,3.67,56%,,1.64,75%,76%,0.0,"5' 3""",125 lbs.,"64""",Orthodox,"Aug 12, 2000"
52b6bf4528130e86,12-3-1,3.03,39%,4.40,49%,,1.00,13%,88%,0.0,"5' 11""",155 lbs.,"73""",Southpaw,"Nov 05, 1993"
c75b99887c8c3f5a,12-4-1,1.13,73%,0.21,66%,,4.63,75%,100%,4.6,"6' 0""",185 lbs.,--,Orthodox,"Aug 28, 1965"
00e11b5c8b7bfeeb,16-6-0,4.10,49%,2.68,53%,,0.70,29%,65%,1.0,"6' 3""",185 lbs.,"77""",Southpaw,"Oct 17, 1984"
1abf785143f8d5ec,15-16-1 (1 NC),2.64,30%,2.38,60%,,0.00,0%,50%,0.0,"5' 11""",145 lbs.,--,,--
d1c65d2cf2925ddd,19-6-0,5.53,51%,4.78,50%,,1.90,34%,75%,0.4,"6' 3""",185 lbs.,"75""",Orthodox,"Feb 17, 1992"
102a8fdf8cbf7467,8-4-0,4.58,57%,2.29,53%,,0.60,22%,53%,0.6,"5' 5""",135 lbs.,"67""",Orthodox,"Oct 22, 1995"
19388069e19ec6b9,6-1-0,0.00,0%,0.00,0%,,0.00,0%,0%,0.0,--,185 lbs.,--,,"Jan 13, 1999"
48e43b65f7838878,7-1-0,0.00,0%,0.00,0%,,0.00,0%,0%,0.0,--,185 lbs.,--,,"Oct 09, 2003"
9ac4e43ed56429ed,6-0-0,4.50,78%,2.10,22%,,0.00,0%,100%,0.0,"6' 0""",205 lbs.,"76""",Orthodox,"Oct 15, 1996"
26eddcda9d6b2ffe,10-9-2,0.84,100%,1.68,68%,,0.00,0%,50%,0.0,"5' 7""",155 lbs.,--,Orthodox,"May 18, 1975"
50cc91ce2982785d,53-25-0 (1 NC),1.85,51%,1.15,61%,,2.30,39%,40%,1.0,"6' 4""",265 lbs.,--,Orthodox,"Aug 19, 1977"
5a6e4d2f0c76a242,11-5-0,0.81,33%,3.23,38%,,9.09,75%,0%,0.0,"5' 9""",170 lbs.,--,Orthodox,"Apr 25, 1985"
cbf5e6f231b55443,21-6-0 (1 NC),4.65,46%,3.78,52%,,0.71,29%,59%,0.6,"5' 11""",145 lbs.,"71""",Orthodox,"Oct 06, 1992"
18b602842a24f7c5,11-7-0 (1 NC),4.35,53%,4.24,41%,,0.00,0%,37%,0.0,"6' 4""",205 lbs.,"82""",Southpaw,"Nov 28, 1988"
cd2c4d30c6e13b47,17-6-2,4.51,46%,3.01,55%,,0.27,50%,61%,0.3,"5' 6""",115 lbs.,"65""",Orthodox,"Apr 29, 1987"
8a1f3b5c526cd6e6,20-5-0,7.20,49%,5.40,57%,,0.51,50%,64%,0.1,"6' 1""",170 lbs.,"74""",Southpaw,"Dec 31, 1986"
90e0985df05e51bc,16-8-0,0.90,27%,3.89,40%,,1.42,50%,44%,0.0,"5' 7""",135 lbs.,"70""",Orthodox,"Dec 10, 1987"
f2900678e98f6d6a,17-3-0,2.71,43%,3.80,44%,,1.09,36%,64%,0.8,"5' 6""",125 lbs.,"65""",Orthodox,"May 07, 1999"
dc3b9cf7641b7ab6,7-3-0,3.37,36%,4.40,58%,,2.93,66%,75%,0.7,"5' 8""",135 lbs.,"69""",Orthodox,"Jun 16, 1996"
f6e5972c9d16c40e,7-4-0,1.59,37%,6.11,50%,,0.00,0%,0%,0.0,"5' 5""",125 lbs.,"67""",Switch,"Sep 05, 1992"
e375cb5caf4717b6,12-2-0,4.04,46%,3.13,53%,,4.04,50%,81%,0.0,"5' 3""",115 lbs.,"63""",Orthodox,"Nov 11, 1992"
5ec591b78349ba7e,13-4-0,3.90,50%,2.94,56%,,1.81,40%,67%,1.1,"5' 7""",145 lbs.,"71""",Orthodox,"Dec 17, 1997"
776d4262c4da38bf,5-2-0,9.28,43%,12.83,42%,,0.00,0%,100%,0.0,"5' 9""",170 lbs.,"71""",Switch,"Nov 13, 1996"
6e8349a0a0476d60,7-0-0,5.71,55%,2.42,58%,,1.30,33%,0%,0.0,"5' 4""",125 lbs.,"64""",Orthodox,"Nov 15, 1999"
7195e2a932686f82,7-1-0,2.31,17%,6.92,44%,,0.00,0%,0%,0.0,"6' 2""",205 lbs.,--,Orthodox,"Jul 06, 1987"
ab943cd2c3c17825,22-10-1,3.70,57%,2.90,51%,,1.40,45%,59%,0.5,"6' 1""",253 lbs.,"75""",Orthodox,"Jun 25, 1985"
9141bb39310773c7,17-10-0 (1 NC),3.17,44%,3.20,46%,,0.00,0%,58%,0.0,"6' 5""",265 lbs.,"81""",Orthodox,"Feb 17, 1981"
f304aff405c4a8fa,14-9-0,4.79,38%,5.76,58%,,1.22,50%,100%,0.6,"5' 11""",185 lbs.,--,,"Feb 15, 1984"
36f3d235493d35ad,2-4-0,0.66,15%,1.71,65%,,0.00,0%,0%,0.0,"6' 0""",145 lbs.,--,,--
59a27d2e6d0802ac,5-1-0,1.70,31%,5.80,42%,,3.00,33%,0%,1.5,"6' 1""",155 lbs.,"71""",Orthodox,"Sep 27, 1994"
2804ce8dadab5770,16-10-0,4.92,39%,6.42,55%,,0.46,50%,66%,0.0,"5' 8""",145 lbs.,"71""",Orthodox,"Jul 02, 1988"
75e0d3cc2262b732,11-7-0,2.04,34%,2.65,60%,,2.46,33%,42%,1.9,"5' 10""",155 lbs.,"72""",Orthodox,"Jul 14, 1979"
c4b6099f0d25f75e,8-4-0,3.33,57%,2.41,39%,,2.50,50%,50%,1.2,"5' 9""",170 lbs.,--,Orthodox,"Jan 26, 1977"
3b83fec860a45ca1,3-4-0,0.60,40%,2.40,40%,,1.00,100%,16%,0.0,"6' 1""",170 lbs.,--,,"Jun 08, 1985"
c0badf3243907e59,18-3-0,3.78,51%,2.13,54%,,4.49,55%,28%,0.9,"6' 2""",262 lbs.,"75""",Southpaw,"Dec 11, 1990"
744e098e065cfdbe,11-3-0,2.17,55%,4.77,46%,,1.63,10%,100%,3.3,"6' 0""",205 lbs.,"76""",Orthodox,"Apr 15, 1978"
f77c68bb4be8516d,13-5-0,3.44,49%,3.05,60%,,1.57,30%,78%,0.0,"6' 0""",185 lbs.,"73""",Southpaw,"Apr 30, 1977"
6f81399074fcdbba,8-0-0,5.87,52%,4.00,65%,,2.00,22%,100%,0.0,"5' 11""",155 lbs.,"70""",Orthodox,"Feb 25, 1997"
33df417d0017eb0c,6-2-0,2.60,48%,3.27,50%,,1.00,8%,0%,1.0,"5' 10""",145 lbs.,"69""",Switch,"Apr 19, 1996"
15ea371202eb25e1,8-5-1,4.56,49%,6.44,44%,,0.00,0%,71%,0.0,"5' 8""",145 lbs.,"70""",Orthodox,"Jan 30, 2000"
82cbb809d5ee565c,12-9-0 (2 NC),2.54,37%,2.48,71%,,1.83,44%,66%,0.2,"5' 6""",125 lbs.,"69""",Orthodox,"Jun 03, 1986"
8173f134396cb971,9-4-0,1.91,38%,3.46,39%,,2.29,66%,64%,0.8,"5' 4""",135 lbs.,"68""",Southpaw,"Jan 06, 1994"
4a043165cf47cab2,4-2-0,2.18,30%,2.18,63%,,2.72,33%,0%,0.0,"5' 3""",125 lbs.,"64""",Southpaw,"Feb 17, 1995"
a13d755965a4ec9f,28-6-0,6.05,51%,5.38,53%,,1.34,62%,84%,0.1,"5' 9""",155 lbs.,"70""",Orthodox,"Mar 07, 2000"
5580771f383e141f,21-12-0 (1 NC),3.54,47%,3.39,57%,,0.46,28%,57%,0.5,"5' 10""",155 lbs.,"70""",Southpaw,"Dec 24, 1985"
3c0437fbeda06962,15-13-1,3.43,34%,2.47,60%,,1.05,57%,59%,0.1,"6' 1""",135 lbs.,"72""",Orthodox,"Nov 10, 1981"
0f6528b461e47462,7-2-4,0.00,0%,0.00,0%,,0.00,0%,0%,0.0,"5' 6""",155 lbs.,--,Orthodox,"Jul 22, 1971"
11f8860028b68fcf,18-6-0,4.03,47%,4.41,45%,,0.36,33%,85%,0.4,"6' 4""",205 lbs.,"77""",Orthodox,"May 28, 1983"
40093d1d2d78394e,14-8-0,3.08,36%,3.86,47%,,1.67,35%,38%,1.0,"5' 9""",145 lbs.,"69""",Switch,"Aug 24, 1986"
351c4ec637380ad5,19-8-0,5.47,55%,4.28,49%,,1.08,48%,72%,0.1,"5' 5""",135 lbs.,"67""",Orthodox,"Dec 30, 1994"
f7faf5b19e0dec2e,13-7-0,7.19,46%,10.66,44%,,1.12,18%,50%,0.6,"5' 11""",155 lbs.,"74""",Orthodox,"Jul 28, 1995"
fe2babf95de24fb1,12-1-0,1.34,42%,1.24,52%,,6.10,54%,25%,0.9,"5' 9""",135 lbs.,"67""",Switch,"Oct 08, 2004"
b9163ec845c3bfc8,4-2-0,2.33,33%,6.13,44%,,0.00,0%,100%,0.0,"5' 3""",115 lbs.,"63""",Orthodox,"Nov 11, 1992"
4f2fcbefb668689d,12-5-0 (1 NC),2.68,53%,2.33,49%,,6.51,68%,0%,1.8,"6' 1""",185 lbs.,--,Orthodox,"Feb 09, 1982"
91ea901c458e95dd,14-4-0,2.08,46%,1.52,59%,,1.83,41%,66%,0.1,"6' 2""",265 lbs.,"75""",Orthodox,"Aug 04, 1986"
598a58db87b890ee,2-6-0,0.00,0%,0.00,0%,,0.00,0%,0%,0.0,"6' 4""",275 lbs.,--,Orthodox,--
208b6926916867c7,3-2-0,0.00,0%,14.21,25%,,0.00,0%,0%,0.0,--,243 lbs.,--,,--
51c655162e462ceb,13-9-0,5.96,39%,7.39,55%,,0.00,0%,100%,0.0,"5' 6""",125 lbs.,"66""",Switch,"May 12, 1989"
ff3a915256b899c0,26-19-1,2.80,35%,4.33,35%,,0.00,0%,100%,0.0,"6' 5""",205 lbs.,--,,"Nov 18, 1981"
af49a6c491ca22a3,4-3-0,0.75,50%,2.49,41%,,0.00,0%,0%,0.0,"6' 0""",205 lbs.,--,Open Stance,"Jan 31, 1972"
bd58d34e39b7b12a,39-14-0,3.71,42%,4.63,47%,,0.68,34%,70%,0.4,"6' 4""",265 lbs.,"78""",Orthodox,"Oct 17, 1981"
872b018076f831b0,4-6-0,0.53,33%,1.06,33%,,0.00,0%,50%,0.0,"6' 0""",207 lbs.,--,Southpaw,"Jun 03, 1966"
749f572d1d3161fb,15-7-0 (1 NC),3.88,40%,4.33,49%,,0.00,0%,58%,0.1,"6' 1""",205 lbs.,"76""",Southpaw,"Feb 26, 1990"
8bdac25ce0bb874d,12-2-0,4.17,52%,4.14,44%,,6.26,68%,50%,4.8,"5' 7""",135 lbs.,"66""",Orthodox,"Feb 01, 1987"
cba3a2dfbc06ce79,2-1-0,0.54,21%,3.22,28%,,2.69,33%,0%,0.0,"5' 8""",185 lbs.,--,Orthodox,--
9d7fbf438766791f,4-1-0,0.87,46%,3.00,26%,,0.00,0%,100%,0.0,"5' 8""",145 lbs.,--,,--
8e382b585a92affe,11-7-0,3.51,49%,4.15,50%,,0.46,36%,53%,0.2,"6' 3""",170 lbs.,"80""",Orthodox,"Jul 18, 1990"
8ebc3a8da015d70c,15-3-0,4.60,48%,2.12,52%,,1.34,44%,33%,0.3,"6' 3""",185 lbs.,"78""",Orthodox,"Jan 19, 1995"
712aa894b3a344df,2-2-0,0.00,0%,1.63,14%,,0.00,0%,0%,4.1,--,185 lbs.,--,,--
09f8c233de88998d,1-2-0,0.00,0%,0.00,0%,,0.00,0%,0%,0.0,--,135 lbs.,--,,--
6e15f63b6c2e2c15,17-9-0,5.54,41%,4.25,43%,,0.65,75%,45%,1.1,"5' 9""",125 lbs.,"68""",Southpaw,"Aug 16, 1992"
2cd428e9606856fd,15-6-0,3.48,48%,2.63,52%,,0.00,0%,72%,0.0,"6' 2""",242 lbs.,"78""",Orthodox,"Mar 17, 1988"
140745cbbcb023ac,27-14-1,3.57,50%,2.79,54%,,2.01,48%,49%,0.7,"6' 1""",205 lbs.,"76""",Orthodox,"Nov 25, 1981"
90e7447d8b7f3f35,20-13-1,2.48,45%,1.85,53%,,1.97,45%,37%,1.2,"5' 11""",185 lbs.,--,Orthodox,"May 22, 1980"
597db668b01c442c,9-4-2,0.00,0%,0.00,0%,,0.00,0%,0%,0.0,"6' 1""",210 lbs.,--,Orthodox,"Jan 23, 1961"
94070f6544c4b2a5,4-5-1 (1 NC),1.28,35%,7.00,41%,,0.00,0%,0%,0.0,"5' 10""",185 lbs.,--,Orthodox,"Oct 06, 1977"
c4731f43693b96b8,10-16-1,1.13,36%,1.00,62%,,2.00,33%,33%,0.0,"5' 5""",145 lbs.,--,Orthodox,"Jan 29, 1987"
92aed9d16794f42b,11-3-0,3.37,34%,5.20,45%,,1.00,22%,71%,0.0,"5' 8""",145 lbs.,"72""",Switch,"May 15, 1998"
ccba80d4820ef557,18-8-0,1.70,31%,5.16,41%,,2.04,11%,28%,0.0,"5' 10""",155 lbs.,--,Orthodox,"Aug 29, 1977"
9c393e836a852f30,14-2-0,4.19,57%,3.83,59%,,0.00,0%,86%,0.0,"5' 11""",155 lbs.,"75""",Orthodox,"Jun 17, 1996"
7b9aa973e5c04624,1-1-0,0.20,25%,1.40,47%,,2.00,12%,0%,0.0,"5' 7""",155 lbs.,--,Orthodox,"Jun 10, 1967"
657c21cb133f1445,33-22-0,2.56,64%,1.67,28%,,1.43,31%,21%,0.0,"6' 2""",205 lbs.,--,Orthodox,"Nov 03, 1977"
babc0b19e89cec6e,7-4-0,1.40,33%,1.40,75%,,0.00,0%,100%,20.9,"5' 6""",135 lbs.,--,,"Jun 23, 1987"
1235b31de15d0c6e,10-5-0,2.21,29%,6.19,44%,,1.75,50%,44%,0.6,"5' 0""",115 lbs.,"61""",Southpaw,"Feb 03, 1993"
353de740bb6c7e75,15-3-0 (1 NC),1.55,47%,2.90,59%,,4.66,43%,0%,0.7,"6' 1""",255 lbs.,"73""",Orthodox,"Sep 11, 1976"
03688dc3c3af3ac1,28-4-1,5.59,61%,2.06,79%,,0.00,0%,0%,0.0,"6' 1""",205 lbs.,--,Orthodox,"Feb 24, 1965"
e5a898f2a1afec67,20-4-1,0.00,0%,0.00,0%,,0.00,0%,0%,0.0,"5' 8""",155 lbs.,"67""",Orthodox,"Feb 16, 1996"
49d2a08964c5eb11,37-9-2 (2 NC),2.38,46%,2.68,49%,,1.36,80%,33%,0.3,"6' 5""",185 lbs.,"76""",Orthodox,"Nov 19, 1993"
5b1b383265433f51,7-3-0,0.00,0%,0.00,0%,,0.00,0%,0%,0.0,--,185 lbs.,--,,"Jun 27, 1987"
99223fbb4a05326b,10-0-0,0.00,0%,0.00,0%,,0.00,0%,0%,0.0,--,155 lbs.,--,,"Nov 23, 2001"
b1669a810fae4220,16-4-1 (1 NC),0.57,45%,0.96,66%,,5.73,60%,0%,1.0,"5' 6""",135 lbs.,--,,"Mar 31, 1985"
3c8a5200436e19f3,9-3-0,5.30,46%,4.14,51%,,0.89,28%,47%,0.7,"5' 8""",135 lbs.,"67""",Southpaw,"Dec 20, 2000"
7956f026e2672c47,3-15-0,0.00,0%,0.00,0%,,0.00,0%,0%,0.0,--,135 lbs.,--,,--
633f0800d178dd21,4-0-0,0.00,0%,0.00,0%,,0.00,0%,0%,0.0,--,255 lbs.,--,,"Jun 14, 1998"
cb7ee07982de2a28,9-1-0,2.07,57%,0.20,25%,,3.00,75%,100%,1.0,"5' 10""",135 lbs.,"71""",Orthodox,"Mar 31, 1993"
b8bbdeff718dbb7d,22-5-0,1.69,54%,1.16,54%,,4.27,41%,50%,1.3,"5' 8""",145 lbs.,"70""",Orthodox,"Nov 09, 1990"
2650e2f846a30f64,6-5-0,4.71,46%,3.55,60%,,0.57,27%,60%,0.3,"5' 10""",170 lbs.,"75""",Orthodox,"Aug 27, 1980"
ff62013d2fce6d13,11-3-1,4.69,48%,5.42,49%,,1.08,45%,72%,0.2,"5' 10""",155 lbs.,"69""",Southpaw,"May 16, 1994"
9ba2226646046b63,13-7-0,3.94,47%,3.50,52%,,1.74,31%,61%,0.1,"5' 6""",135 lbs.,"66""",Orthodox,"Aug 12, 1980"
a78f7a9135eb6249,8-2-0,3.82,40%,3.82,52%,,0.00,0%,0%,0.0,"5' 6""",125 lbs.,"67""",Orthodox,"May 30, 1995"
88d7b6d8230e1f3f,9-3-0,4.03,48%,2.96,47%,,2.52,41%,33%,0.0,"6' 1""",185 lbs.,"78""",Orthodox,"Oct 14, 1986"
0749d968e932df53,16-7-0,4.05,47%,3.06,62%,,0.52,36%,84%,0.1,"5' 10""",170 lbs.,"70""",Switch,"Sep 06, 1986"
4ac1ecf8ce59ef23,12-4-0,2.50,39%,2.94,52%,,2.33,40%,23%,0.0,"5' 11""",155 lbs.,"71""",Orthodox,"Nov 23, 1985"
296a120cb880477b,12-3-0,4.05,52%,2.64,41%,,0.92,33%,50%,0.5,"5' 10""",125 lbs.,"73""",Orthodox,"May 28, 1995"
cc4e571964b084d4,11-5-0,6.67,44%,9.91,43%,,0.00,0%,66%,0.0,"6' 0""",155 lbs.,"73""",Orthodox,"Sep 18, 1990"
96c76dd695eb3b88,8-1-0,0.91,28%,2.74,36%,,0.00,0%,0%,0.0,"5' 7""",125 lbs.,"68""",Orthodox,"May 09, 1997"
6a6c4709ebc5499a,5-1-0,0.81,28%,5.35,41%,,0.00,0%,33%,1.2,"5' 10""",135 lbs.,"71""",Orthodox,"Dec 11, 1997"
c2299ec916bc7c56,17-3-0 (1 NC),5.62,58%,4.09,42%,,4.19,35%,72%,1.8,"5' 11""",155 lbs.,"73""",Southpaw,"Dec 18, 1995"
50db8711c70196cd,27-18-0,3.03,47%,3.33,47%,,1.09,36%,67%,0.5,"6' 3""",205 lbs.,"80""",Southpaw,"Apr 08, 1983"
fb41432b622992a9,13-3-0,2.06,35%,3.88,57%,,1.01,25%,66%,0.0,"5' 8""",155 lbs.,"71""",Orthodox,"Nov 27, 1990"
94a5aaf573f780ad,6-7-0,0.30,25%,2.40,50%,,4.50,100%,0%,9.0,"5' 9""",185 lbs.,--,Orthodox,"Jul 26, 1973"
441eacbe20e0e80b,16-5-1,4.60,49%,3.83,48%,,0.23,40%,56%,0.0,"6' 3""",265 lbs.,"77""",Orthodox,"May 09, 1991"
7f955f71fa2ce7ac,19-11-0 (2 NC),3.96,47%,2.80,59%,,2.18,78%,62%,0.0,"6' 0""",185 lbs.,"72""",Orthodox,"Sep 02, 1981"
d7907a9a968e4d29,11-14-0,1.11,61%,2.08,31%,,0.00,0%,0%,0.0,"5' 9""",195 lbs.,--,Southpaw,"Mar 11, 1973"
4690d47bf725fd98,1-2-0,7.09,58%,4.57,53%,,0.00,0%,100%,0.0,"6' 0""",205 lbs.,"73""",Orthodox,"Oct 19, 1983"
9b5b5a75523728f3,26-17-1 (2 NC),1.26,41%,2.03,51%,,1.26,31%,48%,1.7,"6' 0""",185 lbs.,--,Southpaw,"Jul 14, 1969"
85e26e2468b4e82f,38-13-2,2.45,49%,1.94,59%,,1.87,69%,56%,0.3,"5' 7""",168 lbs.,--,Orthodox,"Aug 24, 1975"
ff9578cdbfabd323,24-24-6,1.80,48%,3.44,58%,,0.52,100%,36%,1.6,"5' 7""",183 lbs.,--,Orthodox,"Sep 18, 1971"
9b198c73e3d0d289,12-7-0,3.42,43%,2.96,68%,,2.43,20%,0%,0.0,"5' 8""",155 lbs.,"70""",Southpaw,"Mar 13, 1982"
394f55ebca199124,14-9-0,3.01,47%,1.19,76%,,0.49,18%,36%,2.5,"6' 0""",185 lbs.,--,Orthodox,"Jan 11, 1971"
72c4b253d2f5ebf2,10-6-0 (1 NC),1.95,39%,2.89,57%,,1.77,18%,50%,0.0,"5' 7""",135 lbs.,--,Orthodox,"Feb 21, 1988"
12e0fdc606f7e274,16-7-1,5.16,50%,3.65,60%,,0.64,17%,44%,0.2,"5' 11""",145 lbs.,"73""",Orthodox,"Jan 27, 1991"
3e36811b7bc1f6ad,4-8-1,0.99,50%,1.86,40%,,0.00,0%,50%,0.0,"5' 10""",170 lbs.,--,,--
447f9858ae78f921,22-6-0,3.37,49%,2.96,62%,,1.07,32%,72%,0.0,"5' 11""",170 lbs.,"70""",Orthodox,"Jun 09, 1984"
74d5f71eeb0c66c7,5-2-1,0.00,0%,0.00,0%,,0.00,0%,0%,0.0,"6' 1""",245 lbs.,--,,"Nov 20, 1984"
a049aa06508b9c7b,8-6-0,2.88,40%,6.08,20%,,0.00,0%,57%,0.0,"5' 10""",170 lbs.,--,,"Jan 28, 1986"
17734443a833cdf7,12-1-0,5.01,57%,3.03,45%,,7.25,35%,80%,0.8,"6' 0""",155 lbs.,"75""",Orthodox,"Dec 28, 1999"
7c0847d3854a95f2,18-21-0,1.49,33%,2.03,65%,,4.06,50%,0%,0.0,"5' 10""",185 lbs.,--,Southpaw,"Sep 11, 1977"
98e946879ba20c0f,6-3-0,4.13,37%,7.75,59%,,0.00,0%,100%,0.0,"5' 9""",135 lbs.,"69""",Southpaw,"Nov 20, 1990"
010986ee359fb863,14-3-0,1.68,32%,1.68,68%,,2.85,46%,66%,0.5,"6' 1""",185 lbs.,"74""",Southpaw,"Mar 21, 1985"
65cdf4ec31143d86,14-7-0,5.48,43%,6.50,48%,,0.36,11%,86%,0.0,"5' 7""",135 lbs.,"70""",Southpaw,"Jul 24, 1996"
a7a3fb5f6c67b122,5-2-0,4.34,37%,11.57,46%,,0.00,0%,0%,0.0,"5' 9""",155 lbs.,"69""",Southpaw,"May 20, 1993"
9deff9e3e8d94d47,13-4-0,2.08,52%,2.47,34%,,1.09,33%,33%,0.4,"6' 3""",185 lbs.,"79""",Orthodox,"Mar 14, 1988"
b23388ff8ac6637b,3-1-0,1.32,40%,2.64,50%,,9.89,50%,0%,9.9,"5' 8""",170 lbs.,--,Orthodox,"Sep 11, 1975"
f65dcb22dada2223,11-5-0,1.99,36%,2.96,55%,,1.06,33%,40%,2.1,"5' 4""",125 lbs.,"64""",Orthodox,"Jul 24, 1984"
983e281d257c24dc,8-3-0,0.00,0%,0.00,0%,,0.00,0%,0%,0.0,"5' 10""",135 lbs.,--,,--
438d497617ecb16e,11-1-0,5.95,75%,0.00,100%,,0.00,0%,100%,0.0,"5' 10""",155 lbs.,"74""",Orthodox,"Jan 28, 2003"
82e7929bf6c2b689,31-13-0,2.69,37%,3.02,56%,,1.51,24%,46%,0.8,"5' 10""",170 lbs.,"72""",Southpaw,"Dec 31, 1981"
7f0b4a75ef3039a3,15-8-0,3.45,43%,3.30,43%,,1.13,26%,42%,0.0,"6' 2""",230 lbs.,"74""",Orthodox,"Nov 04, 1982"
c6da1c24fe473418,0-1-0,0.00,0%,0.00,0%,,0.00,0%,0%,0.0,"6' 3""",300 lbs.,--,Orthodox,--
6a0047ac8c99fece,10-35-0,0.00,0%,0.00,100%,,0.00,0%,100%,0.0,"5' 7""",155 lbs.,--,Orthodox,"Dec 15, 1989"
bb140b121283acbb,31-17-0,0.58,50%,1.16,55%,,0.00,0%,50%,0.0,"5' 10""",145 lbs.,--,,"Aug 18, 1984"
b12fc8a41e82d3a2,11-4-0,3.22,36%,2.82,63%,,0.95,71%,51%,0.4,"5' 6""",135 lbs.,"68""",Orthodox,"Jun 24, 1991"
243a336eaa2d2eb4,15-3-0,4.45,35%,4.17,55%,,0.25,6%,16%,0.5,"5' 9""",145 lbs.,"71""",,"Aug 11, 1990"
ef3663798164adf0,8-3-0,0.00,0%,0.00,0%,,0.00,0%,0%,0.0,"5' 10""",145 lbs.,--,,"Oct 04, 1990"
fccf811c1e8b01c7,13-7-0,4.30,43%,5.10,50%,,2.55,36%,100%,0.0,"6' 1""",185 lbs.,"74""",Orthodox,"Apr 08, 1988"
546f8599a63c29da,8-2-0,0.96,40%,1.78,46%,,3.61,62%,50%,0.7,"5' 6""",125 lbs.,"66""",Orthodox,"Mar 05, 1986"
acdefc52a4b6c576,9-1-0,0.00,0%,0.00,0%,,0.00,0%,0%,0.0,--,155 lbs.,--,,"Nov 15, 2001"
59aaf2730b84698a,23-7-0,0.00,0%,6.45,35%,,0.00,0%,50%,0.0,"6' 0""",170 lbs.,--,Orthodox,--
96428b9e9bd048ea,13-5-0,6.61,52%,4.37,50%,,0.71,30%,72%,0.2,"5' 6""",135 lbs.,"67""",Southpaw,"Dec 12, 1985"
12f1b140e248bdb9,16-3-0 (1 NC),0.88,64%,1.14,46%,,2.20,33%,50%,1.6,"5' 8""",135 lbs.,"72""",Orthodox,"Oct 01, 1979"
65f09bacd3957381,18-6-0,4.86,45%,3.47,56%,,1.15,34%,56%,0.2,"5' 11""",135 lbs.,"70""",Switch,"Apr 20, 1992"
9d51bcc281aa0514,2-3-0,0.00,0%,0.00,0%,,0.00,0%,0%,0.0,--,135 lbs.,--,,--
f9ad10f6a49e5452,3-3-0,0.00,0%,0.00,0%,,0.00,0%,0%,0.0,--,130 lbs.,--,,--
696002b59f09d73b,7-7-0,1.82,42%,12.12,60%,,0.00,0%,0%,0.0,"5' 7""",135 lbs.,--,Southpaw,"May 11, 1986"
449c890bd90f3374,14-4-0,3.31,52%,2.33,65%,,3.49,25%,71%,1.4,"5' 2""",125 lbs.,"64""",Orthodox,"Jul 19, 1986"
29f935654825331b,5-1-0,0.23,50%,3.22,17%,,0.00,0%,0%,3.5,"5' 11""",185 lbs.,--,Orthodox,"Mar 12, 1968"
57887765f831e228,4-2-0,2.71,46%,2.15,51%,,1.94,60%,68%,0.0,"5' 4""",125 lbs.,--,Orthodox,"Dec 04, 1990"
4c12aa7ca246e7a4,0-4-0,0.00,0%,0.00,0%,,0.00,0%,0%,0.0,"5' 11""",243 lbs.,--,Orthodox,"Feb 02, 1965"
16a64f93f6678b7b,4-3-1,4.00,33%,12.00,40%,,0.00,0%,0%,0.0,"5' 11""",170 lbs.,"75""",Orthodox,"May 30, 1991"
3143e5daff9e5b71,3-4-0,3.60,51%,2.53,74%,,0.00,0%,80%,0.0,"5' 9""",125 lbs.,--,,--
d6ead04919a894b1,3-1-0,6.01,39%,2.72,73%,,6.44,60%,0%,0.0,"5' 7""",145 lbs.,"73""",Orthodox,"Jan 10, 1996"
19809d475ed832d5,6-1-0,0.82,42%,1.65,40%,,0.00,0%,0%,2.8,"6' 1""",155 lbs.,"75""",Orthodox,"Jun 04, 1991"
86989ee8fe97884d,7-3-1,1.67,34%,2.00,52%,,0.00,0%,0%,0.0,"6' 2""",185 lbs.,"76""",Orthodox,"Jul 10, 1996"
39792c2f42c9f527,17-6-1 (1 NC),0.00,0%,0.00,0%,,0.00,0%,0%,0.0,"5' 5""",125 lbs.,--,,"Oct 25, 1984"
f8dc544e7077d014,25-12-0,1.69,35%,2.62,56%,,0.58,30%,52%,0.8,"6' 1""",170 lbs.,"75""",Orthodox,"Oct 09, 1980"
bc656db347f31e19,19-12-0,3.44,49%,3.58,36%,,2.66,50%,53%,1.1,"5' 10""",145 lbs.,"69""",Orthodox,"Jul 28, 1989"
4920292f5d9b76df,9-5-0,1.47,39%,5.53,56%,,1.00,50%,100%,0.0,"5' 7""",185 lbs.,--,Orthodox,"Feb 08, 1983"
9f95d6b5b459cc6b,7-2-0,3.87,49%,4.87,42%,,0.00,0%,25%,0.0,"5' 7""",135 lbs.,"67""",Southpaw,"Oct 10, 1992"
8299206ccebc44a7,10-3-0,0.00,0%,0.00,0%,,0.00,0%,0%,0.0,--,155 lbs.,--,,"Jan 18, 1980"
012fc7cd0779c09a,18-8-0,1.40,12%,7.31,52%,,0.00,0%,100%,0.0,"6' 2""",185 lbs.,--,,"Oct 26, 1972"
c6e6926a81adcd00,0-1-0,0.00,0%,0.00,0%,,0.00,0%,0%,0.0,--,--,--,,--
7ca4c3f8aa8bacae,0-3-0,0.00,0%,0.00,0%,,0.00,0%,0%,0.0,--,--,--,,--
99bf06f20491cb54,21-18-0,3.94,36%,6.01,49%,,0.78,100%,50%,0.4,"5' 10""",170 lbs.,"76""",Orthodox,"Dec 12, 1977"
7701377be464d2ef,63-10-1 (1 NC),4.40,57%,4.00,64%,,0.00,0%,0%,0.0,"6' 1""",170 lbs.,--,Southpaw,"Jan 02, 1980"
14aa21bc82cac57d,30-13-1 (1 NC),3.00,30%,6.10,57%,,1.66,23%,83%,0.0,"5' 5""",125 lbs.,"67""",Orthodox,"Sep 25, 1980"
9c65736747ca92ec,18-7-1,2.82,46%,3.40,54%,,0.88,25%,86%,0.2,"6' 0""",155 lbs.,"75""",Orthodox,"Feb 05, 1980"
dea070ed4a2a8281,22-11-0,3.72,48%,2.57,53%,,0.88,33%,65%,0.1,"6' 2""",205 lbs.,"76""",Orthodox,"Jan 07, 1984"
da1d8d76404bb6b5,15-2-0,1.18,46%,2.27,56%,,3.00,37%,66%,0.3,"5' 9""",185 lbs.,--,Orthodox,"Jul 17, 1987"
5b5b78116d1fc3eb,38-10-0,2.77,34%,4.17,41%,,2.50,29%,75%,0.0,"6' 0""",170 lbs.,--,,--
d12ee718fb35c35c,33-7-0,3.40,31%,4.40,64%,,0.00,0%,75%,0.0,"5' 9""",145 lbs.,--,,"Aug 20, 1988"
3143bf892608139a,17-8-0 (1 NC),4.41,57%,3.12,52%,,0.78,47%,51%,0.1,"5' 6""",135 lbs.,"68""",Orthodox,"Nov 11, 1989"
f7467152fd9f18a2,19-3-0,3.39,48%,2.64,58%,,2.00,76%,86%,1.1,"5' 6""",125 lbs.,"68""",Orthodox,"Jun 22, 1993"
4cb79988b2a9bd07,10-3-0,4.40,54%,4.07,53%,,1.00,100%,66%,1.0,"5' 4""",125 lbs.,--,Orthodox,"Dec 12, 1992"
78719f6663ad9160,12-3-1 (1 NC),1.55,48%,7.09,26%,,0.00,0%,25%,0.0,"6' 4""",248 lbs.,"78""",Orthodox,"May 03, 1992"
b67d6bacc68d4c92,14-3-0,5.15,40%,5.38,50%,,2.60,33%,73%,0.0,"5' 7""",145 lbs.,"67""",Orthodox,"Mar 12, 1995"
f2f140ce7532e327,12-2-0,4.35,60%,4.31,45%,,3.80,54%,87%,1.2,"5' 9""",145 lbs.,"70""",Orthodox,"Nov 28, 1996"
5078e1dacf9d25f4,11-2-0,2.53,53%,2.45,64%,,2.14,37%,85%,1.0,"5' 6""",135 lbs.,"67""",Orthodox,"Apr 16, 2000"
312f7d7b2b2f7de4,11-3-0,6.64,42%,6.35,48%,,0.51,28%,85%,0.0,"6' 0""",185 lbs.,"75""",Orthodox,"Aug 01, 1997"
480779d7f9a424d3,18-1-0,3.33,48%,2.24,65%,,0.00,0%,69%,0.0,"5' 7""",145 lbs.,"72""",Orthodox,"Jun 10, 2000"
1d147d4163a6989b,1-1-0,0.00,0%,0.00,0%,,0.00,0%,0%,0.0,"5' 9""",190 lbs.,--,,"Jan 16, 1963"
9f3d6ddef3d3cccc,11-20-0,3.19,55%,1.88,49%,,0.58,100%,72%,0.0,"6' 5""",350 lbs.,--,Orthodox,"Sep 22, 1974"
7e47047d0971d566,10-6-0,2.23,46%,3.10,58%,,0.36,7%,53%,0.7,"5' 9""",185 lbs.,"73""",Orthodox,"Aug 21, 1982"
57186c150c645200,14-5-0,2.75,50%,2.82,40%,,2.17,80%,66%,0.5,"5' 8""",145 lbs.,"69""",Orthodox,"Jan 01, 1995"
4f4dac51adc1af4f,22-20-1,1.64,32%,3.58,62%,,1.33,40%,0%,0.7,"5' 6""",155 lbs.,--,Orthodox,"Apr 23, 1982"
1a97a3ef4c758fae,12-2-0,5.87,47%,6.18,38%,,0.00,0%,100%,0.0,"6' 3""",265 lbs.,"75""",Orthodox,"Feb 28, 1991"
026b4f7049085842,36-26-0,0.84,25%,3.46,36%,,2.36,60%,57%,0.0,"5' 9""",155 lbs.,--,Orthodox,"Sep 09, 1983"
2097b1a5ff47dfb0,35-6-0,1.43,66%,2.06,42%,,0.00,0%,75%,0.0,"5' 11""",155 lbs.,--,,"Jan 17, 1989"
e5c38954c006f15c,25-22-2,1.09,43%,1.20,57%,,0.43,100%,66%,0.0,"6' 2""",185 lbs.,--,Orthodox,"Sep 12, 1976"
23bd78c3f89bdb54,3-7-4,0.33,45%,0.93,46%,,0.00,0%,0%,0.0,"5' 7""",183 lbs.,--,Southpaw,"Oct 07, 1979"
7c3c48cf54a2848e,21-6-2,2.16,41%,2.50,50%,,3.03,43%,41%,1.2,"5' 10""",125 lbs.,"71""",Southpaw,"Oct 07, 1989"
7b143a54451263d9,14-2-0,0.53,26%,1.90,51%,,0.53,16%,33%,7.4,"6' 0""",155 lbs.,"73""",Orthodox,"Aug 04, 1988"
b7bcf6dfbbb7c16c,11-3-1,2.76,49%,2.42,48%,,3.76,40%,61%,1.9,"5' 5""",145 lbs.,"69""",Switch,"Sep 30, 1994"
f4a031ac205ac580,1-8-1,1.40,35%,3.76,41%,,0.00,0%,58%,0.0,"6' 1""",220 lbs.,--,Orthodox,"Aug 17, 1965"
276c60b14b571dd4,19-11-7 (1 NC),0.46,33%,12.92,9%,,0.00,0%,0%,0.0,"5' 10""",170 lbs.,--,Southpaw,"Jun 08, 1985"
8abac218746e04ca,16-7-0,2.21,41%,3.73,44%,,0.76,37%,60%,0.0,"5' 10""",170 lbs.,"73""",Southpaw,"Jun 09, 1990"
c982b98d33825763,5-1-0 (1 NC),2.14,25%,25.71,29%,,0.00,0%,0%,0.0,"5' 7""",170 lbs.,"66""",Southpaw,"Jun 08, 1993"
02f484417a6fa69d,9-1-0,2.14,25%,3.66,44%,,0.00,0%,50%,1.7,"6' 4""",205 lbs.,"79""",Orthodox,"Aug 10, 1994"
f6f9d41669dd3eaa,8-5-0,0.66,30%,0.82,84%,,2.47,50%,0%,2.5,"5' 6""",135 lbs.,--,,"Mar 05, 1991"
36ab6af06e312b41,25-12-0,0.00,0%,0.00,0%,,0.00,0%,0%,0.0,"6' 1""",263 lbs.,--,,"Nov 11, 1970"
20bd6c3e03c46ee6,0-2-0,0.00,0%,0.00,0%,,0.00,0%,0%,0.0,"5' 5""",170 lbs.,--,Orthodox,--
484acc7b0f856ce9,22-13-2,3.23,50%,3.58,51%,,0.20,40%,66%,1.3,"6' 2""",170 lbs.,"77""",Orthodox,"Apr 13, 1983"
4fe9492959834bf7,7-2-0,0.00,0%,0.00,0%,,0.00,0%,0%,0.0,"5' 10""",170 lbs.,--,Orthodox,--
b35a159f525764eb,16-8-0,1.48,22%,2.96,75%,,3.70,100%,0%,0.0,"5' 8""",155 lbs.,--,,"Mar 11, 1986"
67f0d1b1b0b39bec,10-2-1,1.39,45%,6.95,23%,,0.00,0%,12%,0.0,"5' 11""",170 lbs.,"72""",Orthodox,"Aug 29, 1992"
402ea3b5ee233852,6-5-0,2.54,41%,2.37,48%,,7.63,75%,0%,2.5,"6' 0""",185 lbs.,--,,"Jun 30, 1978"
5b8ba8f5512893b1,8-4-0,4.83,41%,2.81,61%,,0.36,16%,81%,0.7,"5' 7""",155 lbs.,"68""",Orthodox,"Feb 21, 1994"
72b7c071910990b1,5-1-0,0.00,0%,0.00,0%,,0.00,0%,0%,0.0,"6' 5""",265 lbs.,--,,"Apr 23, 1981"
22a1f83edb865aee,13-3-0,2.27,28%,3.03,52%,,0.00,0%,100%,0.0,"6' 0""",205 lbs.,"71""",Orthodox,"Oct 05, 1996"
771b60ff889661c8,9-2-0,2.20,35%,3.33,48%,,3.00,75%,25%,2.0,"5' 9""",170 lbs.,--,Orthodox,--
f59f1d3a2ff13edd,14-8-2,1.89,34%,3.38,56%,,1.81,36%,50%,1.8,"6' 3""",185 lbs.,"76""",Orthodox,"Sep 20, 1977"
030f08370fd1c2bb,24-13-0 (1 NC),0.94,11%,4.84,63%,,0.00,0%,0%,0.0,"6' 2""",265 lbs.,--,Orthodox,"Aug 09, 1971"
66e981516e2476d1,15-6-0,1.43,42%,1.07,54%,,3.00,42%,0%,1.0,"5' 11""",185 lbs.,--,Orthodox,"Apr 22, 1978"
89a407032911e27e,10-5-0,2.92,37%,2.22,57%,,2.32,46%,72%,0.4,"6' 4""",245 lbs.,"78""",Orthodox,"Mar 18, 1983"
a296ad1d238d97df,14-7-0,1.33,36%,3.00,47%,,0.00,0%,100%,0.0,"6' 2""",205 lbs.,"75""",Orthodox,"Nov 04, 1992"
a3244e3238541482,5-5-0,0.72,26%,2.12,55%,,1.31,40%,0%,0.4,"5' 9""",205 lbs.,--,Orthodox,"Jun 01, 1974"
0bc7e61d204f2137,11-10-0 (3 NC),1.31,31%,3.20,38%,,1.09,33%,40%,0.0,"6' 3""",257 lbs.,--,Orthodox,"Jun 30, 1972"
1208ffc5be6e31ad,10-6-0,1.68,34%,2.62,38%,,0.94,50%,66%,0.9,"5' 8""",155 lbs.,--,Orthodox,"Dec 24, 1975"
de12bd65e2f46478,5-2-0,1.87,26%,8.24,52%,,0.00,0%,0%,0.0,"5' 8""",145 lbs.,--,Orthodox,"Aug 28, 1988"
f41fad444939056b,2-5-0,2.84,52%,2.64,48%,,0.00,0%,44%,0.0,"6' 3""",185 lbs.,--,,--
d5ed14b2153c6ed2,26-14-1,1.20,50%,1.31,53%,,0.00,0%,47%,1.1,"6' 10""",265 lbs.,--,Orthodox,"Oct 27, 1973"
89ea01f5a7ada40c,10-6-0,0.00,0%,0.00,0%,,0.00,0%,0%,0.0,"5' 8""",155 lbs.,--,,"May 19, 1983"
b701f095e6ccb149,4-3-0,3.23,30%,7.90,45%,,0.00,0%,0%,0.0,"6' 0""",145 lbs.,"71""",Orthodox,"Dec 28, 2000"
bd02e222a6166d50,2-3-0,0.00,0%,0.00,0%,,0.00,0%,0%,0.0,--,185 lbs.,--,,--
aa943b9bc00cb0ed,11-7-0,2.17,48%,2.50,50%,,2.50,50%,60%,0.0,--,135 lbs.,--,,"Mar 12, 1982"
67c1d46f4ed16f9e,17-11-0 (1 NC),4.05,40%,4.18,54%,,0.59,45%,43%,1.2,"5' 8""",125 lbs.,"70""",Orthodox,"Jan 15, 1990"
fdfef29ba17ee525,15-10-0,1.22,40%,2.27,42%,,0.00,0%,22%,4.9,"6' 3""",185 lbs.,--,Orthodox,"May 05, 1976"
b0353e7f5038dd09,5-1-0,0.00,0%,9.86,53%,,0.00,0%,0%,0.0,"6' 3""",265 lbs.,"76""",Orthodox,"Sep 22, 1997"
5a558ba1ff5e9121,14-8-0,1.20,33%,4.35,38%,,0.00,0%,50%,1.1,"6' 2""",220 lbs.,--,Orthodox,"Jul 18, 1985"
d86e913c548c07c2,20-17-1,0.00,0%,0.00,0%,,0.00,0%,0%,0.0,"6' 0""",240 lbs.,--,Orthodox,"Mar 03, 1965"
040426baba8a45e8,11-10-0,0.00,0%,0.00,0%,,0.00,0%,0%,0.0,"6' 1""",230 lbs.,--,,"Jun 02, 1973"
e44c679c30403cba,11-10-0,0.00,0%,0.00,0%,,0.00,0%,0%,0.0,"5' 3""",125 lbs.,--,,"Jul 16, 1988"
c1684f00c626f4c0,1-1-0,0.00,0%,0.00,0%,,0.00,0%,0%,0.0,"5' 9""",200 lbs.,--,Orthodox,"Oct 26, 1960"
b4443fae47e7eb9d,9-3-0,2.91,46%,3.11,43%,,2.39,21%,0%,3.6,"6' 1""",185 lbs.,"77""",Orthodox,"Aug 09, 1996"
99c80d2bd5dbe5a9,1-1-0,1.27,44%,0.87,45%,,0.00,0%,50%,1.0,"6' 3""",170 lbs.,--,Orthodox,--
79cbdf233e5e0496,2-0-0,0.00,0%,0.00,0%,,0.00,0%,0%,0.0,--,205 lbs.,--,,--
9fa568ad2bf2cb0b,11-5-0,3.56,51%,2.16,55%,,3.42,63%,82%,0.5,"5' 7""",125 lbs.,"66""",Southpaw,"May 02, 1992"
34e552520a934063,11-6-0,3.52,41%,4.31,57%,,0.32,15%,63%,0.7,"6' 1""",170 lbs.,"76""",Orthodox,"Jun 24, 1989"
0b235384fe23fc9c,3-4-0,3.90,55%,7.79,37%,,11.69,100%,0%,0.0,"5' 9""",145 lbs.,--,,--
4327506eb9ee342f,10-0-0,5.35,58%,0.81,71%,,2.43,66%,100%,0.0,"5' 8""",135 lbs.,"70""",Orthodox,"Feb 26, 2000"
03dee485905dbc9f,7-1-0,2.40,37%,8.80,68%,,0.00,0%,0%,0.0,"6' 3""",170 lbs.,"74""",Orthodox,"Mar 09, 1996"
0c01568b1ac77bff,13-15-1 (1 NC),5.50,68%,3.33,50%,,0.00,0%,33%,0.0,"6' 4""",185 lbs.,--,Orthodox,"Jul 30, 1977"
b9af9f8834e39d3e,10-3-0,1.50,40%,5.25,22%,,0.00,0%,60%,0.0,"6' 1""",145 lbs.,"74""",Orthodox,"Jul 07, 1993"
d1ce40aca99a9b70,8-4-0,0.51,20%,0.81,50%,,3.03,100%,0%,3.0,"6' 0""",170 lbs.,--,,"Sep 26, 1986"
55e94a9b525dcf45,4-7-0,3.21,66%,1.28,0%,,0.00,0%,40%,14.4,"6' 0""",185 lbs.,--,Orthodox,"Oct 21, 1980"
49a74b9fb2e45fdf,16-13-0,3.56,41%,3.79,58%,,0.78,27%,53%,1.6,"5' 4""",125 lbs.,"64""",Orthodox,"Aug 30, 1979"
d6b68eaf4b68b160,0-2-0,0.00,0%,0.43,0%,,0.00,0%,0%,0.0,"5' 9""",225 lbs.,--,Orthodox,"Apr 10, 1972"
646d5dbe509accd4,2-2-0,0.86,31%,1.71,72%,,0.00,0%,66%,0.0,"6' 0""",240 lbs.,--,Orthodox,"Feb 15, 1971"
e4bb7e483c4ad318,23-19-1,2.60,45%,0.60,84%,,5.00,62%,100%,0.0,"6' 0""",185 lbs.,--,,"Jul 03, 1976"
5e1062e066c601e6,14-8-1,0.00,0%,0.00,0%,,0.00,0%,0%,0.0,"5' 10""",155 lbs.,--,,"Feb 08, 1994"
348dff4e03bd18c6,12-4-0,1.83,50%,2.83,64%,,2.00,33%,25%,0.5,"6' 0""",170 lbs.,"75""",Southpaw,"Feb 12, 1992"
0359313549d230a1,10-7-0,2.60,42%,3.65,51%,,0.91,21%,47%,0.9,"5' 11""",170 lbs.,"75""",Orthodox,"Aug 05, 1982"
4aa58269d0664b5b,11-8-0,3.77,42%,4.24,54%,,1.01,57%,45%,0.4,"6' 1""",170 lbs.,"75""",Switch,"Nov 23, 1992"
5f2f0da6fd6a84fd,34-9-2,0.78,15%,2.44,60%,,1.74,80%,55%,0.4,"6' 0""",185 lbs.,--,Orthodox,"Jun 17, 1977"
51b1e2fd9872005b,8-4-0 (1 NC),2.91,45%,3.48,46%,,2.14,50%,50%,2.1,"5' 9""",145 lbs.,"72""",Orthodox,"Nov 03, 1980"
3ed134d85dfbd7b4,2-2-0,0.00,0%,0.00,0%,,0.00,0%,0%,0.0,"5' 11""",205 lbs.,--,,"May 21, 1981"
762572d67204fadb,7-4-0,1.07,27%,2.40,58%,,0.50,20%,42%,0.0,"5' 3""",115 lbs.,"63""",Orthodox,"Mar 20, 1992"
0505e27a5d00704a,7-3-1,4.91,63%,3.35,41%,,0.00,0%,0%,0.0,"5' 7""",145 lbs.,"67""",Orthodox,"Aug 22, 1990"
88b250ba222c3a98,3-6-0,0.87,37%,5.19,60%,,0.00,0%,0%,0.0,"5' 6""",145 lbs.,--,Orthodox,"Oct 10, 1980"
2f04c4183523be2e,8-9-0,5.29,27%,17.65,41%,,0.00,0%,0%,0.0,"6' 3""",246 lbs.,--,,"Jun 23, 1979"
b23fca14c7b79935,12-4-0,0.86,26%,5.33,29%,,0.00,0%,0%,0.0,"6' 0""",205 lbs.,--,Orthodox,--
253d3f9e97ca149a,8-5-0,4.94,48%,3.10,46%,,1.84,55%,67%,1.8,"6' 2""",170 lbs.,"74""",Orthodox,"May 24, 1980"
efab191f204ffa17,1-1-0,4.38,55%,3.94,59%,,0.00,0%,0%,0.0,--,170 lbs.,--,,--
86dfed7cc24a9fa7,11-7-0,1.98,39%,2.64,46%,,2.05,20%,38%,0.9,"5' 6""",170 lbs.,"68""",Orthodox,"Jun 02, 1974"
1975c2272ba40e71,7-3-0,0.00,0%,1.73,43%,,1.00,10%,0%,2.0,"5' 9""",170 lbs.,--,Orthodox,"Mar 27, 1978"
e7ec11096eac0282,56-29-4,0.00,0%,0.00,0%,,0.00,0%,0%,0.0,"5' 8""",170 lbs.,--,,"Dec 23, 1963"
0ccab7c889ede9ea,3-2-0,1.58,26%,1.89,61%,,2.84,25%,84%,0.0,"5' 3""",125 lbs.,"65""",Orthodox,"Sep 22, 1979"
dadaeb402526dca5,10-8-0,0.00,0%,3.33,75%,,0.00,0%,0%,0.0,"6' 1""",255 lbs.,--,Orthodox,"Jun 15, 1983"
6ad8e4296f7522d9,8-1-0,7.17,52%,4.33,47%,,9.69,71%,50%,0.0,"5' 7""",125 lbs.,"69""",Orthodox,"Apr 21, 2003"
c670aa48827d6be6,101-19-1,0.00,0%,0.00,0%,,0.00,0%,0%,0.0,"6' 2""",250 lbs.,--,Southpaw,"Jun 08, 1958"
5dfe71ade71f3a4b,13-5-0,3.31,39%,7.42,41%,,0.75,10%,80%,0.0,"5' 3""",135 lbs.,--,Orthodox,"Jul 16, 1977"
c06d6b18862f9a53,9-2-0,2.25,27%,8.76,42%,,3.37,25%,66%,0.0,"5' 9""",170 lbs.,"71""",Orthodox,"Dec 11, 1997"
5c38639f860a5542,0-1-0,2.40,67%,0.53,50%,,0.00,0%,72%,3.0,"5' 7""",145 lbs.,--,Orthodox,--
4144798612ef96e5,16-6-0,4.06,48%,3.87,50%,,1.43,36%,66%,0.4,"6' 2""",185 lbs.,"74""",Orthodox,"Nov 20, 1997"
9eed2bcc9e0b92af,12-5-0,6.10,52%,8.45,33%,,1.41,50%,0%,0.0,"6' 4""",170 lbs.,"74""",Orthodox,"Nov 18, 1995"
da4628f173337902,12-5-0,3.42,50%,5.87,31%,,0.97,25%,20%,1.9,"5' 6""",145 lbs.,"67""",Orthodox,"Sep 16, 1990"
f300763147320d12,8-2-0,2.70,30%,2.58,74%,,0.00,0%,0%,0.0,"5' 4""",125 lbs.,"65""",Orthodox,"Oct 24, 1991"
ece280745f8727b8,9-5-2,3.06,32%,2.99,70%,,2.07,50%,80%,0.0,"5' 8""",155 lbs.,"68""",Orthodox,"Aug 27, 1972"
63b65af1c5cb02cb,28-17-2,1.47,46%,4.30,39%,,0.94,60%,44%,2.5,"6' 1""",205 lbs.,"72""",Orthodox,"Feb 11, 1964"
fcaae0385b514f11,23-10-2,4.75,53%,4.66,57%,,0.35,50%,37%,1.1,"5' 10""",185 lbs.,--,Orthodox,"Dec 08, 1972"
5a7350645bc9bd6e,32-8-0,1.27,32%,1.27,60%,,2.00,100%,0%,0.0,"5' 7""",125 lbs.,"63""",Orthodox,"Mar 15, 1986"
0f3a990526c5e706,4-2-0,7.41,43%,15.00,42%,,0.93,11%,0%,0.0,"6' 3""",252 lbs.,"77""",Orthodox,"Jul 11, 1993"
5f23eaf9e9c34667,5-2-0,1.33,16%,3.20,40%,,0.00,0%,55%,0.0,"5' 1""",115 lbs.,"59""",Orthodox,"Aug 29, 1991"
285e32e41f61a5b1,3-3-0,0.00,0%,0.00,0%,,0.00,0%,0%,0.0,--,205 lbs.,--,,--
a0c64f272b65d441,12-6-0,2.57,42%,1.88,63%,,2.83,51%,46%,0.2,"5' 6""",125 lbs.,"68""",Orthodox,"Feb 02, 1991"
029880cdbf5ca089,36-4-1,2.17,35%,2.71,55%,,4.09,46%,56%,0.4,"5' 6""",155 lbs.,"67""",Orthodox,"Aug 05, 1973"
01b352b6a9074d5c,16-12-0,6.04,45%,6.65,52%,,0.09,50%,74%,0.0,"6' 4""",250 lbs.,"78""",Orthodox,"Nov 16, 1989"
132deb59abae64b1,26-4-1,3.04,52%,2.00,63%,,2.65,61%,76%,0.3,"5' 5""",125 lbs.,"66""",Southpaw,"Mar 07, 1988"
d7338bcb141abd2c,10-4-0,3.86,55%,2.93,52%,,0.43,42%,53%,0.4,"5' 8""",125 lbs.,"67""",Southpaw,"Nov 20, 1984"
d683f4870742b273,18-6-0,3.09,37%,2.92,52%,,1.02,36%,60%,0.2,"5' 2""",115 lbs.,"60""",Orthodox,"Nov 14, 1994"
d4da8995fc91e7ef,4-11-1,2.06,35%,2.40,53%,,0.49,50%,53%,0.7,"6' 0""",168 lbs.,--,Orthodox,"Nov 17, 1979"
fe435e440b5de0ff,31-9-1 (1 NC),2.45,36%,1.80,56%,,2.83,29%,35%,1.2,"6' 0""",170 lbs.,"72""",Orthodox,"Jan 09, 1979"
5d1700cfbaafbe06,13-4-1,3.60,33%,6.00,16%,,0.00,0%,50%,0.0,"5' 11""",185 lbs.,"72""",Orthodox,"Jun 22, 1989"
10657c60ce349e0f,30-18-11 (1 NC),0.14,33%,4.68,30%,,0.00,0%,0%,0.0,"5' 5""",135 lbs.,--,Orthodox,"Jan 31, 1985"
b94ac19bad67a389,6-1-0,0.00,0%,0.00,0%,,0.00,0%,0%,0.0,--,135 lbs.,--,,--
a9a314cc77d90b6e,11-5-0,4.29,86%,2.14,0%,,0.00,0%,75%,0.0,"6' 3""",245 lbs.,--,Orthodox,"Feb 09, 1975"
d9e1942637bd57a4,18-11-1,0.00,0%,0.00,0%,,0.00,0%,0%,0.0,"5' 6""",145 lbs.,--,,"Oct 07, 1986"
a79bfbc01b2264d6,26-14-2,1.02,100%,4.07,55%,,0.00,0%,0%,0.0,"5' 8""",168 lbs.,--,Orthodox,"Apr 02, 1980"
ad863b0d57952c57,7-1-0,0.00,0%,0.00,0%,,0.00,0%,0%,0.0,"6' 8""",--,--,,"Mar 08, 1977"
ed3ea649b34ddb6c,56-9-0 (1 NC),4.36,60%,1.71,63%,,0.00,0%,0%,0.0,"5' 11""",185 lbs.,--,,"May 20, 1984"
1d36f1ac66cf689d,11-4-0,1.40,33%,1.75,60%,,0.00,0%,61%,0.8,"6' 1""",155 lbs.,--,Orthodox,"Nov 15, 1989"
821cd80aab70d5f9,6-3-0,0.87,32%,0.87,58%,,0.00,0%,23%,0.0,"6' 4""",235 lbs.,--,Southpaw,"Dec 29, 1980"
b0c95dc8e858452c,14-17-5,1.03,34%,2.63,53%,,1.79,73%,82%,0.4,"5' 8""",195 lbs.,--,Orthodox,"Jan 31, 1974"
1a54231796e24a3f,9-4-1,2.50,30%,5.67,55%,,0.00,0%,66%,0.0,"5' 10""",135 lbs.,"71""",Orthodox,"Jan 20, 1990"
b8a85389d115e35a,17-3-0,3.60,58%,2.31,56%,,3.22,39%,74%,0.6,"5' 8""",145 lbs.,"71""",Orthodox,"Feb 06, 1995"
35cc17760b06f36d,11-19-1,0.00,0%,0.00,0%,,0.00,0%,0%,0.0,"6' 0""",185 lbs.,--,,"Jun 14, 1976"
1f4b1d7d12601c5f,15-0-1,0.00,0%,0.00,0%,,0.00,0%,0%,0.0,"6' 0""",205 lbs.,"74""",Orthodox,"Jun 09, 1988"
585f9ffdb0cd0466,7-6-0,0.68,33%,1.36,0%,,0.00,0%,0%,10.2,"5' 7""",155 lbs.,--,Orthodox,"Feb 01, 1976"
762226efa2b01654,7-1-0,0.63,66%,6.17,25%,,0.00,0%,25%,0.0,"5' 7""",125 lbs.,"71""",Southpaw,"May 05, 1996"
b8aef0faf4ce9b31,15-8-0,2.46,33%,3.55,59%,,1.45,43%,70%,0.9,"5' 8""",145 lbs.,"67""",Orthodox,"Feb 01, 1986"
cf772fb504842dc3,11-4-0,2.87,28%,4.48,61%,,0.00,0%,0%,0.0,"5' 11""",230 lbs.,--,,"Aug 17, 1988"
1a2bf44edb8055b6,12-2-0,4.49,39%,4.26,54%,,1.58,25%,20%,1.3,"5' 11""",135 lbs.,"72""",Switch,"Jul 04, 1996"
d188a3b817860ec6,29-16-0,3.21,41%,2.96,54%,,0.47,21%,55%,1.6,"5' 11""",145 lbs.,"70""",Orthodox,"Feb 15, 1987"
3cf68c1d17f66af7,12-5-0,1.08,26%,1.96,50%,,1.47,50%,80%,0.0,"6' 1""",290 lbs.,--,Orthodox,"Oct 08, 1970"
9a08c2753184ac6d,5-5-0,1.02,36%,1.53,57%,,3.83,100%,0%,0.0,"5' 5""",125 lbs.,--,,"Jun 06, 1994"
e091482fa6648261,16-8-0 (1 NC),1.42,46%,4.20,54%,,2.66,34%,25%,1.8,"5' 10""",241 lbs.,--,Orthodox,"Jun 18, 1974"
1f454354805b6f75,34-11-0 (1 NC),3.05,61%,2.05,60%,,0.50,77%,69%,0.8,"6' 2""",185 lbs.,"77""",Southpaw,"Apr 14, 1975"
a1f6999fe57236e0,35-13-1 (1 NC),2.79,40%,2.19,60%,,0.97,53%,62%,0.6,"5' 11""",205 lbs.,"74""",Orthodox,"Jul 03, 1976"
2924886ee9c4c527,19-6-0 (2 NC),3.92,50%,2.55,67%,,1.03,47%,70%,0.7,"6' 2""",205 lbs.,"74""",Orthodox,"Nov 12, 1982"
55b8dc4e54fe2c59,2-6-0,0.40,15%,2.72,47%,,0.42,100%,16%,0.4,"7' 5""",385 lbs.,--,Orthodox,"Jul 21, 1963"
9211aae062b799d6,19-12-3 (1 NC),0.73,22%,2.93,52%,,0.00,0%,0%,0.0,"5' 6""",160 lbs.,--,Orthodox,"Oct 08, 1977"
a1153013cb5f628f,14-12-0 (1 NC),2.69,14%,5.37,50%,,0.00,0%,0%,0.0,--,205 lbs.,--,Orthodox,--
a6c32678efd4f434,8-4-0,2.86,65%,3.30,34%,,3.30,100%,0%,0.0,"6' 3""",170 lbs.,--,Southpaw,"Feb 27, 1972"
53bb0d40905b87c0,10-11-1,1.13,34%,3.07,40%,,0.00,0%,38%,1.0,"6' 2""",185 lbs.,--,Southpaw,"May 25, 1981"
8349d55cdecd393a,19-12-1,2.89,45%,3.09,50%,,0.82,29%,66%,0.8,"6' 4""",264 lbs.,"82""",Orthodox,"Sep 14, 1979"
2ba479b409011527,1-8-0,0.09,11%,5.90,38%,,0.00,0%,0%,0.0,"5' 11""",205 lbs.,--,Orthodox,"Mar 31, 1982"
5866fc86183a9fb8,19-9-0 (1 NC),2.50,48%,4.18,49%,,0.85,35%,56%,1.4,"6' 0""",170 lbs.,"74""",Orthodox,"Jun 21, 1984"
159da492e000afbf,20-6-1 (1 NC),2.39,48%,2.08,63%,,1.76,37%,65%,0.4,"5' 9""",155 lbs.,"72""",Orthodox,"Nov 11, 1985"
6f7c616b98e18c29,14-4-0,2.48,42%,3.00,46%,,2.85,26%,44%,1.1,"5' 11""",170 lbs.,"71""",Southpaw,"Sep 06, 1982"
fb79582c410d049e,6-3-0,1.69,29%,2.87,65%,,0.00,0%,58%,0.0,"6' 0""",170 lbs.,--,Orthodox,"Feb 07, 1987"
a31358d90d4bb40a,28-6-0,0.67,50%,0.73,67%,,0.00,0%,25%,1.0,"5' 7""",135 lbs.,--,,"Mar 20, 1985"
ae7fe94f117f98cf,14-6-0,3.43,43%,4.17,53%,,0.34,50%,70%,0.8,"5' 8""",155 lbs.,"69""",Southpaw,"Feb 05, 1989"
1b38a2b897f6209c,8-2-0,5.40,50%,1.80,59%,,1.00,100%,71%,0.0,"6' 0""",155 lbs.,"77""",Orthodox,"May 08, 1984"
b19aecbfbb5508cc,7-4-0,6.33,51%,5.93,57%,,0.00,0%,42%,0.0,"5' 7""",135 lbs.,--,Orthodox,"Aug 27, 1990"
294aa73dbf37d281,15-9-2 (1 NC),3.95,51%,4.72,51%,,1.94,24%,72%,0.2,"5' 4""",125 lbs.,"65""",Orthodox,"Mar 16, 1990"
12ebd7d157e91701,23-13-0,3.86,48%,5.35,41%,,0.77,22%,74%,0.0,"6' 0""",185 lbs.,"74""",Orthodox,"Jul 13, 1989"
002ca196477ce572,8-2-0,1.30,34%,3.47,45%,,1.50,25%,38%,0.5,"5' 6""",135 lbs.,"71""",Orthodox,"Aug 26, 1994"
f6f2ea21a67be3a7,6-4-0,4.17,44%,4.92,56%,,1.51,100%,66%,0.0,"5' 5""",125 lbs.,"67""",Orthodox,"Feb 23, 1988"
262d32ebda89efc4,20-5-1,4.81,45%,2.36,66%,,0.43,30%,90%,0.0,"5' 4""",125 lbs.,"65""",Southpaw,"Feb 03, 1997"
0d09efd31eb9fadf,7-2-0,0.46,40%,2.32,33%,,0.00,0%,0%,0.0,"6' 2""",185 lbs.,"67""",Orthodox,"May 30, 1995"
4408865b4e65e374,8-1-0,3.00,57%,1.13,62%,,2.00,100%,55%,0.5,"5' 3""",115 lbs.,"64""",Orthodox,"Dec 19, 1995"
9d62c2d8ee151f08,19-7-0,2.24,38%,2.74,52%,,1.93,50%,26%,1.6,"5' 5""",125 lbs.,"67""",Orthodox,"Dec 02, 1993"
21b813b919776d90,9-4-0,2.06,67%,1.52,40%,,3.26,80%,60%,0.0,"5' 9""",145 lbs.,"71""",Orthodox,"Mar 16, 1987"
4784a5b4a452464a,5-1-0,0.00,0%,1.50,62%,,0.00,0%,0%,0.0,"5' 1""",115 lbs.,"60""",Orthodox,"Feb 16, 1992"
4e33534d1e036444,8-2-0,4.86,52%,9.85,44%,,0.00,0%,0%,0.0,"5' 5""",125 lbs.,"66""",Orthodox,"Apr 24, 1997"
52ef95b5860fb28c,17-3-0,4.82,51%,4.50,53%,,1.20,60%,78%,0.6,"5' 7""",145 lbs.,"69""",Orthodox,"Dec 27, 1996"
d964a59c48381cb6,11-2-0,6.35,54%,7.10,61%,,2.06,36%,75%,0.2,"5' 7""",145 lbs.,"69""",Switch,"Jan 30, 1997"
79f60d34ad48d7a3,7-1-0,0.00,0%,0.00,0%,,0.00,0%,0%,0.0,--,125 lbs.,--,,"Aug 25, 2004"
04e0507b94014dbb,13-5-1,2.58,27%,8.61,37%,,0.00,0%,0%,0.0,"6' 0""",155 lbs.,"72""",Orthodox,"Jan 02, 1996"
3a314d9fa7c6825d,29-7-0 (1 NC),3.54,38%,4.09,56%,,0.54,42%,71%,0.2,"5' 7""",145 lbs.,"68""",Orthodox,"Jun 22, 1985"
28e088bbcaaa6366,12-4-0,1.07,40%,0.54,50%,,24.11,50%,0%,0.0,"6' 2""",185 lbs.,--,Orthodox,"Apr 23, 1992"
f717b6002486f73f,6-4-0 (1 NC),0.00,0%,0.00,0%,,0.00,0%,0%,0.0,"6' 3""",242 lbs.,--,Orthodox,"Dec 09, 1964"
52ba464d9068d871,13-3-0,3.67,49%,2.97,51%,,1.62,38%,85%,0.2,"5' 11""",155 lbs.,"73""",Orthodox,"Sep 22, 1986"
79e2cb1e813f881b,7-2-0,2.85,42%,3.64,55%,,3.49,25%,100%,0.0,"5' 6""",135 lbs.,"67""",Orthodox,"Sep 06, 1997"
f0fad0e9f3b65752,7-4-0,0.79,21%,1.92,74%,,0.00,0%,50%,0.0,"5' 6""",135 lbs.,"70""",Orthodox,"Sep 11, 1992"
5987b2458f4b5290,22-7-1,3.03,42%,3.90,61%,,4.49,41%,76%,0.3,"5' 6""",135 lbs.,"69""",Orthodox,"Aug 31, 1992"
d5f820c11a121050,12-5-0,3.60,52%,2.53,56%,,3.78,34%,83%,0.5,"6' 0""",170 lbs.,"73""",Orthodox,"Jul 20, 1974"
e0f7c4f3f67bc808,24-14-1 (2 NC),0.98,51%,2.95,37%,,0.00,0%,40%,2.3,"6' 10""",260 lbs.,--,Orthodox,"Aug 04, 1979"
9eedac48b497de5a,3-4-0,0.00,0%,0.00,0%,,0.00,0%,0%,0.0,--,170 lbs.,--,,"Jan 18, 1974"
57bad6a84230f0c9,12-4-0,1.81,63%,0.76,65%,,0.71,50%,50%,0.7,"5' 11""",155 lbs.,"70""",Southpaw,"Oct 14, 1985"
59c6d5af765df641,4-1-0,0.81,66%,2.19,30%,,0.00,0%,42%,1.2,"6' 5""",260 lbs.,"77""",Southpaw,"Sep 04, 1988"
265589bdd93e7ce5,15-9-0,2.72,42%,6.17,57%,,0.00,0%,75%,0.0,"5' 9""",185 lbs.,--,Orthodox,"May 07, 1973"
3b65c9dd39741bc4,13-5-0,1.20,33%,1.73,73%,,0.00,0%,50%,0.0,"5' 8""",155 lbs.,--,,"Feb 20, 1980"
546015aa2ad945fd,11-9-0,2.55,39%,2.42,63%,,0.39,25%,64%,0.8,"6' 2""",185 lbs.,"77""",Orthodox,"May 28, 1976"
254ed71756cfd18c,11-2-0,0.00,0%,9.05,27%,,0.00,0%,0%,0.0,"5' 10""",135 lbs.,"69""",Orthodox,"May 09, 1997"
f985ca2370a37078,7-4-0,0.00,0%,19.51,23%,,0.00,0%,0%,0.0,"5' 1""",115 lbs.,"65""",Orthodox,"Jul 25, 2000"
817e0bdf08efce2e,7-11-2,1.13,37%,4.60,53%,,0.00,0%,0%,1.2,"6' 3""",205 lbs.,"77""",Orthodox,"Feb 13, 1971"
71ef1111bf829b82,4-1-0,5.50,56%,9.98,46%,,1.53,20%,0%,0.0,"6' 2""",245 lbs.,--,Orthodox,"Apr 09, 1996"
a46fdda658fee832,19-5-0,0.80,100%,3.41,19%,,0.00,0%,0%,0.0,"6' 1""",170 lbs.,"74""",Orthodox,"Jun 23, 1994"
e6679e38e7fab7a8,14-4-0,2.21,25%,7.73,38%,,0.00,0%,0%,0.0,"5' 7""",135 lbs.,"66""",Orthodox,"Jun 28, 1994"
a7ac3b1b0c4146db,6-3-0,2.80,42%,7.37,29%,,0.00,0%,75%,0.0,"5' 2""",125 lbs.,"63""",Orthodox,"Jul 27, 1991"
fce9b4056a8ef559,1-2-0,0.00,0%,0.00,0%,,0.00,0%,0%,0.0,"5' 7""",135 lbs.,--,,--
436cdea7bdfdc016,0-1-0,0.00,0%,0.00,0%,,0.00,0%,0%,0.0,"5' 7""",143 lbs.,--,,"Dec 25, 1974"
44a1dd0ef4373edc,3-1-0,0.00,0%,0.00,0%,,0.00,0%,0%,0.0,"5' 5""",125 lbs.,--,,--
5f87a5c00b3d17ed,23-11-0 (1 NC),3.87,32%,2.67,65%,,0.87,32%,65%,0.3,"5' 6""",145 lbs.,"70""",Orthodox,"Jan 13, 1979"
4bd6b4800070b069,19-3-0 (1 NC),2.01,40%,3.21,49%,,1.74,34%,39%,2.3,"5' 11""",145 lbs.,"72""",Orthodox,"May 11, 1985"
caced97768818230,0-1-0,0.00,0%,0.54,0%,,0.00,0%,66%,0.0,"6' 3""",265 lbs.,--,Orthodox,"Jan 23, 1967"
c337c3c85b1871e0,10-11-0,0.53,50%,2.40,32%,,5.00,27%,100%,1.0,"5' 6""",145 lbs.,--,Orthodox,--
9db861c26b63daa8,9-9-1,4.00,48%,1.85,70%,,9.23,100%,100%,0.0,"5' 8""",185 lbs.,--,,--
80e6d71e14c1d356,16-5-3,0.00,0%,0.00,0%,,0.00,0%,0%,0.0,"6' 0""",199 lbs.,--,Orthodox,"Oct 17, 1977"
a2d1d3d144fed708,8-1-0,0.00,0%,0.00,0%,,0.00,0%,0%,0.0,"6' 1""",205 lbs.,--,,"Jul 14, 1985"
1979c80150f630c4,24-8-2,4.95,52%,5.05,54%,,1.55,50%,100%,1.6,"5' 10""",200 lbs.,--,Orthodox,"Apr 08, 1976"
33e33d51f289d2a1,12-14-0,0.41,46%,0.47,60%,,0.89,50%,20%,0.9,"6' 2""",221 lbs.,--,Orthodox,"Dec 13, 1961"
46c8ec317aff28ac,20-17-0,0.00,0%,0.00,0%,,0.00,0%,0%,0.0,"6' 2""",225 lbs.,--,Orthodox,"Aug 28, 1963"
3410cf010558dc8b,18-11-0 (1 NC),1.90,27%,5.87,50%,,0.12,6%,58%,0.5,"6' 0""",185 lbs.,"70""",Orthodox,"May 21, 1979"
9114c8ded5ccd71d,1-1-0,0.00,0%,0.00,0%,,0.00,0%,0%,0.0,--,--,--,Southpaw,--
f626aa1c85f8af03,9-8-0,0.73,28%,1.40,54%,,0.00,0%,57%,2.0,"6' 0""",155 lbs.,--,Orthodox,"Jul 02, 1982"
e955046551f8c7dd,5-1-0,0.00,0%,0.00,0%,,0.00,0%,0%,0.0,--,155 lbs.,--,,--
754968e325d6f60d,0-3-0,0.00,0%,0.00,0%,,0.00,0%,0%,0.0,--,--,--,,--
ffee353f55e3aa2c,0-0-0,0.00,0%,0.00,0%,,0.00,0%,0%,0.0,"6' 0""",170 lbs.,--,,"Jan 07, 1984"
f797f0c57a83353e,15-10-0,3.29,55%,3.31,51%,,1.70,32%,60%,0.7,"6' 3""",185 lbs.,"75""",Orthodox,"Jan 05, 1981"
d4c9dcd330403612,38-22-0,3.19,49%,5.04,44%,,0.44,22%,50%,0.6,"6' 4""",205 lbs.,"76""",Orthodox,"Jul 26, 1988"
2e25c1d983c26311,7-4-0,1.64,41%,2.30,51%,,4.09,36%,25%,1.4,"6' 0""",155 lbs.,"71""",Orthodox,"Aug 14, 1987"
54ed8dc6f8c31207,12-6-0,1.09,41%,2.73,35%,,3.51,60%,0%,1.2,"5' 9""",185 lbs.,--,Southpaw,"Oct 19, 1981"
76984112f697631f,10-7-1,7.56,40%,8.41,51%,,0.00,0%,62%,0.0,"5' 9""",135 lbs.,"66""",Orthodox,"Aug 17, 1982"
207773daeb4afa7b,11-4-0,4.55,53%,3.91,49%,,0.35,25%,85%,0.3,"5' 9""",155 lbs.,"76""",Orthodox,"Jul 30, 1993"
56709e66f1c6008f,7-2-0,1.78,35%,1.96,49%,,1.67,33%,45%,1.7,"5' 11""",135 lbs.,"67""",Orthodox,"Apr 05, 1989"
0bbb69f69c9a2eea,6-1-0,1.28,38%,2.04,35%,,0.00,0%,33%,2.3,"5' 6""",125 lbs.,"69""",Switch,"Apr 09, 1995"
eaa9402e5a7990ad,5-2-0,6.46,48%,11.54,32%,,0.00,0%,100%,0.0,"5' 11""",257 lbs.,"72""",Orthodox,"Jan 01, 1990"
7478b7f959ba61f5,10-1-0,4.18,48%,2.96,46%,,2.98,53%,53%,1.1,"5' 9""",135 lbs.,"71""",Orthodox,"Sep 05, 2002"
85497ffd934ecf7e,12-0-0,6.89,67%,2.78,47%,,7.78,91%,100%,0.7,"5' 10""",170 lbs.,"72""",Southpaw,"Jan 17, 1996"
c3217a727e43b0cd,8-1-0,0.00,0%,0.00,0%,,0.00,0%,0%,0.0,--,155 lbs.,--,,"Oct 27, 1998"
625b65b45c1c6888,4-5-0 (1 NC),2.95,36%,3.53,68%,,2.16,33%,57%,0.0,"5' 8""",135 lbs.,--,,--
c5776fa8f4bf77aa,10-7-1,0.00,0%,0.00,0%,,0.00,0%,0%,0.0,--,145 lbs.,--,,--
75afb06215a07341,9-3-0,1.44,42%,3.81,55%,,0.00,0%,75%,0.0,"6' 2""",253 lbs.,"74""",Switch,"Aug 05, 1982"
d2bc285ead803db0,17-9-0,4.67,47%,4.11,53%,,1.69,35%,32%,1.8,"5' 9""",135 lbs.,"68""",Orthodox,"Jul 16, 1991"
5c84f673b7bb7c15,12-7-0,3.97,37%,3.57,58%,,0.00,0%,62%,0.0,"5' 9""",135 lbs.,"69""",Orthodox,"Sep 17, 1997"
1b0491ef0f9c965e,8-2-0,3.52,34%,8.67,56%,,3.52,33%,50%,0.0,"6' 2""",170 lbs.,"74""",Orthodox,"Aug 22, 2000"
f75c5ca0d91b9115,3-1-1,1.98,77%,2.26,65%,,8.49,66%,0%,0.0,"5' 9""",155 lbs.,"68""",Orthodox,"Aug 17, 1991"
7684c8137b4545ba,4-2-0,2.60,68%,6.73,25%,,4.00,26%,100%,0.0,"5' 10""",170 lbs.,"72""",Switch,"Jul 21, 1995"
03b1e846b09f721d,4-7-0,0.00,0%,5.45,33%,,0.00,0%,0%,0.0,"6' 3""",216 lbs.,--,Orthodox,"Aug 26, 1975"
1fcfc3709fe58151,17-7-1,2.14,40%,2.90,58%,,1.53,32%,77%,0.5,"6' 0""",170 lbs.,"75""",Southpaw,"Jan 11, 1987"
d468288756ae3982,37-11-0,2.23,45%,1.53,57%,,2.48,42%,65%,2.6,"6' 1""",205 lbs.,"75""",Orthodox,"Sep 07, 1975"
d1152823307d7e7c,18-18-0,2.26,45%,2.61,56%,,1.93,47%,78%,0.9,"5' 10""",205 lbs.,"78""",Orthodox,"Apr 18, 1984"
1d2d98ddd05b38fb,11-1-1,4.07,45%,5.29,61%,,2.22,36%,0%,0.0,"6' 0""",155 lbs.,"74""",Southpaw,"Sep 17, 1997"
f1451d605bad178e,14-4-0,1.16,60%,1.35,26%,,1.45,50%,50%,0.0,"6' 2""",250 lbs.,"75""",Orthodox,"Jun 10, 1993"
af65aa688d13eedf,13-6-0,1.97,53%,1.85,50%,,2.06,48%,14%,1.4,"5' 9""",155 lbs.,"70""",Orthodox,"Aug 27, 1993"
324c7a749128df8d,0-0-0,0.00,0%,2.80,37%,,0.00,0%,33%,0.0,"5' 11""",155 lbs.,--,,--
83b743fedde154fb,0-4-0,0.00,0%,0.00,0%,,0.00,0%,0%,0.0,"5' 4""",236 lbs.,--,Orthodox,"Nov 22, 1970"
9775eabcb1be1a00,2-2-0,0.00,0%,0.00,0%,,0.00,0%,0%,0.0,--,185 lbs.,--,,"Jan 20, 1987"
32490e80ddab1e5a,22-9-0,4.49,46%,5.82,51%,,0.42,30%,73%,0.0,"6' 0""",170 lbs.,"71""",Orthodox,"Mar 10, 1990"
efb96bf3e9ada36f,23-9-1 (1 NC),4.34,43%,3.81,55%,,0.82,41%,73%,0.2,"5' 8""",135 lbs.,"67""",Orthodox,"Dec 02, 1997"
0efb0d4ebb950fcb,10-1-1,2.66,56%,2.20,52%,,0.00,0%,50%,0.6,"5' 8""",145 lbs.,"70""",Orthodox,"Jan 03, 1996"
c5dc1bf9b78f262c,8-1-0,0.00,0%,0.00,0%,,0.00,0%,0%,0.0,--,135 lbs.,--,,"Apr 23, 2002"
fe759b24e344d7eb,14-5-0,1.47,46%,1.73,48%,,5.00,21%,0%,0.0,"5' 10""",145 lbs.,"71""",Orthodox,"Jun 26, 1992"
48d1f690b763934c,29-15-1,3.08,43%,1.10,62%,,3.81,59%,66%,0.4,"6' 1""",205 lbs.,"73""",Southpaw,"Apr 03, 1977"
3324129f3745b300,3-7-0,0.00,0%,0.00,0%,,0.00,0%,0%,0.0,"5' 9""",205 lbs.,--,,--
7c9c6a884be167fe,9-4-0,5.10,36%,7.63,52%,,1.50,25%,100%,0.0,"5' 6""",135 lbs.,"69""",Orthodox,"Apr 01, 1993"
b6c37948cb226e8c,13-3-0,4.39,58%,4.69,52%,,2.43,60%,76%,0.8,"5' 6""",135 lbs.,"66""",Orthodox,"Sep 25, 2000"
4c9b84d559822830,16-7-0,4.79,50%,4.79,48%,,0.00,0%,100%,8.3,"6' 2""",205 lbs.,--,Orthodox,"Feb 15, 1991"
bd5403efbaa445c0,14-8-0,3.18,61%,2.14,56%,,1.33,55%,52%,0.0,"5' 9""",145 lbs.,"70""",Orthodox,"Oct 06, 1989"
64facb6cc564262d,13-4-0,4.42,53%,3.31,47%,,1.97,51%,48%,0.1,"5' 11""",170 lbs.,"72""",Southpaw,"Nov 22, 1992"
ec3bd30378d63dd1,15-1-0,4.53,47%,2.50,61%,,2.00,36%,69%,1.0,"5' 9""",135 lbs.,"70""",Orthodox,"Aug 25, 1995"
85ff1b9471d35238,11-0-0,2.95,70%,2.53,35%,,3.16,66%,100%,3.2,"6' 3""",240 lbs.,"77""",Orthodox,"Jul 06, 1989"
326f94d6cfb1bf25,7-3-0 (2 NC),2.31,31%,4.30,47%,,0.00,0%,0%,0.0,"6' 0""",265 lbs.,"72""",Southpaw,"Dec 10, 1989"
59583ff832fe9d68,26-12-1,3.37,39%,3.13,58%,,0.52,25%,71%,1.0,"6' 1""",205 lbs.,"77""",Open Stance,"Aug 02, 1977"
896c322f56b8be5a,14-7-0,2.61,27%,2.52,67%,,2.32,31%,53%,1.6,"5' 10""",155 lbs.,"71""",Orthodox,"Jul 09, 1977"
9c669abd35b2522f,9-4-0,3.21,63%,2.61,52%,,1.49,27%,44%,1.0,"5' 11""",170 lbs.,"73""",Orthodox,"Jun 03, 1986"
d18dbcb0f8e2b55d,8-3-1,2.95,25%,5.02,59%,,2.82,30%,0%,0.0,"5' 8""",135 lbs.,--,Southpaw,"Feb 15, 1984"
a4e85a58fbce64b2,18-7-0,3.36,41%,5.37,67%,,0.85,21%,70%,1.9,"5' 6""",135 lbs.,"65""",Orthodox,"Mar 22, 1987"
cac3aaa66c20bee1,7-2-0,1.43,23%,5.23,42%,,0.00,0%,0%,0.0,"6' 0""",145 lbs.,--,,--
d0e50a3d1b250708,13-8-0,2.77,44%,4.31,49%,,1.25,53%,58%,0.2,"5' 9""",135 lbs.,"70""",Orthodox,"Oct 23, 1988"
72782745eb47161a,15-3-0,2.82,50%,2.99,28%,,0.52,25%,37%,0.5,"6' 3""",185 lbs.,"79""",Orthodox,"Oct 20, 1996"
5870c541798124ae,14-1-0,4.15,45%,3.71,51%,,0.00,0%,60%,1.6,"5' 9""",155 lbs.,"70""",Orthodox,"Jun 04, 1997"
aee8eecfc4bfb1e7,10-6-0 (1 NC),0.99,39%,1.38,65%,,3.98,78%,64%,1.3,"6' 2""",205 lbs.,--,Orthodox,"Dec 16, 1969"
7a703c565ccaa18f,26-10-0 (1 NC),2.53,47%,2.83,62%,,2.57,39%,57%,1.3,"6' 1""",185 lbs.,"72""",Orthodox,"Dec 07, 1979"
6c7020b859c7a3ce,15-5-0,4.65,44%,2.91,58%,,0.00,0%,50%,0.0,"6' 0""",145 lbs.,"74""",Orthodox,"Oct 17, 1984"
dab8cfbb6b1db10a,14-4-0,1.75,45%,3.60,56%,,2.54,45%,40%,1.4,"5' 3""",115 lbs.,"63""",Orthodox,"Mar 11, 1991"
0e5c4e72237461bb,10-3-0,3.73,39%,5.30,45%,,0.50,16%,60%,0.0,"5' 10""",145 lbs.,"70""",Orthodox,"Mar 07, 1996"
20a0e4cc5227c117,9-1-0,4.24,45%,4.86,49%,,0.00,0%,0%,0.0,"6' 3""",170 lbs.,"79""",Orthodox,"May 23, 2002"
8bd4200561c77a62,17-6-0,4.11,57%,3.89,53%,,0.45,13%,53%,0.2,"5' 3""",115 lbs.,"63""",Orthodox,"Aug 18, 1994"
22b43be04d7454d0,9-2-1,1.62,33%,1.62,50%,,0.00,0%,0%,0.0,"5' 11""",185 lbs.,"73""",Orthodox,"Dec 15, 1994"
c278e8843b8abfec,14-26-0,0.00,0%,0.00,0%,,0.00,0%,0%,0.0,"5' 9""",155 lbs.,--,,"Mar 11, 1988"
411d012af19ecb59,6-3-0,1.83,36%,1.95,60%,,0.00,0%,50%,0.9,"6' 2""",170 lbs.,--,Orthodox,"Nov 26, 1987"
b9eb5b4ed07d1525,9-3-0,0.00,0%,0.00,0%,,0.00,0%,0%,0.0,"6' 1""",185 lbs.,--,,"Nov 07, 1978"
a67f5afa8d6a1b80,24-11-0,3.11,39%,3.92,43%,,1.21,34%,59%,1.7,"6' 5""",205 lbs.,"79""",Orthodox,"Aug 24, 1991"
743fd9080892501d,8-3-0,0.00,0%,0.00,0%,,0.00,0%,0%,0.0,"6' 5""",265 lbs.,--,,--
5847c1a960bb23af,7-1-0,0.00,0%,0.00,0%,,0.00,0%,0%,0.0,--,115 lbs.,--,,"Jul 11, 1994"
1411c630ba711b64,21-7-0,2.56,51%,5.12,35%,,2.02,33%,33%,0.0,"5' 10""",170 lbs.,"71""",Orthodox,"Aug 20, 1984"
ae4650eb56ab6a11,7-3-0,0.00,0%,0.00,0%,,0.00,0%,0%,0.0,"6' 1""",170 lbs.,--,Orthodox,--
ab850a77a0fa487d,12-6-0,4.24,32%,4.02,60%,,0.14,33%,68%,0.0,"5' 10""",170 lbs.,"74""",Orthodox,"Jun 25, 1987"
39d91e95949de3d9,9-3-0,3.21,48%,4.54,45%,,1.18,18%,27%,0.2,"5' 6""",145 lbs.,"68""",Orthodox,"Nov 29, 1990"
221b2a3070c7ce3e,9-5-0,3.27,62%,3.27,54%,,1.75,11%,75%,1.8,"5' 11""",185 lbs.,--,Orthodox,"Apr 04, 1976"
7d68f3bec89e08ec,3-4-0,1.40,25%,1.40,66%,,0.00,0%,0%,0.0,--,135 lbs.,--,,--
5f2197acaba7d5ef,13-4-0,2.81,52%,1.53,47%,,2.09,42%,71%,1.4,"6' 2""",205 lbs.,--,Orthodox,"Sep 28, 1966"
b9664eae2ac75262,12-6-0,3.71,45%,5.72,55%,,1.31,20%,75%,1.0,"6' 1""",185 lbs.,"73""",Orthodox,"Sep 29, 1986"
71caa995674203aa,12-13-1 (2 NC),10.00,100%,10.00,0%,,0.00,0%,0%,0.0,"5' 8""",170 lbs.,--,,"Jan 01, 1976"
f86cb5f25d545e0e,6-3-0,2.60,35%,5.30,46%,,0.74,66%,0%,0.0,"6' 7""",245 lbs.,"82""",Orthodox,"Jul 31, 1990"
e2f6b2769aaedd6c,18-6-0,3.57,47%,4.23,52%,,3.82,59%,63%,0.5,"6' 3""",260 lbs.,"78""",Orthodox,"Jan 24, 1995"
87f3bbf52e6c9dc9,15-6-0,2.42,49%,1.60,53%,,0.00,0%,28%,2.5,"6' 4""",205 lbs.,"79""",Southpaw,"Oct 12, 1984"
c3ea8deeba00462b,25-23-0,1.63,48%,1.33,55%,,0.30,100%,46%,0.3,"5' 9""",170 lbs.,--,Orthodox,"Jan 09, 1971"
37cc294027f55e4d,12-4-0,3.54,57%,3.15,41%,,3.37,40%,100%,0.8,"5' 8""",145 lbs.,"71""",Orthodox,"May 12, 1987"
6506c1d34da9c013,26-2-0,3.78,53%,1.40,72%,,4.16,74%,83%,1.1,"5' 11""",185 lbs.,"76""",Orthodox,"May 19, 1981"
6436029b50a9c255,8-3-0,1.00,20%,2.89,34%,,7.48,45%,100%,0.0,"5' 9""",155 lbs.,--,Orthodox,--
69a400af4420cd6a,10-4-0,2.83,37%,4.74,57%,,1.55,66%,80%,0.0,"5' 11""",170 lbs.,--,Orthodox,"May 20, 1988"
6dd758d34da8d254,14-8-0 (1 NC),3.22,60%,3.26,51%,,0.00,0%,71%,0.0,"6' 2""",170 lbs.,"75""",Southpaw,"Jan 25, 1983"
bf7ad5628363eec9,21-8-1,4.32,46%,3.91,60%,,2.17,37%,76%,0.0,"5' 6""",135 lbs.,"64""",Orthodox,"Nov 09, 1989"
175852708cb55776,5-2-0,2.50,50%,3.07,52%,,0.85,100%,40%,1.7,"5' 3""",115 lbs.,--,Orthodox,"Mar 29, 1994"
579fcdfcabd23a7b,12-6-0,3.28,42%,2.65,59%,,0.12,12%,60%,0.3,"6' 1""",205 lbs.,"74""",Orthodox,"Sep 24, 1980"
30ea504870f8597b,4-8-0,3.22,54%,3.54,54%,,0.00,0%,87%,1.0,"6' 2""",205 lbs.,"74""",Orthodox,"Nov 19, 1984"
289a57039d742bfe,35-14-0,1.09,37%,5.00,47%,,0.00,0%,33%,0.0,"6' 1""",235 lbs.,--,Orthodox,"Jun 09, 1978"
93e4754d0984c82f,1-5-0,1.60,25%,3.20,66%,,12.00,100%,0%,0.0,--,155 lbs.,--,,--
5abf827d62f98fee,13-3-0,1.94,33%,2.49,58%,,1.94,100%,60%,0.0,"6' 0""",185 lbs.,"78""",Orthodox,"Apr 25, 1981"
c8136ab8aa32c974,17-11-1,2.71,48%,4.43,53%,,1.46,33%,25%,0.6,"6' 3""",185 lbs.,"74""",Orthodox,"Jan 06, 1975"
a12a8314adc1c1c9,9-5-0,3.31,34%,3.73,54%,,0.83,26%,48%,0.0,"6' 1""",185 lbs.,"71""",Orthodox,"Feb 27, 1993"
42a7e90605df3c8a,10-6-0,1.86,36%,3.10,52%,,2.64,35%,43%,0.6,"5' 5""",135 lbs.,"70""",Orthodox,"Feb 20, 1990"
16044bd8762cf794,0-1-0,0.00,0%,0.00,0%,,0.00,0%,0%,0.0,--,170 lbs.,--,,--
68c11c27d4d56572,14-9-0,2.32,49%,2.42,50%,,2.95,42%,76%,0.0,"5' 10""",170 lbs.,"74""",Orthodox,"Jan 27, 1988"
09a6ed4ee97a5606,6-0-0,4.07,70%,2.93,50%,,0.00,0%,91%,0.0,"5' 9""",135 lbs.,"74""",Orthodox,"May 26, 1988"
aebaa8cec15b083d,8-1-0,3.85,32%,6.20,52%,,1.07,25%,100%,0.5,"5' 9""",155 lbs.,"71""",Orthodox,"Apr 21, 1995"
377bc9dc0b2745f9,5-1-0,0.00,0%,0.00,0%,,0.00,0%,0%,0.0,--,155 lbs.,--,,"Jun 22, 1983"
0b5b6876c2a4723f,9-4-0,3.92,55%,1.86,49%,,0.44,50%,58%,0.0,"6' 3""",185 lbs.,"75""",Orthodox,"May 05, 1981"
6000b5ae6c462142,14-7-0,0.00,0%,0.00,100%,,0.00,0%,0%,0.0,"5' 11""",170 lbs.,--,Orthodox,"Sep 12, 1979"
738acab0c6934dd8,0-1-0,0.00,0%,0.00,0%,,0.00,0%,0%,0.0,"6' 3""",217 lbs.,--,Orthodox,--
18968f97ad34f15c,29-23-0 (1 NC),3.13,40%,3.25,57%,,1.10,38%,61%,0.4,"5' 9""",155 lbs.,"71""",Orthodox,"May 25, 1986"
cb696ebfb6598724,26-5-0,4.26,52%,2.15,59%,,2.54,32%,44%,0.6,"5' 7""",145 lbs.,"71""",Orthodox,"Jul 31, 1989"
310c4d4b2b32796b,21-10-0,0.45,26%,1.79,46%,,0.00,0%,0%,0.0,"5' 9""",155 lbs.,--,,"May 28, 1985"
79899ecf62020f6d,33-16-0,2.05,44%,2.44,60%,,2.75,44%,39%,2.2,"5' 7""",145 lbs.,"70""",Orthodox,"Jun 15, 1982"
2fee10d5cf86bfca,6-5-0,1.57,54%,3.13,33%,,3.91,100%,50%,0.0,"5' 4""",115 lbs.,"62""",Orthodox,"Mar 19, 1982"
f7e856a73c96048e,3-0-0,0.00,0%,0.00,0%,,0.00,0%,0%,0.0,--,249 lbs.,--,Orthodox,"May 31, 2000"
27b1a406ac171b19,6-3-0,3.75,56%,2.34,53%,,3.75,33%,50%,1.9,"5' 11""",170 lbs.,--,Orthodox,--
a17ad5a5048e8c3f,12-8-0 (2 NC),3.05,45%,3.29,48%,,1.75,45%,67%,0.1,"6' 0""",205 lbs.,"74""",Orthodox,"Dec 30, 1990"
bb61823f76361297,11-3-0,1.41,35%,2.42,43%,,1.32,20%,60%,0.0,"6' 0""",170 lbs.,"76""",Orthodox,"Jan 31, 1989"
df5a77121ba84a5d,19-11-1 (1 NC),1.77,42%,1.45,52%,,0.35,66%,66%,0.7,"6' 2""",205 lbs.,--,Southpaw,"Dec 26, 1976"
2cf520143e76cd2e,30-10-0,2.80,23%,4.60,56%,,0.50,100%,0%,0.5,"6' 3""",170 lbs.,--,,"Jan 17, 1986"
b4b496ec2197ee3e,10-0-0,6.24,54%,2.62,58%,,0.86,26%,71%,0.0,"6' 4""",205 lbs.,"79""",Orthodox,"Nov 07, 1997"
cc3147b49c7d7d92,12-5-0,2.97,46%,4.42,37%,,0.78,100%,100%,0.0,"6' 1""",170 lbs.,--,Orthodox,"Nov 17, 1980"
4d25497994da569c,12-5-0,1.82,29%,1.97,59%,,0.00,0%,0%,0.0,"5' 7""",145 lbs.,"68""",Southpaw,"Mar 22, 1989"
a421465acbe59c77,13-3-0 (1 NC),1.51,23%,6.06,36%,,0.00,0%,80%,1.0,"6' 0""",245 lbs.,--,Orthodox,"Feb 02, 1980"
a78a87d8c2bbb1cb,11-10-2,2.74,38%,4.45,46%,,0.78,20%,54%,1.4,"5' 7""",125 lbs.,"66""",Orthodox,"Apr 08, 1993"
71505842fb6455c3,16-8-0,3.30,45%,3.23,47%,,2.08,37%,46%,1.1,"6' 0""",185 lbs.,"75""",Orthodox,"Nov 15, 1991"
62f7097c04311193,12-6-0,2.12,48%,2.25,49%,,0.66,100%,55%,0.7,"6' 1""",155 lbs.,"74""",Switch,"Dec 28, 1992"
fbf0947399d14323,11-4-0,3.85,49%,2.90,48%,,1.24,33%,60%,0.6,"5' 8""",135 lbs.,"71""",Southpaw,"Oct 08, 1982"
8d477c3fbe001f9d,8-1-0,2.53,36%,2.53,71%,,0.00,0%,0%,0.0,"5' 9""",170 lbs.,--,Southpaw,"Feb 03, 1977"
61dd409cb40d1a55,7-9-0,0.00,0%,0.00,0%,,0.00,0%,0%,0.0,"5' 10""",185 lbs.,--,,--
5b5307450405abf0,19-9-0,3.80,41%,2.17,62%,,2.53,48%,63%,0.9,"5' 9""",170 lbs.,"71""",Southpaw,"Aug 28, 1984"
025f0b1b58fbad01,13-4-0,2.61,45%,4.04,58%,,3.42,50%,83%,0.0,"6' 0""",205 lbs.,"76""",Orthodox,"Feb 09, 1992"
91181b29be041f1c,0-1-0,0.00,0%,0.00,0%,,0.00,0%,0%,0.0,"5' 7""",220 lbs.,--,Southpaw,--
e09dbbd5fe3f0fe2,11-12-1,0.69,67%,3.20,29%,,0.00,0%,20%,0.0,"6' 1""",185 lbs.,--,Southpaw,"Nov 07, 1973"
501b07aec9b8fc2d,20-12-1,4.17,28%,4.08,57%,,0.63,38%,77%,0.1,"5' 9""",155 lbs.,"70""",Orthodox,"Apr 23, 1984"
e1a4568fec1fc24f,12-10-0,0.00,0%,0.00,0%,,0.00,0%,0%,0.0,"5' 11""",185 lbs.,--,,"Feb 09, 1979"
8c39367b53eadf8a,5-3-0,5.03,51%,5.28,47%,,3.87,57%,100%,0.0,"5' 7""",135 lbs.,"70""",Orthodox,"May 29, 1991"
495add4fbede0a44,0-1-0,0.00,0%,0.00,0%,,0.00,0%,0%,0.0,--,--,--,,--
980b4e712489098e,25-8-0,3.04,45%,1.88,59%,,0.72,33%,33%,0.0,"5' 10""",170 lbs.,--,Orthodox,"Jul 13, 1969"
15347cd4cdf01b03,24-7-0 (1 NC),4.76,43%,2.99,57%,,0.84,15%,81%,1.1,"5' 7""",145 lbs.,"71""",,"Jul 27, 1984"
04f9fe830cf13482,9-7-0,0.00,0%,4.00,38%,,0.00,0%,0%,16.4,"5' 9""",155 lbs.,--,Orthodox,"Mar 01, 1979"
0d8011111be000b2,31-7-0,5.98,42%,4.53,60%,,0.66,62%,68%,0.1,"6' 1""",185 lbs.,"76""",Orthodox,"Feb 27, 1991"
ef1182eb28c17d4e,18-4-0 (1 NC),1.40,45%,4.07,40%,,0.00,0%,66%,0.0,"5' 8""",145 lbs.,"70""",Southpaw,"Jun 23, 1988"
523f6ad11dbe9b53,22-8-3,3.16,61%,2.84,41%,,2.40,36%,62%,0.0,"6' 3""",205 lbs.,--,Orthodox,"Jul 06, 1987"
ebc1f40e00e0c481,33-13-0,3.12,47%,4.04,46%,,0.56,46%,55%,1.7,"6' 11""",265 lbs.,"84""",Orthodox,"Feb 18, 1988"
601cf40c09090853,1-4-0,0.00,0%,0.00,0%,,0.00,0%,0%,0.0,"5' 9""",160 lbs.,--,,--
c0c36a5b3d5bbdd5,11-4-0,3.34,43%,8.85,47%,,1.59,25%,33%,0.8,"5' 10""",170 lbs.,--,,"Aug 01, 1986"
d30415ec5e8783cd,0-1-0,0.00,0%,0.00,0%,,0.00,0%,0%,0.0,"6' 3""",225 lbs.,--,Switch,"Feb 01, 1963"
b08012bbe542592a,13-1-0,2.86,60%,1.63,44%,,4.52,45%,57%,0.7,"5' 5""",115 lbs.,"66""",Southpaw,"Dec 19, 1990"
3a7513372f79c8c8,22-11-3,1.80,50%,1.20,63%,,0.00,0%,60%,0.0,"5' 9""",183 lbs.,--,Orthodox,--
99dd0147dc4ef80c,15-4-2,1.55,39%,2.23,33%,,3.58,60%,50%,4.2,"5' 9""",155 lbs.,--,Orthodox,"Mar 08, 1978"
b160e4f251283d70,8-1-0,5.70,67%,4.89,28%,,0.00,0%,100%,0.0,"6' 4""",205 lbs.,"75""",Orthodox,"Jun 15, 1993"
8215e4fe24e8e81b,10-8-1,0.00,0%,0.22,80%,,3.27,50%,0%,3.3,"5' 6""",160 lbs.,--,Orthodox,"Oct 12, 1980"
06c60fc2c8dcd7bd,1-3-0,1.37,40%,2.08,53%,,1.33,66%,0%,0.0,"5' 11""",225 lbs.,--,Southpaw,"May 31, 1970"
b205d4f2ff44bc89,12-5-0,2.59,48%,2.45,71%,,2.05,100%,66%,0.0,"5' 1""",105 lbs.,--,,"Feb 03, 1978"
1dd1a3aacde66f72,10-4-0,3.96,48%,3.20,62%,,0.00,0%,72%,0.0,"5' 9""",135 lbs.,"66""",Southpaw,"Jul 17, 2005"
6c7e25571490aa3b,17-7-0 (1 NC),3.53,39%,2.42,57%,,1.37,20%,38%,0.7,"6' 0""",170 lbs.,"73""",Orthodox,"Mar 13, 1981"
7aa88401f93ce836,24-7-0,1.98,37%,2.19,70%,,0.27,100%,88%,0.3,"5' 9""",183 lbs.,--,Orthodox,"Jul 01, 1976"
fe1fdc6be470f773,18-6-0,0.00,0%,2.40,42%,,9.00,100%,0%,9.0,"6' 2""",185 lbs.,--,Southpaw,"May 11, 1984"
31f9a1f56cbb6ac5,7-3-0,2.68,48%,7.64,34%,,2.87,100%,0%,0.0,"6' 2""",185 lbs.,"80""",Southpaw,"Nov 16, 1989"
3cf18e01cb6cbde3,19-7-0 (1 NC),4.40,50%,2.29,63%,,0.76,37%,73%,0.5,"5' 8""",125 lbs.,"72""",Southpaw,"Jan 20, 1996"
6d537248fe7cccf1,8-4-0,2.20,42%,3.53,48%,,1.00,11%,0%,0.0,"5' 5""",125 lbs.,"66""",Southpaw,"Nov 07, 1991"
22af3546bd967280,6-4-0,0.00,0%,0.00,0%,,0.00,0%,0%,0.0,"5' 10""",155 lbs.,--,,--
d1feea7a4bdcd503,12-0-0,5.74,54%,4.45,58%,,2.09,26%,100%,0.8,"6' 2""",185 lbs.,"79""",Orthodox,"Jan 08, 2001"
cdb7b38b1b357f26,11-5-0,1.81,68%,2.03,30%,,4.95,42%,0%,0.0,"6' 3""",264 lbs.,"76""",Orthodox,"Feb 08, 1994"
cc5834a495d1ea08,0-1-0,2.07,83%,4.97,36%,,0.00,0%,0%,0.0,"6' 0""",210 lbs.,--,Orthodox,"Aug 07, 1973"
a6a9ab5a824e8f66,2-4-1,0.00,0%,0.00,0%,,0.00,0%,0%,0.0,"5' 11""",205 lbs.,--,Orthodox,"Jul 07, 1969"
556347e2b0e33979,2-2-0,0.00,0%,0.00,0%,,0.00,0%,0%,0.0,"6' 1""",185 lbs.,--,,"Aug 07, 1982"
3d99e5aa85d7576a,9-2-0,4.09,55%,11.73,51%,,0.00,0%,0%,0.0,"6' 0""",260 lbs.,--,Orthodox,"Dec 04, 1991"
81d59c1e07478361,8-1-0,7.83,47%,3.26,70%,,3.26,100%,0%,0.0,"5' 7""",125 lbs.,"68""",Southpaw,"Sep 08, 2004"
bcad7223af3c19da,15-6-0,2.02,38%,5.91,38%,,0.00,0%,0%,0.0,"6' 1""",155 lbs.,--,,"Apr 25, 1985"
cc39185f2d7d89e4,20-10-1,0.80,44%,3.20,40%,,0.00,0%,0%,6.0,"5' 9""",145 lbs.,"70""",Orthodox,"Jan 30, 1991"
d247691a6c0e9034,31-14-0,4.84,51%,3.99,59%,,1.00,50%,63%,0.4,"5' 8""",145 lbs.,"70""",Orthodox,"Nov 02, 1983"
9fe85152f351e737,15-6-0,2.36,37%,2.29,54%,,1.06,50%,61%,0.6,"6' 1""",170 lbs.,"77""",Orthodox,"Jun 19, 1979"
5330fe7e4c3af81c,12-3-0,0.78,42%,1.57,40%,,0.00,0%,33%,0.0,"6' 0""",185 lbs.,--,Orthodox,"Aug 24, 1976"
46e2011d92463b7e,12-2-0,3.41,48%,1.87,66%,,2.45,35%,66%,0.3,"6' 4""",205 lbs.,"83""",Orthodox,"Nov 21, 1995"
9f5e3c20ce40b344,8-2-0,7.27,48%,5.50,56%,,0.41,12%,40%,0.0,"5' 8""",135 lbs.,"69""",Orthodox,"Dec 30, 1998"
abd2109bc4cb0291,5-1-0,1.30,18%,1.73,79%,,0.00,0%,75%,0.0,"5' 4""",125 lbs.,--,Orthodox,"Dec 22, 1982"
9094a881a7513de3,10-1-0,5.60,69%,4.03,48%,,1.00,40%,77%,2.0,"5' 9""",155 lbs.,"71""",Switch,"Jul 29, 1993"
58a36b4ccf5dc30e,10-16-0,0.00,0%,6.58,27%,,0.00,0%,0%,0.0,"5' 11""",205 lbs.,--,Orthodox,"Sep 03, 1973"
87b7df65c30008c4,11-3-0,0.00,0%,10.12,12%,,0.00,0%,0%,0.0,"6' 1""",225 lbs.,--,Southpaw,"Jan 27, 1978"
2a542ee8a8b83559,31-10-0 (1 NC),4.23,41%,2.61,61%,,0.11,100%,75%,0.1,"6' 8""",265 lbs.,"80""",Orthodox,"Mar 05, 1976"
d2d05dda5f887f87,11-2-0,1.13,28%,8.07,30%,,0.00,0%,0%,0.0,"6' 5""",260 lbs.,"77""",Orthodox,"Dec 30, 1994"
f201f21cf2c79eb2,10-2-0,4.94,41%,2.20,65%,,0.51,20%,84%,0.0,"5' 6""",145 lbs.,"66""",Orthodox,"Feb 03, 1994"
224050896306f00c,8-3-1,2.70,33%,3.52,47%,,0.00,0%,0%,0.0,"6' 4""",205 lbs.,"73""",Orthodox,"Sep 18, 1997"
e7bc606d269896aa,0-4-0,0.00,0%,0.00,0%,,0.00,0%,0%,0.0,"6' 5""",300 lbs.,--,Orthodox,"Sep 12, 1963"
bb01bc3c57f39b04,1-3-0,0.00,0%,0.00,0%,,0.00,0%,0%,0.0,--,115 lbs.,--,,--
f70144caea5c4c80,2-3-0 (1 NC),0.00,0%,0.00,0%,,0.00,0%,0%,0.0,"5' 8""",160 lbs.,--,Orthodox,"Aug 17, 1963"
6751b11102b6adfe,13-3-1,0.00,0%,0.00,0%,,0.00,0%,0%,0.0,--,170 lbs.,--,,"Apr 12, 1992"
e13abac8089a801a,7-5-0 (1 NC),4.05,54%,5.11,47%,,0.00,0%,53%,0.0,"6' 0""",264 lbs.,"74""",Southpaw,"Dec 13, 1993"
c15fa95b9a12fde4,7-6-0,3.53,52%,2.70,52%,,0.00,0%,72%,0.0,"6' 3""",205 lbs.,"75""",Orthodox,"Sep 21, 1996"
b4537562f88ac582,13-5-0 (1 NC),2.64,32%,4.12,46%,,0.00,0%,61%,0.2,"5' 5""",135 lbs.,"69""",Orthodox,"Feb 15, 1992"
9bf126927843e184,23-7-1,4.18,42%,4.55,59%,,5.45,40%,100%,1.4,"5' 4""",135 lbs.,--,,"Jun 27, 1984"
4461d7e47375a895,18-2-0,2.87,54%,3.10,44%,,3.57,43%,46%,1.3,"5' 7""",125 lbs.,"70""",Orthodox,"Jan 27, 2000"
8f5c8850b2484173,27-6-0,2.98,39%,3.03,64%,,1.34,63%,88%,0.0,"5' 9""",155 lbs.,"73""",Orthodox,"Aug 08, 1988"
7498b3ac79a3b948,12-1-0 (1 NC),9.82,53%,5.01,58%,,1.47,33%,100%,0.0,"6' 2""",170 lbs.,"75""",Southpaw,"Jan 12, 2001"
34fbfc3f65b64645,11-3-0,3.13,39%,4.27,62%,,3.00,42%,60%,0.0,"5' 8""",135 lbs.,"71""",Orthodox,"Aug 14, 1999"
a25b71fe5e31fa97,2-6-2,0.31,24%,1.92,39%,,1.15,20%,0%,0.0,"6' 0""",220 lbs.,--,Southpaw,"Apr 12, 1962"
6420efac0578988b,30-27-3 (1 NC),2.26,51%,6.47,44%,,0.00,0%,66%,2.3,"5' 11""",199 lbs.,--,Southpaw,"Mar 13, 1969"
01f86e2d604e2f3c,15-12-2,5.11,54%,8.78,48%,,0.00,0%,0%,0.0,"5' 8""",150 lbs.,--,,"Apr 20, 1973"
4f74c8be51db8a37,12-15-2,0.49,30%,1.64,47%,,0.84,17%,21%,1.2,"6' 0""",170 lbs.,--,Southpaw,"Apr 20, 1978"
0d16bdb7d32e88e9,21-14-2,3.18,33%,3.16,60%,,0.90,45%,66%,0.0,"5' 6""",139 lbs.,--,Orthodox,"Jun 10, 1977"
d856a0080ac09ed7,1-4-0,3.40,54%,5.69,29%,,0.67,33%,55%,0.0,"6' 5""",280 lbs.,--,Orthodox,"Sep 19, 1968"
a7724f51e32e763e,6-5-0,1.37,39%,1.71,55%,,1.48,50%,25%,1.1,"5' 7""",205 lbs.,--,Southpaw,"Dec 08, 1979"
1dc56b59cb28425d,17-5-2,0.00,0%,0.00,0%,,0.00,0%,0%,0.0,"6' 0""",210 lbs.,--,Orthodox,"Aug 26, 1967"
6e743a33d56bdaa4,11-1-0,6.62,56%,3.41,46%,,0.78,44%,77%,0.2,"5' 10""",135 lbs.,"70""",Switch,"Sep 09, 1998"
49858bf46dabf6fb,15-7-0,3.66,51%,2.62,66%,,1.94,76%,73%,0.0,"6' 1""",170 lbs.,"74""",Orthodox,"Jun 10, 1981"
6aab5c20395ee722,7-2-0,4.29,57%,7.09,31%,,0.00,0%,100%,0.0,"6' 0""",205 lbs.,"74""",Orthodox,"Jul 10, 1996"
eaa0a728cc91ef60,0-3-0,0.00,0%,26.67,50%,,0.00,0%,0%,0.0,"6' 0""",220 lbs.,--,Orthodox,"Jul 16, 1966"
bfd4d50591033a1f,10-0-0,0.00,0%,0.00,0%,,0.00,0%,0%,0.0,"5' 7""",135 lbs.,--,,"Aug 22, 1985"
30e8b4505f5ccf92,32-13-3,2.44,53%,1.44,60%,,0.58,60%,45%,0.2,"5' 11""",185 lbs.,--,Southpaw,"Dec 17, 1969"
c95fbc085e17a532,21-18-2,3.73,43%,1.94,78%,,0.00,0%,20%,1.0,"5' 9""",135 lbs.,"70""",Orthodox,"May 31, 1980"
57bf89d42364d39e,10-8-0,1.89,53%,4.58,44%,,0.92,25%,33%,0.0,"5' 5""",135 lbs.,"63""",Orthodox,"Mar 12, 1984"
ad3041e61896b975,5-3-0,0.69,29%,7.37,18%,,0.00,0%,0%,0.0,"5' 10""",170 lbs.,--,Orthodox,"Dec 17, 1981"
1bf49bf829964144,2-2-0,0.19,50%,2.05,38%,,5.59,66%,0%,0.0,--,--,--,Southpaw,"Mar 09, 1983"
64788ee44b062ded,11-3-0,1.97,37%,1.99,50%,,2.40,38%,43%,0.2,"5' 5""",135 lbs.,"67""",Orthodox,"Oct 04, 1990"
8f2d9ee27f206f1f,32-8-0,3.05,59%,2.64,56%,,2.55,43%,25%,1.3,"6' 0""",185 lbs.,"74""",Orthodox,"Feb 11, 1971"
078b732efa497f49,6-1-0,6.60,50%,6.67,63%,,2.00,33%,0%,0.0,"5' 7""",135 lbs.,"69""",Orthodox,"Jan 11, 1992"
b9124c308671e303,10-2-0,4.20,68%,4.20,49%,,4.50,36%,85%,0.0,"5' 9""",145 lbs.,"70""",Orthodox,"Apr 09, 1998"
0eec866a077889f0,12-14-1,2.69,21%,4.74,58%,,0.49,40%,66%,0.2,"5' 5""",135 lbs.,"67""",Orthodox,"Mar 14, 1981"
37ac9e0f4fc86171,8-3-0,0.00,0%,0.00,0%,,0.00,0%,0%,0.0,"5' 7""",185 lbs.,--,,"Sep 02, 1979"
9f5609dba6584ab2,8-0-0,7.60,47%,7.00,57%,,1.00,33%,50%,0.0,"5' 7""",135 lbs.,"66""",Southpaw,"Oct 19, 2004"
b96619b3acd7d9da,20-10-0,2.62,44%,3.05,51%,,1.97,30%,56%,1.2,"5' 6""",135 lbs.,"65""",Orthodox,"Aug 18, 1986"
7abf7f8778472b7b,11-1-0,4.85,44%,5.00,60%,,0.89,18%,64%,0.0,"5' 4""",125 lbs.,"66""",Switch,"Aug 21, 1993"
ef927e4fe2117ab8,17-5-0,2.13,43%,1.82,59%,,2.00,28%,50%,0.3,"5' 9""",145 lbs.,"68""",Southpaw,"Aug 28, 1977"
8a59d346dc976a10,21-7-1,2.00,40%,2.31,62%,,3.83,42%,62%,1.5,"5' 7""",145 lbs.,"70""",Orthodox,"Nov 08, 1984"
681d07e328798ec0,1-6-0,0.00,0%,0.00,0%,,0.00,0%,0%,0.0,--,135 lbs.,--,,--
0c6d9ea8306c029e,21-13-0,3.41,43%,3.32,54%,,0.70,26%,80%,0.0,"6' 1""",185 lbs.,"74""",Orthodox,"Dec 21, 1987"
c5ccd878231c5407,10-4-0,4.07,43%,6.45,54%,,0.00,0%,72%,0.0,"5' 8""",145 lbs.,"70""",Southpaw,"Jan 09, 1994"
9b74de674c355425,11-6-1 (1 NC),4.44,47%,4.47,55%,,0.27,25%,56%,0.5,"6' 0""",155 lbs.,"72""",Orthodox,"Dec 15, 1979"
dd992d569aaebee6,31-15-0,1.94,65%,0.55,38%,,7.28,50%,100%,3.1,"6' 0""",170 lbs.,"73""",Orthodox,"Jan 02, 1983"
88e53ec16b801740,13-8-1,0.00,0%,0.00,0%,,0.00,0%,0%,0.0,"5' 7""",155 lbs.,--,,"Oct 11, 1987"
49bddfee9ed54cf3,13-4-0,2.06,32%,1.24,68%,,2.48,28%,100%,0.0,"5' 11""",185 lbs.,--,Orthodox,"May 12, 1979"
637a4d8825464c62,1-3-0,0.00,0%,0.00,0%,,0.00,0%,0%,0.0,"5' 7""",145 lbs.,--,,--
b76c6268dc1d3c05,9-4-0,2.75,29%,3.31,71%,,0.20,20%,70%,0.2,"5' 0""",115 lbs.,"60""",Orthodox,"Oct 25, 1989"
17c6e35e4da505b0,7-7-0,3.17,80%,3.70,26%,,3.96,100%,0%,7.9,"5' 10""",--,--,,--
f5431394fb284bb9,16-9-0,4.04,51%,2.99,62%,,2.75,37%,58%,0.2,"6' 2""",185 lbs.,"75""",Orthodox,"Sep 29, 1981"
b47c9ea5f2895d6e,9-2-0,5.70,28%,18.44,32%,,0.00,0%,0%,0.0,"5' 10""",145 lbs.,"69""",Orthodox,"Feb 13, 1998"
5bb70ebd65075c5c,5-2-0,1.40,42%,13.31,21%,,0.00,0%,0%,0.0,"6' 5""",265 lbs.,--,Orthodox,"Feb 13, 1992"
7ff97850e8c32bda,33-9-0,3.73,49%,4.43,51%,,2.11,33%,60%,0.9,"6' 2""",205 lbs.,"76""",Orthodox,"Oct 28, 1979"
86061eaba822bfea,21-2-2,3.36,35%,3.20,63%,,1.00,27%,71%,0.7,"5' 7""",145 lbs.,--,Orthodox,"Nov 18, 1986"
de9e331b3e6bae70,3-1-0,2.00,39%,3.22,35%,,0.00,0%,33%,0.0,"6' 1""",242 lbs.,--,,"Feb 13, 1982"
17923f676f100e16,9-2-0,4.85,62%,4.10,41%,,2.40,30%,0%,0.0,"6' 7""",258 lbs.,"83""",Orthodox,"Dec 07, 1999"
1dab0d1d81dd06db,7-5-1,1.83,35%,3.02,56%,,0.87,100%,80%,0.0,"6' 2""",233 lbs.,--,Orthodox,"Feb 07, 1965"
7d0a1968b38ca439,19-3-0,4.37,40%,3.93,59%,,0.84,50%,100%,0.0,"5' 4""",125 lbs.,"63""",Orthodox,"Jan 31, 1997"
87911d22a79d3203,5-1-0,5.67,55%,3.40,71%,,0.00,0%,100%,0.0,"5' 7""",145 lbs.,"70""",Orthodox,"Jun 15, 1989"
61d6368013f8637f,15-3-1,0.00,0%,0.00,0%,,0.00,0%,0%,0.0,--,170 lbs.,--,,"Sep 27, 1989"
b9aa0024f295609e,7-7-0,2.62,43%,2.80,48%,,3.28,38%,100%,0.0,"5' 8""",170 lbs.,--,Southpaw,"May 10, 1978"
4123fd4dcc1fe937,6-2-0,2.34,63%,2.71,37%,,5.54,50%,0%,5.5,"6' 1""",185 lbs.,--,Southpaw,"Jan 09, 1978"
5befa793316d3469,19-9-0,3.23,32%,4.77,64%,,3.31,36%,75%,0.0,"5' 10""",170 lbs.,--,Orthodox,"Mar 16, 1981"
60f86c449cd31e23,2-3-0,1.09,50%,9.27,19%,,0.00,0%,100%,0.0,"6' 2""",205 lbs.,--,,--
2747c60e42d9d75f,8-2-0,4.69,43%,3.53,55%,,0.94,33%,77%,0.0,"5' 9""",155 lbs.,"73""",Southpaw,"May 01, 1989"
fbf0537e420e698e,7-4-0,3.08,46%,3.93,56%,,0.56,18%,60%,0.3,"5' 5""",145 lbs.,"69""",Orthodox,"Feb 03, 1988"
d34636a85f0f4c90,28-12-7,0.87,23%,2.80,51%,,1.50,11%,0%,0.5,"5' 7""",135 lbs.,--,Southpaw,"Aug 29, 1987"
f0264252e191da22,0-1-0,0.63,33%,17.05,32%,,0.00,0%,0%,0.0,"5' 10""",185 lbs.,--,Orthodox,"Aug 18, 1975"
545092d13c67aa49,14-1-0,4.62,43%,2.46,59%,,4.54,57%,100%,1.8,"5' 4""",115 lbs.,"67""",Orthodox,"Nov 20, 1995"
638cfec7ec559d6e,11-5-0,2.70,42%,3.63,52%,,1.36,66%,50%,0.7,"6' 2""",170 lbs.,"74""",Switch,"Jul 11, 1985"
34f88592c0ab7a54,16-3-0,4.19,42%,2.39,53%,,1.27,28%,59%,0.0,"6' 1""",185 lbs.,"75""",Orthodox,"May 31, 1988"
ca936c67687789e9,6-2-0,0.00,0%,5.48,19%,,0.00,0%,0%,4.8,--,185 lbs.,--,Orthodox,--
30a09e43f15f1d75,18-9-0,1.71,39%,1.99,63%,,1.42,31%,63%,1.2,"5' 11""",170 lbs.,"74""",Orthodox,"Jan 25, 1981"
ed7d329d7c29428d,9-1-0,3.24,41%,2.93,54%,,0.67,7%,33%,1.7,"5' 7""",135 lbs.,"69""",Orthodox,"Jun 23, 1999"
40a604761ca7d64d,26-9-0 (1 NC),1.85,37%,2.60,59%,,1.38,52%,76%,1.2,"5' 9""",155 lbs.,--,Orthodox,"Sep 28, 1976"
b732b326c362fb62,20-8-0,2.01,36%,4.17,30%,,5.59,33%,0%,2.2,"6' 0""",170 lbs.,--,Orthodox,"Nov 05, 1984"
319c15b8aac5bfde,14-7-0,0.44,13%,4.99,33%,,0.00,0%,0%,1.3,"5' 9""",135 lbs.,--,Orthodox,"Mar 27, 1981"
2b33e57c4d0a4502,5-2-0,0.00,0%,0.00,0%,,0.00,0%,0%,0.0,"5' 10""",170 lbs.,--,,--
ed5f04f833459877,10-6-0,0.00,0%,0.00,0%,,0.00,0%,0%,0.0,"5' 8""",145 lbs.,--,,--
7d3caf0f96f1b33d,38-14-1,1.87,42%,1.80,49%,,1.06,100%,35%,2.6,"6' 1""",170 lbs.,"74""",Orthodox,"Jun 23, 1981"
9e30f69cc0869301,20-16-0 (1 NC),5.13,52%,3.19,41%,,3.14,36%,53%,1.3,"6' 5""",265 lbs.,--,Orthodox,"Dec 16, 1978"
dcdd511ff757f15c,17-10-0,1.66,46%,5.31,46%,,0.00,0%,50%,0.5,"6' 1""",242 lbs.,"75""",Orthodox,"Jan 02, 1980"
4a28cb716c19157a,17-9-1,4.05,46%,3.00,54%,,0.23,35%,63%,0.0,"6' 0""",170 lbs.,"75""",Orthodox,"Feb 11, 1983"
a566371ba2ad7152,22-9-0 (1 NC),2.59,47%,2.12,64%,,1.92,39%,54%,1.3,"5' 10""",155 lbs.,"71""",Orthodox,"Sep 21, 1978"
5d8006587d6a6711,9-3-0,1.40,44%,2.20,42%,,4.00,80%,33%,0.0,"5' 10""",145 lbs.,"69""",,"May 03, 2002"
fea8acf9bfcf09ec,17-6-1,3.85,43%,3.85,64%,,1.12,40%,50%,1.7,"6' 1""",170 lbs.,"79""",Orthodox,"Mar 14, 1984"
083e15da67d9b0fa,8-8-0,1.20,50%,3.13,38%,,2.00,66%,42%,2.0,"6' 0""",170 lbs.,--,,"May 24, 1984"
3848cd6cac73e091,18-7-0,4.27,37%,3.13,60%,,2.00,40%,57%,0.0,"5' 7""",135 lbs.,"69""",Orthodox,"May 08, 2001"
75e5fec9f72910ef,33-14-0,1.95,31%,2.51,63%,,4.08,53%,92%,0.8,"5' 10""",155 lbs.,"71""",Southpaw,"Oct 07, 1983"
1d1b85389a05df69,9-9-0,1.07,40%,1.13,43%,,1.00,25%,20%,2.0,"5' 9""",155 lbs.,--,,"Feb 01, 1982"
9eb069062a0cfc13,4-3-0,2.57,47%,2.53,67%,,0.00,0%,60%,0.0,"5' 6""",125 lbs.,--,Orthodox,"May 17, 1988"
9ce6d5a03af801b7,18-5-1,2.30,46%,3.31,56%,,0.55,46%,69%,0.0,"6' 0""",185 lbs.,"74""",Southpaw,"Dec 24, 1992"
7b461ccae8270207,0-0-0,0.00,0%,0.00,0%,,0.00,0%,0%,0.0,--,145 lbs.,--,,--
c830bc2eb134b646,8-1-0,0.00,0%,2.11,69%,,0.00,0%,0%,0.0,"5' 4""",125 lbs.,"66""",Switch,"Feb 09, 2000"
0112352cb32f5026,10-10-0 (1 NC),3.61,41%,5.23,38%,,0.96,42%,72%,0.0,"6' 1""",185 lbs.,"77""",Orthodox,"May 17, 1988"
57481f1f10530c61,3-3-0,0.00,0%,0.00,0%,,0.00,0%,0%,0.0,--,155 lbs.,--,,--
d6a8edb7410223a0,14-2-0,2.77,36%,5.81,35%,,2.40,33%,100%,1.6,"6' 2""",205 lbs.,"74""",Orthodox,"Mar 20, 2003"
274ca7b799b402cc,8-0-0,0.00,0%,0.00,0%,,0.00,0%,0%,0.0,"6' 0""",185 lbs.,--,Switch,"Nov 30, 1987"
866fd7b1a6c90e7f,13-6-0,4.73,57%,4.40,48%,,1.77,21%,42%,0.3,"6' 1""",185 lbs.,"74""",Orthodox,"May 19, 1994"
3e8118c1ab52f211,11-6-0,2.59,41%,3.70,46%,,2.87,36%,33%,0.6,"6' 4""",205 lbs.,"76""",Orthodox,"Jun 30, 1990"
2d5fbe2103f97053,34-29-2,1.78,37%,2.01,65%,,0.87,34%,44%,2.3,"5' 7""",135 lbs.,--,Orthodox,"Aug 22, 1977"
679ae8c4fd022c6b,25-2-0,3.51,72%,0.54,66%,,2.03,100%,100%,0.0,"5' 10""",185 lbs.,--,,"Feb 17, 1990"
3a89481e3a9d47c0,6-2-1,1.16,50%,2.03,39%,,0.00,0%,10%,2.2,"5' 2""",115 lbs.,"63""",Southpaw,"Aug 01, 2005"
c4af2feb4b58bc3b,18-7-1,2.26,41%,3.63,53%,,2.00,38%,78%,0.0,"5' 11""",155 lbs.,"73""",Southpaw,"Mar 04, 1987"
19f8a2f6eecd92ac,9-6-0,5.27,49%,5.42,46%,,0.00,0%,75%,0.0,"5' 1""",115 lbs.,"59""",Southpaw,"Dec 05, 1993"
8e893f269d5696b2,15-7-0 (1 NC),2.95,52%,2.13,62%,,0.00,0%,54%,0.4,"5' 8""",145 lbs.,"70""",Orthodox,"Mar 31, 1983"
d10b35152277cf98,0-1-0,0.00,0%,2.41,27%,,0.00,0%,0%,0.0,"5' 9""",220 lbs.,--,Orthodox,"Aug 24, 1968"
9de7c97e1c0d7927,1-2-0,0.16,5%,1.09,36%,,0.00,0%,0%,0.0,"5' 8""",185 lbs.,--,Orthodox,"May 25, 1973"
5ee87e0432205755,3-3-0,0.00,0%,0.00,0%,,0.00,0%,0%,0.0,--,--,--,,"Mar 15, 1972"
54f64b5e283b0ce7,17-1-0,4.82,50%,3.97,62%,,1.73,57%,95%,0.9,"5' 7""",155 lbs.,"69""",Orthodox,"Jan 21, 1997"
4a6dff1b260bcf61,7-1-0,2.93,55%,2.57,68%,,1.50,33%,100%,0.0,"5' 7""",135 lbs.,"68""",Orthodox,"Jan 28, 1996"
918d9d89d4d52acc,5-3-0,3.54,48%,7.52,45%,,0.00,0%,100%,2.2,"5' 8""",170 lbs.,--,Orthodox,"Jul 31, 1978"
33b2f68ef95252e0,44-9-0,3.98,43%,1.86,74%,,0.00,0%,17%,1.6,"5' 9""",135 lbs.,"76""",Orthodox,"Jan 18, 1981"
cce79e827569f26e,35-5-0,0.87,26%,1.93,57%,,4.00,47%,16%,0.5,"5' 7""",155 lbs.,--,Orthodox,"Aug 13, 1975"
1ff10dee2f7ae60c,0-0-0,0.00,0%,0.00,0%,,0.00,0%,0%,0.0,--,125 lbs.,--,,--
e4e0f310b3cf23a8,5-4-0,2.47,37%,2.73,69%,,2.00,22%,50%,0.0,"5' 10""",145 lbs.,--,Orthodox,"May 29, 1988"
e175a261a280f7cb,4-3-0,0.00,0%,0.00,0%,,0.00,0%,0%,0.0,"5' 10""",170 lbs.,--,,"Oct 29, 1982"
d2036f31c035e0d1,8-1-0,4.37,36%,9.84,50%,,1.28,33%,75%,0.0,"5' 4""",125 lbs.,"65""",Orthodox,"Aug 02, 1992"
971aebf56267de20,7-2-0,4.80,64%,11.78,48%,,0.00,0%,100%,0.0,"5' 6""",135 lbs.,"69""",Orthodox,"Jan 06, 1997"
2e7878927067fdca,17-4-0,6.57,56%,4.24,50%,,1.32,66%,76%,0.7,"5' 10""",155 lbs.,"73""",Switch,"Mar 25, 1995"
01762e1d4ff4dc51,12-4-0,0.79,22%,8.29,53%,,5.92,50%,0%,0.0,"5' 7""",145 lbs.,"66""",Southpaw,"Oct 19, 1997"
c8d46028907bcece,16-2-0,1.10,34%,1.24,65%,,2.06,33%,50%,0.0,"5' 7""",135 lbs.,"70""",Orthodox,"Apr 26, 1995"
cbf1c7ba5408a66f,10-4-0,2.60,46%,2.87,58%,,0.00,0%,83%,0.0,"5' 10""",170 lbs.,"72""",Orthodox,"Sep 28, 1989"
3f7dab21b6c971bc,21-12-0,1.23,34%,3.92,38%,,0.00,0%,46%,0.0,"6' 3""",205 lbs.,"79""",Orthodox,"May 11, 1986"
04076783ca83d6ae,2-5-0,0.00,0%,0.00,0%,,0.00,0%,0%,0.0,"5' 11""",195 lbs.,--,Southpaw,"Jun 12, 1978"
ff2ec83f44000f78,5-0-0,0.00,0%,0.00,0%,,0.00,0%,0%,0.0,"6' 3""",235 lbs.,--,,"May 09, 1993"
20ec0061400178ca,6-4-1,0.92,50%,2.77,57%,,0.00,0%,0%,0.0,"6' 3""",227 lbs.,--,Orthodox,"Sep 16, 1968"
008cf84faae9c7a5,15-4-0,2.33,48%,3.93,55%,,2.00,28%,63%,0.0,--,155 lbs.,--,,"Apr 11, 1983"
00b8dd0fbe2fbfd9,7-0-0,0.00,0%,0.00,0%,,0.00,0%,0%,0.0,--,155 lbs.,--,,"Dec 28, 1994"
73abb7a5c57fb443,7-7-0,0.00,0%,0.00,0%,,0.00,0%,0%,0.0,--,170 lbs.,--,,--
97a6bbe6e6566a94,13-3-0,2.65,42%,2.42,64%,,0.97,22%,41%,0.0,"5' 9""",155 lbs.,"70""",Orthodox,"Dec 17, 1981"
0cf9f5518d6063bb,7-3-0,5.19,54%,3.90,47%,,0.00,0%,100%,0.0,"5' 11""",170 lbs.,--,Switch,"Jun 10, 1993"
d2d37e8eeb3abc8d,21-9-0,2.79,46%,1.90,56%,,2.35,47%,75%,0.8,"5' 9""",170 lbs.,"71""",Southpaw,"May 07, 1972"
a8283a4f415e1eb9,28-9-0,3.13,45%,2.67,60%,,0.98,42%,60%,0.5,"5' 9""",170 lbs.,"70""",Southpaw,"Aug 24, 1978"
cb1c09c8126dbee0,7-6-0,0.00,0%,0.00,0%,,0.00,0%,0%,0.0,"5' 11""",165 lbs.,--,,"Aug 23, 1979"
5bf31a46becc1204,11-3-0,3.63,53%,4.40,50%,,0.36,66%,72%,0.5,"5' 11""",145 lbs.,"71""",Orthodox,"Dec 31, 1991"
6d48a2df51749d91,12-7-0 (1 NC),1.27,47%,5.30,26%,,0.88,9%,42%,0.4,"6' 5""",185 lbs.,"80""",Orthodox,"Dec 06, 1990"
8abf70f79e9e27c2,16-7-1,1.16,46%,3.26,32%,,0.62,7%,66%,0.3,"6' 2""",185 lbs.,--,Orthodox,"Jan 25, 1983"
cc18abc046b382c9,0-1-0,0.00,0%,0.00,0%,,0.00,0%,0%,0.0,"5' 5""",125 lbs.,--,,--
e6b233a007cb06c4,21-19-0,0.00,0%,0.00,0%,,0.00,0%,0%,0.0,"5' 9""",155 lbs.,--,,"Jan 01, 1982"
e14b5aa06eea9653,15-8-0 (1 NC),2.65,41%,2.31,59%,,2.18,45%,40%,0.4,"5' 8""",155 lbs.,"70""",Orthodox,"Sep 18, 1983"
ccf25f81fcdaecb4,9-0-0,0.00,0%,0.00,0%,,0.00,0%,0%,0.0,--,125 lbs.,--,,"Oct 01, 2000"
eae48ff31db420c2,23-3-0,3.85,50%,1.80,54%,,3.26,37%,75%,0.1,"5' 7""",155 lbs.,"72""",Orthodox,"Oct 11, 1996"
2f43a3e82661fa99,11-1-0,2.40,53%,1.91,43%,,5.03,37%,50%,2.0,"5' 6""",125 lbs.,"68""",Orthodox,"Jun 22, 2002"
bc5a51159ec2fdf2,6-0-0,0.00,0%,0.00,0%,,0.00,0%,0%,0.0,--,205 lbs.,--,,"Dec 30, 1999"
df05aa15b2d66f57,21-4-0 (1 NC),1.35,31%,3.17,47%,,1.19,18%,0%,0.6,"6' 2""",258 lbs.,"76""",Orthodox,"Sep 08, 1975"
53ec9cb470e1a4ea,10-5-0,3.00,40%,3.74,60%,,0.42,33%,50%,1.0,"5' 11""",155 lbs.,"73""",Orthodox,"Aug 28, 1984"
da816417a579a0bd,13-3-0,4.29,44%,4.18,57%,,3.13,44%,53%,1.5,"5' 6""",145 lbs.,"66""",Southpaw,"Jun 17, 1986"
1ed32eaaba9ffe10,19-4-1,1.60,28%,3.08,59%,,0.47,11%,66%,0.9,"5' 7""",135 lbs.,--,Orthodox,"Apr 17, 1986"
b9aa7d230865b5fe,0-3-0,0.00,0%,2.14,0%,,32.14,100%,0%,0.0,"6' 2""",250 lbs.,--,Orthodox,--
63f8775391301891,10-6-0,2.25,53%,0.93,50%,,7.50,60%,0%,0.0,"6' 0""",135 lbs.,--,,--
c62fbc117d57b943,15-10-0,3.37,48%,4.61,42%,,0.00,0%,58%,0.0,"6' 2""",264 lbs.,"75""",Southpaw,"Mar 16, 1993"
aceffa19749c4dc0,20-6-1,3.17,39%,3.07,63%,,2.13,39%,100%,0.0,"5' 8""",155 lbs.,"68""",Orthodox,"Jan 15, 1991"
96eff1a628adcc7f,0-1-0,0.00,0%,0.00,0%,,0.00,0%,0%,0.0,"6' 0""",430 lbs.,--,Orthodox,"Jun 14, 1969"
9384e71bca6c409d,14-3-0,6.02,53%,2.97,56%,,1.05,26%,0%,0.3,"6' 0""",185 lbs.,"74""",Orthodox,"Jun 13, 1994"
17cb6d8e8187f304,10-1-0,2.72,42%,2.47,53%,,3.37,50%,56%,2.1,"5' 7""",125 lbs.,"71""",Orthodox,"Mar 22, 1998"
ff6a1f63c254127e,18-4-0,3.76,42%,3.34,58%,,0.20,20%,75%,0.0,"5' 11""",170 lbs.,"73""",Orthodox,"Dec 26, 1991"
cd3d7e37ff2d679c,13-6-0,4.68,39%,3.84,51%,,0.85,17%,44%,0.3,"5' 9""",145 lbs.,"71""",Orthodox,"Jun 05, 1993"
82529ce93cd9a2cf,8-4-0,2.45,42%,3.42,54%,,4.98,41%,16%,0.0,"6' 4""",205 lbs.,"78""",Orthodox,"Jun 10, 1996"
4dcfb28c011c11b2,18-8-0,3.23,51%,4.17,45%,,1.55,20%,42%,0.8,"6' 0""",170 lbs.,"72""",Orthodox,"Jul 22, 1996"
56f4b81ec4db61af,0-3-0,0.00,0%,0.00,0%,,0.00,0%,0%,0.0,"6' 2""",170 lbs.,--,,--
4d8fa64202cee4c1,15-9-0,5.79,48%,4.54,41%,,0.75,55%,75%,1.1,"6' 3""",155 lbs.,"77""",Southpaw,"May 18, 1995"
885adaff8fe15cf7,8-2-0,4.29,66%,6.43,0%,,0.00,0%,0%,0.0,"5' 9""",155 lbs.,--,Orthodox,"Sep 25, 1990"
c9cf753cfdf77fc2,27-11-0,3.56,48%,3.26,55%,,1.30,33%,70%,0.1,"6' 3""",249 lbs.,"78""",Orthodox,"Nov 09, 1985"
cb680d85b84cbfd9,10-2-0,2.46,48%,2.85,50%,,1.48,16%,0%,0.0,"5' 9""",135 lbs.,"73""",Orthodox,"Aug 16, 1995"
1d76f07ffdd765c2,9-2-0,0.42,40%,0.63,25%,,3.17,20%,0%,6.3,"5' 7""",125 lbs.,"68""",Southpaw,"Sep 30, 2002"
8f2deefe8c5dfb5d,12-2-0,1.79,52%,3.49,45%,,2.83,50%,66%,0.0,"6' 3""",185 lbs.,--,Orthodox,"Aug 08, 1984"
bcd124bcd3d5be46,12-18-5 (1 NC),0.13,21%,1.40,46%,,0.50,100%,0%,1.5,"5' 11""",180 lbs.,--,Southpaw,"Apr 17, 1976"
10ccf4ec9913cadc,5-0-0,0.00,0%,0.00,0%,,0.00,0%,0%,0.0,"5' 11""",170 lbs.,--,,"Aug 04, 1985"
4a1a492f299581d9,11-6-0,0.00,0%,0.00,0%,,0.00,0%,0%,0.0,"6' 0""",170 lbs.,--,,--
f00ac08ab056af5d,17-3-0,3.01,48%,3.44,50%,,2.73,39%,63%,1.5,"5' 7""",125 lbs.,"70""",Southpaw,"Aug 07, 1991"
9014c02eff8b3d62,15-1-0,6.57,55%,4.03,51%,,0.53,60%,85%,0.2,"6' 4""",205 lbs.,"77""",Orthodox,"Nov 07, 1990"
7a39bbac8cc0fa70,17-4-2,2.23,39%,4.10,59%,,0.75,17%,90%,0.0,"5' 11""",170 lbs.,"71""",Orthodox,"Sep 11, 1982"
4793a2d90f5ab8ae,5-2-0,0.00,0%,0.00,0%,,0.00,0%,0%,0.0,--,160 lbs.,--,,--
1e310618d02ff93b,13-7-0,0.00,0%,0.00,0%,,0.00,0%,0%,0.0,"6' 2""",185 lbs.,--,,--
eb1723480fa2f96c,33-19-5,1.91,49%,1.90,50%,,1.95,31%,37%,0.5,"5' 7""",155 lbs.,"70""",Southpaw,"May 08, 1975"
58258914525740a5,14-12-2,1.05,37%,2.38,48%,,2.85,28%,50%,1.4,"5' 9""",165 lbs.,--,,"Jun 20, 1981"
5e23f30e9c6ed74e,5-1-0 (1 NC),2.55,66%,16.60,27%,,0.00,0%,0%,0.0,"6' 0""",170 lbs.,"72""",Orthodox,"Apr 22, 1994"
4b8fb0453a596b8e,17-10-1,0.97,38%,2.44,39%,,0.00,0%,38%,3.8,"5' 11""",170 lbs.,"73""",Orthodox,"Sep 17, 1987"
47fcdcaccb58ca80,3-1-0,3.85,37%,6.17,50%,,0.00,0%,0%,0.0,"6' 3""",185 lbs.,"77""",Southpaw,"Oct 09, 1993"
b12fb759e02378de,7-5-0,5.57,56%,4.62,44%,,2.86,44%,0%,0.7,"6' 3""",185 lbs.,"75""",Orthodox,"Apr 05, 1996"
4252b09f0c8c4472,6-2-0,1.15,43%,4.43,22%,,0.00,0%,53%,0.0,"6' 1""",265 lbs.,"74""",Orthodox,"Feb 18, 1997"
e78c4c3d329c531b,10-3-0 (1 NC),3.61,45%,5.06,36%,,0.00,0%,0%,0.0,"5' 6""",125 lbs.,"66""",Southpaw,"Sep 26, 1985"
c34e5849184b08c3,21-8-6,3.47,39%,4.71,65%,,0.00,0%,80%,0.0,"5' 5""",125 lbs.,--,Southpaw,"Sep 08, 1976"
fe30c5f5cc3e028b,4-1-0,0.00,0%,0.00,0%,,0.00,0%,0%,0.0,"5' 9""",155 lbs.,"70""",Orthodox,"May 08, 2000"
f1b2aa7853d1ed6e,21-4-0,4.16,51%,2.67,55%,,2.79,44%,89%,0.1,"6' 0""",185 lbs.,"76""",Switch,"May 11, 1987"
da7f113b5ea39c43,12-4-0,3.85,39%,4.27,51%,,0.56,14%,66%,0.0,"6' 2""",239 lbs.,"79""",Orthodox,"Apr 01, 1989"
6546af7ab545b90c,10-6-0,1.34,39%,2.21,66%,,1.42,33%,35%,0.7,"5' 6""",125 lbs.,"65""",Orthodox,"Oct 15, 1979"
54578e5927adea53,10-4-0,3.69,46%,4.09,57%,,3.00,45%,31%,1.0,"5' 6""",125 lbs.,"69""",Orthodox,"Jun 19, 1983"
0d1190beced94f7c,14-2-0,1.87,38%,0.93,67%,,3.00,50%,100%,3.0,"5' 7""",125 lbs.,"63""",Orthodox,"Jun 27, 1998"
f7adc1fd115f8fdd,24-4-0,0.00,0%,0.00,0%,,0.00,0%,0%,0.0,--,170 lbs.,--,,"Apr 14, 1993"
43e549b803ec7375,3-1-0,3.88,85%,0.68,80%,,0.00,0%,100%,0.0,"6' 1""",205 lbs.,"75""",Orthodox,"Apr 04, 1991"
fc1868f56d3036eb,29-12-0,0.00,0%,0.00,0%,,0.00,0%,0%,0.0,"6' 0""",200 lbs.,--,Orthodox,"Dec 23, 1978"
cda1099995b46cc2,10-3-0,4.08,30%,7.16,48%,,1.54,44%,36%,0.4,"5' 9""",155 lbs.,"72""",Orthodox,"Jan 16, 1992"
8a0be41c0380188d,12-7-0,2.58,37%,2.61,77%,,1.40,53%,75%,0.5,"5' 3""",135 lbs.,"64""",Orthodox,"Oct 31, 1974"
0cd0456d6029cec2,12-6-0 (1 NC),1.30,55%,2.72,33%,,0.59,50%,55%,1.8,"6' 2""",185 lbs.,"77""",Orthodox,"Mar 31, 1995"
de277a4abcfeea46,13-6-2,1.28,100%,2.55,0%,,0.00,0%,0%,0.0,"5' 10""",155 lbs.,--,,--
45b82ebf0b9e0fd2,8-2-0,0.00,0%,9.60,33%,,0.00,0%,0%,0.0,"6' 2""",185 lbs.,"77""",Orthodox,"Nov 17, 1992"
078695e385ec2f57,14-4-0,3.47,40%,4.81,51%,,0.63,33%,55%,0.0,"5' 9""",170 lbs.,"71""",Orthodox,"Feb 09, 1994"
45e738622ea2c02c,18-3-0 (1 NC),5.19,53%,3.33,45%,,1.73,40%,55%,0.3,"5' 6""",135 lbs.,"67""",Orthodox,"Jan 19, 1990"
663b76da637402c3,18-10-0,3.94,30%,2.99,67%,,0.90,14%,0%,0.0,"6' 0""",205 lbs.,--,Orthodox,"Dec 17, 1981"
2a898bf9fb7710b3,5-7-0,0.00,0%,0.00,0%,,0.00,0%,0%,0.0,--,135 lbs.,--,,"Jun 28, 1987"
239d8e5359022f3b,18-1-0,6.12,48%,4.41,57%,,0.66,28%,84%,0.0,"5' 7""",145 lbs.,"68""",Switch,"Dec 08, 2001"
c295de4e10acd4c9,16-7-1,5.56,47%,5.60,45%,,0.20,12%,58%,0.0,"5' 8""",155 lbs.,"70""",Orthodox,"Apr 08, 1978"
17e97649403ba428,17-2-0,8.43,57%,5.82,58%,,0.82,61%,75%,0.2,"5' 5""",125 lbs.,"65""",Orthodox,"Oct 10, 2001"
2ee09ec2a0695eb9,8-5-0,1.52,41%,1.91,41%,,1.06,14%,37%,0.0,"6' 2""",205 lbs.,--,Switch,"Jun 20, 1965"
7b39035fae7268b8,7-6-0,7.73,45%,6.82,49%,,0.00,0%,50%,0.0,"6' 5""",205 lbs.,--,,"Jun 12, 1986"
23ab42947c1990e3,0-1-0,0.00,0%,0.00,0%,,0.00,0%,0%,0.0,"5' 10""",190 lbs.,--,Orthodox,"Jan 25, 1943"
02177caefe7c07d4,0-1-0,0.00,0%,3.01,15%,,0.00,0%,0%,0.0,"6' 1""",240 lbs.,--,Southpaw,"Mar 05, 1972"
f6bbc6ba4f06ad60,8-0-0,0.00,0%,0.00,0%,,0.00,0%,0%,0.0,--,185 lbs.,--,,"Jun 11, 1993"
87e2468b986ebb79,15-7-1 (1 NC),5.31,47%,6.41,40%,,0.00,0%,0%,0.0,"6' 2""",155 lbs.,"74""",Switch,"Apr 27, 1993"
26d61e92a6069cd2,7-5-0,0.00,0%,0.00,0%,,0.00,0%,0%,0.0,"6' 0""",185 lbs.,--,Orthodox,--
2b68d9f125d07b42,12-10-0,4.96,44%,5.67,45%,,0.18,50%,20%,0.0,"6' 4""",265 lbs.,"80""",Orthodox,"May 12, 1992"
32c3ee378671a5d9,13-3-0,3.04,59%,2.71,48%,,3.08,35%,100%,1.2,"5' 11""",170 lbs.,"74""",Orthodox,"Mar 21, 1990"
f9b200db02b488d9,12-8-2,4.52,45%,4.71,54%,,1.24,36%,66%,0.3,"5' 9""",155 lbs.,"71""",Orthodox,"Mar 14, 1992"
4d5197f331c47290,8-5-0,3.35,52%,2.62,42%,,1.27,33%,34%,1.0,"5' 4""",115 lbs.,"65""",Orthodox,"Mar 26, 1994"
07a18ae55dfc3cd9,9-9-0,0.00,0%,0.00,0%,,0.00,0%,0%,0.0,"6' 8""",300 lbs.,--,Orthodox,"Sep 17, 1969"
ec18eb918121787c,12-5-0,3.65,53%,1.77,57%,,0.40,25%,30%,0.4,"5' 8""",155 lbs.,"71""",Southpaw,"Aug 15, 1985"
a54fc2d6fc224dc3,21-11-1 (2 NC),2.92,34%,2.55,58%,,3.49,53%,66%,0.8,"5' 8""",155 lbs.,"71""",Orthodox,"Oct 12, 1984"
d6d5da3c209884bc,9-4-0,3.27,29%,4.40,70%,,0.00,0%,0%,0.0,"6' 0""",185 lbs.,--,Orthodox,"Mar 23, 1986"
a148dfe3485be79d,18-5-0 (1 NC),3.39,37%,2.13,54%,,2.46,50%,50%,0.0,"6' 4""",205 lbs.,--,,"Jun 03, 1983"
61428ed51f5ff465,12-17-0,0.00,0%,1.36,50%,,0.00,0%,0%,0.0,"5' 6""",155 lbs.,--,,"Dec 02, 1983"
4679a38cced7c64a,0-1-0,0.00,0%,0.00,0%,,0.00,0%,0%,0.0,"6' 4""",197 lbs.,--,Southpaw,"Sep 13, 1963"
be5cfd73617a5b1a,16-5-0,2.43,36%,1.99,72%,,2.56,52%,57%,1.5,"5' 7""",145 lbs.,"69""",Southpaw,"Jul 16, 1977"
8d4d25fd9218860b,11-2-0,1.47,41%,2.67,48%,,1.00,33%,0%,1.0,"5' 10""",125 lbs.,"72""",Orthodox,"Nov 19, 1993"
51ec9dc3b4964f19,13-5-1,1.60,22%,3.93,39%,,0.00,0%,62%,2.0,"5' 7""",135 lbs.,"71""",Orthodox,"Jul 17, 1994"
5731cc327790b731,17-5-0,1.12,28%,4.91,44%,,3.64,38%,100%,1.5,"5' 11""",155 lbs.,--,Orthodox,"May 31, 1981"
d35c3ed553b71fa2,18-9-0,1.43,42%,5.71,38%,,1.07,20%,0%,0.0,"6' 0""",185 lbs.,--,Orthodox,"Jan 01, 1983"
93c9897f0f9f5dab,2-1-0,2.27,35%,5.67,47%,,0.00,0%,100%,0.0,"5' 9""",135 lbs.,--,Orthodox,"May 21, 1995"
34a81ebbce32b06b,6-1-0,0.00,0%,1.52,0%,,0.00,0%,0%,0.0,"6' 2""",265 lbs.,"70""",Southpaw,"Sep 23, 1993"
0ff11cc094e887bc,14-3-0,6.37,57%,2.33,57%,,5.13,45%,85%,0.4,"6' 1""",240 lbs.,"77""",Orthodox,"Jul 28, 1982"
09c44b317c98bf96,10-10-0,0.00,0%,0.00,0%,,0.00,0%,0%,0.0,"5' 5""",145 lbs.,--,Orthodox,"Oct 19, 1966"
fcce75a25c14a804,15-6-1,2.18,34%,2.31,57%,,0.67,25%,55%,0.5,"6' 0""",170 lbs.,"76""",Southpaw,"Dec 18, 1988"
d23ccf4a6c221284,17-5-0,1.67,44%,2.13,37%,,1.93,25%,31%,1.7,"6' 0""",185 lbs.,"75""",Orthodox,"Jul 03, 1985"
2f1a257d6777096d,9-3-0,2.82,40%,3.82,57%,,1.11,15%,100%,0.6,"5' 8""",155 lbs.,"73""",Orthodox,"Jan 16, 1996"
602bb270f2bdbf02,4-3-0 (1 NC),0.81,33%,1.51,67%,,0.00,0%,60%,0.0,"6' 1""",195 lbs.,--,Orthodox,"Mar 09, 1971"
6e62bb64f7cc5026,14-6-1,0.00,0%,0.00,0%,,0.00,0%,0%,0.0,"5' 11""",185 lbs.,--,,"Nov 17, 1972"
fa315e6c77eee106,15-7-0 (1 NC),3.03,56%,2.81,52%,,0.70,53%,59%,0.2,"6' 3""",230 lbs.,"78""",Orthodox,"Oct 10, 1977"
df0a1c1e11ad199b,2-0-0,0.00,0%,0.00,0%,,0.00,0%,0%,0.0,"5' 7""",135 lbs.,--,Orthodox,--
7c7332319c14094c,23-12-1,4.18,47%,5.34,50%,,0.47,39%,71%,0.8,"5' 8""",135 lbs.,"70""",Switch,"Dec 02, 1992"
07f959e6596307bb,12-4-0,1.53,57%,2.79,49%,,0.00,0%,25%,1.6,"5' 6""",135 lbs.,"69""",Orthodox,"Nov 05, 1987"
2b266e623e20737a,22-1-1,9.27,58%,3.82,50%,,8.18,100%,0%,0.0,"5' 8""",145 lbs.,"68""",Orthodox,"Oct 18, 1995"
d6f58b8cd1a6ff52,5-2-0,3.13,43%,3.53,53%,,0.00,0%,66%,0.0,"5' 4""",115 lbs.,"64""",Orthodox,"Jan 12, 1995"
2b1587a3376ab743,0-1-0,0.00,0%,0.00,0%,,0.00,0%,0%,0.0,"5' 11""",199 lbs.,--,Orthodox,--
c6d8ae3b016d5ad5,4-3-0,0.00,0%,5.55,27%,,0.00,0%,0%,0.0,"5' 7""",155 lbs.,--,Orthodox,"Nov 09, 1977"
0f1efce7d2571d10,14-8-0,2.74,56%,3.43,47%,,0.40,16%,62%,0.4,"6' 1""",170 lbs.,"74""",Orthodox,"Dec 22, 1989"
077e3ace32b72be9,12-7-1,5.02,56%,4.69,53%,,0.00,0%,60%,0.2,"5' 6""",125 lbs.,"68""",Orthodox,"Jun 18, 1991"
c24b1db4b809d41b,7-5-0 (1 NC),0.92,48%,1.87,47%,,1.46,30%,50%,2.5,"6' 1""",170 lbs.,--,Orthodox,"Aug 03, 1973"
13a0fb8fbdafb54f,4-3-0,2.74,60%,2.13,41%,,0.00,0%,0%,0.0,"6' 3""",265 lbs.,--,Southpaw,"Jul 26, 1977"
7acbb0972e75281a,19-10-1,4.74,45%,4.55,56%,,1.41,43%,68%,0.4,"6' 0""",185 lbs.,"74""",Southpaw,"Sep 20, 1993"
f95381efb3051d81,8-4-0,3.05,38%,3.20,57%,,0.22,6%,50%,0.0,"5' 6""",135 lbs.,"67""",Orthodox,"Sep 26, 1982"
393b8e03fb410a78,7-3-0,2.92,40%,2.72,59%,,1.20,66%,77%,0.0,"6' 4""",205 lbs.,--,,--
9673a497a9da119a,13-9-0,2.82,40%,2.74,52%,,0.67,33%,33%,1.5,"5' 5""",115 lbs.,"67""",Orthodox,"Jun 14, 1992"
744f50016c39c26c,12-3-1,3.10,30%,8.28,52%,,0.00,0%,0%,0.0,--,205 lbs.,--,Orthodox,"Dec 02, 1979"
6256b2b1562cb8e1,13-5-0,4.13,39%,3.31,60%,,0.26,33%,57%,0.7,"6' 3""",155 lbs.,"76""",Orthodox,"Feb 23, 1987"
4f3064faf17aa711,7-4-0,2.91,53%,4.46,49%,,0.00,0%,35%,0.7,"5' 6""",135 lbs.,"68""",Orthodox,"Jul 27, 1998"
024158997e7c5829,4-1-0,2.70,66%,2.65,26%,,0.00,0%,60%,0.8,"6' 3""",205 lbs.,"80""",Orthodox,"May 06, 1994"
7cf20446453f852b,13-8-2,1.13,35%,2.36,48%,,2.67,53%,12%,0.7,"6' 0""",145 lbs.,--,Orthodox,"Oct 04, 1978"
f9081770e28ea2e1,13-5-0,3.76,40%,2.89,59%,,1.97,27%,25%,0.8,"5' 7""",135 lbs.,"65""",Orthodox,"Nov 26, 1982"
b9706f80d005036c,16-5-0,2.71,40%,3.73,50%,,1.31,42%,90%,0.5,"5' 8""",135 lbs.,"68""",Orthodox,"Aug 26, 1991"
260e9e0d4954aea6,11-5-0,3.43,54%,4.28,49%,,2.87,22%,60%,0.9,"6' 0""",185 lbs.,"73""",Orthodox,"Sep 25, 1989"
6888e31ce88f5b17,12-6-0,2.19,28%,5.75,44%,,0.00,0%,100%,0.0,"5' 10""",185 lbs.,--,Orthodox,"Feb 14, 1978"
2e88f2030d8a928a,17-5-0,3.93,46%,4.07,67%,,1.00,50%,0%,0.0,"5' 7""",145 lbs.,--,,"Oct 26, 1979"
0275e33febc2818c,1-3-0,0.00,0%,0.00,0%,,0.00,0%,0%,0.0,"5' 9""",185 lbs.,--,,--
fcd448a2fe1a23cc,17-14-0,4.38,44%,5.47,55%,,0.45,23%,83%,0.0,"6' 3""",230 lbs.,"76""",Orthodox,"Aug 18, 1985"
f9d0cae37dabfafc,18-14-0,3.66,38%,7.24,36%,,0.60,50%,100%,0.0,"6' 1""",205 lbs.,"73""",Orthodox,"Apr 04, 1984"
39f68882def7a507,22-28-3,5.18,53%,4.86,35%,,0.00,0%,0%,0.0,"6' 4""",265 lbs.,--,Orthodox,"May 01, 1970"
454c1f0b638972ab,5-2-0,3.23,55%,4.30,52%,,3.23,25%,0%,0.0,"5' 7""",135 lbs.,"66""",Southpaw,"Aug 08, 1989"
34f93dfbd43b2144,12-3-0,2.79,42%,3.25,65%,,2.50,50%,33%,0.0,"5' 7""",155 lbs.,--,,"Jan 26, 1987"
15515e797aedc137,29-10-0,2.05,38%,3.26,52%,,0.71,40%,53%,1.1,"6' 0""",185 lbs.,--,Orthodox,"Oct 17, 1975"
fd87b1bbfcde9d5e,15-5-0,2.86,37%,2.40,68%,,1.71,66%,33%,1.7,"6' 1""",185 lbs.,--,Orthodox,"May 08, 1983"
0fb1e2694a39a02f,10-5-0,3.18,43%,5.42,55%,,2.00,35%,40%,0.3,"6' 0""",170 lbs.,"73""",Orthodox,"Mar 23, 1991"
563a1d42bb0e3cef,10-4-0,0.00,0%,3.56,50%,,0.00,0%,0%,0.0,"6' 1""",185 lbs.,"79""",Orthodox,"Jun 18, 1996"
e363b21261814830,23-11-1,1.93,49%,2.91,47%,,0.00,0%,25%,0.5,"5' 9""",125 lbs.,--,Orthodox,"Dec 05, 1979"
7c4ec656d8fcb867,13-3-0,2.55,45%,3.76,42%,,0.67,20%,0%,0.0,"5' 6""",135 lbs.,"68""",Orthodox,"May 06, 1984"
445a98acb8985970,30-11-0,1.88,49%,3.68,47%,,0.72,33%,86%,0.0,"5' 10""",185 lbs.,--,Orthodox,"Jul 14, 1974"
4959f10a62f3fec3,7-3-0,4.93,50%,2.57,64%,,0.25,33%,66%,0.2,"5' 3""",115 lbs.,"63""",Switch,"Jun 25, 1995"
fb8a3025ae722e64,19-13-0,4.01,35%,5.84,42%,,1.04,50%,66%,0.0,"6' 0""",170 lbs.,"74""",Orthodox,"Apr 26, 1979"
90b57b19d20e1969,8-3-0,4.47,46%,2.87,65%,,1.00,16%,0%,0.0,"5' 8""",145 lbs.,"71""",Orthodox,"Mar 05, 1996"
d73a7c36746fbc5b,7-0-0,9.86,46%,0.00,100%,,0.00,0%,0%,12.3,"6' 4""",265 lbs.,"78""",Southpaw,"Jul 19, 2000"
e1248941344b3288,28-4-0,5.99,57%,3.31,58%,,1.63,34%,68%,0.2,"5' 6""",145 lbs.,"71""",Orthodox,"Sep 29, 1988"
6f81b6de2557739a,19-7-0,1.19,34%,1.78,52%,,3.19,48%,52%,2.0,"5' 9""",155 lbs.,"71""",Southpaw,"Sep 05, 1980"
279566840aa55bf2,40-11-0,4.84,57%,2.90,54%,,0.54,62%,68%,0.2,"6' 7""",250 lbs.,"80""",Orthodox,"Oct 24, 1988"
0e6b611451a9a7d8,12-4-2,6.93,47%,10.00,40%,,0.50,14%,57%,0.0,"5' 3""",135 lbs.,"65""",Orthodox,"Apr 18, 2000"
c4b9296214f4c09c,14-12-1,1.89,36%,3.23,52%,,0.62,16%,58%,1.5,"6' 0""",170 lbs.,--,Orthodox,"Aug 01, 1975"
277ffed20cf07aea,20-11-1,0.00,0%,0.00,100%,,0.00,0%,0%,0.0,--,220 lbs.,--,Orthodox,--
ef0344ed552d8a22,5-3-1,3.87,32%,4.19,51%,,0.00,0%,50%,0.8,"5' 10""",135 lbs.,--,,--
7929be8290289a47,55-10-0 (1 NC),1.59,49%,0.97,63%,,1.19,66%,50%,0.5,"5' 8""",205 lbs.,--,Orthodox,"Aug 06, 1973"
6d38e41efa47a72d,13-4-0,2.11,45%,1.90,58%,,0.63,14%,44%,0.0,"5' 10""",155 lbs.,"73""",Orthodox,"Mar 02, 1996"
6291decf7f3b6608,4-11-0,0.00,0%,0.00,0%,,0.00,0%,0%,0.0,"5' 10""",205 lbs.,--,,"Feb 08, 1972"
c8097968da5e5f13,12-3-0,1.70,53%,1.75,51%,,2.60,51%,55%,1.1,"5' 10""",155 lbs.,"70""",Orthodox,"Sep 30, 1987"
6b7bc7eaf2465387,13-4-0,2.64,50%,8.57,43%,,0.00,0%,50%,0.0,"5' 10""",242 lbs.,--,Orthodox,--
8f2939f5fd9cca1e,16-9-0,2.02,51%,2.39,40%,,3.03,46%,40%,4.8,"5' 11""",170 lbs.,"75""",Orthodox,"Apr 25, 1988"
aeb6c57b9bd8bc3a,11-2-0,1.03,28%,6.72,38%,,7.76,33%,0%,0.0,"6' 1""",185 lbs.,"75""",Orthodox,"Sep 19, 1986"
18944a1a6ac1becf,1-5-0,2.28,31%,4.36,34%,,0.00,0%,0%,0.0,"5' 11""",205 lbs.,--,Southpaw,"Nov 22, 1972"
bd92e38aef641673,2-0-0,3.42,67%,0.45,46%,,1.94,100%,100%,0.0,"6' 1""",215 lbs.,--,Orthodox,"Mar 03, 1962"
e6147d5ab3685899,15-10-0,1.81,37%,3.85,46%,,0.00,0%,57%,1.7,"5' 9""",135 lbs.,--,,"Jan 04, 1980"
c21f26bbde777573,22-10-0 (1 NC),3.90,54%,2.99,46%,,0.36,50%,57%,0.7,"6' 6""",205 lbs.,"82""",Orthodox,"Mar 30, 1992"
4333a8e70a672eb7,8-5-0,1.84,32%,3.32,47%,,1.02,75%,11%,0.0,"5' 4""",125 lbs.,"67""",Switch,"Aug 02, 1988"
f5779a2303ed76ec,15-1-0,2.00,52%,2.85,42%,,5.74,69%,0%,2.5,"6' 6""",244 lbs.,"78""",Orthodox,"Dec 14, 1997"
6add18754930182b,7-3-0,3.72,53%,4.18,42%,,4.07,38%,100%,0.0,"6' 4""",205 lbs.,"78""",Orthodox,"Jul 16, 1999"
1ad381c8994c4e5b,8-7-1,1.47,29%,8.53,29%,,0.00,0%,100%,0.0,"5' 10""",155 lbs.,--,Orthodox,"Mar 25, 1989"
bf41b5131545da12,18-6-1,1.55,44%,2.36,47%,,0.00,0%,42%,0.0,"6' 0""",185 lbs.,--,Orthodox,"Nov 10, 1975"
b9415726dc3ec526,26-15-1,1.13,46%,3.44,45%,,6.00,54%,28%,1.0,"5' 9""",205 lbs.,"72""",Switch,"Nov 21, 1981"
b87c3f460709f74c,4-6-0,0.00,0%,0.00,0%,,0.00,0%,0%,0.0,"5' 9""",--,--,,"Feb 13, 1987"
95cf6be9071e68b0,15-6-0,1.13,38%,4.11,45%,,2.13,50%,0%,0.0,"5' 11""",185 lbs.,"73""",Orthodox,"Mar 01, 1989"
4078de7181a19142,5-2-0,0.52,28%,3.41,35%,,0.00,0%,0%,0.0,"5' 10""",155 lbs.,"69""",Orthodox,"Nov 17, 1992"
0c670b443c3d269f,29-11-0,3.19,26%,6.65,49%,,0.00,0%,100%,0.0,"5' 10""",170 lbs.,--,Orthodox,"Mar 14, 1984"
83c6c3e0f8bde8ee,8-2-0,0.79,100%,1.18,50%,,0.00,0%,0%,0.0,"6' 0""",205 lbs.,--,Orthodox,--
303a05a7aa3ff761,9-5-0,3.84,46%,2.72,58%,,1.55,40%,66%,0.2,"6' 0""",170 lbs.,"73""",Orthodox,"Dec 01, 1988"
b4c96c3d9139bf0e,10-3-0,2.03,19%,2.83,64%,,3.00,54%,100%,1.5,"5' 11""",185 lbs.,--,,"Nov 28, 1988"
d57e6a8971b6d2bd,3-3-0,0.63,41%,2.66,40%,,3.80,66%,0%,1.9,"6' 1""",205 lbs.,--,Orthodox,"Jun 20, 1976"
a1d6b308781aa2f5,5-2-0,0.92,25%,4.31,30%,,1.16,20%,0%,0.0,--,205 lbs.,--,Orthodox,--
476414d2f18cd059,7-8-1 (1 NC),3.43,36%,10.29,62%,,0.00,0%,0%,0.0,"5' 6""",155 lbs.,--,Orthodox,"May 28, 1977"
efb9a43415a56d34,20-6-1,3.17,46%,2.27,53%,,0.00,0%,77%,0.0,"6' 0""",170 lbs.,--,Southpaw,"Jan 14, 1986"
69e8c632135af48b,2-1-0,1.32,26%,1.63,44%,,0.00,0%,33%,0.0,"6' 0""",170 lbs.,--,Orthodox,"Apr 04, 1991"
2997e7fe3c9d3d4a,9-1-0,6.22,56%,2.19,63%,,0.78,75%,84%,0.8,"5' 6""",125 lbs.,"66""",Southpaw,"May 15, 1992"
d538f13ab21d9633,5-2-0,2.95,40%,4.43,60%,,1.17,100%,66%,0.0,"5' 9""",135 lbs.,"71""",Switch,"Nov 16, 1992"
2721bb808bb2523c,13-6-0,2.13,42%,3.44,43%,,2.35,50%,83%,0.9,"6' 0""",155 lbs.,"73""",Orthodox,--
67cd6495280b0a57,14-5-0,7.20,60%,2.76,52%,,0.00,0%,100%,3.6,"5' 10""",170 lbs.,"71""",,"Jun 28, 1988"
e81dd0bb8a64b550,3-3-0,1.64,19%,7.21,53%,,0.00,0%,0%,0.0,"5' 11""",170 lbs.,--,Orthodox,"Dec 17, 1980"
ba5e253af86db1a8,17-9-0,4.02,32%,6.07,50%,,0.50,22%,44%,0.0,"5' 8""",135 lbs.,"71""",Orthodox,"Mar 31, 1986"
c0c1bc0766df4c00,15-6-0,2.15,46%,2.39,52%,,6.14,46%,60%,0.0,"5' 6""",135 lbs.,--,Orthodox,"Oct 31, 1976"
c4c4c7dd26c15d91,18-17-1,1.16,21%,4.63,57%,,0.00,0%,0%,0.0,"6' 0""",185 lbs.,--,Orthodox,"Jun 05, 1974"
1e47dba648ea438c,3-3-0,0.00,0%,0.00,0%,,0.00,0%,0%,0.0,"5' 10""",155 lbs.,--,Southpaw,--
8a19676a3388845a,2-14-0,0.40,31%,3.53,46%,,0.00,0%,20%,0.0,"6' 0""",186 lbs.,--,,"Dec 11, 1989"
2abe38b81d68a24a,8-13-3 (1 NC),0.60,40%,3.40,35%,,1.00,100%,37%,0.0,"6' 4""",220 lbs.,--,Orthodox,"Jan 31, 1976"
951ffadfc4e917ea,0-1-0,0.62,50%,0.94,0%,,0.00,0%,14%,0.0,"5' 6""",139 lbs.,--,,"May 18, 1983"
efaf544314bb5c2e,16-6-2,0.84,50%,1.37,42%,,4.19,69%,50%,2.8,"6' 2""",280 lbs.,--,Orthodox,"Nov 23, 1965"
103e2e67919379c5,1-2-0,0.00,0%,0.00,0%,,0.00,0%,0%,0.0,"6' 0""",170 lbs.,--,,"Feb 08, 1985"
2de91c2244ad7e89,9-5-0,0.48,23%,2.53,39%,,4.07,52%,28%,0.0,"6' 1""",170 lbs.,"79""",Orthodox,"Apr 11, 1989"
31dbfbe4e7a6727c,9-2-0,6.39,44%,5.83,55%,,0.40,33%,85%,0.8,"6' 5""",170 lbs.,"77""",Orthodox,"Feb 21, 1995"
eb04b9d31e938edb,18-13-0,3.42,46%,4.25,48%,,1.39,33%,69%,0.6,"5' 3""",115 lbs.,"62""",Orthodox,"Jan 06, 1986"
1836639ecf9b6e7f,2-2-0,0.13,18%,0.73,62%,,2.00,40%,60%,1.0,--,155 lbs.,--,,--
117580b232409824,5-1-0,5.45,62%,7.64,61%,,0.00,0%,0%,0.0,--,185 lbs.,--,,--
d7b2c0b53883ee80,13-8-1,3.67,35%,3.25,62%,,0.00,0%,100%,0.0,"6' 0""",155 lbs.,--,Southpaw,"Aug 09, 1979"
a31dfd9e8b2dc6ca,4-2-0,0.93,37%,1.60,22%,,2.00,100%,33%,0.0,--,155 lbs.,--,,"Sep 22, 1984"
92aafa8f4b26269b,14-10-0,2.10,29%,3.79,43%,,0.00,0%,61%,1.4,"5' 11""",135 lbs.,"75""",Orthodox,"Jul 16, 1984"
6809c31286b08d97,17-9-0,4.01,44%,4.41,50%,,0.15,7%,43%,0.0,"6' 1""",185 lbs.,"73""",Orthodox,"Jul 13, 1982"
a99d4aa689bdca18,3-1-0,0.00,0%,0.00,0%,,0.00,0%,0%,0.0,--,185 lbs.,--,,--
7c9f96f9a6a5cd50,15-6-0,4.78,64%,4.35,46%,,0.41,10%,66%,0.4,"6' 0""",155 lbs.,"73""",Southpaw,"Dec 05, 1991"
f40ec51dd4de47c3,9-2-0 (1 NC),1.47,30%,2.27,64%,,2.50,31%,40%,1.0,"5' 10""",170 lbs.,--,Orthodox,"Apr 28, 1989"
d44a84409bf0da64,2-2-0,0.91,80%,3.85,15%,,6.79,40%,0%,0.0,"5' 6""",135 lbs.,--,,--
b9c03e7a4557e542,4-1-0,1.10,60%,2.45,49%,,3.38,81%,0%,0.0,"5' 7""",135 lbs.,"67""",Orthodox,"Nov 15, 1986"
326a001926ffb7ec,5-3-0,4.49,51%,4.56,51%,,2.00,30%,100%,0.0,"5' 11""",170 lbs.,"72""",Orthodox,"Nov 23, 1993"
69888118d968ba52,11-3-0,5.25,64%,3.34,61%,,4.77,40%,100%,0.0,"5' 8""",135 lbs.,"69""",Orthodox,"May 05, 1994"
7b9dade6bedaabbe,39-9-0,5.71,42%,4.05,61%,,0.84,50%,83%,0.0,"5' 10""",145 lbs.,"70""",,"Nov 22, 1984"
3a8176e15b9887c1,16-8-0,3.11,45%,3.37,51%,,3.27,42%,72%,0.8,"6' 2""",185 lbs.,"78""",Orthodox,"Jun 17, 1984"
9ccdd2ce45903f34,21-18-1,1.54,56%,2.50,38%,,0.80,50%,25%,2.4,"6' 2""",185 lbs.,--,Southpaw,"Sep 19, 1967"
f1b2a4365799c48b,8-5-0,3.12,27%,3.04,56%,,1.22,42%,45%,1.2,"6' 2""",234 lbs.,"77""",Orthodox,"Sep 13, 1975"
2e45d08b3f2f02c8,10-2-0,4.58,55%,4.23,52%,,0.00,0%,46%,0.0,"5' 10""",135 lbs.,"71""",Switch,"Jun 04, 1994"
d66a46de8d705353,13-4-1,2.35,46%,1.28,48%,,3.06,46%,50%,1.3,"5' 9""",170 lbs.,"74""",Switch,"Oct 30, 1986"
492b202d2064e7a9,24-9-1,3.59,52%,2.64,55%,,1.75,31%,31%,1.2,"6' 4""",231 lbs.,"77""",Orthodox,"Jul 30, 1977"
b51841e7c594090d,15-8-0,1.82,56%,6.43,22%,,6.29,50%,0%,0.0,"6' 0""",260 lbs.,--,Orthodox,"Dec 02, 1977"
5f5763b3a4de8dd4,6-6-0,0.00,0%,0.00,0%,,0.00,0%,0%,0.0,"5' 11""",170 lbs.,--,,--
ec2d13a87d3d9541,10-3-1,2.26,40%,3.73,37%,,3.23,37%,14%,0.0,"6' 1""",170 lbs.,"71""",Southpaw,"Aug 20, 1984"
1ce7998e0a215caa,9-5-0 (1 NC),2.27,32%,4.33,45%,,0.00,0%,77%,0.0,--,170 lbs.,--,,"Jan 11, 1979"
e57f0b06ea39e360,14-5-0,1.88,22%,3.16,59%,,0.87,37%,33%,2.6,"5' 6""",135 lbs.,"67""",Orthodox,"Oct 11, 1978"
12458872d6afae1b,26-33-2,2.11,38%,2.20,54%,,0.88,28%,44%,0.0,"6' 0""",205 lbs.,--,Southpaw,"Dec 03, 1971"
d181689653115b6a,1-4-0,0.00,0%,0.00,0%,,0.00,0%,0%,0.0,"5' 11""",175 lbs.,--,,--
c17041f1bb5768d8,13-6-0,3.76,42%,3.07,60%,,0.92,28%,71%,0.5,"6' 0""",155 lbs.,"71""",Southpaw,"Oct 22, 1988"
3dd949593346dbc3,14-9-0,1.23,40%,3.28,39%,,0.00,0%,50%,0.8,"6' 2""",170 lbs.,"76""",Orthodox,"Jul 01, 1990"
4debc6c4c6249690,9-2-0,9.77,49%,6.28,60%,,0.00,0%,50%,0.0,"6' 0""",155 lbs.,"72""",Orthodox,"Jun 11, 1993"
1dafccb62a0f98ec,14-4-0,2.33,46%,1.99,62%,,1.90,30%,45%,0.0,"5' 9""",145 lbs.,"69""",Southpaw,"Apr 12, 1983"
22d1e00e1aabb7c9,27-8-0,1.62,33%,2.36,59%,,3.59,43%,77%,0.3,"6' 1""",205 lbs.,--,Orthodox,"Jun 29, 1981"
129537073431e52e,7-3-0,3.72,48%,4.04,46%,,0.00,0%,27%,0.9,"6' 0""",155 lbs.,"72""",Orthodox,"Dec 13, 1980"
b6debbda44d4a5a0,17-27-0 (1 NC),0.00,0%,0.00,0%,,0.00,0%,0%,0.0,"5' 9""",185 lbs.,--,,"Jul 12, 1981"
b3d21b2610dcfaeb,4-5-0,2.50,31%,2.98,54%,,1.90,66%,70%,0.5,"5' 5""",125 lbs.,"63""",Orthodox,"May 24, 1991"
e1147d3d2dabe1ce,27-9-0,4.39,43%,3.36,59%,,0.73,38%,82%,0.0,"6' 0""",205 lbs.,"73""",Orthodox,"Dec 20, 1990"
13935768cf8aeb86,12-6-0,0.65,60%,6.52,41%,,0.00,0%,80%,0.0,"5' 9""",155 lbs.,"69""",Switch,"Oct 04, 1994"
efa1f6b42c86793c,10-2-0,1.68,38%,1.87,48%,,0.41,33%,58%,0.4,"6' 5""",250 lbs.,"81""",Orthodox,"Feb 05, 1992"
a6c2f5381d575920,1-5-0,0.00,0%,0.00,0%,,0.00,0%,0%,0.0,"5' 10""",170 lbs.,--,Southpaw,"Oct 24, 1965"
60884f31ead1609c,11-2-0,1.27,58%,5.47,31%,,1.91,20%,0%,0.0,"6' 3""",250 lbs.,--,Southpaw,"Feb 10, 1978"
6902fcf0610dd303,18-3-2,3.40,44%,3.87,46%,,0.00,0%,41%,2.5,"5' 10""",135 lbs.,"72""",Orthodox,"Sep 10, 1996"
4a482a0100cfcd0a,14-7-0 (1 NC),3.82,28%,2.63,71%,,1.43,16%,100%,0.0,"5' 6""",155 lbs.,--,Orthodox,"Mar 12, 1979"
781014fb7e8e647a,19-11-0,1.00,54%,2.00,72%,,0.00,0%,0%,0.0,"5' 9""",145 lbs.,--,,"Apr 12, 1982"
338a11d3674eb2d4,11-7-0,0.00,0%,0.00,100%,,7.32,100%,0%,0.0,"5' 10""",155 lbs.,--,Orthodox,"Jan 31, 1987"
cfaf010d5b389c09,9-4-0,2.35,38%,3.70,35%,,0.92,14%,55%,0.9,"5' 7""",145 lbs.,"66""",Orthodox,"Sep 15, 1987"
826475cc758e60e6,11-2-0,2.74,50%,5.66,39%,,4.47,25%,0%,0.0,"6' 3""",185 lbs.,"80""",Orthodox,"Feb 22, 1992"
852454c572675334,7-4-0,1.82,45%,2.03,50%,,1.27,22%,66%,3.8,"6' 1""",170 lbs.,"75""",Orthodox,"May 04, 1978"
b63e800c18e011b5,7-1-0,0.00,0%,0.00,0%,,0.00,0%,0%,0.0,"6' 1""",275 lbs.,--,Orthodox,"Dec 19, 1969"
6291ac0a3726732f,12-6-0,0.61,62%,2.77,40%,,1.84,40%,16%,0.9,"6' 3""",235 lbs.,--,Orthodox,"Jul 10, 1975"
6f812143641ceff8,0-1-0,0.00,0%,1.39,60%,,0.00,0%,0%,0.0,"6' 1""",185 lbs.,--,Orthodox,"Apr 09, 1976"
b8e2f10efb6eca85,4-5-0,1.55,36%,2.32,58%,,2.90,33%,100%,0.0,"6' 1""",265 lbs.,--,Orthodox,"Mar 30, 1980"
39330403ad27c2bb,8-6-0,4.12,51%,4.12,52%,,2.71,41%,100%,0.5,"5' 8""",135 lbs.,"73""",Orthodox,"Sep 07, 1981"
990bd63726a577f8,15-5-0,3.07,38%,3.55,48%,,1.81,40%,100%,0.0,"6' 2""",185 lbs.,"76""",Orthodox,"Jul 03, 1986"
e26bd53b751d61d9,9-6-0 (1 NC),5.83,50%,5.46,35%,,1.11,50%,85%,0.0,"6' 1""",185 lbs.,"75""",Southpaw,"Oct 13, 1990"
f9a20a17d712ef7c,11-3-0,0.31,27%,5.34,23%,,0.00,0%,25%,0.0,"6' 0""",170 lbs.,"73""",Orthodox,"Dec 15, 1983"
2558ae2e5671e318,16-5-0,4.97,39%,5.34,41%,,0.00,0%,51%,0.0,"6' 0""",170 lbs.,"77""",Orthodox,"Mar 30, 1994"
d35f734c56a89103,10-2-0,2.68,48%,2.15,55%,,4.20,48%,100%,0.2,"6' 3""",235 lbs.,"79""",Orthodox,"Jan 06, 1990"
95883dbdab4fcf0f,0-5-0,0.00,0%,0.00,0%,,0.00,0%,0%,0.0,--,--,--,,--
ce1e867808ef5fce,8-2-0,3.37,59%,2.57,57%,,0.96,66%,36%,0.0,"6' 1""",264 lbs.,"78""",Southpaw,"Jul 19, 1987"
a56607a451e4c70d,18-10-0 (1 NC),2.32,50%,1.36,55%,,1.31,50%,60%,1.6,"6' 1""",170 lbs.,"75""",Orthodox,"Jun 07, 1977"
9cc84087ee768342,2-3-0,0.00,0%,0.00,0%,,0.00,0%,0%,0.0,--,155 lbs.,--,,"Oct 02, 1988"
cd01f0b768a32475,7-3-0,2.92,48%,5.65,56%,,0.37,100%,80%,0.0,"6' 2""",205 lbs.,"75""",Southpaw,"Jul 17, 1987"
b8e6393c39cb9740,36-29-0,1.01,31%,5.88,62%,,0.00,0%,0%,0.0,"5' 8""",145 lbs.,--,,"Oct 20, 1982"
7b3503352cd53abb,17-10-0,1.57,31%,6.71,30%,,1.57,16%,33%,7.9,"6' 1""",145 lbs.,"73""",Southpaw,"Jan 24, 1989"
81254702b51cc832,9-3-0,7.56,49%,8.27,52%,,0.00,0%,0%,0.0,"5' 9""",145 lbs.,"69""",Switch,"Apr 29, 1993"
eb29176b03dfa888,16-10-0,3.17,50%,3.57,51%,,2.13,37%,56%,1.5,"5' 10""",155 lbs.,"68""",Orthodox,"Sep 19, 1983"
fc9a9559a05f2704,24-16-1,3.40,29%,3.76,68%,,0.34,33%,86%,0.1,"5' 7""",135 lbs.,"69""",Orthodox,"Jun 26, 1984"
483a953b18d73bb3,7-3-0,4.55,44%,6.21,46%,,4.28,52%,40%,0.0,"5' 6""",185 lbs.,"70""",Orthodox,"Jun 13, 1989"
b45d6b73f4ca4467,21-11-2,2.52,33%,4.57,51%,,0.00,0%,74%,0.0,"5' 11""",155 lbs.,"73""",Orthodox,"Nov 09, 1981"
b34976c022b24568,6-0-0,0.00,0%,0.00,0%,,0.00,0%,0%,0.0,--,238 lbs.,--,,"Sep 14, 1995"
53f84637dfffab7a,26-9-1,1.42,47%,2.08,56%,,0.00,0%,27%,0.9,"5' 8""",145 lbs.,--,Southpaw,"Jul 25, 1984"
cd12227edd3f134b,28-15-1,2.32,52%,4.86,42%,,1.57,40%,78%,0.3,"6' 0""",170 lbs.,--,Orthodox,"Oct 25, 1981"
5f3805dda9661cba,19-9-0,2.15,44%,2.54,52%,,6.90,48%,100%,0.9,"5' 10""",170 lbs.,"70""",Orthodox,"Nov 07, 1986"
7f9f528cb72a6ed1,75-21-0 (1 NC),0.48,30%,4.03,41%,,4.84,57%,44%,1.2,"6' 3""",205 lbs.,--,Orthodox,"Mar 15, 1978"
ea0ad155451ed1f5,0-1-0,0.00,0%,0.00,0%,,0.00,0%,0%,0.0,--,--,--,,--
b99b3620839ea911,9-2-0,2.67,65%,0.87,62%,,2.00,66%,100%,1.0,"5' 2""",115 lbs.,--,Orthodox,"Dec 09, 1994"
a7e3f02fe2b2fe30,1-1-0,2.37,25%,4.57,47%,,0.00,0%,77%,0.5,"5' 11""",145 lbs.,"70""",Orthodox,"Sep 08, 1983"
aa79d5399571068e,7-5-0,0.47,33%,10.91,19%,,0.00,0%,0%,0.0,"5' 9""",170 lbs.,--,Orthodox,"Oct 18, 1975"
daa89f01e1c0f42a,0-1-0,0.00,0%,0.00,0%,,0.00,0%,0%,0.0,"5' 7""",165 lbs.,--,,--
751aa58b7fb03c74,14-6-0,5.02,39%,5.82,60%,,0.00,0%,66%,0.0,"5' 10""",135 lbs.,"71""",Orthodox,"Jun 24, 1995"
12f91bfa8f1f723b,17-8-0,7.10,51%,4.89,51%,,1.52,55%,58%,0.3,"5' 6""",125 lbs.,"65""",Orthodox,"Dec 23, 1985"
329e403448756217,23-6-0,5.64,51%,4.25,54%,,1.35,48%,73%,0.5,"5' 6""",145 lbs.,"69""",Orthodox,"May 08, 1993"
7a47e068f8017019,7-2-0,1.60,35%,4.93,36%,,1.92,100%,50%,0.0,"5' 8""",170 lbs.,"74""",Orthodox,"Aug 10, 1993"
effd9de9937996f8,19-7-1,2.36,48%,2.76,54%,,1.06,40%,87%,0.4,"5' 9""",170 lbs.,"74""",Orthodox,"Apr 07, 1982"
8de471543d9c933e,8-17-0,0.00,0%,0.00,0%,,0.00,0%,0%,0.0,"5' 11""",170 lbs.,--,,"Feb 05, 1985"
133a9d2e6efd8a50,5-1-0,0.00,0%,0.00,0%,,0.00,0%,0%,0.0,--,185 lbs.,--,,"May 30, 1994"
4682bc59d5f55145,13-2-1,5.57,46%,4.18,58%,,0.58,55%,84%,0.3,"6' 2""",145 lbs.,"78""",Orthodox,"Jun 07, 1992"
de3ed2e152520c8d,13-10-0,0.00,0%,0.00,0%,,0.00,0%,0%,0.0,"5' 11""",230 lbs.,--,Orthodox,"Jun 11, 1963"
8fb808fc2e145bd6,7-3-0,0.00,0%,0.00,0%,,0.00,0%,0%,0.0,--,185 lbs.,--,,--
78e501478a36a018,16-9-0,4.18,48%,4.45,46%,,0.00,0%,57%,0.7,"5' 11""",155 lbs.,"74""",Orthodox,"Oct 15, 1986"
eb6edce3028f05c0,5-1-0,1.76,48%,3.12,28%,,4.07,66%,0%,2.0,"6' 0""",170 lbs.,--,Orthodox,--
e78f601035d677f2,13-2-0,3.43,35%,2.07,64%,,0.00,0%,100%,0.0,"6' 2""",265 lbs.,--,Orthodox,"Apr 27, 1987"
2a0b19a96f848eff,1-0-0,0.00,0%,0.00,0%,,0.00,0%,0%,0.0,--,130 lbs.,--,,"Jan 12, 1976"
7182146226dabe22,8-5-1,0.00,0%,0.00,0%,,0.00,0%,0%,0.0,--,--,--,,--
c878270af633eb11,12-5-0 (1 NC),4.10,56%,6.03,31%,,2.09,45%,100%,0.4,"6' 2""",205 lbs.,"77""",Orthodox,"Oct 07, 1991"
aac6edb0d5e0b7e9,12-4-0,3.47,43%,4.07,43%,,3.00,25%,33%,0.0,"5' 9""",155 lbs.,--,,"Oct 14, 1987"
fdbefee0827e1567,13-6-0,4.23,41%,4.95,49%,,0.62,30%,63%,0.2,"5' 8""",135 lbs.,"66""",Orthodox,"Apr 18, 1996"
2296125b6c362355,20-9-0,1.61,42%,3.02,56%,,3.28,42%,77%,0.4,"5' 9""",135 lbs.,"69""",Orthodox,"Mar 01, 1989"
78f4cad9548b79e1,10-1-0,0.00,0%,0.00,0%,,0.00,0%,0%,0.0,--,115 lbs.,--,,"Sep 03, 2000"
2d077e22886298be,29-12-1,0.41,50%,2.84,41%,,6.08,50%,0%,0.0,"5' 9""",145 lbs.,"70""",Orthodox,"Apr 09, 1990"
e6dac752a2418a88,5-3-0,0.77,42%,1.82,21%,,2.10,40%,25%,1.1,"6' 3""",220 lbs.,--,Orthodox,"Sep 08, 1974"
86bace9e4ad85542,27-11-0,5.06,47%,3.85,50%,,0.74,27%,82%,0.0,"5' 8""",135 lbs.,"70""",Orthodox,"Apr 13, 1998"
e415ea6f8d41c917,15-6-0,4.10,44%,2.81,59%,,2.60,42%,40%,0.0,"5' 11""",145 lbs.,"71""",Orthodox,"Feb 28, 1998"
2cdb479a0ef0ee1d,19-3-0,4.53,34%,8.13,38%,,0.00,0%,75%,0.0,"5' 4""",115 lbs.,"63""",Switch,"Jan 12, 1988"
85248da6e9e2f7e7,8-4-0,3.08,39%,2.55,63%,,0.00,0%,66%,0.0,"6' 1""",185 lbs.,--,Orthodox,"Nov 29, 1983"
cc84b68f862b466f,16-7-1,3.13,30%,5.77,42%,,0.00,0%,62%,1.0,"5' 7""",145 lbs.,--,Orthodox,"Mar 23, 1979"
94527830000ab715,28-12-1 (1 NC),1.71,38%,2.08,50%,,2.73,30%,29%,1.8,"5' 6""",135 lbs.,"67""",Orthodox,"Sep 12, 1984"
3753714927f18437,12-6-0,3.50,39%,6.39,43%,,0.50,20%,42%,0.5,"5' 9""",145 lbs.,"73""",Switch,"May 23, 1994"
95aff2fd8d09a5f0,10-0-0,8.64,68%,2.22,59%,,11.11,75%,100%,7.4,"6' 2""",205 lbs.,"78""",Orthodox,"Jan 03, 2001"
d06f8869449ba7bd,24-10-1,1.74,47%,2.41,58%,,1.66,35%,72%,0.1,"6' 3""",155 lbs.,"74""",Southpaw,"Jul 18, 1984"
6014d25e73b669c9,45-35-10,0.00,0%,0.00,0%,,0.00,0%,0%,0.0,"5' 11""",185 lbs.,--,Southpaw,"Jul 12, 1972"
9f488f520ed25bbf,5-12-2,0.30,46%,1.93,38%,,0.00,0%,10%,0.3,"6' 0""",170 lbs.,--,Orthodox,"Jul 11, 1976"
eed2b71d77d95416,14-25-1,1.65,38%,3.05,53%,,1.00,20%,50%,0.6,"6' 2""",220 lbs.,--,Southpaw,"Jul 04, 1970"
351264d11286d09a,19-11-3,1.97,39%,1.27,70%,,1.12,33%,100%,0.0,"5' 6""",139 lbs.,--,Orthodox,"Oct 02, 1980"
4834ff149dc9542a,18-6-0 (2 NC),2.09,45%,2.01,57%,,0.41,22%,45%,0.0,"5' 4""",135 lbs.,"66""",Southpaw,"Mar 15, 1977"
283645128ae57eda,13-3-0 (1 NC),2.10,26%,3.54,63%,,0.00,0%,100%,0.0,"5' 11""",135 lbs.,--,,"Oct 24, 1978"
9e1a7101fefe9746,21-3-0,1.66,54%,1.01,66%,,0.00,0%,0%,4.3,"5' 10""",145 lbs.,--,,"Jan 05, 1993"
d8bf3df51ff3a270,7-2-0,4.01,52%,3.57,62%,,0.00,0%,66%,0.0,"5' 6""",125 lbs.,"68""",Orthodox,"Jun 22, 1999"
d1d20e651e6cbc02,15-12-3,0.57,25%,1.57,47%,,4.50,50%,100%,1.0,"5' 8""",139 lbs.,--,Southpaw,"May 25, 1977"
c41d426cc7326d1b,19-5-0 (1 NC),4.69,45%,3.23,60%,,0.84,73%,64%,0.0,"5' 5""",115 lbs.,"63""",Orthodox,"Jun 16, 1989"
d661ce4da776fc20,20-5-0,5.16,54%,4.24,59%,,1.70,49%,86%,0.1,"5' 7""",135 lbs.,"67""",Switch,"Feb 11, 1993"
5c9c2e247c836b67,25-5-0,4.38,46%,5.06,54%,,3.68,69%,62%,0.0,"5' 3""",125 lbs.,"62""",Orthodox,"Oct 21, 1996"
7c592bf20095fd17,8-2-0,0.30,33%,3.32,42%,,0.00,0%,100%,4.5,"5' 8""",145 lbs.,"68""",Orthodox,"Oct 16, 2000"
0a95c474e61a6c44,9-1-0,0.18,8%,6.14,36%,,0.00,0%,25%,0.0,"5' 9""",185 lbs.,"74""",Orthodox,"Aug 07, 1988"
0232cabbc30a2372,17-6-1,5.96,41%,5.24,56%,,0.00,0%,75%,0.0,"5' 7""",135 lbs.,"70""",Orthodox,"Nov 29, 1993"
aed06011bf62237b,13-3-0,3.55,51%,3.21,63%,,1.70,41%,61%,0.5,"5' 10""",185 lbs.,"73""",Southpaw,"Dec 07, 1984"
d3c554d6e11fc9d6,11-4-1,1.40,26%,2.07,65%,,1.00,25%,33%,0.0,"5' 7""",145 lbs.,--,Orthodox,"Nov 27, 1988"
450bcab0968562c4,10-5-0,3.56,49%,4.07,62%,,0.00,0%,80%,0.0,"5' 7""",135 lbs.,"70""",Southpaw,"Jul 07, 1994"
d56caaa5e123f518,2-4-1,0.00,0%,0.00,0%,,0.00,0%,0%,0.0,"5' 9""",198 lbs.,--,Orthodox,"Jul 11, 1975"
2299605af59fd309,1-2-0,0.00,0%,0.00,0%,,0.00,0%,0%,0.0,"6' 8""",770 lbs.,--,Open Stance,"Sep 05, 1960"
a0b91014e9d16a76,8-3-0,3.16,27%,10.00,72%,,0.00,0%,0%,0.0,"6' 1""",185 lbs.,--,Orthodox,"Dec 27, 1986"
49e7e05f902479ca,2-4-0,2.70,73%,0.85,60%,,0.75,14%,0%,0.0,"6' 4""",310 lbs.,--,Orthodox,"Oct 09, 1963"
620be7e0712d431b,0-2-0,0.00,0%,5.57,48%,,0.00,0%,0%,0.0,"6' 1""",165 lbs.,--,Orthodox,"Jul 19, 1956"
920632ca1b78fae5,4-6-0,0.00,0%,0.00,0%,,0.00,0%,0%,0.0,"5' 9""",185 lbs.,--,,--
cc2fcae2c0dc501d,24-13-1 (1 NC),2.87,41%,5.50,54%,,0.00,0%,81%,0.0,"5' 7""",145 lbs.,"69""",Southpaw,"Nov 13, 1989"
a78dc3910554dbae,18-7-0,4.31,43%,4.58,52%,,4.12,40%,78%,0.0,"5' 5""",125 lbs.,"66""",Southpaw,"Jan 01, 1997"
3f11fd1751fa83b1,26-6-0,3.25,47%,2.88,49%,,3.42,33%,64%,0.9,"5' 7""",145 lbs.,"71""",Orthodox,"Jan 08, 1997"
b4c6c904a9ffc5e8,8-9-0,3.42,39%,4.13,47%,,1.09,27%,66%,0.6,"5' 7""",115 lbs.,"69""",Southpaw,"Oct 20, 1987"
35585d970300d45a,11-5-0,1.52,33%,3.42,38%,,1.87,41%,66%,0.4,"5' 11""",205 lbs.,--,Orthodox,"Jun 08, 1978"
a8e8587a06e73c87,25-7-3,0.67,31%,1.13,57%,,0.00,0%,0%,0.0,"5' 8""",154 lbs.,--,Orthodox,"Apr 03, 1978"
40eb2aef4d5577d4,0-1-0,0.00,0%,0.00,0%,,0.00,0%,0%,0.0,--,135 lbs.,--,,--
00b490982afd1b17,8-2-0,4.83,65%,6.11,40%,,0.53,100%,69%,0.5,"6' 0""",170 lbs.,"74""",Orthodox,"Jan 18, 1990"
a44020ea2e8cd026,9-1-0,6.36,58%,4.99,56%,,0.00,0%,50%,0.0,"5' 7""",145 lbs.,"71""",Orthodox,"Jan 21, 1994"
ad99fa5325519169,9-9-0,0.99,36%,2.33,51%,,1.60,29%,33%,1.3,"6' 0""",185 lbs.,--,Orthodox,"Aug 24, 1972"
29ab96eae72bad9f,8-3-1,5.70,48%,2.15,64%,,1.90,28%,100%,0.0,"5' 8""",145 lbs.,"70""",Orthodox,"May 10, 1994"
ab8900ae1f1dfd4c,18-9-0,0.85,36%,3.67,36%,,1.41,28%,25%,2.8,"5' 11""",170 lbs.,"70""",Southpaw,"May 10, 1974"
2eae41f61776c60f,6-8-1,1.05,36%,1.89,62%,,1.09,33%,71%,2.2,"5' 11""",225 lbs.,--,Orthodox,"Sep 03, 1969"
2e517966267a468a,6-2-0,4.32,50%,4.96,54%,,0.00,0%,100%,0.0,"5' 9""",125 lbs.,"69""",Southpaw,"Oct 10, 1999"
a474aade8eb3a8f0,16-4-0 (2 NC),2.15,47%,2.01,68%,,4.26,47%,66%,0.4,"5' 6""",135 lbs.,"65""",Orthodox,"Dec 11, 1995"
79ff6545b0abc685,7-9-1,2.83,26%,6.33,51%,,2.50,100%,0%,0.0,"5' 9""",135 lbs.,--,Orthodox,"Sep 15, 1985"
8d4943a9ce9f521b,10-12-0,0.00,0%,0.00,0%,,0.00,0%,0%,0.0,--,205 lbs.,--,,"Jul 16, 1980"
bf5183e1c1afc3b2,11-9-0,1.43,22%,5.13,50%,,1.13,20%,0%,1.1,"5' 6""",145 lbs.,--,Orthodox,"Jun 19, 1976"
f59e9e49ef85b469,9-6-0,2.97,37%,3.20,50%,,1.98,66%,55%,0.0,"5' 9""",145 lbs.,"73""",Orthodox,"Jun 28, 1986"
4cd8b03aee1d0138,13-8-0,5.19,40%,5.46,52%,,0.63,18%,64%,0.0,"5' 8""",145 lbs.,"72""",Orthodox,"Jul 31, 1993"
568bbad0eaced57c,9-6-0,3.18,47%,4.88,43%,,0.00,0%,53%,0.6,"5' 7""",125 lbs.,"65""",Orthodox,"Feb 20, 1991"
b2a78df161bd67f9,11-3-0,6.32,52%,5.12,49%,,0.75,30%,76%,0.0,"5' 9""",155 lbs.,"70""",Orthodox,"Jul 14, 2000"
98ec9f385cca47fc,7-4-0,3.14,53%,3.98,38%,,1.33,66%,50%,0.0,"5' 11""",170 lbs.,--,Orthodox,"Mar 25, 1985"
67ec58d7cf599835,0-1-0,0.00,0%,0.00,0%,,0.00,0%,0%,0.0,"5' 11""",220 lbs.,--,,--
42078a86d3dd037b,9-5-0,1.37,41%,2.55,31%,,2.94,100%,0%,0.0,"6' 1""",185 lbs.,--,Orthodox,"May 05, 1980"
94426bb170c88115,13-5-0,5.27,49%,4.29,53%,,0.36,23%,62%,0.4,"5' 9""",155 lbs.,"71""",Orthodox,"May 19, 1993"
d29b5c4f22c6357d,39-16-1 (1 NC),1.05,47%,1.78,50%,,0.00,0%,25%,1.0,"6' 2""",225 lbs.,"77""",Orthodox,"Jun 30, 1976"
2284092f8b63273b,14-4-0,4.56,32%,4.46,62%,,0.74,33%,80%,0.0,"6' 2""",185 lbs.,"74""",Orthodox,"Dec 19, 1981"
8c822811eedc11ad,7-3-0,2.99,64%,2.31,52%,,6.11,60%,0%,0.0,"5' 11""",170 lbs.,--,Orthodox,"May 10, 1987"
24656ef4d605c96f,14-3-0,4.47,48%,4.11,68%,,0.12,14%,83%,0.0,"5' 8""",135 lbs.,"68""",Orthodox,"Nov 19, 1987"
6b614bda982f5214,10-3-0,0.00,0%,0.00,0%,,0.00,0%,0%,0.0,--,205 lbs.,--,,"Mar 16, 1993"
52c2ae6d2f2d2613,18-6-1,2.78,50%,1.79,64%,,1.84,31%,55%,1.3,"5' 10""",145 lbs.,"72""",Switch,"Sep 04, 1996"
8adcbd525fab8d9b,25-10-1,4.16,41%,3.56,55%,,0.79,20%,67%,0.4,"5' 11""",170 lbs.,"73""",Orthodox,"Dec 11, 1986"
cc3878d1ab41a5fa,10-7-0,0.87,56%,6.67,20%,,0.00,0%,26%,0.0,"5' 7""",145 lbs.,"69""",Southpaw,"Dec 14, 1989"
fe5ca7ef93c3f6a7,4-2-0,2.60,51%,2.13,36%,,0.00,0%,81%,1.4,"5' 11""",170 lbs.,--,Southpaw,"May 09, 1986"
abcf7e55a0a9ed89,20-9-0 (1 NC),5.02,34%,5.93,50%,,0.73,42%,73%,0.0,"5' 9""",170 lbs.,--,Orthodox,"Jul 30, 1980"
3bb2dc8e87b10a46,17-7-0,3.84,41%,4.54,55%,,0.97,33%,57%,1.7,"6' 0""",170 lbs.,"75""",Orthodox,"Aug 01, 1990"
04ff3a711504d6b3,8-0-0,15.67,60%,4.80,58%,,2.00,100%,0%,0.0,"5' 10""",155 lbs.,"68""",Orthodox,"Jan 02, 1995"
fd7ab338e4953644,11-5-0,3.72,28%,12.82,45%,,0.00,0%,0%,0.0,"5' 8""",145 lbs.,"68""",Orthodox,"Oct 22, 1996"
be4076c9e8d791e3,21-9-0,0.83,36%,2.60,48%,,0.50,5%,50%,1.0,"5' 11""",170 lbs.,--,Orthodox,"Jan 15, 1986"
4148802ae4a50768,15-4-0,5.45,38%,6.17,54%,,0.14,25%,81%,0.3,"6' 1""",155 lbs.,"77""",Switch,"Jul 07, 1999"
3794e5e0bb0defb6,4-3-0,0.61,9%,4.65,61%,,0.00,0%,0%,0.0,"6' 2""",205 lbs.,--,Orthodox,"Sep 09, 1976"
c879d8620261b1a3,14-2-0,1.67,32%,4.07,33%,,0.00,0%,0%,0.0,"5' 7""",125 lbs.,"67""",Orthodox,"Feb 17, 1999"
3144121470023e9a,18-12-0,1.18,36%,0.53,70%,,1.60,100%,33%,3.2,"6' 1""",230 lbs.,--,Orthodox,"Sep 10, 1973"
cbf69fa846c7e3ee,3-4-0,4.36,65%,2.28,68%,,0.00,0%,100%,0.0,"6' 0""",205 lbs.,--,Orthodox,"Sep 05, 1978"
c23e3d4875340d8d,15-4-0,1.23,36%,2.14,51%,,1.95,58%,75%,3.4,"5' 8""",155 lbs.,"69""",Orthodox,"Jul 25, 1978"
7b310409440c9102,23-9-1,1.28,48%,1.88,53%,,1.75,30%,69%,0.8,"5' 11""",155 lbs.,"71""",Southpaw,"Mar 10, 1990"
1ebe20ebbfa15e29,26-4-0,4.66,52%,2.63,53%,,1.96,44%,63%,0.5,"5' 4""",115 lbs.,"63""",Switch,"Aug 13, 1989"
8a65fd9ba31fd3f7,19-8-0,7.01,58%,5.55,43%,,0.00,0%,75%,0.0,"6' 2""",205 lbs.,"75""",Orthodox,"Aug 16, 1998"
45c7979c71751fcf,16-8-1,2.87,33%,4.73,49%,,0.00,0%,50%,0.0,"5' 7""",135 lbs.,"67""",Southpaw,"Nov 05, 2001"
286e1d61fb315355,7-2-0,0.00,0%,0.00,0%,,0.00,0%,0%,0.0,--,155 lbs.,--,,--
fd52e5f9ab25c94c,9-2-0,1.86,40%,2.36,55%,,7.74,65%,53%,1.4,"5' 8""",135 lbs.,"68""",Switch,"Sep 15, 1999"
07047eb7d17fb0a2,10-3-0,4.13,40%,3.38,64%,,0.31,100%,50%,0.0,"5' 9""",135 lbs.,"68""",Orthodox,"Jan 23, 1996"
5ea918ea81b7dee2,2-4-0,1.44,21%,2.82,48%,,0.66,16%,58%,0.0,"5' 5""",125 lbs.,"64""",Orthodox,"Feb 07, 1991"
d027fff39a34a9df,13-4-0,0.00,0%,0.00,0%,,0.00,0%,0%,0.0,--,125 lbs.,--,,--
6f4ec5aa3eced219,21-5-0 (1 NC),2.93,48%,1.64,66%,,0.32,100%,50%,0.0,"5' 6""",145 lbs.,"70""",Orthodox,"Jan 16, 1996"
55fa6ce3e522c8bb,14-9-0,5.24,43%,5.86,52%,,1.30,19%,75%,0.2,"5' 4""",125 lbs.,"66""",Switch,"Aug 29, 1988"
1e4f273069fb9e85,18-5-0,2.68,52%,1.58,63%,,1.86,42%,70%,0.5,"6' 1""",155 lbs.,"75""",Orthodox,"Mar 21, 1997"
6d3398b910461f2f,8-4-0,0.87,35%,0.87,40%,,0.00,0%,0%,2.0,--,205 lbs.,--,,--
4b4fc3ddc307bc73,21-10-2,1.47,35%,1.60,44%,,0.50,25%,74%,0.5,"6' 2""",205 lbs.,--,Orthodox,"Mar 01, 1977"
0aa74d04c196800c,0-1-0,2.95,42%,0.00,0%,,0.00,0%,0%,0.0,"6' 3""",185 lbs.,--,Orthodox,"Apr 20, 1986"
3ecd936bd8814108,10-4-0,2.57,61%,1.63,47%,,2.77,65%,42%,0.8,"5' 6""",145 lbs.,"68""",Southpaw,"Jul 01, 1982"
108afe61a26bcbf4,4-1-2,0.00,0%,0.00,0%,,0.00,0%,0%,0.0,"6' 1""",199 lbs.,--,Orthodox,"May 23, 1966"
be124bdd60fab7d5,5-7-0 (1 NC),0.00,0%,0.00,0%,,0.00,0%,0%,0.0,--,170 lbs.,--,,"Mar 05, 1980"
02d808afb96669de,6-3-0,0.00,0%,0.00,0%,,0.00,0%,0%,0.0,--,145 lbs.,--,,--
1291dd6b8ab4d952,3-1-0,7.64,38%,5.45,37%,,0.00,0%,100%,0.0,"5' 9""",185 lbs.,--,,--
523af801b3429015,13-1-0,3.93,52%,1.80,61%,,0.00,0%,57%,1.0,"5' 7""",155 lbs.,"70""",Orthodox,"Apr 04, 1992"
392878af4680849f,9-1-0,1.86,15%,5.57,59%,,0.00,0%,0%,0.0,"5' 10""",145 lbs.,"70""",Orthodox,"Mar 10, 1996"
0c277f3ff66b0208,15-6-1,3.34,48%,4.87,39%,,1.31,30%,50%,0.0,"6' 2""",205 lbs.,"74""",,"Jun 26, 1982"
