fight_id,Method:,Round:,Time:,Time format:,winner,loser
e761c5009c09b295,Submission,2,2:05,5 Rnd (5-5-5-5-5),Alexandre Pantoja,Kai Asakura
c409c3a5eda764ba,Submission,1,2:19,3 Rnd (5-5-5),Mike Swick,Joe Riggs
3a94bf34e62ae5fd,KO/TKO,1,3:50,5 Rnd (5-5-5-5-5),Jacare Souza,Derek Brunson
d72f9b3ac742a9e3,Decision - Split,3,5:00,3 Rnd (5-5-5),TJ Brown,Kai Kamaka III
760b5b16b4931a77,Decision - Unanimous,3,5:00,3 Rnd (5-5-5),Roxanne Modafferi,Maycee Barber
32a8f38bd1d46e3e,Submission,2,1:46,3 Rnd (5-5-5),Diego Ferreira,Anthony Pettis
6c79db79da9ae874,Submission,1,1:04,3 Rnd (5-5-5),Guido Cannetti,Randy Costa
8c124a6196e39ad8,Decision - Unanimous,3,5:00,3 Rnd (5-5-5),Mark Munoz,Tim Boetsch
bb9020ac324fb706,KO/TKO,1,3:49,5 Rnd (5-5-5-5-5),Eddie Alvarez,Rafael Dos Anjos
731a3120fdffa44c,KO/TKO,2,1:27,3 Rnd (5-5-5),Brandon Vera,Michael Patt
9b10db4499b211b7,Submission,1,2:08,3 Rnd (5-5-5),Luke Rockhold,Tim Boetsch
c92a4fe402579c49,Decision - Unanimous,3,5:00,3 Rnd (5-5-5),Chris Wilson,Steve Bruno
bfe4950b3de83e9c,KO/TKO,1,1:25,3 Rnd (5-5-5),Iwo Baraniewski,Junior Tafa
357781ff34a3d39f,Submission,2,1:49,3 Rnd (5-5-5),James Moontasri,Cody Pfister
df42fd9af4740d24,KO/TKO,3,2:33,3 Rnd (5-5-5),Jeremy Stephens,Marcus Davis
784a57385d0e87ff,Submission,3,4:45,3 Rnd (5-5-5),Jake Matthews,Johnny Case
6921344f8e706d0f,KO/TKO,4,4:09,5 Rnd (5-5-5-5-5),Stipe Miocic,Daniel Cormier
f24144fbe9e32c10,Decision - Unanimous,3,5:00,3 Rnd (5-5-5),Taylor Lapilus,Leandro Issa
e5cb9dfc1189d77d,Decision - Unanimous,3,5:00,3 Rnd (5-5-5),Kyler Phillips,Raoni Barcelos
90eb22b9eb6ed2a8,Decision - Unanimous,3,5:00,3 Rnd (5-5-5),Kyle Daukaus,Dustin Stoltzfus
bce8ece2ff26b4d4,Submission,2,4:11,3 Rnd (5-5-5),Nate Landwehr,Austin Lingo
8f00da6ea8186ce2,Decision - Unanimous,3,5:00,3 Rnd (5-5-5),Rinat Fakhretdinov,Bryan Battle
212527d462690304,Decision - Unanimous,3,5:00,3 Rnd (5-5-5),Mateusz Gamrot,Ludovit Klein
4bf0be780f2d09be,Decision - Unanimous,3,5:00,3 Rnd (5-5-5),Shane Burgos,Tiago dos Santos e Silva
cad44cd2466fb68f,KO/TKO,1,1:37,3 Rnd (5-5-5),Anthony Birchak,Joe Soto
0f215b143e08f425,Decision - Split,3,5:00,3 Rnd (5-5-5),Alptekin Ozkilic,Darren Uyenoyama
539a550c0c1acd3e,Decision - Unanimous,3,5:00,3 Rnd (5-5-5),Joshua Burkman,Chad Reiner
358468724d7d4322,Decision - Unanimous,3,5:00,3 Rnd (5-5-5),Benito Lopez,Vince Morales
5c281439d20184f1,KO/TKO,3,1:11,5 Rnd (5-5-5-5-5),Jan Blachowicz,Aleksandar Rakic
8b0ff8defc1a14f4,Decision - Unanimous,3,5:00,3 Rnd (5-5-5),Ryan LaFlare,Ben Alloway
c420c376cc1d149c,Decision - Unanimous,3,5:00,3 Rnd (5-5-5),Tim Elliott,Tagir Ulanbekov
e186bd5e556f1b5e,KO/TKO,2,2:39,3 Rnd (5-5-5),Geoff Neal,Niko Price
6e2254b4fd39ce40,KO/TKO,1,0:24,3 Rnd (5-5-5),David Terrell,Matt Lindland
39417b7d07c2fd83,Submission,3,3:08,3 Rnd (5-5-5),Nicolle Caliari,Shauna Bannon
434abaea90ccd299,Decision - Unanimous,3,5:00,3 Rnd (5-5-5),Lucas Rocha,Stewart Nicoll
ece3a7a9e930ef9d,Decision - Split,3,5:00,3 Rnd (5-5-5),Uriah Hall,Antonio Carlos Junior
fdafa20b7ec8cb44,Submission,1,3:08,3 Rnd (5-5-5),David Terrell,Scott Smith
3b2a24db4eeaeede,Submission,1,1:17,3 Rnd (5-5-5),Valter Walker,Don'Tale Mayes
f3e1c02ce14bccfe,KO/TKO,2,3:18,3 Rnd (5-5-5),Derrick Lewis,Ruan Potts
f882cf76a8bce308,KO/TKO,1,3:21,3 Rnd (5-5-5),Zubaira Tukhugov,Kevin Aguilar
420f4e4dc341eb57,Decision - Unanimous,3,5:00,3 Rnd (5-5-5),Alan Jouban,Belal Muhammad
278cd1803ccc004f,Decision - Unanimous,3,5:00,3 Rnd (5-5-5),Sergio Pettis,Chris Cariaso
a3ef3d05ddd80a94,KO/TKO,1,4:05,3 Rnd (5-5-5),Ihor Potieria,Mauricio Rua
d417609ea9670fb3,Submission,1,4:37,3 Rnd (5-5-5),Yancy Medeiros,Joe Proctor
40fa4f8b4b93884e,KO/TKO,3,0:21,3 Rnd (5-5-5),Mairon Santos,Muhammad Naimov
762de3b0b32ba937,KO/TKO,3,4:09,3 Rnd (5-5-5),Travis Browne,Matt Mitrione
3249bbbb7ce837ef,Decision - Unanimous,3,5:00,3 Rnd (5-5-5),John Makdessi,Ross Pearson
460b421493dd9fb8,Decision - Unanimous,3,5:00,3 Rnd (5-5-5),Roan Carneiro,Rich Clementi
1cbffe3a467d0ded,KO/TKO,4,4:09,5 Rnd (5-5-5-5-5),Mauricio Rua,Brandon Vera
49694c2d00c581ed,KO/TKO,1,0:42,3 Rnd (5-5-5),Volkan Oezdemir,Jimi Manuwa
fa77134e0d90da3b,KO/TKO,1,1:06,3 Rnd (5-5-5),Iuri Alcantara,Joe Soto
e2b32e1683a566af,Submission,1,1:08,1 Rnd (20),Patrick Smith,Rudyard Moncayo
1ce1a43ef68ffc7d,KO/TKO,1,2:02,3 Rnd (5-5-5),Vince Morales,Louis Smolka
97caf8fca9d9603b,KO/TKO,2,4:46,3 Rnd (5-5-5),Dominick Reyes,Anthony Smith
b3c74554c871fbf8,Decision - Unanimous,3,5:00,3 Rnd (5-5-5),Brandon Moreno,Jussier Formiga
cbf1e76186a0c8b3,Submission,1,2:39,3 Rnd (5-5-5),Kevin Holland,Michael Chiesa
7e551ddb1494a45f,KO/TKO,2,2:10,3 Rnd (5-5-5),Ryan Spann,Marcus Buchecha
2d13778322a8af82,Submission,1,2:06,3 Rnd (5-5-5),Mitch Gagnon,Roman Salazar
fd60e75303622e5e,Decision - Unanimous,3,5:00,3 Rnd (5-5-5),Rafa Garcia,Natan Levy
c7df07266a9597d9,KO/TKO,1,1:18,3 Rnd (5-5-5),Tim Means,Ricky Rainey
4b997af9fb321123,Submission,1,2:54,3 Rnd (5-5-5),Gunnar Nelson,Brandon Thatch
8b87b341bcd130ee,KO/TKO,3,0:26,3 Rnd (5-5-5),Edson Barboza,Mike Lullo
f8fce67abe0ab922,Submission,3,1:43,3 Rnd (5-5-5),Jussier Formiga,Ben Nguyen
6bcf5381dd8de85b,Decision - Unanimous,3,5:00,3 Rnd (5-5-5),Hatsu Hioki,Bart Palaszewski
4efbd869aa0211d2,KO/TKO,2,2:02,3 Rnd (5-5-5),Curtis Blaydes,Cody East
2ebfb072b178649e,KO/TKO,3,3:14,3 Rnd (5-5-5),George Roop,Josh Grispi
b070b8c2c489d838,Decision - Unanimous,5,5:00,5 Rnd (5-5-5-5-5),Leon Edwards,Nate Diaz
089dd2e0cc6395fa,Submission,2,3:06,3 Rnd (5-5-5),Nate Diaz,Kurt Pellegrino
3f71ac21472f994c,Decision - Unanimous,3,5:00,3 Rnd (5-5-5),Marcos Rogerio de Lima,Maurice Greene
55b3724a98c0469c,Decision - Unanimous,3,5:00,3 Rnd (5-5-5),Noad Lahat,Steven Siler
85060e6e71ed14e4,Decision - Unanimous,3,5:00,3 Rnd (5-5-5),Lauren Mueller,Shana Dobson
ca0f0a35a1fcb453,KO/TKO,2,2:45,3 Rnd (5-5-5),Eryk Anders,Kyle Daukaus
f0e0effb1b2de6ae,KO/TKO,2,2:53,3 Rnd (5-5-5),Shana Dobson,Ariel Beck
980927e7dcc131c0,Decision - Unanimous,3,5:00,3 Rnd (5-5-5),Jose Aldo,Pedro Munhoz
475a41d83edd47dd,Decision - Unanimous,3,5:00,3 Rnd (5-5-5),Aisling Daly,Ericka Almeida
4072abf0b0c179f2,Decision - Unanimous,3,5:00,3 Rnd (5-5-5),David Onama,Giga Chikadze
f41c2c82d5117230,Submission,2,3:13,3 Rnd (5-5-5),Allan Nascimento,Cody Durden
0cf7a4593fd44e59,Decision - Unanimous,3,5:00,3 Rnd (5-5-5),Jared Gordon,Leonardo Santos
cf5f9da861c5e63f,Decision - Unanimous,3,5:00,3 Rnd (5-5-5),Nik Lentz,Hacran Dias
613a288e8819fead,Submission,2,1:20,3 Rnd (5-5-5),Michael Chiesa,Beneil Dariush
fd4d5685c2e207b5,KO/TKO,1,0:41,3 Rnd (5-5-5),Matt Mitrione,Derrick Lewis
a020b5b917c27bb8,KO/TKO,1,2:44,3 Rnd (5-5-5),Jared Cannonier,Cyril Asker
038c472ae3fd7728,KO/TKO,1,1:09,3 Rnd (5-5-5),Shane Carwin,Gabriel Gonzaga
95d46f7a7e72f91c,Decision - Unanimous,3,5:00,3 Rnd (5-5-5),Alan Patrick,Damien Brown
b1dee00c3052e65e,Decision - Unanimous,3,5:00,3 Rnd (5-5-5),Edson Barboza,Gilbert Melendez
1a21263dc5d866b6,KO/TKO,2,1:31,3 Rnd (5-5-5),Joey Beltran,Rolles Gracie
86a1be10255eea4e,Decision - Unanimous,5,5:00,5 Rnd (5-5-5-5-5),Lerone Murphy,Josh Emmett
2d80f60b67791b97,KO/TKO,2,2:34,3 Rnd (5-5-5),Cain Velasquez,Denis Stojnic
39d188fa9b95d550,Submission,1,3:56,3 Rnd (5-5-5),Vicente Luque,Tyron Woodley
b9abcce29378e5cc,Decision - Unanimous,3,5:00,3 Rnd (5-5-5),Anthony Pettis,Donald Cerrone
b87ac039e3b13940,KO/TKO,1,3:06,3 Rnd (5-5-5),Tamires Vidal,Ramona Pascual
351532f2fe6804d1,KO/TKO,1,2:31,5 Rnd (5-5-5-5-5),Rafael Dos Anjos,Benson Henderson
92f569a6d9374b86,Decision - Unanimous,3,5:00,3 Rnd (5-5-5),Brad Tavares,Antonio Carlos Junior
e2dc4fb7b5c0ce76,Decision - Unanimous,3,5:00,3 Rnd (5-5-5),Jamie Mullarkey,Rolando Bedoya
01619207a811ef01,Decision - Unanimous,3,5:00,3 Rnd (5-5-5),Jan Blachowicz,Jared Cannonier
2f523b757f7f33a2,KO/TKO,1,0:26,3 Rnd (5-5-5),Jose Delgado,Hyder Amil
c5990f9767b16c48,Decision - Unanimous,3,5:00,3 Rnd (5-5-5),Karolina Kowalkiewicz,Heather Clark
f09c3d8a26806761,Decision - Split,3,5:00,3 Rnd (5-5-5),Nicolas Dalby,Warlley Alves
e00da416750f75a9,KO/TKO,1,2:52,3 Rnd (5-5-5),Scott Askham,Antonio Dos Santos
1e87e0e4da55c92f,Decision - Unanimous,3,5:00,3 Rnd (5-5-5),Chael Sonnen,Dan Miller
e917559aedf85a98,KO/TKO,1,3:30,3 Rnd (5-5-5),Forrest Griffin,Elvis Sinosic
d460961065f1198b,Decision - Unanimous,3,5:00,3 Rnd (5-5-5),Clay Guida,Mac Danzig
5337461354f23b98,Submission,1,3:18,3 Rnd (5-5-5),Abel Trujillo,Tony Sims
225e93ebed9b71b8,Decision - Unanimous,3,5:00,3 Rnd (5-5-5),Joanderson Brito,Isaac Thomson
90e5169190971647,KO/TKO,1,2:17,3 Rnd (5-5-5),Lorenz Larkin,John Howard
3d3dde60e3d59c1c,Decision - Unanimous,3,5:00,3 Rnd (5-5-5),Asu Almabayev,CJ Vergara
b2297232b9310ba5,Decision - Unanimous,3,5:00,3 Rnd (5-5-5),Chris Wade,Frankie Perez
e301a2c3a415cd33,Submission,1,4:42,3 Rnd (5-5-5),Jonathan Goulet,Paul Georgieff
5ff8463edf8155c0,KO/TKO,1,3:53,3 Rnd (5-5-5),Devonte Smith,Dong Hyun Ma
cc4fcfede19bc196,Decision - Unanimous,3,5:00,3 Rnd (5-5-5),JJ Aldrich,Montana De La Rosa
ce82f34bc14f7af0,Decision - Unanimous,3,5:00,3 Rnd (5-5-5),Tatsuya Kawajiri,Jason Knight
58811a4e36c53b89,TKO - Doctor's Stoppage,1,5:00,3 Rnd (5-5-5),Rhys McKee,Daniel Frunza
57f4aac17f067c11,KO/TKO,2,1:27,5 Rnd (5-5-5-5-5),Matt Hughes,Carlos Newton
fad150a0288efbd7,Decision - Split,3,5:00,3 Rnd (5-5-5),Katlyn Cerminara,Amanda Ribas
8a85dffa80e6c7bd,KO/TKO,1,3:37,3 Rnd (5-5-5),Felicia Spencer,Zarah Fairn
1785c7fb722d3007,KO/TKO,1,4:19,3 Rnd (5-5-5),Joseph Benavidez,Alex Perez
1d127ec120dcb58e,Submission,2,2:04,3 Rnd (5-5-5),Tamdan McCrory,Pete Spratt
a4e592c874e8233f,Decision - Unanimous,3,5:00,3 Rnd (5-5-5),Kenichi Yamamoto,Daiju Takase
43682a646b9b956f,Submission,2,4:21,3 Rnd (5-5-5),Jason Knight,Alex Caceres
ad9ecef413a5b48f,Decision - Unanimous,3,5:00,3 Rnd (5-5-5),Aiemann Zahabi,Reginaldo Vieira
3808db1e982cb103,KO/TKO,1,1:28,3 Rnd (5-5-5),Alex White,Estevan Payan
ad63c30e22e63344,KO/TKO,3,3:54,3 Rnd (5-5-5),Jonathan Martinez,Pingyuan Liu
24bcade0007c2246,Decision - Unanimous,3,5:00,3 Rnd (5-5-5),Mario Bautista,Jin Soo Son
5510b86a35c5614b,Decision - Unanimous,3,5:00,3 Rnd (5-5-5),Rafael Natal,Michael Kuiper
27cdd152218b44d4,Submission,1,2:43,3 Rnd (5-5-5),Jason MacDonald,Ed Herman
2328c7832a356a6d,Decision - Unanimous,3,5:00,3 Rnd (5-5-5),Ross Pearson,Dennis Siver
76641669c1607b7a,Submission,1,4:13,3 Rnd (5-5-5),Dione Barbosa,Diana Belbita
b6bd31215bd7ec1f,KO/TKO,2,2:30,5 Rnd (5-5-5-5-5),Junior Dos Santos,Tai Tuivasa
25d4376e00b16510,Decision - Split,3,5:00,3 Rnd (5-5-5),Jessica Penne,Loopy Godinez
0c27552ea7bc8c8a,Submission,1,4:35,3 Rnd (5-5-5),Anderson Dos Santos,Martin Day
16a0352f3e19b931,KO/TKO,1,2:22,5 Rnd (5-5-5-5-5),Stipe Miocic,Junior Dos Santos
a0e4f43827aa81c4,Decision - Unanimous,3,5:00,3 Rnd (5-5-5),Jussier Formiga,Zach Makovsky
b26c2f616c9436fb,Submission,1,12:00,1 Rnd + OT (12-3),Jeremy Horn,Chuck Liddell
e53c8a20819f9be6,KO/TKO,1,0:25,3 Rnd (5-5-5),Nikita Krylov,Walt Harris
e284a194fb4648a9,Submission,3,3:27,3 Rnd (5-5-5),Tresean Gore,Azamat Bekoev
bb42336d6417914c,KO/TKO,2,1:40,3 Rnd (5-5-5),Tai Tuivasa,Derrick Lewis
e0e2c1fc1a178d89,KO/TKO,1,1:41,3 Rnd (5-5-5),Fernando Padilla,Julian Erosa
df2ed8b509fbdbdc,Decision - Split,3,5:00,3 Rnd (5-5-5),Nikolay Veretennikov,Francisco Prado
0239f24134022656,KO/TKO,1,2:28,3 Rnd (5-5-5),Fabricio Werdum,Mike Russow
36807d8a7ebc84a5,Decision - Unanimous,3,5:00,3 Rnd (5-5-5),David Dvorak,Jordan Espinosa
e06bfd0100eccbad,Submission,1,3:27,3 Rnd (5-5-5),Luana Santos,Mariya Agapova
0175c0d2a98576f1,Decision - Unanimous,3,5:00,3 Rnd (5-5-5),Justin Scoggins,Will Campuzano
57a71ab365d2b64d,KO/TKO,3,0:37,3 Rnd (5-5-5),Paul Taylor,Edilberto de Oliveira
677e98ae5834ba70,Decision - Unanimous,3,5:00,3 Rnd (5-5-5),Aljamain Sterling,Augusto Mendes
cd117bfce747184f,Decision - Unanimous,5,5:00,5 Rnd (5-5-5-5-5),Darren Till,Stephen Thompson
e982a2648d69fda6,Decision - Unanimous,3,5:00,3 Rnd (5-5-5),Caio Magalhaes,Nick Ring
f6d09973de0f83e7,KO/TKO,1,3:40,3 Rnd (5-5-5),Luis Felipe Dias,YiSak Lee
a7d397cd0f2ac93a,Decision - Unanimous,3,5:00,3 Rnd (5-5-5),Aiemann Zahabi,Javid Basharat
714d6fc1eaca9624,Submission,3,4:59,3 Rnd (5-5-5),Paul Craig,Magomed Ankalaev
4db2d86ebe8c8abd,Submission,1,2:40,3 Rnd (5-5-5),Jasmine Jasudavicius,Jessica Andrade
1eb7733d880a0b8f,Decision - Unanimous,3,5:00,3 Rnd (5-5-5),Aaron Simpson,Kenny Robertson
603afedc31d95999,Decision - Split,3,5:00,3 Rnd (5-5-5),Jessica Andrade,Marina Rodriguez
ab7bc93bdf4132c4,Decision - Split,3,5:00,3 Rnd (5-5-5),Adam Fugitt,Josh Quinlan
5db3e2fdd18129a4,Decision - Unanimous,3,5:00,3 Rnd (5-5-5),Tatiana Suarez,Viviane Pereira
5dcba156bd13e0c3,Submission,1,1:50,3 Rnd (5-5-5),Marcos Rogerio de Lima,Andrei Arlovski
2c54be25b09fce50,KO/TKO,1,1:22,3 Rnd (5-5-5),Dustin Jacoby,Kennedy Nzechukwu
1d8ee477e682a8fc,Submission,3,4:20,3 Rnd (5-5-5),Paul Craig,Kennedy Nzechukwu
ccac56928fc2b40b,Decision - Unanimous,3,5:00,3 Rnd (5-5-5),Jon Fitch,Mike Pierce
a65909d4083c2088,Decision - Split,3,5:00,3 Rnd (5-5-5),Irene Aldana,Lucie Pudilova
1efc813ccd7a5aba,Submission,2,4:56,3 Rnd (5-5-5),Shavkat Rakhmonov,Stephen Thompson
a0362d60d2e1db0d,Decision - Split,3,5:00,3 Rnd (5-5-5),Loopy Godinez,Tabatha Ricci
77c6a6f33289b872,Decision - Unanimous,3,5:00,3 Rnd (5-5-5),Joanne Wood,Ariane da Silva
eaa885cf7ae31e0b,Submission,3,2:28,3 Rnd (5-5-5),Jasmine Jasudavicius,Ariane da Silva
dd456668731bd52a,KO/TKO,2,4:38,3 Rnd (5-5-5),Li Jingliang,Muslim Salikhov
723a8a8c82cab1c8,KO/TKO,1,4:34,3 Rnd (5-5-5),Dusko Todorovic,Maki Pitolo
d37ed975c2b70fd2,Decision - Unanimous,3,5:00,3 Rnd (5-5-5),Kyoji Horiguchi,Neil Seery
ffbc12e4f821ec68,Decision - Unanimous,3,5:00,3 Rnd (5-5-5),Jacare Souza,Francis Carmont
1218cba28d4dce94,KO/TKO,2,4:49,3 Rnd (5-5-5),Raoni Barcelos,Carlos Huachin
7c13de66ce543d84,Decision - Split,3,5:00,3 Rnd (5-5-5),Dhiego Lima,Court McGee
8a121f9c48f3773c,Decision - Unanimous,3,5:00,3 Rnd (5-5-5),Myktybek Orolbai,Elves Brener
6e652cbaaa406598,Submission,2,3:34,3 Rnd (5-5-5),Aleksandra Albu,Izabela Badurek
3a271d9d9210a818,TKO - Doctor's Stoppage,1,1:21,1 Rnd + OT (12-3),Laverne Clark,Fabiano Iha
87b0475688168a42,KO/TKO,2,3:07,3 Rnd (5-5-5),Lorenz Larkin,Santiago Ponzinibbio
05cceae674c81b86,KO/TKO,3,1:03,5 Rnd (5-5-5-5-5),Valentina Shevchenko,Katlyn Cerminara
3d790112d2e6d851,Decision - Unanimous,3,5:00,3 Rnd (5-5-5),Felipe Colares,Luke Sanders
9450f80c9fab4da1,KO/TKO,1,4:10,3 Rnd (5-5-5),Josh Koscheck,Jonathan Goulet
c93eebe24aa0299d,Decision - Unanimous,5,5:00,5 Rnd (5-5-5-5-5),Valentina Shevchenko,Jennifer Maia
74c58b9d638c5eaa,KO/TKO,2,0:33,3 Rnd (5-5-5),Drakkar Klose,Brandon Jenkins
d8287db48ec356df,Decision - Unanimous,3,5:00,3 Rnd (5-5-5),Anthony Njokuani,Andre Winner
d29dd21d8881a0e0,KO/TKO,1,4:28,3 Rnd (5-5-5),Mauricio Rua,Chuck Liddell
ea8eaf881d38713e,Submission,2,3:37,5 Rnd (5-5-5-5-5),Daniel Cormier,Anthony Johnson
2308e0da38efd4ba,Submission,1,1:38,1 Rnd (20),Dan Severn,Joe Charles
c543563958093446,KO/TKO,2,3:57,3 Rnd (5-5-5),Liz Carmouche,Jessica Andrade
f3c42ce9fad55eb7,Submission,2,2:29,3 Rnd (5-5-5),Jack Shore,Aaron Phillips
178756c3cb23b884,Decision - Unanimous,3,5:00,3 Rnd (5-5-5),TIE,TIE
74e86c7782cafe27,TKO - Doctor's Stoppage,3,0:47,3 Rnd (5-5-5),Shinsho Anzai,Roger Zapata
4c025d1fff9e9fce,KO/TKO,1,4:42,3 Rnd (5-5-5),Jared Gordon,Mark Madsen
37a6fc5e69a7932d,KO/TKO,2,1:38,3 Rnd (5-5-5),Shana Dobson,Mariya Agapova
187681b2843174b5,Decision - Unanimous,3,5:00,3 Rnd (5-5-5),Jose Quinonez,Joey Gomez
3dd0951b8855137d,KO/TKO,2,3:43,3 Rnd (5-5-5),Donald Cerrone,Alexander Hernandez
84e800acc2aacd8e,KO/TKO,2,0:32,3 Rnd (5-5-5),Issei Tamura,Zhang Tiequan
fcf3b0d21df10f56,Decision - Unanimous,3,5:00,3 Rnd (5-5-5),Rich Franklin,Wanderlei Silva
786033c27fdaa020,Decision - Unanimous,3,5:00,3 Rnd (5-5-5),Jorge Masvidal,Tim Means
87790788d1bb3b75,KO/TKO,1,0:45,3 Rnd (5-5-5),Kyle Noke,Charlie Brenneman
6cb9bc7c86ae43b9,Decision - Split,3,5:00,3 Rnd (5-5-5),Dong Hyun Ma,Damien Brown
16216dcec4a48768,Decision - Unanimous,3,5:00,3 Rnd (5-5-5),Rashid Magomedov,Rodrigo Damm
1aedd959f1523a27,Submission,1,0:30,3 Rnd (5-5-5),Sodiq Yusuff,Don Shainis
b3f4583109b429af,KO/TKO,1,4:37,3 Rnd (5-5-5),Cheick Kongo,Mostapha Al-Turk
65270a16c25b59ad,KO/TKO,2,3:19,3 Rnd (5-5-5),Dave Herman,Jon Olav Einemo
241a0833e1c76804,Submission,3,3:54,5 Rnd (5-5-5-5-5),Demian Maia,Ben Askren
b10a94377bce3e22,Decision - Unanimous,3,5:00,3 Rnd (5-5-5),Evan Dunham,Rodrigo Damm
b72c19b80fb47ba4,Decision - Unanimous,3,5:00,3 Rnd (5-5-5),Ryan Bader,Rafael Cavalcante
f592f168f3b8b807,Decision - Unanimous,3,5:00,3 Rnd (5-5-5),Pat Sabatini,Tucker Lutz
312c742e614f8993,KO/TKO,2,1:26,3 Rnd (5-5-5),Taylor Lapilus,Yuta Sasaki
13fa791f0772250c,Decision - Majority,3,5:00,3 Rnd (5-5-5),Matt Hamill,Keith Jardine
89b772f864acb637,Decision - Split,3,5:00,3 Rnd (5-5-5),Ion Cutelaba,Ivan Erslan
85f28a8276a141b6,Decision - Unanimous,2,5:00,2 Rnd (5-5),Shonie Carter,Adrian Serrano
638a999dab6fe310,Decision - Unanimous,3,5:00,3 Rnd (5-5-5),Tim Means,Bernardo Magalhaes
c0c587cb52de929b,Decision - Unanimous,3,5:00,3 Rnd (5-5-5),Danielle Taylor,Jessica Penne
81fda78adcaedbc7,KO/TKO,1,0:14,3 Rnd (5-5-5),Bryan Battle,Gabe Green
28b6ee9c3eb8b753,Submission,2,4:28,3 Rnd (5-5-5),Miguel Baeza,Takashi Sato
2e4064e0e6d4d92e,Decision - Unanimous,3,5:00,3 Rnd (5-5-5),Quillan Salkilld,Yanal Ashmouz
4cb249714ff56656,Decision - Unanimous,3,5:00,3 Rnd (5-5-5),Pannie Kianzad,Sijara Eubanks
188b63ec6ee1c1c9,Decision - Unanimous,3,5:00,3 Rnd (5-5-5),Andrei Arlovski,Carlos Felipe
c1f74805a4ff9396,Decision - Unanimous,3,5:00,3 Rnd (5-5-5),TJ Dillashaw,Raphael Assuncao
697e38075fd41819,KO/TKO,3,1:32,3 Rnd (5-5-5),Ibo Aslan,Anton Turkalj
fd29123ff92789e4,KO/TKO,2,4:31,3 Rnd (5-5-5),Joshua Van,Felipe Bunes
09afa6ce4747a1a2,KO/TKO,1,2:01,3 Rnd (5-5-5),Chris Gutierrez,Frankie Edgar
9a6b4829863eb9dc,KO/TKO,2,0:17,3 Rnd (5-5-5),Eddie Sanchez,Mario Neto
1143d37503a9527d,Decision - Unanimous,3,5:00,3 Rnd (5-5-5),Vinc Pichel,Garett Whiteley
791b8b3a475487e9,KO/TKO,2,0:29,3 Rnd (5-5-5),Mike Pierce,Kenny Robertson
7e20b0536fbbd560,Decision - Split,3,5:00,3 Rnd (5-5-5),Jeff Molina,Zhalgas Zhumagulov
8a95f0e3f9111f0c,Decision - Majority,3,5:00,3 Rnd (5-5-5),JunYong Park,Tafon Nchukwi
9e45cc594a5a2506,KO/TKO,1,0:49,3 Rnd (5-5-5),Tai Tuivasa,Harry Hunsucker
560cec2acc9b0a13,Decision - Unanimous,3,5:00,3 Rnd (5-5-5),Nick Catone,Constantinos Philippou
b6e086dd8093355d,Submission,1,3:54,3 Rnd (5-5-5),Tyson Pedro,Saparbeg Safarov
3c49bf20e4442a81,Submission,1,0:20,3 Rnd (5-5-5),Dennis Hallman,Matt Hughes
0673d8ab0add7a05,KO/TKO,3,3:52,3 Rnd (5-5-5),Anthony Smith,Andrew Sanchez
fe132ef2ab8ae9d2,Decision - Unanimous,3,5:00,3 Rnd (5-5-5),Devin Clark,Josh Stansbury
04d97700dbdaef5e,Submission,3,2:24,3 Rnd (5-5-5),Nik Lentz,Waylon Lowe
4b4c4df2778538d9,Decision - Unanimous,3,5:00,3 Rnd (5-5-5),Paulo Thiago,Michel Prazeres
165d3a571fcc5e3c,KO/TKO,1,3:37,3 Rnd (5-5-5),Vinc Pichel,Damien Brown
b12d96ba9426b8d4,KO/TKO,2,4:24,3 Rnd (5-5-5),Michael Bisping,Denis Kang
0170db5fad04e4d0,Submission,2,3:18,3 Rnd (5-5-5),Brandon Royval,Tim Elliott
364ed6aecfc8d16d,Decision - Unanimous,3,5:00,3 Rnd (5-5-5),Francisco Trevino,Renee Forte
534c07488396e124,KO/TKO,2,3:05,3 Rnd (5-5-5),Uros Medic,Omar Morales
a570acbbcbbd151d,Decision - Unanimous,3,5:00,3 Rnd (5-5-5),Amir Sadollah,Brad Blackburn
110d18c0953bde1d,KO/TKO,1,2:32,5 Rnd (5-5-5-5-5),Vitor Belfort,Luke Rockhold
14b450e4ff3c5b97,Decision - Unanimous,3,5:00,3 Rnd (5-5-5),Mike Massenzio,Steve Cantwell
8725dc88f2e0a6f3,KO/TKO,2,4:42,3 Rnd (5-5-5),Raulian Paiva,Mark De La Rosa
ac977a0389682124,Decision - Unanimous,3,5:00,3 Rnd (5-5-5),Waldo Cortes Acosta,Serghei Spivac
1db8bed8b4d30fb3,Decision - Unanimous,2,5:00,2 Rnd (5-5),Travis Fulton,David Dodd
ba5b23e7ef308883,Decision - Unanimous,3,5:00,3 Rnd (5-5-5),Rani Yahya,Mike Brown
8ce926b4d38a55a0,Submission,1,1:40,3 Rnd (5-5-5),Montel Jackson,Brian Kelleher
147e31abbe3927d0,Decision - Majority,3,5:00,3 Rnd (5-5-5),Serghei Spivac,Carlos Felipe
ab14dbff9d2ae41a,KO/TKO,2,3:12,5 Rnd (5-5-5-5-5),Derrick Lewis,Travis Browne
1a637fbda4bdf575,KO/TKO,1,0:18,3 Rnd (5-5-5),Dooho Choi,Juan Manuel Puig
498766b46b8b4a7f,KO/TKO,1,0:17,3 Rnd (5-5-5),Khamzat Chimaev,Gerald Meerschaert
5f9b063630e52778,Decision - Split,3,5:00,3 Rnd (5-5-5),Tito Ortiz,Forrest Griffin
dff7ce155b47442c,Decision - Unanimous,3,5:00,3 Rnd (5-5-5),Ronny Markes,Andrew Craig
8289033e03b4d9a3,Decision - Split,3,5:00,3 Rnd (5-5-5),CJ Vergara,Kleydson Rodrigues
3a7d76e3c0b503c3,Submission,1,4:27,3 Rnd (5-5-5),Daniel Kelly,Luke Zachrich
f9830f1c23ac92d0,Submission,1,2:00,3 Rnd (5-5-5),Montana De La Rosa,Christina Marks
f8bb0aed83bd8638,Decision - Split,3,5:00,3 Rnd (5-5-5),Jessica Eye,Kalindra Faria
750257171ad29a2c,KO/TKO,2,4:22,3 Rnd (5-5-5),Bogdan Grad,Lucas Alexander
5da7168ac2ff0e1d,KO/TKO,1,3:15,3 Rnd (5-5-5),Matt Frevola,Genaro Valdez
fa537adfb4a7b719,Decision - Unanimous,3,5:00,3 Rnd (5-5-5),Rafael Natal,Tom Watson
a551d93167533459,Decision - Split,3,5:00,3 Rnd (5-5-5),Max Holloway,Leonard Garcia
e240d6f77747ec46,KO/TKO,1,3:27,3 Rnd (5-5-5),Manuel Torres,Frank Camacho
d62aec55bc142346,Submission,1,2:14,1 Rnd + OT (30-5),Ken Shamrock,Dan Severn
858feabaf429a963,KO/TKO,2,1:41,3 Rnd (5-5-5),Dricus Du Plessis,Trevin Giles
8bf419824ca91470,Decision - Unanimous,3,5:00,3 Rnd (5-5-5),Bec Rawlings,Seo Hee Ham
3ee578ddd071ad4c,Decision - Unanimous,3,5:00,3 Rnd (5-5-5),Mason Jones,Axel Sola
5bfba809430d178b,KO/TKO,1,4:15,3 Rnd (5-5-5),Luigi Fioravanti,Solomon Hutcherson
21b02cb26307ac0f,KO/TKO,1,0:44,3 Rnd (5-5-5),Shane Nelson,Aaron Riley
372d1dee0db8dbee,Decision - Split,3,5:00,3 Rnd (5-5-5),Michel Pereira,Zach Reese
96da5813683649f5,KO/TKO,2,0:54,3 Rnd (5-5-5),Jason MacDonald,Joe Doerksen
5169aaf0ce80d1f8,Decision - Unanimous,3,5:00,3 Rnd (5-5-5),Benson Henderson,Jim Miller
53e818dd5abdf787,Submission,3,3:53,3 Rnd (5-5-5),Renan Barao,Mitch Gagnon
6b0430e9c97afec7,Submission,1,1:14,1 Rnd (15),David Abbott,Steve Jennum
bddf441908777c0c,KO/TKO,1,2:35,3 Rnd (5-5-5),Anthony Pettis,Donald Cerrone
81734d11cb6a8ebb,Submission,2,1:20,3 Rnd (5-5-5),Jason MacDonald,Jason Lambert
2a5fd0e2728967a5,KO/TKO,1,1:48,3 Rnd (5-5-5),Hector Lombard,Nate Marquardt
ed707998b13d0101,Decision - Unanimous,5,5:00,5 Rnd (5-5-5-5-5),Belal Muhammad,Gilbert Burns
b03816c9ccd089d7,KO/TKO,2,3:33,3 Rnd (5-5-5),Roan Carneiro,Tony DeSouza
11cb7d7d774d5e6a,Decision - Unanimous,3,5:00,3 Rnd (5-5-5),John Moraga,Ashkan Mokhtarian
e4bbec619aa04dea,KO/TKO,3,0:48,3 Rnd (5-5-5),Viviane Araujo,Talita Bernardo
bf1a7590c455bc7b,Decision - Unanimous,3,5:00,3 Rnd (5-5-5),Clay Collard,Alex White
6a4ba72b084193b5,Decision - Unanimous,3,5:00,3 Rnd (5-5-5),Philipe Lins,Marcin Prachnio
d5e7fe1f5035505c,Decision - Unanimous,3,5:00,3 Rnd (5-5-5),Brian Ebersole,Chris Lytle
e47523ac32bfa24c,Submission,1,1:49,3 Rnd (5-5-5),Westin Wilson,Jeka Saragih
d54ebd2a3435a357,KO/TKO,2,4:57,3 Rnd (5-5-5),Jonny Parsons,Danny Roberts
e8093d77f566fe51,Decision - Unanimous,3,5:00,3 Rnd (5-5-5),Yan Xiaonan,Syuri Kondo
410e65e4d1782bfc,Decision - Unanimous,3,5:00,3 Rnd (5-5-5),Kai Kara-France,Askar Askarov
7a3947a0e7bc3558,Decision - Split,3,5:00,3 Rnd (5-5-5),Mike Perry,Paul Felder
8308464729ea7c40,Submission,3,1:55,5 Rnd (5-5-5-5-5),Alexandre Pantoja,Kai Kara-France
73a299d44d2ef5cd,Decision - Unanimous,3,5:00,3 Rnd (5-5-5),Aleksei Kunchenko,Yushin Okami
868833557ae90877,KO/TKO,1,4:39,3 Rnd (5-5-5),Anthony Johnson,Luigi Fioravanti
e5e3d396a9b1c5ae,Decision - Unanimous,3,5:00,3 Rnd (5-5-5),Muin Gafurov,Rinya Nakamura
859ca56770ac7672,Submission,1,3:44,3 Rnd (5-5-5),Mackenzie Dern,Randa Markos
724dd26b47b7349e,Decision - Unanimous,3,5:00,3 Rnd (5-5-5),Matt Hamill,Seth Petruzelli
c2f0a53cd67e1736,Submission,3,2:13,3 Rnd (5-5-5),Dong Hyun Kim,Joshua Burkman
70995170c27c4143,Decision - Unanimous,3,5:00,3 Rnd (5-5-5),Mark Bocek,Nik Lentz
35addc4646509286,KO/TKO,2,3:59,3 Rnd (5-5-5),HyunSung Park,Shannon Ross
cd96998e837b0da1,KO/TKO,4,3:51,5 Rnd (5-5-5-5-5),Mark Hunt,Derrick Lewis
6d4b6224f26572f9,Decision - Unanimous,5,5:00,5 Rnd (5-5-5-5-5),Belal Muhammad,Vicente Luque
f327f8e59acfab1b,Submission,2,4:27,3 Rnd (5-5-5),Clay Guida,Takanori Gomi
25548d526c3a7587,Submission,2,2:01,3 Rnd (5-5-5),Ryan Spann,Devin Clark
04c9ebe419195f8b,KO/TKO,1,1:47,3 Rnd (5-5-5),Michel Pereira,Danny Roberts
a245b4d0a7861fb8,Submission,1,3:22,3 Rnd (5-5-5),DaMarques Johnson,Mike Guymon
28a8c644c87ce45e,KO/TKO,2,1:01,3 Rnd (5-5-5),Melvin Guillard,Gabe Ruediger
1eccf793b54b84f8,Submission,1,2:12,3 Rnd (5-5-5),Gillian Robertson,Emily Whitmire
d236fe0f180312e3,Decision - Split,3,5:00,3 Rnd (5-5-5),Mike Pyle,Rick Story
1c43b38c1f4bdbe2,KO/TKO,1,4:21,3 Rnd (5-5-5),Alistair Overeem,Sergei Pavlovich
e06ff3d3f1c0ab69,KO/TKO,5,3:04,5 Rnd (5-5-5-5-5),Ricco Rodriguez,Randy Couture
767ceb4a0cb43ade,Decision - Majority,5,5:00,5 Rnd (5-5-5-5-5),Nassourdine Imavov,Roman Dolidze
e3ecb94228c2739f,KO/TKO,1,1:08,3 Rnd (5-5-5),Jared Gooden,Niklas Stolze
780bae82bdfc7112,KO/TKO,3,3:48,3 Rnd + OT (5-5-5-5),Keiichiro Nakamura,Sebastian Szalay
57dec2b07b75dada,Submission,1,3:03,3 Rnd (5-5-5),Casey Kenney,Louis Smolka
5934de85b9c53e7c,Submission,2,0:43,3 Rnd + OT (5-5-5-5),Jesse Taylor,Dhiego Lima
b7ab4cd6ce7a71dd,KO/TKO,1,4:28,3 Rnd (5-5-5),Thibault Gouti,Andrew Holbrook
d1d7400c131ed40e,KO/TKO,1,4:04,3 Rnd (5-5-5),Alejandro Perez,Ian Entwistle
0669231ebe3dd560,KO/TKO,1,2:59,3 Rnd (5-5-5),Jack Della Maddalena,Pete Rodriguez
25b8c932da5e91f4,Decision - Unanimous,3,5:00,3 Rnd (5-5-5),Alexa Grasso,Maycee Barber
3f1d1bd33a296f26,KO/TKO,2,4:56,3 Rnd (5-5-5),Daron Cruickshank,Mike Rio
e82f15afac3dac93,KO/TKO,1,2:57,3 Rnd (5-5-5),Jailton Almeida,Danilo Marques
15705df8ba8dcbe1,Decision - Split,3,5:00,3 Rnd (5-5-5),Yoshihiro Akiyama,Alan Belcher
5060770f197e2147,Decision - Split,3,5:00,3 Rnd (5-5-5),George Roop,David Kaplan
96c95cff535291d9,Decision - Split,3,5:00,3 Rnd (5-5-5),Paul Taylor,Jess Liaudin
78f46acac9223859,KO/TKO,2,0:24,3 Rnd (5-5-5),Thiago Alves,Karo Parisyan
76690fbdcaa85c21,Decision - Split,3,5:00,3 Rnd (5-5-5),Clay Guida,Hatsu Hioki
8ec7d82619bfb564,Decision - Split,3,5:00,3 Rnd (5-5-5),Mauricio Rua,Corey Anderson
27e421b97bf57d3d,KO/TKO,2,4:07,3 Rnd (5-5-5),Elias Theodorou,Roger Narvaez
a29236fcb395f443,Decision - Majority,3,5:00,3 Rnd (5-5-5),Stefan Struve,Paul Buentello
632c2d4ed12f2bdf,KO/TKO,1,0:41,3 Rnd (5-5-5),Joanderson Brito,Andre Fili
a1294453a28beda3,Submission,1,2:45,3 Rnd (5-5-5),Fernando Padilla,Luis Pajuelo
4ace70bff9debdfb,Submission,2,4:12,5 Rnd (5-5-5-5-5),Nate Diaz,Conor McGregor
aa232e53d285cc6d,KO/TKO,3,4:19,3 Rnd (5-5-5),James Krause,Sergio Moraes
82d48296fd06c27f,Decision - Unanimous,3,5:00,3 Rnd (5-5-5),Damir Ismagulov,Rafael Alves
96c247ba0eb1ac65,Decision - Unanimous,3,5:00,3 Rnd (5-5-5),TIE,TIE
31c2d8648b06a001,KO/TKO,3,4:07,3 Rnd (5-5-5),Diego Sanchez,Luigi Fioravanti
4f6d3cdf2c77fb57,KO/TKO,2,0:39,3 Rnd (5-5-5),Ike Villanueva,Vinicius Moreira
f7c9f7a6edca5299,Decision - Split,3,5:00,3 Rnd (5-5-5),Ross Pearson,Chad Laprise
b47e4f0982938e5b,KO/TKO,2,3:35,3 Rnd (5-5-5),Edson Barboza,Beneil Dariush
f3bebb48771a414a,KO/TKO,1,0:43,3 Rnd (5-5-5),Abdul Razak Alhassan,Niko Price
fceab09944a65840,Decision - Unanimous,3,5:00,3 Rnd (5-5-5),Stephen Thompson,Patrick Cote
9c79433a4686f3fc,Submission,1,3:48,3 Rnd (5-5-5),Ilir Latifi,Ovince Saint Preux
0c58b5f37bfeb65a,Submission,1,4:43,3 Rnd (5-5-5),Dennis Bermudez,Tommy Hayden
d447919ec1a9f34c,Decision - Unanimous,3,5:00,3 Rnd (5-5-5),Jessica Andrade,Sarah Moras
f98e954823bd6e02,Decision - Unanimous,3,5:00,3 Rnd (5-5-5),Chris Gutierrez,Andre Ewell
1d30430af5257347,Decision - Unanimous,3,5:00,3 Rnd (5-5-5),Ross Pearson,Andre Winner
2ab395e21080b10a,Submission,1,4:54,3 Rnd (5-5-5),Mario Bautista,Benito Lopez
16628e25a043043a,KO/TKO,1,1:35,3 Rnd (5-5-5),Christos Giagos,Ricky Glenn
923e151bd990961b,Submission,3,1:49,5 Rnd (5-5-5-5-5),Glover Teixeira,Thiago Santos
f63961f9d14bc33d,Submission,3,4:49,5 Rnd (5-5-5-5-5),Demetrious Johnson,Wilson Reis
dfc8c5161ea0ccb5,Decision - Majority,5,5:00,5 Rnd (5-5-5-5-5),Tyron Woodley,Stephen Thompson
b32acf1c70321321,Decision - Unanimous,3,5:00,3 Rnd (5-5-5),Nik Lentz,Rob Emerson
f29ba17d818d4fac,Decision - Unanimous,3,5:00,3 Rnd (5-5-5),Joanna Jedrzejczyk,Juliana Lima
c1843fa8f113d321,KO/TKO,1,0:21,3 Rnd (5-5-5),Kyle Kingsbury,Ricardo Romero
b0cb6a1da8e0da81,KO/TKO,1,0:56,3 Rnd (5-5-5),Ilir Latifi,Hans Stringer
ee0075e188e87e86,Decision - Unanimous,3,5:00,3 Rnd (5-5-5),Chris Holdsworth,Chico Camus
34c649f3f43a919b,KO/TKO,1,1:34,3 Rnd (5-5-5),Michal Oleksiejczuk,Gian Villante
6359bba789ce28ae,Decision - Unanimous,3,5:00,3 Rnd (5-5-5),Cathal Pendred,Sean Spencer
13e3e41e0c6f4e04,Decision - Unanimous,3,5:00,3 Rnd (5-5-5),Alexander Volkov,Marcin Tybura
a27a355f52883f3e,KO/TKO,1,4:30,3 Rnd (5-5-5),Sean Woodson,Collin Anglin
d2591df4fa9cc44e,Submission,2,3:06,3 Rnd (5-5-5),Bryan Barberena,Sage Northcutt
987cdcbc809e210d,Submission,1,3:16,3 Rnd (5-5-5),Khamzat Chimaev,Li Jingliang
c020ccbd7cdefb6e,Decision - Split,3,5:00,3 Rnd (5-5-5),Ovince Saint Preux,Mauricio Rua
c79c00f5443c2f6e,Decision - Unanimous,3,5:00,3 Rnd (5-5-5),Brad Tavares,Riki Fukuda
1bf1a6fc9c9acc26,Submission,1,4:53,3 Rnd (5-5-5),Kyung Ho Kang,Guido Cannetti
adb86e0206cba97d,Decision - Unanimous,3,5:00,3 Rnd (5-5-5),Michel Prazeres,JC Cottrell
88d3b6b833e31712,KO/TKO,2,2:36,3 Rnd (5-5-5),Tanner Boser,Raphael Pessoa
495e64df4c4ce7a7,Submission,3,4:01,3 Rnd (5-5-5),Karl Roberson,Roman Kopylov
55480808b1fa1f9c,KO/TKO,3,4:51,3 Rnd (5-5-5),Li Jingliang,Elizeu Zaleski dos Santos
678db400f85ae15c,KO/TKO,1,1:46,3 Rnd (5-5-5),Adriano Martins,Islam Makhachev
38f1c83c19e99fa2,Decision - Unanimous,3,5:00,3 Rnd (5-5-5),Lone'er Kavanagh,Jose Ochoa
7b9f169016746f81,Submission,2,4:58,3 Rnd (5-5-5),Gabriel Bonfim,Khaos Williams
504b540805598fa5,Submission,3,1:59,3 Rnd (5-5-5),Evan Dunham,Efrain Escudero
0de1ef0b9f3a79c0,KO/TKO,1,1:20,5 Rnd (5-5-5-5-5),Alex Pereira,Magomed Ankalaev
202d3277e569ad03,Decision - Unanimous,3,5:00,3 Rnd (5-5-5),Carlos Leal,Chidi Njokuani
edcf1d6a1bd8acc7,Decision - Split,3,5:00,3 Rnd (5-5-5),Sergio Moraes,Zak Ottow
82cf32aea3d7edf3,Submission,1,4:20,3 Rnd (5-5-5),Paul Jones,Flavio Luiz Moura
e10481ee3fda7080,Decision - Unanimous,3,5:00,3 Rnd (5-5-5),Danilo Marques,Khadis Ibragimov
96fe84d051847591,Decision - Split,3,5:00,3 Rnd (5-5-5),Sabina Mazo,JJ Aldrich
be6d6abb11ef8297,Decision - Unanimous,3,5:00,3 Rnd (5-5-5),Chico Camus,Dustin Pague
6f0dc5319bf900dc,Decision - Unanimous,3,5:00,3 Rnd (5-5-5),Rory MacDonald,Nate Diaz
80fd1902547e0744,Submission,3,3:56,3 Rnd (5-5-5),Spencer Fisher,Shannon Gugerty
3fa2e753afa0bdbb,Decision - Unanimous,3,5:00,3 Rnd (5-5-5),Vaughan Lee,Nam Phan
2e11087e1a4f066b,Decision - Split,3,5:00,3 Rnd (5-5-5),Jason Saggo,Leandro Silva
2e23e7ab6217c034,Decision - Unanimous,3,5:00,3 Rnd (5-5-5),Patrick Cummins,Kyle Kingsbury
85a58685504c63b4,KO/TKO,1,2:07,3 Rnd (5-5-5),Ilir Latifi,Chris Dempsey
838a022ca5d99cc1,Submission,2,2:09,3 Rnd (5-5-5),Alex Morono,Tim Means
3618e0e165190576,Decision - Split,3,5:00,3 Rnd (5-5-5),Sean Strickland,Luke Barnatt
04476d021385a621,KO/TKO,2,3:00,3 Rnd (5-5-5),Yushin Okami,Evan Tanner
b23c7d4fb2068989,KO/TKO,3,1:40,3 Rnd (5-5-5),Yushin Okami,Kalib Starnes
f5386c98fea7f5d4,KO/TKO,1,1:35,3 Rnd (5-5-5),Edmen Shahbazyan,Dylan Budka
dbfd7616dec2b6d5,Decision - Unanimous,3,5:00,3 Rnd (5-5-5),Marcin Prachnio,Devin Clark
28deed0ab55ca350,Decision - Unanimous,3,5:00,3 Rnd (5-5-5),Stephen Thompson,Vicente Luque
25783a9abbfee4fc,KO/TKO,3,1:58,3 Rnd (5-5-5),Johnny Bedford,Louis Gaudinot
1b4374c9d7e5139c,Decision - Unanimous,3,5:00,3 Rnd (5-5-5),Movsar Evloev,SeungWoo Choi
5ba7dd466e30169f,Decision - Unanimous,3,5:00,3 Rnd (5-5-5),Kevin Borjas,Ronaldo Rodriguez
e0ca5ac323768da0,Submission,1,0:31,3 Rnd (5-5-5),Rousimar Palhares,Mike Pierce
4e3ccffe18641d9c,Submission,1,3:15,3 Rnd (5-5-5),Donald Cerrone,Edson Barboza
b28809d58f8c18fd,KO/TKO,1,1:17,1 Rnd + OT (12-3),Vitor Belfort,Tra Telligman
48db60440ead6f6d,KO/TKO,1,3:28,3 Rnd (5-5-5),Nate Marquardt,Rousimar Palhares
282c8c6c1ed82bfb,Submission,2,1:06,5 Rnd (5-5-5-5-5),Tatsuro Taira,HyunSung Park
1114cd1515cf3b8f,KO/TKO,2,1:14,3 Rnd (5-5-5),Francis Marshall,Marcelo Rojo
79db1d9b15e16b1d,KO/TKO,1,1:01,3 Rnd (5-5-5),Houston Alexander,Alessio Sakara
8a2e28da18ba6a25,Decision - Unanimous,3,5:00,3 Rnd (5-5-5),Arnold Allen,Giga Chikadze
e8d3768f293a699b,Decision - Split,3,5:00,3 Rnd (5-5-5),Tae Hyun Bang,Leo Kuntz
0590fb4acc06fa93,Submission,3,1:35,3 Rnd (5-5-5),Olivier Aubin-Mercier,David Michaud
6242cda790f2085d,Decision - Unanimous,3,5:00,3 Rnd (5-5-5),Ivan Erslan,Tuco Tokkos
48f7e64b548806cd,Decision - Split,3,5:00,3 Rnd (5-5-5),Alejandro Perez,Andre Soukhamthath
f85bbc760000f001,KO/TKO,1,8:07,1 Rnd + OT (12-3),Pedro Rizzo,David Abbott
5980ab31e4718a83,Decision - Unanimous,3,5:00,3 Rnd (5-5-5),Kyler Phillips,Song Yadong
c2f730cb33df5221,Submission,2,3:42,3 Rnd (5-5-5),Iasmin Lucindo,Polyana Viana
c8fdd3f7178fbfa4,Submission,1,4:45,3 Rnd (5-5-5),Cezar Ferreira,Karl Roberson
17526cb9fb6072ef,Decision - Split,2,3:00,1 Rnd + OT (12-3),Dan Henderson,Carlos Newton
99170b2f2496e479,Decision - Split,3,5:00,3 Rnd (5-5-5),Jessica Andrade,Raquel Pennington
c3ef3cb03edde8bb,Decision - Unanimous,5,5:00,5 Rnd (5-5-5-5-5),Ilia Topuria,Josh Emmett
05e2832cd5ffb7a6,KO/TKO,1,1:39,5 Rnd (5-5-5-5-5),Max Holloway,Charles Oliveira
9274af24eb96e4b1,Decision - Unanimous,3,5:00,3 Rnd (5-5-5),Stipe Miocic,Joey Beltran
46a7cb6937144ba2,KO/TKO,3,3:26,3 Rnd (5-5-5),James Te Huna,Igor Pokrajac
6ccfbe3a7c5aa55e,KO/TKO,1,4:24,3 Rnd (5-5-5),Hector Sandoval,Matt Schnell
a71764d5da04e3bc,KO/TKO,2,4:06,3 Rnd (5-5-5),Roman Dolidze,Jack Hermansson
97cec48c97e7ea31,Submission,1,0:50,3 Rnd (5-5-5),Ryan Bader,Vladimir Matyushenko
20be16a1db95156c,KO/TKO,2,0:28,3 Rnd (5-5-5),Tom Duquesnoy,Patrick Williams
95349402616097cd,Decision - Split,3,5:00,3 Rnd (5-5-5),Luana Pinheiro,Michelle Waterson-Gomez
eaa63c8fb9379426,Decision - Unanimous,5,5:00,5 Rnd (5-5-5-5-5),Michael Bisping,Dan Henderson
5edfc539cc58a28d,KO/TKO,1,1:54,3 Rnd (5-5-5),Magomed Mustafaev,Joe Proctor
171007deb1cc56aa,Decision - Split,3,5:00,3 Rnd (5-5-5),Thales Leites,Nate Marquardt
14a59abb3160ddaa,KO/TKO,1,1:11,3 Rnd + OT (5-5-5-5),Eddie Gordon,Dhiego Lima
e4e1d12441b90866,KO/TKO,1,4:51,3 Rnd (5-5-5),Israel Adesanya,Derek Brunson
bc7743819590b193,KO/TKO,1,1:34,3 Rnd (5-5-5),DaMarques Johnson,Clay Harvison
b35adb9d047f5cd8,KO/TKO,1,4:42,3 Rnd (5-5-5),Evan Tanner,Phil Baroni
823d7037552a8907,KO/TKO,2,2:14,3 Rnd (5-5-5),Yves Edwards,Nick Agallar
f6066d192a16f5ff,Decision - Unanimous,3,5:00,3 Rnd (5-5-5),Ron Waterman,Satoshi Honma
c1bf9ca94c1f7f09,KO/TKO,1,4:21,3 Rnd (5-5-5),Francisco Trinaldo,Delson Heleno
024a04f78b37b7d9,KO/TKO,1,0:51,3 Rnd (5-5-5),Said Nurmagomedov,Mark Striegl
560a971c6ab8b854,Decision - Unanimous,3,5:00,3 Rnd (5-5-5),AJ Dobson,Tafon Nchukwi
7f16e7725245bb2d,Decision - Unanimous,5,5:00,5 Rnd (5-5-5-5-5),Sean Strickland,Israel Adesanya
3c2c7c095c79a506,Submission,1,0:09,1 Rnd (20),Oleg Taktarov,Anthony Macias
cdd565a16975c711,Decision - Unanimous,3,5:00,3 Rnd (5-5-5),Mike Malott,Kevin Holland
a4badfa86304f799,Decision - Unanimous,3,5:00,3 Rnd (5-5-5),Efrain Escudero,Rodrigo de Lima
a6828a6dfb21d33c,Decision - Unanimous,3,5:00,3 Rnd (5-5-5),Nasrat Haqparast,Rafa Garcia
d7507e2741fd4d05,Decision - Unanimous,5,5:00,5 Rnd (5-5-5-5-5),Max Holloway,Dustin Poirier
c1356395d6b055d7,KO/TKO,1,2:41,3 Rnd (5-5-5),Cyril Asker,Dmitrii Smoliakov
b3a304eadb9f7fb4,KO/TKO,2,2:41,5 Rnd (5-5-5-5-5),TJ Dillashaw,Cody Garbrandt
11c851a73ffb55ba,Decision - Unanimous,3,5:00,3 Rnd (5-5-5),Hakeem Dawodu,Austin Arnett
b9a3b520e68f8142,Submission,2,1:31,3 Rnd (5-5-5),Marlon Vera,Guido Cannetti
33005a28b1226d15,Decision - Split,3,5:00,3 Rnd (5-5-5),Clay Harvison,Justin Edwards
727ecd251325b6a8,KO/TKO,2,1:03,5 Rnd (5-5-5-5-5),Cory Sandhagen,Marlon Moraes
d84968d7e9fcb4f3,Decision - Unanimous,3,5:00,3 Rnd (5-5-5),Amanda Ribas,Virna Jandiroba
cee94cd937bf64f2,KO/TKO,2,2:09,3 Rnd (5-5-5),Paul Felder,Danny Castillo
f8e3b306cf3e6d95,Decision - Unanimous,3,5:00,3 Rnd (5-5-5),Martin Kampmann,Thales Leites
35ebaf80f8730b14,Decision - Unanimous,5,5:00,5 Rnd (5-5-5-5-5),Junior Dos Santos,Blagoy Ivanov
66b8f3426f36fdf7,Submission,1,2:58,3 Rnd (5-5-5),Eric Spicely,Thiago Santos
f23e9729b2b73c27,Decision - Majority,3,5:00,3 Rnd (5-5-5),Khamzat Chimaev,Kamaru Usman
73fd4982ef7aae44,Submission,2,1:27,3 Rnd (5-5-5),Urijah Faber,Brian Bowles
bd06f1c2d7e6c4a0,KO/TKO,2,1:27,3 Rnd (5-5-5),Gregory Rodrigues,Chidi Njokuani
e4d946470fd150fe,Decision - Unanimous,3,5:00,3 Rnd (5-5-5),Preston Parsons,Evan Elder
226c6a86f4f81122,Submission,1,4:30,3 Rnd (5-5-5),Chris Wade,Mehdi Baghdad
18efcec3c51750e9,Decision - Split,5,5:00,5 Rnd (5-5-5-5-5),Gray Maynard,Clay Guida
d89b849df7bff79b,KO/TKO,1,2:13,3 Rnd (5-5-5),Evan Dunham,Per Eklund
c16403197580e0af,Decision - Split,3,5:00,3 Rnd (5-5-5),Jacob Volkmann,Ronys Torres
0b8fdeeb626b4396,Decision - Unanimous,3,5:00,3 Rnd (5-5-5),Evan Dunham,Ross Pearson
d9c61052035c9b69,Submission,2,2:19,5 Rnd (5-5-5-5-5),Brock Lesnar,Shane Carwin
3b536afcc9098925,KO/TKO,3,3:19,3 Rnd (5-5-5),Darren Elkins,Mirsad Bektic
b82abffcf66db401,KO/TKO,3,2:27,3 Rnd (5-5-5),Ivan Salaverry,Andrei Semenov
5573d46130d6b967,KO/TKO,1,1:04,3 Rnd (5-5-5),Jordan Wright,Jamie Pickett
a7fca585b4fd4255,KO/TKO,1,3:48,3 Rnd (5-5-5),Alan Belcher,Jason MacDonald
f89589236dc3cbd7,Decision - Unanimous,3,5:00,3 Rnd (5-5-5),Michael Bisping,Dan Miller
29d9c5a3f2b78903,Decision - Unanimous,3,5:00,3 Rnd (5-5-5),SuYoung You,AJ Cunningham
48fccedc8889a473,Decision - Unanimous,2,3:00,1 Rnd + OT (12-3),Mikey Burnett,Townsend Saunders
d564db29997e1371,Decision - Unanimous,3,5:00,3 Rnd (5-5-5),Caio Borralho,Reinier de Ridder
33afdd7ad43a2756,KO/TKO,3,2:42,5 Rnd (5-5-5-5-5),Manel Kape,Kyoji Horiguchi
0864112e968630ea,KO/TKO,1,4:57,3 Rnd (5-5-5),Alex Nicholson,Devin Clark
0b1af005a5f25561,Submission,1,4:15,3 Rnd (5-5-5),Niklas Backstrom,Tom Niinimaki
a5827bfce19e63ea,Submission,1,3:07,3 Rnd (5-5-5),Jussier Formiga,Scott Jorgensen
75a401066ad784f6,KO/TKO,2,4:21,3 Rnd (5-5-5),Pedro Rizzo,Josh Barnett
64f5c4f3f3d8ad2c,Submission,3,4:06,3 Rnd (5-5-5),John Moraga,Willie Gates
c8dfcbee63266273,Decision - Unanimous,3,5:00,3 Rnd (5-5-5),Rustam Khabilov,Sergey Khandozhko
bb5ceaf835c0bb18,KO/TKO,2,2:27,3 Rnd (5-5-5),Paul Buentello,Gilbert Aldana
781b4b6951df64fe,KO/TKO,2,3:38,3 Rnd (5-5-5),Khabib Nurmagomedov,Darrell Horcher
9dfac33cd3ae4afd,KO/TKO,1,2:10,3 Rnd (5-5-5),Yorgan De Castro,Justin Tafa
30abc50a2e71c576,Decision - Unanimous,3,5:00,3 Rnd (5-5-5),Natan Levy,Genaro Valdez
35cfe0b894b93332,Submission,1,2:40,3 Rnd (5-5-5),Ken Stone,Donny Walker
0f826e7bbb73b53f,Decision - Unanimous,3,5:00,3 Rnd (5-5-5),Poliana Botelho,Pearl Gonzalez
bf658320ccd69021,Submission,1,2:51,3 Rnd (5-5-5),Alex Oliveira,KJ Noons
1c84dafe38694c05,Decision - Unanimous,3,5:00,3 Rnd (5-5-5),Nicolas Dalby,Claudio Silva
1af574c0814429ac,Submission,1,2:50,3 Rnd (5-5-5),David Zawada,Abubakar Nurmagomedov
4924d7a980f4cde2,Submission,3,2:59,3 Rnd (5-5-5),Brian Ortega,Renato Moicano
d61373d9fdf01a12,KO/TKO,4,5:00,5 Rnd (5-5-5-5-5),Brendan Allen,Reinier de Ridder
8fc238e84c4624a7,KO/TKO,1,4:25,3 Rnd (5-5-5),Paddy Pimblett,Luigi Vendramini
563adcb4abd48f6b,Decision - Unanimous,3,5:00,3 Rnd (5-5-5),Ivan Jorge,Keith Wisniewski
9b8a82276f06829f,KO/TKO,2,4:15,3 Rnd (5-5-5),Sergey Khandozhko,Dwight Grant
377c8eb085bb8e00,Decision - Split,3,5:00,3 Rnd (5-5-5),Raquel Pennington,Bethe Correia
eeeffa7f514e0c0e,KO/TKO,1,1:02,3 Rnd (5-5-5),Rinya Nakamura,Nathan Fletcher
6a7347d1da8a2b87,Decision - Unanimous,3,5:00,3 Rnd (5-5-5),Pat Sabatini,Tristan Connelly
b193e2317b21125c,Decision - Unanimous,3,5:00,3 Rnd (5-5-5),Manon Fiorot,Mayra Bueno Silva
23ba354e606df0ac,Decision - Unanimous,3,5:00,3 Rnd (5-5-5),Sultan Aliev,Keita Nakamura
cfbaeb80b5ff7c00,Decision - Unanimous,3,5:00,3 Rnd (5-5-5),Beneil Dariush,Tony Ferguson
22a243c5fba0fb46,Decision - Unanimous,3,5:00,3 Rnd (5-5-5),Francisco Trinaldo,Akbarh Arreola
7c23770c639dcd22,Decision - Unanimous,3,5:00,3 Rnd (5-5-5),Jimmie Rivera,Thomas Almeida
68913a422f548ccc,Decision - Unanimous,3,5:00,3 Rnd (5-5-5),Youssef Zalal,Calvin Kattar
2cfde31b41b2220d,Submission,1,3:54,5 Rnd (5-5-5-5-5),Matt Hughes,Frank Trigg
cd08b68f0bafafbf,KO/TKO,2,0:54,3 Rnd (5-5-5),Marina Rodriguez,Amanda Ribas
3fa8ee3fdc04fe36,Decision - Unanimous,5,5:00,5 Rnd (5-5-5-5-5),Leon Edwards,Colby Covington
29f40d82bd128c65,Submission,3,4:51,3 Rnd (5-5-5),Jimmy Crute,Paul Craig
8fbdde20b712b8da,Submission,1,1:07,No Time Limit,Patrick Smith,Johnny Rhodes
dbed6292db8b0212,KO/TKO,2,2:40,3 Rnd (5-5-5),Siyar Bahadurzada,Luan Chagas
e322eae035f7c00f,Submission,2,2:13,3 Rnd (5-5-5),Ricardo Lamas,Charles Oliveira
692ceb2ac5fa4427,KO/TKO,1,3:46,3 Rnd (5-5-5),Germaine de Randamie,Anna Elmose
b58972ad7dcf65e6,Submission,2,1:59,3 Rnd (5-5-5),Bea Malecki,Duda Santana
288f7fb936c1523c,KO/TKO,1,1:17,3 Rnd (5-5-5),Nursulton Ruziboev,Brunno Ferreira
2a1071689c3af9df,Decision - Split,3,5:00,3 Rnd (5-5-5),Chris Padilla,Jai Herbert
af8ea6db042674ef,Submission,2,4:52,3 Rnd (5-5-5),Danilo Marques,Mike Rodriguez
0a3e48cdd97267f4,Decision - Unanimous,3,5:00,3 Rnd (5-5-5),Amanda Lemos,Mizuki
ee4d086121100177,Submission,1,2:38,3 Rnd (5-5-5),Thiago Tavares,Justin Salas
f5a038c18f7a44fc,Decision - Unanimous,3,5:00,3 Rnd (5-5-5),Marina Rodriguez,Jessica Aguilar
2521fed000747f47,Submission,1,1:39,3 Rnd (5-5-5),Jordan Leavitt,Kurt Holobaugh
9feb9500b0fedfcd,KO/TKO,1,1:04,5 Rnd (5-5-5-5-5),Arman Tsarukyan,Beneil Dariush
9f5c84d05107f42b,Decision - Unanimous,3,5:00,3 Rnd (5-5-5),Hacran Dias,Darren Elkins
8bd5f20f49434c65,Submission,3,1:15,3 Rnd (5-5-5),Felipe Lima,Muhammad Naimov
bb15c0a2911043bd,Submission,1,4:49,3 Rnd (5-5-5),Taila Santos,Joanne Wood
417049c7a3d65ccc,Decision - Unanimous,3,5:00,3 Rnd (5-5-5),Don'Tale Mayes,Caio Machado
b1eff235241e719b,KO/TKO,2,0:52,5 Rnd (5-5-5-5-5),Francis Ngannou,Stipe Miocic
02a373f6503b3530,Decision - Unanimous,5,5:00,5 Rnd (5-5-5-5-5),Cain Velasquez,Junior Dos Santos
4965d8eab468b839,Decision - Unanimous,3,5:00,3 Rnd (5-5-5),Lauren Murphy,Miesha Tate
92e9c53671ac8fe7,Decision - Split,3,5:00,3 Rnd (5-5-5),Clay Guida,Nate Diaz
fc0d77057ec806fe,Submission,1,2:56,3 Rnd (5-5-5),Matt Wiman,Justin Buchholz
eb76a5b76a68e4c4,Decision - Unanimous,3,5:00,3 Rnd (5-5-5),Joaquin Buckley,Alex Morono
5d64044b985004e7,Submission,2,1:21,3 Rnd (5-5-5),Clay Guida,Leonardo Santos
995f0dcdcd5fe43c,KO/TKO,1,1:17,3 Rnd (5-5-5),Rony Jason,Steven Siler
c8a9d3917d77ede2,Decision - Unanimous,3,5:00,3 Rnd (5-5-5),Pedro Munhoz,Brett Johns
5cab50839f4a0d94,KO/TKO,3,1:25,3 Rnd (5-5-5),Ovince Saint Preux,Corey Anderson
463fc1fd1f17befb,Decision - Unanimous,3,5:00,3 Rnd (5-5-5),Bryan Barberena,Anthony Ivy
6f3e189c393c0e09,Submission,1,1:45,3 Rnd (5-5-5),Beneil Dariush,Charlie Brenneman
dfc62aa72446e4a8,Decision - Unanimous,3,5:00,3 Rnd (5-5-5),Elise Reed,Jinh Yu Frey
0c6e3c1f03cd4061,Decision - Unanimous,3,5:00,3 Rnd (5-5-5),Charles Jourdain,Kron Gracie
c5d48ca7c22f857e,Decision - Unanimous,3,5:00,3 Rnd (5-5-5),Dong Hyun Ma,Brendan O'Reilly
d2519c169f3039ee,Decision - Unanimous,3,5:00,3 Rnd (5-5-5),Mitch Gagnon,Tim Gorman
5e7f4ba1210f433d,Submission,1,3:58,3 Rnd (5-5-5),Nursulton Ruziboev,Andrey Pulyaev
5adcbd20eed3795d,KO/TKO,1,3:00,3 Rnd (5-5-5),Jake Ellenberger,Nate Marquardt
ab6cd718c5459eeb,Submission,1,2:44,3 Rnd (5-5-5),Jake Matthews,Shinsho Anzai
f5156ca4dcd2a0e3,KO/TKO,1,5:31,1 Rnd (10),Gary Goodridge,Jerry Bohlander
3b06c512abfa0494,Decision - Unanimous,3,5:00,3 Rnd (5-5-5),Matthew Semelsberger,AJ Fletcher
6c62796d9b7e94a0,Decision - Unanimous,3,5:00,3 Rnd (5-5-5),Krzysztof Jotko,Tor Troeng
8040697ea2f36dbd,KO/TKO,3,4:57,3 Rnd (5-5-5),Rashid Magomedov,Elias Silverio
054f1423ba7c121e,Decision - Split,3,5:00,3 Rnd (5-5-5),Roan Carneiro,Kenny Robertson
09a2909e1848be52,Decision - Unanimous,5,5:00,5 Rnd (5-5-5-5-5),Carlos Condit,Nick Diaz
c3544bce29be1281,Decision - Split,3,5:00,3 Rnd (5-5-5),Ryan Bader,Phil Davis
1201d192092baacf,KO/TKO,1,4:15,3 Rnd (5-5-5),Frank Trigg,Dennis Hallman
97e522591ac7eb29,Decision - Unanimous,3,5:00,3 Rnd (5-5-5),Luis Saldana,Bruno Souza
061081f46950fdb0,Submission,2,1:54,3 Rnd (5-5-5),Alex Perez,Carls John De Tomas
1ca4274019680d23,Decision - Split,3,5:00,3 Rnd (5-5-5),Sultan Aliev,Bojan Velickovic
1aaa1a9ceecd6063,KO/TKO,1,1:07,3 Rnd (5-5-5),Marlon Moraes,Aljamain Sterling
f82c414666fe934c,Decision - Unanimous,3,5:00,3 Rnd (5-5-5),Mike Wilkinson,Brendan Loughnane
abf0f8234f6be37e,Decision - Unanimous,3,5:00,3 Rnd (5-5-5),Neil Magny,Johny Hendricks
2ba11e0bf32829d6,Submission,3,4:25,3 Rnd (5-5-5),Brendan Allen,Andre Muniz
8f5482992dad74d2,Decision - Unanimous,3,5:00,3 Rnd (5-5-5),Jussier Formiga,Sergio Pettis
77b6fd5d0b8c60b4,Submission,1,4:33,3 Rnd (5-5-5),Erick Silva,Charlie Brenneman
d9d7e8e9149e61b1,KO/TKO,1,1:32,3 Rnd (5-5-5),Kendall Grove,Jason Day
c0af8cf5befb2dcf,Submission,1,2:27,3 Rnd (5-5-5),Jailton Almeida,Alexandr Romanov
80eae31bc0a94a65,Decision - Unanimous,3,5:00,3 Rnd (5-5-5),Jacqueline Cavalcanti,Mayra Bueno Silva
037d2f426c916ffc,KO/TKO,2,1:06,5 Rnd (5-5-5-5-5),Curtis Blaydes,Junior Dos Santos
e97b609eefc5fd61,KO/TKO,3,2:08,3 Rnd (5-5-5),Jared Cannonier,Nick Roehrick
2a8ff828e4891b82,Submission,1,2:57,3 Rnd (5-5-5),Kenny Robertson,Brock Jardine
14477908199435e1,KO/TKO,1,1:19,3 Rnd (5-5-5),Vicente Luque,Belal Muhammad
9fb9af6599d67b1d,Decision - Unanimous,3,5:00,3 Rnd (5-5-5),Ian Heinisch,Antonio Carlos Junior
83b32e9300fec365,Decision - Unanimous,3,5:00,3 Rnd (5-5-5),Erik Perez,Taylor Lapilus
3a4e2dffcdd1c838,Decision - Unanimous,3,5:00,3 Rnd (5-5-5),Magomed Ankalaev,Nikita Krylov
c29850ed8d9d1073,Decision - Unanimous,3,5:00,3 Rnd (5-5-5),Phil Davis,Vinny Magalhaes
87dcb3eab20f6ac1,KO/TKO,1,0:56,3 Rnd (5-5-5),Josh Hokit,Max Gimenis
1290d7eb0fefd3f3,KO/TKO,1,2:55,3 Rnd (5-5-5),Dominick Reyes,Jared Cannonier
3ca05de15ddd658b,Submission,1,4:09,3 Rnd (5-5-5),Renan Barao,Brad Pickett
1b0d5e65fdfc62cf,Decision - Unanimous,3,5:00,3 Rnd (5-5-5),Billy Quarantillo,Damon Jackson
3ad3acca165a5d90,Submission,2,3:49,3 Rnd (5-5-5),Antonio Carlos Junior,Eric Spicely
98cea844501261a9,Decision - Unanimous,3,5:00,3 Rnd (5-5-5),Fabio Maldonado,Gian Villante
2b417eb1ffa56ac1,Submission,1,3:29,3 Rnd (5-5-5),Jimmy Crute,Michal Oleksiejczuk
bb58aad30b58b1e4,Decision - Unanimous,3,5:00,3 Rnd (5-5-5),Josh Koscheck,Paul Daley
982f4f96b6d0f346,Decision - Split,5,5:00,5 Rnd (5-5-5-5-5),Benson Henderson,Jorge Masvidal
1cc9816d18aa29d0,KO/TKO,3,2:18,3 Rnd (5-5-5),Sergio Moraes,Omari Akhmedov
05dce98da0acefd8,KO/TKO,1,0:50,3 Rnd (5-5-5),Steven Siler,Mike Brown
0273dbd5dedbdbe0,KO/TKO,1,3:01,3 Rnd (5-5-5),Joel Alvarez,Thiago Moises
66eddbe35056c06d,Decision - Unanimous,5,5:00,5 Rnd (5-5-5-5-5),Zhang Weili,Yan Xiaonan
58b2fdad7af9be02,KO/TKO,1,3:38,3 Rnd (5-5-5),Charlie Campbell,Alex Reyes
8d7ea177efadc718,Decision - Split,3,5:00,3 Rnd (5-5-5),Diego Sanchez,Ross Pearson
9a1d57966d8a17a4,Decision - Unanimous,3,5:00,3 Rnd (5-5-5),Anthony Johnson,Phil Davis
68c77a11b2d308dd,KO/TKO,2,4:13,3 Rnd (5-5-5),Gillian Robertson,Sarah Frota
e5261884b0a0ed39,KO/TKO,2,2:10,3 Rnd (5-5-5),David Loiseau,Charles McCarthy
6655a8da2655f2d0,KO/TKO,3,1:16,3 Rnd (5-5-5),Edson Barboza,Shane Burgos
87105c63df95f929,Decision - Unanimous,3,5:00,3 Rnd (5-5-5),Loma Lookboonmee,Jinh Yu Frey
d3e37d1c95a5f382,Submission,1,4:42,3 Rnd (5-5-5),Matt Arroyo,John Kolosci
0fd5485e64712df9,Decision - Unanimous,3,5:00,3 Rnd (5-5-5),Joseph Benavidez,Eddie Wineland
3a1d4016452477f5,Decision - Split,3,5:00,3 Rnd (5-5-5),Rick Story,Nick Osipczak
10a57b983e59f727,KO/TKO,2,4:59,3 Rnd (5-5-5),Fares Ziam,Nazim Sadykhov
8b79a80f775d9f03,Submission,1,1:40,3 Rnd (5-5-5),Rachael Ostovich,Karine Gevorgyan
83a7cc0b0de904b9,Decision - Unanimous,3,5:00,3 Rnd (5-5-5),Demian Maia,Dan Miller
2f0cbf0502173a79,KO/TKO,3,4:22,5 Rnd (5-5-5-5-5),Joanna Jedrzejczyk,Jessica Penne
ae7a8f19743e8154,KO/TKO,1,4:10,3 Rnd (5-5-5),Elijah Smith,Toshiomi Kazama
c3425412e4f2f486,Decision - Split,3,5:00,3 Rnd (5-5-5),Claudia Gadelha,Carla Esparza
d763ad79532b27ff,KO/TKO,2,1:12,3 Rnd (5-5-5),Greg Hardy,Maurice Greene
5724a9cf463c8390,Submission,2,3:02,3 Rnd (5-5-5),Erik Koch,Shane Campbell
bba6cc8760da34ab,Decision - Unanimous,3,5:00,3 Rnd (5-5-5),Said Nurmagomedov,Douglas Silva de Andrade
7d26a6b4b6845e1b,Decision - Split,3,5:00,3 Rnd (5-5-5),Clint Hester,Antonio Braga Neto
828de4f5585c908c,KO/TKO,1,2:36,3 Rnd + OT (5-5-5-5),DongHun Choi,Kiru Sahota
c3986c1a56a6e94d,Decision - Unanimous,3,5:00,3 Rnd (5-5-5),Loma Lookboonmee,Bruna Brasil
e3c9c95b67580b9b,Submission,3,1:30,3 Rnd (5-5-5),Jake Rosholt,Chris Leben
11f715fa5e825e51,Decision - Unanimous,5,5:00,5 Rnd (5-5-5-5-5),Robert Whittaker,Darren Till
e3826e06d68ed4af,KO/TKO,2,4:13,3 Rnd (5-5-5),Diego Sanchez,Mickey Gall
66f0238fac31130f,Submission,3,4:48,3 Rnd (5-5-5),Cole Miller,Jorge Gurgel
8b08b73f16ff7b3b,Decision - Unanimous,3,5:00,3 Rnd (5-5-5),Roland Delorme,Edwin Figueroa
b5b5156c713c5d47,KO/TKO,1,3:47,3 Rnd (5-5-5),Viacheslav Borshchev,Dakota Bush
b247a1900cfae052,Submission,1,3:59,3 Rnd (5-5-5),Kyung Ho Kang,Teruto Ishihara
62aab95c866a9c5b,KO/TKO,1,2:30,3 Rnd (5-5-5),David Branch,Thiago Santos
958f3b45c132c3b7,Decision - Split,3,5:00,3 Rnd (5-5-5),Renato Moicano,Zubaira Tukhugov
d80b07269dd36aad,Decision - Unanimous,3,5:00,3 Rnd (5-5-5),Karo Parisyan,Matt Serra
cb8e91f8b9f0e24f,Submission,2,0:24,3 Rnd (5-5-5),Renato Sobral,Travis Wiuff
997753de17f81e3a,Decision - Unanimous,2,3:00,1 Rnd + OT (12-3),Kevin Randleman,Maurice Smith
85e130a7c48f25f6,Submission,1,1:34,3 Rnd (5-5-5),Jamie Varner,Jason Gilliam
01468f766dd7385c,Submission,2,1:29,3 Rnd (5-5-5),Wellington Turman,Misha Cirkunov
d69e3677060af4c7,KO/TKO,1,2:25,3 Rnd (5-5-5),King Green,Al Iaquinta
5301d765d64f863e,Decision - Unanimous,3,5:00,3 Rnd (5-5-5),Sean Strickland,Igor Araujo
e9ec16e4e7cfb120,Decision - Split,3,5:00,3 Rnd (5-5-5),Tom Niinimaki,Rani Yahya
ce9e10ad39976287,Submission,2,2:17,3 Rnd (5-5-5),Jimy Hettes,Robert Whiteford
d4d4ee045b0ca695,Decision - Unanimous,3,5:00,3 Rnd (5-5-5),Petr Yan,Marcus McGhee
3ee1a3216cf66b95,KO/TKO,1,3:21,3 Rnd (5-5-5),Daron Cruickshank,Erik Koch
7fe2b6a9fc4748fa,Decision - Unanimous,3,5:00,3 Rnd (5-5-5),Jessica Aguilar,Jodie Esquibel
c4bbae7615545c85,Decision - Unanimous,3,5:00,3 Rnd (5-5-5),John Makdessi,Pat Audinwood
5b062be91c65fb73,Submission,1,4:40,3 Rnd (5-5-5),Shavkat Rakhmonov,Alex Oliveira
8dbfbd8f8bd0f00b,Decision - Unanimous,3,5:00,3 Rnd (5-5-5),Marcos Rogerio de Lima,Waldo Cortes Acosta
fa3b940bd48da7e2,KO/TKO,1,1:23,1 Rnd (20),Jon Hess,Andy Anderson
91cef206019c119e,Submission,1,0:55,3 Rnd (5-5-5),Andrei Arlovski,Aaron Brink
0f461c4ddf70eff9,KO/TKO,2,1:54,3 Rnd (5-5-5),Michael Bisping,Jorge Rivera
844fc95da48937b3,Decision - Unanimous,3,5:00,3 Rnd (5-5-5),Karo Parisyan,Drew Fickett
618b581f14a37e06,Submission,2,4:20,3 Rnd (5-5-5),Jake Ellenberger,Josh Koscheck
eac1c31f1b3d11f3,KO/TKO,3,0:54,3 Rnd (5-5-5),Tim Boetsch,Yushin Okami
591e7797363a6c89,Submission,2,4:36,3 Rnd (5-5-5),Alan Belcher,Denis Kang
976d2cc3d08ca814,KO/TKO,1,2:30,3 Rnd (5-5-5),Stevie Ray,Leonardo Mafra
96f09d5db68951ef,Decision - Unanimous,3,5:00,3 Rnd (5-5-5),Viktor Pesta,Konstantin Erokhin
51218519be104794,Decision - Unanimous,3,5:00,3 Rnd (5-5-5),Merab Dvalishvili,Casey Kenney
147e984aa34e3028,Decision - Unanimous,5,5:00,5 Rnd (5-5-5-5-5),Max Holloway,Yair Rodriguez
4a2e7e2c8cfdaf5f,Decision - Unanimous,3,5:00,3 Rnd (5-5-5),Felice Herrig,Alexa Grasso
87c73e2086214b5c,KO/TKO,1,3:25,5 Rnd (5-5-5-5-5),Anderson Silva,Vitor Belfort
5de3a1bbcf705b58,KO/TKO,2,2:42,3 Rnd (5-5-5),Denise Gomes,Bruna Brasil
a5962421d687de8f,Submission,1,2:01,3 Rnd (5-5-5),Joe Lauzon,Gabe Ruediger
7b53967f282a0d0a,Decision - Unanimous,3,5:00,3 Rnd (5-5-5),Alexander Volkanovski,Jose Aldo
1720a97a2fa261f8,Decision - Unanimous,3,5:00,3 Rnd (5-5-5),Marcin Tybura,Ben Rothwell
8353b491afa7bc32,Decision - Unanimous,3,5:00,3 Rnd (5-5-5),Yana Santos,Macy Chiasson
1d7015553debd1c8,KO/TKO,2,3:04,5 Rnd (5-5-5-5-5),Conor McGregor,Eddie Alvarez
c039953c2f438832,Decision - Unanimous,3,5:00,3 Rnd (5-5-5),Danny Castillo,John Cholish
18273af728dda0c8,KO/TKO,2,3:25,3 Rnd (5-5-5),Ricco Rodriguez,Tsuyoshi Kohsaka
083a6edd8bb21bc8,KO/TKO,1,3:52,3 Rnd (5-5-5),Vicente Luque,Derrick Krantz
5d9b84493f1ed114,Decision - Unanimous,3,5:00,3 Rnd (5-5-5),Armen Petrosyan,Christian Leroy Duncan
5e52b0bf9719f0ae,Submission,2,1:54,3 Rnd (5-5-5),Paulo Thiago,Mike Swick
4dc03e76536b85e5,KO/TKO,3,1:54,3 Rnd (5-5-5),Ben Rothwell,Brandon Vera
c31d9cac7534d879,Decision - Unanimous,3,5:00,3 Rnd (5-5-5),Gillian Robertson,Luana Pinheiro
63670e1b8f164d4a,Decision - Split,3,5:00,3 Rnd (5-5-5),Ode Osbourne,Charles Johnson
f0815638f558968d,KO/TKO,1,2:38,3 Rnd (5-5-5),Nate Diaz,Gray Maynard
27a6a6d4e3f8be75,KO/TKO,1,3:41,3 Rnd (5-5-5),Mark Hunt,Antonio Silva
8accd04438b91262,Decision - Unanimous,3,5:00,3 Rnd (5-5-5),Diego Ferreira,Mairbek Taisumov
02713b2d25f74d43,Submission,2,4:10,3 Rnd (5-5-5),Dustin Stoltzfus,Punahele Soriano
55231cc4112334b4,KO/TKO,3,2:36,3 Rnd (5-5-5),Victor Henry,Rani Yahya
e8bb812cd91d9c28,KO/TKO,1,1:59,3 Rnd (5-5-5),Joe Proctor,Jeremy Larsen
6d6ab10cbaa45e8c,Decision - Majority,3,5:00,3 Rnd (5-5-5),TIE,TIE
f9a4e625dffc30d4,Decision - Unanimous,3,5:00,3 Rnd (5-5-5),Katlyn Cerminara,Jennifer Maia
cc17e4d182235a95,KO/TKO,1,4:45,3 Rnd (5-5-5),Patrick Cote,Kendall Grove
518fec4812ed1587,KO/TKO,2,3:30,3 Rnd (5-5-5),Roger Huerta,Doug Evans
b6475543ab6d20c9,KO/TKO,1,2:12,3 Rnd (5-5-5),Modestas Bukauskas,Rafael Cerqueira
68e1a69423360900,KO/TKO,2,4:00,3 Rnd (5-5-5),Hyun Gyu Lim,Marcelo Guimaraes
19eed5d9781b47ac,KO/TKO,3,1:27,3 Rnd (5-5-5),Chad Laprise,Brian Camozzi
f0fe73e650b746f2,KO/TKO,1,1:31,3 Rnd (5-5-5),Jeka Saragih,Lucas Alexander
cfc550960a7ec353,KO/TKO,3,3:30,5 Rnd (5-5-5-5-5),Alexander Volkov,Stefan Struve
607722017a9d7e22,KO/TKO,1,2:13,3 Rnd (5-5-5),Alexander Gustafsson,Vladimir Matyushenko
d0fcabb07a3e9500,Submission,3,1:17,3 Rnd (5-5-5),Jason Von Flue,Alex Karalexis
14a40f30e0cb22c9,KO/TKO,2,1:24,3 Rnd (5-5-5),Neil Magny,Hyun Gyu Lim
7ab72866ff2a6a7e,KO/TKO,3,3:24,3 Rnd (5-5-5),Bryan Barberena,Joe Ellenberger
26888b89fbd860cf,Submission,2,1:15,3 Rnd (5-5-5),Nick Catone,Derek Downey
71854cfe738d6ee1,Decision - Unanimous,3,5:00,3 Rnd (5-5-5),Daniel Kelly,Chris Camozzi
6b532f492e98d22f,Submission,2,3:07,3 Rnd (5-5-5),Alexis Davis,Sarah Kaufman
baf17e5e1fe1c744,Decision - Unanimous,3,5:00,3 Rnd (5-5-5),Molly McCann,Diana Belbita
00cf159d5e637238,KO/TKO,1,0:51,3 Rnd (5-5-5),Roy Nelson,Dave Herman
328ae84bf2af537e,Decision - Split,3,5:00,3 Rnd (5-5-5),Ernest Chavez,Yosdenis Cedeno
3d7ea6012fd8f786,Decision - Unanimous,3,5:00,3 Rnd (5-5-5),Nasrat Haqparast,Thibault Gouti
39f07708af6ecfc7,KO/TKO,1,1:35,3 Rnd (5-5-5),Thiago Silva,Keith Jardine
7d4e11c2a9485320,KO/TKO,1,3:30,3 Rnd (5-5-5),Bryan Barberena,Joe Proctor
85feac6924abb35b,Submission,1,4:12,3 Rnd (5-5-5),Gerald Meerschaert,Joseph Gigliotti
b8b2cdf962cc65a0,KO/TKO,1,1:32,3 Rnd (5-5-5),Lyman Good,Ben Saunders
a5558e8fec59a687,KO/TKO,1,3:23,3 Rnd (5-5-5),Mick Parkin,Lukasz Brzeski
a9184def876faec6,Submission,1,1:01,3 Rnd (5-5-5),Emily Whitmire,Aleksandra Albu
674f3fa16e717ff1,Decision - Split,3,5:00,3 Rnd (5-5-5),Alex Caceres,Martin Bravo
340fcdcabc49f142,Decision - Unanimous,3,5:00,3 Rnd (5-5-5),Ailin Perez,Karol Rosa
9ea4087371f7a892,Decision - Unanimous,3,5:00,3 Rnd (5-5-5),Chuck Liddell,Jeff Monson
0fed97329b78b887,KO/TKO,1,3:51,3 Rnd (5-5-5),Giga Chikadze,Jamey Simmons
e4d0be5ae320c4ae,Decision - Unanimous,3,5:00,3 Rnd (5-5-5),Jonathan Martinez,Thomas Almeida
1ff4586752ee8a93,Decision - Unanimous,3,5:00,3 Rnd (5-5-5),Aleksandar Rakic,Anthony Smith
fd61e6146f3b2942,KO/TKO,3,4:33,3 Rnd (5-5-5),Tatiana Suarez,Carla Esparza
50cae63d530ede7c,Decision - Unanimous,5,5:00,5 Rnd (5-5-5-5-5),Chan Sung Jung,Dan Ige
5e9c027fb24efc2b,Decision - Unanimous,3,5:00,3 Rnd (5-5-5),Marvin Vettori,Roman Dolidze
691c0d2f30e4de5a,Decision - Unanimous,3,5:00,3 Rnd (5-5-5),Cat Zingano,Marion Reneau
aa71cf96ba4e5a36,Submission,1,4:55,3 Rnd (5-5-5),Lando Vannata,Marcos Mariano
c8a04210d832a928,Submission,1,7:40,1 Rnd + 2OT (15-3-3),Frank Shamrock,John Lober
b279559f15ecf29b,Submission,3,3:33,3 Rnd (5-5-5),Neil Magny,Daniel Rodriguez
15aa55a91cf848cf,Decision - Split,3,5:00,3 Rnd (5-5-5),Alatengheili,Ryan Benoit
b381dc272b32ce03,KO/TKO,1,1:00,3 Rnd (5-5-5),Bruno Silva,Victor Rodriguez
93fb6c7e590487f9,KO/TKO,2,3:21,3 Rnd (5-5-5),Claudio Ribeiro,Joseph Holmes
ef2ccb690dcd943f,Submission,1,3:05,1 Rnd (20),Remco Pardoel,Ryan Parker
53d6a7634c7fc036,Decision - Unanimous,3,5:00,3 Rnd (5-5-5),Ramazan Emeev,Alberto Mina
735ed861dee80d25,KO/TKO,2,0:20,3 Rnd (5-5-5),Thales Leites,Francis Carmont
f47a32ec7dfda660,KO/TKO,1,2:15,5 Rnd (5-5-5-5-5),Anthony Johnson,Alexander Gustafsson
dfa8fd0b82b37fa1,KO/TKO,2,4:44,3 Rnd (5-5-5),Benoit Saint Denis,Thiago Moises
c8bc7e668ffffc7c,Submission,1,2:06,3 Rnd (5-5-5),Kron Gracie,Alex Caceres
e87b5c403533b057,Decision - Unanimous,5,5:00,5 Rnd (5-5-5-5-5),Georges St-Pierre,Josh Koscheck
c3ca708aaf4262a7,Submission,2,2:28,3 Rnd (5-5-5),Kennedy Nzechukwu,Devin Clark
d918da575ee1bc35,Submission,1,3:26,3 Rnd (5-5-5),Jafel Filho,Daniel Barez
6a7db3750822d7be,Submission,2,0:49,3 Rnd (5-5-5),Tresean Gore,Josh Fremd
ee1950e871aa5cc2,KO/TKO,2,3:12,3 Rnd (5-5-5),Katsuhisa Fujii,Masutatsu Yano
df30514e0674d598,Decision - Unanimous,3,5:00,3 Rnd (5-5-5),Movsar Evloev,Aljamain Sterling
e06f96f3484ad74a,KO/TKO,2,2:56,3 Rnd (5-5-5),Jessica Andrade,Jessica Penne
1260d0031a5e469d,KO/TKO,2,1:43,3 Rnd (5-5-5),George Roop,Brian Bowles
5304956aada097e8,Decision - Unanimous,3,5:00,3 Rnd (5-5-5),Michael Johnson,Darrius Flowers
e4b13f7f43018ec0,Decision - Unanimous,3,5:00,3 Rnd (5-5-5),Damir Ismagulov,Joel Alvarez
8b97cd609c7152b7,Decision - Unanimous,3,5:00,3 Rnd (5-5-5),John Dodson,Eddie Wineland
4a17876e99f6baf3,Submission,2,3:10,3 Rnd (5-5-5),Ilia Topuria,Bryce Mitchell
9f114a219523bf7d,Decision - Unanimous,3,5:00,3 Rnd (5-5-5),Shane Burgos,Godofredo Pepey
2ab2753040f455e0,Decision - Unanimous,5,5:00,5 Rnd (5-5-5-5-5),Junior Dos Santos,Stipe Miocic
4f5ce22f8384d151,KO/TKO,1,1:56,3 Rnd (5-5-5),Falaniko Vitale,Matt Lindland
a3d75cc363a6544b,Submission,3,4:49,3 Rnd (5-5-5),Carlos Ulberg,Da Woon Jung
45a52e065b73ecba,Decision - Unanimous,3,5:00,3 Rnd (5-5-5),Karo Parisyan,Chris Lytle
b319a24919106555,KO/TKO,1,4:06,3 Rnd (5-5-5),Kevin Lee,Jake Matthews
dedb74ee9d84deab,Decision - Majority,3,5:00,3 Rnd (5-5-5),Fares Ziam,Luigi Vendramini
fc1f199c8ba32a19,KO/TKO,3,2:01,3 Rnd (5-5-5),War Machine,Jared Rollins
c7190cd03e53fb61,Submission,2,2:35,3 Rnd (5-5-5),Benoit Saint Denis,Kyle Prepolec
d20dc2d68305fc31,KO/TKO,1,4:36,3 Rnd (5-5-5),James Moontasri,Anton Zafir
e7ff18a0cfa09702,Submission,1,1:17,3 Rnd (5-5-5),Frank Mir,Antoni Hardonk
b638646fb297228d,Decision - Unanimous,3,5:00,3 Rnd (5-5-5),Bill Algeo,Alexander Hernandez
d9a218ac3e148541,KO/TKO,1,4:47,3 Rnd (5-5-5),Brendan Allen,Tom Breese
3d46d635f9ae5e68,KO/TKO,1,0:49,3 Rnd (5-5-5),Philipe Lins,Ovince Saint Preux
13129c1f044fdd47,Decision - Unanimous,3,5:00,3 Rnd (5-5-5),Andrea Lee,Montana De La Rosa
223f9a750428e1d0,KO/TKO,1,1:40,5 Rnd (5-5-5-5-5),Frank Mir,Antonio Silva
2e8058fb2344ae3f,Decision - Split,3,5:00,3 Rnd (5-5-5),Bruno Santos,Chris Camozzi
5f9b11f4cb3057f2,KO/TKO,2,1:03,3 Rnd (5-5-5),John Lineker,Jose Maria
bc84680df666c96d,Decision - Unanimous,3,5:00,3 Rnd (5-5-5),Benito Lopez,Albert Morales
cca4d763b1c6de0a,Decision - Unanimous,3,5:00,3 Rnd (5-5-5),Talita Alencar,Vanessa Demopoulos
2748001ead121b8a,KO/TKO,1,4:55,3 Rnd (5-5-5),Frankie Edgar,Mark Bocek
6e9876d2be2bbd02,Decision - Unanimous,3,5:00,3 Rnd (5-5-5),Gabriel Santos,Yizha
0f0473dde4b873ca,KO/TKO,3,0:18,3 Rnd (5-5-5),Louis Smolka,Richie Vaculik
1c0f5152b0bbef05,TKO - Doctor's Stoppage,1,2:06,3 Rnd (5-5-5),Evan Tanner,Elvis Sinosic
f81f8cfe30e0a1e9,Decision - Unanimous,3,5:00,3 Rnd (5-5-5),Deron Winn,Eric Spicely
9c33c8d4a381ba70,Decision - Unanimous,3,5:00,3 Rnd (5-5-5),Niko Price,Alex Oliveira
1a7119f3996b5635,Submission,1,4:16,3 Rnd (5-5-5),Kaan Ofli,Javier Reyes
9fc03704a10977b3,Decision - Majority,3,5:00,3 Rnd (5-5-5),John Gunther,Allan Zuniga
7f93b2f38497caec,KO/TKO,1,4:51,3 Rnd (5-5-5),Michael Trizano,SeungWoo Choi
d373de3e072f7e57,Decision - Unanimous,3,5:00,3 Rnd (5-5-5),Anthony Smith,Leonardo Guimaraes
3a8e4b830750e9d4,Decision - Unanimous,3,5:00,3 Rnd (5-5-5),Ricardo Lamas,Bill Algeo
e5279358b128c2ac,Decision - Split,3,5:00,3 Rnd (5-5-5),Guram Kutateladze,Mateusz Gamrot
144cd3f62591a5fb,Decision - Unanimous,3,5:00,3 Rnd (5-5-5),Paddy Pimblett,Jared Gordon
4ea48bf2407b405d,Decision - Split,5,5:00,5 Rnd (5-5-5-5-5),Jared Cannonier,Sean Strickland
9127a6430e46292c,Decision - Unanimous,3,5:00,3 Rnd (5-5-5),Eryk Anders,Darren Stewart
676590832dc86748,Decision - Unanimous,3,5:00,3 Rnd (5-5-5),Igor Araujo,Ildemar Alcantara
3b05a4ced6dd74f5,Submission,3,0:58,5 Rnd (5-5-5-5-5),Brian Ortega,Yair Rodriguez
0d33d43bee65d98f,Decision - Split,3,5:00,3 Rnd (5-5-5),Andrew Holbrook,Jake Matthews
08426f06239d903c,KO/TKO,3,0:16,3 Rnd (5-5-5),John Dodson,Nathaniel Wood
67765535bd0b6bdf,Decision - Unanimous,3,5:00,3 Rnd (5-5-5),Tallison Teixeira,Tai Tuivasa
f004d3d50b78af50,Decision - Unanimous,3,5:00,3 Rnd (5-5-5),Deron Winn,Antonio Arroyo
c936527df280b8b4,Decision - Unanimous,3,5:00,3 Rnd (5-5-5),Vince Morales,Aiemann Zahabi
2a23f787fff1d837,Decision - Unanimous,3,5:00,3 Rnd (5-5-5),Antonio Rodrigo Nogueira,Randy Couture
e9c6bac0d1a5ec0f,Decision - Unanimous,3,5:00,3 Rnd (5-5-5),Karl Williams,Lukasz Brzeski
36f38c2534ef646b,KO/TKO,2,0:36,3 Rnd + OT (5-5-5-5),Mohammed Usman,Zac Pauga
dd9cbf6d6284de26,Decision - Unanimous,3,5:00,3 Rnd (5-5-5),Jennifer Maia,Casey O'Neill
8c1787fe568f1ca6,Submission,1,2:20,3 Rnd (5-5-5),Daniel Sarafian,Eddie Mendez
b210b99d9c1c9196,Submission,2,4:12,3 Rnd (5-5-5),Myktybek Orolbai,Uros Medic
508e622130b0a84d,Decision - Split,3,5:00,3 Rnd (5-5-5),Jean-Paul Lebosnoyani,Phil Rowe
26ac85fc4bee63a6,Decision - Unanimous,3,5:00,3 Rnd (5-5-5),Kyoji Horiguchi,Chico Camus
cd63b4144a45b611,KO/TKO,3,3:10,3 Rnd (5-5-5),Chase Sherman,Jared Vanderaa
4f60a7e7b848bc6d,Decision - Unanimous,3,5:00,3 Rnd (5-5-5),Jason Knight,Dan Hooker
5b71958ee063a6e8,Decision - Unanimous,3,5:00,3 Rnd (5-5-5),Esteban Ribovics,Kamuela Kirk
f030febede41c661,Decision - Unanimous,5,5:00,5 Rnd (5-5-5-5-5),Charles Oliveira,Max Holloway
521a0e016878d174,Decision - Unanimous,3,5:00,3 Rnd (5-5-5),Alonzo Menifield,Dustin Jacoby
61a211b4a7f942cd,Submission,1,3:29,3 Rnd (5-5-5),Keith Rockel,Chris Liguori
a376f6d5806d0c90,Decision - Split,3,5:00,3 Rnd (5-5-5),Fares Ziam,Claudio Puelles
d2f6b87189908088,Decision - Unanimous,3,5:00,3 Rnd (5-5-5),JJ Aldrich,Polyana Viana
3183dfe66fcdd25f,Submission,1,2:50,3 Rnd (5-5-5),Sam Patterson,Kiefer Crosbie
cd8cdb539deaa47f,KO/TKO,2,0:49,3 Rnd (5-5-5),Jiri Prochazka,Volkan Oezdemir
01100a90b584215d,KO/TKO,1,3:25,3 Rnd (5-5-5),Azamat Murzakanov,Brendson Ribeiro
0b1460c666e66d39,Decision - Unanimous,3,5:00,3 Rnd (5-5-5),Gauge Young,Maheshate
0ed093f6aaab94d3,KO/TKO,1,1:47,3 Rnd (5-5-5),Dennis Hallman,Karo Parisyan
16523b1bec3cd7b0,Submission,1,2:53,3 Rnd (5-5-5),Nyamjargal Tumendemberel,Terrance Saeteurn
6ca284a75c21c2e0,Submission,1,0:16,3 Rnd (5-5-5),Marcus Aurelio,Ryan Roberts
d1cda3a0c148b725,Decision - Split,3,5:00,3 Rnd (5-5-5),Jake Ellenberger,Carlos Eduardo Rocha
e460bf4db340ca9e,Submission,2,2:10,3 Rnd (5-5-5),Amanda Ribas,Emily Whitmire
bbc76ff9e1b1b142,Decision - Unanimous,3,5:00,3 Rnd (5-5-5),Kelvin Gastelum,Chris Curtis
efc6af0151f72b87,Decision - Unanimous,3,5:00,3 Rnd (5-5-5),Elizeu Zaleski dos Santos,Benoit Saint Denis
0ad57af26ddc7930,KO/TKO,2,0:46,3 Rnd (5-5-5),Tim Boetsch,Johny Hendricks
b0ed7f6450ad33c5,Decision - Unanimous,3,5:00,3 Rnd (5-5-5),BJ Penn,Matt Serra
971b3d35c302cf8f,KO/TKO,1,1:25,3 Rnd (5-5-5),Marlon Vera,Frankie Saenz
2615d94ab16380f9,KO/TKO,1,2:55,3 Rnd (5-5-5),Albert Tumenov,Alan Jouban
9030c92a161afaf9,KO/TKO,1,3:05,3 Rnd (5-5-5),Rick Story,Quinn Mulhern
2a50b91600e87994,Submission,1,3:07,3 Rnd (5-5-5),Nicholas Musoke,Alessio Sakara
1b23096378482313,Submission,1,1:04,3 Rnd (5-5-5),Ian Entwistle,Anthony Birchak
a1569926652ebc36,Submission,2,4:12,3 Rnd (5-5-5),Neil Seery,Jon Delos Reyes
c50a3025d1519fc8,KO/TKO,1,2:42,3 Rnd (5-5-5),Rich Franklin,Ken Shamrock
f930743af6564795,KO/TKO,1,2:38,3 Rnd (5-5-5),Dustin Poirier,Yancy Medeiros
55e9ea18b8a72b2e,Decision - Split,3,5:00,3 Rnd (5-5-5),Roger Narvaez,Luke Barnatt
6baa381a75582d98,KO/TKO,1,0:36,3 Rnd (5-5-5),Wanderlei Silva,Keith Jardine
e255fc129f225a55,Decision - Unanimous,3,5:00,3 Rnd (5-5-5),Youssef Zalal,Peter Barrett
ae0afbff5ba07a34,Decision - Unanimous,3,5:00,3 Rnd (5-5-5),Ricardo Ramos,Bill Algeo
3fe3208df1098fdc,KO/TKO,2,1:07,5 Rnd (5-5-5-5-5),Anderson Silva,Rich Franklin
4f20f3ada1489823,Submission,2,1:43,3 Rnd (5-5-5),Mike Davis,Natan Levy
c3bb60dc82345a9f,Decision - Unanimous,3,5:00,3 Rnd (5-5-5),Zabit Magomedsharipov,Calvin Kattar
c97d0a476c2e7cb5,Decision - Unanimous,3,5:00,3 Rnd (5-5-5),Michael Bisping,Brian Stann
761681c1ab0fdead,KO/TKO,1,3:42,3 Rnd (5-5-5),Michael Bisping,Jason Day
3b4803afa824fea3,Decision - Split,3,5:00,3 Rnd (5-5-5),Mitch Raposo,Allan Nascimento
d14fea43712707f0,Submission,2,2:56,3 Rnd (5-5-5),Benoit Saint Denis,Mauricio Ruffy
ff2e4b411f695017,Decision - Unanimous,3,5:00,3 Rnd (5-5-5),Karolina Kowalkiewicz,Silvana Gomez Juarez
721d870849de4a57,Decision - Unanimous,3,5:00,3 Rnd (5-5-5),Roosevelt Roberts,Thomas Gifford
2c21abbc28e3876a,Submission,1,1:48,3 Rnd (5-5-5),Rafael Alves,Marc Diakiese
c4e16d57dd9a1b39,KO/TKO,2,0:20,3 Rnd (5-5-5),Dale Hartt,Corey Hill
d5323490163dde0e,Decision - Unanimous,3,5:00,3 Rnd (5-5-5),Dustin Jacoby,Michal Oleksiejczuk
d86e31793564cd31,Decision - Split,3,5:00,3 Rnd (5-5-5),Kelvin Gastelum,Jacare Souza
39c4ae4624052f9f,Submission,3,1:43,3 Rnd (5-5-5),Sean Brady,Kelvin Gastelum
f711b3ec6bc3c407,Decision - Unanimous,3,5:00,3 Rnd (5-5-5),Klidson Abreu,Sam Alvey
f4fbb11055301e75,Decision - Unanimous,3,5:00,3 Rnd (5-5-5),Clay Guida,Michael Johnson
06c124a55f77a7a5,Decision - Split,3,5:00,3 Rnd + OT (5-5-5-5),Erick Montano,Enrique Marin
14e48e29fefe1b3d,KO/TKO,1,9:08,1 Rnd + OT (12-3),Kimo Leopoldo,Paul Varelans
bd7a8c6c74655afc,Submission,1,2:46,3 Rnd (5-5-5),Ryan Hall,BJ Penn
e364cd5772cfd27c,Decision - Unanimous,3,5:00,3 Rnd (5-5-5),Joe Stevenson,Luke Cummo
8d98ccae1057815e,Decision - Unanimous,3,5:00,3 Rnd (5-5-5),Sam Sicilia,Aaron Phillips
74edd53297a084b9,DQ,1,2:57,3 Rnd (5-5-5),Kiichi Kunimoto,Luiz Dutra
2f2ac4c08e763d38,Decision - Unanimous,3,5:00,3 Rnd (5-5-5),David Branch,Tomasz Drwal
07c00213ec388e07,KO/TKO,2,2:58,5 Rnd (5-5-5-5-5),Jessica Andrade,Rose Namajunas
f914dd2414f9a0ae,KO/TKO,1,2:49,3 Rnd (5-5-5),Anthony Johnson,Charlie Brenneman
10b19bb48aadc6bd,KO/TKO,1,0:08,3 Rnd (5-5-5),James Irvin,Houston Alexander
5362ea7c63432cf9,Submission,1,1:31,3 Rnd (5-5-5),Rani Yahya,Luke Sanders
1b650c76387c0f4b,Submission,1,3:57,3 Rnd (5-5-5),Alexa Grasso,Joanne Wood
6fd9a013cea5a403,Decision - Unanimous,3,5:00,3 Rnd (5-5-5),Serghei Spivac,Aleksei Oleinik
906283a2adcbc3e0,Submission,1,3:36,3 Rnd (5-5-5),Cortney Casey,Mara Romero Borella
d7f9a09021a9a13c,Decision - Unanimous,3,5:00,3 Rnd (5-5-5),Sam Stout,Joe Lauzon
7e8fd03e070d0c25,Submission,4,2:52,5 Rnd (5-5-5-5-5),Nate Diaz,Tony Ferguson
2c8d1f5bb73a812b,Decision - Unanimous,3,5:00,3 Rnd (5-5-5),Ricardo Lamas,Hacran Dias
9c7b6a20f35fb708,Decision - Unanimous,3,5:00,3 Rnd (5-5-5),Nicolas Dalby,Alex Oliveira
eb8e4c57d131fb46,Decision - Unanimous,3,5:00,3 Rnd (5-5-5),Benson Henderson,Mark Bocek
c6ead49500c047e5,TKO - Doctor's Stoppage,1,3:53,3 Rnd (5-5-5),Chuck Liddell,Paul Jones
8bee5192baec71d8,Decision - Split,3,5:00,3 Rnd (5-5-5),Jose Delgado,Andre Fili
74fef059e229d217,Submission,3,2:11,3 Rnd (5-5-5),Miranda Maverick,Priscila Cachoeira
2f736846aebbf12d,Decision - Unanimous,3,5:00,3 Rnd (5-5-5),Justin McCully,Eddie Sanchez
903d2c361d005b70,Decision - Unanimous,3,5:00,3 Rnd (5-5-5),Tecia Pennington,Angela Hill
fb972da69450127f,Decision - Split,3,5:00,3 Rnd (5-5-5),Jeff Monson,Marcio Cruz
b0271fa12935bf88,Decision - Unanimous,3,5:00,3 Rnd (5-5-5),Gleison Tibau,Pat Healy
98301c092f00cb01,Decision - Unanimous,3,5:00,3 Rnd (5-5-5),Jared Rosholt,Stefan Struve
59bd4e83d8f846ee,Submission,1,1:27,3 Rnd (5-5-5),Eliot Marshall,Jules Bruchez
cd0bc692a7bce9e7,KO/TKO,1,3:54,3 Rnd (5-5-5),Tony Ferguson,Ramsey Nijem
d5598322f81db6c9,Decision - Split,3,5:00,3 Rnd (5-5-5),Alexa Grasso,Randa Markos
da7d7b4f20cd2af5,Submission,1,1:27,3 Rnd (5-5-5),James Krause,Daron Cruickshank
06287b822837a616,Decision - Unanimous,3,5:00,3 Rnd (5-5-5),Andre Fili,Artem Lobov
d83294b031502177,Decision - Unanimous,3,5:00,3 Rnd (5-5-5),Ikram Aliskerov,Brunno Ferreira
47a5d4bb68352055,Decision - Unanimous,3,5:00,3 Rnd (5-5-5),Jasmine Jasudavicius,Miranda Maverick
241a722f3b042c59,Decision - Unanimous,3,5:00,3 Rnd (5-5-5),Wanderlei Silva,Michael Bisping
c740ceb0427b6317,Decision - Unanimous,3,5:00,3 Rnd (5-5-5),Mirsad Bektic,Paul Redmond
94d708a8a8fefdef,Decision - Unanimous,3,5:00,3 Rnd (5-5-5),Nathan Coy,Jonavin Webb
1299f04f429bcc0e,Decision - Unanimous,3,5:00,3 Rnd (5-5-5),Will Brooks,Ross Pearson
16cab4b91e2c8881,Decision - Split,3,5:00,3 Rnd (5-5-5),Kendall Grove,Goran Reljic
fee1d48d7bc17e56,Submission,2,1:14,3 Rnd (5-5-5),Nate Marquardt,Crafton Wallace
0133019a4f1055ee,KO/TKO,2,0:36,3 Rnd (5-5-5),Curtis Blaydes,Jailton Almeida
e0b98f3cf4a7cc3b,Decision - Majority,3,5:00,3 Rnd (5-5-5),Marcin Tybura,Alexandr Romanov
7ad85c84025c0db0,Decision - Split,3,5:00,3 Rnd (5-5-5),Cezar Ferreira,Nate Marquardt
ca7fd237c16cec84,KO/TKO,1,3:15,3 Rnd (5-5-5),Cristian Quinonez,Khalid Taha
7f8340dfe4220c3e,Decision - Unanimous,3,5:00,3 Rnd (5-5-5),Jack Hermansson,Edmen Shahbazyan
b2039609019496d9,Decision - Unanimous,3,5:00,3 Rnd (5-5-5),Elias Theodorou,Sam Alvey
d391ca8154bcf507,Submission,1,3:04,3 Rnd (5-5-5),Josh Neer,Duane Ludwig
4a9b3b97fa2bbca9,Submission,1,3:47,3 Rnd (5-5-5),Thales Leites,Ryan Jensen
192619174bd1ad77,Decision - Unanimous,3,5:00,3 Rnd (5-5-5),Nurullo Aliev,Joe Solecki
4d607b6ddc77a34c,Decision - Split,3,5:00,3 Rnd (5-5-5),Alex Oliveira,Max Griffin
2f6b63e8ec62e3ca,Submission,3,3:53,3 Rnd (5-5-5),Daniel Cormier,Dan Henderson
27200d53ba9020b8,Decision - Unanimous,3,5:00,3 Rnd (5-5-5),Mackenzie Dern,Virna Jandiroba
cb1e57b5f8c92922,KO/TKO,4,3:42,5 Rnd (5-5-5-5-5),Derrick Lewis,Shamil Abdurakhimov
870672b1b443311e,Decision - Unanimous,3,5:00,3 Rnd (5-5-5),Nicolas Dalby,Muslim Salikhov
57939328c1214107,Decision - Unanimous,3,5:00,3 Rnd (5-5-5),Merab Dvalishvili,John Dodson
315968a74789600a,Submission,3,0:58,5 Rnd (5-5-5-5-5),Ronda Rousey,Miesha Tate
ab325ea526824723,Decision - Unanimous,3,5:00,3 Rnd (5-5-5),Jamey-Lyn Horth,Vanessa Demopoulos
f01b97e864cb4b8b,Decision - Unanimous,3,5:00,3 Rnd (5-5-5),Rob Font,Kyler Phillips
c3d336f9aabc9fb6,KO/TKO,1,2:58,3 Rnd (5-5-5),Marcus Brimage,Jumabieke Tuerxun
41cef92a01e7ff3c,Decision - Unanimous,3,5:00,3 Rnd (5-5-5),Tim Elliott,Louis Smolka
a8a4c9f98ff73839,Decision - Unanimous,3,5:00,3 Rnd (5-5-5),Chris Duncan,Yanal Ashmouz
3adecfc4727a8d73,Submission,1,2:11,3 Rnd (5-5-5),Tagir Ulanbekov,Nate Maness
f526892a27b50576,Submission,1,4:14,3 Rnd (5-5-5),Loopy Godinez,Silvana Gomez Juarez
ed9d7d85a5ae06b1,Decision - Unanimous,3,5:00,3 Rnd (5-5-5),KJ Noons,George Sotiropoulos
c827f5212a34bf2e,Submission,2,1:10,3 Rnd (5-5-5),Chris Fishgold,Daniel Teymur
4127b45c3d546eef,KO/TKO,2,0:26,5 Rnd (5-5-5-5-5),Valentina Shevchenko,Jessica Eye
ab8722d48a5a447e,Decision - Unanimous,3,5:00,3 Rnd (5-5-5),Katsunori Kikuno,Quinn Mulhern
0031c043c9f14eb8,KO/TKO,3,4:53,3 Rnd (5-5-5),Carlos Condit,Rory MacDonald
d497d74a0df9e35e,Decision - Unanimous,3,5:00,3 Rnd (5-5-5),Aoriqileng,Jay Perrin
32813f5f46f045e8,Submission,2,1:11,3 Rnd (5-5-5),Jared Gooden,Wellington Turman
53a736ebc356cc4a,Submission,2,1:58,5 Rnd (5-5-5-5-5),Pat Miletich,Kenichi Yamamoto
da666b02372a465b,KO/TKO,1,4:24,3 Rnd (5-5-5),Michael Bisping,Eric Schafer
99a7172fb7438244,Decision - Unanimous,3,5:00,3 Rnd (5-5-5),Drew Dober,Scott Holtzman
8539c4b795d33a92,KO/TKO,5,1:04,5 Rnd (5-5-5-5-5),Glover Teixeira,Anthony Smith
dadde3eb4e5f43b4,KO/TKO,1,0:52,3 Rnd (5-5-5),Erick Silva,Takenori Sato
a69afe4a88c0ca12,Submission,4,4:34,5 Rnd (5-5-5-5-5),Alexa Grasso,Valentina Shevchenko
cef1b43c77e02635,Decision - Unanimous,5,5:00,5 Rnd (5-5-5-5-5),Kevin Randleman,Pedro Rizzo
b3a3341a5db2d484,KO/TKO,2,1:02,3 Rnd (5-5-5),Thiago Alves,Matt Hughes
1f290005cc147afb,Decision - Unanimous,3,5:00,3 Rnd (5-5-5),Michael Johnson,Tony Ferguson
5b9f545890407976,Decision - Unanimous,5,5:00,5 Rnd (5-5-5-5-5),Jon Jones,Anthony Smith
9d59ae86a2e6c444,KO/TKO,1,3:25,3 Rnd (5-5-5),Thiago Silva,Houston Alexander
0fd8214ac276728e,Decision - Unanimous,5,5:00,5 Rnd (5-5-5-5-5),Joanna Jedrzejczyk,Jessica Andrade
7fe2f0213d641540,KO/TKO,1,0:44,3 Rnd (5-5-5),Caio Magalhaes,Luke Zachrich
23cdc3ef525ba8e4,Decision - Unanimous,3,5:00,3 Rnd (5-5-5),Yushin Okami,Alan Belcher
e2a61ec3bc83da98,Decision - Unanimous,3,5:00,3 Rnd (5-5-5),Tamdan McCrory,Luke Cummo
c3e3d5ef06a45616,KO/TKO,3,3:06,3 Rnd (5-5-5),Robbie Lawler,Jake Ellenberger
e85e83ab4e60e768,Decision - Unanimous,3,5:00,3 Rnd (5-5-5),Sheymon Moraes,Matt Sayles
1aa4c2fa5ffaff00,KO/TKO,1,0:33,5 Rnd (5-5-5-5-5),King Green,Grant Dawson
147c04a6798a69c3,Submission,2,3:38,3 Rnd (5-5-5),Darren Uyenoyama,Phil Harris
3e126f482e9a84b8,KO/TKO,2,1:51,3 Rnd (5-5-5),Rashad Evans,Chuck Liddell
c53a5dca56870ea5,Decision - Split,3,5:00,3 Rnd (5-5-5),Yui Chul Nam,Kazuki Tokudome
a0c82ba11a373008,KO/TKO,3,0:43,3 Rnd (5-5-5),Petr Yan,Urijah Faber
3d3e7dc7b4bf2bc4,KO/TKO,2,2:32,5 Rnd (5-5-5-5-5),Dustin Poirier,Conor McGregor
9fc7fcbdb6587265,KO/TKO,1,2:24,3 Rnd (5-5-5),Leslie Smith,Jessamyn Duke
f457d55f78d581f9,Decision - Unanimous,3,5:00,3 Rnd (5-5-5),Abel Trujillo,Jordan Rinaldi
2977a9b5c30d89c1,Decision - Unanimous,3,5:00,3 Rnd (5-5-5),Richie Vaculik,Roldan Sangcha'an
ae54f944d1ba378f,Decision - Unanimous,3,5:00,3 Rnd (5-5-5),Ian Freeman,Tedd Williams
1c245dc63a0b9d51,Submission,1,2:47,3 Rnd (5-5-5),Michael Chiesa,Al Iaquinta
fbedeb4e4b019b94,Submission,1,4:02,3 Rnd (5-5-5),Tim Elliott,Sumudaerji
8cf076524cad5a55,Decision - Unanimous,3,5:00,3 Rnd (5-5-5),Belal Muhammad,Dhiego Lima
7099374e91f9283b,Decision - Unanimous,5,5:00,5 Rnd (5-5-5-5-5),Jose Aldo,Chad Mendes
5a878a6bebc973d7,KO/TKO,3,1:52,3 Rnd (5-5-5),Molly McCann,Luana Carolina
8c9ff13791378784,Submission,1,4:17,3 Rnd (5-5-5),Brendan Allen,Krzysztof Jotko
c3ba8f1a4ddc0dc3,KO/TKO,3,1:34,3 Rnd (5-5-5),Fredy Serrano,Bentley Syler
bbe0f3653de9f6a8,Decision - Unanimous,3,5:00,3 Rnd (5-5-5),Abdul-Kareem Al-Selwady,Shem Rock
96c6be6b22385967,Decision - Unanimous,3,5:00,3 Rnd (5-5-5),Kevin Holland,Gunnar Nelson
824fb74f5fc34218,Submission,2,2:22,3 Rnd (5-5-5),Tony Ferguson,Lando Vannata
fcac56089f65d04e,Submission,3,4:44,3 Rnd (5-5-5),Mike Pyle,Jesse Lennox
5157988b77ca1097,KO/TKO,1,0:48,3 Rnd (5-5-5),Houston Alexander,Keith Jardine
236f811290163dca,Decision - Split,3,5:00,3 Rnd (5-5-5),Chris Curtis,Max Griffin
e7318f41bce58b8c,Decision - Unanimous,3,5:00,3 Rnd (5-5-5),Sarah Moras,Alexis Dufresne
3d07a533feca7458,Decision - Split,3,5:00,3 Rnd (5-5-5),Dong Hyun Kim,Tarec Saffiedine
7b9de06ef8c09ba6,KO/TKO,1,3:06,3 Rnd (5-5-5),Darren Elkins,Antonio Carvalho
dcfd594b68ff5ae1,Decision - Unanimous,3,5:00,3 Rnd (5-5-5),Michelle Montague,Mayra Bueno Silva
0976778a6e6cf8a8,Decision - Split,3,5:00,3 Rnd (5-5-5),Maheshate,Gabriel Benitez
a485281be8e9d2e2,KO/TKO,2,4:33,3 Rnd (5-5-5),Antonina Shevchenko,Ariane da Silva
944b929130b23c2a,Decision - Unanimous,3,5:00,3 Rnd (5-5-5),David Martinez,Rob Font
85e1b21ea88fe7e3,Submission,3,2:17,3 Rnd (5-5-5),Keita Nakamura,Li Jingliang
6708f3a32861038a,Decision - Unanimous,3,5:00,3 Rnd (5-5-5),Maxim Grishin,William Knight
e6fdf9e67f84a0e0,Decision - Unanimous,3,5:00,3 Rnd (5-5-5),Frankie Saenz,Henry Briones
b1fd21231f0604e1,KO/TKO,2,1:32,3 Rnd (5-5-5),Michael Johnson,Gleison Tibau
bfb468c3427faa50,Submission,2,4:47,2 Rnd (5-5),Sean Sherk,Tiki Ghosn
e0e22d7bc5a293e8,Decision - Split,3,5:00,3 Rnd (5-5-5),Hakeem Dawodu,Kyle Bochniak
3812b265afd78186,Decision - Unanimous,3,5:00,3 Rnd (5-5-5),Luis Pena,Steven Peterson
8375f311e8c6c079,DQ,1,4:29,3 Rnd (5-5-5),Mark Godbeer,Walt Harris
f509d5ffcc3f46fe,Decision - Unanimous,3,5:00,3 Rnd (5-5-5),Vaughan Lee,Motonobu Tezuka
8c082a3c69e2d192,Submission,2,3:41,3 Rnd (5-5-5),Court McGee,Kris McCray
8a3281b0d7c168af,Submission,1,2:04,3 Rnd (5-5-5),Felipe Bunes,Jose Johnson
6ff8fff0fe2a3cd9,Submission,3,2:31,3 Rnd (5-5-5),Piotr Hallmann,Yves Edwards
f6d8bdc3cdcf1dd8,Decision - Split,3,5:00,3 Rnd (5-5-5),Antonio Carvalho,Rodrigo Damm
7ce7075951c9aa31,KO/TKO,3,0:42,3 Rnd (5-5-5),Dalcha Lungiambula,Dequan Townsend
4ffd88b2f00f4250,Submission,1,2:08,3 Rnd (5-5-5),Marcelo Golm,Christian Colombo
98035e427b476717,Decision - Unanimous,3,5:00,3 Rnd (5-5-5),Joseph Benavidez,Zach Makovsky
36f0c6d7126e09ee,KO/TKO,1,2:57,3 Rnd (5-5-5),Matthew Lopez,Johnny Eduardo
ac656cebef8cf0a4,KO/TKO,2,1:37,3 Rnd (5-5-5),Thomas Almeida,Albert Morales
a0ba726da4a50458,Submission,3,1:48,3 Rnd (5-5-5),Kyler Phillips,Marcelo Rojo
951ccd0041bd1700,Decision - Unanimous,3,5:00,3 Rnd (5-5-5),Nick Hein,Lukasz Sajewski
41d1e163b930426b,Decision - Unanimous,3,5:00,3 Rnd (5-5-5),Dennis Siver,Nam Phan
c442899c21d58779,Submission,2,1:18,3 Rnd (5-5-5),Ariane da Silva,Casey O'Neill
b0f4c7788782e26e,KO/TKO,1,2:57,3 Rnd (5-5-5),Ian Machado Garry,Daniel Rodriguez
9939d7073462e07e,Decision - Unanimous,3,5:00,3 Rnd (5-5-5),Michael Page,Jared Cannonier
3c8eb8ad5e98876f,Decision - Unanimous,3,5:00,3 Rnd (5-5-5),Sam Alvey,Nate Marquardt
bfd672cac0726a9a,KO/TKO,2,4:51,3 Rnd (5-5-5),Priscila Cachoeira,Gina Mazany
1ed9dbbe604654b9,Decision - Unanimous,3,5:00,3 Rnd (5-5-5),Darren Till,Jessin Ayari
d0dc419dc7acb7e2,Decision - Unanimous,3,5:00,3 Rnd (5-5-5),Francisco Trinaldo,Ross Pearson
3b1453df439a5024,Decision - Unanimous,3,5:00,3 Rnd (5-5-5),James Krause,Alex White
eab100e978c730c5,Decision - Unanimous,3,5:00,3 Rnd (5-5-5),Lando Vannata,Yancy Medeiros
28f5f50617f2b686,Decision - Unanimous,3,5:00,3 Rnd (5-5-5),Rose Namajunas,Tecia Pennington
f313eae425b7c539,Decision - Unanimous,3,5:00,3 Rnd (5-5-5),Alexis Davis,Cindy Dandois
0fe4906754b2d0f9,Decision - Unanimous,3,5:00,3 Rnd (5-5-5),Tafon Nchukwi,Jamie Pickett
6e3139f066149a81,Decision - Split,3,5:00,3 Rnd (5-5-5),Demian Maia,Jorge Masvidal
caf3ca7fc0195412,Submission,2,3:52,3 Rnd (5-5-5),Vicente Luque,Alvaro Herrera Mendoza
d75b3d3c2b209b75,Decision - Unanimous,5,5:00,5 Rnd (5-5-5-5-5),Kamaru Usman,Joaquin Buckley
432e57033ceecee0,Decision - Unanimous,3,5:00,3 Rnd (5-5-5),Andre Fili,Felipe Arantes
8c220d4c96895a98,KO/TKO,1,2:29,5 Rnd (5-5-5-5-5),Chan Sung Jung,Dennis Bermudez
7ddaf46a81b7e616,Decision - Unanimous,3,5:00,3 Rnd (5-5-5),Spencer Fisher,Jeremy Stephens
f7cce33f6563dd72,KO/TKO,2,4:31,3 Rnd (5-5-5),Volkan Oezdemir,Ilir Latifi
f690949d90ff1dee,Decision - Split,3,5:00,3 Rnd (5-5-5),Daniel Rodriguez,Alex Morono
f43f9861e73739c8,KO/TKO,2,4:59,3 Rnd (5-5-5),Walt Harris,Daniel Spitz
dffad417175400ba,KO/TKO,1,4:34,3 Rnd (5-5-5),Ricardo Lamas,Jason Knight
75b1533cc3cafae9,KO/TKO,1,0:46,3 Rnd (5-5-5),Urijah Faber,Ricky Simon
a6d07c32a1cb9730,Decision - Unanimous,3,5:00,3 Rnd (5-5-5),Matt Grice,Leonard Garcia
858696528ab7035a,Submission,1,3:18,3 Rnd (5-5-5),Matt Schnell,Louis Smolka
7ea81958dfb80d70,Submission,2,0:55,3 Rnd (5-5-5),Evan Tanner,Homer Moore
3c6fb6bf9b7afd40,Decision - Unanimous,3,5:00,3 Rnd (5-5-5),Trevor Peek,Mohammad Yahya
1f70cf05ec46f065,Decision - Unanimous,3,5:00,3 Rnd (5-5-5),Justin Edwards,Jorge Lopez
11c0ef97497303ef,KO/TKO,1,0:53,3 Rnd (5-5-5),Jalin Turner,Callan Potter
bc096e8ae14582ec,Decision - Unanimous,5,5:00,5 Rnd (5-5-5-5-5),Demian Maia,Ryan LaFlare
398db40015b3c81c,Decision - Majority,3,5:00,3 Rnd (5-5-5),William Gomis,Jarno Errens
c1bc2a42652f685c,KO/TKO,2,3:27,3 Rnd (5-5-5),Joe Proctor,Justin Salas
d4fa680b2a912534,KO/TKO,2,0:32,3 Rnd (5-5-5),Eddie Sanchez,Colin Robinson
3f6c0a76407e1863,Submission,1,2:10,1 Rnd + OT (12-3),Dan Bobish,Brian Johnston
afdd95ae7b7cdb0c,Decision - Unanimous,3,5:00,3 Rnd (5-5-5),Tecia Pennington,Luana Pinheiro
8f40ac90544d0003,Submission,2,1:41,3 Rnd (5-5-5),Tim Elliott,Mark De La Rosa
40e2a7b65794ac05,Decision - Unanimous,3,5:00,3 Rnd (5-5-5),Eduarda Moura,Veronica Hardy
175d9e1ac0725145,Decision - Unanimous,5,5:00,5 Rnd (5-5-5-5-5),Jared Cannonier,Marvin Vettori
f81cd5b3903bccf8,Decision - Unanimous,3,5:00,3 Rnd (5-5-5),Kyoji Horiguchi,Louis Gaudinot
4e566db7d26df001,KO/TKO,1,4:36,3 Rnd (5-5-5),Ludovit Klein,AJ Cunningham
8da5849a6e7307bf,Decision - Unanimous,3,5:00,3 Rnd (5-5-5),Montel Jackson,Andre Soukhamthath
b13e3620949300c5,Decision - Unanimous,3,5:00,3 Rnd (5-5-5),Dustin Poirier,Josh Grispi
a2e1e35e4e84e08d,Decision - Unanimous,3,5:00,3 Rnd (5-5-5),Clay Guida,Tatsuya Kawajiri
8153c30fad5b2ad8,KO/TKO,1,5:00,3 Rnd (5-5-5),Michael Bisping,Charles McCarthy
050eb872a69c66bd,Decision - Split,3,5:00,3 Rnd (5-5-5),Albert Tumenov,Lorenz Larkin
2ff09ddaa2b78cc4,KO/TKO,3,2:00,3 Rnd (5-5-5),Junior Dos Santos,Mirko Filipovic
3fc3179cd800128e,KO/TKO,2,3:01,3 Rnd (5-5-5),Dong Hyun Kim,Erick Silva
78294f5d5e0f2b13,KO/TKO,1,1:04,5 Rnd (5-5-5-5-5),Junior Dos Santos,Cain Velasquez
a80162f4c8842da3,Submission,1,2:38,3 Rnd (5-5-5),Jacob Volkmann,Shane Roller
4c1fd940e1619e68,KO/TKO,1,2:48,3 Rnd (5-5-5),Kamaru Usman,Sergio Moraes
a19d619f1b9bee7b,Submission,2,2:09,3 Rnd (5-5-5),Michael McDonald,Masanori Kanehara
0eb16f1307f66a11,Decision - Majority,3,5:00,3 Rnd (5-5-5),Cameron Saaiman,Mana Martinez
8f4a445ccb548f15,Decision - Unanimous,5,5:00,5 Rnd (5-5-5-5-5),Dominick Cruz,Urijah Faber
6c569785225fd2e7,KO/TKO,2,2:53,3 Rnd (5-5-5),Dennis Siver,Paul Kelly
a47123ae6e048f11,KO/TKO,3,2:02,3 Rnd (5-5-5),Axel Sola,Rhys McKee
6a663c04dfe5b88e,KO/TKO,1,4:34,3 Rnd (5-5-5),Matt Veach,Matt Grice
98e3b4d05ecc36a2,Decision - Split,3,5:00,3 Rnd (5-5-5),Ketlen Vieira,Kelly Faszholz
721b23d896a44e2e,Decision - Unanimous,3,5:00,3 Rnd (5-5-5),Bryce Mitchell,Bobby Moffett
ec5163539a133f17,Decision - Unanimous,5,5:00,5 Rnd (5-5-5-5-5),Belal Muhammad,Leon Edwards
5c612d2cc1f5da21,Decision - Unanimous,3,5:00,3 Rnd (5-5-5),Ryan Bader,Eric Schafer
14b61d9b3f6ddd37,Submission,1,2:32,3 Rnd (5-5-5),David Heath,Cory Walmsley
4e6bbc5832e55f64,Decision - Unanimous,3,5:00,3 Rnd (5-5-5),Kevin Aguilar,Ricky Glenn
a072be4f806d360f,Decision - Split,3,5:00,3 Rnd (5-5-5),Karol Rosa,Lara Procopio
5256ba94641a4284,Submission,2,0:59,3 Rnd (5-5-5),Youssef Zalal,Jack Shore
64bc223daa594bcc,Decision - Split,3,5:00,3 Rnd (5-5-5),Damien Brown,Jon Tuck
01d4d1d8bcb014cf,Decision - Split,3,5:00,3 Rnd (5-5-5),Iuri Alcantara,Wilson Reis
a5c76ead1a2767b6,Decision - Majority,3,5:00,3 Rnd (5-5-5),Edson Barboza,Danny Castillo
f0ca713121289d24,Decision - Unanimous,5,5:00,5 Rnd (5-5-5-5-5),Jack Hermansson,Jacare Souza
9589b41c4637b057,Decision - Unanimous,3,5:00,3 Rnd (5-5-5),Curtis Millender,Max Griffin
138c8807fef52564,KO/TKO,1,0:47,3 Rnd (5-5-5),Aleksandar Rakic,Jimi Manuwa
8a7b0cd5ad9ca4fe,Decision - Unanimous,3,5:00,3 Rnd (5-5-5),Jinh Yu Frey,Gloria de Paula
ff8f92cf8fb1b76c,KO/TKO,1,4:01,3 Rnd (5-5-5),Elves Brener,Kaynan Kruschewsky
a97a7707d5021181,KO/TKO,2,3:50,5 Rnd (5-5-5-5-5),Stefan Struve,Stipe Miocic
9399c772adc7bcab,Decision - Split,3,5:00,3 Rnd (5-5-5),Jarred Brooks,Robert Sanchez
f885b95dbb354e3d,Decision - Unanimous,3,5:00,3 Rnd (5-5-5),Mark Coleman,Stephan Bonnar
5344e76e26503716,KO/TKO,1,1:03,3 Rnd (5-5-5),Nikolas Motta,Tom Nolan
2e200563dd7c4922,Decision - Split,3,5:00,3 Rnd (5-5-5),Amanda Lemos,Angela Hill
2ef09c8fe29251ac,Decision - Split,3,5:00,3 Rnd (5-5-5),Luana Carolina,Poliana Botelho
a00b98f41c05ae6c,Decision - Unanimous,3,5:00,3 Rnd (5-5-5),Andrew Craig,Kyle Noke
43b494c32b7f18cb,Decision - Unanimous,5,5:00,5 Rnd (5-5-5-5-5),Benson Henderson,Frankie Edgar
9025e3c6b6d71253,Submission,3,2:53,3 Rnd (5-5-5),Khama Worthy,Luis Pena
43ebfc8914a39061,Decision - Split,3,5:00,3 Rnd (5-5-5),Ricardo Ramos,Josh Culibao
b7575b0ec9f81741,Decision - Unanimous,3,5:00,3 Rnd (5-5-5),Jake Matthews,Phil Rowe
7e9ed49a1831056f,Decision - Unanimous,3,5:00,3 Rnd (5-5-5),Matheus Nicolau,Louis Smolka
b8bf186f884678ea,Submission,1,3:34,5 Rnd (5-5-5-5-5),Khamzat Chimaev,Robert Whittaker
c9c79de21823d941,DQ,1,4:16,3 Rnd (5-5-5),Luana Pinheiro,Randa Markos
74d4e37b97866514,Decision - Unanimous,3,5:00,3 Rnd (5-5-5),Ray Borg,Jussier Formiga
2fa88b72973478b6,Submission,1,2:22,3 Rnd (5-5-5),Ryan Spann,Ion Cutelaba
52311c2cd0c84d67,TKO - Doctor's Stoppage,3,1:56,3 Rnd (5-5-5),Angela Hill,Ariane Carnelossi
d0b7a79d3e7f3362,KO/TKO,2,2:34,3 Rnd (5-5-5),Chris Gutierrez,Batgerel Danaa
ccb5e29cd0347110,Decision - Unanimous,3,5:00,3 Rnd (5-5-5),Carlston Harris,Jared Gooden
0a85b3ad328205ff,Submission,1,4:33,3 Rnd (5-5-5),Chris Padilla,James Llontop
e9eab0fa03eecd9b,Decision - Unanimous,5,5:00,5 Rnd (5-5-5-5-5),Gilbert Burns,Tyron Woodley
8502afcf211973a9,Decision - Unanimous,3,5:00,3 Rnd (5-5-5),Taylor Lapilus,Rocky Lee
c7c7be3b0d65a7da,Decision - Unanimous,3,5:00,3 Rnd (5-5-5),James Krause,Tom Gallicchio
ef97cccf28cf00a8,Decision - Unanimous,3,5:00,3 Rnd (5-5-5),Lorenz Larkin,Chris Camozzi
90940d93d6e0998f,Decision - Unanimous,3,5:00,3 Rnd (5-5-5),Marcus McGhee,John Yannis
ae5c7517d9f2516c,KO/TKO,1,0:29,3 Rnd (5-5-5),Dominick Reyes,Joachim Christensen
4cc8bef7c487cf9d,Decision - Unanimous,3,5:00,3 Rnd (5-5-5),Renan Barao,Cole Escovedo
2886e831af3994b7,Submission,2,4:20,3 Rnd (5-5-5),Lyoto Machida,Rameau Thierry Sokoudjou
63ff2ed92c800ef8,Decision - Split,5,5:00,5 Rnd (5-5-5-5-5),TIE,TIE
b0ee33ab448e252b,KO/TKO,1,3:22,3 Rnd (5-5-5),Andre Winner,Rolando Delgado
e843a7a6f49db3bb,Decision - Unanimous,3,5:00,3 Rnd (5-5-5),Darren Elkins,Steven Siler
041dd0fae4650970,KO/TKO,3,2:46,5 Rnd (5-5-5-5-5),Rashad Evans,Forrest Griffin
313b85fe82b2ba80,Decision - Unanimous,3,5:00,3 Rnd (5-5-5),Ian Machado Garry,Darian Weeks
8a884a7930d75ca9,KO/TKO,1,2:48,3 Rnd (5-5-5),Santiago Luna,Quang Le
df5ab14481442365,Submission,1,3:05,3 Rnd (5-5-5),Cody McKenzie,Marcus LeVesseur
799acf3ae8a5df0a,Decision - Unanimous,5,5:00,5 Rnd (5-5-5-5-5),Brandon Moreno,Amir Albazi
95d86cec2a7124b3,Decision - Split,3,5:00,3 Rnd (5-5-5),Sean Spencer,Yuri Villefort
4b155647201d549e,Submission,2,2:18,3 Rnd (5-5-5),Nathaniel Wood,Johnny Eduardo
b91807add93763c9,KO/TKO,2,4:59,3 Rnd (5-5-5),Chas Skelly,Jim Alers
b78a222fb448aed4,Decision - Unanimous,3,5:00,3 Rnd (5-5-5),Joaquin Buckley,Nursulton Ruziboev
3c319d4659e6c8fd,KO/TKO,2,4:02,3 Rnd (5-5-5),Carlos Prates,Li Jingliang
a017d5806eaa6018,Submission,3,5:00,3 Rnd (5-5-5),Ricky Simon,Merab Dvalishvili
632f6960544caa3c,Decision - Unanimous,3,5:00,3 Rnd (5-5-5),Leonardo Mafra,Cain Carrizosa
4b3af85b0df51d09,Decision - Unanimous,3,5:00,3 Rnd (5-5-5),Abubakar Nurmagomedov,Jared Gooden
bd2e14ee959f9b77,Decision - Unanimous,3,5:00,3 Rnd (5-5-5),Alexandr Romanov,Blagoy Ivanov
c40b934d2666e351,Decision - Unanimous,3,5:00,3 Rnd (5-5-5),Ailin Perez,Macy Chiasson
8af87933e6409e24,Decision - Unanimous,3,5:00,3 Rnd (5-5-5),Tim Boetsch,Nick Ring
85bec51d0bdf511f,KO/TKO,3,4:40,3 Rnd (5-5-5),Mike Perry,Danny Roberts
554163b1c8c05522,Decision - Unanimous,5,5:00,5 Rnd (5-5-5-5-5),Cory Sandhagen,Rob Font
23ea24013d15c09c,KO/TKO,1,4:59,3 Rnd (5-5-5),Thiago Santos,Jack Hermansson
0e9091311ca565ce,Decision - Unanimous,5,5:00,5 Rnd (5-5-5-5-5),Michael Bisping,Anderson Silva
a0d1be5413e301dd,Decision - Unanimous,3,5:00,3 Rnd (5-5-5),Brian Bowles,Takeya Mizugaki
477af74ea3cbba8b,KO/TKO,1,3:27,3 Rnd (5-5-5),Michael Morales,Sean Brady
69ca032aaef2e3d0,Decision - Unanimous,3,5:00,3 Rnd (5-5-5),Nah-Shon Burrell,Yuri Villefort
b90a5b9061ec54a5,KO/TKO,3,2:38,3 Rnd (5-5-5),Ryan Benoit,Ashkan Mokhtarian
bf647be41de365e4,Submission,2,4:32,3 Rnd (5-5-5),Bryan Battle,AJ Fletcher
5475f5b6bad40989,KO/TKO,1,0:47,3 Rnd (5-5-5),Polyana Viana,Jinh Yu Frey
bc01ce748a5723df,Decision - Unanimous,3,5:00,3 Rnd (5-5-5),Ray Borg,Gabriel Silva
44c6d87116bb3a10,Decision - Unanimous,3,5:00,3 Rnd (5-5-5),Tarec Saffiedine,Jake Ellenberger
c8609059d2d87724,Submission,1,4:16,3 Rnd (5-5-5),Song Yadong,Bharat Kandare
576b795e33ddd62d,KO/TKO,2,2:10,3 Rnd (5-5-5),Nate Maness,Tony Gravely
bbcb7b5ca439bebb,KO/TKO,1,3:07,3 Rnd (5-5-5),Joseph Benavidez,Jussier Formiga
814d481e79e9a525,Submission,3,2:57,3 Rnd (5-5-5),Ariane Carnelossi,Istela Nunes
b16534d6bb279b2a,Decision - Unanimous,3,5:00,3 Rnd (5-5-5),Aaron Simpson,Eric Schafer
a4817b7e46028b4a,Decision - Unanimous,5,5:00,5 Rnd (5-5-5-5-5),Max Holloway,Calvin Kattar
5f8a92f10e5451ce,KO/TKO,1,0:19,3 Rnd (5-5-5),Payton Talbott,Yanis Ghemmouri
1ada4b9ee5810e0f,Decision - Unanimous,3,5:00,3 Rnd (5-5-5),JJ Aldrich,Andrea Lee
0e0629a1503125a6,Submission,1,10:05,1 Rnd (12),Tra Telligman,Brad Kohler
951968aa52a84928,Decision - Unanimous,3,5:00,3 Rnd (5-5-5),Marc Diakiese,Lando Vannata
f93f794247af708a,Decision - Split,3,5:00,3 Rnd (5-5-5),Kyung Ho Kang,Pingyuan Liu
687d973d71e068dc,Submission,3,3:45,3 Rnd (5-5-5),Cynthia Calvillo,Pearl Gonzalez
8b7bc2af1e15b668,Submission,2,2:02,3 Rnd (5-5-5),Josh Culibao,Melsik Baghdasaryan
bc9dd73e0a982c08,Decision - Unanimous,3,5:00,3 Rnd (5-5-5),Rashid Magomedov,Anthony Rocco Martin
6617170d3659b175,KO/TKO,2,4:29,3 Rnd (5-5-5),Brian Stann,Jorge Santiago
b1a033020bd6d3f3,KO/TKO,1,1:19,3 Rnd (5-5-5),Daniel Cormier,Patrick Cummins
71900a1af85710a9,Decision - Split,3,5:00,3 Rnd (5-5-5),Matt Serra,Chris Lytle
bd83e4a6f216230f,Decision - Unanimous,3,5:00,3 Rnd (5-5-5),Derek Brunson,Lorenz Larkin
badc8c379cc2e6ff,Decision - Unanimous,3,5:00,3 Rnd (5-5-5),Bartosz Fabinski,Garreth McLellan
71dc4379c738450f,KO/TKO,1,0:59,3 Rnd (5-5-5),Nordine Taleb,Danny Roberts
983fab4080743ed0,Submission,1,4:05,3 Rnd (5-5-5),JunYong Park,Denis Tiuliulin
3256d907f58af95e,Decision - Split,3,5:00,3 Rnd (5-5-5),Augusto Sakai,Andrei Arlovski
ab27a211bcb9550b,KO/TKO,1,0:20,3 Rnd (5-5-5),Marcos Rogerio de Lima,Richardson Moreira
98883348ddb3be33,Decision - Unanimous,3,5:00,3 Rnd (5-5-5),Veronica Hardy,Brogan Walker
ae5d14a9fc1ad19c,Decision - Unanimous,3,5:00,3 Rnd (5-5-5),Askar Askarov,Joseph Benavidez
5ddf45e816a50fac,TKO - Doctor's Stoppage,1,5:00,3 Rnd (5-5-5),Tecia Pennington,Sam Hughes
acde7c89bd724af8,Decision - Split,3,5:00,3 Rnd (5-5-5),Talita Alencar,Rayanne dos Santos
b9726184624ac076,KO/TKO,1,0:57,3 Rnd (5-5-5),Islam Makhachev,Gleison Tibau
06641a8c62e45661,Submission,1,3:45,5 Rnd (5-5-5-5-5),Tom Aspinall,Alexander Volkov
b7653a82f4b07b1f,Decision - Unanimous,3,5:00,3 Rnd (5-5-5),James Krause,Shane Campbell
91afc389191d41fb,KO/TKO,3,2:47,3 Rnd (5-5-5),Sasha Palatnikov,Louis Cosce
b71f07f052d0a48b,Decision - Unanimous,3,5:00,3 Rnd (5-5-5),Kurt Pellegrino,Josh Neer
7b34aa1eb09b8301,KO/TKO,2,0:21,3 Rnd (5-5-5),Daniel Santos,JooSang Yoo
8ef7723b6a8b45e1,KO/TKO,1,4:15,3 Rnd (5-5-5),Jean Silva,Melsik Baghdasaryan
357a5bc5de4f545d,KO/TKO,2,4:17,3 Rnd (5-5-5),Curtis Millender,Thiago Alves
beaa6ae419b8c8c6,Submission,1,4:09,3 Rnd (5-5-5),Georges St-Pierre,Frank Trigg
eefc526e320524e6,KO/TKO,1,4:08,3 Rnd (5-5-5),Travis Browne,Alistair Overeem
971d9fa5947a4bb7,Decision - Unanimous,3,5:00,3 Rnd (5-5-5),Jimmie Rivera,Urijah Faber
06db48a74d81a15e,Submission,3,3:33,3 Rnd (5-5-5),Nick Ring,James Head
e7bb37681652c2c2,Decision - Unanimous,3,5:00,3 Rnd (5-5-5),Taila Santos,Roxanne Modafferi
43496ff308e681a0,KO/TKO,1,4:26,3 Rnd (5-5-5),Muslim Salikhov,Nordine Taleb
a8d189f56de9b451,Decision - Unanimous,3,5:00,3 Rnd (5-5-5),Brandon Davis,Steven Peterson
26fbf026beb8e9f8,Decision - Unanimous,3,5:00,3 Rnd (5-5-5),Kelvin Gastelum,Ian Heinisch
ba4485ce4e8e3fe1,Decision - Unanimous,3,5:00,3 Rnd (5-5-5),Askar Askarov,Alexandre Pantoja
ff6c8dab41efcc09,Decision - Unanimous,3,5:00,3 Rnd (5-5-5),Blagoy Ivanov,Marcos Rogerio de Lima
33d52ac2d70b8415,Submission,3,3:02,3 Rnd (5-5-5),Chase Hooper,Peter Barrett
b67229e7675eed24,Decision - Majority,3,5:00,3 Rnd (5-5-5),Alistair Overeem,Fabricio Werdum
fa193b3d07c0ed9b,Decision - Unanimous,3,5:00,3 Rnd (5-5-5),Chael Sonnen,Trevor Prangley
06910bddb0745856,Decision - Unanimous,3,5:00,3 Rnd (5-5-5),King Green,Alan Patrick
43885ee6cc5ed241,Decision - Split,2,3:00,1 Rnd + OT (12-3),Pat Miletich,Townsend Saunders
fd76b75c28dc247a,KO/TKO,2,3:59,5 Rnd (5-5-5-5-5),Israel Adesanya,Paulo Costa
0f8b2f7299b5e114,KO/TKO,1,4:56,3 Rnd (5-5-5),Khalil Rountree Jr.,Paul Craig
66785060ebaa2387,Decision - Unanimous,3,5:00,3 Rnd (5-5-5),Cheick Kongo,Shawn Jordan
c8ec30a470f08748,Decision - Unanimous,3,5:00,3 Rnd (5-5-5),Jerrod Sanders,Russell Doane
0f24f3bc1b39ea45,Decision - Split,5,5:00,5 Rnd (5-5-5-5-5),Alexandre Pantoja,Brandon Moreno
5ad0a7ec5e99955b,Decision - Unanimous,3,5:00,3 Rnd (5-5-5),Matt Brown,John Howard
f521ecde1e96a1bd,KO/TKO,1,1:09,3 Rnd (5-5-5),Damon Jackson,Pat Sabatini
bfacb44c24bfe0e9,Decision - Unanimous,3,5:00,3 Rnd (5-5-5),Brian Kelleher,Domingo Pilarte
15b62b191eb6dacf,Decision - Unanimous,3,5:00,3 Rnd (5-5-5),Rousimar Palhares,Dan Miller
a5abdc461cb1538e,KO/TKO,1,2:42,3 Rnd (5-5-5),Rodolfo Bellato,Luke Fernandez
9fe62ea683decc55,Decision - Majority,3,5:00,3 Rnd (5-5-5),TIE,TIE
b60bbec8ec98941b,Decision - Split,3,5:00,3 Rnd (5-5-5),Augusto Mendes,Frankie Saenz
cefb47bcc04f540e,Decision - Unanimous,3,5:00,3 Rnd (5-5-5),Derrick Lewis,Ilir Latifi
2f0bfdc3c325662d,Decision - Unanimous,3,5:00,3 Rnd (5-5-5),Kamaru Usman,Leon Edwards
919fb76d2f3e5827,Submission,2,3:02,5 Rnd (5-5-5-5-5),Glover Teixeira,Jan Blachowicz
3e875e1625bbdfbd,Submission,1,2:46,3 Rnd (5-5-5),Danny Roberts,Nathan Coy
0d1d7cfb2a48d5ec,KO/TKO,1,1:43,5 Rnd (5-5-5-5-5),Dominick Reyes,Chris Weidman
44e4a1caae180261,Submission,1,1:53,3 Rnd (5-5-5),Josh Koscheck,Pete Spratt
3d12c63c47828937,Decision - Split,3,5:00,3 Rnd (5-5-5),Ji Yeon Kim,Melinda Fabian
57775c8af89007c7,Decision - Unanimous,3,5:00,3 Rnd (5-5-5),Dricus Du Plessis,Brad Tavares
08244974cf39ae38,Decision - Unanimous,3,5:00,3 Rnd (5-5-5),Bryce Mitchell,Charles Rosa
b07188063c49b755,Decision - Unanimous,3,5:00,3 Rnd (5-5-5),Kai Kara-France,Mark De La Rosa
44a55ba1de2b30e2,Decision - Unanimous,3,5:00,3 Rnd (5-5-5),Victor Henry,Raoni Barcelos
db8887f2085f7971,Decision - Unanimous,3,5:00,3 Rnd (5-5-5),Guido Cannetti,Diego Rivas
c9144a294c73b06f,Submission,1,3:16,3 Rnd (5-5-5),Allan Nascimento,Carlos Hernandez
0d077813b6164fe1,Decision - Unanimous,5,5:00,5 Rnd (5-5-5-5-5),Kamaru Usman,Rafael Dos Anjos
7cfc8649d07b704c,KO/TKO,1,4:35,5 Rnd (5-5-5-5-5),Evan Tanner,David Terrell
3a81276a9641c6a1,KO/TKO,2,4:33,3 Rnd (5-5-5),Nicolas Dalby,Gabriel Bonfim
687b9b2c11667531,Decision - Unanimous,3,5:00,3 Rnd (5-5-5),Nik Lentz,Manvel Gamburyan
7f47865cfb9b0d55,Decision - Unanimous,3,5:00,3 Rnd (5-5-5),Ben Saunders,Dan Barrera
0bec32c32da199ed,Submission,1,1:10,3 Rnd (5-5-5),Fabiano Iha,Laverne Clark
7503d5c892f238fb,KO/TKO,1,4:11,5 Rnd (5-5-5-5-5),Yair Rodriguez,Brian Ortega
5c3325b7da3f7828,KO/TKO,1,2:26,5 Rnd (5-5-5-5-5),Alistair Overeem,Brock Lesnar
d490c78bd5d0145a,Decision - Unanimous,3,5:00,3 Rnd (5-5-5),Diego Sanchez,John Alessio
817c3b44517daa91,Decision - Split,3,5:00,3 Rnd (5-5-5),Georges St-Pierre,BJ Penn
78afed76d0e9a639,Decision - Unanimous,5,5:00,5 Rnd (5-5-5-5-5),Ciryl Gane,Alexander Volkov
889207e3c622a5aa,KO/TKO,2,2:24,3 Rnd (5-5-5),Rob Font,Thomas Almeida
51b0cc51799e7d5d,Submission,2,2:57,3 Rnd (5-5-5),Joe Stevenson,Gleison Tibau
467e08195b29e857,KO/TKO,1,3:01,3 Rnd (5-5-5),Batgerel Danaa,Guido Cannetti
16243b1470887cb6,Submission,1,3:13,3 Rnd (5-5-5),Andre Muniz,Eryk Anders
49d8fc8e4aee9b51,Decision - Unanimous,3,5:00,3 Rnd (5-5-5),Tom Watson,Sam Alvey
dc2a3aeac1441991,KO/TKO,3,2:37,5 Rnd (5-5-5-5-5),Jon Jones,Mauricio Rua
3b21a9f48bac4a44,KO/TKO,1,1:57,3 Rnd (5-5-5),Josh Emmett,Bryce Mitchell
8b8f9485214f9e48,Decision - Majority,3,5:00,3 Rnd (5-5-5),Dustin Poirier,Jim Miller
b39b8ff0d7de211a,KO/TKO,2,0:11,3 Rnd (5-5-5),Jose Ochoa,Cody Durden
9a8fedc4fa968bbd,Decision - Unanimous,3,5:00,3 Rnd (5-5-5),Zak Cummings,Yan Cabral
f846fd001397db45,TKO - Doctor's Stoppage,2,2:55,3 Rnd (5-5-5),Melvin Guillard,Marcus Davis
65352221c0bfe52d,KO/TKO,3,2:59,3 Rnd (5-5-5),Makhmud Muradov,Andrew Sanchez
c931097a857ed60c,Decision - Unanimous,3,5:00,3 Rnd (5-5-5),Emily Whitmire,Jamie Moyle
677588ea237aa5c0,Decision - Unanimous,3,5:00,3 Rnd (5-5-5),Colby Covington,Bryan Barberena
4ff0075d932d5b14,Decision - Unanimous,3,5:00,3 Rnd (5-5-5),Viscardi Andrade,Gasan Umalatov
2b894d87ad9aae05,Submission,2,4:52,3 Rnd (5-5-5),Andrea Lee,Antonina Shevchenko
fbf83609dc96f32e,KO/TKO,2,1:39,3 Rnd (5-5-5),Randy Brown,Nicolas Dalby
48dd2c9cb39bd2d4,Decision - Split,3,5:00,3 Rnd (5-5-5),Julia Polastri,Cory McKenna
671048cd1933855a,Decision - Majority,3,5:00,3 Rnd (5-5-5),TIE,TIE
4186686dbd9957cd,Decision - Unanimous,3,5:00,3 Rnd (5-5-5),Chris Weidman,Alessio Sakara
b1f2ec122beda7a5,KO/TKO,2,4:08,5 Rnd (5-5-5-5-5),Alex Pereira,Jiri Prochazka
e0acd0cf4930671b,KO/TKO,2,5:00,3 Rnd (5-5-5),Marwan Rahiki,Harry Hardwick
6ec0a046de95fe16,Decision - Unanimous,3,5:00,3 Rnd (5-5-5),Brad Tavares,Elias Theodorou
a53b8686b748849f,Submission,2,4:52,5 Rnd (5-5-5-5-5),Anderson Silva,Dan Henderson
2b95f2982b19518a,Decision - Unanimous,3,5:00,3 Rnd (5-5-5),Kendall Grove,Ed Herman
a419e6df765aa755,KO/TKO,4,5:00,5 Rnd (5-5-5-5-5),Stephen Thompson,Kevin Holland
5ff390f7bbf2bec8,Submission,3,1:59,3 Rnd (5-5-5),Da Woon Jung,Khadis Ibragimov
dc4f7eaaa2c9d450,Decision - Unanimous,3,5:00,3 Rnd (5-5-5),Johnny Case,Yan Cabral
8d2f3e0abb22689f,KO/TKO,2,1:37,5 Rnd (5-5-5-5-5),Chris Weidman,Mark Munoz
4563e02bc4c1a1ef,Submission,2,1:55,3 Rnd (5-5-5),Junior Assuncao,David Lee
fce6ab43b7d09aa4,KO/TKO,2,0:46,3 Rnd (5-5-5),Jalin Turner,Jamie Mullarkey
f12126b5c49a318a,Submission,1,0:58,3 Rnd (5-5-5),James Vick,Ramsey Nijem
1f299942446461e9,Submission,2,1:14,3 Rnd (5-5-5),Eugene Jackson,Keith Rockel
288c942b0ad152a6,KO/TKO,1,2:12,3 Rnd (5-5-5),Danny Roberts,Oliver Enkamp
eb7b0a6f06dbdb4f,KO/TKO,1,4:40,3 Rnd (5-5-5),Nate Maness,Mateus Mendonca
c8998aa536614a5a,KO/TKO,2,3:31,5 Rnd (5-5-5-5-5),Donald Cerrone,Jim Miller
8d5b88e0ff253617,Decision - Unanimous,3,5:00,3 Rnd (5-5-5),Vitor Petrino,Anton Turkalj
b65d0243d397802c,Decision - Unanimous,3,5:00,3 Rnd (5-5-5),Robert Whittaker,Rafael Natal
7070abfa26c079b8,Decision - Unanimous,3,5:00,3 Rnd (5-5-5),Max Griffin,Carlos Condit
1cb0711cd49dd95e,KO/TKO,1,2:42,3 Rnd (5-5-5),Junior Tafa,Kevin Christian
925a36a4af600291,Decision - Unanimous,3,5:00,3 Rnd (5-5-5),Jack Hermansson,Chris Curtis
6b5fe10e6e7d160a,Decision - Split,3,5:00,3 Rnd (5-5-5),Stevie Ray,Ross Pearson
758ec6b5d55c1b09,Submission,2,4:16,3 Rnd (5-5-5),Philip De Fries,Oli Thompson
5136dc566f46daf6,KO/TKO,3,3:00,3 Rnd (5-5-5),Chase Hooper,Felipe Colares
41be95916aef568f,Decision - Split,3,5:00,3 Rnd (5-5-5),Sheymon Moraes,Julio Arce
7549887ba7ae86e6,Decision - Unanimous,3,5:00,3 Rnd (5-5-5),Gunnar Nelson,Jorge Santiago
ad81be01a461c936,KO/TKO,2,2:30,3 Rnd (5-5-5),Khalil Rountree Jr.,Modestas Bukauskas
e4849375d1949c74,Submission,1,1:17,3 Rnd (5-5-5),Murtazali Magomedov,Melsik Baghdasaryan
3ab0d8b344d2ebea,Submission,2,4:02,3 Rnd (5-5-5),Deiveson Figueiredo,Cody Garbrandt
41cdbcc0f3635b8f,Decision - Unanimous,3,5:00,3 Rnd (5-5-5),Melquizael Costa,Christian Rodriguez
b9cd4910f0ecff45,KO/TKO,1,3:05,3 Rnd (5-5-5),Aiemann Zahabi,Drako Rodriguez
dd617f6ab4916ec4,Decision - Unanimous,3,5:00,3 Rnd (5-5-5),Giga Chikadze,Alex Caceres
a3a328ca117184df,KO/TKO,1,9:45,1 Rnd + OT (12-3),Mikey Burnett,Eugenio Tadeu
1ed8776f978a0155,KO/TKO,1,1:33,3 Rnd (5-5-5),Ottman Azaitar,Khama Worthy
3e4b8bd71e8bceb2,Decision - Unanimous,3,5:00,3 Rnd (5-5-5),Danny Chavez,TJ Brown
3636ca71c557c5e8,KO/TKO,1,4:25,3 Rnd (5-5-5),Santiago Ponzinibbio,Andreas Stahl
a072481f307dc8aa,Decision - Unanimous,3,5:00,3 Rnd (5-5-5),Devin Clark,Darko Stosic
5f5b626e67529056,Submission,2,3:34,5 Rnd (5-5-5-5-5),Arman Tsarukyan,Dan Hooker
7679c5ee3514e119,KO/TKO,1,4:32,3 Rnd (5-5-5),Gegard Mousasi,Thiago Santos
62048467be051636,Submission,1,2:50,3 Rnd (5-5-5),Dustin Hazelett,Stevie Lynch
4de8b5898e1a23c8,KO/TKO,1,4:50,3 Rnd (5-5-5),Colby Covington,Anying Wang
9713ba5e92ee4f5d,Submission,1,11:19,1 Rnd + OT (12-3),Don Frye,Gary Goodridge
a554a72bb0377213,KO/TKO,2,0:08,5 Rnd (5-5-5-5-5),Arnold Allen,Calvin Kattar
6d32a829217cf2fa,Decision - Unanimous,3,5:00,3 Rnd (5-5-5),Brandon Vera,Krzysztof Soszynski
8b3b38167060b1d7,Decision - Unanimous,3,5:00,3 Rnd (5-5-5),Belal Muhammad,Stephen Thompson
04df2fbb108b23c1,Decision - Split,3,5:00,3 Rnd (5-5-5),Constantinos Philippou,Jorge Rivera
1c50e43770ba84fc,KO/TKO,1,3:11,3 Rnd (5-5-5),Casey O'Neill,Gabriella Fernandes
e0bdef2580715030,Decision - Unanimous,3,5:00,3 Rnd (5-5-5),Dong Hyun Kim,Siyar Bahadurzada
07df55cb3cc0ec30,Submission,3,1:57,3 Rnd (5-5-5),Reuben Duran,Francisco Rivera
d66a8591af39ca7b,Decision - Unanimous,3,5:00,3 Rnd (5-5-5),Neil Magny,Li Jingliang
107079f548338ac3,Decision - Unanimous,3,5:00,3 Rnd (5-5-5),Neil Magny,Tim Means
4c6030fafb46330f,KO/TKO,1,0:14,3 Rnd (5-5-5),Anthony Perosh,Vinny Magalhaes
3e90b7fd1e9f86bd,Decision - Unanimous,3,5:00,3 Rnd (5-5-5),Jamal Pogues,Josh Parisian
1800ffbb34ac7ed8,Decision - Unanimous,3,5:00,3 Rnd (5-5-5),Ariane da Silva,Isabela de Padua
4aef975838bc19ec,Decision - Unanimous,2,5:00,2 Rnd (5-5),Ben Earwood,Chris Lytle
db026ff6eee4d174,KO/TKO,1,3:44,3 Rnd (5-5-5),Carlos Ulberg,Nicolae Negumereanu
2b5058614b56a898,Decision - Unanimous,3,5:00,3 Rnd (5-5-5),Jared Rosholt,Walt Harris
2a7cf1a89de3709e,Submission,1,4:03,3 Rnd (5-5-5),Myles Jury,Chris Saunders
497a87188392e057,Submission,1,1:45,3 Rnd (5-5-5),Carlos Newton,Pete Spratt
53d6d5ad08ac0694,Decision - Unanimous,3,5:00,3 Rnd (5-5-5),Veronica Hardy,Juliana Miller
28c6de749d0d0e9d,DQ,2,3:16,3 Rnd (5-5-5),Ariane Carnelossi,Piera Rodriguez
1e12c4828d576b5c,Decision - Unanimous,3,5:00,3 Rnd (5-5-5),Forrest Petz,Luigi Fioravanti
fb8e8d1a734b6fe8,Submission,1,7:57,1 Rnd + OT (12-3),Evan Tanner,Darrel Gholar
6102e7a6dcbc62f0,Submission,1,1:03,3 Rnd (5-5-5),Michael Chiesa,Niko Price
d66164d2c770da68,Decision - Unanimous,3,5:00,3 Rnd (5-5-5),Movsar Evloev,Hakeem Dawodu
451d7d8c2a6bacb3,KO/TKO,2,2:38,3 Rnd (5-5-5),Jimi Manuwa,Ovince Saint Preux
588a39cab19065bc,Submission,1,1:37,3 Rnd (5-5-5),Joe Soto,Marco Beltran
3adab28c5c6a9254,Decision - Unanimous,3,5:00,3 Rnd (5-5-5),Kevin Jousset,Song Kenan
ddb927b0dfcfac2a,KO/TKO,2,1:51,3 Rnd (5-5-5),Steve Garcia,Charlie Ontiveros
0f369d09416b9e34,Decision - Unanimous,3,5:00,3 Rnd (5-5-5),Youssef Zalal,Jordan Griffin
6ff21ea2c75c48ed,KO/TKO,1,3:34,3 Rnd (5-5-5),Ignacio Bahamondes,Christos Giagos
ed5383b50ffcdded,Decision - Split,3,5:00,3 Rnd (5-5-5),Jean Matsumoto,Miles Johns
333c9e6f3cc8f91e,KO/TKO,1,2:02,3 Rnd (5-5-5),Cain Velasquez,Jake O'Brien
4da34f2980b5c58d,KO/TKO,1,3:35,3 Rnd (5-5-5),Eric Schafer,Antonio Mendes
c64537874352793a,KO/TKO,1,1:13,3 Rnd (5-5-5),Felipe Silva,Shane Campbell
119bc264e2bb9877,Decision - Unanimous,3,5:00,3 Rnd (5-5-5),Rodrigo Nascimento,Don'Tale Mayes
7045f8c1d5f6abff,Decision - Majority,3,5:00,3 Rnd (5-5-5),Noad Lahat,Niklas Backstrom
a38010639e61885c,Submission,2,1:58,3 Rnd (5-5-5),Sam Hughes,Shauna Bannon
fa2be4b37de934bf,Decision - Unanimous,3,5:00,3 Rnd (5-5-5),Forrest Petz,Sammy Morgan
d5e3be7a07c48b08,Submission,1,1:09,3 Rnd (5-5-5),Jake Matthews,Chidi Njokuani
32bd7ed48f5aea7e,Decision - Unanimous,3,5:00,3 Rnd (5-5-5),Eryk Anders,Jamie Pickett
a200b5dcbdd2506e,KO/TKO,2,1:07,3 Rnd (5-5-5),Ilia Topuria,Jai Herbert
4655930eb83446c7,Decision - Unanimous,3,5:00,3 Rnd (5-5-5),TJ Grant,Carlo Prater
815fd4ebdc288e83,KO/TKO,3,3:03,3 Rnd (5-5-5),Elizeu Zaleski dos Santos,Omari Akhmedov
6ea77cb62aa2f276,KO/TKO,1,2:09,3 Rnd (5-5-5),Uros Medic,Tim Means
2e8217f029c25a3a,KO/TKO,1,4:13,3 Rnd (5-5-5),Gleison Tibau,Caol Uno
d9a8d19107d2bd9e,KO/TKO,1,4:52,3 Rnd (5-5-5),Tim Boetsch,David Heath
138cb102906573f2,KO/TKO,1,4:25,3 Rnd (5-5-5),Josh Emmett,Mirsad Bektic
99bfad1679112591,Submission,1,4:48,3 Rnd (5-5-5),Cynthia Calvillo,Poliana Botelho
ae38fb2a6b6a0cc1,KO/TKO,2,4:08,3 Rnd (5-5-5),Manon Fiorot,Victoria Leonardo
a5a81a39ccf9b680,KO/TKO,1,3:18,5 Rnd (5-5-5-5-5),Manel Kape,Brandon Royval
188537d906b30a7c,Submission,3,1:33,5 Rnd (5-5-5-5-5),Murilo Bustamante,Matt Lindland
f063bcccbbb9edc5,Submission,1,3:33,3 Rnd (5-5-5),Billy Elekana,Kevin Christian
cb7cfa8b9900878f,Decision - Split,3,5:00,3 Rnd (5-5-5),Dan Henderson,Rich Franklin
bdcb43bf1daa790b,KO/TKO,3,4:16,5 Rnd (5-5-5-5-5),Frankie Edgar,BJ Penn
4e75ed154de637e2,KO/TKO,2,1:46,3 Rnd (5-5-5),Wesley Correira,Sean Alvarez
ffe629a5232a878b,Submission,1,1:59,3 Rnd (5-5-5),Kimo Leopoldo,David Abbott
188e6416157e5a1f,Decision - Unanimous,3,5:00,3 Rnd (5-5-5),Norma Dumont,Germaine de Randamie
edac9fd482177a64,KO/TKO,1,2:20,3 Rnd (5-5-5),Max Griffin,Song Kenan
3352c65f3f6d9b2a,Decision - Split,3,5:00,3 Rnd (5-5-5),Jack Della Maddalena,Bassil Hafez
df3b75809b7fe252,Submission,3,3:48,3 Rnd (5-5-5),Mac Danzig,Mark Bocek
75e21e2f5f3be42e,Decision - Unanimous,5,5:00,5 Rnd (5-5-5-5-5),Stephen Thompson,Rory MacDonald
ef2c7bfced561374,Decision - Unanimous,3,5:00,3 Rnd (5-5-5),Alexander Hernandez,Olivier Aubin-Mercier
62e6eadbb2805760,Submission,1,3:18,3 Rnd (5-5-5),Jimmy Flick,Cody Durden
4d3cd5ecf4276c92,KO/TKO,3,2:11,3 Rnd (5-5-5),Sean O'Connell,Matt Van Buren
5a9804cad2335272,Submission,2,3:30,3 Rnd (5-5-5),Yuta Sasaki,Willie Gates
f1cbd73e7be64d28,Decision - Unanimous,3,5:00,3 Rnd (5-5-5),Chad Anheliger,Charalampos Grigoriou
2a48d0a98c21e736,Decision - Unanimous,3,5:00,3 Rnd (5-5-5),Jacqueline Cavalcanti,Zarah Fairn
995e79b951da945b,KO/TKO,1,2:05,3 Rnd (5-5-5),Ion Cutelaba,Tanner Boser
c16b1dc7577fc31c,Decision - Unanimous,3,5:00,3 Rnd (5-5-5),Gasan Umalatov,Paulo Thiago
477c3b9de012e4b3,Decision - Unanimous,3,5:00,3 Rnd (5-5-5),Farid Basharat,Taylor Lapilus
bb85e207eba236bc,Decision - Unanimous,3,5:00,3 Rnd (5-5-5),Deiveson Figueiredo,Marlon Vera
9479ba3cdcb1e513,KO/TKO,1,4:48,3 Rnd (5-5-5),Isaac Dulgarian,Francis Marshall
d15a87087b6f1452,KO/TKO,1,0:22,3 Rnd (5-5-5),Dan Ige,Gavin Tucker
6cc8c21becd17ffa,Decision - Unanimous,3,5:00,3 Rnd (5-5-5),Rich Attonito,Daniel Roberts
dcc3da324eb5f26c,Submission,2,1:37,5 Rnd (5-5-5-5-5),Erin Blanchfield,Jessica Andrade
9861b6d04e6ed43c,Decision - Unanimous,3,5:00,3 Rnd (5-5-5),Petr Yan,Song Yadong
7c2a02b5ea169b54,Decision - Unanimous,3,5:00,3 Rnd (5-5-5),Brian Kelleher,Kevin Croom
86d57e8ef2191316,Decision - Split,3,5:00,3 Rnd (5-5-5),Yohan Lainesse,Darian Weeks
fe6da751f2a4859a,KO/TKO,3,2:44,3 Rnd (5-5-5),Joanne Wood,Valerie Letourneau
aeac1209f15157ed,Decision - Unanimous,3,5:00,3 Rnd (5-5-5),Sage Northcutt,Thibault Gouti
9e47b2a66d0e9315,Decision - Unanimous,3,5:00,3 Rnd (5-5-5),Yair Rodriguez,Leonardo Morales
59d44b6888885500,Submission,1,3:15,3 Rnd (5-5-5),Umar Nurmagomedov,Brian Kelleher
23fd92555246d61e,Decision - Unanimous,3,5:00,3 Rnd (5-5-5),Belal Muhammad,Curtis Millender
4b69545737f1902a,KO/TKO,2,2:27,3 Rnd (5-5-5),Max Holloway,Will Chope
22e5596f75d9d8e7,KO/TKO,1,4:45,3 Rnd (5-5-5),Misha Cirkunov,Daniel Jolly
53467e6296c2e5e6,Decision - Unanimous,3,5:00,3 Rnd (5-5-5),Akira Corassani,Robert Peralta
699a70c8fb3c0273,KO/TKO,1,1:58,3 Rnd (5-5-5),Jan Blachowicz,Ilir Latifi
19c8092496e94b85,Decision - Split,3,5:00,3 Rnd (5-5-5),Rob Font,Jean Matsumoto
be69cbf1f1671c8e,KO/TKO,5,0:18,5 Rnd (5-5-5-5-5),Rafael Fiziev,Rafael Dos Anjos
9a9b30b3165b62e4,KO/TKO,1,4:29,3 Rnd (5-5-5),Mauricio Ruffy,Michael Chandler
07886c772e37d5de,KO/TKO,1,1:24,3 Rnd (5-5-5),Nick Diaz,Koji Oishi
f8cceeabeb2afd4d,KO/TKO,3,2:11,5 Rnd (5-5-5-5-5),Matt Brown,Erick Silva
940701effe1d2b6c,KO/TKO,3,3:40,3 Rnd (5-5-5),Billy Quarantillo,Gabriel Benitez
f91709b071e8295a,KO/TKO,1,3:47,3 Rnd (5-5-5),Abdul Razak Alhassan,Sabah Homasi
6d3655c731347f94,KO/TKO,3,1:27,3 Rnd (5-5-5),John Makdessi,Kyle Watson
2de0acc04cba91d3,KO/TKO,1,2:51,3 Rnd (5-5-5),Cheick Kongo,Christian Wellisch
7047b70f28c2d2fd,Submission,1,3:11,3 Rnd (5-5-5),Tor Troeng,Adam Cella
b6082b551288aa5a,Submission,1,3:43,3 Rnd (5-5-5),Rafael Dos Anjos,Neil Magny
220aa11288e919c6,Decision - Unanimous,3,5:00,3 Rnd (5-5-5),Thiago Alves,Seth Baczynski
5c3c4bcc6c746ca0,Decision - Split,3,5:00,3 Rnd (5-5-5),Sean O'Malley,Petr Yan
6f0231915cc28507,Decision - Unanimous,3,5:00,3 Rnd (5-5-5),Aleksandre Topuria,Bekzat Almakhan
792f139c2b9fd294,Decision - Unanimous,3,5:00,3 Rnd (5-5-5),Azamat Murzakanov,Dustin Jacoby
00be3852000f8fe9,KO/TKO,1,3:05,3 Rnd (5-5-5),Jimi Manuwa,Corey Anderson
05ceb8b2f93993a6,Decision - Majority,3,5:00,3 Rnd (5-5-5),Phil Hawes,Nassourdine Imavov
50eed57ea1390e16,Decision - Unanimous,3,5:00,3 Rnd (5-5-5),Brendan Allen,Jacob Malkoun
caeeb398f73d213a,Submission,1,3:05,5 Rnd (5-5-5-5-5),Serghei Spivac,Derrick Lewis
18edff5447989b3f,Decision - Unanimous,5,5:00,5 Rnd (5-5-5-5-5),Petr Yan,Cory Sandhagen
8f8a6c578308d014,Decision - Split,3,5:00,3 Rnd (5-5-5),Rogerio Bontorin,Magomed Bibulatov
226de3e7e71f2b4f,Decision - Split,3,5:00,3 Rnd (5-5-5),TJ Grant,Ryo Chonan
82eb6fa58ae52428,Decision - Unanimous,3,5:00,3 Rnd (5-5-5),Katlyn Cerminara,Joanne Wood
3dc1a6335d890650,Decision - Unanimous,3,5:00,3 Rnd (5-5-5),Jesus Aguilar,Luis Gurule
1a113ac3255f3ac3,KO/TKO,1,2:17,5 Rnd (5-5-5-5-5),Cung Le,Rich Franklin
ebb685a81f65ce1b,Submission,2,1:07,3 Rnd (5-5-5),Markus Perez,Anthony Hernandez
37a7dc68f3a0e65d,KO/TKO,2,0:41,3 Rnd (5-5-5),Thiago Santos,Jimi Manuwa
32b0e450b11b32fe,Decision - Unanimous,3,5:00,3 Rnd (5-5-5),Movsar Evloev,Mike Grundy
59e653313c871c3f,KO/TKO,2,2:09,3 Rnd (5-5-5),Antoni Hardonk,Mike Wessel
6cd107e2f5886b25,Decision - Unanimous,5,5:00,5 Rnd (5-5-5-5-5),Randy Couture,Tito Ortiz
7df5998eca143c04,Decision - Unanimous,3,5:00,3 Rnd (5-5-5),Angela Hill,Denise Gomes
c597fd8bb66d54d8,Decision - Unanimous,3,5:00,3 Rnd (5-5-5),Marcin Prachnio,Khalil Rountree Jr.
6ce5d8041189d652,KO/TKO,3,1:50,3 Rnd (5-5-5),Roger Huerta,Alberto Crane
b5365d22172e414b,KO/TKO,3,0:33,3 Rnd (5-5-5),Aspen Ladd,Yana Santos
c2ee423d1f0b4f6f,Decision - Unanimous,3,5:00,3 Rnd (5-5-5),Pedro Munhoz,Jimmie Rivera
07c2af68b6dbc4ec,Submission,1,3:39,3 Rnd (5-5-5),Austin Bashi,John Yannis
fc0f12be6552bfe5,Decision - Unanimous,3,5:00,3 Rnd (5-5-5),Amir Sadollah,Phil Baroni
96c2f85b46e98e91,Decision - Unanimous,3,5:00,3 Rnd (5-5-5),Ozzy Diaz,Djorden Santos
47e8726b301f3f32,Submission,1,0:54,3 Rnd (5-5-5),Efrain Escudero,Drew Dober
49ede01b061cfae3,Decision - Unanimous,3,5:00,3 Rnd (5-5-5),Mohammed Usman,Jake Collier
f9d2137f380e66bf,KO/TKO,1,1:22,3 Rnd (5-5-5),Justin Tafa,Austen Lane
e6d4fdad2b3422d1,Decision - Unanimous,5,5:00,5 Rnd (5-5-5-5-5),Manon Fiorot,Erin Blanchfield
81af3b60203d92df,KO/TKO,3,4:09,3 Rnd (5-5-5),Makhmud Muradov,Trevor Smith
9f69f6420f21080a,Decision - Unanimous,3,5:00,3 Rnd (5-5-5),Donald Cerrone,Vagner Rocha
1765fc442ea03873,KO/TKO,1,1:22,3 Rnd (5-5-5),Malcolm Gordon,Denys Bondar
83406cd29d3c2d0f,KO/TKO,2,5:00,3 Rnd (5-5-5),Tim Credeur,Nate Loughran
2521234a4bf7c615,KO/TKO,2,0:26,3 Rnd (5-5-5),Mike Malott,Charles Radtke
9cb78122a23e6a7d,Submission,1,3:41,3 Rnd (5-5-5),Cody Brundage,Dalcha Lungiambula
72105dd82d964e7a,Submission,1,1:05,3 Rnd (5-5-5),Mateusz Gamrot,Jeremy Stephens
d8945e21a63e2451,Decision - Split,3,5:00,3 Rnd (5-5-5),Mackenzie Dern,Tecia Pennington
ba8b1ed5b05a719a,Submission,1,4:38,3 Rnd (5-5-5),Sanae Kikuta,Eugene Jackson
eff9207427f0e02c,KO/TKO,1,4:50,5 Rnd (5-5-5-5-5),Anderson Silva,Nate Marquardt
33719a2d9c69ed17,KO/TKO,3,1:27,3 Rnd (5-5-5),Natalia Silva,Tereza Bleda
962e74250884e4c1,Submission,1,0:55,3 Rnd (5-5-5),Rinat Fakhretdinov,Kevin Lee
f7865e5a6d009a87,KO/TKO,1,2:55,5 Rnd (5-5-5-5-5),Jamahal Hill,Johnny Walker
e80a8338d86e730b,Decision - Unanimous,3,5:00,3 Rnd (5-5-5),Aleksandra Albu,Kailin Curran
b2a91be41c3233cd,DQ,1,0:29,3 Rnd (5-5-5),Carlo Prater,Erick Silva
95edc0b6438f2592,Decision - Unanimous,3,5:00,3 Rnd (5-5-5),Renato Moicano,Calvin Kattar
dd0a3aedba5cee87,Decision - Unanimous,3,5:00,3 Rnd (5-5-5),Aleksei Kunchenko,Thiago Alves
c26a094aa7ce817e,Submission,2,3:30,3 Rnd (5-5-5),Renato Moicano,Tom Niinimaki
53d0df57a917c6a0,Decision - Unanimous,3,5:00,3 Rnd (5-5-5),Jack Shore,Timur Valiev
7458a37feabf8788,KO/TKO,1,3:41,3 Rnd (5-5-5),Mike Malott,Mickey Gall
295a0bf12a7373c0,KO/TKO,2,4:51,3 Rnd (5-5-5),Gregor Gillespie,Diego Ferreira
2dfda46cbc17bc99,KO/TKO,1,2:34,5 Rnd (5-5-5-5-5),Rich Franklin,Nate Quarry
512af32553d9bd70,Submission,1,2:50,3 Rnd (5-5-5),Randy Brown,Alex Oliveira
fd47032108b85cf0,Decision - Unanimous,3,5:00,3 Rnd (5-5-5),Fares Ziam,Michal Figlak
c0518d213b67e754,KO/TKO,2,5:00,3 Rnd (5-5-5),Andrea Lee,Cynthia Calvillo
76ece0ee2ef5d240,Decision - Unanimous,3,5:00,3 Rnd (5-5-5),Rafael Fiziev,King Green
eea06604a47ea9a8,Decision - Split,3,5:00,3 Rnd (5-5-5),John Moraga,Dustin Ortiz
d44a814b106b94ff,Submission,1,2:18,3 Rnd (5-5-5),David Dvorak,Juancamilo Ronderos
6eb382e2c51fc4f5,Submission,1,3:54,3 Rnd (5-5-5),Jason Gonzalez,JC Cottrell
1a3572d1502efdf4,Submission,3,2:56,3 Rnd (5-5-5),Ray Borg,Chris Kelades
582846744e379178,Submission,1,1:23,3 Rnd (5-5-5),Tresean Gore,Antonio Trocoli
f0418c2c989a5cde,Decision - Split,3,5:00,3 Rnd (5-5-5),Davey Grant,Grigory Popov
98842f17dfe4b4ef,Submission,2,3:31,3 Rnd (5-5-5),Alex Caceres,SeungWoo Choi
50bdcb20286690ff,Submission,1,4:49,3 Rnd (5-5-5),Vitor Belfort,Anthony Johnson
2a9755f4d43f3e2f,KO/TKO,1,2:20,3 Rnd (5-5-5),Vladimir Matyushenko,Alexandre Ferreira
db49619221b282af,KO/TKO,1,1:09,5 Rnd (5-5-5-5-5),Tom Aspinall,Sergei Pavlovich
a4daf2f24acdcd43,Decision - Unanimous,3,5:00,3 Rnd (5-5-5),Stipe Miocic,Roy Nelson
35f9beb94b4ef9e2,Decision - Split,3,5:00,3 Rnd (5-5-5),Ovince Saint Preux,Kennedy Nzechukwu
0d6d212fcdf47f2e,KO/TKO,2,2:26,3 Rnd (5-5-5),Jonathan Martinez,Adrian Yanez
880f2bb0a639a5a0,Submission,2,2:41,3 Rnd (5-5-5),Jan Blachowicz,Nikita Krylov
5cf56c22cbc24758,Decision - Split,3,5:00,3 Rnd (5-5-5),Gian Villante,Francimar Barroso
36ec204f47e4d613,Submission,1,4:35,3 Rnd (5-5-5),Myktybek Orolbai,Tofiq Musayev
e0d92694d8a2d38b,Decision - Unanimous,3,5:00,3 Rnd (5-5-5),Khalil Rountree Jr.,Eryk Anders
7006a98fe9944571,Decision - Unanimous,3,5:00,3 Rnd (5-5-5),Nina Nunes,Angela Hill
ce30634422a264f9,Decision - Unanimous,3,5:00,3 Rnd (5-5-5),Dennis Bermudez,Steven Siler
f6fd50bf69bb59e6,Decision - Unanimous,3,5:00,3 Rnd (5-5-5),Nathaniel Wood,Charles Rosa
c0329bd8d3b302c6,KO/TKO,1,0:13,3 Rnd (5-5-5),Anthony Johnson,Glover Teixeira
523815acf1bb2420,Submission,2,3:16,5 Rnd (5-5-5-5-5),Islam Makhachev,Charles Oliveira
be79dafe6c0b7671,Decision - Unanimous,3,5:00,3 Rnd (5-5-5),Dennis Siver,Matt Wiman
47f8812a335b6ce9,Decision - Unanimous,3,5:00,3 Rnd (5-5-5),Charlie Campbell,Trevor Peek
9f4bc2063685211c,KO/TKO,1,2:19,3 Rnd (5-5-5),Alan Jouban,Richard Walsh
38dbb6f2e1456acd,KO/TKO,2,4:35,5 Rnd (5-5-5-5-5),Josh Barnett,Randy Couture
94df6c8cd2256f54,Submission,2,3:05,3 Rnd (5-5-5),Jon Fitch,Luigi Fioravanti
11774c581b818e30,Decision - Unanimous,3,5:00,3 Rnd (5-5-5),Martin Kampmann,Paulo Thiago
bc63f1b2e52f603e,Decision - Unanimous,3,5:00,3 Rnd (5-5-5),Drakkar Klose,Edson Barboza
ef4484943b1c68a9,Submission,1,1:53,3 Rnd (5-5-5),Pat Sabatini,Jamall Emmers
6f62436ae042009b,Decision - Unanimous,5,5:00,5 Rnd (5-5-5-5-5),Randy Couture,Pedro Rizzo
b152646345037056,KO/TKO,3,3:43,3 Rnd (5-5-5),John Lineker,Brian Kelleher
8ea72cf82fac07f6,KO/TKO,1,0:30,No Time Limit,Patrick Smith,Scott Morris
d1b2ce8ee57307c0,KO/TKO,3,2:40,3 Rnd (5-5-5),Neil Magny,William Macario
ef80a6eea892c296,Decision - Unanimous,3,5:00,3 Rnd (5-5-5),Jim Miller,Thiago Alves
a57969d4ba7d4a79,KO/TKO,1,3:52,3 Rnd (5-5-5),Molly McCann,Hannah Goldy
2d42742aade53799,Decision - Unanimous,3,5:00,3 Rnd (5-5-5),Raquel Pennington,Pannie Kianzad
0dff8509f6a861f1,KO/TKO,3,2:08,3 Rnd (5-5-5),Lucas Martins,Alex White
d4d6c5ff6bef93ce,KO/TKO,1,1:47,3 Rnd (5-5-5),Joe Duffy,Jake Lindsey
de1acb6803ab3f14,Decision - Split,3,5:00,3 Rnd (5-5-5),Rinat Fakhretdinov,Nicolas Dalby
d480d01418ae0143,KO/TKO,1,0:16,3 Rnd (5-5-5),Stefan Struve,Antonio Silva
3c00f34f20c8a189,Decision - Unanimous,3,5:00,3 Rnd (5-5-5),Sergei Pavlovich,Jairzinho Rozenstruik
5d5abb5dade718de,KO/TKO,1,1:45,3 Rnd (5-5-5),Drew Dober,Jason Gonzalez
84f6de7c99779e5f,KO/TKO,2,0:55,3 Rnd (5-5-5),Tatsuro Taira,Carlos Hernandez
d421f3cd158fd055,Decision - Unanimous,3,5:00,3 Rnd (5-5-5),Cody Durden,Jafel Filho
6f1892ed71d943d7,Decision - Unanimous,3,5:00,3 Rnd (5-5-5),Tim Means,Laureano Staropoli
f8ee14dbf966b9e6,Submission,1,3:58,3 Rnd (5-5-5),Charles Byrd,John Phillips
e5b2782426c8109c,Submission,1,3:52,3 Rnd (5-5-5),Karo Parisyan,Dave Strasser
bfc321f0b0a7bf40,Decision - Unanimous,3,5:00,3 Rnd (5-5-5),Ryan Bader,Anthony Perosh
4076a87092da5bfa,Submission,1,4:39,5 Rnd (5-5-5-5-5),BJ Penn,Matt Hughes
dbf8a4b0870a47d1,KO/TKO,1,3:10,3 Rnd (5-5-5),Cameron Saaiman,Terrence Mitchell
ed72edc2ce0f3c5f,Submission,2,0:42,3 Rnd (5-5-5),Jordan Johnson,Adam Yandiev
f87a7812733f7e8f,Decision - Unanimous,3,5:00,3 Rnd (5-5-5),Manel Kape,David Dvorak
f7bd56e197bab2a6,Submission,2,4:59,3 Rnd (5-5-5),Russell Doane,Leandro Issa
559c0c3d752f327a,Decision - Unanimous,3,5:00,3 Rnd (5-5-5),Jared Vanderaa,Justin Tafa
9039762cb9f4abdb,KO/TKO,1,1:28,3 Rnd (5-5-5),Bruno Silva,Jordan Wright
90b36806779330b9,Decision - Unanimous,3,5:00,3 Rnd (5-5-5),Phillip Miller,James Zikic
d89e004e3992c5a4,Decision - Unanimous,3,5:00,3 Rnd (5-5-5),Jon Fitch,Ben Saunders
27593cd1cda3cc2f,KO/TKO,1,4:28,3 Rnd (5-5-5),Brian Ebersole,Dennis Hallman
5a79d4b9a8f8352f,KO/TKO,3,0:27,3 Rnd (5-5-5),Dominique Steele,Dong Hyun Ma
147d2ab0230af48d,Decision - Unanimous,3,5:00,3 Rnd (5-5-5),Myles Jury,Ricky Glenn
6c9f4799990c3c33,Decision - Unanimous,3,5:00,3 Rnd (5-5-5),Umar Nurmagomedov,Deiveson Figueiredo
4e22e3cdb8757be1,Submission,2,3:27,3 Rnd (5-5-5),Gillian Robertson,Veronica Hardy
b568f3700aa2c1f7,KO/TKO,1,1:03,3 Rnd (5-5-5),Mauricio Rua,James Te Huna
09da511e611b4eb1,Submission,1,4:21,3 Rnd (5-5-5),Josh Barnett,Semmy Schilt
c64c2ca5d4d2c7b8,Submission,2,2:54,3 Rnd (5-5-5),Tony Ferguson,Edson Barboza
323f543eb8abdb36,KO/TKO,1,1:27,No Time Limit,Steve Jennum,Harold Howard
410e3163827d6d3b,Submission,2,1:52,3 Rnd (5-5-5),Bryan Caraway,Erik Perez
03bc32bdb5a33496,Decision - Unanimous,5,5:00,5 Rnd (5-5-5-5-5),Khalil Rountree Jr.,Jamahal Hill
a3f89ad71e1caa81,Decision - Unanimous,3,5:00,3 Rnd (5-5-5),Joe Solecki,Matt Wiman
681d77e5d5c0f0ee,KO/TKO,1,3:06,3 Rnd (5-5-5),Chris Clements,Vik Grujic
7c6ed5b3d830d0cb,Decision - Unanimous,3,5:00,3 Rnd (5-5-5),Anthony Hernandez,Josh Fremd
55c257629ecea80f,Decision - Split,3,5:00,3 Rnd (5-5-5),TIE,TIE
7aede55e4e47c698,Decision - Unanimous,3,5:00,3 Rnd (5-5-5),Karl Roberson,Jack Marshman
648396cc751c730d,Decision - Majority,5,5:00,5 Rnd (5-5-5-5-5),Conor McGregor,Nate Diaz
ee9e4f8523a484a6,KO/TKO,1,1:21,3 Rnd (5-5-5),Cristiane Justino,Leslie Smith
f44b4e998b6829f6,Submission,2,1:04,3 Rnd (5-5-5),Elijah Smith,SuYoung You
d2dc6fb05ad78d80,Decision - Unanimous,3,5:00,3 Rnd (5-5-5),Yair Rodriguez,Jeremy Stephens
46c89e7e886cdc5b,Submission,1,4:17,3 Rnd (5-5-5),Brad Scott,Michael Kuiper
6002c24f0b7f8cc7,Decision - Split,3,5:00,3 Rnd (5-5-5),Michal Oleksiejczuk,Modestas Bukauskas
97770b38df67b276,Decision - Unanimous,3,5:00,3 Rnd (5-5-5),Evan Elder,Gauge Young
3a4d2a933a3c7291,Decision - Majority,3,5:00,3 Rnd (5-5-5),Dennis Siver,BJ Penn
ed3222701a8c0521,Decision - Unanimous,3,5:00,3 Rnd (5-5-5),Tecia Pennington,Angela Magana
d38029cf47e54cf7,Decision - Unanimous,3,5:00,3 Rnd (5-5-5),Joshua Van,Cody Durden
5b6bdaf89e493674,Decision - Unanimous,3,5:00,3 Rnd (5-5-5),Waldo Cortes Acosta,Jared Vanderaa
7c2b219fe208c565,KO/TKO,2,3:32,3 Rnd (5-5-5),Roxanne Modafferi,Barb Honchak
305d8c85b35a7d4e,Submission,1,3:16,3 Rnd (5-5-5),Ramiz Brahimaj,Billy Ray Goff
5e2f2f5d9a756de9,Decision - Split,3,5:00,3 Rnd (5-5-5),Sergio Pettis,Joseph Benavidez
23201d09a78d446d,KO/TKO,2,3:55,3 Rnd (5-5-5),Timmy Cuamba,Roberto Romero
903552edaba48f4a,Decision - Unanimous,3,5:00,3 Rnd (5-5-5),Josh Hokit,Curtis Blaydes
00fbeda449926c13,Decision - Unanimous,3,5:00,3 Rnd (5-5-5),Phil Hawes,Kyle Daukaus
2d1f8ee74824f983,Submission,2,3:22,3 Rnd (5-5-5),Olivier Aubin-Mercier,Jake Lindsey
0a2f344e419bd4fd,KO/TKO,2,0:39,3 Rnd (5-5-5),Thiago Alves,Jordan Mein
03afd7b6a217aaac,TKO - Doctor's Stoppage,1,10:01,1 Rnd + OT (12-3),Sione Latu,Joey Roberts
0dade757305afebd,Submission,3,4:07,3 Rnd (5-5-5),Yves Edwards,Rich Clementi
8ab4682a544f3c49,Decision - Unanimous,3,5:00,3 Rnd (5-5-5),Brad Tavares,Robert McDaniel
89cc8f4a69e9ea0e,KO/TKO,2,2:04,5 Rnd (5-5-5-5-5),Anderson Silva,Yushin Okami
6a4738656c493ee9,KO/TKO,1,1:47,3 Rnd (5-5-5),Gregory Rodrigues,Brunno Ferreira
354425c41008a01f,Decision - Unanimous,3,5:00,3 Rnd (5-5-5),Cynthia Calvillo,Cortney Casey
294a9e9780afa789,Decision - Unanimous,3,5:00,3 Rnd (5-5-5),Diego Sanchez,Craig White
3ed2190f1d604432,Decision - Split,3,5:00,3 Rnd (5-5-5),Chris Cariaso,Vaughan Lee
b8b692aa2aae3310,Decision - Unanimous,5,5:00,5 Rnd (5-5-5-5-5),Cynthia Calvillo,Jessica Eye
241a307a9c3d9a21,Decision - Unanimous,3,5:00,3 Rnd (5-5-5),Junior Dos Santos,Roy Nelson
bad06a5380d762b8,KO/TKO,2,1:30,3 Rnd + OT (5-5-5-5),Mairon Santos,Kaan Ofli
50385add37239184,Decision - Unanimous,3,5:00,3 Rnd (5-5-5),Julio Arce,Dan Ige
9f6f356a56e4fe6f,Decision - Unanimous,3,5:00,3 Rnd (5-5-5),Jason Brilz,Eric Schafer
a0ec4eac058e6050,Decision - Unanimous,3,5:00,3 Rnd (5-5-5),Douglas Silva de Andrade,Marlon Vera
651bdd9e17a58c5d,Decision - Unanimous,3,5:00,3 Rnd (5-5-5),Alistair Overeem,Frank Mir
206db35805bb83dc,Decision - Unanimous,5,5:00,5 Rnd (5-5-5-5-5),Dan Henderson,Mauricio Rua
1dc29f4c6fcdd356,Decision - Unanimous,3,5:00,3 Rnd (5-5-5),Payton Talbott,Henry Cejudo
e947baa4cad609d0,Decision - Unanimous,3,5:00,3 Rnd (5-5-5),James Vick,Nick Hein
959fea398ffa5778,KO/TKO,3,3:01,3 Rnd (5-5-5),Jiri Prochazka,Jamahal Hill
c1b59b145d064048,Decision - Unanimous,3,5:00,3 Rnd (5-5-5),Mark Bocek,Doug Evans
1ccde17f48fb709e,KO/TKO,2,3:59,3 Rnd (5-5-5),Danny Roberts,Bobby Nash
c245be6698c1e378,Submission,2,1:25,3 Rnd (5-5-5),Donte Johnson,Sedriques Dumas
14cf0828d6e373ab,Decision - Unanimous,3,5:00,3 Rnd (5-5-5),Beneil Dariush,Thiago Moises
5521b9bb8f220993,TKO - Doctor's Stoppage,2,4:15,3 Rnd (5-5-5),David Loiseau,Evan Tanner
3bbc222130d9dac7,Decision - Split,3,5:00,3 Rnd (5-5-5),Martin Buday,Andrei Arlovski
5b51610a9c8c88ef,Submission,3,4:37,3 Rnd (5-5-5),Antonio Carlos Junior,Eddie Gordon
34d5ec676fb5bce3,KO/TKO,1,1:50,3 Rnd (5-5-5),Rodrigo Vera,Zhu Kangjie
dbb5d682a2d7f584,Decision - Unanimous,3,5:00,3 Rnd (5-5-5),Tagir Ulanbekov,Bruno Silva
cf6b9a001b0824de,Decision - Split,3,5:00,3 Rnd (5-5-5),Daron Cruickshank,Yves Edwards
12b94f0229c30ead,Decision - Unanimous,5,5:00,5 Rnd (5-5-5-5-5),Jose Aldo,Mark Hominick
e1c333892d395a35,KO/TKO,2,0:37,3 Rnd (5-5-5),Corey Hill,Joe Veres
a83ebbf013905949,Decision - Unanimous,3,5:00,3 Rnd (5-5-5),Marlon Vera,Davey Grant
d5149f02b1ee7dc6,Decision - Unanimous,3,5:00,3 Rnd (5-5-5),Daniel Kelly,Steve Montgomery
97e895b7c2cb9db4,Decision - Unanimous,3,5:00,3 Rnd (5-5-5),Rustam Khabilov,Chris Wade
4b12a4b48755cd6b,KO/TKO,3,4:19,5 Rnd (5-5-5-5-5),Alexander Volkanovski,Yair Rodriguez
b4f88d65b47c2a39,Decision - Unanimous,3,5:00,3 Rnd (5-5-5),Charles Jourdain,Andre Ewell
26582aa0b79d2f20,Submission,2,4:04,3 Rnd (5-5-5),Yuta Sasaki,Jenel Lausa
a2e7273a95d5db4a,Submission,2,3:41,3 Rnd (5-5-5),Paul Kelly,Matt Veach
301b145c186635de,KO/TKO,3,4:02,3 Rnd (5-5-5),Frank Mir,Mirko Filipovic
a730a20ab0c61499,Decision - Unanimous,3,5:00,3 Rnd (5-5-5),Darren Elkins,Zhang Tiequan
dbf1ee1a1912c735,KO/TKO,2,4:05,3 Rnd (5-5-5),Navajo Stirling,Bruno Lopes
0a5d29e380f1e3e0,Submission,2,1:33,3 Rnd (5-5-5),Kyle Noke,Rob Kimmons
7af407397532f7cf,KO/TKO,1,2:24,3 Rnd (5-5-5),Jalin Turner,Edson Barboza
f1cb2e7ef096ec7c,KO/TKO,3,4:28,3 Rnd (5-5-5),Tahir Abdullayev,Jefferson Nascimento
4664432c0d592411,KO/TKO,1,1:03,3 Rnd (5-5-5),Albert Tumenov,Matt Dwyer
6ba485fc7b8f38ee,KO/TKO,2,3:53,3 Rnd (5-5-5),Shawn Jordan,Oli Thompson
6aea6d3e6944999c,KO/TKO,1,4:21,3 Rnd (5-5-5),Abdul Razak Alhassan,Sabah Homasi
50bf4bb2f8d9aba4,Decision - Unanimous,3,5:00,3 Rnd (5-5-5),Sean Brady,Michael Chiesa
a77950d6a0a451f4,Decision - Unanimous,3,5:00,3 Rnd (5-5-5),Justin Willis,James Mulheron
20f0129fc4861674,Decision - Unanimous,3,5:00,3 Rnd (5-5-5),James Vick,Valmir Lazaro
112e6a0ddce893e6,Decision - Unanimous,3,5:00,3 Rnd (5-5-5),Gavin Tucker,Sam Sicilia
3638ee66c7d34fe0,KO/TKO,3,1:01,3 Rnd (5-5-5),Anthony Hernandez,Edmen Shahbazyan
1d43112d98de273a,Decision - Split,3,5:00,3 Rnd (5-5-5),Evan Dunham,Gleison Tibau
cafb86764ea92268,Decision - Split,3,5:00,3 Rnd (5-5-5),Dong Hyun Kim,Matt Brown
bfcabf1ab823942f,Submission,1,4:34,5 Rnd (5-5-5-5-5),Nate Marquardt,James Te Huna
319d75c21fbb5d3f,Decision - Unanimous,3,5:00,3 Rnd (5-5-5),Joe Lauzon,Mac Danzig
7206d0aa1d53e518,KO/TKO,1,0:51,3 Rnd (5-5-5),Pablo Garza,Fredson Paixao
5931cd9cf5da5f75,KO/TKO,1,5:00,3 Rnd (5-5-5),Roman Dolidze,Kevin Holland
fe0f1b418e6d3ecb,KO/TKO,2,1:35,3 Rnd (5-5-5),Alessandro Costa,Kevin Borjas
857365273ed2f353,KO/TKO,2,1:43,3 Rnd (5-5-5),Spencer Fisher,Matt Wiman
7fd0f7b3866b2c75,KO/TKO,3,2:56,3 Rnd (5-5-5),Curtis Blaydes,Alistair Overeem
be4890f4aaadec28,Decision - Split,3,5:00,3 Rnd (5-5-5),Mana Martinez,Guido Cannetti
6a35ff33b8597904,Decision - Unanimous,3,5:00,3 Rnd (5-5-5),Farman Hasanov,Eric Nolan
d95eeba3de7ecac5,KO/TKO,3,2:13,3 Rnd (5-5-5),Amir Albazi,Alessandro Costa
bdb62b661d033fe2,Submission,1,4:57,3 Rnd (5-5-5),Mark Bocek,David Bielkheden
552973c278f08fbb,KO/TKO,1,0:21,3 Rnd (5-5-5),BJ Penn,Matt Hughes
bce4808806f88c99,KO/TKO,3,3:22,5 Rnd (5-5-5-5-5),Randy Couture,Pedro Rizzo
9e1ecdb9a8856a8c,Decision - Unanimous,3,5:00,3 Rnd (5-5-5),Wellington Turman,Markus Perez
46c67efd68a0b15d,Decision - Unanimous,3,5:00,3 Rnd (5-5-5),Dan Ige,Nate Landwehr
53febf2fb416f9de,Decision - Unanimous,3,5:00,3 Rnd (5-5-5),Enrique Barzola,Brandon Davis
221cb15141299346,Submission,3,3:53,3 Rnd (5-5-5),Kyung Ho Kang,Shunichi Shimizu
0b88d0c76f9cd7e4,KO/TKO,3,0:26,3 Rnd (5-5-5),Derek Brunson,Edmen Shahbazyan
b5df5a0a0bda9256,KO/TKO,1,3:50,3 Rnd (5-5-5),Tom Nolan,Victor Martinez
b1e66cea3a4d4709,Decision - Unanimous,3,5:00,3 Rnd (5-5-5),Giga Chikadze,Irwin Rivera
a1b912fe361f75bc,Decision - Unanimous,3,5:00,3 Rnd (5-5-5),Jeremy Stephens,Diego Saraiva
bda7992779a005fa,Submission,3,1:50,3 Rnd (5-5-5),Carlston Harris,Jeremiah Wells
a1b035662f43aae2,Decision - Unanimous,3,5:00,3 Rnd (5-5-5),Kyle Watson,Sako Chivitchian
85a130a4b655c8f5,Decision - Unanimous,3,5:00,3 Rnd (5-5-5),Emily Ducote,Ashley Yoder
d6e240c47ba6034d,Decision - Unanimous,3,5:00,3 Rnd (5-5-5),Muhammad Mokaev,Manel Kape
73dbbdfcf7f989c0,Decision - Unanimous,3,5:00,3 Rnd (5-5-5),Jake Matthews,Diego Sanchez
8793208907eca67f,Decision - Split,5,5:00,5 Rnd (5-5-5-5-5),John Lineker,John Dodson
2f91307892d163ce,KO/TKO,1,2:21,3 Rnd (5-5-5),Adriano Martins,Juan Manuel Puig
4f4189009a190e35,Decision - Unanimous,5,5:00,5 Rnd (5-5-5-5-5),Charles Oliveira,Michael Chandler
dd56acbfb08aa6b2,KO/TKO,1,0:47,3 Rnd (5-5-5),Brendan Schaub,Chase Gormley
f0b151cc6c91b259,Decision - Unanimous,3,5:00,3 Rnd (5-5-5),Rashid Magomedov,Gilbert Burns
148c26038e80465b,Decision - Unanimous,3,5:00,3 Rnd (5-5-5),Raphael Assuncao,Rob Font
ed6a02c8dcc6f922,KO/TKO,1,3:55,3 Rnd (5-5-5),Stefan Struve,Sean McCorkle
b88b170a7fe40544,KO/TKO,2,4:26,3 Rnd (5-5-5),Angela Hill,Hannah Cifers
a602962f1dda3205,Decision - Unanimous,3,5:00,3 Rnd (5-5-5),Phil Davis,Lyoto Machida
73d541adc2909dc8,Decision - Unanimous,3,5:00,3 Rnd (5-5-5),Melsik Baghdasaryan,Bruno Souza
f0d839f6d712a233,Submission,1,2:26,3 Rnd (5-5-5),Kelvin Gastelum,Brian Melancon
ad7bd4b3ee923498,KO/TKO,2,2:59,3 Rnd (5-5-5),Muhammad Naimov,Jamie Mullarkey
fd2c018aade60a14,Submission,2,2:05,3 Rnd (5-5-5),Nik Lentz,Will Brooks
e22a887ce4ab30eb,Decision - Unanimous,3,5:00,3 Rnd (5-5-5),Brian Kelleher,Renan Barao
6299412d7bbfbce6,Submission,2,3:28,3 Rnd (5-5-5),Gleison Tibau,Rafaello Oliveira
5f87dc7d18517d87,Submission,1,2:38,3 Rnd (5-5-5),Glover Teixeira,James Te Huna
94371d1af8aab471,Decision - Split,3,5:00,3 Rnd (5-5-5),Kevin Lee,Jesse Ronson
7e1ae27779ac6ba5,Decision - Unanimous,3,5:00,3 Rnd (5-5-5),Corey Anderson,Jan Blachowicz
520de85f6d492264,KO/TKO,1,0:20,3 Rnd (5-5-5),Vladimir Matyushenko,Jason Brilz
a4816be2c49e3942,Decision - Unanimous,3,5:00,3 Rnd (5-5-5),David Michaud,Garett Whiteley
9d61012a6020516e,Decision - Split,5,5:00,5 Rnd (5-5-5-5-5),Carla Esparza,Rose Namajunas
fd438db3e60f062a,KO/TKO,1,4:59,3 Rnd (5-5-5),Dwight Grant,Carlo Pedersoli Jr.
0aae15358d8606b9,Decision - Unanimous,3,5:00,3 Rnd (5-5-5),Jamie Mullarkey,John Makdessi
f77e3c681fe1b04e,Decision - Unanimous,3,5:00,3 Rnd (5-5-5),Carla Esparza,Cynthia Calvillo
26e876df6d498657,KO/TKO,1,4:40,5 Rnd (5-5-5-5-5),Tim Kennedy,Rafael Natal
e706a0fca8e82288,Decision - Unanimous,3,5:00,3 Rnd (5-5-5),Elias Silverio,Joao Zeferino
4942323a5d5a6594,Decision - Unanimous,3,5:00,3 Rnd (5-5-5),Nate Diaz,Michael Johnson
9ae6a6f0f0730fa1,Submission,3,4:30,3 Rnd (5-5-5),Mirko Filipovic,Pat Barry
babfd62f1d4a43a8,Decision - Unanimous,3,5:00,3 Rnd (5-5-5),Leandro Silva,Lewis Gonzalez
354a92ca4fd824a1,KO/TKO,2,2:50,3 Rnd (5-5-5),Mark Munoz,Kendall Grove
24e14c4824144c64,KO/TKO,2,0:22,3 Rnd (5-5-5),Jake Ellenberger,Mike Pyle
7bfb92f7ea59dbbd,Submission,1,3:50,3 Rnd (5-5-5),Polyana Viana,Maia Stevenson
bd340a13bc3df8a1,KO/TKO,2,1:19,3 Rnd (5-5-5),Matt Brown,Chris Cope
026bb9fd1b3f239d,Submission,3,3:12,3 Rnd (5-5-5),Modestas Bukauskas,Marcin Prachnio
7410ac7e4e5acb74,Decision - Unanimous,3,5:00,3 Rnd (5-5-5),Gilbert Burns,Gunnar Nelson
0dab467898de22c6,Decision - Unanimous,3,5:00,3 Rnd (5-5-5),Kelvin Gastelum,Nicholas Musoke
164f56eb25d6a9b4,Submission,1,3:05,3 Rnd (5-5-5),Charles Oliveira,Myles Jury
01c67a3990800dc3,Decision - Unanimous,3,5:00,3 Rnd (5-5-5),Nordine Taleb,Vik Grujic
cb9654746447b934,Decision - Unanimous,5,5:00,5 Rnd (5-5-5-5-5),Mackenzie Dern,Angela Hill
463fac0e48505b62,KO/TKO,1,3:17,3 Rnd (5-5-5),Drew Dober,Terrance McKinney
78e554aa129711ba,Decision - Unanimous,3,5:00,3 Rnd (5-5-5),Jake Collier,Marcel Fortuna
ed697b0ef9d455e4,KO/TKO,2,4:10,3 Rnd (5-5-5),Eddie Wineland,Scott Jorgensen
ee1c1e9037fee21e,Decision - Unanimous,3,5:00,3 Rnd (5-5-5),Michel Prazeres,Desmond Green
f63a647b74359194,KO/TKO,1,0:44,3 Rnd (5-5-5),Darren Elkins,Duane Ludwig
efe985e626a0d8c0,Submission,1,3:25,3 Rnd (5-5-5),Vicente Luque,Michael Chiesa
43fbc59edc7dfa9f,Submission,2,3:58,3 Rnd (5-5-5),Luis Henrique,Dmitrii Smoliakov
4e58bcc0d27042fd,KO/TKO,2,0:31,3 Rnd (5-5-5),Danny Silva,Kurtis Campbell
c2bcdcc472228768,Submission,2,4:15,3 Rnd (5-5-5),Gilbert Burns,Mike Davis
e3ca9462ad0d7685,Decision - Split,3,5:00,3 Rnd (5-5-5),Daniel Kelly,Rashad Evans
052f53e006b28132,KO/TKO,4,1:34,5 Rnd (5-5-5-5-5),Nassourdine Imavov,Jared Cannonier
dd400f38c483f629,KO/TKO,1,3:17,3 Rnd (5-5-5),Krzysztof Soszynski,Andre Gusmao
fdc97f9b88bdef7d,KO/TKO,2,1:23,3 Rnd (5-5-5),Diego Ferreira,Kyle Nelson
0b5c7c95b0316276,Submission,2,2:42,3 Rnd (5-5-5),Charles Oliveira,Jonathan Brookins
eb23f3574b656624,Decision - Unanimous,3,5:00,3 Rnd (5-5-5),Frankie Edgar,Sean Sherk
dd47c3359dc1b7d0,Decision - Unanimous,3,5:00,3 Rnd (5-5-5),Tyson Griffin,Gleison Tibau
abefaf1807941ee4,KO/TKO,1,1:42,3 Rnd (5-5-5),Nikolay Veretennikov,Niko Price
ee57cbd0b68c689d,KO/TKO,2,2:03,3 Rnd (5-5-5),Joaquin Buckley,Impa Kasanganay
8d9b460143ae19bc,KO/TKO,1,2:53,5 Rnd (5-5-5-5-5),Cody Garbrandt,Thomas Almeida
b4d624bdc27dff83,Decision - Unanimous,3,5:00,3 Rnd (5-5-5),George Sotiropoulos,Joe Stevenson
4f2501e804c84abe,Submission,2,4:01,3 Rnd (5-5-5),Karolina Kowalkiewicz,Felice Herrig
c096342c57a6f2c4,KO/TKO,2,0:47,3 Rnd (5-5-5),Trevin Jones,Mario Bautista
665a35fcac41d277,Decision - Unanimous,3,5:00,3 Rnd (5-5-5),Stevie Ray,Mickael Lebout
420a5e3b4010ebef,Submission,2,3:00,3 Rnd (5-5-5),Chase Hooper,Viacheslav Borshchev
7c0d0a28a8fba102,Decision - Split,3,5:00,3 Rnd (5-5-5),Bryan Battle,Randy Brown
4a1f37200bc69376,Submission,1,2:52,3 Rnd (5-5-5),Elvis Sinosic,Jeremy Horn
c86702c01c4cfee2,KO/TKO,1,0:09,3 Rnd (5-5-5),Gray Maynard,Joe Veres
a2e1116a9fe84aa9,Submission,3,2:22,3 Rnd (5-5-5),Nate Landwehr,Ludovit Klein
47bdfab3cdcdddfd,Decision - Unanimous,3,5:00,3 Rnd (5-5-5),Maximo Blanco,Andy Ogle
84c510ab7e764598,Submission,2,2:05,3 Rnd (5-5-5),Sam Hoger,Jeff Newton
b2717e8f7e7a196f,Decision - Unanimous,3,5:00,3 Rnd (5-5-5),Matt Mitrione,Joey Beltran
e9658a79cfaafbb1,KO/TKO,2,3:09,3 Rnd (5-5-5),Martin Kampmann,Alexandre Barros
b5274277ef6707c9,Submission,2,1:03,3 Rnd (5-5-5),Cory McKenna,Miranda Granger
76e6177c401f2176,Submission,1,1:35,3 Rnd (5-5-5),Kyle Noke,Chris Camozzi
363efd241750c23d,Decision - Unanimous,3,5:00,3 Rnd (5-5-5),Hermes Franca,Richard Crunkilton
bc3323f172832a53,Decision - Unanimous,3,5:00,3 Rnd (5-5-5),Pablo Garza,Mark Hominick
140e810f952714ea,KO/TKO,2,3:53,3 Rnd (5-5-5),Chris de la Rocha,Rashad Coulter
e22d5aab3d099c7c,Decision - Unanimous,3,5:00,3 Rnd (5-5-5),Nicolas Dalby,Daniel Rodriguez
c77486266b05f934,Decision - Unanimous,3,5:00,3 Rnd (5-5-5),Ismail Naurdiev,Michel Prazeres
34a39beb93225e2e,Decision - Unanimous,3,5:00,3 Rnd (5-5-5),Ricardo Lamas,Diego Sanchez
57385188587c83b9,Decision - Unanimous,5,5:00,5 Rnd (5-5-5-5-5),Jon Jones,Daniel Cormier
42536a8cf2eda678,Decision - Unanimous,3,5:00,3 Rnd (5-5-5),Diego Sanchez,Martin Kampmann
36895d9bbf5abc51,KO/TKO,2,3:25,3 Rnd (5-5-5),Scott Smith,Pete Sell
6ae10aa4c6dc986d,Decision - Unanimous,3,5:00,3 Rnd (5-5-5),Mike Russow,Justin McCully
b2d05ae88f820421,Submission,1,2:02,3 Rnd (5-5-5),Beneil Dariush,Frank Camacho
eeb77732d7c3389a,Submission,2,4:57,3 Rnd (5-5-5),Jon Fitch,Joshua Burkman
4618dcef2dc6250f,KO/TKO,2,1:35,3 Rnd (5-5-5),Abel Trujillo,Roger Bowling
4218d1d1ce6d322c,KO/TKO,1,0:19,3 Rnd (5-5-5),Quillan Salkilld,Anshul Jubli
6597b770486021b8,Decision - Unanimous,3,5:00,3 Rnd (5-5-5),Lance Benoist,Bobby Voelker
ed6203e849a2bf28,Submission,2,3:50,3 Rnd (5-5-5),Said Nurmagomedov,Saidyokub Kakhramonov
bc767f1eb6176dfb,KO/TKO,2,1:03,3 Rnd (5-5-5),Thiago Santos,Anthony Smith
dffc65202afb881d,Decision - Unanimous,3,5:00,3 Rnd (5-5-5),Luana Carolina,Ivana Petrovic
0fed8d8499eae01a,Decision - Majority,3,5:00,3 Rnd (5-5-5),Daniel Omielanczuk,Aleksei Oleinik
635ef1f12a60e9d7,Decision - Unanimous,3,5:00,3 Rnd (5-5-5),James Te Huna,Ryan Jimmo
acec5f4c6fee1ae2,KO/TKO,2,0:46,3 Rnd (5-5-5),Jeff Molina,Daniel Lacerda
c598261fac8cf23a,Decision - Unanimous,3,5:00,3 Rnd (5-5-5),Jon Fitch,Akihiro Gono
669e3927b38a36fb,Decision - Unanimous,3,5:00,3 Rnd (5-5-5),Tyson Griffin,Thiago Tavares
79161bde28636128,Decision - Unanimous,3,5:00,3 Rnd (5-5-5),Sara McMann,Lina Lansberg
4eda704823ccfb71,KO/TKO,1,4:35,3 Rnd (5-5-5),Cody Donovan,Nick Penner
e6851877e33d343f,Decision - Unanimous,3,5:00,3 Rnd (5-5-5),Sedriques Dumas,Denis Tiuliulin
de8e1dd07ad49c94,Decision - Unanimous,3,5:00,3 Rnd (5-5-5),CB Dollaway,Jason Miller
ddb950831580a5fe,Decision - Unanimous,3,5:00,3 Rnd (5-5-5),Sam Hoger,Bobby Southworth
70e49c90d012de66,Submission,3,3:16,3 Rnd (5-5-5),Jake Matthews,Dashon Johnson
30553d630491094a,Decision - Unanimous,5,5:00,5 Rnd (5-5-5-5-5),Tyron Woodley,Demian Maia
8c01b7dccc4d0926,KO/TKO,1,4:42,3 Rnd (5-5-5),Sean O'Malley,Raulian Paiva
eb62bfcd3d96a182,KO/TKO,1,2:01,3 Rnd (5-5-5),John Howard,Daniel Roberts
9bff9fe298e63357,Submission,2,4:03,3 Rnd (5-5-5),Jacobe Smith,Niko Price
b3e520f1092401c1,Decision - Unanimous,3,5:00,3 Rnd (5-5-5),Raphael Assuncao,Mike Easton
14e689e60419d469,Decision - Unanimous,3,5:00,3 Rnd (5-5-5),Douglas Silva de Andrade,Cody Stamann
12e12307414dafc6,KO/TKO,1,0:45,5 Rnd (5-5-5-5-5),Francis Ngannou,Curtis Blaydes
55eebc2ee92bf00a,Decision - Unanimous,3,5:00,3 Rnd (5-5-5),Mauricio Ruffy,James Llontop
1c62a7444808d97f,KO/TKO,1,2:46,3 Rnd (5-5-5),Priscila Cachoeira,Josiane Nunes
5e8c710f9f27aff8,Submission,2,4:59,3 Rnd (5-5-5),Ronaldo Rodriguez,Denys Bondar
33e576af1d064e4e,Submission,1,1:58,3 Rnd (5-5-5),Cole Miller,Junie Browning
d6b5a6ad27a730ae,Decision - Unanimous,3,5:00,3 Rnd (5-5-5),Loma Lookboonmee,Sam Hughes
fe2acfdaaaec3dba,Decision - Unanimous,3,5:00,3 Rnd (5-5-5),Melquizael Costa,Julian Erosa
feaffeb1af7e82ef,Decision - Unanimous,3,5:00,3 Rnd (5-5-5),Michael Chiesa,Diego Sanchez
8aff100107d0ba11,KO/TKO,2,1:07,3 Rnd (5-5-5),John Lineker,Azamat Gashimov
c335f44e4f3515ea,KO/TKO,2,2:45,3 Rnd (5-5-5),Drew Dober,King Green
cfacff39c9f3b2f9,Decision - Unanimous,3,5:00,3 Rnd (5-5-5),Spencer Fisher,Caol Uno
1bde9cb65d31cc76,KO/TKO,2,3:48,3 Rnd (5-5-5),Darren Elkins,Darrick Minner
b2eccc1b75633d3d,Decision - Unanimous,3,5:00,3 Rnd (5-5-5),George Sullivan,Dominic Waters
11d2b546c8533c0f,Decision - Unanimous,3,5:00,3 Rnd (5-5-5),Vinc Pichel,Anthony Njokuani
b2c1f9bdd5d3073d,Decision - Unanimous,3,5:00,3 Rnd (5-5-5),Kamaru Usman,Sean Strickland
f53573316a4f349f,Decision - Unanimous,5,5:00,5 Rnd (5-5-5-5-5),Petr Yan,Deiveson Figueiredo
7401d0f8ededa102,Decision - Unanimous,5,5:00,5 Rnd (5-5-5-5-5),Randy Couture,Tim Sylvia
39c16381a9722735,Decision - Unanimous,3,5:00,3 Rnd (5-5-5),Jussier Formiga,Dustin Ortiz
b5268a0c2df32a24,KO/TKO,1,4:37,5 Rnd (5-5-5-5-5),Gegard Mousasi,Uriah Hall
3636e085c098dbda,KO/TKO,1,3:04,3 Rnd (5-5-5),Drew Dober,Joshua Burkman
37ae54e5a84fd646,KO/TKO,2,0:27,3 Rnd (5-5-5),Robbie Lawler,Steve Berger
355a2f4090c0ca31,Decision - Unanimous,3,5:00,3 Rnd (5-5-5),Sam Hughes,Jaqueline Amorim
f0b117394e52996b,KO/TKO,1,4:27,3 Rnd (5-5-5),Ryan Jimmo,Sean O'Connell
87d0b767742d3239,Decision - Unanimous,3,5:00,3 Rnd (5-5-5),Gavin Tucker,Billy Quarantillo
4738cd4cd8d33eeb,Decision - Unanimous,3,5:00,3 Rnd (5-5-5),Joseph Benavidez,Dustin Ortiz
fcfd2e6eed519cb9,Submission,1,1:18,3 Rnd (5-5-5),Jack Hermansson,Kelvin Gastelum
3dd2fde7bff79c51,KO/TKO,1,4:27,3 Rnd + OT (5-5-5-5),Daniil Donchenko,Rodrigo Sezinando
6d04fbef6b8e4551,KO/TKO,1,4:07,5 Rnd (5-5-5-5-5),Robert Whittaker,Derek Brunson
d42410f6f1039ab5,KO/TKO,1,4:34,3 Rnd (5-5-5),Chase Hooper,Daniel Teymur
17a8fbfbe8d32258,Submission,3,4:02,3 Rnd (5-5-5),Nate Diaz,Marcus Davis
53fe9da9fb8d4f88,Submission,2,3:38,3 Rnd (5-5-5),Beneil Dariush,Anthony Rocco Martin
a90fde18a088f99b,Submission,1,3:28,3 Rnd (5-5-5),Wilson Reis,Scott Jorgensen
dd3d8f7066c145b7,Decision - Split,3,5:00,3 Rnd (5-5-5),Jairzinho Rozenstruik,Tai Tuivasa
62b64802ea49e2fd,Submission,2,3:54,3 Rnd (5-5-5),Joanderson Brito,Jonathan Pearce
4a29c1f671bd89cb,KO/TKO,1,0:46,3 Rnd (5-5-5),Johny Hendricks,Martin Kampmann
92eb0a297c7ea197,Submission,2,4:16,3 Rnd (5-5-5),Ketlen Vieira,Sara McMann
3c60884853766487,KO/TKO,2,1:28,3 Rnd (5-5-5),Carlos Prates,Leon Edwards
63dd38f0dcc2ee88,KO/TKO,1,1:10,3 Rnd (5-5-5),Drew Dober,Nasrat Haqparast
b23a1a5d35eb438a,Decision - Unanimous,3,5:00,3 Rnd (5-5-5),Luana Santos,Karol Rosa
852442b380088fa5,KO/TKO,2,3:18,3 Rnd (5-5-5),Tim Boetsch,Brad Tavares
2f4d42e0b9696f71,KO/TKO,1,3:23,5 Rnd (5-5-5-5-5),Islam Makhachev,King Green
dc58af0c02a42743,Decision - Unanimous,3,5:00,3 Rnd (5-5-5),Matt Wiman,Cole Miller
48cb604345f11766,KO/TKO,2,0:44,3 Rnd (5-5-5),Cody Brundage,Andre Petroski
a3ee907c77544cde,KO/TKO,1,4:27,5 Rnd (5-5-5-5-5),Carlos Ulberg,Dominick Reyes
7c3ad06a520b8716,Decision - Split,3,5:00,3 Rnd (5-5-5),Maycee Barber,Miranda Maverick
e716f8079c60bc66,TKO - Doctor's Stoppage,2,5:00,3 Rnd (5-5-5),Mirko Filipovic,Anthony Perosh
7aa7b0c5706a0492,KO/TKO,1,3:53,3 Rnd (5-5-5),Junior Dos Santos,Gabriel Gonzaga
10cca6f437922b6c,KO/TKO,3,4:13,5 Rnd (5-5-5-5-5),Randy Couture,Kevin Randleman
04f27a78e4ffce47,Submission,2,2:57,3 Rnd (5-5-5),Olivier Aubin-Mercier,Drew Dober
bc6d70ab959dce70,KO/TKO,1,3:58,3 Rnd (5-5-5),Ricky Simon,Javid Basharat
823e9449bd47e408,Decision - Unanimous,3,5:00,3 Rnd (5-5-5),Vitor Belfort,Nate Marquardt
3c6659f1b09760ba,KO/TKO,1,4:24,3 Rnd (5-5-5),Thomas Almeida,Anthony Birchak
39b79764bbac93cb,Decision - Unanimous,3,5:00,3 Rnd (5-5-5),Jason Brilz,Tim Boetsch
f964d2dda87f25f0,Decision - Unanimous,3,5:00,3 Rnd (5-5-5),Daniil Donchenko,Alex Morono
f8b6468621db85ca,Submission,1,4:21,3 Rnd (5-5-5),Nate Loughran,Johnny Rees
33f0817701e49bf1,KO/TKO,1,2:08,3 Rnd (5-5-5),James Te Huna,Aaron Rosa
d4eb3614c7734781,Decision - Unanimous,3,5:00,3 Rnd (5-5-5),John Lineker,Marlon Vera
abd45edc07a8d9e3,Decision - Unanimous,3,5:00,3 Rnd (5-5-5),Bryce Mitchell,Edson Barboza
f3ebaf9af44c1e6d,Submission,1,3:27,3 Rnd (5-5-5),Diego Brandao,Pablo Garza
47a157222b2c9092,Submission,1,2:33,3 Rnd (5-5-5),Ramiz Brahimaj,Sasha Palatnikov
df0d4130944776d9,Decision - Split,3,5:00,3 Rnd (5-5-5),Michel Prazeres,Zak Cummings
99dc6d45cbdfa322,Decision - Unanimous,3,5:00,3 Rnd (5-5-5),Virna Jandiroba,Loopy Godinez
87b6c507a7684ec2,Decision - Unanimous,3,5:00,3 Rnd (5-5-5),Juliana Lima,JJ Aldrich
481aef2d2802ec68,Submission,1,2:14,3 Rnd (5-5-5),Eric Spicely,Alessio Di Chirico
ae674ec42bd0a979,Decision - Unanimous,5,5:00,5 Rnd (5-5-5-5-5),Forrest Griffin,Quinton Jackson
3feb2a8de9cf37da,Submission,1,1:18,3 Rnd (5-5-5),Thales Leites,Drew McFedries
e3072951bb030826,Decision - Split,3,5:00,3 Rnd (5-5-5),Cristiano Marcello,Reza Madadi
108140213049e629,Decision - Unanimous,3,5:00,3 Rnd (5-5-5),Jim Miller,Gleison Tibau
41f186bffee2bb29,KO/TKO,2,4:28,3 Rnd (5-5-5),Matt Mitrione,Christian Morecraft
95f136c07f9834be,KO/TKO,2,1:42,3 Rnd (5-5-5),Paul Taylor,Gabe Ruediger
6e574bd614afffd9,Decision - Split,3,5:00,3 Rnd (5-5-5),Leonard Garcia,Nam Phan
3cbbf947fd0d2144,KO/TKO,1,3:31,5 Rnd (5-5-5-5-5),Stephen Thompson,Johny Hendricks
af6d56860ba4d259,KO/TKO,1,3:17,3 Rnd (5-5-5),Randy Brown,Muslim Salikhov
6bdf0756fb57aced,KO/TKO,1,4:45,3 Rnd (5-5-5),Cody Brundage,Julian Marquez
979538ff8ae1ccd5,Decision - Unanimous,3,5:00,3 Rnd (5-5-5),Leon Edwards,Pawel Pawlak
5d72fa4562b13f7b,Submission,1,2:42,3 Rnd (5-5-5),Ivan Salaverry,Joe Riggs
dcb27eef6441268c,Decision - Unanimous,3,5:00,3 Rnd (5-5-5),Mairon Santos,Sodiq Yusuff
15c9cb5f9320c555,DQ,4,4:29,5 Rnd (5-5-5-5-5),Aljamain Sterling,Petr Yan
7ca4c91bab696b89,TKO - Doctor's Stoppage,2,5:00,5 Rnd (5-5-5-5-5),Renato Moicano,Benoit Saint Denis
8a39075a9ffaa971,Submission,2,4:54,3 Rnd (5-5-5),Brad Scott,Dylan Andrews
e396c509fb47b037,Decision - Unanimous,3,5:00,3 Rnd (5-5-5),MarQuel Mederos,Landon Quinones
79884c0df84662b9,KO/TKO,1,3:44,3 Rnd (5-5-5),Mairbek Taisumov,Damir Hadzovic
74e92a66b29674a9,Submission,1,3:45,3 Rnd (5-5-5),Ivan Menjivar,John Albert
dfbb110855354039,KO/TKO,1,0:32,3 Rnd (5-5-5),Tyson Nam,Zarrukh Adashev
3f19bab8de698eb0,Decision - Unanimous,3,5:00,3 Rnd (5-5-5),Donald Cerrone,KJ Noons
f0723cda67db3954,Decision - Split,3,5:00,3 Rnd (5-5-5),Jamey-Lyn Horth,Ivana Petrovic
f046dfa306dc7acb,KO/TKO,3,3:45,3 Rnd (5-5-5),Dennis Siver,Nate Mohr
f9373ab59b7a853b,KO/TKO,1,4:57,3 Rnd (5-5-5),Timothy Johnson,Shamil Abdurakhimov
9b1e3d99fffb9c10,KO/TKO,1,4:50,3 Rnd (5-5-5),Travis Browne,Brendan Schaub
a76e14495e61cf19,KO/TKO,1,0:24,3 Rnd (5-5-5),Terrance McKinney,Kyle Nelson
94c0819fde11364d,Decision - Unanimous,3,5:00,3 Rnd (5-5-5),Devin Clark,Dequan Townsend
97b7638c592a95a9,Decision - Split,3,5:00,3 Rnd (5-5-5),Desmond Green,Josh Emmett
bec3154a11df3299,KO/TKO,2,3:32,5 Rnd (5-5-5-5-5),Ilia Topuria,Alexander Volkanovski
96f51af6a93b94c6,Decision - Unanimous,3,5:00,3 Rnd (5-5-5),Dong Hyun Kim,Amir Sadollah
2571e91b263df9fb,Decision - Unanimous,3,5:00,3 Rnd (5-5-5),Alvin Robinson,Jorge Gurgel
f37d18b5c35145bf,KO/TKO,3,0:24,3 Rnd (5-5-5),Yoel Romero,Chris Weidman
ca2b48fd007126e0,Decision - Unanimous,3,5:00,3 Rnd (5-5-5),Khabib Nurmagomedov,Pat Healy
43e8fcd8e4d015fb,Submission,2,2:04,3 Rnd (5-5-5),Wilson Gouveia,Ryan Jensen
b7d238437d6644ce,Decision - Unanimous,3,5:00,3 Rnd (5-5-5),Miranda Maverick,Andrea Lee
19348172178f42ed,Submission,1,2:01,3 Rnd (5-5-5),Rani Yahya,Henry Briones
85e79748b75eb30e,KO/TKO,2,0:30,5 Rnd (5-5-5-5-5),Nassourdine Imavov,Israel Adesanya
4cd909fa0d3e0483,Submission,2,1:11,3 Rnd (5-5-5),Pete Spratt,Jeremy Jackson
e7a915f39ecf6db0,KO/TKO,1,4:55,3 Rnd (5-5-5),Jessica Andrade,Katlyn Cerminara
6275b448b6c35f1f,Decision - Split,3,5:00,3 Rnd (5-5-5),Jim Miller,Danny Castillo
793432d042384a02,KO/TKO,1,2:27,3 Rnd (5-5-5),Nate Quarry,Jason MacDonald
a4527094aa107b55,Decision - Unanimous,3,5:00,3 Rnd (5-5-5),Movsar Evloev,Enrique Barzola
7d9bb6fda0ea1ee0,Decision - Unanimous,3,5:00,3 Rnd (5-5-5),Bassil Hafez,Mickey Gall
54437b8dba3a6110,KO/TKO,1,3:01,3 Rnd (5-5-5),Jacobe Smith,Josiah Harrell
f7e5e9fdcbff28b3,Submission,1,1:13,3 Rnd (5-5-5),Daniel Roberts,Mike Guymon
4277b02a4dadac40,Decision - Unanimous,3,5:00,3 Rnd (5-5-5),Melissa Martinez,Alice Ardelean
0ea435ddf02deb60,KO/TKO,1,3:06,5 Rnd (5-5-5-5-5),Islam Makhachev,Alexander Volkanovski
1c6d3ef6beb9966e,KO/TKO,2,1:20,3 Rnd (5-5-5),Elizeu Zaleski dos Santos,Luigi Vendramini
0bb419537705fb04,Decision - Unanimous,3,5:00,3 Rnd (5-5-5),Lina Lansberg,Lucie Pudilova
49458279eafdaf94,Decision - Unanimous,5,5:00,5 Rnd (5-5-5-5-5),Quinton Jackson,Dan Henderson
453118d7f05be814,Decision - Unanimous,3,3:00,1 Rnd + 2OT (15-3-3),Pat Miletich,Jorge Patino
8d986c9ee38daf19,Submission,3,2:52,3 Rnd (5-5-5),Kenny Florian,Takanori Gomi
5a8c92dfbb16d26f,Decision - Unanimous,3,5:00,3 Rnd (5-5-5),Matthew Riddle,Dan Cramer
57415110bd494c79,Decision - Unanimous,3,5:00,3 Rnd (5-5-5),Themba Gorimbo,Niko Price
2707dc2245335cc1,Decision - Unanimous,3,5:00,3 Rnd (5-5-5),Yana Santos,Miesha Tate
ebf7cea27b83c432,KO/TKO,3,1:34,5 Rnd (5-5-5-5-5),Ilia Topuria,Max Holloway
821a1c6f5d7fab14,Decision - Unanimous,3,5:00,3 Rnd (5-5-5),Krzysztof Jotko,Eryk Anders
e4931f3ab3bf4141,KO/TKO,1,3:14,5 Rnd (5-5-5-5-5),Alex Pereira,Jamahal Hill
336670b46f343d65,Decision - Unanimous,3,5:00,3 Rnd (5-5-5),Tim Elliott,Louis Gaudinot
594ce25b9e16c7ba,Decision - Split,3,5:00,3 Rnd (5-5-5),Valerie Letourneau,Elizabeth Phillips
f7ffa11d592f4092,Decision - Unanimous,3,5:00,3 Rnd (5-5-5),Guido Cannetti,Hugo Viana
607d22f0b3db4f1f,KO/TKO,3,4:25,3 Rnd (5-5-5),Sean Strickland,Alex Garcia
d99b2abf50e9a03e,Submission,2,2:11,3 Rnd + OT (5-5-5-5),Macy Chiasson,Pannie Kianzad
ec1bda9a4c2aab42,Submission,1,3:44,1 Rnd + OT (12-3),Kazushi Sakuraba,Marcus Silveira
7ca8095148c23b71,Submission,1,1:54,3 Rnd (5-5-5),Jason Lambert,Rob MacDonald
b376a6fb0ca4862e,Submission,1,0:56,3 Rnd (5-5-5),Yoshiyuki Yoshida,War Machine
8238f9d2fd961757,Decision - Unanimous,5,5:00,5 Rnd (5-5-5-5-5),Stipe Miocic,Francis Ngannou
7ffd80b65b0ff942,Submission,5,3:30,5 Rnd (5-5-5-5-5),Miesha Tate,Holly Holm
291d91378a96d1e8,Decision - Unanimous,3,5:00,3 Rnd (5-5-5),Ben Nguyen,Geane Herrera
9f6a7aee1fce539a,Decision - Unanimous,2,3:00,1 Rnd + OT (15-3),Scott Ferrozzo,David Abbott
c00a8682fb5b71bd,KO/TKO,2,0:44,3 Rnd (5-5-5),Kyler Phillips,Cameron Else
23e03d226eb7af80,Decision - Split,3,5:00,3 Rnd (5-5-5),Danny Roberts,David Zawada
3b89556b3f177b7b,Submission,1,4:30,3 Rnd (5-5-5),Jussier Formiga,Yuta Sasaki
4b7ec02b39fc6f70,KO/TKO,1,3:36,5 Rnd (5-5-5-5-5),Derrick Lewis,Chris Daukaus
dde7d29cc443e263,Decision - Unanimous,5,5:00,5 Rnd (5-5-5-5-5),Jamahal Hill,Glover Teixeira
76d490a8bb168c78,Decision - Unanimous,3,5:00,3 Rnd (5-5-5),Cheick Kongo,Mirko Filipovic
fcfaa28ed6888088,KO/TKO,1,0:20,3 Rnd (5-5-5),Francis Ngannou,Jairzinho Rozenstruik
9b0de83b4e504bf6,Decision - Unanimous,3,5:00,3 Rnd (5-5-5),Marvin Vettori,Cezar Ferreira
7fd810af30144119,Submission,2,1:12,3 Rnd (5-5-5),Khamzat Chimaev,John Phillips
579f0be80b359d8b,Decision - Unanimous,3,5:00,3 Rnd (5-5-5),Heath Herring,Brad Imes
d5778494ce663d7f,KO/TKO,1,3:12,3 Rnd (5-5-5),Sheldon Westcott,Edgar Garcia
83da743f6dda7dcc,Submission,3,3:39,3 Rnd (5-5-5),Julianna Pena,Sara McMann
2dbf9d8d6915711e,Decision - Unanimous,3,5:00,3 Rnd (5-5-5),Muhammad Mokaev,Charles Johnson
f0b83b05f3dd9580,KO/TKO,3,1:53,3 Rnd (5-5-5),Miesha Tate,Marion Reneau
d0797451df1de80f,Decision - Unanimous,3,5:00,3 Rnd (5-5-5),Patrick Cote,Bobby Voelker
d14f98b24691d082,Decision - Unanimous,3,5:00,3 Rnd (5-5-5),Raoni Barcelos,Payton Talbott
cd137988da724076,Submission,1,4:48,3 Rnd (5-5-5),Benoit Saint Denis,Ismael Bonfim
6be073563a421bca,Decision - Unanimous,3,5:00,3 Rnd (5-5-5),Teruto Ishihara,Rolando Dy
8295c37ad4b6187e,KO/TKO,1,4:31,3 Rnd (5-5-5),Jason Saggo,Justin Salas
63e4cd10ed47f1a8,Decision - Split,3,5:00,3 Rnd (5-5-5),Milana Dudieva,Elizabeth Phillips
3fc9fea36fc7ec37,KO/TKO,2,0:28,3 Rnd (5-5-5),Nate Marquardt,CB Dollaway
4f672dd40867d8c6,Submission,1,2:13,3 Rnd (5-5-5),Jack Della Maddalena,Randy Brown
ebefe958473b3843,KO/TKO,2,0:28,3 Rnd (5-5-5),Punahele Soriano,Dalcha Lungiambula
fe52c91f751e8db6,Decision - Majority,5,5:00,5 Rnd (5-5-5-5-5),TIE,TIE
d4ace70b3661ee6c,Submission,1,4:59,3 Rnd (5-5-5),Molly McCann,Diana Belbita
00731068c3195f7f,KO/TKO,1,2:29,3 Rnd (5-5-5),Ramsey Nijem,CJ Keith
0836a9bdd8942bb3,Decision - Unanimous,3,5:00,3 Rnd (5-5-5),Ian McCall,Brad Pickett
f1613b372748c8bb,Submission,1,3:28,3 Rnd (5-5-5),Jaqueline Amorim,Vanessa Demopoulos
fef29aa73bd5b907,KO/TKO,2,0:19,5 Rnd (5-5-5-5-5),Charles Oliveira,Michael Chandler
4fc128b1bdf088b1,Decision - Unanimous,3,5:00,3 Rnd (5-5-5),Jack Shore,Liudvik Sholinian
9fc6aba53508dc48,Decision - Unanimous,3,5:00,3 Rnd (5-5-5),Elizeu Zaleski dos Santos,Aleksei Kunchenko
6387fdb44c61ccdb,Decision - Unanimous,3,5:00,3 Rnd (5-5-5),Paul Felder,Joshua Burkman
dd875196c446fdf0,Decision - Unanimous,3,5:00,3 Rnd (5-5-5),Dong Hyun Kim,Paulo Thiago
315b6e91a0239148,Submission,3,0:54,3 Rnd (5-5-5),Colby Covington,Jonathan Meunier
cd54325a9a538837,KO/TKO,1,1:44,3 Rnd (5-5-5),Niko Price,Alan Jouban
f434775e97920d95,KO/TKO,1,3:17,3 Rnd (5-5-5),Nate Quarry,Lodune Sincaid
5a65ffe3842ce2f2,Decision - Split,3,5:00,3 Rnd (5-5-5),Eddie Wineland,Brad Pickett
3f837b469ba33c7c,Decision - Unanimous,3,5:00,3 Rnd (5-5-5),Zac Pauga,Jordan Wright
53d2d2de5c4cccf2,KO/TKO,3,1:54,3 Rnd (5-5-5),Johnny Case,Frankie Perez
30b33d032605c885,Submission,3,0:18,3 Rnd (5-5-5),Randy Brown,Erick Montano
8348ff428d1687ab,Submission,1,4:31,3 Rnd (5-5-5),Pablo Garza,Yves Jabouin
01a4827b3596d111,Submission,3,2:06,5 Rnd (5-5-5-5-5),Khabib Nurmagomedov,Dustin Poirier
467d2dc6a71e1b00,Decision - Unanimous,3,5:00,3 Rnd (5-5-5),John Makdessi,Sam Stout
59097097bc09cdef,Decision - Split,3,5:00,3 Rnd (5-5-5),Thiago Alves,Max Griffin
a65cf6951e097273,Decision - Unanimous,3,5:00,3 Rnd (5-5-5),Rafael Dos Anjos,Mark Bocek
5f9d5ebe5ec28753,Decision - Unanimous,3,5:00,3 Rnd (5-5-5),Jeremy Horn,Trevor Prangley
8c2e4d3cc4b9e93a,Decision - Unanimous,3,5:00,3 Rnd (5-5-5),Kelvin Gastelum,Johny Hendricks
e4420b9812501c17,Decision - Unanimous,3,5:00,3 Rnd (5-5-5),Matthew Riddle,Steve Bruno
96404a3b32791c8d,KO/TKO,3,0:34,3 Rnd (5-5-5),Donald Cerrone,Matt Brown
372a0456aa4ff6cf,Submission,3,4:44,3 Rnd (5-5-5),Bryan Caraway,Johnny Bedford
d38cd293a0c3fdfd,Decision - Unanimous,3,5:00,3 Rnd (5-5-5),Jack Hermansson,Scott Askham
88f36fa2945ccac5,Decision - Unanimous,3,5:00,3 Rnd (5-5-5),Warlley Alves,Salim Touahri
f4e262b04f4e94bd,Decision - Split,3,5:00,3 Rnd (5-5-5),TIE,TIE
70d69cf33984d7d1,Decision - Split,3,5:00,3 Rnd (5-5-5),Joanna Jedrzejczyk,Claudia Gadelha
f187c7ec92f43828,KO/TKO,1,4:06,3 Rnd (5-5-5),Marcin Tybura,Walt Harris
ef12d2aaaadaf6d0,KO/TKO,1,3:11,3 Rnd (5-5-5),Azamat Murzakanov,Aleksandar Rakic
53ee6c3591483193,Submission,1,1:05,3 Rnd (5-5-5),Fabricio Werdum,Walt Harris
24393bea0c4cf49a,KO/TKO,1,1:07,3 Rnd (5-5-5),Conor McGregor,Marcus Brimage
447462bc8e540f10,Submission,1,1:41,3 Rnd (5-5-5),Makwan Amirkhani,Masio Fullen
b52dccbe69864d2a,KO/TKO,1,4:05,3 Rnd (5-5-5),Francisco Prado,Ottman Azaitar
4912788e449ce79a,Decision - Unanimous,3,5:00,3 Rnd (5-5-5),Alexis Davis,Rosi Sexton
2d12ae4683bbf433,KO/TKO,1,2:00,3 Rnd (5-5-5),Dominick Reyes,Dustin Jacoby
a8bc6e005077bb0b,KO/TKO,4,2:31,5 Rnd (5-5-5-5-5),Jamahal Hill,Thiago Santos
1a5171802bf3bce6,Decision - Unanimous,3,3:00,1 Rnd + 2OT (15-3-3),Maurice Smith,Mark Coleman
93026443e5140415,Decision - Unanimous,3,5:00,3 Rnd (5-5-5),Parker Porter,Alan Baudot
462a95890423d3c6,Decision - Unanimous,3,5:00,3 Rnd (5-5-5),Chas Skelly,Jordan Griffin
f734b497add754af,Decision - Unanimous,3,5:00,3 Rnd (5-5-5),Andre Petroski,Dylan Budka
c5d5fcf290cc029e,Submission,1,2:02,3 Rnd (5-5-5),Ramiz Brahimaj,Micheal Gillmore
b03109dd04b2fa60,KO/TKO,2,2:27,3 Rnd (5-5-5),Nick Diaz,Gleison Tibau
98411542ca0e847d,Submission,1,0:45,3 Rnd (5-5-5),Jalin Turner,Brad Riddell
4e8b2357fea211e9,Submission,1,3:17,5 Rnd (5-5-5-5-5),Marlon Moraes,Raphael Assuncao
68b141785f76575b,KO/TKO,1,1:29,3 Rnd (5-5-5),Robbie Lawler,Tiki Ghosn
eb1b371dfc37fcdb,KO/TKO,1,2:10,3 Rnd (5-5-5),Cain Velasquez,Brad Morris
cb56e868deaddac4,Decision - Split,3,5:00,3 Rnd (5-5-5),Lauren Murphy,Andrea Lee
c22d25f1febd8d09,Submission,1,3:47,3 Rnd (5-5-5),Thiago Tavares,Pat Audinwood
37ae5c09d6f03f33,Submission,2,1:28,3 Rnd (5-5-5),Rodolfo Vieira,Cody Brundage
7ad09f889d2cdb6f,Submission,3,3:28,3 Rnd (5-5-5),Sean Brady,Jake Matthews
f825e17e7a1332cd,Decision - Majority,3,5:00,3 Rnd (5-5-5),TIE,TIE
2d24929eaadf0351,Decision - Unanimous,3,5:00,3 Rnd (5-5-5),Paddy Holohan,Shane Howell
5e80048e6a5681b8,KO/TKO,1,2:42,3 Rnd (5-5-5),BJ Penn,Din Thomas
50e675146cda6e7c,KO/TKO,3,4:13,3 Rnd (5-5-5),Zak Cummings,Ed Herman
50ef636148fa6fac,KO/TKO,1,3:39,3 Rnd (5-5-5),Amanda Lemos,Livinha Souza
f0b42c9e55025ad3,Submission,1,1:30,3 Rnd (5-5-5),Frank Mir,Brock Lesnar
4705a4db0bf1edcd,Decision - Unanimous,3,5:00,3 Rnd (5-5-5),Forrest Griffin,Stephan Bonnar
933cf2674503c63d,Submission,1,1:57,3 Rnd (5-5-5),Davi Ramos,John Gunther
b5d5b8e06ccb70a3,Decision - Unanimous,3,5:00,3 Rnd (5-5-5),Niko Price,Alex Morono
85dcf9425d3c4e56,Decision - Unanimous,3,5:00,3 Rnd (5-5-5),Alexander Yakovlev,Gray Maynard
265dbd9be8caa7de,Decision - Unanimous,3,5:00,3 Rnd (5-5-5),Kaue Fernandes,Guram Kutateladze
cff0abc02974fb4a,KO/TKO,1,1:42,3 Rnd (5-5-5),Michael Aswell Jr.,Lucas Almeida
fa0d393a452c0809,KO/TKO,1,0:07,3 Rnd (5-5-5),Todd Duffee,Tim Hague
2ad291d61792fd7d,KO/TKO,1,4:37,3 Rnd (5-5-5),Tom Breese,Cathal Pendred
785dd27b03946f95,Decision - Split,3,5:00,3 Rnd (5-5-5),Chris Kelades,Chris Beal
1ac61e415deca2fe,Decision - Unanimous,3,4:31,3 Rnd (5-5-5),Michael Bisping,Alan Belcher
bc86601cf781a89c,Decision - Unanimous,3,5:00,3 Rnd (5-5-5),Dustin Jacoby,Maxim Grishin
0731a4519d64df6d,Submission,1,3:26,3 Rnd (5-5-5),Chris Leben,Edwin DeWees
9687021e5c4d092a,Decision - Unanimous,3,5:00,3 Rnd (5-5-5),Tony Gravely,Saimon Oliveira
6ecfa439ef900bcc,KO/TKO,1,1:27,3 Rnd (5-5-5),Marc-Andre Barriault,Bruno Silva
f0a9dfbb6f6ac852,Submission,1,1:01,3 Rnd (5-5-5),Michel Pereira,Michal Oleksiejczuk
cb510afff3dafdab,Decision - Unanimous,3,5:00,3 Rnd (5-5-5),John Hathaway,Paul Taylor
9af62d6e404c1002,Decision - Unanimous,3,5:00,3 Rnd (5-5-5),Diego Ferreira,Rustam Khabilov
cb7616f92a9a4e5b,KO/TKO,1,4:05,3 Rnd (5-5-5),Rafael Fiziev,Renato Moicano
c996b2ff10a915b1,KO/TKO,3,1:44,3 Rnd (5-5-5),Mark Hunt,Stefan Struve
f085f32bbb3220e1,KO/TKO,2,1:23,3 Rnd (5-5-5),Chris Daukaus,Shamil Abdurakhimov
9efa4de316b8bf43,Decision - Unanimous,3,5:00,3 Rnd (5-5-5),Shane Collins,Otari Tanzilovi
0b98d84a2795f7f8,KO/TKO,2,1:30,3 Rnd (5-5-5),Mairbek Taisumov,Alan Patrick
9bec9d2d0dd1d7f7,Decision - Unanimous,3,5:00,3 Rnd (5-5-5),Rick Story,Brian Ebersole
a851348faa460c2d,Decision - Unanimous,3,5:00,3 Rnd (5-5-5),Ali Bagautinov,John Lineker
537c77f3b75a75ae,Decision - Unanimous,3,5:00,3 Rnd (5-5-5),Cub Swanson,Tatsuya Kawajiri
e97e71a593e4c28d,KO/TKO,1,2:01,3 Rnd (5-5-5),Terrance McKinney,Damir Hadzovic
96d4fe315722d1c1,Decision - Unanimous,3,5:00,3 Rnd (5-5-5),Raphael Assuncao,Victor Henry
965989097794b22b,Decision - Split,3,5:00,3 Rnd (5-5-5),Diego Nunes,Mike Brown
7ac4b9823b1e139b,Decision - Unanimous,3,5:00,3 Rnd (5-5-5),David Teymur,Lando Vannata
fb1f1b0c9ef454dc,Submission,3,3:37,3 Rnd (5-5-5),Dan Christison,Brad Imes
3b7b771b9578383d,Decision - Unanimous,3,5:00,3 Rnd (5-5-5),Gillian Robertson,Amanda Lemos
40d31c37e00d6d0b,Decision - Majority,3,5:00,3 Rnd (5-5-5),Renato Sobral,Maurice Smith
8b296724a6844865,KO/TKO,2,2:36,3 Rnd (5-5-5),Mateusz Rebecki,Loik Radzhabov
9f96d11017f9c824,KO/TKO,2,2:00,5 Rnd (5-5-5-5-5),Daniel Cormier,Volkan Oezdemir
794b63b4c1e1e789,Decision - Split,3,5:00,3 Rnd (5-5-5),Brad Scott,Scott Askham
dc93921bd9342341,KO/TKO,2,5:00,3 Rnd (5-5-5),Kelvin Gastelum,Nate Marquardt
57961c6adebfb13d,KO/TKO,1,1:59,3 Rnd (5-5-5),Justin Tafa,Juan Adams
296cc69bcc3c1635,Decision - Split,3,5:00,3 Rnd (5-5-5),Keita Nakamura,Alex Morono
8252a314c778b8e6,Decision - Split,3,5:00,3 Rnd (5-5-5),Mana Martinez,Brandon Davis
f870cacadb058733,Decision - Split,3,5:00,3 Rnd (5-5-5),Derrick Lewis,Blagoy Ivanov
2ae33fce63a75df9,Decision - Unanimous,3,5:00,3 Rnd (5-5-5),Rafael Estevam,Jesus Aguilar
c576e311ea337a32,KO/TKO,1,2:19,3 Rnd (5-5-5),Rob Font,George Roop
8133b11f2b7ad634,KO/TKO,1,4:59,3 Rnd (5-5-5),Josh Koscheck,Matt Hughes
3b6dfd089301d16e,Decision - Unanimous,3,5:00,3 Rnd (5-5-5),Tecia Pennington,Angela Hill
c699c0e56664ff11,Decision - Unanimous,3,5:00,3 Rnd (5-5-5),John Lineker,Ian McCall
0f9be7ac405772f8,KO/TKO,5,3:24,5 Rnd (5-5-5-5-5),Petr Yan,Jose Aldo
5c8d9d893d163d51,Decision - Split,3,5:00,3 Rnd (5-5-5),Irwin Rivera,Ali AlQaisi
58b19ba734fe93a3,Decision - Unanimous,3,5:00,3 Rnd (5-5-5),Magomed Ankalaev,Volkan Oezdemir
0a5a021cb11299bf,Decision - Unanimous,3,5:00,3 Rnd (5-5-5),Maximo Blanco,Sam Sicilia
2ac3ce1f62b3c4b9,Decision - Unanimous,3,5:00,3 Rnd (5-5-5),Merab Dvalishvili,Jose Aldo
77992b8727382373,Decision - Unanimous,3,2:18,3 Rnd (5-5-5),Chris Weidman,Bruno Silva
0a7517a16d2d9db6,Decision - Unanimous,3,5:00,3 Rnd (5-5-5),Zak Cummings,Alessio Di Chirico
738e0ccad2c9224b,Decision - Unanimous,3,5:00,3 Rnd (5-5-5),Irene Aldana,Talita Bernardo
962aab0abdd34173,Decision - Split,3,5:00,3 Rnd (5-5-5),Song Yadong,Casey Kenney
159646a9d2ae8ea5,Submission,1,3:15,3 Rnd (5-5-5),Makwan Amirkhani,Danny Henry
c959b92fb36220a3,Decision - Unanimous,3,5:00,3 Rnd (5-5-5),Davey Grant,Marlon Vera
ea60fdcfd423a15e,Decision - Split,3,5:00,3 Rnd (5-5-5),Francisco Trinaldo,Jesse Ronson
1332c1037c955d82,Submission,2,1:55,3 Rnd (5-5-5),Toshiomi Kazama,Charalampos Grigoriou
8456a02bd3621837,KO/TKO,1,2:55,5 Rnd (5-5-5-5-5),Glover Teixeira,Ryan Bader
73f6b72b4889088f,KO/TKO,1,0:15,3 Rnd (5-5-5),Matthew Semelsberger,Martin Sano
e8adfbbe0053c321,Decision - Split,3,5:00,3 Rnd (5-5-5),JJ Aldrich,Cortney Casey
af3e43049bc86fe9,Decision - Unanimous,3,5:00,3 Rnd (5-5-5),Joshua Van,Rei Tsuruya
fc29884851f9cebb,KO/TKO,1,3:03,5 Rnd (5-5-5-5-5),Rose Namajunas,Joanna Jedrzejczyk
e7081f3a0a982f9d,KO/TKO,1,3:30,3 Rnd (5-5-5),Derrick Lewis,Guto Inocente
37ff18106c6e38fc,Submission,1,1:21,3 Rnd (5-5-5),Livinha Souza,Alex Chambers
be2e28ba3bdeb400,Decision - Split,3,5:00,3 Rnd (5-5-5),Lando Vannata,Mike Grundy
c4eaeec8ac778b27,KO/TKO,1,4:51,3 Rnd (5-5-5),Irene Aldana,Ketlen Vieira
fb4b1754d510b0d0,Submission,2,4:46,5 Rnd (5-5-5-5-5),Mario Bautista,Vinicius Oliveira
d9f5d05b07bae09e,Submission,2,2:19,3 Rnd (5-5-5),Gillian Robertson,Mariya Agapova
f25d324841223f26,Decision - Unanimous,3,5:00,3 Rnd (5-5-5),John Hathaway,Rick Story
a526a72ade275f46,KO/TKO,1,4:03,3 Rnd (5-5-5),Zhang Mingyang,Anthony Smith
857e8facd8ff7c36,Decision - Split,3,5:00,3 Rnd (5-5-5),Eric McConico,Cody Brundage
8784ae31153178cd,Decision - Unanimous,3,5:00,3 Rnd (5-5-5),Marcin Tybura,Stefan Struve
f0d86420d88ca27b,Decision - Unanimous,3,5:00,3 Rnd (5-5-5),Thiago Alves,John Howard
32990cbf8976d94b,Decision - Split,3,5:00,3 Rnd (5-5-5),Mirsad Bektic,Ricardo Lamas
1452c20d964c0a63,KO/TKO,1,3:33,3 Rnd (5-5-5),Taiyilake Nueraji,Kiefer Crosbie
019b88d4ac875ae4,KO/TKO,1,2:31,3 Rnd (5-5-5),Iuri Alcantara,Iliarde Santos
65c1ca715dfdbe05,Decision - Unanimous,3,5:00,3 Rnd (5-5-5),Davi Ramos,Austin Hubbard
ebb012c5f3fd0cbb,Decision - Unanimous,3,5:00,3 Rnd (5-5-5),Gregory Rodrigues,Roman Kopylov
db68ff7bf2487971,Decision - Unanimous,3,5:00,3 Rnd (5-5-5),Sam Stout,Per Eklund
776a8a645868f616,Submission,2,3:45,3 Rnd (5-5-5),Thales Leites,Tim Boetsch
a949b05c64e43131,Decision - Unanimous,2,5:00,2 Rnd (5-5),Phil Baroni,Curtis Stout
4cffb137402f7bb0,Decision - Split,3,5:00,3 Rnd (5-5-5),Jorge Rivera,Nissen Osterneck
42a7d576dc207e63,KO/TKO,2,0:48,3 Rnd (5-5-5),Jim Miller,Steve Lopez
72656e864ca1c972,KO/TKO,1,1:01,3 Rnd (5-5-5),Dominick Cruz,Takeya Mizugaki
de2ced807ed3eb0b,KO/TKO,1,10:21,1 Rnd + OT (12-3),Don Frye,Mark Hall
04a788abbbd1f256,Decision - Unanimous,3,5:00,3 Rnd (5-5-5),Aleksandar Rakic,Thiago Santos
3fad8fd8b6e4465d,KO/TKO,2,5:00,5 Rnd (5-5-5-5-5),Mark Munoz,Chris Leben
c2cdeb207cce5ceb,Decision - Split,3,5:00,3 Rnd (5-5-5),Joshua Van,Zhalgas Zhumagulov
4bf6b6904ec94421,Submission,1,0:24,3 Rnd (5-5-5),Teemu Packalen,Thibault Gouti
d6d141afdd31c3f1,Submission,2,3:04,3 Rnd (5-5-5),JunYong Park,Joseph Holmes
c634ed84212723ca,KO/TKO,3,3:50,3 Rnd (5-5-5),Marlon Vera,Frankie Edgar
b166f1582946fbbc,KO/TKO,3,0:07,3 Rnd (5-5-5),Damir Hadzovic,Marcin Held
20628fd4e19a97e4,Decision - Majority,3,5:00,3 Rnd (5-5-5),Chris Tuchscherer,Tim Hague
9eb1ce435cc1536e,Decision - Unanimous,3,5:00,3 Rnd (5-5-5),Adlan Amagov,Chris Spang
40781a64c4cea877,Submission,1,3:13,3 Rnd (5-5-5),Clayton Carpenter,Juancamilo Ronderos
992e84bf59837e21,Submission,1,2:36,3 Rnd (5-5-5),Marc-Andre Barriault,Jordan Wright
a941c4e25ddddfff,Decision - Split,3,5:00,3 Rnd (5-5-5),William Gomis,Francis Marshall
ddd63237f1b857a6,Decision - Unanimous,5,5:00,5 Rnd (5-5-5-5-5),Marvin Vettori,Kevin Holland
9b39e15b42422a08,Submission,1,2:25,3 Rnd (5-5-5),Jim Miller,Roosevelt Roberts
538ca98010ed00ec,KO/TKO,1,1:29,3 Rnd (5-5-5),Diego Lopes,Sodiq Yusuff
291bebbbf4f9128f,Decision - Split,3,5:00,3 Rnd (5-5-5),Rodrigo Damm,Mizuto Hirota
5e6a74db89f5410c,KO/TKO,2,0:30,3 Rnd (5-5-5),Luke Riley,Bogdan Grad
840863604b38a33f,Decision - Unanimous,3,5:00,3 Rnd (5-5-5),Rob Emerson,Phillipe Nover
15def71ff1679e06,Decision - Unanimous,3,5:00,3 Rnd (5-5-5),Taila Santos,Molly McCann
3e2bde19e752f64b,Submission,1,3:22,3 Rnd (5-5-5),Paddy Pimblett,King Green
03ba4f9ba7c934ad,Decision - Split,3,5:00,3 Rnd (5-5-5),Sara McMann,Lauren Murphy
f9ab966e63968c15,KO/TKO,1,0:16,3 Rnd (5-5-5),Chidi Njokuani,Marc-Andre Barriault
cb76509b5c2f2a90,KO/TKO,2,1:25,3 Rnd (5-5-5),David Teymur,Jason Novelli
e5872dfa5b93fcbb,Decision - Unanimous,3,5:00,3 Rnd (5-5-5),Rafael Fiziev,Marc Diakiese
00720c46f864fe03,Decision - Split,3,5:00,3 Rnd (5-5-5),Joe Lauzon,Marcin Held
bda97d9a44a89d52,Submission,2,3:37,3 Rnd (5-5-5),Glover Teixeira,Ion Cutelaba
bd52e19f2fbefdde,KO/TKO,2,4:17,5 Rnd (5-5-5-5-5),Joanna Jedrzejczyk,Carla Esparza
32f2965b4f4c4ebf,KO/TKO,2,1:20,3 Rnd (5-5-5),Melissa Mullins,Klaudia Sygula
33cc40fc1da409d3,Decision - Unanimous,3,5:00,3 Rnd (5-5-5),Gloria de Paula,Diana Belbita
ce7cd2ec773bea7f,Decision - Split,3,5:00,3 Rnd (5-5-5),Muslim Salikhov,Elizeu Zaleski dos Santos
e9bc416752cadd29,KO/TKO,1,3:31,3 Rnd (5-5-5),Omari Akhmedov,Thiago Perpetuo
e314474cb6a7a65c,Decision - Unanimous,3,5:00,3 Rnd (5-5-5),Vladimir Matyushenko,Igor Pokrajac
dbca9f6bb7290c0d,Decision - Split,3,5:00,3 Rnd (5-5-5),Krzysztof Jotko,Marc-Andre Barriault
0e30b22cd0987640,KO/TKO,2,3:34,3 Rnd (5-5-5),Tony Fryklund,Rodrigo Ruas
8a6ecf3dc2b17c19,KO/TKO,1,4:59,3 Rnd (5-5-5),Vitor Miranda,Jake Collier
b7799cdf8a6470ea,Decision - Unanimous,3,5:00,3 Rnd (5-5-5),Philip De Fries,Rob Broughton
044d210d7b1eb519,KO/TKO,2,3:42,3 Rnd (5-5-5),Serghei Spivac,Augusto Sakai
46c74829fb4c2dd5,Submission,3,1:21,3 Rnd (5-5-5),Court McGee,Ryan Jensen
0c9faf26efe2cdcc,Decision - Unanimous,3,5:00,3 Rnd (5-5-5),Angela Hill,Emily Ducote
8cf571afc2618df4,Decision - Unanimous,3,5:00,3 Rnd (5-5-5),Liz Carmouche,Lauren Murphy
13d8d5cd83e5b57e,Decision - Split,3,5:00,3 Rnd (5-5-5),Tabatha Ricci,Tecia Pennington
9fa6a029f7f8241c,KO/TKO,1,3:21,3 Rnd (5-5-5),Lerone Murphy,Aaron Pico
8abe79e6d300b639,KO/TKO,1,0:07,3 Rnd (5-5-5),Chan Sung Jung,Mark Hominick
34c39a5a5917e0ec,Submission,2,2:33,3 Rnd (5-5-5),Cyril Asker,Hu Yaozong
3e6babcbd7b9d364,Decision - Unanimous,3,5:00,3 Rnd (5-5-5),Thiago Santos,Elias Theodorou
f507b715628d7bcb,KO/TKO,3,3:59,5 Rnd (5-5-5-5-5),Chuck Liddell,Tito Ortiz
f08ccad48500eb2b,Decision - Unanimous,3,5:00,3 Rnd (5-5-5),Carla Esparza,Virna Jandiroba
34524408fb4d6752,KO/TKO,3,0:59,3 Rnd (5-5-5),Mauricio Rua,Gian Villante
4b5f9b7c31d1205d,Decision - Unanimous,3,5:00,3 Rnd (5-5-5),Ion Cutelaba,Devin Clark
12d2b282561b5e5f,Decision - Unanimous,3,5:00,3 Rnd (5-5-5),Austin Lingo,Luis Saldana
71348fd10e392dac,Decision - Unanimous,3,5:00,3 Rnd (5-5-5),Kalib Starnes,Chris Leben
e7ad1c3a763c7cae,Decision - Unanimous,3,5:00,3 Rnd (5-5-5),Patrick Cummins,Jan Blachowicz
d101d2ed58a7cf84,Decision - Unanimous,3,5:00,3 Rnd (5-5-5),Artem Lobov,Chris Avila
8afe89f5c451b372,KO/TKO,1,4:47,3 Rnd (5-5-5),Carlos Prates,Charles Radtke
c9283da5f4d7aaf4,Decision - Unanimous,3,5:00,3 Rnd (5-5-5),Tim Means,Nicolas Dalby
f11ca082c924464c,KO/TKO,2,0:53,3 Rnd (5-5-5),Andre Fili,Jeremy Larsen
61bedad39b15db7a,Decision - Unanimous,5,5:00,5 Rnd (5-5-5-5-5),Michael Chiesa,Neil Magny
a18edcb638ba7e39,Submission,1,3:05,3 Rnd (5-5-5),Charles Jourdain,Davey Grant
25da52bc590ef664,KO/TKO,1,4:24,3 Rnd (5-5-5),David Onama,Gabriel Benitez
533984c3ff4b4858,Decision - Split,3,5:00,3 Rnd (5-5-5),Lerone Murphy,Gabriel Santos
dc28c6e66f333d2a,KO/TKO,1,1:24,3 Rnd (5-5-5),Erik Koch,Rafaello Oliveira
163fbb2185730846,KO/TKO,2,3:27,3 Rnd (5-5-5),Anthony Smith,Elvis Mutapcic
9fe98de1eac21f2e,KO/TKO,1,1:31,3 Rnd (5-5-5),Benoit Saint Denis,Matt Frevola
1298d89922befa8c,Submission,1,4:04,3 Rnd (5-5-5),Stefan Struve,Chase Gormley
2a493f15e079a7ff,KO/TKO,1,2:58,3 Rnd (5-5-5),Jose Delgado,Connor Matthews
e8f499827178a321,Decision - Split,3,5:00,3 Rnd (5-5-5),Ben Saunders,Kenny Robertson
0c6055509d98ed06,KO/TKO,1,3:24,3 Rnd (5-5-5),Ben Saunders,Marcus Davis
bb9c60bc6924f373,Submission,1,2:18,3 Rnd (5-5-5),Ben Saunders,Chris Heatherly
d65da3a3bc675449,Decision - Unanimous,3,5:00,3 Rnd (5-5-5),Lara Procopio,Molly McCann
0d395cb5d91f811f,Submission,1,1:03,3 Rnd (5-5-5),Mike Ciesnolevicz,Neil Grove
16de071ad45cd350,KO/TKO,2,4:37,3 Rnd (5-5-5),Jon Fitch,Thiago Alves
e05a18b6ce22fa1f,Decision - Majority,3,5:00,3 Rnd (5-5-5),TIE,TIE
17be6e24dafd31e0,KO/TKO,3,3:35,3 Rnd (5-5-5),Lance Gibson,Jermaine Andre
66eee2320e900a8a,Decision - Unanimous,3,5:00,3 Rnd (5-5-5),Cortney Casey,Liana Jojua
ae50a1a655b1a8f6,KO/TKO,1,4:39,3 Rnd (5-5-5),Michael Morales,Neil Magny
22fe6779c3fa649d,Decision - Unanimous,3,5:00,3 Rnd (5-5-5),Ilia Topuria,Youssef Zalal
0f53eb509d0ffeb9,Decision - Unanimous,3,5:00,3 Rnd (5-5-5),Natalia Silva,Alexa Grasso
e5a88d0e816fd0f1,KO/TKO,1,1:48,5 Rnd (5-5-5-5-5),Glover Teixeira,Rashad Evans
eb5cd79e00dd5cd2,Decision - Split,3,5:00,3 Rnd (5-5-5),Eddie Yagin,Mark Hominick
74d0da1f9df17b9e,Submission,1,1:40,3 Rnd (5-5-5),Fabiano Iha,Phil Johns
87cc38e9d565f819,Decision - Split,3,5:00,3 Rnd (5-5-5),Johny Hendricks,Mike Pierce
22dd728012944f0a,Decision - Unanimous,3,5:00,3 Rnd (5-5-5),Mitch Raposo,Azat Maksum
4c9cb823fd7e3e2c,Submission,2,4:29,3 Rnd (5-5-5),Phil Davis,Wagner Prado
6e4acb2aaa2cee56,Decision - Unanimous,3,5:00,3 Rnd (5-5-5),Yazmin Jauregui,Sam Hughes
1676c64a94be0557,Decision - Unanimous,3,5:00,3 Rnd (5-5-5),Diana Belbita,Maria Oliveira
ac73c6888ee9322c,Submission,1,4:15,3 Rnd (5-5-5),Farid Basharat,Kleydson Rodrigues
0e71e69359db4d1e,Submission,2,1:52,3 Rnd (5-5-5),Nora Cornolle,Hailey Cowan
4661e9ca9354021e,Decision - Unanimous,3,5:00,3 Rnd (5-5-5),Dione Barbosa,Ernesta Kareckaite
1c29c53ff032c5c1,KO/TKO,3,2:20,3 Rnd (5-5-5),William Gomis,Yanis Ghemmouri
3932f8e9a74f3d11,Other,2,3:00,1 Rnd + OT (30-3),TIE,TIE
de1a3734be60e6a1,KO/TKO,2,4:48,5 Rnd (5-5-5-5-5),Diego Lopes,Jean Silva
d036a7aeab47cf8c,Decision - Unanimous,3,5:00,3 Rnd (5-5-5),Jorge Gurgel,John Halverson
2d1c4027b8e50a0d,Decision - Unanimous,3,5:00,3 Rnd (5-5-5),Chuck Liddell,Vitor Belfort
f4ea27d942a390a5,DQ,2,2:52,3 Rnd (5-5-5),Andre Lima,Igor Severino
84c5035830ebb421,Decision - Unanimous,5,5:00,5 Rnd (5-5-5-5-5),Jose Aldo,Frankie Edgar
23dbe713c4294c66,KO/TKO,1,2:03,3 Rnd (5-5-5),Ante Delija,Marcin Tybura
fd3e8f61d8fda839,Decision - Split,3,5:00,3 Rnd (5-5-5),TIE,TIE
80e68a6453e15ab9,KO/TKO,2,1:18,3 Rnd (5-5-5),Takashi Sato,Ben Saunders
283c0b3b7e425252,KO/TKO,1,0:53,3 Rnd (5-5-5),Thiago Santos,Ronny Markes
3b0258eb19d66f8f,Submission,1,1:41,3 Rnd (5-5-5),Chris Lytle,Brian Foster
8af511cc6e6a9678,Submission,4,0:54,5 Rnd (5-5-5-5-5),Jon Jones,Vitor Belfort
bd5edc0bfa0db8c8,Decision - Unanimous,3,5:00,3 Rnd (5-5-5),Lyoto Machida,Tito Ortiz
7c20284c4c2dc9d3,Decision - Split,3,5:00,3 Rnd (5-5-5),Brad Pickett,Francisco Rivera
48c6c45d9628bb79,Decision - Majority,3,5:00,3 Rnd (5-5-5),Aaron Rosa,Matt Lucas
2bfb60face19904d,KO/TKO,2,4:06,3 Rnd (5-5-5),Fabio Maldonado,Hans Stringer
00959e29e4a10e26,KO/TKO,1,1:50,3 Rnd (5-5-5),Kai Asakura,Cameron Smotherman
faca931257ad2e92,KO/TKO,1,4:59,3 Rnd (5-5-5),Brian Melancon,Seth Baczynski
66f7bb31d24b3b36,Decision - Unanimous,3,5:00,3 Rnd (5-5-5),Orion Cosce,Blood Diamond
abfb3ed6dcb0e1f0,KO/TKO,1,4:59,3 Rnd (5-5-5),Josh Hokit,Denzel Freeman
52bc6927e80aca5d,Submission,1,4:38,3 Rnd (5-5-5),Jessica Andrade,Joanne Wood
5574c020655b435e,Submission,2,4:18,3 Rnd (5-5-5),Aljamain Sterling,Johnny Eduardo
1cbb930fb77a3781,KO/TKO,3,1:52,3 Rnd (5-5-5),Marco Polo Reyes,Dong Hyun Ma
f27bf6f21410547f,Decision - Unanimous,3,5:00,3 Rnd (5-5-5),Brad Blackburn,Ryo Chonan
7dcd5d8a44a284e5,Submission,1,2:33,3 Rnd (5-5-5),Alex Perez,Jordan Espinosa
89266a872e1f92d9,Decision - Unanimous,3,5:00,3 Rnd (5-5-5),Muslim Salikhov,Laureano Staropoli
4a172a5191cb8e60,KO/TKO,1,1:45,3 Rnd (5-5-5),Kevin Holland,Jacare Souza
43ec12079ccc371c,Decision - Unanimous,3,5:00,3 Rnd (5-5-5),Jamall Emmers,Khusein Askhabov
ec916b9f67175633,KO/TKO,1,1:35,5 Rnd (5-5-5-5-5),Chuck Liddell,Renato Sobral
d2b5ce5548b71668,Decision - Unanimous,3,5:00,3 Rnd (5-5-5),Anthony Rocco Martin,Keita Nakamura
451525a1abe30a91,Decision - Unanimous,3,5:00,3 Rnd (5-5-5),Jessica Andrade,Angela Hill
6a61d45818534b19,Decision - Unanimous,3,5:00,3 Rnd (5-5-5),Aaron Riley,Shane Nelson
5519d7fe2cee8353,Decision - Split,3,5:00,3 Rnd (5-5-5),Marlon Moraes,John Dodson
c299ca1bc07857d5,KO/TKO,1,3:54,3 Rnd (5-5-5),Rory MacDonald,Mike Pyle
b6ea8880cc7af439,Decision - Split,3,5:00,3 Rnd (5-5-5),Dan Hooker,Jalin Turner
148f5128a45e9212,KO/TKO,2,1:25,5 Rnd (5-5-5-5-5),Georges St-Pierre,Matt Hughes
2a2b00e9bfd089cc,KO/TKO,1,1:06,3 Rnd (5-5-5),Sergei Pavlovich,Marcelo Golm
778d3f5c4bcc2927,TKO - Doctor's Stoppage,2,5:00,3 Rnd (5-5-5),Glover Teixeira,Fabio Maldonado
a6441acec6718f03,Decision - Unanimous,3,5:00,3 Rnd (5-5-5),Youssef Zalal,Austin Lingo
c26f27667c230391,Decision - Split,3,5:00,3 Rnd (5-5-5),Danny Silva,Josh Culibao
ebf204638524c377,KO/TKO,1,3:46,3 Rnd (5-5-5),Karlos Vemola,Seth Petruzelli
25747d81ae5c6564,Submission,2,1:46,3 Rnd (5-5-5),Evan Elder,Darrius Flowers
821c27f0dbb27e86,Submission,1,4:03,3 Rnd (5-5-5),Kenny Florian,Joe Stevenson
3729ff914eaede07,Submission,1,2:11,3 Rnd (5-5-5),Shane Burgos,Kurt Holobaugh
47230f9b5d7ae037,Decision - Unanimous,3,5:00,3 Rnd (5-5-5),Parker Porter,Chase Sherman
ba5e8c30d41559fd,KO/TKO,1,4:40,3 Rnd (5-5-5),Jonathan Wiezorek,Wade Shipp
622cada31f247f9a,Submission,1,3:29,3 Rnd (5-5-5),Josh Koscheck,Ansar Chalangov
b229ee2997b70d16,KO/TKO,1,4:22,3 Rnd (5-5-5),TJ Dillashaw,Hugo Viana
8fb0092430448368,Decision - Split,3,5:00,3 Rnd (5-5-5),Ian Machado Garry,Geoff Neal
aaf45b095452be23,Decision - Unanimous,3,5:00,3 Rnd (5-5-5),Amir Albazi,Zhalgas Zhumagulov
ccdd6c7577927a8c,KO/TKO,1,0:49,3 Rnd (5-5-5),Anderson Silva,Chris Leben
0047f8aadca1936f,Decision - Unanimous,3,5:00,3 Rnd (5-5-5),Jacob Malkoun,Torrez Finney
d52a5d085bfa569b,Decision - Split,3,5:00,3 Rnd (5-5-5),Tyron Woodley,Kelvin Gastelum
9caaca5748ea9086,KO/TKO,1,1:55,3 Rnd (5-5-5),Yves Edwards,Jeremy Stephens
6abf4f61a1e11d34,Decision - Split,3,5:00,3 Rnd (5-5-5),Leah Letson,Julija Stoliarenko
5086f9fb4fdc2f60,Submission,2,2:15,3 Rnd + OT (5-5-5-5),Bryan Battle,Gilbert Urbina
fd292c2a587bb2f5,Decision - Split,3,5:00,3 Rnd (5-5-5),Mark Munoz,Nick Catone
344bfe9c1ff511bb,Decision - Split,3,5:00,3 Rnd (5-5-5),Jake Matthews,Bojan Velickovic
45e6a9b56ee3a9d1,Decision - Unanimous,3,5:00,3 Rnd (5-5-5),Nathaniel Wood,Daniel Pineda
d2ef04d5f384c05a,Submission,1,4:50,3 Rnd (5-5-5),Roosevelt Roberts,Darrell Horcher
b03b58b04dafa93a,Submission,1,0:45,1 Rnd (15),Mark Coleman,Julian Sanchez
3d6571790c21527c,Decision - Unanimous,3,5:00,3 Rnd (5-5-5),Julius Walker,Rafael Cerqueira
51696044aafb2037,Submission,1,3:19,3 Rnd (5-5-5),Christian Wellisch,Scott Junk
4e224ebb6394611d,KO/TKO,2,1:40,5 Rnd (5-5-5-5-5),Gabriel Bonfim,Randy Brown
a0cae57eae875820,KO/TKO,2,2:16,5 Rnd (5-5-5-5-5),Alex Perez,Matheus Nicolau
c2fd3d874f558408,Decision - Unanimous,3,5:00,3 Rnd (5-5-5),Antonina Shevchenko,Ji Yeon Kim
edc87836fd998929,KO/TKO,1,0:16,5 Rnd (5-5-5-5-5),Germaine de Randamie,Aspen Ladd
064404b0aaf6f95d,Decision - Split,3,5:00,3 Rnd (5-5-5),Yancy Medeiros,John Makdessi
26d75187369ecf2c,Decision - Unanimous,3,5:00,3 Rnd (5-5-5),Sean Brady,Court McGee
fd61b04ee64f7f20,KO/TKO,1,1:25,3 Rnd (5-5-5),Josh Koscheck,Frank Trigg
1992dcae0699200e,Submission,1,1:27,3 Rnd (5-5-5),Dan Miller,Rob Kimmons
56b57d076f874eb0,Decision - Split,3,5:00,3 Rnd (5-5-5),Kelvin Gastelum,Rick Story
452a9728317893d7,KO/TKO,2,1:00,3 Rnd (5-5-5),Johnny Bedford,Marcos Vinicius
484c48d3723e72cd,Decision - Unanimous,3,5:00,3 Rnd (5-5-5),Li Jingliang,Daichi Abe
fd4d30036a3f3efb,Decision - Unanimous,3,5:00,3 Rnd (5-5-5),Mario Bautista,Da'Mon Blackshear
ee2354d638c078fd,Decision - Unanimous,3,5:00,3 Rnd (5-5-5),Loik Radzhabov,Esteban Ribovics
2f379b530fefb7ea,Decision - Unanimous,5,5:00,5 Rnd (5-5-5-5-5),Tim Sylvia,Jeff Monson
85c7a0f44aa3e10a,KO/TKO,2,4:43,3 Rnd (5-5-5),Gokhan Saricam,Tanner Boser
41622791b276ad9e,KO/TKO,3,4:56,3 Rnd (5-5-5),Marc-Andre Barriault,Abu Azaitar
115fa6f5f3e51bbb,KO/TKO,3,1:49,3 Rnd (5-5-5),Julio Arce,Julian Erosa
478bc7d1288e043e,KO/TKO,3,2:19,3 Rnd (5-5-5),Kennedy Nzechukwu,Karl Roberson
c74b03337a8441ed,Submission,3,3:25,3 Rnd (5-5-5),Claudio Puelles,Chris Gruetzemacher
e4628e64a2ef7100,Decision - Majority,3,5:00,3 Rnd (5-5-5),Matt Lindland,Phil Baroni
2a930e2d7e1f87a9,Decision - Unanimous,3,5:00,3 Rnd (5-5-5),Marcus McGhee,Jonathan Martinez
1109a8f2adc81ce0,Decision - Split,3,5:00,3 Rnd (5-5-5),Charles Rosa,Kevin Aguilar
ec659c4e19f62700,KO/TKO,1,3:14,3 Rnd (5-5-5),Matt Dwyer,William Macario
d9501c6985c1b38d,Submission,2,3:18,3 Rnd (5-5-5),Billy Quarantillo,Jacob Kilburn
204fe39cf94f45dc,Submission,2,2:28,3 Rnd (5-5-5),Ben Saunders,Ryan Thomas
bef4df43d6052a02,Decision - Split,3,5:00,3 Rnd (5-5-5),TIE,TIE
071a1cd551b7b4d5,KO/TKO,2,4:54,3 Rnd (5-5-5),Danny Roberts,Zelim Imadaev
4cc9ef5e68009fd4,Submission,1,4:16,3 Rnd (5-5-5),Anthony Rocco Martin,Fabricio Camoes
1b4d5dbf5f663a97,Decision - Split,3,5:00,3 Rnd (5-5-5),Carlos Felipe,Jake Collier
72bb7605e340a8fe,KO/TKO,2,3:54,3 Rnd (5-5-5),Da'Mon Blackshear,Luan Lacerda
d8189169b2c8a2aa,Decision - Unanimous,3,5:00,3 Rnd (5-5-5),Nick Maximov,Cody Brundage
2ec12d4bbc0752db,KO/TKO,2,4:55,3 Rnd (5-5-5),Gilbert Burns,Jason Saggo
6dd0874dec826397,Decision - Unanimous,3,5:00,3 Rnd (5-5-5),Aljamain Sterling,Brett Johns
48292a027df02443,Submission,1,1:11,3 Rnd (5-5-5),Alonzo Menifield,Fabio Cherant
20ba608a6e717f05,Submission,1,1:20,3 Rnd (5-5-5),Herbert Burns,Evan Dunham
4caa0dcdaa253612,Submission,1,3:32,3 Rnd (5-5-5),Luis Pena,Richie Smullen
54845ec0646a9bee,Decision - Unanimous,3,5:00,3 Rnd (5-5-5),Igor Araujo,Danny Mitchell
4e7c06f8b2b8c24b,KO/TKO,1,3:06,3 Rnd (5-5-5),Edson Barboza,Evan Dunham
57b986d06bde71c2,KO/TKO,5,2:47,5 Rnd (5-5-5-5-5),Stipe Miocic,Mark Hunt
c715c165cb3469d2,Submission,1,1:03,3 Rnd (5-5-5),Rousimar Palhares,Mike Massenzio
4918b7e3600f67a1,Decision - Unanimous,3,5:00,3 Rnd (5-5-5),Yushin Okami,Dean Lister
1158a27a1a04b971,Submission,1,4:20,3 Rnd (5-5-5),King Green,Jeremy Stephens
582806c33ce6dcf6,KO/TKO,2,4:13,3 Rnd (5-5-5),David Onama,Gabriel Santos
92de601366ced6dc,KO/TKO,2,3:23,3 Rnd (5-5-5),BJ Penn,Paul Creighton
657fd7ab7bdf9f15,Decision - Split,3,5:00,3 Rnd (5-5-5),Elizeu Zaleski dos Santos,Lyman Good
424221c96ee13ceb,Decision - Unanimous,3,5:00,3 Rnd (5-5-5),Daniel Cormier,Anderson Silva
526790a5b3c4b5a2,KO/TKO,3,2:11,3 Rnd (5-5-5),Constantinos Philippou,Tim Boetsch
84efac79989f4d0a,KO/TKO,1,2:59,5 Rnd (5-5-5-5-5),Anderson Silva,Rich Franklin
03377f7bf8a2d5ff,KO/TKO,2,4:10,3 Rnd (5-5-5),Mario Pinto,Jhonata Diniz
14850f48b2bede47,Decision - Unanimous,3,5:00,3 Rnd (5-5-5),Alessio Sakara,Elvis Sinosic
b9d5c77ae7a8109b,Decision - Unanimous,3,5:00,3 Rnd (5-5-5),Casey O'Neill,Luana Santos
31535a79c5959be8,KO/TKO,1,3:35,3 Rnd (5-5-5),Tamdan McCrory,Ryan Madigan
0165bd3c26f0c076,Decision - Split,3,5:00,3 Rnd (5-5-5),Carlos Felipe,Justin Tafa
490724f8b3658f67,KO/TKO,1,4:18,5 Rnd (5-5-5-5-5),Justin Gaethje,Donald Cerrone
bb6eacc986791dcd,KO/TKO,1,0:33,3 Rnd (5-5-5),Chris Lytle,Kyle Bradley
f286aad7b3558b21,Decision - Split,3,5:00,3 Rnd (5-5-5),Kelvin Gastelum,Uriah Hall
464133df9ca19865,Decision - Unanimous,3,5:00,3 Rnd (5-5-5),Alan Jouban,Matt Dwyer
6ae96d1de3bb0506,Decision - Unanimous,3,5:00,3 Rnd (5-5-5),James Vick,Francisco Trinaldo
f368475c366c6d85,Decision - Unanimous,3,5:00,3 Rnd (5-5-5),Steve Garcia,Calvin Kattar
68b3222e977a6a11,Decision - Split,3,5:00,3 Rnd (5-5-5),Duane Ludwig,Nick Osipczak
33065e87a42a74a2,Submission,2,2:11,3 Rnd (5-5-5),Anderson Silva,Travis Lutter
7521015554088962,KO/TKO,3,1:36,3 Rnd (5-5-5),Cub Swanson,Billy Quarantillo
8d634c9240f161dd,Decision - Unanimous,3,5:00,3 Rnd (5-5-5),Austin Hubbard,Dakota Bush
4560734220b96851,KO/TKO,1,1:59,3 Rnd (5-5-5),Paul Craig,Jamahal Hill
a6fbd8964400dd89,Decision - Unanimous,3,5:00,3 Rnd (5-5-5),Jordan Mein,Erick Silva
9d5f562e0572058c,KO/TKO,1,2:28,3 Rnd (5-5-5),Volkan Oezdemir,Johnny Walker
49c0071ae52fc83a,Decision - Unanimous,3,5:00,3 Rnd (5-5-5),William Macario,Bobby Voelker
db43605f10bd67b4,Decision - Unanimous,3,5:00,3 Rnd (5-5-5),Court McGee,Josh Neer
a3820f1eb82f2ba6,Decision - Split,3,5:00,3 Rnd (5-5-5),Mauricio Rua,Rogerio Nogueira
bab948352454f302,Decision - Unanimous,3,5:00,3 Rnd (5-5-5),Derek Brunson,Chris Leben
aa11f2375ee2118f,Decision - Unanimous,5,5:00,5 Rnd (5-5-5-5-5),Lyoto Machida,Gegard Mousasi
f00921c62315be96,Decision - Unanimous,3,5:00,3 Rnd (5-5-5),Belal Muhammad,Lyman Good
5c73e0013b859664,Decision - Split,3,5:00,3 Rnd + OT (5-5-5-5),Lawrence Lui,Sulangrangbo
5d7c91acbcddda2f,Submission,1,3:57,5 Rnd (5-5-5-5-5),Gegard Mousasi,Mark Munoz
830e59a396dddec3,Decision - Unanimous,3,5:00,3 Rnd (5-5-5),Jake O'Brien,Heath Herring
cd5d9828b278181a,Decision - Unanimous,3,5:00,3 Rnd (5-5-5),Da Woon Jung,William Knight
503a9ac5679c9cf7,Submission,3,2:40,3 Rnd (5-5-5),Scott Holtzman,Anthony Christodoulou
f2cd665eab69876a,Decision - Unanimous,3,5:00,3 Rnd (5-5-5),Alex Caceres,Chase Hooper
0e6782b758451063,Decision - Unanimous,3,5:00,3 Rnd (5-5-5),Jarno Errens,Steven Nguyen
fee873593f588437,KO/TKO,1,0:57,3 Rnd (5-5-5),Sage Northcutt,Francisco Trevino
5e07077e84fc45cd,Decision - Split,3,5:00,3 Rnd (5-5-5),Nordine Taleb,Li Jingliang
eedc7fccf7037949,Submission,1,3:34,3 Rnd (5-5-5),Chris Duncan,Bolaji Oki
05d2534e0f2d5042,Submission,3,1:01,3 Rnd (5-5-5),Paige VanZant,Alex Chambers
d078e9046aa86307,Decision - Unanimous,3,5:00,3 Rnd (5-5-5),Wang Cong,Ariane da Silva
de65739f00350c58,Decision - Unanimous,3,5:00,3 Rnd (5-5-5),Rory MacDonald,Tyron Woodley
abd50fad1e7b030b,KO/TKO,1,1:05,3 Rnd (5-5-5),Priscila Cachoeira,Ariane da Silva
e8219ea7da46f67f,KO/TKO,2,1:54,5 Rnd (5-5-5-5-5),Deiveson Figueiredo,Joseph Benavidez
1db00b3e736c22bf,Decision - Unanimous,3,5:00,3 Rnd (5-5-5),Liz Carmouche,Lucie Pudilova
9b4bff38430a01eb,KO/TKO,1,1:21,3 Rnd (5-5-5),Anthony Pettis,Joe Lauzon
a3731057c8775716,Submission,3,3:16,3 Rnd (5-5-5),Matt Sayles,Kyle Nelson
f7ae397fefa57c70,Decision - Split,3,5:00,3 Rnd (5-5-5),Darrell Horcher,Devin Powell
aa92030dfd8b5d40,Decision - Unanimous,3,5:00,3 Rnd (5-5-5),Leslie Smith,Rin Nakai
aa1db19806dfd62e,KO/TKO,1,4:10,3 Rnd (5-5-5),Seth Baczynski,Simeon Thoresen
cee1fb8ac703f34f,Decision - Split,3,5:00,3 Rnd (5-5-5),Josh Koscheck,Mike Pierce
15cae38f1326adfb,Submission,2,2:11,3 Rnd (5-5-5),Brian Foster,Matt Brown
8817bd21b6d0a989,Decision - Unanimous,3,5:00,3 Rnd (5-5-5),Mantas Kondratavicius,Antonio Trocoli
8e7b2d62f834b417,Submission,1,3:48,3 Rnd (5-5-5),Juan Espino,Jeff Hughes
de2513c984996c8c,KO/TKO,2,4:47,3 Rnd (5-5-5),Dongi Yang,Rob Kimmons
d6e4d0d62a96a948,KO/TKO,1,3:56,3 Rnd (5-5-5),Albert Tumenov,Anthony Lapsley
e14b4f2c7b36d0b9,KO/TKO,1,4:43,3 Rnd (5-5-5),Justin Scoggins,Richie Vaculik
c88a7dbe7717d2da,KO/TKO,2,4:13,3 Rnd (5-5-5),Dan Ige,Damon Jackson
0dddf7ec457caab3,Decision - Unanimous,3,5:00,3 Rnd (5-5-5),Frankie Edgar,Spencer Fisher
0292b9c31c0089ac,KO/TKO,3,0:39,3 Rnd (5-5-5),Bryce Mitchell,Kron Gracie
93ddc6b233d1956a,Decision - Split,3,5:00,3 Rnd (5-5-5),Felipe dos Santos,Victor Altamirano
6a0217099efee13f,KO/TKO,3,4:45,3 Rnd (5-5-5),Mike Davis,Thomas Gifford
0568994b8323d640,KO/TKO,1,2:03,3 Rnd (5-5-5),Tim Boetsch,Michael Patt
a773883743242df9,Submission,1,2:51,3 Rnd (5-5-5),Sarah Moras,Ashlee Evans-Smith
688c8b695e521ce8,Submission,2,4:46,3 Rnd (5-5-5),Dustin Hazelett,Joshua Burkman
3ef7c2b26af8cf22,Submission,1,4:32,3 Rnd (5-5-5),Jeremy Horn,Eugene Jackson
3bdacc82209b33f5,Decision - Unanimous,5,5:00,5 Rnd (5-5-5-5-5),Stipe Miocic,Daniel Cormier
13a8ddb1c3f55ed4,KO/TKO,1,2:09,3 Rnd (5-5-5),Arman Tsarukyan,Christos Giagos
507080ccded73591,Submission,1,4:38,3 Rnd (5-5-5),Jeremiah Wells,Blood Diamond
28bd070f7ab0a0b9,Decision - Unanimous,3,5:00,3 Rnd (5-5-5),Umar Nurmagomedov,Nate Maness
2456c4550c26e5e8,KO/TKO,1,0:25,3 Rnd (5-5-5),Khalid Taha,Boston Salmon
437c6e18f41287f1,Decision - Split,3,5:00,3 Rnd (5-5-5),Jack Marshman,John Phillips
0be6540982a5b0cd,Decision - Majority,3,5:00,3 Rnd (5-5-5),TIE,TIE
cf1f2322c4b8bc64,Submission,1,4:43,3 Rnd (5-5-5),Charles McCarthy,Gideon Ray
d84f88ac792e8c53,TKO - Doctor's Stoppage,1,4:34,3 Rnd (5-5-5),Matt Hughes,Marcelo Aguiar
7864fc46de247f58,KO/TKO,1,0:24,3 Rnd (5-5-5),Daniel Spitz,Anthony Hamilton
ebfe035b70080668,Submission,1,2:23,1 Rnd (20),Oleg Taktarov,Ernie Verdicia
69fa167ba5d0fd82,Submission,3,2:22,3 Rnd (5-5-5),Darren Elkins,Eduardo Garagorri
742fcd610f344810,KO/TKO,2,1:18,5 Rnd (5-5-5-5-5),Alexander Gustafsson,Jimi Manuwa
7fd6770fe2d4f258,KO/TKO,1,2:31,3 Rnd (5-5-5),Joselyne Edwards,Chelsea Chandler
f41e83de703acf85,KO/TKO,2,3:16,3 Rnd (5-5-5),Bogdan Guskov,Ryan Spann
a89b9eeacdb85ec1,KO/TKO,1,0:19,3 Rnd (5-5-5),Matt Mitrione,Philip De Fries
2aeba1cc4004d0bc,Submission,2,1:49,3 Rnd (5-5-5),Cole Miller,Ross Pearson
1085f281dd966d96,Decision - Unanimous,3,5:00,3 Rnd (5-5-5),Chris Cariaso,Josh Ferguson
2adfc6444d1adc01,Decision - Unanimous,3,5:00,3 Rnd (5-5-5),Rory MacDonald,BJ Penn
5755a68d39867abc,KO/TKO,1,3:48,5 Rnd (5-5-5-5-5),Shane Carwin,Frank Mir
23c963be9de38205,Decision - Unanimous,3,5:00,3 Rnd (5-5-5),Paulo Costa,Roman Kopylov
9bfda7c26578aaac,Decision - Unanimous,5,5:00,5 Rnd (5-5-5-5-5),Israel Adesanya,Kelvin Gastelum
0c74e600ded0de97,KO/TKO,1,4:53,3 Rnd (5-5-5),John Makdessi,Shane Campbell
c3b2a72cc291db4e,KO/TKO,2,4:25,3 Rnd (5-5-5),Josh Barnett,Bobby Hoffman
5bba49d88db7430f,Decision - Unanimous,3,5:00,3 Rnd (5-5-5),Nikita Krylov,Johnny Walker
26cdaf7cf575f656,KO/TKO,1,0:22,3 Rnd (5-5-5),Nick Denis,Joseph Sandoval
3f5a623cf360c494,Decision - Unanimous,3,5:00,3 Rnd (5-5-5),Curtis Millender,Siyar Bahadurzada
eca400aeeb2763d1,Decision - Unanimous,3,5:00,3 Rnd (5-5-5),Chase Hooper,Nick Fiore
704e1351a64581ed,Decision - Unanimous,3,5:00,3 Rnd (5-5-5),Tom Lawlor,Patrick Cote
c6c975ca66a7f91a,KO/TKO,1,2:34,3 Rnd (5-5-5),Zak Ottow,Mike Pyle
d1268ffa059f9d42,KO/TKO,1,0:31,3 Rnd (5-5-5),Chad Mendes,Cody McKenzie
3cdcaa0a59dfb8ea,KO/TKO,1,2:45,3 Rnd (5-5-5),Josh Thomson,Gerald Strebendt
95a0d706e1f4cfa2,Decision - Split,3,5:00,3 Rnd (5-5-5),Anthony Birchak,Dileno Lopes
77ed474dfc5359ea,KO/TKO,1,2:44,3 Rnd (5-5-5),Azamat Bekoev,Ryan Loder
b4a2fc934d4660ff,KO/TKO,3,3:53,5 Rnd (5-5-5-5-5),Matt Hughes,BJ Penn
d39010c3511fb972,Submission,1,0:25,3 Rnd (5-5-5),Joe Duffy,Mitch Clarke
aef94727eb3897df,Decision - Unanimous,3,5:00,3 Rnd (5-5-5),Eduardo Garagorri,Humberto Bandenay
09f9849d363433a7,KO/TKO,1,0:35,5 Rnd (5-5-5-5-5),Stipe Miocic,Fabio Maldonado
e7e244a0bf244e61,Decision - Unanimous,3,5:00,3 Rnd (5-5-5),Takeya Mizugaki,George Roop
5e4f358e0bcc2f15,KO/TKO,1,4:54,3 Rnd (5-5-5),Dustin Poirier,Diego Brandao
eecbc6c850e62d97,Submission,2,1:55,3 Rnd (5-5-5),Chris Lytle,Tiki Ghosn
2cc1fe3570999428,Decision - Unanimous,3,5:00,3 Rnd (5-5-5),Geoff Neal,Belal Muhammad
7990b6716a53b2cd,Submission,3,0:38,5 Rnd (5-5-5-5-5),Brendan Allen,Paul Craig
a39286bf0a443ff0,Decision - Unanimous,3,5:00,3 Rnd (5-5-5),Ronny Markes,Karlos Vemola
f4df74046a1c4364,Decision - Unanimous,3,5:00,3 Rnd (5-5-5),Curtis Blaydes,Jairzinho Rozenstruik
1c85003f6ec59c9d,Decision - Unanimous,3,5:00,3 Rnd (5-5-5),Maycee Barber,Jessica Eye
5ed402ad08d9d4f9,Decision - Unanimous,3,5:00,3 Rnd (5-5-5),Yushin Okami,Alan Belcher
1f5d0b106385b2ac,Submission,3,4:12,3 Rnd (5-5-5),Baisangur Susurkaev,Djorden Santos
21f79cd40513d075,Decision - Unanimous,3,5:00,3 Rnd (5-5-5),Shayilan Nuerdanbieke,TJ Brown
01be9ab42f1fd8e6,Decision - Unanimous,3,5:00,3 Rnd (5-5-5),Wilson Reis,Joby Sanchez
9f4a0de31375ba04,KO/TKO,1,0:28,3 Rnd (5-5-5),JooSang Yoo,Jeka Saragih
4a704dae3091adaf,Decision - Unanimous,5,5:00,5 Rnd (5-5-5-5-5),Ciryl Gane,Jairzinho Rozenstruik
41b75c9222c33cdf,Submission,3,4:46,3 Rnd (5-5-5),Ciryl Gane,Don'Tale Mayes
f079cb2db8dbbf04,Decision - Split,5,5:00,5 Rnd (5-5-5-5-5),Robbie Lawler,Carlos Condit
0e05f54d8b66f317,KO/TKO,1,2:30,3 Rnd (5-5-5),Mark Munoz,Ryan Jensen
d470bb3cb98d9ed7,KO/TKO,1,1:44,3 Rnd (5-5-5),Patrick Cote,Drew McFedries
b4d0659f60c8aa7c,Submission,4,3:16,5 Rnd (5-5-5-5-5),Urijah Faber,Scott Jorgensen
c642640db89fb033,Submission,2,3:45,3 Rnd (5-5-5),Tim Credeur,Nick Catone
b976eb99de0f63ca,KO/TKO,1,2:07,3 Rnd (5-5-5),Luiz Cane,Jason Lambert
55376d5c205fa844,KO/TKO,1,4:38,3 Rnd (5-5-5),David Martinez,Saimon Oliveira
998296216e7171ed,KO/TKO,2,1:22,3 Rnd (5-5-5),Mateusz Gamrot,Scott Holtzman
569e2c02f7699c0d,Decision - Unanimous,3,5:00,3 Rnd (5-5-5),Elias Theodorou,Daniel Kelly
02f4277726712796,Decision - Unanimous,3,5:00,3 Rnd (5-5-5),Justin Ledet,Chase Sherman
8d83354075a937f2,Submission,1,0:52,1 Rnd + OT (12-3),Carlos Newton,Bob Gilstrap
451df53c13185584,Submission,1,4:27,3 Rnd (5-5-5),Jafel Filho,Ode Osbourne
74bb036ef0493bf7,KO/TKO,2,4:24,3 Rnd (5-5-5),Alice Pereira,Hailey Cowan
b4bf090eb5c57903,KO/TKO,1,1:03,3 Rnd (5-5-5),Kyle Bradley,Phillipe Nover
07b98dbf5d2c62a2,KO/TKO,3,2:45,3 Rnd (5-5-5),Kelvin Gastelum,Tim Kennedy
1b4f87d607b3964d,KO/TKO,2,2:21,3 Rnd (5-5-5),Takanori Gomi,Eiji Mitsuoka
089388c9f00ce9c6,KO/TKO,3,3:21,3 Rnd (5-5-5),Dooho Choi,Nate Landwehr
635763ab6b5f0bf0,Decision - Unanimous,3,5:00,3 Rnd (5-5-5),Diego Sanchez,Paulo Thiago
03de7404decde12f,KO/TKO,2,3:29,3 Rnd (5-5-5),Marcus McGhee,Gaston Bolanos
1be27d95bba03f17,Decision - Unanimous,3,5:00,3 Rnd (5-5-5),Ange Loosa,Rhys McKee
505d3d9b006014c8,Submission,1,4:53,3 Rnd (5-5-5),Eric Schafer,Houston Alexander
56fbc2a376569c13,KO/TKO,3,3:47,3 Rnd (5-5-5),Max Holloway,Clay Collard
3ce96bb0c69b39be,Decision - Split,5,5:00,5 Rnd (5-5-5-5-5),Brendan Allen,Chris Curtis
0c3622569cd8062a,Decision - Unanimous,5,5:00,5 Rnd (5-5-5-5-5),Curtis Blaydes,Alexander Volkov
b3096e8dd4e90718,Decision - Unanimous,3,5:00,3 Rnd (5-5-5),Lina Lansberg,Gina Mazany
249b75a787dccfe6,KO/TKO,1,0:37,3 Rnd (5-5-5),John Dodson,Manvel Gamburyan
9dfcf675cf2c1575,Decision - Unanimous,5,5:00,5 Rnd (5-5-5-5-5),Calvin Kattar,Giga Chikadze
83f7c3b91a402306,KO/TKO,1,0:29,3 Rnd (5-5-5),Jairzinho Rozenstruik,Andrei Arlovski
b6c46c3c239e7863,KO/TKO,1,4:42,3 Rnd (5-5-5),Jordan Mein,Dan Miller
9988ff4d4197663b,KO/TKO,3,4:03,3 Rnd (5-5-5),Mike Pyle,TJ Waldburger
833d67f423315d18,Decision - Unanimous,3,5:00,3 Rnd (5-5-5),Yazmin Jauregui,Iasmin Lucindo
89cb6801b51f2216,Decision - Unanimous,3,5:00,3 Rnd (5-5-5),Chris Cariaso,Will Campuzano
6fbd9d599d638106,Submission,2,2:12,3 Rnd (5-5-5),Luke Barnatt,Andrew Craig
326de7f7ec9e7035,Submission,2,1:20,3 Rnd (5-5-5),Antonina Shevchenko,Lucie Pudilova
0b26d635106aea1c,Decision - Unanimous,3,5:00,3 Rnd (5-5-5),Andrew Sanchez,Trevor Smith
5d11b618f24082dd,Decision - Unanimous,3,5:00,3 Rnd (5-5-5),Martin Buday,Jake Collier
019983faebec6d64,Decision - Unanimous,3,5:00,3 Rnd (5-5-5),Ryan Hall,Gray Maynard
88020d22cf905792,Decision - Unanimous,3,5:00,3 Rnd (5-5-5),Karine Silva,Dione Barbosa
84b04e8d6b251c54,KO/TKO,1,1:33,3 Rnd (5-5-5),Pete Rodriguez,Mike Jackson
66873dde4077bd5d,Submission,1,1:38,3 Rnd (5-5-5),Jaqueline Amorim,Cory McKenna
61a20ff34b6948ba,Submission,3,1:40,3 Rnd (5-5-5),Ignacio Bahamondes,Rongzhu
953c89aa931082e4,Decision - Unanimous,3,5:00,3 Rnd (5-5-5),Jose Quinonez,Carlos Huachin
a5acaa5f693529dd,Decision - Unanimous,3,5:00,3 Rnd (5-5-5),Christos Giagos,Damir Hadzovic
4fb2c181e8fd5910,Decision - Split,3,5:00,3 Rnd (5-5-5),Tito Ortiz,Vitor Belfort
c317f85a8266313e,KO/TKO,3,1:03,3 Rnd (5-5-5),Muslim Salikhov,Andre Fialho
493b7a8e3253b133,Decision - Unanimous,3,5:00,3 Rnd (5-5-5),Cub Swanson,Dustin Poirier
1b1d1900b4051344,Decision - Split,3,5:00,3 Rnd (5-5-5),Zak Ottow,Kiichi Kunimoto
acc7392d48cc09a0,Decision - Split,3,5:00,3 Rnd (5-5-5),Christian Rodriguez,Isaac Dulgarian
24438a644b975751,KO/TKO,2,4:05,5 Rnd (5-5-5-5-5),Luke Rockhold,David Branch
205ad947e8c94901,Decision - Unanimous,3,5:00,3 Rnd (5-5-5),Marcin Tybura,Andrei Arlovski
7fa227a1c5ef2238,Decision - Majority,3,5:00,3 Rnd (5-5-5),Miesha Tate,Sara McMann
b70313eae7c24b27,Decision - Unanimous,3,5:00,3 Rnd (5-5-5),Javid Basharat,Trevin Jones
4dc5a41f357a7d85,Decision - Unanimous,3,5:00,3 Rnd (5-5-5),Grant Dawson,Damir Ismagulov
99d98a2d278bfa1f,Submission,1,12:27,1 Rnd (20),Marco Ruas,Remco Pardoel
e686df21c24c6c03,Decision - Unanimous,3,5:00,3 Rnd (5-5-5),Randy Brown,Mickey Gall
fef433a7cb7a2029,Decision - Unanimous,3,5:00,3 Rnd (5-5-5),Sean Sherk,Nick Diaz
252074c8554bf30d,Decision - Unanimous,5,5:00,5 Rnd (5-5-5-5-5),Germaine de Randamie,Holly Holm
40cc0ccf580a4836,Decision - Unanimous,3,5:00,3 Rnd (5-5-5),Joseph Benavidez,Ian McCall
d6389fa434e86916,Decision - Split,3,5:00,3 Rnd (5-5-5),Jessin Ayari,Jim Wallhead
58e5fc1914c4e641,Decision - Unanimous,3,5:00,3 Rnd (5-5-5),Tecia Pennington,Carla Esparza
3b020d4914b44fc8,KO/TKO,1,2:50,No Time Limit,Orlando Wiet,Robert Lucarelli
f1eca70738ca073e,Submission,3,4:54,3 Rnd (5-5-5),King Green,Tony Ferguson
aa7b1fca60a21f3a,KO/TKO,1,4:20,5 Rnd (5-5-5-5-5),Darren Till,Donald Cerrone
85168b8d99f7ce42,Decision - Split,3,5:00,3 Rnd (5-5-5),Mike de la Torre,Yui Chul Nam
a104c62f69ce47de,Decision - Split,3,5:00,3 Rnd (5-5-5),Robert Peralta,Rony Jason
1f64e532f942ef57,Submission,1,3:53,3 Rnd (5-5-5),Krzysztof Soszynski,Brian Stann
df16b9c2fc9722e9,Decision - Unanimous,3,5:00,3 Rnd (5-5-5),Damon Jackson,Charles Rosa
e86a77b69d50a834,KO/TKO,1,2:53,3 Rnd (5-5-5),Dustin Poirier,King Green
21ebc940f3dfde82,Decision - Unanimous,3,5:00,3 Rnd (5-5-5),Steven Siler,Josh Clopton
8a1678a54dc82206,Decision - Unanimous,3,5:00,3 Rnd (5-5-5),Ricardo Lamas,Hatsu Hioki
5311298f79414125,Decision - Unanimous,3,5:00,3 Rnd (5-5-5),Marc-Andre Barriault,Eryk Anders
6e559181bfbc77e1,Decision - Split,5,5:00,5 Rnd (5-5-5-5-5),Josh Emmett,Calvin Kattar
fdb4ea9783c4452a,KO/TKO,1,1:59,3 Rnd (5-5-5),Andrei Arlovski,Vladimir Matyushenko
6ab9d2d334f613c8,Decision - Unanimous,5,5:00,5 Rnd (5-5-5-5-5),Joanna Jedrzejczyk,Claudia Gadelha
1b204fc28bb023e6,Decision - Unanimous,3,5:00,3 Rnd (5-5-5),Armen Petrosyan,AJ Dobson
60f53ad3f114da6e,Submission,1,2:05,3 Rnd (5-5-5),Daniel Pineda,Mackens Semerzier
81bb4d9b214adf4b,KO/TKO,1,3:04,3 Rnd (5-5-5),Da Woon Jung,Kennedy Nzechukwu
9bc18b63b07bb328,KO/TKO,1,1:28,3 Rnd (5-5-5),Marcos Rogerio de Lima,Ben Sosoli
b29d4e0117776bb3,Decision - Unanimous,3,5:00,3 Rnd (5-5-5),Rustam Khabilov,Norman Parke
e5a88f5c686173c4,Decision - Unanimous,3,5:00,3 Rnd (5-5-5),Lone'er Kavanagh,Felipe dos Santos
453283e947919ff7,KO/TKO,1,4:06,3 Rnd (5-5-5),Michael Morales,Trevin Giles
cc73c73e6e3412d4,Submission,1,3:36,3 Rnd + OT (5-5-5-5),Juan Espino,Justin Frazier
aac887ea8a83d7a4,KO/TKO,1,1:56,3 Rnd (5-5-5),Josh Barnett,Frank Mir
2d7f29ec900a8948,Decision - Unanimous,3,5:00,3 Rnd (5-5-5),Amanda Ribas,Mackenzie Dern
2fb1abeb337e0ccc,KO/TKO,2,4:56,3 Rnd (5-5-5),Vicente Luque,Randy Brown
f2fb049980631302,Decision - Unanimous,3,5:00,3 Rnd (5-5-5),Taila Santos,Gillian Robertson
c7be6a466d1d0a1e,KO/TKO,1,4:38,3 Rnd (5-5-5),Lavar Johnson,Pat Barry
ddcfa590f4644240,Decision - Unanimous,3,5:00,3 Rnd (5-5-5),Grant Dawson,Julian Erosa
208c5dc52ccfd47a,Decision - Split,3,5:00,3 Rnd (5-5-5),Julian Erosa,Steven Peterson
b633d9d9626239ec,KO/TKO,1,2:20,1 Rnd + OT (15-3),Mark Coleman,Brian Johnston
581292ffe5b09344,Submission,1,2:29,3 Rnd (5-5-5),Francis Marshall,Erik Silva
96919cf8d3e988ff,Decision - Unanimous,3,5:00,3 Rnd (5-5-5),Montana De La Rosa,Mara Romero Borella
4ead27d52c14697a,Submission,2,0:57,3 Rnd (5-5-5),Mitch Clarke,Al Iaquinta
5095f6290670009d,KO/TKO,1,3:18,3 Rnd (5-5-5),Gregory Rodrigues,Julian Marquez
5f7a1ba6e016b249,Decision - Unanimous,3,5:00,3 Rnd (5-5-5),TJ Dillashaw,Walel Watson
bc0779b232828e67,Submission,3,1:33,3 Rnd (5-5-5),Reza Madadi,Michael Johnson
f963d716384153ff,KO/TKO,4,0:35,5 Rnd (5-5-5-5-5),TJ Dillashaw,Renan Barao
f22d193f3ab42bc5,Submission,3,3:58,3 Rnd (5-5-5),Max Holloway,Cub Swanson
3846db1456151f80,Submission,1,3:13,3 Rnd (5-5-5),Sergio Moraes,Neil Magny
de41ca23c9a13bfb,Decision - Unanimous,3,5:00,3 Rnd (5-5-5),Ivan Menjivar,Nick Pace
120d66cb0da0f3c3,KO/TKO,3,2:36,3 Rnd (5-5-5),Fatima Kline,Melissa Martinez
4c0adccb34c1d995,Decision - Unanimous,3,5:00,3 Rnd (5-5-5),Brad Katona,Jesse Butler
4047c2e259529179,Submission,1,2:25,3 Rnd (5-5-5),Vanessa Demopoulos,Silvana Gomez Juarez
856468ba24a37fcc,KO/TKO,1,3:08,5 Rnd (5-5-5-5-5),Sergei Pavlovich,Curtis Blaydes
89dd4c256ca5d317,Decision - Unanimous,3,5:00,3 Rnd (5-5-5),Giga Chikadze,Omar Morales
4dac5258f22be059,Decision - Unanimous,3,5:00,3 Rnd (5-5-5),Ange Loosa,AJ Fletcher
d3f26e0fbf694375,Submission,2,0:52,3 Rnd (5-5-5),Anthony Pettis,Michael Chiesa
bfef39e6493f6487,KO/TKO,4,0:54,5 Rnd (5-5-5-5-5),Carlos Condit,Martin Kampmann
7e7fba47f511f8ad,KO/TKO,1,2:10,3 Rnd (5-5-5),Galore Bofando,Charlie Ward
a38648a1c190f9be,KO/TKO,3,2:20,3 Rnd (5-5-5),Rafael Fiziev,Brad Riddell
eee7f546c126ee8b,KO/TKO,1,0:30,3 Rnd (5-5-5),Marc Diakiese,Teemu Packalen
2ea1f463620bcd3d,Decision - Unanimous,3,5:00,3 Rnd (5-5-5),Dennis Bermudez,Te Edwards
128e818254ebfabe,Submission,2,2:11,3 Rnd (5-5-5),Gregor Gillespie,Jason Gonzalez
8062a7852a8b1560,Submission,1,3:28,3 Rnd (5-5-5),Matt Hughes,Joe Riggs
44cd8c9f622e155f,Decision - Unanimous,3,5:00,3 Rnd (5-5-5),Michelle Montague,Luana Carolina
43e5f75fe9cedafd,Submission,1,3:10,3 Rnd (5-5-5),Mike Nickels,Wes Combs
19706d8ba0edf9cd,Decision - Split,3,5:00,3 Rnd (5-5-5),William Gomis,Joanderson Brito
5c3542260741c6bc,Submission,1,4:03,1 Rnd + OT (12-3),Vitor Belfort,Joe Charles
0bdc4e7ce6687367,KO/TKO,5,3:09,5 Rnd (5-5-5-5-5),Cain Velasquez,Junior Dos Santos
74b8a36293758342,Submission,2,3:28,3 Rnd (5-5-5),Ricky Simon,Jack Shore
ef86720364837f68,Decision - Unanimous,3,5:00,3 Rnd (5-5-5),Ryan LaFlare,Alex Garcia
096d656048f85b18,KO/TKO,2,0:50,3 Rnd (5-5-5),Edwin Figueroa,Jason Reinhardt
fdc82a98c68588c4,Decision - Unanimous,3,5:00,3 Rnd (5-5-5),Evan Dunham,Shamar Bailey
f858f91453555291,KO/TKO,1,3:33,3 Rnd (5-5-5),Gabriel Benitez,Charlie Ontiveros
5cd1869013741767,KO/TKO,3,1:44,5 Rnd (5-5-5-5-5),Giga Chikadze,Edson Barboza
704adfae22d0dfb8,KO/TKO,2,1:02,3 Rnd (5-5-5),Myles Jury,Ramsey Nijem
e50857173607d631,Submission,1,3:29,3 Rnd (5-5-5),Jim Miller,Jared Gordon
f71d46f804307bd2,Decision - Unanimous,3,5:00,3 Rnd (5-5-5),Elias Theodorou,Trevor Smith
6190569c372725bf,Decision - Unanimous,3,5:00,3 Rnd (5-5-5),Aaron Riley,Joe Brammer
7ddd21d48e3b34b9,Submission,2,1:50,3 Rnd (5-5-5),Paige VanZant,Rachael Ostovich
47f42aa7cf851a29,Decision - Unanimous,5,5:00,5 Rnd (5-5-5-5-5),Kamaru Usman,Demian Maia
a25633b1494f1360,Decision - Unanimous,3,5:00,3 Rnd (5-5-5),David Teymur,Nik Lentz
357ba2f1da89031b,KO/TKO,1,4:57,3 Rnd (5-5-5),Jason Saggo,Josh Shockley
b6464850da8f3099,Decision - Unanimous,3,5:00,3 Rnd (5-5-5),Colby Covington,Dong Hyun Kim
144b0c1dd6c909f3,Decision - Unanimous,3,5:00,3 Rnd (5-5-5),Islam Makhachev,Chris Wade
d9df78e82953bfe5,Decision - Unanimous,3,5:00,3 Rnd (5-5-5),Chris Camozzi,Luiz Cane
9d72aaaf34e5b512,Decision - Unanimous,3,5:00,3 Rnd (5-5-5),Jared Rosholt,Timothy Johnson
be73f75b52b06f14,Decision - Unanimous,3,5:00,3 Rnd (5-5-5),Javid Basharat,Tony Gravely
a1a5d06b0e7ada62,KO/TKO,2,4:30,3 Rnd (5-5-5),Billy Quarantillo,Alexander Hernandez
8b9bdacca749ec90,KO/TKO,2,2:06,5 Rnd (5-5-5-5-5),Alexander Volkov,Alistair Overeem
8e1ae2ae6694b131,KO/TKO,3,2:26,3 Rnd (5-5-5),Sarah Moras,Liana Jojua
cd055be419f77f3e,Submission,1,2:47,3 Rnd (5-5-5),Steven Siler,Joey Gambino
32375b4435fea5e6,Decision - Split,3,5:00,3 Rnd (5-5-5),Chepe Mariscal,Morgan Charriere
8887948f0c097cd8,KO/TKO,1,1:59,No Time Limit,Keith Hackney,Emmanuel Yarborough
e600b78e5a652dc0,Decision - Unanimous,3,5:00,3 Rnd (5-5-5),Victoria Leonardo,Mandy Bohm
c6a5ed1127cbc9b9,Decision - Unanimous,3,5:00,3 Rnd (5-5-5),Eliot Marshall,Vinny Magalhaes
ca17e1385ef98e57,Decision - Unanimous,3,5:00,3 Rnd (5-5-5),Rafael Dos Anjos,Donald Cerrone
bdaca0a96d44438a,Submission,3,2:58,3 Rnd (5-5-5),Gerald Meerschaert,Dustin Stoltzfus
6f0f84075fa1a4b0,KO/TKO,3,0:49,5 Rnd (5-5-5-5-5),Derrick Lewis,Rodrigo Nascimento
be0af5916c8e8e99,Decision - Unanimous,3,5:00,3 Rnd (5-5-5),Danny Roberts,Dominique Steele
b951f2d4080ef172,Decision - Unanimous,3,5:00,3 Rnd (5-5-5),Takeya Mizugaki,Nam Phan
9c1a2ac64c98d2f6,KO/TKO,1,3:04,3 Rnd (5-5-5),Alex Caceres,Julian Erosa
3760216f68f448b7,KO/TKO,2,0:23,3 Rnd (5-5-5),Diego Rivas,Noad Lahat
08c5dcd426dea606,Decision - Split,3,5:00,3 Rnd (5-5-5),Brad Blackburn,Edgar Garcia
4478ee77a647ae9d,Decision - Split,3,5:00,3 Rnd (5-5-5),Roman Dolidze,John Allan
f8df4cb5f22656c0,Decision - Split,3,5:00,3 Rnd (5-5-5),Alessio Di Chirico,Garreth McLellan
4c5a2a3cf2bea222,Submission,2,2:02,3 Rnd (5-5-5),Chris Lytle,Matt Brown
6c44af21414e4143,Submission,4,3:38,5 Rnd (5-5-5-5-5),Dricus Du Plessis,Israel Adesanya
28c33e9353dac666,Decision - Unanimous,3,5:00,3 Rnd (5-5-5),Henry Cejudo,Chico Camus
b4e2037f180c1e0e,Decision - Split,3,5:00,3 Rnd (5-5-5),Daniel Marcos,Davey Grant
a4d8e991ec42b048,KO/TKO,2,0:38,1 Rnd + OT (12-3),Pete Williams,Mark Coleman
5f444eac11e55161,KO/TKO,1,2:04,3 Rnd (5-5-5),Douglas Silva de Andrade,Gaetano Pirrello
cf258c17234d649e,Decision - Unanimous,3,5:00,3 Rnd (5-5-5),Felipe Lima,Miles Johns
43f6b0c40113d0d8,KO/TKO,1,1:53,1 Rnd (20),David Abbott,Paul Varelans
d9decf169a2da676,Submission,1,3:39,3 Rnd (5-5-5),Nate Diaz,Alvin Robinson
b516beb27416e492,Decision - Unanimous,3,5:00,3 Rnd (5-5-5),Masanori Kanehara,Alex Caceres
75a978e0ecce2536,KO/TKO,2,3:10,3 Rnd (5-5-5),Siyar Bahadurzada,Rob Wilkinson
2711e57bbef4d928,KO/TKO,2,0:17,3 Rnd (5-5-5),Aaron Simpson,Ed Herman
c1d2ce95229cdbd9,Decision - Unanimous,3,5:00,3 Rnd (5-5-5),Ryan LaFlare,Court McGee
fd0c847858bd346f,Submission,1,2:58,3 Rnd (5-5-5),Dennis Hallman,John Makdessi
3b63f4fb24694d74,Decision - Majority,3,5:00,3 Rnd (5-5-5),Matt Serra,Yves Edwards
fa5244817650f401,Decision - Unanimous,3,5:00,3 Rnd (5-5-5),Wilson Reis,Dustin Ortiz
94560d1dc6248347,Decision - Unanimous,3,5:00,3 Rnd (5-5-5),Miranda Granger,Hannah Goldy
8d26509990b6e518,Submission,1,3:33,3 Rnd (5-5-5),Shannon Gugerty,Dale Hartt
0b217fc503bd0585,Decision - Split,3,5:00,3 Rnd (5-5-5),Rashad Evans,Michael Bisping
62dd8808ce397fa6,Submission,1,4:31,3 Rnd (5-5-5),Kenny Florian,Din Thomas
c445401709421fa4,Decision - Unanimous,3,5:00,3 Rnd (5-5-5),Thomas Petersen,Don'Tale Mayes
fef6b147d5fb90bd,KO/TKO,3,0:30,3 Rnd (5-5-5),Chad Mendes,Clay Guida
93a1cd50374397c0,Decision - Unanimous,3,5:00,3 Rnd (5-5-5),Luis Saldana,Jordan Griffin
0d4927585d0480fc,Decision - Split,3,5:00,3 Rnd (5-5-5),Jamie Varner,Melvin Guillard
873306ad79b62f5e,KO/TKO,1,4:55,3 Rnd (5-5-5),Kai Kara-France,Rogerio Bontorin
10b31e991c2d0d4e,KO/TKO,3,4:09,3 Rnd (5-5-5),Hakeem Dawodu,Yoshinori Horie
3f810c3433dddb80,TKO - Doctor's Stoppage,3,3:37,3 Rnd (5-5-5),Vicente Luque,Niko Price
c365a488a8de3c89,Decision - Unanimous,3,5:00,3 Rnd (5-5-5),Francimar Barroso,Darren Stewart
b7419e18d9461277,KO/TKO,2,2:42,3 Rnd (5-5-5),Pat Miletich,Shonie Carter
a09bfdaa83d99efb,KO/TKO,1,1:33,3 Rnd (5-5-5),Dooho Choi,Sam Sicilia
69279781a89c893e,Decision - Unanimous,3,5:00,3 Rnd (5-5-5),Christos Giagos,Mizuto Hirota
b1e7100c2ab1ab79,Submission,1,3:46,3 Rnd (5-5-5),Anthony Perosh,Guto Inocente
eda1e8c285a0a788,KO/TKO,2,3:17,3 Rnd (5-5-5),Jiri Prochazka,Aleksandar Rakic
77acb96700e89c92,KO/TKO,2,4:52,3 Rnd (5-5-5),Denis Tiuliulin,Jamie Pickett
91093a019d32af2e,KO/TKO,3,0:56,3 Rnd (5-5-5),Khalil Rountree Jr.,Anthony Smith
a9660625bab5d4a3,Decision - Unanimous,5,5:00,5 Rnd (5-5-5-5-5),Fabricio Werdum,Travis Browne
cf13dd810b2bd061,KO/TKO,1,0:52,3 Rnd (5-5-5),Steve Bosse,James Te Huna
a3935c950c40462b,Decision - Unanimous,3,5:00,3 Rnd (5-5-5),Roy Nelson,Jared Rosholt
16dcd55681f990c0,Submission,1,1:50,3 Rnd (5-5-5),Tyson Griffin,David Lee
dd7f3f91ea6067d4,Decision - Unanimous,3,5:00,3 Rnd (5-5-5),Montserrat Conejo Ruiz,Cheyanne Vlismas
760150e9951e65fa,Decision - Split,3,5:00,3 Rnd (5-5-5),Norma Dumont,Ketlen Vieira
c3b6aa47e7532a7b,KO/TKO,2,4:32,3 Rnd (5-5-5),Serghei Spivac,Jared Vanderaa
c8ec6fd9aa2dcc23,Decision - Split,3,5:00,3 Rnd (5-5-5),Rashad Evans,Dan Henderson
87ac0e5face106b4,KO/TKO,3,0:55,3 Rnd (5-5-5),Yousri Belgaroui,Azamat Bekoev
017a825c7820d12e,Decision - Unanimous,3,5:00,3 Rnd (5-5-5),Davey Grant,Da'Mon Blackshear
07b357090cc91c2c,Decision - Unanimous,3,5:00,3 Rnd (5-5-5),Elijah Smith,Vince Morales
4eb91cfc892a108e,Decision - Unanimous,3,5:00,3 Rnd (5-5-5),Israel Adesanya,Anderson Silva
800a35b3a7e52308,Decision - Split,3,5:00,3 Rnd (5-5-5),Alex Pereira,Jan Blachowicz
964ea1777695851b,Submission,1,1:09,3 Rnd (5-5-5),Mansur Abdul-Malik,Antonio Trocoli
3e1c27f17433f9e4,KO/TKO,1,2:12,3 Rnd (5-5-5),Tyson Pedro,Anton Turkalj
f3fb4be38377e1e9,Submission,1,2:17,3 Rnd (5-5-5),Ray Borg,Shane Howell
53b480b44b0b51f1,KO/TKO,1,1:07,3 Rnd (5-5-5),Tai Tuivasa,Greg Hardy
8e87b33bea7c5da9,Decision - Split,3,5:00,3 Rnd (5-5-5),Hans Stringer,Francimar Barroso
149a0b38fa02e647,Decision - Split,3,5:00,3 Rnd (5-5-5),Dennis Bermudez,Max Holloway
849eb47d349f3fe4,Decision - Unanimous,3,5:00,3 Rnd (5-5-5),Islam Makhachev,Davi Ramos
3333fdbe86a763fb,KO/TKO,3,0:41,3 Rnd (5-5-5),Robert Whittaker,Colton Smith
987b6b4f7825e40e,Submission,3,4:19,3 Rnd (5-5-5),Pete Sell,Phil Baroni
3cf6583153078f8f,KO/TKO,1,0:08,1 Rnd (10),Don Frye,Thomas Ramirez
73c07530f667289f,Decision - Split,3,3:00,1 Rnd + 2OT (15-3-3),Bas Rutten,Kevin Randleman
6feb49a6b7e8433c,Submission,2,0:40,3 Rnd (5-5-5),Alberto Montes,Ricky Turcios
aaad7e29825b3264,Decision - Unanimous,3,5:00,3 Rnd (5-5-5),Omari Akhmedov,Tim Boetsch
866729ea2ceddb25,KO/TKO,1,3:46,3 Rnd (5-5-5),Alex Perez,Jose Torres
6b3038fe26a57b80,Submission,1,1:58,3 Rnd (5-5-5),Joe Lauzon,Curt Warburton
61bf6748cf85eb84,Submission,3,4:12,3 Rnd (5-5-5),Nathaniel Wood,Andre Ewell
70b8dca3addcf4de,Decision - Unanimous,3,5:00,3 Rnd (5-5-5),Vinicius Oliveira,Said Nurmagomedov
7b13fdc889028e66,Decision - Split,3,5:00,3 Rnd (5-5-5),Gleison Tibau,Jamie Varner
3b209a2aee014ac2,KO/TKO,3,1:30,3 Rnd (5-5-5),Francisco Trinaldo,Jai Herbert
5bcd8abf6da01dae,Decision - Unanimous,5,5:00,5 Rnd (5-5-5-5-5),Nassourdine Imavov,Caio Borralho
1c85f793ea4f9caa,Submission,2,0:49,3 Rnd (5-5-5),Yancy Medeiros,Sean Spencer
9f7c28381b6913c8,Decision - Split,3,5:00,3 Rnd (5-5-5),Andre Petroski,Gerald Meerschaert
febea68b205f6273,Decision - Unanimous,3,5:00,3 Rnd (5-5-5),Wilson Reis,Yuta Sasaki
c3ef9edf73626521,Decision - Unanimous,3,5:00,3 Rnd (5-5-5),Luana Carolina,Lucie Pudilova
61d6b591430b6e25,KO/TKO,2,1:37,3 Rnd (5-5-5),Darren Till,Wendell Oliveira Marques
4dd561df1ca58ab8,Decision - Unanimous,3,5:00,3 Rnd (5-5-5),Daniel Cormier,Frank Mir
e1d33aa47b35d021,Decision - Unanimous,3,5:00,3 Rnd (5-5-5),Khabib Nurmagomedov,Abel Trujillo
2220b73ece1730c3,Decision - Unanimous,3,5:00,3 Rnd (5-5-5),Omar Morales,Shane Young
e82d734674ce4d46,Submission,1,2:18,3 Rnd (5-5-5),Charles Oliveira,Clay Guida
c19f394f3c237789,KO/TKO,1,4:54,3 Rnd (5-5-5),Ovince Saint Preux,Patrick Cummins
cc6934588298958e,Decision - Split,3,5:00,3 Rnd (5-5-5),Akira Corassani,Andy Ogle
af2a9d47ca8115e4,KO/TKO,2,4:56,3 Rnd (5-5-5),Alessandro Costa,Stewart Nicoll
c63d8062c89c4c33,KO/TKO,1,4:36,3 Rnd (5-5-5),Adam Fugitt,Yusaku Kinoshita
cf4c2b601c2228aa,Decision - Unanimous,3,5:00,3 Rnd (5-5-5),Curtis Blaydes,Daniel Omielanczuk
621e6f0929a3dbfc,Decision - Unanimous,3,5:00,3 Rnd (5-5-5),Marlon Vera,Pedro Munhoz
3b8e793ed8151a51,Decision - Unanimous,3,5:00,3 Rnd (5-5-5),Jim Miller,Mark Bocek
21d6db22c6089308,Submission,1,2:29,3 Rnd (5-5-5),Nikita Krylov,Marcos Rogerio de Lima
9b5f190cd3f5ce16,KO/TKO,1,0:16,3 Rnd (5-5-5),Benoit Saint Denis,Beneil Dariush
a5200c9bac3c420b,Decision - Unanimous,1,15:00,1 Rnd (15),Jerry Bohlander,Fabio Gurgel
014a3acf91ada8af,KO/TKO,1,1:00,3 Rnd (5-5-5),Oluwale Bamgbose,Daniel Sarafian
2060e8172f820d80,Decision - Split,3,5:00,3 Rnd (5-5-5),Jessica-Rose Clark,Bec Rawlings
5be63144ac46f97e,Submission,1,2:58,3 Rnd (5-5-5),Chase Hooper,Jordan Leavitt
a63bb85cc39389c7,Submission,1,4:49,3 Rnd (5-5-5),Julian Erosa,Christian Rodriguez
574b4599ae9cb64e,KO/TKO,2,2:04,3 Rnd (5-5-5),Dennis Siver,Naoyuki Kotani
f09912e9d8eaa968,Decision - Unanimous,3,5:00,3 Rnd (5-5-5),Alex Morono,David Zawada
2cbba9394114edb5,KO/TKO,1,2:23,3 Rnd (5-5-5),Tito Ortiz,Ken Shamrock
478a637045ad49fb,KO/TKO,2,2:12,3 Rnd (5-5-5),Hyder Amil,Fernie Garcia
1ceab8fa45996f51,Decision - Unanimous,3,1:38,3 Rnd (5-5-5),Martin Buday,Chris Barnett
ad59540382d5b7f6,Decision - Unanimous,3,5:00,3 Rnd (5-5-5),Derek Brunson,Elias Theodorou
d44d735e5079bfb8,Decision - Unanimous,3,5:00,3 Rnd (5-5-5),Mason Jones,David Onama
a2bd4c46f89f19ae,Decision - Unanimous,3,5:00,3 Rnd (5-5-5),Matt Wiman,Isaac Vallie-Flagg
52125c3e41a1bd1e,TKO - Doctor's Stoppage,1,5:00,3 Rnd (5-5-5),Spencer Fisher,Aaron Riley
c163ed45c21c8548,Decision - Unanimous,3,5:00,3 Rnd (5-5-5),Irene Aldana,Vanessa Melo
db4c169722cf1e33,KO/TKO,1,2:12,1 Rnd (20),Dave Beneteau,Todd Medina
d0ee52e17db605ab,KO/TKO,1,4:17,3 Rnd (5-5-5),Alberto Mina,Shinsho Anzai
50ffbc85d3c50604,Decision - Unanimous,3,5:00,3 Rnd (5-5-5),Stephan Bonnar,Kyle Kingsbury
6bb2a427004deecc,KO/TKO,1,1:23,1 Rnd + OT (12-3),Marcelo Mello,David Roberts
b06b43670238c2d8,Decision - Unanimous,5,5:00,5 Rnd (5-5-5-5-5),Alexander Volkanovski,Diego Lopes
bcd1e1d71a172d53,Decision - Unanimous,3,5:00,3 Rnd (5-5-5),Gunnar Nelson,Takashi Sato
c87d2569da8d4305,Submission,3,4:46,3 Rnd (5-5-5),Antonio Carlos Junior,Leonardo Guimaraes
9e6f956caa7b549b,KO/TKO,3,5:00,5 Rnd (5-5-5-5-5),Tito Ortiz,Ken Shamrock
301f230c90c4bd7d,Submission,1,4:27,3 Rnd (5-5-5),Jailton Almeida,Anton Turkalj
81de3929330076d2,KO/TKO,2,0:30,3 Rnd (5-5-5),Jeremiah Wells,Warlley Alves
a0dfc397caef4afe,DQ,2,0:43,3 Rnd (5-5-5),Amaury Bitetti,Alex Andrade
7bc7af11050e861b,Decision - Unanimous,3,5:00,3 Rnd (5-5-5),Philipe Lins,Ion Cutelaba
ce0748519d5ea5c6,KO/TKO,2,3:00,5 Rnd (5-5-5-5-5),Alistair Overeem,Walt Harris
05f1e8ff81dbe05b,KO/TKO,1,2:59,3 Rnd (5-5-5),Mike Rodriguez,Adam Milstead
e257f0f5224ef6ab,Decision - Unanimous,3,5:00,3 Rnd (5-5-5),John Dodson,Tim Elliott
7e4b7a70838e5ba4,Submission,1,1:18,3 Rnd (5-5-5),Francisco Figueiredo,Daniel Lacerda
827c64369b374989,Submission,3,1:50,3 Rnd (5-5-5),Wes Schultz,Ben Johnston
84951374e4cdc679,Decision - Unanimous,3,5:00,3 Rnd (5-5-5),Rafa Garcia,Alexander Hernandez
d29750cee389a0b9,Decision - Unanimous,3,5:00,3 Rnd (5-5-5),Anderson Silva,Derek Brunson
c4f443509308dec6,KO/TKO,3,0:58,3 Rnd (5-5-5),Juan Adams,Chris de la Rocha
d785f22c4cc99a3d,Decision - Unanimous,3,5:00,3 Rnd (5-5-5),Michael Johnson,Edson Barboza
57d04160f5438654,Submission,1,2:38,3 Rnd (5-5-5),Tim Means,Thiago Alves
6ddabf12abd6fe25,KO/TKO,2,3:22,3 Rnd (5-5-5),Brandon Vera,Fabiano Scherner
760e3f292b834637,Decision - Unanimous,3,5:00,3 Rnd (5-5-5),Darren Elkins,Tristan Connelly
b46679306287ea79,KO/TKO,3,0:44,3 Rnd (5-5-5),Nate Quarry,Pete Sell
3bd20b66b585d621,Decision - Unanimous,3,5:00,3 Rnd (5-5-5),Jake Matthews,Emil Meek
678eda89a096dde8,Decision - Unanimous,3,5:00,3 Rnd (5-5-5),Bruna Brasil,Molly McCann
1bf7f647f309464e,Submission,1,4:21,3 Rnd (5-5-5),Felipe Arantes,Yves Jabouin
0a083ab881ef3a5f,KO/TKO,1,4:44,3 Rnd (5-5-5),Karo Parisyan,Nick Thompson
edeba52fc9b2855f,Submission,2,3:27,3 Rnd (5-5-5),Krzysztof Soszynski,Shane Primm
c6b040021b4ceb0f,KO/TKO,1,2:58,3 Rnd (5-5-5),Alexandre Pantoja,Wilson Reis
798ca95afb5875ef,KO/TKO,1,3:53,3 Rnd (5-5-5),Matt Hamill,Mark Munoz
8167500af262bba5,KO/TKO,3,1:54,3 Rnd (5-5-5),Eddie Wineland,Frankie Saenz
88c6e7f71b79fd65,Decision - Unanimous,3,5:00,3 Rnd (5-5-5),Raquel Pennington,Aspen Ladd
eba86a4ea6128840,KO/TKO,1,4:13,3 Rnd (5-5-5),John Dodson,Darrell Montague
995d42d9ff422ed1,Submission,1,2:37,3 Rnd (5-5-5),Demian Maia,Chael Sonnen
b72acedda7ddc006,Submission,1,3:07,No Time Limit,Johnny Rhodes,Fred Ettish
5b6451f3f83c719c,Decision - Unanimous,3,5:00,3 Rnd (5-5-5),Scott Holtzman,Cody Pfister
4496c2fa6aaccba6,Decision - Unanimous,5,5:00,5 Rnd (5-5-5-5-5),Demetrious Johnson,John Dodson
7dc87736c304b3dd,Decision - Split,3,5:00,3 Rnd (5-5-5),Dwight Grant,Alan Jouban
ad878cdd4fa36a3a,KO/TKO,1,1:36,3 Rnd (5-5-5),Kyle Nelson,Marco Polo Reyes
5b2835ac76f05993,Decision - Split,3,5:00,3 Rnd (5-5-5),Edmen Shahbazyan,Darren Stewart
991680cd8d0b7900,Decision - Unanimous,3,5:00,3 Rnd (5-5-5),Evan Dunham,Joe Lauzon
22e7485bceb841af,KO/TKO,3,4:50,3 Rnd (5-5-5),Cody Garbrandt,Marcus Brimage
293c5f4c9aca5c54,KO/TKO,1,4:16,3 Rnd (5-5-5),Michal Oleksiejczuk,Chidi Njokuani
2bb3a036759d79f2,Decision - Unanimous,3,5:00,3 Rnd (5-5-5),Anthony Njokuani,John Makdessi
2aff05a835ed715e,Submission,1,1:09,3 Rnd (5-5-5),Mitch Gagnon,Walel Watson
e516a0e035fd57f7,Decision - Unanimous,3,5:00,3 Rnd (5-5-5),Chad Mendes,Rani Yahya
f10c2c84652ef573,KO/TKO,3,0:44,3 Rnd (5-5-5),Azamat Murzakanov,Tafon Nchukwi
11a83369d49ad138,KO/TKO,3,2:38,3 Rnd (5-5-5),Ronnie Lawrence,Vince Cachero
80c4f70b7f7a1945,KO/TKO,1,4:38,3 Rnd (5-5-5),Jacare Souza,Vitor Belfort
dfa692db6d39330c,KO/TKO,1,0:26,5 Rnd (5-5-5-5-5),Joshua Van,Alexandre Pantoja
670db5afcb26df7c,KO/TKO,3,4:39,3 Rnd (5-5-5),Gabriel Gonzaga,Kevin Jordan
595557b808febe27,Decision - Unanimous,3,5:00,3 Rnd (5-5-5),Justine Kish,Nina Nunes
c565e2baa27cc7e5,Decision - Unanimous,3,5:00,3 Rnd (5-5-5),David Onama,Roberto Romero
0bf025d86cc2a409,Decision - Unanimous,3,5:00,3 Rnd (5-5-5),Luiz Cane,Steve Cantwell
8cf4836e2b43c241,Submission,3,3:24,3 Rnd (5-5-5),Irene Aldana,Bethe Correia
9072bf6135cad3e0,KO/TKO,1,1:44,3 Rnd (5-5-5),Walt Harris,Cyril Asker
e7861d4e2b29193f,TKO - Doctor's Stoppage,2,5:00,3 Rnd (5-5-5),Evan Dunham,Nik Lentz
15b1c7ddc4415fdd,Submission,2,1:09,3 Rnd (5-5-5),Tom Aspinall,Andrei Arlovski
b98ead4eff6bf872,Submission,2,4:36,3 Rnd (5-5-5),Alice Ardelean,Polyana Viana
98b7dd0ddc52cffb,Decision - Split,3,5:00,3 Rnd (5-5-5),Khalil Rountree Jr.,Dustin Jacoby
8e2e14693e04bf45,Decision - Split,3,5:00,3 Rnd (5-5-5),Melvin Guillard,Jeremy Stephens
dff2ef8fdde8c502,Decision - Split,3,5:00,3 Rnd (5-5-5),Shauna Bannon,Alice Ardelean
b4ec3e067604f90a,KO/TKO,2,0:39,3 Rnd (5-5-5),Jared Cannonier,David Branch
efa3f3c8945cad0a,KO/TKO,2,1:35,3 Rnd (5-5-5),Ross Pearson,Gray Maynard
f20bd0b549e1a97d,KO/TKO,1,0:11,3 Rnd (5-5-5),BJ Penn,Caol Uno
3b1aed7d00a775c6,Decision - Unanimous,3,5:00,3 Rnd (5-5-5),Alexander Gustafsson,Mauricio Rua
0fe3681eb934bdc3,KO/TKO,1,4:40,3 Rnd (5-5-5),Fabricio Werdum,Brandon Vera
0fe4e788b16c03cd,Decision - Unanimous,3,5:00,3 Rnd (5-5-5),Chuck Liddell,Amar Suloev
424a20da52b4f956,Decision - Unanimous,3,5:00,3 Rnd (5-5-5),Max Griffin,Mike Perry
253e42894852b26a,Decision - Unanimous,5,5:00,5 Rnd (5-5-5-5-5),Sergio Pettis,Brandon Moreno
3e020d62796a7ce3,Decision - Split,3,5:00,3 Rnd (5-5-5),Sean Strickland,Tom Breese
469f887278324e63,Decision - Unanimous,3,5:00,3 Rnd (5-5-5),Juliana Miller,Ivana Petrovic
224dce2c0b03e7eb,Submission,1,3:19,3 Rnd (5-5-5),Rei Tsuruya,Luis Gurule
189d14e4e1602c48,Decision - Unanimous,3,5:00,3 Rnd (5-5-5),Mike Guymon,Yoshiyuki Yoshida
3109d1151f149aaf,Decision - Unanimous,5,5:00,5 Rnd (5-5-5-5-5),Jose Aldo,Rob Font
0bc7e4852f75a06d,KO/TKO,2,3:15,3 Rnd (5-5-5),Shamil Abdurakhimov,Marcin Tybura
9c207acb12c17a67,Decision - Unanimous,3,5:00,3 Rnd + OT (5-5-5-5),SuYoung You,Baergeng Jieleyisi
94b1596c6ff9a25d,Decision - Split,5,5:00,5 Rnd (5-5-5-5-5),Alexander Volkanovski,Max Holloway
ca62a52ab0bd9108,TKO - Doctor's Stoppage,1,12:00,1 Rnd + OT (12-3),Mark Schultz,Gary Goodridge
04b7bcc0e8488604,Decision - Unanimous,3,5:00,3 Rnd (5-5-5),Serghei Spivac,Ante Delija
060dfbc982c6c4ef,Decision - Unanimous,3,5:00,3 Rnd (5-5-5),Damir Ismagulov,Thiago Moises
2ccecfdd7683043e,Submission,1,3:21,3 Rnd (5-5-5),Dustin Pague,Jared Papazian
1cf53a0b9db52ac6,Submission,1,0:57,3 Rnd (5-5-5),Ben Saunders,Joe Riggs
535b8e5494cbc580,Submission,2,2:42,3 Rnd (5-5-5),Julian Marquez,Darren Stewart
f1423b63d81c88ea,Submission,1,1:42,3 Rnd (5-5-5),Tim Hague,Pat Barry
58112f9fc0058e68,KO/TKO,1,0:33,3 Rnd (5-5-5),Todd Duffee,Anthony Hamilton
a3dd2249d046cf9d,KO/TKO,2,1:09,3 Rnd (5-5-5),Niko Price,Randy Brown
7a4e5bcd7336d203,Submission,1,1:43,3 Rnd (5-5-5),Charles Oliveira,Eric Wisely
0653b6227894cfd7,Submission,1,4:06,3 Rnd (5-5-5),Martin Kampmann,Drew McFedries
445d0d44091b902a,Decision - Split,3,5:00,3 Rnd (5-5-5),Kyung Ho Kang,Brandon Davis
e4fcad8261083dbf,KO/TKO,2,0:21,3 Rnd (5-5-5),Danny Castillo,Charlie Brenneman
7287b029f4596be7,Submission,1,2:33,3 Rnd (5-5-5),TJ Dillashaw,Vaughan Lee
98d6771af9b0ebe5,Decision - Split,3,5:00,3 Rnd (5-5-5),Andre Fili,Christian Rodriguez
c2a36e996bba3a4a,KO/TKO,1,3:48,3 Rnd (5-5-5),Kyoji Horiguchi,Jon Delos Reyes
36388dce4a8cc18f,Decision - Unanimous,3,5:00,3 Rnd (5-5-5),Gray Maynard,Fernando Bruno
069ab7e7b8b5d262,Decision - Unanimous,3,5:00,3 Rnd (5-5-5),Movsar Evloev,Diego Lopes
1f922cfe6178e830,Submission,1,3:20,3 Rnd (5-5-5),Renato Moicano,Brad Riddell
79da0eacafb22f86,Submission,2,1:12,3 Rnd (5-5-5),Brandon Davis,Randy Costa
db620510bbb3f0af,KO/TKO,3,3:24,3 Rnd (5-5-5),Gerald Harris,John Salter
b989d4d7e220b3c1,Decision - Unanimous,3,5:00,3 Rnd (5-5-5),Aiemann Zahabi,Pedro Munhoz
9e05fe95a4fc63bc,Decision - Unanimous,5,5:00,5 Rnd (5-5-5-5-5),Magomed Ankalaev,Alex Pereira
51d3be5e8aee5cd9,Submission,3,1:49,3 Rnd (5-5-5),Anthony Pettis,Charles Oliveira
26800d759ba50371,Submission,1,2:29,3 Rnd (5-5-5),Igor Pokrajac,James Irvin
7ba432e218edc17d,Submission,1,3:52,3 Rnd (5-5-5),Ailin Perez,Daria Zhelezniakova
2f5ced39b8208e46,KO/TKO,1,1:17,3 Rnd (5-5-5),Ryan Bader,Jason Brilz
a5155aef1093048b,Decision - Unanimous,3,5:00,3 Rnd (5-5-5),Marcus Davis,Shonie Carter
1e14e79a477f2357,KO/TKO,1,0:43,1 Rnd + OT (12-3),David Abbott,Hugo Duarte
99ac96bb67e5c5e4,Decision - Unanimous,3,5:00,3 Rnd (5-5-5),Andre Muniz,Uriah Hall
5f4e944ff1bdcd9c,Decision - Unanimous,3,5:00,3 Rnd (5-5-5),Matthew Semelsberger,Jake Matthews
e2433610f128d963,Decision - Unanimous,5,5:00,5 Rnd (5-5-5-5-5),Dominick Cruz,Demetrious Johnson
3e39829aedc9346f,Decision - Split,3,5:00,3 Rnd (5-5-5),Krzysztof Jotko,Scott Askham
57d7a683b85bb87b,KO/TKO,2,4:30,3 Rnd (5-5-5),Mauricio Ruffy,Rafael Fiziev
c28d40498150de90,KO/TKO,3,4:52,3 Rnd (5-5-5),Luana Carolina,Julija Stoliarenko
55f4c3598797ce6f,Decision - Unanimous,3,5:00,3 Rnd (5-5-5),Sergio Pettis,Will Campuzano
06854105c3503075,Decision - Unanimous,3,5:00,3 Rnd (5-5-5),Phil Davis,Glover Teixeira
a1029686c3f1bead,Decision - Unanimous,3,5:00,3 Rnd (5-5-5),Jai Herbert,Kyle Nelson
a196dce12754e34e,Submission,1,4:29,3 Rnd (5-5-5),Vaughan Lee,Norifumi Yamamoto
9afcb091777f6a83,KO/TKO,1,4:59,5 Rnd (5-5-5-5-5),Jose Aldo,Chad Mendes
77c78d0a71b10692,KO/TKO,2,4:06,3 Rnd (5-5-5),Dan Hooker,Claudio Puelles
3f719885c9916e06,Decision - Unanimous,3,5:00,3 Rnd (5-5-5),Angela Hill,Xiong Jingnan
f141416b02a31f4e,Submission,1,2:22,3 Rnd (5-5-5),Donald Cerrone,Dennis Siver
8935fc5943a78c20,Submission,3,4:11,3 Rnd (5-5-5),Mike Rio,John Cofer
7e047b195135ef06,Decision - Unanimous,3,5:00,3 Rnd (5-5-5),Viviane Araujo,Andrea Lee
05c8aeb2806be99c,Decision - Unanimous,5,5:00,5 Rnd (5-5-5-5-5),Jon Jones,Ovince Saint Preux
3b6c18a966a2cea4,Submission,1,2:12,3 Rnd (5-5-5),Jim Miller,Jason Gonzalez
b5e49b35bc25c5a9,KO/TKO,1,8:16,1 Rnd + OT (12-3),Randy Couture,Vitor Belfort
eebb4dde70a67369,Submission,1,4:26,5 Rnd (5-5-5-5-5),Aleksei Oleinik,Mark Hunt
44ad16cd4e6c93d7,Decision - Unanimous,3,5:00,3 Rnd (5-5-5),Cody McKenzie,Leonard Garcia
5f0aa841c21f7d30,Decision - Unanimous,3,5:00,3 Rnd (5-5-5),Cub Swanson,Dooho Choi
35d0ef51fede263c,Decision - Unanimous,3,5:00,3 Rnd (5-5-5),Jessica Eye,Viviane Araujo
81b7a6aa147bd912,Decision - Unanimous,3,5:00,3 Rnd (5-5-5),Norma Dumont,Chelsea Chandler
1e3c67921162561d,KO/TKO,2,2:14,3 Rnd (5-5-5),Alessio Di Chirico,Oluwale Bamgbose
1d26ceb1c995655e,KO/TKO,2,2:32,3 Rnd (5-5-5),Miguel Baeza,Hector Aldana
5d481ff494bf40da,Submission,1,0:59,3 Rnd (5-5-5),Gabriel Miranda,Shane Young
a3723f0f672b0912,Submission,1,3:56,3 Rnd (5-5-5),Joseph Morales,Robert Sanchez
76fd6919d828d5c2,Submission,2,1:48,3 Rnd (5-5-5),Pat Sabatini,Lucas Almeida
b97d2f97d109cfc8,KO/TKO,2,3:36,3 Rnd (5-5-5),Rafael Dos Anjos,Jason High
17404e252bdab9e7,Submission,1,4:40,3 Rnd (5-5-5),Rich Clementi,Melvin Guillard
fc3825dd1b67e39d,KO/TKO,2,3:48,3 Rnd (5-5-5),ChangHo Lee,Cortavious Romious
017e0b7e864b0aa3,Decision - Split,3,5:00,3 Rnd (5-5-5),Raquel Pennington,Irene Aldana
1cd8f5a107f64e39,Decision - Unanimous,3,5:00,3 Rnd (5-5-5),Rani Yahya,Kyung Ho Kang
1c2d0db1c9eed052,Decision - Unanimous,3,5:00,3 Rnd (5-5-5),Holly Holm,Yana Santos
eda397c27787afa4,KO/TKO,1,1:56,3 Rnd (5-5-5),Michal Oleksiejczuk,Sam Alvey
af51920a3e176995,Decision - Unanimous,3,5:00,3 Rnd (5-5-5),Dustin Poirier,Erik Koch
9abf0b60a44a82d1,Decision - Unanimous,3,5:00,3 Rnd (5-5-5),Rafael Estevam,Charles Johnson
be307e6647a655c8,Decision - Unanimous,3,5:00,3 Rnd (5-5-5),Cole Miller,Leonard Garcia
4e69c86d09c9f782,Decision - Split,3,5:00,3 Rnd (5-5-5),Brad Pickett,Mike Easton
93026e3763542c05,Decision - Unanimous,3,5:00,3 Rnd (5-5-5),Bryan Barberena,Warlley Alves
856f6ee049373843,Decision - Unanimous,5,5:00,5 Rnd (5-5-5-5-5),Islam Makhachev,Jack Della Maddalena
8eaa23d64c20b0f1,Submission,1,2:16,3 Rnd (5-5-5),Justin Ledet,Mark Godbeer
5637c7b3e4131941,KO/TKO,1,1:19,3 Rnd (5-5-5),Yves Edwards,Joao Pierini
c4253cb471013765,Decision - Unanimous,3,5:00,3 Rnd (5-5-5),Katlyn Cerminara,Alexis Davis
8de959ac3c3eeb85,KO/TKO,1,2:10,3 Rnd (5-5-5),Brandon Thatch,Paulo Thiago
366de1daf05a2b62,Decision - Unanimous,3,5:00,3 Rnd + OT (5-5-5-5),Rony Jason,Godofredo Pepey
86d6e09932c5b551,Decision - Unanimous,3,5:00,3 Rnd (5-5-5),SeungWoo Choi,Youssef Zalal
ce05150d524a1829,Decision - Unanimous,3,5:00,3 Rnd (5-5-5),Cheick Kongo,Matt Mitrione
79c2461046e17eba,Submission,2,2:29,5 Rnd (5-5-5-5-5),Demetrious Johnson,Chris Cariaso
46bc1338a50cbeac,Decision - Unanimous,3,5:00,3 Rnd (5-5-5),Eduarda Moura,Lauren Murphy
4911fcfb1b28faa5,Decision - Unanimous,3,5:00,3 Rnd (5-5-5),Claudio Silva,Brad Scott
ca2aa660bea0cb60,KO/TKO,3,3:41,3 Rnd (5-5-5),Jaqueline Amorim,Montserrat Conejo Ruiz
aa161c7159741766,Submission,1,1:31,No Time Limit,Royce Gracie,Remco Pardoel
3e2f00991f511607,KO/TKO,2,0:16,3 Rnd (5-5-5),Benoit Saint Denis,Gabriel Miranda
f3ccbfd7036f3cf3,Decision - Split,3,5:00,3 Rnd (5-5-5),Movsar Evloev,Nik Lentz
4b1606ab1893c242,Decision - Unanimous,3,5:00,3 Rnd (5-5-5),Blagoy Ivanov,Ben Rothwell
07ba406a1d0a5a71,KO/TKO,1,1:07,3 Rnd (5-5-5),Brendan Schaub,Chris Tuchscherer
b82b243982fcb2ac,Decision - Unanimous,3,5:00,3 Rnd (5-5-5),Kajan Johnson,Naoyuki Kotani
26779cfb01372664,Decision - Unanimous,3,5:00,3 Rnd (5-5-5),Jan Blachowicz,Igor Pokrajac
d000cb692343cdcd,Decision - Unanimous,3,5:00,3 Rnd (5-5-5),Cezary Oleksiejczuk,Cesar Almeida
b9893ab3bed62e60,Decision - Split,3,5:00,3 Rnd (5-5-5),Tim Means,Marcio Alexandre Junior
8badcb2134c1cdaf,KO/TKO,3,4:55,3 Rnd (5-5-5),Ignacio Bahamondes,Roosevelt Roberts
751cf3d52fce1d1f,Decision - Unanimous,3,5:00,3 Rnd (5-5-5),Viviane Araujo,Jennifer Maia
c82f9bc365ff1074,Decision - Unanimous,3,5:00,3 Rnd (5-5-5),Arnold Allen,Yaotzin Meza
c4174e22cb22622c,Decision - Split,3,5:00,3 Rnd (5-5-5),Ricky Glenn,Phillipe Nover
a2eafd9e1d5031b1,Decision - Unanimous,3,5:00,3 Rnd (5-5-5),Loopy Godinez,Jessica Andrade
e0b14afd93af5638,Decision - Unanimous,3,5:00,3 Rnd (5-5-5),Yana Santos,Chelsea Chandler
2ae243f518948794,Submission,3,0:58,3 Rnd (5-5-5),Payton Talbott,Nick Aguirre
05f6459d1f3ed13f,KO/TKO,3,0:32,3 Rnd (5-5-5),Kevin Holland,Joaquin Buckley
351dccf63078a20e,Submission,2,2:10,3 Rnd (5-5-5),Joe Doerksen,Tom Lawlor
798652dbea086910,Submission,1,4:42,3 Rnd (5-5-5),Jimmy Crute,Marcin Prachnio
db9f8144b50227f2,Decision - Unanimous,3,5:00,3 Rnd (5-5-5),Juliana Lima,Nina Nunes
0febad4c4a3d69fc,Decision - Unanimous,3,5:00,3 Rnd (5-5-5),Clay Guida,BJ Penn
c7e084949531a443,Submission,1,4:35,3 Rnd (5-5-5),Marcos Rogerio de Lima,Clint Hester
24d92c89c893db42,Decision - Split,3,5:00,3 Rnd (5-5-5),Anthony Pettis,Jeremy Stephens
7ddf71a85fbb0e4c,Decision - Split,5,5:00,5 Rnd (5-5-5-5-5),Benson Henderson,Frankie Edgar
cc02aaf53503d022,KO/TKO,2,1:10,3 Rnd (5-5-5),Thiago Alves,Tony DeSouza
27635cc4d9fcac98,KO/TKO,3,0:12,3 Rnd (5-5-5),Robert Peralta,Estevan Payan
b33d1e693e3c9958,KO/TKO,3,1:36,3 Rnd (5-5-5),Daniel Kelly,Antonio Carlos Junior
3427667c1a265fe5,Decision - Unanimous,3,5:00,3 Rnd (5-5-5),George Roop,Dustin Kimura
4eb5f99202f5fe97,Decision - Unanimous,3,5:00,3 Rnd (5-5-5),James Krause,Claudio Silva
3fcd53eb27945231,Decision - Split,3,5:00,3 Rnd (5-5-5),Ramazan Emeev,David Zawada
25a28456f684503e,Decision - Split,3,5:00,3 Rnd (5-5-5),Gian Villante,Sean O'Connell
d9c3d7b09d8df3e4,Decision - Unanimous,3,5:00,3 Rnd (5-5-5),Jim Miller,Mac Danzig
ca531425f5c042db,KO/TKO,5,1:19,5 Rnd (5-5-5-5-5),Colby Covington,Tyron Woodley
70af72a72b31fe4d,KO/TKO,1,0:05,3 Rnd (5-5-5),Jorge Masvidal,Ben Askren
774fb0c0c1c2bc6a,Decision - Split,3,5:00,3 Rnd (5-5-5),Nasrat Haqparast,Jared Gordon
017c090e9e8d2957,Decision - Unanimous,3,5:00,3 Rnd (5-5-5),Thiago Moises,Kurt Holobaugh
16e28dd989ee1dea,Decision - Unanimous,3,5:00,3 Rnd (5-5-5),Elias Theodorou,Cezar Ferreira
59bb17087b12ad35,Decision - Unanimous,3,5:00,3 Rnd (5-5-5),Rafael Natal,Joao Zeferino
d69bd8e53ec858dc,Submission,2,3:14,5 Rnd (5-5-5-5-5),Renato Moicano,Chris Duncan
1b52b08f195581ad,Submission,2,4:58,3 Rnd (5-5-5),Raquel Pennington,Jessica Andrade
c8ff8a72f3c5a825,KO/TKO,1,1:03,1 Rnd + OT (12-3),David Abbott,Steve Nelmark
46860358da8b8d82,KO/TKO,1,4:06,3 Rnd (5-5-5),Gabriel Benitez,Justin Jaynes
6c9fdcb95393a49c,KO/TKO,2,2:01,3 Rnd (5-5-5),Yancy Medeiros,Erick Silva
13d2b7aef67cb6ea,Submission,2,2:11,3 Rnd (5-5-5),Cezar Ferreira,Jack Hermansson
ebfdeab96ca766be,Decision - Unanimous,3,5:00,3 Rnd (5-5-5),Thiago Alves,John Alessio
3d95b4f94ccffa96,Decision - Unanimous,3,5:00,3 Rnd (5-5-5),Calvin Kattar,Andre Fili
5254658d4e4126c9,Decision - Unanimous,3,5:00,3 Rnd (5-5-5),Benson Henderson,Clay Guida
856e171bdfc98cb5,Decision - Unanimous,3,5:00,3 Rnd (5-5-5),Pascal Krauss,Mike Stumpf
ed3334d108b257a6,Submission,1,1:13,3 Rnd (5-5-5),Said Nurmagomedov,Muin Gafurov
4b9203b86f0aa870,Decision - Unanimous,3,5:00,3 Rnd (5-5-5),Ricardo Almeida,Matt Horwich
b5299e5b946015e5,Decision - Unanimous,3,5:00,3 Rnd (5-5-5),Charles Jourdain,Kyler Phillips
0ccd2593c88209e4,Decision - Unanimous,5,5:00,5 Rnd (5-5-5-5-5),Merab Dvalishvili,Petr Yan
fbd75b08f377d149,Submission,1,1:07,3 Rnd (5-5-5),Joshua Burkman,Drew Fickett
efc64d8aae5628c9,Decision - Unanimous,3,5:00,3 Rnd (5-5-5),Rafa Garcia,Maheshate
76d6789779d3721c,Decision - Split,3,5:00,3 Rnd (5-5-5),Patrick Cummins,Gian Villante
cf85523b0d442d35,KO/TKO,2,2:41,3 Rnd (5-5-5),Jens Pulver,David Velasquez
a73e33dfce8fcfd8,Decision - Unanimous,3,5:00,3 Rnd (5-5-5),Raoni Barcelos,Trevin Jones
f182b13c6e07dfb1,KO/TKO,3,3:34,5 Rnd (5-5-5-5-5),Michael Bisping,Jason Miller
fae3f395669b7285,Decision - Unanimous,3,5:00,3 Rnd (5-5-5),Gregor Gillespie,Glaico Franca Moreira
bc1be168c064f028,KO/TKO,2,1:03,3 Rnd (5-5-5),Alessandro Costa,Jimmy Flick
e446c5e4a8b8d189,Decision - Unanimous,3,5:00,3 Rnd (5-5-5),Miesha Tate,Liz Carmouche
b6a609806d44659f,Decision - Unanimous,3,5:00,3 Rnd (5-5-5),Ivan Jorge,Josh Shockley
c29e2c49e1e417c8,KO/TKO,2,4:12,3 Rnd (5-5-5),Marc-Andre Barriault,Julian Marquez
ae07b35f2797242e,Decision - Unanimous,3,5:00,3 Rnd (5-5-5),Nick Ring,Riki Fukuda
503d7342cc08109f,Decision - Unanimous,3,5:00,3 Rnd (5-5-5),Charles Johnson,Sumudaerji
5cce3bc28ddb158f,KO/TKO,3,3:19,3 Rnd (5-5-5),Dustin Ortiz,Jose Maria
f9f5071b993a5f4b,KO/TKO,1,3:33,3 Rnd (5-5-5),Lerryan Douglas,Julian Erosa
ad61d042c43451a8,Decision - Unanimous,3,5:00,3 Rnd (5-5-5),Steve Bosse,Sean O'Connell
d47fd8fc3886f86c,Decision - Unanimous,3,5:00,3 Rnd (5-5-5),Erik Koch,Kyle Stewart
49f7186e1e3cf6c8,Decision - Unanimous,3,5:00,3 Rnd (5-5-5),Shane Young,Austin Arnett
40fa0bf9783cdc2e,KO/TKO,2,4:14,3 Rnd (5-5-5),Cub Swanson,Ross Pearson
cade8a4e97911e89,KO/TKO,2,0:26,3 Rnd (5-5-5),Pat Barry,Shane del Rosario
b2cdb4c34f37ad37,Decision - Majority,3,5:00,3 Rnd (5-5-5),Carla Esparza,Alexa Grasso
578987d534a0d205,Decision - Unanimous,3,5:00,3 Rnd (5-5-5),Callan Potter,Maki Pitolo
1308a39eec6f86cc,Submission,1,4:47,5 Rnd (5-5-5-5-5),Chael Sonnen,Mauricio Rua
44abbf6b947be6de,Decision - Unanimous,3,5:00,3 Rnd (5-5-5),Cody Durden,Carlos Mota
00494c77d2a88f8c,Decision - Unanimous,3,5:00,3 Rnd (5-5-5),Beneil Dariush,Rashid Magomedov
a6c02fb0b18e916c,Submission,1,2:29,3 Rnd (5-5-5),Travis Browne,Chad Griggs
b57f68fa967fa59e,Decision - Unanimous,3,5:00,3 Rnd (5-5-5),Tim Kennedy,Roger Gracie
9220acccebf14a46,Decision - Unanimous,5,5:00,5 Rnd (5-5-5-5-5),Tony Ferguson,Rafael Dos Anjos
668a44403a130043,Submission,3,2:15,3 Rnd (5-5-5),Bruno Silva,HyunSung Park
53c3565ee1d3411a,Submission,3,3:39,3 Rnd (5-5-5),Nina Nunes,Jocelyn Jones-Lybarger
1bd52b0c01018f4a,Decision - Unanimous,3,5:00,3 Rnd (5-5-5),Carla Esparza,Maryna Moroz
c65f4b4c0338d0c1,Decision - Unanimous,3,5:00,3 Rnd (5-5-5),Kai Kara-France,Elias Garcia
02c54d382fb1c347,KO/TKO,2,1:54,5 Rnd (5-5-5-5-5),Frank Mir,Antonio Rodrigo Nogueira
ef83377d584ec055,Submission,1,2:58,3 Rnd (5-5-5),Matt Serra,Kelly Dullanty
f06030bf27ebe337,Submission,1,3:30,3 Rnd (5-5-5),Brian Bowles,Damacio Page
f4187c30c311eb93,Decision - Split,3,5:00,3 Rnd (5-5-5),Andre Ewell,Renan Barao
44592a74cda71275,KO/TKO,1,4:10,3 Rnd (5-5-5),Marcio Cruz,Frank Mir
b9e037a45f8850fb,Decision - Unanimous,3,5:00,3 Rnd (5-5-5),Lucas Alexander,Steven Peterson
c565bf49fce2a4cd,KO/TKO,1,2:42,3 Rnd (5-5-5),Kenny Robertson,Sultan Aliev
a7ae8f6eb5fc3a79,KO/TKO,2,4:45,3 Rnd (5-5-5),Benoit Saint Denis,Dan Hooker
12a64dfb8147566b,Decision - Split,3,5:00,3 Rnd (5-5-5),Cody Stamann,Bryan Caraway
b1134affa18449dd,KO/TKO,4,4:42,5 Rnd (5-5-5-5-5),Frank Shamrock,Tito Ortiz
8435f90fbd50c7a5,KO/TKO,1,0:35,3 Rnd (5-5-5),Tallison Teixeira,Justin Tafa
a9bc7915974b7d15,Submission,1,1:12,3 Rnd (5-5-5),Frank Mir,Cheick Kongo
730f14ccff80f3b0,KO/TKO,2,3:26,3 Rnd (5-5-5),Mateusz Gamrot,Diego Ferreira
11c3035dd9104e50,KO/TKO,1,2:15,3 Rnd (5-5-5),Josh Koscheck,Yoshiyuki Yoshida
3046c0d0208a65f1,Decision - Unanimous,3,5:00,3 Rnd (5-5-5),Rashad Evans,Quinton Jackson
748657d9ba9d7c71,Decision - Majority,3,3:00,1 Rnd + 2OT (15-3-3),Randy Couture,Maurice Smith
26e6a2705a1e9e72,Submission,1,2:14,3 Rnd (5-5-5),Mickey Gall,CM Punk
9574c1ed9ad25816,KO/TKO,3,1:30,3 Rnd (5-5-5),Roy Nelson,Mirko Filipovic
b953a9b5357cbf99,Submission,1,4:14,3 Rnd (5-5-5),Marcus Davis,Paul Taylor
d1b8ff290d09013b,Submission,2,1:17,3 Rnd (5-5-5),Jeremy Horn,Chael Sonnen
84d89d2f36d07dc0,KO/TKO,1,3:42,3 Rnd (5-5-5),Marco Polo Reyes,Cesar Arzamendia
22a574162e2ebcf6,KO/TKO,2,4:42,3 Rnd (5-5-5),Tom Watson,Stanislav Nedkov
eed8c9955cad1e30,KO/TKO,1,1:16,3 Rnd (5-5-5),Ludovit Klein,Shane Young
75a88258eb967e0c,KO/TKO,1,4:21,3 Rnd (5-5-5),Zubaira Tukhugov,Ernest Chavez
7930c605c6a6ec88,Decision - Unanimous,3,5:00,3 Rnd (5-5-5),Viviane Araujo,Montana De La Rosa
9882c1dac77c0367,KO/TKO,3,0:39,3 Rnd (5-5-5),Jason Knight,Chas Skelly
e2bb4b8ce5ada2a8,Decision - Unanimous,3,5:00,3 Rnd (5-5-5),Royston Wee,Dave Galera
b51d691b9f5603a8,KO/TKO,2,1:27,5 Rnd (5-5-5-5-5),Vitor Belfort,Michael Bisping
3db15d45e8490c22,Decision - Unanimous,3,5:00,3 Rnd (5-5-5),Alex Perez,Mark De La Rosa
fce6522f42b48f18,KO/TKO,2,0:56,3 Rnd (5-5-5),Shamil Gaziev,Martin Buday
23ddf51ce630028d,KO/TKO,2,5:00,3 Rnd (5-5-5),Steven Nguyen,Mohammad Yahya
330506571d2778b1,Decision - Unanimous,3,5:00,3 Rnd (5-5-5),Mike Davis,Viacheslav Borshchev
e1bd72aba46f46a1,KO/TKO,1,2:17,3 Rnd (5-5-5),Leonardo Santos,Stevie Ray
9c7830c91fad60d8,Submission,2,4:15,3 Rnd (5-5-5),Kenichi Yamamoto,Katsuhisa Fujii
c4d060cff018979a,Decision - Split,3,5:00,3 Rnd (5-5-5),Dominick Reyes,Johnny Walker
baee9b2491c986e2,KO/TKO,3,0:46,3 Rnd + OT (5-5-5-5),Shi Ming,Feng Xiaocan
57d481c10c842ba2,KO/TKO,2,1:15,3 Rnd (5-5-5),Rick Story,Dustin Hazelett
89b96bc5f3e824c5,Decision - Unanimous,3,5:00,3 Rnd (5-5-5),Mick Parkin,Jamal Pogues
f19d1c8ca5660240,Submission,1,1:52,5 Rnd (5-5-5-5-5),Demian Maia,Carlos Condit
6066dc40bb3ce8db,Decision - Unanimous,3,5:00,3 Rnd (5-5-5),Alex Caceres,Masio Fullen
e8517ed0b49abc37,Decision - Unanimous,3,5:00,3 Rnd (5-5-5),Jamie Pickett,Joseph Holmes
459bc7c0b47719c3,Submission,2,1:32,3 Rnd (5-5-5),Jim Miller,Donald Cerrone
49693a06fc1d8906,Decision - Unanimous,3,5:00,3 Rnd (5-5-5),Tony DeSouza,Steve Berger
e3fb9146a7eaaa47,Submission,1,1:24,3 Rnd (5-5-5),Dan Hooker,Mark Eddiva
8452ff5ae6316931,KO/TKO,2,1:56,3 Rnd (5-5-5),Bethe Correia,Shayna Baszler
c7bc785e99d3ee2a,Submission,1,0:23,3 Rnd (5-5-5),Patrick Williams,Alejandro Perez
a6e494c82d136172,Decision - Unanimous,3,5:00,3 Rnd (5-5-5),John Howard,Siyar Bahadurzada
805bc227bd40b0cc,Submission,2,2:25,3 Rnd (5-5-5),Ed Herman,Scott Smith
73f55778c5c55c2f,Decision - Unanimous,3,5:00,3 Rnd (5-5-5),Michael Johnson,Melvin Guillard
12cedec11b37ddc0,Decision - Unanimous,5,5:00,5 Rnd (5-5-5-5-5),Khamzat Chimaev,Dricus Du Plessis
288b479c485c48b2,Decision - Unanimous,3,5:00,3 Rnd (5-5-5),Luke Jumeau,Dominique Steele
59b384dcc3ab49b2,Decision - Unanimous,3,5:00,3 Rnd (5-5-5),Alan Patrick,Damir Hadzovic
409bcfacb259999a,Decision - Unanimous,3,5:00,3 Rnd (5-5-5),Fabricio Werdum,Travis Browne
7856621db043423d,Decision - Unanimous,3,5:00,3 Rnd (5-5-5),Rei Tsuruya,Carlos Hernandez
f638f176dd1834c0,Decision - Unanimous,3,5:00,3 Rnd (5-5-5),Hacran Dias,Iuri Alcantara
a4398b9257a93d78,Decision - Split,3,5:00,3 Rnd (5-5-5),Kyung Ho Kang,Michinori Tanaka
3744d4cdaa6b242b,Decision - Unanimous,3,5:00,3 Rnd (5-5-5),Cody Stamann,Alejandro Perez
c0980a613f24accd,Submission,1,3:16,3 Rnd (5-5-5),Bia Mesquita,Melissa Mullins
1ab1ed99a4bc5494,KO/TKO,2,4:35,3 Rnd (5-5-5),Charles Johnson,Lone'er Kavanagh
7d0d2cecab358ba1,Decision - Unanimous,3,5:00,3 Rnd (5-5-5),Randy Brown,Francisco Trinaldo
44c60f91b4f7b23d,Decision - Unanimous,3,5:00,3 Rnd (5-5-5),Damir Ismagulov,Alex Gorgees
fffdc57255274be1,KO/TKO,2,2:56,3 Rnd (5-5-5),Jailton Almeida,Shamil Abdurakhimov
f96f719ad667dd96,Decision - Unanimous,3,5:00,3 Rnd (5-5-5),Nik Lentz,Scott Holtzman
f17813d03fcd8e7a,Submission,2,3:20,3 Rnd (5-5-5),Rafael Dos Anjos,Bryan Barberena
0d043ecaf5bbc3ae,Decision - Unanimous,3,5:00,3 Rnd (5-5-5),Tom Breese,Keita Nakamura
2361b51aa72e5551,KO/TKO,1,4:44,3 Rnd (5-5-5),Brian Ortega,Frankie Edgar
f7e9bd2d6f81aeae,Submission,1,2:54,3 Rnd (5-5-5),Joseph Morales,Matt Schnell
6ada4f4286e4261d,Decision - Unanimous,3,5:00,3 Rnd (5-5-5),Saparbeg Safarov,Nicolae Negumereanu
58e07add007685f8,Decision - Unanimous,3,5:00,3 Rnd (5-5-5),Alex Oliveira,Peter Sobotta
9c9c26679701b84d,KO/TKO,2,0:52,3 Rnd (5-5-5),Darrius Flowers,Lando Vannata
781f9a642e7a9278,KO/TKO,2,2:02,3 Rnd (5-5-5),Donald Cerrone,Rick Story
e76c3346ad9be24a,KO/TKO,2,3:16,3 Rnd (5-5-5),Paul Kelly,TJ O'Brien
1cd5d5e271b646a3,KO/TKO,2,3:37,3 Rnd (5-5-5),Israel Adesanya,Rob Wilkinson
2c0ece9f70a62408,Decision - Unanimous,3,5:00,3 Rnd (5-5-5),Carla Esparza,Juliana Lima
2b13651b97f57b6c,Decision - Unanimous,3,5:00,3 Rnd (5-5-5),Tim Means,Mike Perry
79c22394d9c2144d,KO/TKO,1,0:39,3 Rnd (5-5-5),Gabriel Benitez,Humberto Bandenay
fe1130f34dea28d8,Decision - Split,3,5:00,3 Rnd (5-5-5),Royston Wee,Yao Zhikui
1c7ea3928c7d0ad8,KO/TKO,2,1:10,3 Rnd (5-5-5),Maki Pitolo,Charles Byrd
bef2a2e68fb4dfa8,Decision - Unanimous,3,5:00,3 Rnd (5-5-5),Justin Willis,Chase Sherman
4a482ad5b021bb25,Submission,1,2:44,3 Rnd (5-5-5),Martin Kampmann,Jorge Rivera
6afdefcb6728467e,Decision - Unanimous,3,5:00,3 Rnd (5-5-5),Vladimir Matyushenko,Yuki Kondo
194d3950076b2f83,Decision - Unanimous,3,5:00,3 Rnd (5-5-5),Luke Jumeau,Daichi Abe
2230a5dbc0907859,Submission,3,2:11,3 Rnd (5-5-5),Aljamain Sterling,Takeya Mizugaki
1c1f8f281b2065e0,Submission,1,0:53,1 Rnd + 2OT (15-3-3),Mark Kerr,Dwayne Cason
f55749e32ce5c6f3,Decision - Unanimous,3,5:00,3 Rnd (5-5-5),Rongzhu,Austin Hubbard
5b731da9e4be4391,KO/TKO,2,4:02,3 Rnd (5-5-5),Gabe Green,Yohan Lainesse
6b38906e77607c77,Submission,2,3:30,3 Rnd (5-5-5),Renato Sobral,David Heath
49749ee78bc54a48,Submission,2,3:13,3 Rnd (5-5-5),Jon Delos Reyes,Roldan Sangcha'an
bcf842992f9accdc,Decision - Unanimous,3,5:00,3 Rnd (5-5-5),Jeremy Kennedy,Kyle Bochniak
e7fdbd5c65798a5c,Decision - Unanimous,3,5:00,3 Rnd (5-5-5),Roger Huerta,Leonard Garcia
3278e45b30f7dd33,KO/TKO,1,0:51,5 Rnd (5-5-5-5-5),Amanda Nunes,Cristiane Justino
8782dca7c99717a6,KO/TKO,1,4:13,3 Rnd (5-5-5),Stanislav Nedkov,Luiz Cane
e9fc9dcc549c7f3b,Decision - Unanimous,3,5:00,3 Rnd (5-5-5),Clay Guida,Anthony Pettis
54d48b33e7240452,KO/TKO,1,4:53,3 Rnd (5-5-5),Jailton Almeida,Serghei Spivac
12ceec9431fb0827,Decision - Unanimous,3,5:00,3 Rnd (5-5-5),Chris Gruetzemacher,Rafa Garcia
a0bc695b35f155f1,Decision - Unanimous,3,5:00,3 Rnd (5-5-5),Ketlen Vieira,Pannie Kianzad
fb1fe28a5d97db51,Submission,1,4:06,3 Rnd (5-5-5),Ricardo Almeida,Eugene Jackson
fd56a469e4589ebc,Submission,2,2:44,3 Rnd (5-5-5),Joselyne Edwards,Nora Cornolle
ce1436a9b58902a7,TKO - Doctor's Stoppage,1,5:00,3 Rnd (5-5-5),Nazim Sadykhov,Ismael Bonfim
43313a340ff0d2b5,KO/TKO,3,4:58,3 Rnd (5-5-5),Garreth McLellan,Bubba Bush
49e344834626c144,KO/TKO,1,3:10,3 Rnd (5-5-5),Marcel Fortuna,Anthony Hamilton
27ff7028ec8c2161,KO/TKO,1,4:05,3 Rnd (5-5-5),Jorge Masvidal,Jake Ellenberger
7d14f95d03afb359,Decision - Unanimous,3,5:00,3 Rnd (5-5-5),Lucie Pudilova,Ji Yeon Kim
f820c6292e19d854,Decision - Split,3,5:00,3 Rnd (5-5-5),Shamil Gamzatov,Klidson Abreu
47b690fb54f2eaf9,Decision - Split,3,5:00,3 Rnd (5-5-5),Quinton Jackson,Lyoto Machida
57b5e8bda9447b77,Decision - Unanimous,3,5:00,3 Rnd (5-5-5),Nick Thompson,Keith Wisniewski
cb3eb07b7152366e,Submission,1,3:16,3 Rnd (5-5-5),Carlos Vera,Josias Musasa
b26ec098a5a57401,Decision - Split,3,5:00,3 Rnd (5-5-5),Valentina Shevchenko,Sarah Kaufman
13f5be7a2ea5577e,Submission,2,4:27,3 Rnd (5-5-5),Jack Shore,Makwan Amirkhani
a3b7cbdb6d2607f4,Submission,1,3:39,3 Rnd (5-5-5),Dominick Reyes,Jeremy Kimball
fc2badbeebf85ebf,Decision - Split,3,5:00,3 Rnd (5-5-5),Jeremy Stephens,Sam Stout
cd5336ef8b2329f4,Decision - Unanimous,3,5:00,3 Rnd (5-5-5),Terry Etim,Sam Stout
ec32745308e2b055,KO/TKO,1,3:31,3 Rnd (5-5-5),Khaos Williams,Nikolay Veretennikov
12d17a837caeae63,KO/TKO,1,2:15,3 Rnd (5-5-5),Rustam Khabilov,Vinc Pichel
91f33ac24fb39eca,Submission,1,3:08,3 Rnd (5-5-5),Francisco Trinaldo,Mike Rio
214b268e4a92f950,Decision - Split,5,5:00,5 Rnd (5-5-5-5-5),TJ Dillashaw,Cory Sandhagen
0261adcfc6e49150,KO/TKO,2,4:59,3 Rnd (5-5-5),Gregor Gillespie,Yancy Medeiros
0489b42ac0ab6d4b,Decision - Unanimous,3,5:00,3 Rnd (5-5-5),Bryan Battle,Tresean Gore
5ac9cf4ffc15ccca,Submission,3,2:04,3 Rnd (5-5-5),Nick Diaz,Jeremy Jackson
9a596aaa2b9a18db,Decision - Split,3,5:00,3 Rnd (5-5-5),Ryo Chonan,Roan Carneiro
20fc3b3ab2d2fecf,Decision - Majority,3,5:00,3 Rnd (5-5-5),Mike Swick,Joshua Burkman
177c1956907ed687,Decision - Majority,3,5:00,3 Rnd (5-5-5),Sean Pierson,Kenny Robertson
7a37fd92b26d15c8,Submission,3,1:08,3 Rnd (5-5-5),Chris Camozzi,Dustin Jacoby
2f22e38844aa7d96,KO/TKO,3,1:37,5 Rnd (5-5-5-5-5),Randy Couture,Gabriel Gonzaga
533d0b5c0adfa15f,Decision - Unanimous,3,5:00,3 Rnd (5-5-5),Sean Brady,Ismail Naurdiev
6c1dba8a3ba4f42e,Submission,2,3:48,3 Rnd (5-5-5),Ben Rothwell,Josh Barnett
5e69e2fa8421ce5e,Decision - Split,3,5:00,3 Rnd (5-5-5),Marcus LeVesseur,Carlo Prater
ac37849f627a79c4,Decision - Unanimous,5,5:00,5 Rnd (5-5-5-5-5),Jailton Almeida,Derrick Lewis
08c04f18b0f58d71,Overturned,3,0:36,3 Rnd (5-5-5),TIE,TIE
6d8ce1abde550bc6,Decision - Unanimous,3,5:00,3 Rnd (5-5-5),Frankie Edgar,Cub Swanson
bd6909a463a1de2b,KO/TKO,1,0:53,3 Rnd (5-5-5),Abdul Razak Alhassan,Charlie Ward
b6dad3a9bf911bfd,Submission,2,2:46,3 Rnd (5-5-5),Ovince Saint Preux,Michal Oleksiejczuk
b1f7bc82f7dce1b9,Decision - Unanimous,3,5:00,3 Rnd (5-5-5),Darren Till,Bojan Velickovic
18292c8eb20ae045,KO/TKO,1,2:28,5 Rnd (5-5-5-5-5),Frankie Edgar,Chad Mendes
0f85a1d9ce42d13e,TKO - Doctor's Stoppage,2,5:00,3 Rnd (5-5-5),Jake Matthews,Akbarh Arreola
7aaa810540132a4b,KO/TKO,1,1:50,3 Rnd (5-5-5),Dustin Jacoby,Bruno Lopes
710c7f8c7dc2af46,Submission,1,2:35,3 Rnd (5-5-5),Elizeu Zaleski dos Santos,Curtis Millender
4ba97e13df33388b,Submission,3,4:30,3 Rnd (5-5-5),Zabit Magomedsharipov,Sheymon Moraes
6f22afbc5f8e0bd3,KO/TKO,1,1:20,3 Rnd (5-5-5),Ryan Spann,Dominick Reyes
2968840a5f24ce9f,TKO - Doctor's Stoppage,1,5:00,3 Rnd (5-5-5),Jimi Manuwa,Cyrille Diabate
b3caae587e956f54,Submission,3,4:21,3 Rnd (5-5-5),Montana De La Rosa,Rachael Ostovich
8d2e99599124a16f,KO/TKO,1,2:14,1 Rnd + 2OT (15-3-3),Don Frye,Gary Goodridge
56809feb4fe7ea61,Decision - Unanimous,3,5:00,3 Rnd (5-5-5),Charles Radtke,Blood Diamond
daef1691c7d6b1e4,Submission,1,4:05,5 Rnd (5-5-5-5-5),Islam Makhachev,Renato Moicano
64bee58391921b4b,Decision - Unanimous,3,5:00,3 Rnd (5-5-5),JJ Aldrich,Lauren Mueller
93330422e1f2e0be,Decision - Unanimous,3,5:00,3 Rnd (5-5-5),Sergey Khandozhko,Rostem Akman
e595cb4bfc26193b,Decision - Split,3,5:00,3 Rnd (5-5-5),Gleison Tibau,Kurt Pellegrino
5c650ae2193ab1bc,Submission,1,0:54,3 Rnd (5-5-5),Valter Walker,Kennedy Nzechukwu
1dcc880fc80e6332,Decision - Unanimous,3,5:00,3 Rnd (5-5-5),Rani Yahya,Mizuto Hirota
1ffe6e8df6dbefd2,KO/TKO,1,0:38,3 Rnd (5-5-5),Bo Nickal,Val Woodburn
c35a53be30bfd066,Submission,3,2:06,3 Rnd (5-5-5),Gabriel Santos,Jack Jenkins
4f6f7f1ad8954bb6,Submission,2,1:20,3 Rnd (5-5-5),Gabriel Benitez,Sam Sicilia
063e7ce759c52f81,Submission,3,2:04,3 Rnd (5-5-5),Raoni Barcelos,Cristian Quinonez
949619e1b1de9e5f,Decision - Unanimous,3,5:00,3 Rnd (5-5-5),Matthew Semelsberger,Carlton Minus
2b11aa4b90b1dd41,KO/TKO,3,3:57,3 Rnd + OT (5-5-5-5),Juliana Miller,Brogan Walker
317e6940e8bf5290,KO/TKO,2,1:01,3 Rnd (5-5-5),Daniel Sarafian,Antonio Dos Santos
979269d4ab5784af,Decision - Unanimous,3,5:00,3 Rnd (5-5-5),Brendan O'Reilly,Vik Grujic
7e2bc09d866b3bd7,KO/TKO,1,2:54,3 Rnd (5-5-5),Eryk Anders,Rafael Natal
906d6f62fb7f9b19,Decision - Unanimous,3,5:00,3 Rnd (5-5-5),Pedro Rizzo,Ricco Rodriguez
0adfdf8f563be462,Decision - Unanimous,5,5:00,5 Rnd (5-5-5-5-5),Tito Ortiz,Wanderlei Silva
f46308108eb9261a,Submission,3,4:56,5 Rnd (5-5-5-5-5),Mackenzie Dern,Amanda Ribas
3a3ac7b3987f6799,Submission,1,3:13,5 Rnd (5-5-5-5-5),Jessica Andrade,Amanda Lemos
701279417e0bf776,Decision - Split,3,5:00,3 Rnd (5-5-5),Andrew Craig,Chris Leben
80ce8f7d988d5e57,Decision - Unanimous,3,5:00,3 Rnd (5-5-5),Douglas Silva de Andrade,Renan Barao
9e52a67410f2c879,Decision - Unanimous,3,5:00,3 Rnd (5-5-5),Piera Rodriguez,Kay Hansen
4dcd6ff5e32a3779,KO/TKO,3,3:39,3 Rnd (5-5-5),Brian Kelleher,Damian Stasiak
3101c8d54df53e27,Decision - Unanimous,3,5:00,3 Rnd (5-5-5),Chris Cariaso,Takeya Mizugaki
319053a9de63ab85,KO/TKO,1,2:11,3 Rnd (5-5-5),Mark Hunt,Cheick Kongo
785c0e68b34ea383,Submission,1,4:34,3 Rnd (5-5-5),Urijah Faber,Ivan Menjivar
a212e4c197983ad1,Decision - Unanimous,3,5:00,3 Rnd (5-5-5),Paul Felder,James Vick
e094423979fc7c6a,KO/TKO,2,4:36,3 Rnd (5-5-5),John Cholish,Mitch Clarke
87126427cfcaee52,Decision - Unanimous,5,5:00,5 Rnd (5-5-5-5-5),Dustin Poirier,Max Holloway
3599e9de4ae0e171,Decision - Unanimous,3,5:00,3 Rnd (5-5-5),Oumar Sy,Da Woon Jung
9ed0c3acc436eb56,KO/TKO,3,4:13,5 Rnd (5-5-5-5-5),Max Holloway,Jose Aldo
a5d76e93a5052e3f,Decision - Unanimous,3,5:00,3 Rnd (5-5-5),Kyle Nelson,Fernando Padilla
dd1df7f5a54fd9fc,Decision - Unanimous,3,5:00,3 Rnd (5-5-5),Chepe Mariscal,Ricardo Ramos
bfd846ad4d597bbb,Submission,1,2:13,3 Rnd (5-5-5),Demian Maia,Nate Quarry
30f6cf4253b13b76,Decision - Unanimous,3,5:00,3 Rnd (5-5-5),Alex Morono,James Moontasri
8b809ba1880aded0,Decision - Unanimous,3,5:00,3 Rnd (5-5-5),Gaston Bolanos,Michael Aswell Jr.
2105210529457ffd,KO/TKO,1,2:00,3 Rnd (5-5-5),Jack Hermansson,Alex Nicholson
40707ddc9fdea500,KO/TKO,1,2:30,3 Rnd (5-5-5),Matt Frevola,Ottman Azaitar
19e742ccaa09cf08,Decision - Unanimous,3,5:00,3 Rnd (5-5-5),Ronnie Lawrence,Mana Martinez
3cd1f2c31b4e325a,Decision - Unanimous,3,5:00,3 Rnd (5-5-5),Alexander Volkov,Greg Hardy
e2e524bb5392a3ea,KO/TKO,1,3:26,3 Rnd (5-5-5),Aspen Ladd,Tonya Evinger
4080b4310d82b42d,KO/TKO,1,4:42,3 Rnd (5-5-5),Oumar Sy,Brendson Ribeiro
0b6c13ab8ad7f82b,Decision - Unanimous,3,5:00,3 Rnd (5-5-5),JJ Aldrich,Jamey-Lyn Horth
bd9100f5d4ee6823,Submission,2,4:43,3 Rnd (5-5-5),Leonardo Santos,William Macario
831957c67bfc4486,Decision - Split,3,5:00,3 Rnd (5-5-5),Marcelo Guimaraes,Dan Stittgen
d59b40be94d5a609,Decision - Split,3,5:00,3 Rnd (5-5-5),Takeya Mizugaki,Reuben Duran
72f123ddb4cc9d1c,Submission,2,1:50,3 Rnd (5-5-5),Youssef Zalal,Billy Quarantillo
8c8d46d89bf899e8,KO/TKO,3,0:48,3 Rnd (5-5-5),Fabio Maldonado,James McSweeney
f1c1890491959bcf,KO/TKO,1,1:15,3 Rnd (5-5-5),Marcus Davis,Jason Tan
690ab86bdd94149b,KO/TKO,1,4:45,3 Rnd (5-5-5),Gokhan Saki,Henrique da Silva
faf19712bd7ea41e,Decision - Unanimous,5,5:00,5 Rnd (5-5-5-5-5),Rose Namajunas,Amanda Ribas
c40fd062610d4e61,Submission,1,1:45,3 Rnd (5-5-5),Matt Wiman,Mac Danzig
426a69e343822ab3,Decision - Unanimous,3,5:00,3 Rnd (5-5-5),Chris Duncan,Mateusz Rebecki
75d16f9eae9c6ea6,Submission,1,0:56,1 Rnd + OT (12-3),Randy Couture,Tony Halme
ea660db65bfa998f,KO/TKO,1,1:29,3 Rnd (5-5-5),Iwo Baraniewski,Ibo Aslan
6fbe7dffff5f5f1e,Decision - Unanimous,3,5:00,3 Rnd (5-5-5),Renan Barao,Scott Jorgensen
476a6245b43f3119,Submission,2,2:27,3 Rnd (5-5-5),Grant Dawson,Michael Trizano
627c0a50cff30405,Submission,1,2:00,3 Rnd (5-5-5),Gerald Meerschaert,Bartosz Fabinski
137d7dea41cacdc6,KO/TKO,1,2:12,3 Rnd (5-5-5),Melvin Guillard,Shane Roller
d4420be78065de03,KO/TKO,2,3:19,3 Rnd (5-5-5),Roman Kopylov,Punahele Soriano
ed32da52aff68944,Submission,2,1:32,3 Rnd (5-5-5),Benoit Saint Denis,Niklas Stolze
997dcf5fd2eb0f2f,Submission,1,2:39,3 Rnd (5-5-5),Kevin Holland,Charlie Ontiveros
f00b588a0d9a90e4,Decision - Unanimous,3,5:00,3 Rnd (5-5-5),Joe Stevenson,Kurt Pellegrino
8e51f8648840eb38,Submission,1,2:01,3 Rnd (5-5-5),Joe Riggs,Jason Von Flue
08af25ef4252b138,KO/TKO,2,0:59,5 Rnd (5-5-5-5-5),Holly Holm,Ronda Rousey
3b03f8d3a55f3cb2,Decision - Unanimous,3,5:00,3 Rnd (5-5-5),Thiago Santos,Kevin Holland
6c2097664ac1bf16,Submission,5,4:59,5 Rnd (5-5-5-5-5),Demetrious Johnson,Kyoji Horiguchi
56f984ac83fb34cc,KO/TKO,1,0:44,3 Rnd (5-5-5),Michal Oleksiejczuk,Gadzhimurad Antigulov
2af50cc7f34f6fc2,Decision - Unanimous,3,5:00,3 Rnd (5-5-5),Krzysztof Jotko,Brad Scott
7b909acede0a26eb,Decision - Unanimous,3,5:00,3 Rnd (5-5-5),Sedriques Dumas,Cody Brundage
464cc19d42446da9,TKO - Doctor's Stoppage,2,3:38,3 Rnd (5-5-5),Devonte Smith,Justin Jaynes
c797b58d85c840a4,KO/TKO,1,2:25,3 Rnd (5-5-5),Manuel Torres,Grant Dawson
74b44635535cb290,Submission,2,3:38,3 Rnd (5-5-5),Brendan Allen,Kevin Holland
bb4755924dfafaea,Submission,1,2:54,3 Rnd (5-5-5),Ovince Saint Preux,Tyson Pedro
1d34e2f80cb91188,KO/TKO,1,1:17,5 Rnd (5-5-5-5-5),Vitor Belfort,Dan Henderson
8360accf6f70ebc4,Submission,3,2:08,3 Rnd (5-5-5),Khabib Nurmagomedov,Kamal Shalorus
e857ca0bc3b9fdcd,Submission,1,4:17,3 Rnd (5-5-5),Marvin Vettori,Karl Roberson
008d0158831dcbd4,Submission,1,2:57,3 Rnd (5-5-5),Peter Sobotta,Steve Kennedy
f126491f024c1563,KO/TKO,1,1:22,3 Rnd (5-5-5),Mike Pyle,Ricardo Funch
1b80d5696c2dc640,Decision - Unanimous,5,5:00,5 Rnd (5-5-5-5-5),Rich Franklin,Wanderlei Silva
a8b22e990cba6144,Decision - Unanimous,3,5:00,3 Rnd (5-5-5),TJ Grant,Julio Paulino
b89dea8c3e6bba6f,Submission,1,1:41,3 Rnd (5-5-5),Manvel Gamburyan,Jeff Cox
009feda296ae589c,Decision - Unanimous,3,5:00,3 Rnd (5-5-5),Amanda Ribas,Viviane Araujo
7200343d2e957cf3,KO/TKO,1,4:40,3 Rnd (5-5-5),Marlon Vera,Sean O'Malley
08763e87e10b9709,Submission,1,2:51,3 Rnd (5-5-5),Ion Cutelaba,Ibo Aslan
fab7e4790b11de3c,Decision - Majority,3,5:00,3 Rnd (5-5-5),Josh Thomson,Hermes Franca
ab0d6346b7938a7f,KO/TKO,1,3:43,3 Rnd (5-5-5),Stephen Thompson,Robert Whittaker
67afd8e69820ffa0,Decision - Unanimous,3,5:00,3 Rnd (5-5-5),Cyrille Diabate,Steve Cantwell
b2457e9da89967e2,Decision - Unanimous,3,5:00,3 Rnd (5-5-5),Neil Seery,Phil Harris
0e8599eca8ccfa32,Decision - Unanimous,3,5:00,3 Rnd (5-5-5),MarQuel Mederos,Mark Choinski
b823aa523c9618b5,Submission,1,2:52,3 Rnd (5-5-5),Josh Samman,Caio Magalhaes
54b7b3378e394070,Decision - Unanimous,3,5:00,3 Rnd (5-5-5),Steven Siler,Cole Miller
0f22781ab4635414,Submission,2,2:16,3 Rnd (5-5-5),Ricardo Lamas,Cub Swanson
6d1093a1c31dab94,KO/TKO,2,3:20,3 Rnd (5-5-5),Dan Henderson,Michael Bisping
103b36a1b9d98102,Submission,2,3:30,3 Rnd (5-5-5),Ricardo Almeida,Matt Brown
9cdeb62aa9092713,KO/TKO,1,3:23,3 Rnd (5-5-5),Jamie Varner,Edson Barboza
408fc024d3e91b0e,Decision - Unanimous,3,5:00,3 Rnd (5-5-5),Ed Herman,Khadis Ibragimov
6ef12db5b099ec81,Submission,2,1:55,3 Rnd (5-5-5),Alonzo Menifield,Jimmy Crute
49b2a6a93d529981,KO/TKO,2,1:31,3 Rnd (5-5-5),Steven Peterson,Martin Bravo
df7f3c60c523ca55,Submission,2,3:36,3 Rnd (5-5-5),Josh Neer,Mac Danzig
0d9e9127c62811f9,KO/TKO,2,4:37,3 Rnd (5-5-5),Daniel Pineda,Herbert Burns
fc0927c657c51622,KO/TKO,1,1:53,3 Rnd (5-5-5),Justin Tafa,Harry Hunsucker
74f5cbecac011abb,Decision - Split,5,5:00,5 Rnd (5-5-5-5-5),Brandon Royval,Brandon Moreno
343749a2f7c5d78b,KO/TKO,3,0:29,3 Rnd (5-5-5),Magomed Ankalaev,Dalcha Lungiambula
8f426040f746905d,Decision - Split,3,5:00,3 Rnd (5-5-5),Godofredo Pepey,Milton Vieira
4f4806952ba2a72c,Decision - Split,3,5:00,3 Rnd (5-5-5),Jarred Brooks,Eric Shelton
fb3f5a65da9f2ac7,Decision - Unanimous,3,5:00,3 Rnd (5-5-5),Saidyokub Kakhramonov,Ronnie Lawrence
7d4c160dab6eae73,Submission,4,2:38,5 Rnd (5-5-5-5-5),Islam Makhachev,Thiago Moises
78f1457371e2ef6b,KO/TKO,1,4:18,3 Rnd (5-5-5),Thomas Almeida,Yves Jabouin
d8b864e673f53ec2,KO/TKO,2,1:22,3 Rnd (5-5-5),Gian Villante,Cody Donovan
a8ec9c513d28c25c,Submission,4,1:07,5 Rnd (5-5-5-5-5),Chan Sung Jung,Dustin Poirier
bbde45b2c766bb67,KO/TKO,1,2:09,3 Rnd (5-5-5),Brandon Royval,Matheus Nicolau
2dfa31667cee74c3,Submission,1,0:49,3 Rnd (5-5-5),Ben Nguyen,Tim Elliott
7cdda45e7d52bf40,KO/TKO,3,5:00,5 Rnd (5-5-5-5-5),Thiago Santos,Eryk Anders
0e6d624086f7952e,Decision - Unanimous,3,5:00,3 Rnd (5-5-5),Julian Erosa,Hakeem Dawodu
acc961fd5cf5c62e,Decision - Unanimous,3,5:00,3 Rnd (5-5-5),Patricio Pitbull,Dan Ige
ac6fd4c78f0e3198,Decision - Unanimous,3,5:00,3 Rnd (5-5-5),Jorge Rivera,David Loiseau
30523303e8d85c25,KO/TKO,1,3:17,3 Rnd (5-5-5),Punahele Soriano,Oskar Piechota
3845a6838fe00265,Decision - Unanimous,3,5:00,3 Rnd (5-5-5),Ron Stallings,Justin Jones
b125025990755616,KO/TKO,2,4:45,3 Rnd (5-5-5),Song Kenan,Hector Aldana
dc45c8d70e256749,Decision - Unanimous,3,5:00,3 Rnd (5-5-5),Francisco Trinaldo,John Makdessi
2b6c2cdccb2cc659,KO/TKO,1,2:41,3 Rnd (5-5-5),Justin Salas,Ben Wall
62eaf9f2436bef25,Decision - Split,3,5:00,3 Rnd (5-5-5),Wang Guan,Alex Caceres
6adfe44b110c1510,Submission,2,4:45,3 Rnd (5-5-5),JunYong Park,Albert Duraev
40d9b5b47acf260b,KO/TKO,1,2:33,3 Rnd (5-5-5),Justin Willis,Allen Crowder
68ee31dd0853cdc9,Submission,1,3:43,3 Rnd (5-5-5),Oumar Sy,Tuco Tokkos
0c5640433ba44a1b,KO/TKO,1,4:58,3 Rnd (5-5-5),Tom Breese,Luiz Dutra
a34dc365302238e8,Decision - Unanimous,3,5:00,3 Rnd (5-5-5),Norman Parke,Jon Tuck
059f5cf0e9e37627,Decision - Split,3,5:00,3 Rnd (5-5-5),Dan Hooker,Mateusz Gamrot
7962611f2adbacc0,Decision - Unanimous,3,5:00,3 Rnd (5-5-5),Jared Rosholt,Soa Palelei
6e093a1d4286dad6,Decision - Split,3,5:00,3 Rnd (5-5-5),Bryan Caraway,Aljamain Sterling
86deadaab9905a03,Decision - Unanimous,3,5:00,3 Rnd (5-5-5),Kai Kamaka III,Tony Kelley
e4ed294e16e16d81,Submission,2,4:37,3 Rnd (5-5-5),Alexander Volkov,Tai Tuivasa
a4a78ec539238a5f,Decision - Split,3,5:00,3 Rnd (5-5-5),Joby Sanchez,Tateki Matsuda
76ca3d1cefd6945a,Decision - Unanimous,3,5:00,3 Rnd (5-5-5),John Gunderson,Mark Holst
c4ecf4b894ccbced,Decision - Unanimous,3,5:00,3 Rnd (5-5-5),Mads Burnell,Mike Santiago
4bb77b1d8efc53a9,Decision - Majority,3,5:00,3 Rnd (5-5-5),Raulian Paiva,Kyler Phillips
36d4e8f650539bf0,TKO - Doctor's Stoppage,1,5:00,3 Rnd (5-5-5),Anying Wang,Albert Cheng
23c6a428df1569bc,KO/TKO,1,0:54,3 Rnd (5-5-5),Max Griffin,Erick Montano
5c36d760c7e272f5,KO/TKO,2,2:57,3 Rnd (5-5-5),Daron Cruickshank,Henry Martinez
05b7bfd4fe75af69,KO/TKO,2,1:40,3 Rnd (5-5-5),Michael Bisping,Elvis Sinosic
6d48f75153e4ad6b,Decision - Split,3,5:00,3 Rnd (5-5-5),Brad Riddell,Magomed Mustafaev
fd80d6d9f4e54387,Decision - Unanimous,3,5:00,3 Rnd (5-5-5),Alex Oliveira,Joe Merritt
3d1f83264d87c529,Decision - Unanimous,3,5:00,3 Rnd (5-5-5),Marvin Vettori,Vitor Miranda
986f0b480389ad25,Submission,1,4:25,3 Rnd (5-5-5),Jack Hermansson,Gerald Meerschaert
524b49a676498c6d,Decision - Unanimous,2,3:00,1 Rnd + OT (27-3),Dan Severn,Oleg Taktarov
388adad23aaa9d39,Decision - Unanimous,3,5:00,3 Rnd (5-5-5),King Green,Nasrat Haqparast
f59cefe16905d62c,KO/TKO,3,0:22,3 Rnd (5-5-5),Dennis Buzukja,Connor Matthews
8e02bdaac8ed50e5,Submission,2,2:46,3 Rnd (5-5-5),Paddy Pimblett,Jordan Leavitt
781017bfa44d4058,KO/TKO,2,4:15,3 Rnd (5-5-5),Luiz Cane,Rameau Thierry Sokoudjou
b55de7d791b9f62d,Submission,2,2:15,3 Rnd (5-5-5),Miranda Maverick,Sabina Mazo
0320a6a967069571,KO/TKO,1,1:49,3 Rnd (5-5-5),Cody Brundage,Zach Reese
c1322d09e8b6efca,Decision - Unanimous,3,5:00,3 Rnd (5-5-5),Tatsuya Kawajiri,Dennis Siver
216fddf542707629,KO/TKO,3,4:32,3 Rnd (5-5-5),Shane Burgos,Makwan Amirkhani
77d82e8a220053ea,Decision - Unanimous,3,5:00,3 Rnd (5-5-5),Stipe Miocic,Gabriel Gonzaga
9cb8fe20b05d886e,Submission,2,2:49,3 Rnd (5-5-5),Yaotzin Meza,John Albert
a1afc16e21d1a807,Decision - Unanimous,3,5:00,3 Rnd (5-5-5),Rafael Fiziev,Ignacio Bahamondes
8c5785de472dd9b2,KO/TKO,1,1:01,3 Rnd + OT (5-5-5-5),Corey Anderson,Matt Van Buren
cca58aece2816dd1,Decision - Unanimous,3,5:00,3 Rnd (5-5-5),Mark Hunt,Ben Rothwell
ead2ca0d2afb46be,Decision - Split,3,5:00,3 Rnd (5-5-5),Mackenzie Dern,Ashley Yoder
55019da3a4bd5d54,KO/TKO,3,2:03,3 Rnd (5-5-5),Max Griffin,Ramiz Brahimaj
a2f46e94aa6b0c64,Decision - Unanimous,3,5:00,3 Rnd (5-5-5),Cameron Smotherman,Jake Hadley
e67e15cc6578d1c3,Decision - Split,3,5:00,3 Rnd (5-5-5),Papy Abedi,Besam Yousef
9dcf8ce308eaa050,Submission,1,4:31,3 Rnd (5-5-5),Claudio Silva,Nordine Taleb
acf658afda38d8af,Decision - Unanimous,3,5:00,3 Rnd (5-5-5),Austin Hubbard,Kyle Prepolec
a060b6b0dfe275b7,KO/TKO,1,1:00,3 Rnd (5-5-5),Travis Browne,Josh Barnett
93969a7368dc2e14,KO/TKO,1,4:40,3 Rnd (5-5-5),Alonzo Menifield,Askar Mozharov
17ba2950b7f6d64a,KO/TKO,2,2:01,3 Rnd (5-5-5),Andrei Semenov,Ricardo Almeida
ad62675e819e92fc,Decision - Unanimous,3,5:00,3 Rnd (5-5-5),Yana Santos,Julija Stoliarenko
9418ebb3db2a4bae,KO/TKO,1,1:41,3 Rnd (5-5-5),Ateba Gautier,Tre'ston Vines
c39728802a8409ee,KO/TKO,1,2:58,3 Rnd (5-5-5),Matt Lindland,Yoji Anjo
18a7dc86279066f8,Submission,1,2:26,3 Rnd (5-5-5),HyunSung Park,Carlos Hernandez
ace166f26c2ac2e8,Decision - Split,3,5:00,3 Rnd (5-5-5),Nick Maximov,Punahele Soriano
312946f6b72ebd51,Decision - Unanimous,3,5:00,3 Rnd (5-5-5),Andrei Arlovski,Philipe Lins
20971ed9a842b0cb,KO/TKO,2,4:30,3 Rnd (5-5-5),Chris Padilla,Ismael Bonfim
682ff095649c9a5c,Decision - Unanimous,3,5:00,3 Rnd (5-5-5),Alexander Hernandez,Jim Miller
22f52e3b614e0d8a,Decision - Unanimous,3,5:00,3 Rnd (5-5-5),Marco Beltran,Marlon Vera
6c25f8fd66f16d7e,KO/TKO,2,4:34,3 Rnd (5-5-5),Amanda Cooper,Angela Magana
e84fa12d87993ec5,KO/TKO,3,4:59,3 Rnd (5-5-5),Leon Edwards,Peter Sobotta
827aacd14f80e8f3,Decision - Unanimous,3,5:00,3 Rnd (5-5-5),Kamuela Kirk,Makwan Amirkhani
92fd2127f46b0cb7,KO/TKO,3,2:39,3 Rnd (5-5-5),Joaquim Silva,Jared Gordon
ecc56a86a1eead9d,KO/TKO,2,3:08,3 Rnd (5-5-5),Joaquim Silva,Jesse Ronson
bb0770ead53940f5,Submission,2,4:59,3 Rnd (5-5-5),Keita Nakamura,Kyle Noke
e62033cb1e79aa81,Decision - Unanimous,3,5:00,3 Rnd (5-5-5),Denise Gomes,Karolina Kowalkiewicz
135760b07e1fb79b,Submission,1,3:16,5 Rnd (5-5-5-5-5),Amanda Nunes,Miesha Tate
00684df5ed23e6ca,KO/TKO,1,1:25,3 Rnd (5-5-5),Li Jingliang,Dhiego Lima
2a44035824303dee,Submission,1,4:57,3 Rnd (5-5-5),Gilbert Burns,Christos Giagos
7b1bc4ff776f12c1,KO/TKO,3,3:44,3 Rnd (5-5-5),Dustin Jacoby,Vitor Petrino
0bfb221a0944f8e0,Decision - Unanimous,3,5:00,3 Rnd (5-5-5),Lucie Pudilova,Sarah Moras
494042bf96730bc0,Submission,1,1:09,3 Rnd (5-5-5),Veronica Hardy,Polyana Viana
8495283a56311b4d,KO/TKO,1,0:14,3 Rnd (5-5-5),Anthony Hamilton,Damian Grabowski
76d18b94f580be6e,KO/TKO,1,3:11,3 Rnd (5-5-5),Constantinos Philippou,Jared Hamman
1d68bb733de24b06,Decision - Split,5,5:00,5 Rnd (5-5-5-5-5),Julianna Pena,Raquel Pennington
9eef9b7967991296,Decision - Majority,3,5:00,3 Rnd (5-5-5),Jason Witt,Bryan Barberena
57d05d28e3fbee4f,Decision - Split,3,5:00,3 Rnd (5-5-5),Michelle Waterson-Gomez,Cortney Casey
ba8eda6993922ba0,Decision - Split,3,5:00,3 Rnd (5-5-5),Viacheslav Borshchev,James Llontop
bad1f36202e2c7d7,Decision - Majority,3,5:00,3 Rnd (5-5-5),TIE,TIE
656e1040e6e007b2,KO/TKO,1,3:36,3 Rnd (5-5-5),Efrain Escudero,Cole Miller
fcb3e9f89987d519,Decision - Unanimous,3,5:00,3 Rnd (5-5-5),Michel Prazeres,Mairbek Taisumov
20e28ee267d9b5dc,KO/TKO,1,4:47,3 Rnd (5-5-5),Matt Hamill,Jesse Forbes
8c5e06c71f392f33,KO/TKO,4,4:32,5 Rnd (5-5-5-5-5),Alex Pereira,Khalil Rountree Jr.
e8d336f4465e6640,KO/TKO,2,1:35,3 Rnd (5-5-5),Stevie Ray,Marcin Bandel
28af78600d6580f1,Decision - Unanimous,3,5:00,3 Rnd (5-5-5),Jack Jenkins,Don Shainis
e34d313fbe1c28f1,Decision - Split,3,5:00,3 Rnd (5-5-5),Brad Tavares,Tom Watson
0e37ea649c51fba9,KO/TKO,2,0:37,3 Rnd (5-5-5),Wilson Gouveia,Jason Lambert
ca7d61e167d7789c,Decision - Unanimous,3,5:00,3 Rnd (5-5-5),Charles Johnson,Azat Maksum
a2308473bcd77da8,Submission,1,4:33,3 Rnd (5-5-5),James Head,Papy Abedi
4e3611c9a9e20ff0,Decision - Unanimous,3,5:00,3 Rnd (5-5-5),Leandro Silva,Efrain Escudero
add991cb839af4ed,KO/TKO,1,3:56,3 Rnd (5-5-5),Amanda Nunes,Germaine de Randamie
f25e367b1cb8fab5,Submission,2,2:57,3 Rnd (5-5-5),Marcus Davis,Pete Spratt
2aef1a91d26dde42,Submission,1,3:02,3 Rnd (5-5-5),Kaan Ofli,Ricardo Ramos
b45d0e0d2bba01e9,Decision - Unanimous,3,5:00,3 Rnd (5-5-5),Gegard Mousasi,Thales Leites
543dca66a449d9d5,Decision - Unanimous,3,5:00,3 Rnd (5-5-5),Robert Whiteford,Daniel Pineda
a754766050409638,KO/TKO,2,4:17,3 Rnd (5-5-5),Chris Leben,Aaron Simpson
76b6058cddda9238,Decision - Unanimous,3,5:00,3 Rnd (5-5-5),Mateusz Rebecki,Nick Fiore
556952a9520d0ae0,Decision - Split,3,5:00,3 Rnd (5-5-5),Michael McDonald,Chris Cariaso
b309cdde35310875,KO/TKO,1,2:30,5 Rnd (5-5-5-5-5),Justin Gaethje,Edson Barboza
33007109c9ca1ede,Decision - Unanimous,3,5:00,3 Rnd (5-5-5),Karolina Kowalkiewicz,Vanessa Demopoulos
2ef54419defb2364,Decision - Unanimous,3,5:00,3 Rnd (5-5-5),Michael Chiesa,Rafael Dos Anjos
61d9eff5fa4c8578,Decision - Unanimous,3,5:00,3 Rnd (5-5-5),Randa Markos,Livinha Souza
85ddb65429a9d517,KO/TKO,1,1:30,3 Rnd (5-5-5),Khaos Williams,Carlston Harris
28990faebda68fa8,KO/TKO,2,0:29,3 Rnd (5-5-5),Mike Pierce,Aaron Simpson
2279d909f6e3e552,Submission,1,3:00,3 Rnd (5-5-5),Joel Alvarez,Alexander Yakovlev
ec8bc554a0646638,KO/TKO,2,3:38,3 Rnd (5-5-5),Dooho Choi,Bill Algeo
629c0eb319e01374,Decision - Unanimous,3,5:00,3 Rnd (5-5-5),Laureano Staropoli,Hector Aldana
94608c62dd497366,Decision - Split,3,5:00,3 Rnd (5-5-5),Trevor Smith,Brian Houston
1820fed0fbcf6294,KO/TKO,1,0:17,3 Rnd (5-5-5),Uriah Hall,Chris Weidman
717f3c3932279196,Decision - Unanimous,1,18:00,1 Rnd (18),Oleg Taktarov,Marco Ruas
156f2425a937b22f,KO/TKO,2,0:14,3 Rnd (5-5-5),Lerone Murphy,Makwan Amirkhani
88e0de323a83f241,Submission,2,4:48,3 Rnd (5-5-5),Luan Chagas,Jim Wallhead
8452f6d5a1450cfb,Decision - Unanimous,3,5:00,3 Rnd (5-5-5),Jens Pulver,Joao Roque
b35f2071e6dd4b12,KO/TKO,3,1:39,3 Rnd (5-5-5),Yoel Romero,Ronny Markes
6c2199524d762b11,KO/TKO,3,3:25,3 Rnd (5-5-5),Arman Tsarukyan,Joaquim Silva
9a6a6716cdfadc98,KO/TKO,2,1:18,5 Rnd (5-5-5-5-5),Chris Weidman,Anderson Silva
6671b567c4eb9982,KO/TKO,2,1:50,3 Rnd (5-5-5),Melsik Baghdasaryan,Collin Anglin
1641d396e409a350,Submission,1,4:21,3 Rnd (5-5-5),Erick Silva,Josh Koscheck
c91ef06766009965,KO/TKO,1,3:34,3 Rnd (5-5-5),Paul Buentello,Justin Eilers
bca5d01f8775f852,KO/TKO,2,0:13,5 Rnd (5-5-5-5-5),Alex Pereira,Jiri Prochazka
e0e4ce7595b5c26a,Decision - Unanimous,3,5:00,3 Rnd (5-5-5),Daichi Abe,Hyun Gyu Lim
c89017008da245be,KO/TKO,1,5:32,1 Rnd + OT (12-3),Rafael Carino,Matt Andersen
901e62b7af57f559,Decision - Unanimous,3,5:00,3 Rnd (5-5-5),Jonathan Martinez,Alejandro Perez
9bd9a8127b55fbf7,Decision - Unanimous,3,5:00,3 Rnd (5-5-5),Derrick Lewis,Francis Ngannou
e655774643881e6c,Decision - Unanimous,3,5:00,3 Rnd (5-5-5),Miranda Maverick,Dione Barbosa
efd7efba85092c6f,Decision - Majority,3,5:00,3 Rnd (5-5-5),Nate Landwehr,David Onama
0b58bd40373b1811,KO/TKO,1,2:18,3 Rnd (5-5-5),Wilson Gouveia,Jason MacDonald
d441715577c5934c,Decision - Unanimous,3,5:00,3 Rnd (5-5-5),Nina Nunes,Randa Markos
79f03eca3fe5cdb3,Submission,2,3:38,3 Rnd (5-5-5),Loopy Godinez,Elise Reed
825aa322af15780a,KO/TKO,2,1:24,3 Rnd (5-5-5),Josh Koscheck,Dustin Hazelett
27901ef9e82d5690,Decision - Split,3,5:00,3 Rnd (5-5-5),Andre Fili,Dennis Bermudez
f295eb2a7b0ba4b7,Decision - Split,3,5:00,3 Rnd (5-5-5),Deiveson Figueiredo,Montel Jackson
47628ab025f19796,Decision - Unanimous,3,5:00,3 Rnd (5-5-5),Yan Xiaonan,Kailin Curran
8cab057e6549afd0,Submission,1,2:07,3 Rnd (5-5-5),Bia Mesquita,Montse Rendon
c20e6697335c3b3d,Decision - Unanimous,3,5:00,3 Rnd (5-5-5),Pannie Kianzad,Lina Lansberg
f02c0adc4ae629c6,KO/TKO,2,1:53,3 Rnd (5-5-5),Drew Dober,Michael Johnson
b186f4778257ca6d,DQ,1,0:25,3 Rnd (5-5-5),Akira Corassani,Maximo Blanco
dd6dbe644f599795,Decision - Unanimous,3,5:00,3 Rnd (5-5-5),Marc Diakiese,Damir Hadzovic
bed2710e06dabe6a,Decision - Split,3,5:00,3 Rnd (5-5-5),Matt Frevola,Luis Pena
5edd1cd479f3919e,Submission,1,2:12,3 Rnd (5-5-5),Alex Morono,Joshua Burkman
958522de54ccc536,KO/TKO,1,4:21,3 Rnd (5-5-5),Gregory Rodrigues,Jack Hermansson
b9ff9ebe19ae6358,Decision - Unanimous,3,5:00,3 Rnd (5-5-5),Rob Font,Ricky Simon
e458ace6a440b738,Decision - Unanimous,3,5:00,3 Rnd (5-5-5),Krzysztof Jotko,Alen Amedovski
a06a3bc70d7c4264,KO/TKO,1,0:26,3 Rnd (5-5-5),Chris Camozzi,Joe Riggs
fa4b3f5ce8055921,Decision - Unanimous,5,5:00,5 Rnd (5-5-5-5-5),Justin Gaethje,Paddy Pimblett
9a38c18f00bb8b8e,Submission,1,1:56,1 Rnd + OT (12-3),Pete Williams,Jason Godsey
582afc25875911d1,Decision - Unanimous,3,5:00,3 Rnd (5-5-5),Jasmine Jasudavicius,Fatima Kline
0845e0f9e8d61b0f,KO/TKO,2,1:26,3 Rnd (5-5-5),David Teymur,Martin Svensson
f8ad660497e49187,KO/TKO,2,1:39,3 Rnd (5-5-5),Ed Herman,Tim Boetsch
ee46c069ebe691ff,Decision - Unanimous,3,5:00,3 Rnd (5-5-5),Katlyn Cerminara,Lauren Murphy
ccbbf1ccd4513551,Decision - Unanimous,3,5:00,3 Rnd (5-5-5),Michael Bisping,CB Dollaway
e976815e397c40e1,Decision - Unanimous,3,5:00,3 Rnd (5-5-5),Daniel Marcos,John Castaneda
bc1787883f9328be,Decision - Unanimous,3,5:00,3 Rnd (5-5-5),Deiveson Figueiredo,Alexandre Pantoja
3eac2d47ac252f4b,Decision - Unanimous,3,5:00,3 Rnd (5-5-5),Thiago Moises,Alexander Hernandez
2efbcd870f1f7bc7,Decision - Unanimous,5,5:00,5 Rnd (5-5-5-5-5),Derek Brunson,Kevin Holland
f9e07282f3444d09,Decision - Unanimous,3,5:00,3 Rnd (5-5-5),Jared Gordon,Hacran Dias
977e37adadd1b8ad,Decision - Unanimous,3,5:00,3 Rnd (5-5-5),Thiago Tavares,Sam Stout
67018331e90a9949,Decision - Unanimous,3,5:00,3 Rnd (5-5-5),Alexander Volkanovski,Darren Elkins
d170f6580e1c244f,KO/TKO,2,3:19,3 Rnd (5-5-5),Kennedy Nzechukwu,Carlos Ulberg
2b9daf452ab40b9b,Submission,1,2:54,3 Rnd (5-5-5),Bo Nickal,Jamie Pickett
99373dc33dfbf6e0,KO/TKO,1,2:27,3 Rnd (5-5-5),Marcos Rogerio de Lima,Jeremy Kimball
2eecf0c36192e40c,KO/TKO,2,2:37,5 Rnd (5-5-5-5-5),Johnny Walker,Zhang Mingyang
b7ff74563d034519,KO/TKO,1,2:52,3 Rnd (5-5-5),Desmond Green,Ross Pearson
a4bc92bfe82d0547,Decision - Unanimous,3,5:00,3 Rnd (5-5-5),TJ Waldburger,David Mitchell
e3846855a38f0bce,Decision - Majority,3,5:00,3 Rnd (5-5-5),Johny Hendricks,TJ Grant
a57b9c636ac198be,KO/TKO,4,0:57,5 Rnd (5-5-5-5-5),Michael Bisping,Cung Le
0549b655619774c5,Decision - Unanimous,3,5:00,3 Rnd (5-5-5),Alexander Gustafsson,Jan Blachowicz
a6797238f9f98644,KO/TKO,2,4:50,3 Rnd (5-5-5),Joseph Benavidez,Darren Uyenoyama
74c98716b4a74a3d,KO/TKO,1,1:20,3 Rnd (5-5-5),Jorge Rivera,Kendall Grove
419d8143afbcd61c,Decision - Unanimous,3,5:00,3 Rnd (5-5-5),Justin Scoggins,Josh Sampo
3b8b70b448b0c604,Decision - Unanimous,3,5:00,3 Rnd (5-5-5),Elias Silverio,Isaac Vallie-Flagg
a3cd6a65aaa9f104,Submission,1,2:29,3 Rnd (5-5-5),Ignacio Bahamondes,Jalin Turner
69a5895fde58432c,Submission,1,4:06,3 Rnd (5-5-5),Pat Sabatini,Jonathan Pearce
c3b733bf084c2cd0,KO/TKO,2,3:37,3 Rnd (5-5-5),Lyman Good,Andrew Craig
931fd51ab69fb443,Decision - Unanimous,3,5:00,3 Rnd (5-5-5),Jared Gordon,Danny Chavez
11eb27a1ac74d225,Decision - Unanimous,3,5:00,3 Rnd (5-5-5),Chase Hooper,Jim Miller
f7fac3df5c6dc91f,Decision - Split,3,5:00,3 Rnd (5-5-5),Jim Alers,Alan Omer
eb94412f15c62650,KO/TKO,1,4:51,3 Rnd (5-5-5),Kennedy Nzechukwu,Lukasz Brzeski
38abefbf24624a35,Decision - Split,3,5:00,3 Rnd (5-5-5),Mark De La Rosa,Joby Sanchez
957b7c74ce120a32,KO/TKO,2,1:32,3 Rnd (5-5-5),Lyoto Machida,Ryan Bader
3657196c2f624138,KO/TKO,2,3:12,3 Rnd (5-5-5),Kyle Noke,Josh Bryant
20d28c177a7d43a4,Submission,2,3:05,3 Rnd (5-5-5),Ricardo Romero,Seth Petruzelli
470a3c1b89504258,KO/TKO,1,4:45,5 Rnd (5-5-5-5-5),Alistair Overeem,Aleksei Oleinik
70e78fcf793bc82b,TKO - Doctor's Stoppage,2,5:00,3 Rnd (5-5-5),Mike Russow,Jon Madsen
5cf03fdfe557803f,Submission,2,3:04,3 Rnd (5-5-5),Marco Beltran,Reginaldo Vieira
345b1bc51f0f5e86,Decision - Unanimous,3,5:00,3 Rnd (5-5-5),Max Holloway,Ricardo Lamas
e83b214695941af1,Decision - Unanimous,3,5:00,3 Rnd (5-5-5),CB Dollaway,Jay Silva
b436dda934059631,KO/TKO,1,3:07,3 Rnd (5-5-5),Andre Fili,Sheymon Moraes
de2dad48d95305d7,KO/TKO,1,1:18,3 Rnd (5-5-5),Hyun Gyu Lim,Takenori Sato
6b47093b62155478,KO/TKO,1,4:19,3 Rnd (5-5-5),Jose Aldo,Jeremy Stephens
f5eae75fc240aaa6,KO/TKO,1,3:13,3 Rnd (5-5-5),Andre Fili,Gabriel Benitez
2389557cfa02df78,KO/TKO,1,0:43,3 Rnd (5-5-5),Alex Garcia,Ben Wall
707d6023b8723c5d,Submission,1,3:40,3 Rnd (5-5-5),Nick Osipczak,Frank Lester
d866afa89d62a4ae,KO/TKO,1,1:12,3 Rnd (5-5-5),Luigi Vendramini,Jessin Ayari
a6ba04a54eb7e8fa,Decision - Unanimous,3,5:00,3 Rnd (5-5-5),Stephen Thompson,Nah-Shon Burrell
01993fb1d4b34b21,Decision - Split,3,5:00,3 Rnd (5-5-5),Alex Caceres,Motonobu Tezuka
7979888b1fb5eb39,Decision - Unanimous,3,5:00,3 Rnd (5-5-5),Josh Emmett,Scott Holtzman
3e16a71836e85212,Decision - Unanimous,3,5:00,3 Rnd (5-5-5),Paulo Costa,Yoel Romero
c5ba56d51f6b0171,Submission,2,1:47,3 Rnd (5-5-5),Sean Brady,Christian Aguilera
53d6e37063f9c404,Decision - Split,3,5:00,3 Rnd (5-5-5),Gian Villante,Ed Herman
7b1d63d0e3e12804,Decision - Unanimous,3,5:00,3 Rnd (5-5-5),Raphael Assuncao,Johnny Eduardo
02f5621f480ad1d4,KO/TKO,2,2:49,3 Rnd (5-5-5),Calvin Kattar,Jeremy Stephens
024beecfd3f0ed7a,KO/TKO,2,0:26,3 Rnd (5-5-5),Steve Erceg,Matt Schnell
dba1add63d4bcbaa,Submission,2,4:31,3 Rnd (5-5-5),Antonio Rodrigo Nogueira,Dave Herman
d71ad0033de24fff,Decision - Unanimous,3,5:00,3 Rnd (5-5-5),Karolina Kowalkiewicz,Jodie Esquibel
dae80502466c8726,Decision - Split,3,5:00,3 Rnd (5-5-5),Azat Maksum,Tyson Nam
11a5a852313d1f5b,KO/TKO,1,2:20,3 Rnd (5-5-5),Yan Xiaonan,Jessica Andrade
d87755257628de36,Submission,1,2:21,3 Rnd (5-5-5),Carlos Eduardo Rocha,Kris McCray
f754d17d5047d536,Submission,1,2:07,3 Rnd (5-5-5),Chris Weidman,Tom Lawlor
014f7dc96c90c199,KO/TKO,3,2:10,3 Rnd (5-5-5),Jack Hermansson,Thales Leites
80572cac6ab57866,Decision - Unanimous,3,5:00,3 Rnd (5-5-5),Stephen Thompson,Jorge Masvidal
ebeeed2595266bbc,KO/TKO,1,4:58,3 Rnd (5-5-5),Sean Woodson,Fernando Padilla
5a209522211d7530,Decision - Unanimous,3,5:00,3 Rnd (5-5-5),Jasmine Jasudavicius,Karine Silva
1117f90ee81e0bbf,Decision - Unanimous,3,5:00,3 Rnd (5-5-5),Patrick Walsh,Daniel Spohn
8d9c71e110196262,Submission,2,2:31,3 Rnd (5-5-5),Michael Graves,Randy Brown
b76c0b0ed2926737,Submission,1,2:25,3 Rnd (5-5-5),Joel Alvarez,Joe Duffy
0064bbc554d85421,Submission,1,3:02,3 Rnd (5-5-5),Amir Sadollah,CB Dollaway
ab105e5a56b5ee90,Submission,2,1:17,3 Rnd (5-5-5),Jimmy Flick,Malcolm Gordon
039c645e8f3ac00f,KO/TKO,4,1:24,5 Rnd (5-5-5-5-5),Uriah Hall,Anderson Silva
34d2632fd26e7078,KO/TKO,2,3:19,5 Rnd (5-5-5-5-5),Valentina Shevchenko,Jessica Andrade
d94f1b32a81e3fa1,Submission,2,3:18,3 Rnd (5-5-5),Billy Elekana,Junior Tafa
863319fd2e711ffc,KO/TKO,1,3:55,3 Rnd (5-5-5),David Loiseau,Mark Weir
00b801e7e1679f2f,Submission,2,3:44,3 Rnd (5-5-5),Aleksei Oleinik,Travis Browne
2ef16a5ff3710c92,Submission,3,3:10,5 Rnd (5-5-5-5-5),Glover Teixeira,Ovince Saint Preux
df9847839c73a678,Decision - Unanimous,3,5:00,3 Rnd (5-5-5),Jamal Pogues,Thomas Petersen
216bc9b661485017,KO/TKO,2,1:17,3 Rnd (5-5-5),Shanelle Dyer,Ravena Oliveira
b33e3a6d15700bb1,Decision - Split,3,5:00,3 Rnd (5-5-5),Ernesta Kareckaite,Nicolle Caliari
70f08a4771138817,KO/TKO,1,3:38,3 Rnd (5-5-5),Mike Perry,Hyun Gyu Lim
50ebe7915d9f0cab,KO/TKO,1,0:27,3 Rnd (5-5-5),Chris Leben,Wanderlei Silva
e8a5e53ffd33c0f9,KO/TKO,1,1:13,3 Rnd (5-5-5),Roman Dolidze,Kyle Daukaus
8e971c1ec4b981cc,KO/TKO,2,4:53,3 Rnd (5-5-5),Marlon Vera,Wulijiburen
ade59be2e9bc1108,Submission,1,1:40,3 Rnd (5-5-5),Rafael Dos Anjos,Kamal Shalorus
f4f5049e789b7716,Decision - Unanimous,3,5:00,3 Rnd (5-5-5),Sergio Moraes,Davi Ramos
09c1d4c96efd0545,Decision - Unanimous,3,5:00,3 Rnd (5-5-5),Duane Ludwig,Amir Sadollah
755202fce24b8f83,Submission,1,3:43,5 Rnd (5-5-5-5-5),Jailton Almeida,Jairzinho Rozenstruik
6603f1d60bfeefa9,KO/TKO,1,0:17,1 Rnd + OT (12-3),Mark Kerr,Greg Stott
406154260435c65a,KO/TKO,1,4:24,3 Rnd (5-5-5),Luke Barnatt,Mats Nilsson
62d4a918256c83e8,Decision - Unanimous,3,5:00,3 Rnd (5-5-5),Spencer Fisher,Curt Warburton
21419797f539de5e,KO/TKO,3,0:25,3 Rnd (5-5-5),Antonio Silva,Alistair Overeem
664e56d8a98e2b49,KO/TKO,1,2:32,3 Rnd (5-5-5),Uriah Hall,Oluwale Bamgbose
6087c50c5f95a677,Decision - Unanimous,3,5:00,3 Rnd (5-5-5),Aleksa Camur,Justin Ledet
4000e1f32058796a,TKO - Doctor's Stoppage,2,5:00,3 Rnd (5-5-5),Joe Stevenson,Yves Edwards
8ba31cf0b3164b72,KO/TKO,1,3:37,3 Rnd (5-5-5),Jared Gordon,Thiago Moises
f88dc6e0c29cff1d,Submission,2,1:13,3 Rnd (5-5-5),Yaroslav Amosov,Joel Alvarez
73700c8c5107f719,KO/TKO,2,4:15,3 Rnd (5-5-5),Joaquin Buckley,Andre Fialho
21d2958e13389511,Decision - Unanimous,5,5:00,5 Rnd (5-5-5-5-5),Jose Aldo,Kenny Florian
dcf5014e56649c2f,Decision - Unanimous,3,5:00,3 Rnd (5-5-5),Umar Nurmagomedov,Bekzat Almakhan
ae803440d778a12b,KO/TKO,3,2:05,3 Rnd (5-5-5),Joachim Christensen,Bojan Mihajlovic
435ba9b407b844ef,Submission,2,1:37,3 Rnd (5-5-5),AJ Fletcher,Themba Gorimbo
1c4602efe5587902,Decision - Unanimous,3,5:00,3 Rnd (5-5-5),Anthony Pettis,Alex Morono
e623355d7f897b92,Decision - Unanimous,3,5:00,3 Rnd (5-5-5),John Maguire,Justin Edwards
ba65a2f56dc6a5ed,KO/TKO,1,2:43,1 Rnd + OT (12-3),Mark Coleman,Moti Horenstein
05061dd590c9eb34,Decision - Unanimous,3,5:00,3 Rnd (5-5-5),Merab Dvalishvili,Gustavo Lopez
62ac5bff3c181f50,KO/TKO,1,5:00,3 Rnd (5-5-5),Maurice Smith,Marco Ruas
0f5f1f5828ebd9c5,Decision - Unanimous,3,5:00,3 Rnd (5-5-5),Robert Peralta,Mike Lullo
244285b7fd0ddece,Decision - Unanimous,3,5:00,3 Rnd (5-5-5),Piera Rodriguez,Sam Hughes
7969abc596485189,KO/TKO,2,2:55,3 Rnd (5-5-5),Jose Torres,Jarred Brooks
689384b01b40ef5c,KO/TKO,1,2:56,3 Rnd (5-5-5),Lance Gibson Jr.,Chase Hooper
df5dac45fc585fb0,Decision - Unanimous,3,5:00,3 Rnd (5-5-5),Mario Bautista,Patchy Mix
f9109d1e7c4ff9aa,Decision - Unanimous,3,5:00,3 Rnd (5-5-5),Demian Maia,Alexander Yakovlev
dc9b52352dca15ef,KO/TKO,2,0:33,3 Rnd (5-5-5),Travis Lutter,Marvin Eastman
48b1ee7ab45add4c,KO/TKO,1,0:08,3 Rnd (5-5-5),Abdul Rakhman Yakhyaev,Julius Walker
d0c01840c72429c6,KO/TKO,1,3:24,3 Rnd (5-5-5),Jack Della Maddalena,Danny Roberts
938c2c71b84e56ff,Decision - Majority,3,5:00,3 Rnd (5-5-5),TIE,TIE
f747fbe721cdb042,Submission,1,3:14,3 Rnd (5-5-5),Evan Tanner,Justin Levens
2ca4a039c07acd38,Submission,2,4:25,3 Rnd (5-5-5),Makwan Amirkhani,Chris Fishgold
c83133ee114945ed,KO/TKO,2,2:19,3 Rnd (5-5-5),Chidi Njokuani,Elizeu Zaleski dos Santos
887c61da1a78a5e1,Decision - Unanimous,3,5:00,3 Rnd (5-5-5),Asu Almabayev,Jose Ochoa
7606d2f8d8b0e889,Submission,1,2:42,3 Rnd (5-5-5),Mariya Agapova,Hannah Cifers
ef1519c8c1d20977,Decision - Unanimous,3,5:00,3 Rnd (5-5-5),Mizuki,Jaqueline Amorim
fb98219ce569b384,KO/TKO,1,3:01,5 Rnd (5-5-5-5-5),Mark Hunt,Frank Mir
2d1ac675e6c1e6ea,KO/TKO,1,2:16,3 Rnd (5-5-5),Johnny Walker,Paul Craig
d7cbe2f23d75afd1,Decision - Split,3,5:00,3 Rnd (5-5-5),Hakeem Dawodu,Julio Arce
56d2c00dfd391fcf,KO/TKO,1,2:25,3 Rnd (5-5-5),Zhang Mingyang,Ozzy Diaz
678eb77df5589eac,Decision - Unanimous,3,5:00,3 Rnd (5-5-5),Krzysztof Jotko,Bruno Santos
92d39a17e34cf581,KO/TKO,1,4:54,3 Rnd (5-5-5),Josiane Nunes,Bea Malecki
acc9a109b00a99e1,Decision - Unanimous,3,5:00,3 Rnd (5-5-5),Nathaniel Wood,Charles Jourdain
99eb03e6c7dc4be2,Decision - Split,3,5:00,3 Rnd (5-5-5),Rashad Evans,Sam Hoger
1cde536c460b1a0e,KO/TKO,2,2:02,3 Rnd (5-5-5),Germaine de Randamie,Larissa Pacheco
11871325db7a13ec,Decision - Unanimous,3,5:00,3 Rnd (5-5-5),Joe Stevenson,Nate Diaz
3738135e4c9d8273,Decision - Unanimous,3,5:00,3 Rnd (5-5-5),Court McGee,Ramiz Brahimaj
f4bd11655adeb078,Decision - Unanimous,3,5:00,3 Rnd (5-5-5),Mickey Gall,Salim Touahri
a02764f92a84dd36,Decision - Unanimous,3,5:00,3 Rnd (5-5-5),Alan Jouban,Jared Gooden
3fc8afbb23b9ac16,Decision - Unanimous,3,5:00,3 Rnd (5-5-5),Cheyanne Vlismas,Mallory Martin
fc4fc81d3b7cc3bd,Decision - Unanimous,3,5:00,3 Rnd (5-5-5),Justin McCully,Antoni Hardonk
2f6065fe0804d1d8,Decision - Unanimous,3,5:00,3 Rnd (5-5-5),SuYoung You,Xiao Long
7151ae256e6c181b,Decision - Unanimous,3,5:00,3 Rnd (5-5-5),Jonathan Martinez,Zviad Lazishvili
8801fbb87bdedbe3,TKO - Doctor's Stoppage,2,5:00,5 Rnd (5-5-5-5-5),Carlos Condit,Thiago Alves
eb9f9f61507497a5,Decision - Split,3,5:00,3 Rnd (5-5-5),Chidi Njokuani,Rhys McKee
32a7da2f34ae3803,Decision - Unanimous,3,5:00,3 Rnd (5-5-5),Parker Porter,Josh Parisian
a6edcccdfccb9132,Submission,2,2:49,3 Rnd (5-5-5),Thiago Tavares,Jason Black
7d679c16024f6f38,Decision - Split,3,5:00,3 Rnd (5-5-5),Elias Theodorou,Eryk Anders
ae0b5ab5bc4bb6a7,Decision - Split,3,5:00,3 Rnd (5-5-5),Tony Ferguson,Danny Castillo
adee1fc200ed1a12,Decision - Unanimous,3,5:00,3 Rnd (5-5-5),Michelle Waterson-Gomez,Felice Herrig
436a1ce6b0c6b4bb,Decision - Unanimous,3,5:00,3 Rnd (5-5-5),Sean Woodson,Dennis Buzukja
8417a20d56fe6776,KO/TKO,1,1:22,5 Rnd (5-5-5-5-5),Santiago Ponzinibbio,Gunnar Nelson
7c9830ee4835f757,Decision - Unanimous,3,5:00,3 Rnd (5-5-5),Iuri Alcantara,Leandro Issa
9a79a4b97a0f1e24,Decision - Unanimous,3,5:00,3 Rnd (5-5-5),Clay Guida,Erik Koch
071d716229f5ae7f,Decision - Split,3,5:00,3 Rnd (5-5-5),Tyson Griffin,Clay Guida
6b07c3a9a95493cf,Decision - Unanimous,3,5:00,3 Rnd (5-5-5),Henry Cejudo,Chris Cariaso
cf5e8f98159c3971,KO/TKO,5,4:59,5 Rnd (5-5-5-5-5),Max Holloway,Justin Gaethje
579f3280456ad450,KO/TKO,2,0:34,3 Rnd (5-5-5),Tyson Nam,Jerome Rivera
1f5178fe56c5423f,Decision - Unanimous,3,5:00,3 Rnd (5-5-5),Aspen Ladd,Sijara Eubanks
e16f42a666e163d8,Decision - Split,3,5:00,3 Rnd (5-5-5),Rose Namajunas,Jessica Andrade
d1ad8d6ef48f7835,Decision - Split,3,5:00,3 Rnd (5-5-5),Henry Martinez,Bernardo Magalhaes
47362cae6ba0e077,KO/TKO,2,4:08,3 Rnd (5-5-5),Cam Rowston,Cody Brundage
3eb829eb77256ac0,Decision - Unanimous,3,5:00,3 Rnd (5-5-5),Brad Tavares,Seth Baczynski
23243c27deb4d596,Submission,1,4:15,3 Rnd (5-5-5),Ed Herman,Kyle Noke
4041e280dc113323,Submission,3,4:21,3 Rnd (5-5-5),Elias Silverio,Ernest Chavez
cf0e0f95524f187a,Decision - Unanimous,3,5:00,3 Rnd (5-5-5),Sijara Eubanks,Julia Avila
e861e9cc0118c670,Decision - Unanimous,3,5:00,3 Rnd (5-5-5),Michael Chiesa,Court McGee
38231925d72d1309,Decision - Split,3,5:00,3 Rnd (5-5-5),Jorge Gurgel,Danny Abbadi
1d00497a573d7f4c,KO/TKO,3,0:25,3 Rnd (5-5-5),Dong Hyun Kim,Jason Tan
ca9804845b010845,Decision - Split,3,5:00,3 Rnd (5-5-5),Viviane Pereira,Valerie Letourneau
2735a2ea77ddc0b5,Decision - Unanimous,3,5:00,3 Rnd (5-5-5),Fares Ziam,Jamie Mullarkey
d6e2bc6e6c0cc4fe,Submission,1,2:54,3 Rnd (5-5-5),Yadier del Valle,Connor Matthews
6f981a44898fb4ff,Submission,1,1:50,3 Rnd (5-5-5),Robert Sanchez,Joby Sanchez
52bae6f01ea9f926,KO/TKO,1,2:57,3 Rnd (5-5-5),Li Jingliang,Zak Ottow
fb30b2752d3dc1eb,KO/TKO,1,4:06,3 Rnd (5-5-5),Sara McMann,Sheila Gaff
25137d9cc8b47f57,Decision - Unanimous,3,5:00,3 Rnd (5-5-5),Yves Edwards,John Gunderson
346e3897c2ead99a,Decision - Majority,5,5:00,5 Rnd (5-5-5-5-5),Movsar Evloev,Lerone Murphy
4da4c5ef6a4ffc5b,Decision - Unanimous,3,5:00,3 Rnd (5-5-5),Rob Font,Sergio Pettis
8317208cfb030ed3,Decision - Unanimous,3,5:00,3 Rnd (5-5-5),Miranda Maverick,Gillian Robertson
89b27e0bfa4ef4c3,Decision - Unanimous,3,5:00,3 Rnd (5-5-5),Lyoto Machida,David Heath
6b581bb1bc9289ef,KO/TKO,2,1:06,3 Rnd (5-5-5),Paulo Costa,Oluwale Bamgbose
3c552514bb9b5c98,Decision - Unanimous,3,5:00,3 Rnd (5-5-5),Nick Ring,Court McGee
0596fc5eba5c1fe0,Decision - Unanimous,3,5:00,3 Rnd (5-5-5),Evan Dunham,Ricky Glenn
fba7d6a42f137938,Decision - Unanimous,3,5:00,3 Rnd (5-5-5),Cory Sandhagen,Raphael Assuncao
19ef5890b20f903a,Decision - Split,3,5:00,3 Rnd (5-5-5),Gabriella Fernandes,Carli Judice
743f9df5bdfbcb95,Decision - Split,3,5:00,3 Rnd (5-5-5),Yushin Okami,Mark Munoz
e830cb1df07f3466,Decision - Split,3,5:00,3 Rnd (5-5-5),Yushin Okami,Hector Lombard
673ed36fa5c12d5f,Decision - Unanimous,3,5:00,3 Rnd (5-5-5),Alexis Davis,Julija Stoliarenko
a5c5f76cf0a7c784,Decision - Unanimous,3,5:00,3 Rnd (5-5-5),Rizvan Kuniev,Jailton Almeida
97c80f69ac312030,Decision - Unanimous,3,5:00,3 Rnd (5-5-5),Vanessa Melo,Sarah Moras
394802bb096b403e,KO/TKO,2,4:29,5 Rnd (5-5-5-5-5),Jiri Prochazka,Dominick Reyes
bfff6cf22c1c569c,KO/TKO,3,0:48,3 Rnd (5-5-5),Jack Jenkins,Herbert Burns
bcab3ebdc21b0b64,Submission,5,3:10,5 Rnd (5-5-5-5-5),Anderson Silva,Chael Sonnen
d1e144ce44599f3a,Decision - Unanimous,3,5:00,3 Rnd (5-5-5),Matt Hughes,Matt Serra
96828ec042f211bf,Submission,1,1:08,3 Rnd (5-5-5),Ricardo Almeida,Rob Yundt
bc276e0f07e30a54,KO/TKO,2,4:25,3 Rnd (5-5-5),Merab Dvalishvili,Marlon Moraes
bab65d16fa74fc5b,KO/TKO,2,5:00,3 Rnd (5-5-5),Chris Gruetzemacher,Joe Lauzon
818456a713fdabe6,Decision - Unanimous,3,5:00,3 Rnd (5-5-5),Geraldo de Freitas,Felipe Colares
f5564a9eeebd4ea0,Submission,1,0:33,3 Rnd (5-5-5),Abdul Rakhman Yakhyaev,Rafael Cerqueira
1779cc4ae925df01,KO/TKO,1,0:23,3 Rnd (5-5-5),Jairzinho Rozenstruik,Chris Daukaus
2133f8798f089140,KO/TKO,1,0:25,3 Rnd (5-5-5),Iuri Alcantara,Vaughan Lee
29c9e57b23116aa2,Decision - Unanimous,5,5:00,5 Rnd (5-5-5-5-5),Frankie Edgar,BJ Penn
d3e23d7d207d3ccf,Decision - Split,3,5:00,3 Rnd (5-5-5),Daniel Rodriguez,Li Jingliang
eb10feae98ea7d36,Submission,1,4:17,3 Rnd (5-5-5),Hannah Goldy,Emily Whitmire
c571ac76ca45c1cb,KO/TKO,1,0:33,3 Rnd (5-5-5),Poliana Botelho,Syuri Kondo
1f63949591ad61bd,KO/TKO,1,0:44,3 Rnd (5-5-5),Anthony Johnson,Rogerio Nogueira
7455cb1ee651f774,Submission,1,2:04,3 Rnd (5-5-5),Kurt Pellegrino,Junior Assuncao
5c5ed0416e881faf,KO/TKO,2,4:10,3 Rnd (5-5-5),Roy Nelson,Antonio Silva
7ab1cdfe3e540856,Decision - Unanimous,3,5:00,3 Rnd (5-5-5),Yair Rodriguez,Dan Hooker
7956ae951020ce8c,Decision - Unanimous,3,5:00,3 Rnd (5-5-5),Rick Story,Thiago Alves
0d15b14d1215c853,Submission,1,1:36,3 Rnd (5-5-5),Ivan Salaverry,Tony Fryklund
edc00a33666b0b59,Submission,5,3:43,5 Rnd (5-5-5-5-5),Demetrious Johnson,John Moraga
fbbb703581440496,KO/TKO,2,3:18,3 Rnd (5-5-5),Azamat Murzakanov,Alonzo Menifield
f7fd4b82e827c9c4,KO/TKO,2,2:53,3 Rnd (5-5-5),Francis Ngannou,Luis Henrique
bc8e4abec782fd2b,Submission,1,1:21,3 Rnd (5-5-5),Jess Liaudin,Dennis Siver
405bded9cc7a7c15,Decision - Unanimous,3,5:00,3 Rnd (5-5-5),Bryan Barberena,Darian Weeks
3a2bd4fe6f08bc17,Submission,1,0:55,3 Rnd (5-5-5),TJ Waldburger,Jake Hecht
801b3f24c670f19a,KO/TKO,1,3:08,5 Rnd (5-5-5-5-5),Jan Blachowicz,Corey Anderson
b15bebf4c6b6f495,Submission,1,2:58,3 Rnd (5-5-5),Kurt Pellegrino,Nate Mohr
38d8b19a1ef5942a,KO/TKO,1,0:10,3 Rnd (5-5-5),Mark Weir,Eugene Jackson
754882d95491d287,KO/TKO,1,4:10,3 Rnd (5-5-5),Vladimir Matyushenko,Travis Wiuff
5a4f6ff454b1eeb8,KO/TKO,1,2:24,3 Rnd (5-5-5),Fabiano Iha,Daiju Takase
dbc35626d0f0576b,TKO - Doctor's Stoppage,2,5:00,3 Rnd (5-5-5),John Dodson,John Moraga
2d36e2c10ee349fe,Decision - Unanimous,3,5:00,3 Rnd (5-5-5),Caio Borralho,Makhmud Muradov
0bcb04163f8d8ead,KO/TKO,1,1:25,3 Rnd (5-5-5),Spike Carlyle,Aalon Cruz
810c9da07970c4a6,KO/TKO,3,4:23,5 Rnd (5-5-5-5-5),Ciryl Gane,Tai Tuivasa
4bb7363bb03628f6,Decision - Unanimous,3,5:00,3 Rnd (5-5-5),Demian Maia,Mario Miranda
6eaa4981d0335c8a,KO/TKO,1,4:59,3 Rnd (5-5-5),Tai Tuivasa,Stefan Struve
5b6405eeb6757637,Submission,2,4:59,3 Rnd (5-5-5),Magnus Cedenblad,Krzysztof Jotko
6068385c48de6801,KO/TKO,1,1:01,3 Rnd (5-5-5),Jake Hadley,Malcolm Gordon
0aa5be9d0e75dd42,Decision - Unanimous,5,5:00,5 Rnd (5-5-5-5-5),Jon Jones,Alexander Gustafsson
2e001d8c2f6106fc,Decision - Unanimous,3,5:00,3 Rnd (5-5-5),Alatengheili,Batgerel Danaa
1f7566c90343a680,Submission,2,4:59,3 Rnd (5-5-5),Jean Matsumoto,Dan Argueta
70aa6b8f863e6861,KO/TKO,2,3:03,3 Rnd (5-5-5),Davey Grant,Jonathan Martinez
6d7eecf4acecda2a,KO/TKO,1,2:47,3 Rnd (5-5-5),Jai Herbert,Khama Worthy
43e416795dbd10e9,Decision - Unanimous,3,5:00,3 Rnd (5-5-5),Cub Swanson,Hacran Dias
5fcf18bcd2a020f1,Decision - Unanimous,3,5:00,3 Rnd (5-5-5),JunYong Park,Ismail Naurdiev
1456a3f96ac7e35b,KO/TKO,2,1:14,3 Rnd (5-5-5),Marcos Rogerio de Lima,Junior Tafa
58eda5a58a89f739,KO/TKO,1,1:13,3 Rnd (5-5-5),Jacobe Smith,Preston Parsons
0daf776bd222daad,Decision - Majority,3,5:00,3 Rnd (5-5-5),Sam Hughes,Istela Nunes
2cdf841a057d9039,Decision - Unanimous,3,5:00,3 Rnd (5-5-5),Urijah Faber,Brad Pickett
9e99536eae6d709b,KO/TKO,3,0:39,3 Rnd (5-5-5),Jeremy Stephens,Rafael Dos Anjos
a346180c8b109469,KO/TKO,2,2:49,3 Rnd (5-5-5),Chris Curtis,Joaquin Buckley
ea535b46e0f69ad3,Decision - Unanimous,1,12:00,1 Rnd (12),Chuck Liddell,Noe Hernandez
4b9ae533ccb3fcdf,Submission,1,0:58,No Time Limit,Patrick Smith,Ray Wizard
ea824ac4b8ed8a35,Decision - Unanimous,3,5:00,3 Rnd (5-5-5),Song Kenan,Ricky Glenn
d2cb92fdf6a497e9,Decision - Unanimous,3,5:00,3 Rnd (5-5-5),Vinicius Oliveira,Kyler Phillips
11ca5d09db47708b,Decision - Split,3,5:00,3 Rnd (5-5-5),Dan Hardy,Marcus Davis
62fbdd4f0bcd3c2a,KO/TKO,1,4:54,3 Rnd (5-5-5),Ikram Aliskerov,Andre Muniz
64e1197b8d5d0706,Decision - Unanimous,3,5:00,3 Rnd (5-5-5),Sean Spencer,Drew Dober
273f9520d75f3dac,KO/TKO,2,4:41,3 Rnd (5-5-5),Elias Theodorou,Sheldon Westcott
af5b940f2c686524,Decision - Unanimous,3,5:00,3 Rnd (5-5-5),Angela Hill,Loma Lookboonmee
1de799f17556b501,Decision - Split,3,5:00,3 Rnd (5-5-5),Danny Silva,Lucas Almeida
9821faf6a5d6fd0d,Decision - Unanimous,3,5:00,3 Rnd (5-5-5),Marcus Brimage,Stephen Bass
3a38b0b566f3045d,Decision - Split,3,5:00,3 Rnd (5-5-5),Andre Ewell,Irwin Rivera
cb902d73389ed34b,KO/TKO,1,2:30,3 Rnd (5-5-5),Quillan Salkilld,Nasrat Haqparast
034cbbec91f67852,KO/TKO,1,3:42,3 Rnd (5-5-5),Montel Jackson,Rani Yahya
c483ac06b1e33c3b,Decision - Majority,5,5:00,5 Rnd (5-5-5-5-5),Leon Edwards,Kamaru Usman
430309e0f8a315d5,Decision - Unanimous,3,5:00,3 Rnd (5-5-5),Journey Newson,Fernie Garcia
0a4247ba4ae1cca5,Decision - Unanimous,3,5:00,3 Rnd (5-5-5),Andre Fili,Myles Jury
c8f946610906bffe,Decision - Split,3,5:00,3 Rnd (5-5-5),Ryan Benoit,Fredy Serrano
15311d4b33d93004,Decision - Unanimous,3,5:00,3 Rnd (5-5-5),Mark Madsen,Vinc Pichel
75523d31940c9344,Decision - Unanimous,3,5:00,3 Rnd (5-5-5),Raoni Barcelos,Said Nurmagomedov
c4caa8a4f32a0eed,Decision - Unanimous,3,5:00,3 Rnd (5-5-5),Fares Ziam,Jai Herbert
b810951e39a0af1b,Decision - Unanimous,3,5:00,3 Rnd (5-5-5),Diego Ferreira,Olivier Aubin-Mercier
068e118edac9e057,Decision - Split,3,5:00,3 Rnd (5-5-5),Keith Jardine,Chuck Liddell
8f9b16f170dbdbb6,KO/TKO,1,0:53,3 Rnd (5-5-5),Anthony Smith,Rashad Evans
cf04a408cedb37ff,Decision - Unanimous,3,5:00,3 Rnd (5-5-5),Forrest Griffin,Tito Ortiz
920b8aae22c04f13,KO/TKO,1,2:16,3 Rnd (5-5-5),Sam Alvey,Dylan Andrews
c4785ee94698e532,Decision - Majority,3,5:00,3 Rnd (5-5-5),TIE,TIE
30eb24f7904c2128,KO/TKO,1,0:30,3 Rnd (5-5-5),Khaos Williams,Abdul Razak Alhassan
867904bc58d656df,KO/TKO,3,2:08,3 Rnd (5-5-5),DaMarques Johnson,Brad Blackburn
cdedc8f026307dd7,Submission,3,2:12,3 Rnd (5-5-5),TJ Grant,Shane Roller
c3455ba522bb37eb,Decision - Unanimous,3,5:00,3 Rnd (5-5-5),Bethe Correia,Jessamyn Duke
81d20c833e9a76eb,Decision - Majority,3,5:00,3 Rnd (5-5-5),TIE,TIE
f2ced83baf0457fc,KO/TKO,1,4:09,3 Rnd (5-5-5),Matt Brown,Court McGee
42e7cc48c31d8f29,Decision - Unanimous,3,5:00,3 Rnd (5-5-5),Edson Barboza,Anthony Njokuani
b6620177ac975ff2,Decision - Split,3,5:00,3 Rnd (5-5-5),Tim Boetsch,Hector Lombard
cd67f6ddb2920193,Decision - Unanimous,3,5:00,3 Rnd (5-5-5),Curtis Blaydes,Mark Hunt
45f00a42a17f8e2a,KO/TKO,2,3:47,3 Rnd (5-5-5),Bryan Battle,Kevin Jousset
5d8af316413ea2f7,Submission,3,3:05,3 Rnd (5-5-5),Andre Lima,Daniel Barez
7259a1046143e632,KO/TKO,1,1:31,3 Rnd (5-5-5),Edimilson Souza,Katsunori Kikuno
047d6739aa1d5c1e,Decision - Unanimous,3,5:00,3 Rnd (5-5-5),Drew Dober,Jon Tuck
e835e9a4564db497,KO/TKO,4,1:38,5 Rnd (5-5-5-5-5),Alexander Volkov,Fabricio Werdum
78410b48feaba213,Submission,3,2:58,3 Rnd (5-5-5),Thales Leites,Chris Camozzi
24ff0bb908095565,Decision - Unanimous,3,5:00,3 Rnd (5-5-5),Carlos Condit,Court McGee
58e21d505c082a9e,Decision - Unanimous,3,5:00,3 Rnd (5-5-5),Aljamain Sterling,Jimmie Rivera
418b6f692abe9e35,Submission,1,4:53,3 Rnd (5-5-5),James Vick,Jake Matthews
8f6dda53ea3b09c7,KO/TKO,2,5:00,3 Rnd (5-5-5),Tony Ferguson,Anthony Pettis
6ed495c177d69a3a,Submission,2,1:58,3 Rnd (5-5-5),Aliaskhab Khizriev,Denis Tiuliulin
dad759ec50508147,Decision - Unanimous,3,5:00,3 Rnd (5-5-5),Gabriel Bonfim,Ange Loosa
8b9e9f283e76b429,Decision - Unanimous,3,5:00,3 Rnd (5-5-5),Raquel Pennington,Marion Reneau
bb7df9a9c9a69914,Decision - Split,3,5:00,3 Rnd (5-5-5),Daniel Roberts,Forrest Petz
22fdf7a08691db5d,Decision - Unanimous,3,5:00,3 Rnd (5-5-5),Al Iaquinta,Piotr Hallmann
981e2f5a8e46a1f1,KO/TKO,3,1:31,5 Rnd (5-5-5-5-5),Dan Henderson,Mauricio Rua
8ba089858a7d647b,KO/TKO,1,2:13,3 Rnd (5-5-5),Cyrille Diabate,Luiz Cane
de78bdd8c734e8ab,KO/TKO,2,3:27,3 Rnd (5-5-5),Amir Sadollah,DaMarques Johnson
537012aa6fb20f00,Decision - Unanimous,3,5:00,3 Rnd (5-5-5),Tim Sylvia,Assuerio Silva
e5e3c3a055df3016,Decision - Unanimous,5,5:00,5 Rnd (5-5-5-5-5),Georges St-Pierre,Nick Diaz
3dcb1a7b081afbe1,Submission,1,1:45,3 Rnd (5-5-5),Aleksei Oleinik,Junior Albini
c0e8b02fd4a5e56c,Submission,2,3:11,3 Rnd (5-5-5),Din Thomas,Rich Clementi
9e4dcac049327529,Decision - Split,3,5:00,3 Rnd (5-5-5),Tony Gravely,Geraldo de Freitas
e59aabdfba9d6c45,KO/TKO,2,2:21,3 Rnd (5-5-5),Thiago Santos,Jack Marshman
06a75406d3dd5cfd,Decision - Unanimous,3,5:00,3 Rnd (5-5-5),Jorge Rivera,Dennis Hallman
4f7a7a0b67f085b3,KO/TKO,1,4:55,3 Rnd (5-5-5),Cheick Kongo,Dan Evensen
345f0bd50451a321,Submission,2,3:12,3 Rnd (5-5-5),Jimy Hettes,Alex Caceres
8c47c4b9503dd5b4,Decision - Unanimous,3,5:00,3 Rnd (5-5-5),Ryan LaFlare,John Howard
5b49c3d36907c6df,Decision - Unanimous,3,5:00,3 Rnd (5-5-5),Charles Radtke,Francisco Prado
e9700d51ec2b940b,Submission,2,2:14,5 Rnd (5-5-5-5-5),Daniel Cormier,Derrick Lewis
9d9c2c8802d21887,KO/TKO,1,1:18,3 Rnd (5-5-5),Andrei Arlovski,Ian Freeman
405c0b8d3960016d,KO/TKO,1,2:30,5 Rnd (5-5-5-5-5),Derek Brunson,Lyoto Machida
26f876a7fb1020e1,TKO - Doctor's Stoppage,2,5:00,3 Rnd (5-5-5),Jimi Manuwa,Kyle Kingsbury
aa3fca085d476636,Decision - Unanimous,3,5:00,3 Rnd (5-5-5),Grant Dawson,Diego Ferreira
fe49ef11584415d0,Submission,1,1:40,3 Rnd (5-5-5),Roan Carneiro,Mark Munoz
ef99fb08c6b06963,DQ,3,4:21,3 Rnd (5-5-5),Matt Lindland,Ricardo Almeida
5a346087f4120fa3,KO/TKO,1,1:59,3 Rnd (5-5-5),Matt Mitrione,Gabriel Gonzaga
4c05732d411d6412,Decision - Unanimous,3,5:00,3 Rnd (5-5-5),Claudia Gadelha,Cortney Casey
b1af3bd0f8266a90,Decision - Unanimous,3,5:00,3 Rnd (5-5-5),Emily Ducote,Jessica Penne
a2620cbef573a837,KO/TKO,1,0:18,3 Rnd (5-5-5),Phil Hawes,Jacob Malkoun
30d0cab706e43838,Submission,1,3:32,3 Rnd (5-5-5),Thiago Alves,Papy Abedi
775788423f5eeb99,Decision - Unanimous,3,5:00,3 Rnd (5-5-5),Fares Ziam,Mike Davis
17daeb7e36e60cdf,Submission,2,2:52,3 Rnd (5-5-5),Demian Maia,Neil Magny
530558f01ac425af,Decision - Unanimous,3,5:00,3 Rnd (5-5-5),Danny Castillo,Paul Sass
b4a81d7eb4e42c1c,Decision - Split,3,5:00,3 Rnd (5-5-5),Gray Maynard,Roger Huerta
03938272fb7c3971,Decision - Unanimous,3,5:00,3 Rnd (5-5-5),Jacob Volkmann,Danny Castillo
c814ef3b3a26e2fe,Decision - Unanimous,3,5:00,3 Rnd (5-5-5),Pannie Kianzad,Jessica-Rose Clark
98903717ea3dfc24,Submission,1,0:57,3 Rnd (5-5-5),Magnus Cedenblad,Jared Hamman
836a188a90e479a5,Decision - Unanimous,3,5:00,3 Rnd (5-5-5),Jean Silva,Arnold Allen
f1cc9169813c4a3e,KO/TKO,1,2:50,3 Rnd (5-5-5),Ramazan Temirov,CJ Vergara
bee02eaf332eb7f1,Submission,1,1:45,3 Rnd (5-5-5),Lee Murray,Jorge Rivera
20cefe64f4b28be8,KO/TKO,1,3:49,3 Rnd (5-5-5),Adrian Yanez,Tony Kelley
3559cab3329e5431,Submission,3,1:51,3 Rnd (5-5-5),Clay Guida,Rafael Dos Anjos
90a5ddd6738605d9,KO/TKO,2,1:34,3 Rnd (5-5-5),Nordine Taleb,Erick Silva
fbc7d73f7bf60b9c,KO/TKO,1,4:20,3 Rnd (5-5-5),Brad Tavares,Phil Baroni
c9d2abc25651a1a7,KO/TKO,3,1:23,3 Rnd (5-5-5),Ricco Rodriguez,Andrei Arlovski
21751a3cc69e5aae,Decision - Unanimous,3,5:00,3 Rnd (5-5-5),Mike Easton,Ivan Menjivar
692241119228cc82,KO/TKO,1,1:35,5 Rnd (5-5-5-5-5),Michael Johnson,Dustin Poirier
73c70a628f0ef14b,Submission,3,1:26,5 Rnd (5-5-5-5-5),Carla Esparza,Rose Namajunas
0ccc86f7d0e84c3e,TKO - Doctor's Stoppage,1,1:31,3 Rnd (5-5-5),Jordan Wright,Ike Villanueva
78912b78aa946375,Submission,2,3:31,3 Rnd (5-5-5),Jonathan Micallef,Oban Elliott
11f7bac5037a184c,Decision - Split,3,5:00,3 Rnd (5-5-5),Trevin Giles,James Krause
6d6a1834e0d18f0c,Decision - Unanimous,3,5:00,3 Rnd (5-5-5),Steven Siler,Kurt Holobaugh
f9b600343a31227b,KO/TKO,2,4:34,3 Rnd (5-5-5),Fabricio Werdum,Gabriel Gonzaga
bdbddbc00d07dc4b,Decision - Unanimous,3,5:00,3 Rnd (5-5-5),Rafa Garcia,Clay Guida
6ec62f8822843edf,KO/TKO,1,3:11,3 Rnd (5-5-5),Dong Hyun Kim,Dominic Waters
74099d470e8d2765,Submission,1,3:35,3 Rnd (5-5-5),Brunno Ferreira,Jackson McVey
830bf05d0ee635a1,KO/TKO,1,1:27,3 Rnd (5-5-5),Alessio Sakara,Joe Vedepo
17affee2c796c225,KO/TKO,1,1:40,3 Rnd (5-5-5),Alex Karalexis,Josh Rafferty
72372c31dee3cadc,Decision - Unanimous,3,5:00,3 Rnd (5-5-5),Ross Pearson,Spencer Fisher
60162c95d921d1ae,Submission,1,1:23,3 Rnd (5-5-5),Matt Schnell,Jordan Espinosa
1f52e665587dc645,Decision - Split,3,5:00,3 Rnd (5-5-5),Ketlen Vieira,Cat Zingano
bf41783b9446891e,Decision - Unanimous,3,5:00,3 Rnd (5-5-5),Zak Cummings,Trevor Smith
920665daa1261dbc,Decision - Unanimous,3,5:00,3 Rnd (5-5-5),John Hathaway,Pascal Krauss
cce5b9dfe84630fa,KO/TKO,3,0:49,3 Rnd (5-5-5),Kajan Johnson,Adriano Martins
09ab925c4cfe0cc5,KO/TKO,1,3:49,3 Rnd (5-5-5),Dustin Ortiz,Matheus Nicolau
c74eef9b337602c6,KO/TKO,1,1:14,3 Rnd (5-5-5),Justin Eilers,Mike Kyle
562d3261ca7bdf01,Decision - Unanimous,3,5:00,3 Rnd (5-5-5),Nicholas Musoke,Alexander Yakovlev
9b9591a4f7febe32,Decision - Unanimous,5,5:00,5 Rnd (5-5-5-5-5),Demetrious Johnson,John Dodson
93c4b798134c71d4,KO/TKO,1,2:07,5 Rnd (5-5-5-5-5),Vitor Belfort,Dan Henderson
bbb810f50d60b31a,Decision - Unanimous,3,5:00,3 Rnd (5-5-5),Ramsey Nijem,Justin Edwards
7510b0c96f5707ea,KO/TKO,1,3:04,3 Rnd (5-5-5),Maycee Barber,Gillian Robertson
8f5e57a21383fa87,KO/TKO,1,4:10,3 Rnd (5-5-5),Jess Liaudin,Anthony Torres
bf6857338637013b,Decision - Unanimous,3,5:00,3 Rnd (5-5-5),Rani Yahya,Josh Clopton
d361b51952944a26,Submission,3,4:23,5 Rnd (5-5-5-5-5),Georges St-Pierre,Michael Bisping
79865287be90e4be,Submission,2,2:48,5 Rnd (5-5-5-5-5),Charles Oliveira,Mateusz Gamrot
2c0cddd12deb7450,KO/TKO,1,4:59,5 Rnd (5-5-5-5-5),Jairzinho Rozenstruik,Augusto Sakai
68ba4aca75b02496,KO/TKO,3,1:00,3 Rnd (5-5-5),Anthony Rocco Martin,Ryan LaFlare
57871671074ceb4c,Decision - Unanimous,3,5:00,3 Rnd (5-5-5),Andrei Arlovski,Fabricio Werdum
01f262b68a6a2223,Decision - Split,3,5:00,3 Rnd (5-5-5),Matheus Nicolau,Manel Kape
3627f5133ce55902,Submission,2,2:07,3 Rnd (5-5-5),Ben Rothwell,Chris Barnett
ba6093c9136f99e9,Decision - Unanimous,3,5:00,3 Rnd (5-5-5),Carlos Felipe,Yorgan De Castro
51e684bfce8d94aa,KO/TKO,2,2:36,5 Rnd (5-5-5-5-5),Jeremy Stephens,Dooho Choi
6257627ba49e42ab,Decision - Unanimous,3,5:00,3 Rnd (5-5-5),John Dodson,Zach Makovsky
31c4518a1e71c050,KO/TKO,2,4:36,3 Rnd (5-5-5),Alex White,Mitch Clarke
c2fc4c1e0c769655,KO/TKO,2,4:59,3 Rnd (5-5-5),Dricus Du Plessis,Derek Brunson
751f2796809d2a6f,Decision - Unanimous,3,5:00,3 Rnd (5-5-5),Urijah Faber,Iuri Alcantara
499557c33e67deaf,KO/TKO,3,1:26,3 Rnd (5-5-5),Patrick Cote,Joshua Burkman
e92abaf81ad5949b,TKO - Doctor's Stoppage,1,7:25,1 Rnd + OT (12-3),Steve Nelmark,Tai Bowden
0ddf834a47533d15,KO/TKO,2,4:59,3 Rnd (5-5-5),Cody Garbrandt,Raphael Assuncao
3fc4d9f17be8d003,KO/TKO,2,2:15,1 Rnd + OT (12-3),Bas Rutten,Tsuyoshi Kohsaka
24581e2b39fe3319,Submission,2,3:43,3 Rnd (5-5-5),Charles Jourdain,Victor Henry
438fbdd4cf27e324,Decision - Unanimous,3,5:00,3 Rnd (5-5-5),Rashad Coulter,Hu Yaozong
8a8fea2c10512434,Submission,3,2:44,3 Rnd (5-5-5),Julian Erosa,Sean Woodson
a6b211d8dab5edec,Decision - Split,3,5:00,3 Rnd (5-5-5),Jeisla Chaves,Yuneisy Duben
72a3ec0672871ab4,DQ,1,1:26,3 Rnd (5-5-5),Patrick Cote,Alessio Sakara
ea9edb20f527b49e,TKO - Doctor's Stoppage,3,3:37,3 Rnd (5-5-5),Jesse Lennox,Danillo Villefort
1f9ac1648b8e501e,Decision - Unanimous,3,5:00,3 Rnd (5-5-5),Ryan LaFlare,Roan Carneiro
08489fdfb56ee19c,Decision - Split,3,5:00,3 Rnd (5-5-5),Andre Fili,Cub Swanson
0eac602503b48b1a,Submission,2,2:29,3 Rnd (5-5-5),Leonardo Santos,Anthony Rocco Martin
f8c9a597f719d75c,Decision - Unanimous,3,5:00,3 Rnd (5-5-5),Jorge Masvidal,Pat Healy
9f66d450af690df5,Decision - Split,3,5:00,3 Rnd (5-5-5),MarQuel Mederos,Austin Hubbard
a91fdb21a7ff52e5,Decision - Split,3,5:00,3 Rnd (5-5-5),Montana De La Rosa,Andrea Lee
5aeac72404dd7c6d,Submission,2,3:50,3 Rnd (5-5-5),Piotr Hallmann,Francisco Trinaldo
cd3bb8a2824fbf22,Decision - Unanimous,3,5:00,3 Rnd (5-5-5),Alexander Volkov,Sergei Pavlovich
c6c37a9e8990baba,KO/TKO,1,1:18,3 Rnd (5-5-5),Rafael Cavalcante,Igor Pokrajac
c06eaf92bdfde8e6,Decision - Unanimous,3,5:00,3 Rnd (5-5-5),Eric Shelton,Jenel Lausa
58b7b23b46f4ccd6,Submission,1,1:52,3 Rnd (5-5-5),Tony Ferguson,Mike Rio
6e26a6293ea6ba62,KO/TKO,2,2:07,3 Rnd (5-5-5),Gillian Robertson,Marina Rodriguez
412735f3e0b66ea6,Decision - Split,3,5:00,3 Rnd (5-5-5),Shamil Abdurakhimov,Walt Harris
b7b867eb3c3cf163,Decision - Unanimous,3,5:00,3 Rnd (5-5-5),Charles Oliveira,Tony Ferguson
d22c19fd92426567,Submission,2,2:30,3 Rnd (5-5-5),Nikita Krylov,Ovince Saint Preux
154138c8fc89c315,Submission,3,1:44,3 Rnd (5-5-5),Reinier de Ridder,Gerald Meerschaert
88933cf1edd83034,Decision - Unanimous,3,5:00,3 Rnd (5-5-5),Daron Cruickshank,Anthony Njokuani
06b3226c34c17001,KO/TKO,1,2:38,3 Rnd (5-5-5),Carlston Harris,Impa Kasanganay
3c98739eb42f96bf,Submission,2,4:58,3 Rnd (5-5-5),Shavkat Rakhmonov,Neil Magny
151f9966cae7682c,Submission,1,4:59,3 Rnd (5-5-5),Roland Delorme,Nick Denis
307b12b9f08a4cbf,KO/TKO,1,2:40,3 Rnd (5-5-5),Cub Swanson,Charles Oliveira
83a0fff04494bfc4,Decision - Majority,3,5:00,3 Rnd (5-5-5),TIE,TIE
2e5a301f042f1fd6,KO/TKO,1,3:59,3 Rnd (5-5-5),Kendall Grove,Chris Price
1574bb7476c9e556,KO/TKO,1,3:34,3 Rnd (5-5-5),Sam Alvey,Cezar Ferreira
94c1844d487490ef,KO/TKO,1,4:38,3 Rnd (5-5-5),Spencer Fisher,Dan Lauzon
92c1d9a6d313cb0c,Decision - Unanimous,3,5:00,3 Rnd (5-5-5),Michael Johnson,Marc Diakiese
d1c519260c0ddf3a,Submission,1,4:07,3 Rnd (5-5-5),Tyson Pedro,Khalil Rountree Jr.
b3044bf646306e7f,Decision - Unanimous,3,5:00,3 Rnd (5-5-5),Nursulton Ruziboev,Dustin Stoltzfus
fc8ad0c7fc70dde7,Decision - Unanimous,3,5:00,3 Rnd (5-5-5),Diego Lopes,Dan Ige
357f438c15e1326f,Submission,1,2:21,3 Rnd (5-5-5),Renato Sobral,Mike van Arsdale
149d6b90f33634a4,Decision - Unanimous,5,5:00,5 Rnd (5-5-5-5-5),Marina Rodriguez,Mackenzie Dern
fd2f0f36b1eb5f83,Decision - Unanimous,3,5:00,3 Rnd (5-5-5),Nate Marquardt,Ivan Salaverry
dcee56e0cbfacb45,Decision - Unanimous,3,5:00,3 Rnd (5-5-5),Kevin Lee,Michel Prazeres
bd4d2522cb0d1a23,KO/TKO,3,3:53,3 Rnd (5-5-5),Amanda Ribas,Luana Pinheiro
b4407dd3627c1675,Decision - Unanimous,3,5:00,3 Rnd (5-5-5),Francisco Rivera,Alex Soto
3bcbb0e039f4f5d8,Submission,1,2:26,3 Rnd (5-5-5),Jake Collier,Chase Sherman
e6ce8360ef43891c,KO/TKO,3,4:25,3 Rnd (5-5-5),Felicia Spencer,Leah Letson
3c27780140809908,Submission,1,2:25,3 Rnd (5-5-5),Pete Spratt,Zach Light
a99c3328e25c51c7,Decision - Unanimous,3,5:00,3 Rnd (5-5-5),Gabriel Gonzaga,Konstantin Erokhin
178c4926223dca0c,Decision - Unanimous,3,5:00,3 Rnd (5-5-5),Neil Magny,Geoff Neal
a507bfa374885a25,KO/TKO,1,4:10,5 Rnd (5-5-5-5-5),Andrei Arlovski,Justin Eilers
6158150558be0edf,Decision - Unanimous,2,3:00,1 Rnd + OT (12-3),Joe Moreira,Yuri Vaulin
feaf740e3ae53b7c,Decision - Split,3,5:00,3 Rnd (5-5-5),Shane Burgos,Cub Swanson
0b633295d9e017a3,Submission,2,3:26,5 Rnd (5-5-5-5-5),Julianna Pena,Amanda Nunes
37a8c442fb38db75,Decision - Unanimous,3,5:00,3 Rnd (5-5-5),Ryan Hall,Darren Elkins
08602f790f09d949,KO/TKO,1,0:54,3 Rnd (5-5-5),Mark Munoz,CB Dollaway
278b965694e563b2,Submission,1,3:39,3 Rnd (5-5-5),Aleksei Oleinik,Jared Vanderaa
6ae2cd7feede5a33,KO/TKO,2,3:01,3 Rnd (5-5-5),Rich Franklin,Travis Lutter
2cd6330ef18210b9,KO/TKO,1,1:28,3 Rnd (5-5-5),Joe Slick,Jason DeLucia
ae0a91c8f92f4758,Decision - Unanimous,3,5:00,3 Rnd (5-5-5),Jean Matsumoto,Bekzat Almakhan
25f3e4fa781c1c8a,Decision - Unanimous,3,5:00,3 Rnd (5-5-5),Manon Fiorot,Katlyn Cerminara
977e56ada4acc596,TKO - Doctor's Stoppage,3,5:00,5 Rnd (5-5-5-5-5),Randy Couture,Vitor Belfort
77862f580ce9bca8,Decision - Unanimous,3,5:00,3 Rnd (5-5-5),Michihiro Omigawa,Jason Young
f01851055b8309e0,KO/TKO,2,4:27,3 Rnd (5-5-5),Fatima Kline,Viktoriia Dudakova
9172138df0d70cb0,Submission,2,2:19,3 Rnd (5-5-5),Kenny Florian,Clay Guida
9cb4196446f3ce79,Submission,3,2:55,3 Rnd (5-5-5),Julio Arce,Daniel Teymur
1378fc2be3819b2b,KO/TKO,1,1:12,3 Rnd (5-5-5),Ricardo Ramos,Danny Chavez
edcb573f1462846e,KO/TKO,5,2:26,5 Rnd (5-5-5-5-5),TJ Dillashaw,Renan Barao
2b2a50d442da2b84,DQ,1,1:51,3 Rnd (5-5-5),James Irvin,Luiz Cane
a255ed658a2ac9bb,Decision - Unanimous,3,5:00,3 Rnd (5-5-5),Darren Stewart,Bevon Lewis
fadb129e71d8fc22,Decision - Unanimous,3,5:00,3 Rnd (5-5-5),Dhiego Lima,Jorge de Oliveira
816662e622987a14,Decision - Unanimous,5,5:00,5 Rnd (5-5-5-5-5),Leon Edwards,Rafael Dos Anjos
f6246d2b9f663e33,KO/TKO,2,0:10,3 Rnd (5-5-5),Matt Mitrione,Marcus Jones
b3f1253d0a991791,Decision - Unanimous,3,5:00,3 Rnd (5-5-5),Trey Ogden,Loik Radzhabov
81b0c08f7503e79a,Submission,1,3:09,2 Rnd (5-5),Scott Adams,Ian Freeman
a637cd1012af870f,KO/TKO,3,0:51,3 Rnd (5-5-5),Alex Oliveira,Piotr Hallmann
1e603e6aa6d1a750,KO/TKO,1,4:05,5 Rnd (5-5-5-5-5),Conor McGregor,Diego Brandao
87b61c1d72232a84,Decision - Split,3,5:00,3 Rnd (5-5-5),Leonardo Santos,Adriano Martins
2be2c9ddfbee0cd4,KO/TKO,2,1:12,3 Rnd (5-5-5),Glover Teixeira,Patrick Cummins
537b3cef39d2d573,KO/TKO,3,0:15,3 Rnd (5-5-5),Thiago Moises,Mitch Ramirez
d39ce3ecd3fbdadf,Decision - Unanimous,3,5:00,3 Rnd (5-5-5),Stephan Bonnar,Keith Jardine
37d988593cb5f14a,Decision - Unanimous,3,5:00,3 Rnd (5-5-5),Sean Pierson,Matthew Riddle
8cd583f6d10692bc,Decision - Unanimous,3,5:00,3 Rnd (5-5-5),Mario Bautista,Jay Perrin
4fa02674b920ff0a,Decision - Unanimous,3,5:00,3 Rnd (5-5-5),Dustin Poirier,Joe Duffy
e94d7bfb0c92e30d,KO/TKO,1,1:01,3 Rnd (5-5-5),Gabriel Gonzaga,Josh Hendricks
e57a78a422439774,Decision - Unanimous,3,5:00,3 Rnd (5-5-5),Ricky Simon,Montel Jackson
d684d8b02ab53031,Submission,3,2:54,3 Rnd (5-5-5),Casey O'Neill,Lara Procopio
4a789cdd5aaf4439,Decision - Split,3,5:00,3 Rnd (5-5-5),JunYong Park,Eryk Anders
cf3a93dd5460593c,Decision - Unanimous,3,5:00,3 Rnd (5-5-5),Darren Elkins,Robert Whiteford
5f7111b982bcf6e3,Decision - Unanimous,3,5:00,3 Rnd (5-5-5),Ketlen Vieira,Jacqueline Cavalcanti
e5461559114e30ff,Submission,3,3:27,3 Rnd (5-5-5),Matheus Nicolau,Bruno Korea
f4a2806f77ac1cdc,KO/TKO,1,4:54,3 Rnd (5-5-5),Jessica Andrade,Cynthia Calvillo
f519753cc38362d0,Decision - Unanimous,3,5:00,3 Rnd (5-5-5),James Vick,Glaico Franca Moreira
de1124dba8c1a1b0,Decision - Unanimous,3,5:00,3 Rnd (5-5-5),Sean Pierson,Lance Benoist
9c3c0818f0c32768,Decision - Unanimous,5,5:00,5 Rnd (5-5-5-5-5),Georges St-Pierre,Jake Shields
96704d7ba3a452d9,KO/TKO,3,0:23,5 Rnd (5-5-5-5-5),Max Holloway,Chan Sung Jung
f0c4aff7dd1ec4e9,Decision - Unanimous,3,5:00,3 Rnd (5-5-5),Yan Xiaonan,Tabatha Ricci
826b03504b9bad4e,Decision - Unanimous,3,5:00,3 Rnd (5-5-5),Caol Uno,Din Thomas
4c7e55061dc3bf89,Submission,1,0:58,3 Rnd (5-5-5),Muhammad Mokaev,Cody Durden
4ce53d8a26693f06,Decision - Unanimous,3,5:00,3 Rnd (5-5-5),Jake Matthews,Francisco Prado
c0982b3919cc74f0,KO/TKO,1,1:18,3 Rnd (5-5-5),Eryk Anders,Vinicius Moreira
4d9d371b8db6fb91,Decision - Unanimous,3,5:00,3 Rnd (5-5-5),Jessica Andrade,Tecia Pennington
5ac1725f775c6f00,KO/TKO,2,1:01,3 Rnd (5-5-5),Steve Garcia,Melquizael Costa
5ff0c4c6006f0873,KO/TKO,1,1:32,3 Rnd (5-5-5),Myles Jury,Takanori Gomi
8182dbc752c71137,Submission,2,4:39,3 Rnd (5-5-5),Anthony Hernandez,JunYong Park
3aa49ed298e4c34f,Submission,1,4:55,3 Rnd (5-5-5),Karine Silva,Poliana Botelho
3d35f25d9792a69a,KO/TKO,2,4:10,3 Rnd (5-5-5),Jonathan Pearce,Makwan Amirkhani
3a932a4cacacc939,KO/TKO,1,0:44,3 Rnd (5-5-5),Fredy Serrano,Yao Zhikui
849cc2c331e9b24f,Decision - Unanimous,3,5:00,3 Rnd (5-5-5),Tracy Cortez,Stephanie Egger
0f88658e787815c8,KO/TKO,1,3:00,3 Rnd (5-5-5),Dan Hooker,Jim Miller
2fec2ba8ea346a3a,Decision - Unanimous,3,5:00,3 Rnd (5-5-5),Jon Madsen,Mostapha Al-Turk
387bdcc2ca8709c1,Submission,1,2:56,3 Rnd (5-5-5),Kalib Starnes,Danny Abbadi
d4c314616eac8f8b,Decision - Unanimous,3,5:00,3 Rnd (5-5-5),Jimmie Rivera,Cody Stamann
db1be0ca226d3a2f,KO/TKO,3,4:40,3 Rnd (5-5-5),Brian Ortega,Clay Guida
83d59f5e52e0ac46,Decision - Unanimous,3,5:00,3 Rnd (5-5-5),Brad Riddell,Jamie Mullarkey
16da233dcf7fecc8,KO/TKO,1,4:41,3 Rnd (5-5-5),Ricardo Lamas,Matt Grice
2e1435c160bfe8b2,Submission,2,3:26,3 Rnd (5-5-5),Daniel Zellhuber,Christos Giagos
f747701638da90ae,KO/TKO,2,0:24,3 Rnd (5-5-5),Robbie Lawler,Bobby Voelker
3f76035e52e8819b,Submission,3,2:56,3 Rnd (5-5-5),Julian Erosa,Charles Jourdain
049659c5a58ebb61,Submission,3,4:40,3 Rnd (5-5-5),Chris Leben,Yoshihiro Akiyama
bfb7d17161aec938,Decision - Unanimous,3,5:00,3 Rnd (5-5-5),Andrei Arlovski,Stefan Struve
1b02588149d126bf,Decision - Split,3,5:00,3 Rnd (5-5-5),Caolan Loughran,Nathan Fletcher
adede42d4c20494c,Decision - Unanimous,3,5:00,3 Rnd (5-5-5),Thiago Silva,Matt Hamill
03c2a836d033be8f,Decision - Unanimous,5,5:00,5 Rnd (5-5-5-5-5),Zhang Weili,Tatiana Suarez
0e9b7e682e0a79f1,Submission,3,3:57,3 Rnd (5-5-5),Erick Silva,Luan Chagas
d77a72e3fa8db853,KO/TKO,2,2:30,3 Rnd (5-5-5),Pat Barry,Antoni Hardonk
4ec5d9bd1442e6c1,KO/TKO,2,2:23,3 Rnd (5-5-5),Dricus Du Plessis,Robert Whittaker
0051d7fbb7893d27,Decision - Unanimous,3,5:00,3 Rnd (5-5-5),Cole Miller,Andy Ogle
0e3af9b5e1b3ae80,Decision - Unanimous,3,5:00,3 Rnd (5-5-5),Kyler Phillips,Gabriel Silva
af4cbb9072814a86,KO/TKO,1,1:21,3 Rnd (5-5-5),Junior Dos Santos,Fabricio Werdum
1de342e9309c5f0f,Submission,2,1:49,3 Rnd (5-5-5),Gerald Meerschaert,Makhmud Muradov
adb411b0f418ce33,Decision - Unanimous,3,5:00,3 Rnd (5-5-5),Mizuki,Hannah Goldy
c5f0c83e303d80bf,Decision - Unanimous,3,5:00,3 Rnd (5-5-5),Katlyn Cerminara,Mara Romero Borella
52565f62fb3822db,Decision - Split,3,5:00,3 Rnd (5-5-5),Makwan Amirkhani,Jason Knight
5ae5eb729c6bb169,Decision - Unanimous,5,5:00,5 Rnd (5-5-5-5-5),Marlon Vera,Rob Font
15f48dd8cf8ae455,Decision - Unanimous,3,5:00,3 Rnd (5-5-5),Randy Brown,Matt Dwyer
aebdb007f8d1348a,KO/TKO,1,1:21,3 Rnd (5-5-5),Jeremy Kimball,Josh Stansbury
c47796e11a801e12,Submission,3,4:52,3 Rnd (5-5-5),Bryce Mitchell,Santiago Luna
d1bee15e60ee6721,Submission,1,1:50,5 Rnd (5-5-5-5-5),Ovince Saint Preux,Yushin Okami
d61a7b593218234b,Submission,2,2:38,3 Rnd (5-5-5),Beneil Dariush,Daron Cruickshank
676561d9690ce31d,Decision - Unanimous,3,5:00,3 Rnd (5-5-5),Song Kenan,Derrick Krantz
a6b328733d610e2b,KO/TKO,3,2:01,3 Rnd (5-5-5),Geoff Neal,Vicente Luque
3209bcfaf95de90b,Submission,2,0:26,3 Rnd (5-5-5),Impa Kasanganay,Sasha Palatnikov
dfa2fda311df08cf,Decision - Unanimous,3,5:00,3 Rnd (5-5-5),Viviane Araujo,Alexis Davis
c547b3e95bcc5f24,KO/TKO,3,2:56,3 Rnd (5-5-5),Julia Polastri,Karolina Kowalkiewicz
bb31c77bddd1317e,Decision - Unanimous,3,5:00,3 Rnd (5-5-5),Sara McMann,Karol Rosa
fa6e8fa6c3f05e31,KO/TKO,2,1:32,3 Rnd (5-5-5),Sean Strickland,Brendan Allen
b3bb90f5a2aa0d7c,Decision - Split,3,5:00,3 Rnd (5-5-5),Myles Jury,Mike Ricci
7af713ee9e3006eb,Decision - Split,3,5:00,3 Rnd (5-5-5),Takeya Mizugaki,Bryan Caraway
4af9088a165c7751,KO/TKO,1,3:45,3 Rnd (5-5-5),Nik Lentz,Eiji Mitsuoka
5d839e4eda09d6e4,Decision - Unanimous,3,5:00,3 Rnd (5-5-5),Conor McGregor,Max Holloway
47f9c14a7dca1ad7,TKO - Doctor's Stoppage,1,5:00,3 Rnd (5-5-5),Miranda Maverick,Liana Jojua
0a0beb5aa9810de4,Decision - Unanimous,3,5:00,3 Rnd (5-5-5),Jasmine Jasudavicius,Kay Hansen
4d3cbc7608c8958e,KO/TKO,3,0:32,3 Rnd (5-5-5),Jeremy Stephens,Dennis Bermudez
9d8a37f130db13e5,KO/TKO,3,2:16,5 Rnd (5-5-5-5-5),Manel Kape,Asu Almabayev
56c7c59c9bb3b610,Submission,1,2:30,3 Rnd (5-5-5),Charles Oliveira,Will Brooks
2560ea97b2cce4ef,KO/TKO,3,3:04,3 Rnd (5-5-5),Jiri Prochazka,Khalil Rountree Jr.
5bff1ece35abac7f,KO/TKO,1,4:45,3 Rnd (5-5-5),Scott Askham,Chris Dempsey
85b5d59f8eea976a,Submission,2,1:05,5 Rnd (5-5-5-5-5),Zhang Weili,Carla Esparza
4804776154430aad,Submission,2,3:13,3 Rnd (5-5-5),Iuri Alcantara,Luke Sanders
d7be78c400e7e0f9,Submission,1,0:55,3 Rnd (5-5-5),Terrance McKinney,Viacheslav Borshchev
3bebd99d5f94bec7,Decision - Unanimous,3,5:00,3 Rnd (5-5-5),Carlos Ulberg,Fabio Cherant
0cced3b02b6b1b95,KO/TKO,1,3:27,5 Rnd (5-5-5-5-5),Antonio Silva,Travis Browne
c2c20a04a78d9143,KO/TKO,1,1:59,3 Rnd (5-5-5),Malcolm Wellmaker,Cameron Saaiman
78b506e5092a27fd,Decision - Unanimous,3,5:00,3 Rnd (5-5-5),Ronaldo Rodriguez,Ode Osbourne
20a83369ee44e1d4,Submission,1,0:48,3 Rnd (5-5-5),Derek Brunson,Brian Houston
8afc674a60abab61,KO/TKO,1,4:00,3 Rnd (5-5-5),Matt Hamill,Rex Holman
e3b5f66198161226,TKO - Doctor's Stoppage,1,4:13,3 Rnd (5-5-5),Cheick Kongo,Gilbert Aldana
f4d9138ba502b7ec,KO/TKO,1,4:48,3 Rnd (5-5-5),Derrick Lewis,Gabriel Gonzaga
2d8db91f91f68069,KO/TKO,2,2:01,3 Rnd (5-5-5),Chas Skelly,Mark Striegl
4210f9b11debf1fc,Decision - Unanimous,3,5:00,3 Rnd (5-5-5),Luke Sanders,Patrick Williams
d5a0e8c67ed8abe0,Decision - Unanimous,3,5:00,3 Rnd (5-5-5),Sean Sherk,Tyson Griffin
4f42acd810ed5173,Decision - Unanimous,3,5:00,3 Rnd (5-5-5),Arjan Bhullar,Marcelo Golm
63605e9f3e71d738,Decision - Unanimous,3,5:00,3 Rnd (5-5-5),Alatengheili,Kleydson Rodrigues
bd59c07a106d331b,Decision - Unanimous,3,5:00,3 Rnd (5-5-5),Felice Herrig,Justine Kish
e66eebeff23ceb1e,Submission,2,4:50,3 Rnd (5-5-5),Phillip Miller,Mark Weir
fff3218758c513b8,Decision - Unanimous,3,5:00,3 Rnd (5-5-5),Daria Zhelezniakova,Melissa Mullins
0eccebee160137b1,Decision - Unanimous,3,5:00,3 Rnd (5-5-5),Virna Jandiroba,Yan Xiaonan
53ed3f8f653b37b2,TKO - Doctor's Stoppage,2,5:00,3 Rnd (5-5-5),Virna Jandiroba,Kanako Murata
e30250daa73005a8,KO/TKO,1,3:18,3 Rnd (5-5-5),Nursulton Ruziboev,Sedriques Dumas
cc11a0762f246fa4,Decision - Unanimous,3,5:00,3 Rnd (5-5-5),Lerone Murphy,Dan Ige
1572dbb2433d2201,KO/TKO,1,3:35,5 Rnd (5-5-5-5-5),Mauricio Rua,Lyoto Machida
420211200a35c1d1,KO/TKO,1,3:01,3 Rnd (5-5-5),Sam Patterson,Trey Waters
06d6cde7479711ee,KO/TKO,1,3:39,3 Rnd (5-5-5),Victor Altamirano,Daniel Lacerda
21be9181725ab599,Decision - Unanimous,3,5:00,3 Rnd (5-5-5),Yana Santos,Lina Lansberg
eebf672428b168b7,Submission,1,2:08,3 Rnd (5-5-5),Jeremy Horn,Jason Godsey
42922bab8a3e1828,Decision - Unanimous,3,5:00,3 Rnd (5-5-5),Randy Brown,Wellington Turman
cab532b4544580bd,Decision - Split,3,5:00,3 Rnd (5-5-5),Andre Fili,Charles Jourdain
98c29ba02cee5ba3,KO/TKO,2,1:42,3 Rnd (5-5-5),Grant Dawson,Rafa Garcia
fd92fe0c494d0959,Submission,1,2:03,5 Rnd (5-5-5-5-5),Amanda Nunes,Megan Anderson
c812457a810dde39,Decision - Split,3,5:00,3 Rnd (5-5-5),Modestas Bukauskas,Ion Cutelaba
14dbcdbe8e7251bf,Submission,1,2:21,3 Rnd (5-5-5),Gadzhimurad Antigulov,Joachim Christensen
144443d4dbf43990,Decision - Unanimous,3,5:00,3 Rnd (5-5-5),Jennifer Maia,Maryna Moroz
6397fba14ce7f674,KO/TKO,1,11:34,1 Rnd + 2OT (15-3-3),Mark Coleman,Don Frye
3ce9fb5e3bdee7b0,Decision - Unanimous,3,5:00,3 Rnd (5-5-5),Brandon Vera,Eliot Marshall
a6cb909888f6a495,Submission,2,2:44,3 Rnd (5-5-5),Din Thomas,Jeremy Stephens
4c9047d1c1bc1e29,KO/TKO,1,3:42,5 Rnd (5-5-5-5-5),Renan Barao,Urijah Faber
9a8964b148cb5923,Decision - Split,5,5:00,5 Rnd (5-5-5-5-5),Aljamain Sterling,Petr Yan
0bc354fbb6e99ab6,Decision - Unanimous,3,5:00,3 Rnd (5-5-5),Arjan Bhullar,Juan Adams
812ff38f0ed409ca,KO/TKO,1,3:36,5 Rnd (5-5-5-5-5),Michael Bisping,Luke Rockhold
b2b6cf87cde17136,Decision - Unanimous,3,5:00,3 Rnd (5-5-5),Johnny Case,Francisco Trevino
2963e9a4b8c10bc9,Submission,1,0:39,1 Rnd + 2OT (15-3-3),Jerry Bohlander,Nick Sanzo
dfe14e13aa727a0c,Decision - Split,5,5:00,5 Rnd (5-5-5-5-5),Frankie Edgar,Pedro Munhoz
7291a111058dbf0e,Decision - Unanimous,5,5:00,5 Rnd (5-5-5-5-5),Anderson Silva,Thales Leites
55139052f4641670,Decision - Unanimous,3,5:00,3 Rnd (5-5-5),TJ Dillashaw,Mike Easton
677910683d0fd88b,Decision - Unanimous,5,5:00,5 Rnd (5-5-5-5-5),Robbie Lawler,Matt Brown
9231cef371b89a46,Submission,3,4:31,3 Rnd (5-5-5),Demian Maia,Matt Brown
e7b5a8c97106ca60,Decision - Unanimous,3,5:00,3 Rnd (5-5-5),Naoki Inoue,Carls John De Tomas
cb745968bd16bf56,Decision - Unanimous,3,5:00,3 Rnd (5-5-5),Joselyne Edwards,Norma Dumont
0a598768f5c8d540,Decision - Unanimous,3,5:00,3 Rnd (5-5-5),Martin Buday,Marcus Buchecha
314aea77cd24210f,Decision - Split,3,5:00,3 Rnd (5-5-5),Danielle Taylor,Seo Hee Ham
cb720b01fd6f9785,Submission,1,2:43,3 Rnd (5-5-5),Gustavo Lopez,Anthony Birchak
c57a4810c932b296,KO/TKO,1,2:40,3 Rnd (5-5-5),Khalil Rountree Jr.,Chris Daukaus
bb881d4ee6dfbf86,Decision - Unanimous,3,5:00,3 Rnd (5-5-5),Grant Dawson,Nad Narimani
04970dfa4d531e39,KO/TKO,1,4:23,3 Rnd (5-5-5),Sam Alvey,Marcin Prachnio
eb6d9fef6c374830,KO/TKO,3,3:17,5 Rnd (5-5-5-5-5),Carlos Prates,Jack Della Maddalena
3ea7d69a1238f26a,KO/TKO,2,1:57,3 Rnd (5-5-5),Christian Leroy Duncan,Claudio Ribeiro
10cff9ac7ce89c28,Decision - Unanimous,3,5:00,3 Rnd (5-5-5),Douglas Silva de Andrade,Cody Gibson
7cbfeba85f86d1bf,KO/TKO,3,2:27,3 Rnd (5-5-5),Rafa Garcia,Jared Gordon
1cb28e867dd749b8,Decision - Split,3,5:00,3 Rnd (5-5-5),Jake O'Brien,Christian Wellisch
5e3779f7c1c39679,Decision - Unanimous,3,5:00,3 Rnd (5-5-5),Andrew Sanchez,Markus Perez
17067cf55726c673,Submission,2,1:41,3 Rnd (5-5-5),Stefan Struve,Daniel Omielanczuk
8db5cf5df713a7e9,Decision - Unanimous,3,5:00,3 Rnd (5-5-5),Muin Gafurov,Kyung Ho Kang
a564219e7a964aa6,KO/TKO,2,3:44,3 Rnd (5-5-5),Brando Pericic,Shamil Gaziev
80cb3cf9134b677c,Decision - Split,5,5:00,5 Rnd (5-5-5-5-5),Rafael Dos Anjos,Paul Felder
fea3a0643218e16b,Submission,3,1:52,3 Rnd (5-5-5),Brady Hiestand,Garrett Armfield
491b7d974254596d,KO/TKO,2,0:54,3 Rnd (5-5-5),Jairzinho Rozenstruik,Junior Albini
ea63f56779100678,KO/TKO,3,3:33,3 Rnd (5-5-5),Chad Anheliger,Jesse Strader
a81ad236a2f221f2,KO/TKO,1,3:39,5 Rnd (5-5-5-5-5),Michael Morales,Gilbert Burns
9e21a8dea9663e26,KO/TKO,1,0:42,3 Rnd (5-5-5),Alexander Hernandez,Beneil Dariush
01f7c28804746979,Decision - Split,3,5:00,3 Rnd (5-5-5),Arman Tsarukyan,Charles Oliveira
5cad3ab6553e9ec9,Submission,2,4:42,3 Rnd (5-5-5),Damon Jackson,Kamuela Kirk
2e12db181792090f,KO/TKO,1,0:48,3 Rnd (5-5-5),Daniel Omielanczuk,Chris de la Rocha
6453b20a65c62cfe,Decision - Unanimous,3,5:00,3 Rnd (5-5-5),Frankie Edgar,Charles Oliveira
2a1826612a7d739c,Decision - Unanimous,3,5:00,3 Rnd (5-5-5),Maryna Moroz,Mayra Bueno Silva
43de9ff6064361e1,Decision - Unanimous,3,5:00,3 Rnd (5-5-5),Sedriques Dumas,Abu Azaitar
14c505d7ad55883c,Decision - Unanimous,3,5:00,3 Rnd (5-5-5),Magomed Ankalaev,Klidson Abreu
47c140debc977214,KO/TKO,1,4:16,3 Rnd (5-5-5),Vicente Luque,Chad Laprise
72e477b41f44e358,KO/TKO,1,1:10,3 Rnd (5-5-5),Ateba Gautier,Robert Valentin
8e4439cdc98d0644,Submission,1,4:18,3 Rnd (5-5-5),Erik Perez,John Albert
f6d078e9fe7d17c8,TKO - Doctor's Stoppage,5,2:37,5 Rnd (5-5-5-5-5),BJ Penn,Diego Sanchez
d85c76a61a820be9,Submission,2,2:22,3 Rnd (5-5-5),Darren Elkins,Michael Johnson
23e96ddeb14b5936,KO/TKO,1,4:37,3 Rnd (5-5-5),Johnny Eduardo,Eddie Wineland
fc45644c62643c71,Decision - Split,3,5:00,3 Rnd (5-5-5),Brian Ebersole,John Howard
bae4de7ef8c0769e,Decision - Unanimous,3,5:00,3 Rnd (5-5-5),Melissa Croden,Daria Zhelezniakova
824368db1ed8191f,Decision - Unanimous,3,5:00,3 Rnd (5-5-5),Alex Garcia,Mike Swick
a37a6b6f9551a6e8,Decision - Unanimous,3,5:00,3 Rnd (5-5-5),Jamie Mullarkey,Francisco Prado
c22de92b9d9030dc,Decision - Unanimous,3,5:00,3 Rnd (5-5-5),Tabatha Ricci,Gillian Robertson
400aa8a24e1d8997,KO/TKO,1,1:07,3 Rnd (5-5-5),Vitor Belfort,Marvin Eastman
d3ccf71e68480007,Decision - Split,5,5:00,5 Rnd (5-5-5-5-5),Neil Magny,Kelvin Gastelum
cf38ced734978fb8,Decision - Unanimous,3,5:00,3 Rnd (5-5-5),Chris Wade,Zhang Lipeng
77df989840c76a08,Decision - Unanimous,3,5:00,3 Rnd (5-5-5),Lyoto Machida,Sam Hoger
e88c59ad88e9dc27,Submission,1,4:15,3 Rnd (5-5-5),Dustin Poirier,Jonathan Brookins
2d39c26876246223,Submission,1,3:44,3 Rnd (5-5-5),Michael Chiesa,Tony Ferguson
58c73a9562adcfe5,Decision - Split,3,5:00,3 Rnd (5-5-5),Maryna Moroz,Danielle Taylor
ae989e21c3839b49,KO/TKO,1,4:03,3 Rnd (5-5-5),Sergei Pavlovich,Shamil Abdurakhimov
486fbba33876da4b,Decision - Unanimous,3,5:00,3 Rnd (5-5-5),Paddy Holohan,Vaughan Lee
fa9ec0b8c4b3a84a,Decision - Unanimous,3,5:00,3 Rnd (5-5-5),Wilson Reis,Ben Nguyen
b8648b32caf36c5a,KO/TKO,1,2:47,3 Rnd (5-5-5),Mirsad Bektic,Godofredo Pepey
6010f681e54ba2cd,Decision - Unanimous,3,5:00,3 Rnd (5-5-5),Alatengheili,Chad Anheliger
9b6806203bc4875a,Submission,1,2:44,3 Rnd (5-5-5),Ivan Menjivar,Azamat Gashimov
7d0ce28ce8a77eb1,TKO - Doctor's Stoppage,1,5:00,5 Rnd (5-5-5-5-5),Dustin Poirier,Conor McGregor
b76590c02f86e705,Decision - Unanimous,3,5:00,3 Rnd (5-5-5),Yan Xiaonan,Claudia Gadelha
01983cba42704c49,KO/TKO,1,0:26,5 Rnd (5-5-5-5-5),Francis Ngannou,Cain Velasquez
5237736e6b37c609,KO/TKO,2,2:06,3 Rnd (5-5-5),Ryan Bader,Ilir Latifi
8787d56f59bfb4c3,Decision - Unanimous,3,5:00,3 Rnd (5-5-5),Brendan Schaub,Gabriel Gonzaga
fe1ce9e3a38a734b,Decision - Unanimous,3,5:00,3 Rnd (5-5-5),Max Holloway,Pat Schilling
9a85303025a077b5,Submission,1,3:15,3 Rnd (5-5-5),Rani Yahya,Josh Grispi
3cf4582b48302bb6,Submission,2,3:40,3 Rnd (5-5-5),Marion Reneau,Sara McMann
70feb2bfc12b97d4,Decision - Unanimous,3,5:00,3 Rnd (5-5-5),Justin Willis,Mark Hunt
4b790d75c4bc694c,Decision - Unanimous,3,5:00,3 Rnd (5-5-5),Ruslan Magomedov,Shawn Jordan
903feee04bc91c59,Decision - Unanimous,3,5:00,3 Rnd (5-5-5),Rolando Dy,Wulijiburen
ea6427379a83bd01,KO/TKO,1,2:44,3 Rnd (5-5-5),Mansur Abdul-Malik,Dusko Todorovic
c7cbf6b47051fa7d,Decision - Unanimous,3,5:00,3 Rnd (5-5-5),Frankie Saenz,Iuri Alcantara
444f0a732695dc81,KO/TKO,1,3:02,3 Rnd (5-5-5),Jarjis Danho,Yorgan De Castro
636b01ee49925e49,KO/TKO,1,4:43,3 Rnd (5-5-5),Nate Landwehr,Jamall Emmers
6eee347f75f223f0,Decision - Unanimous,3,5:00,3 Rnd (5-5-5),Sergio Pettis,Yaotzin Meza
b74ecc368d3ecbc4,KO/TKO,1,1:22,3 Rnd (5-5-5),Nate Marquardt,Martin Kampmann
e532ef88b8cb26d2,Decision - Unanimous,3,5:00,3 Rnd (5-5-5),Richard Walsh,Chris Indich
36c2ce10809f17b3,Decision - Unanimous,3,5:00,3 Rnd (5-5-5),Iuri Alcantara,Russell Doane
9192053a3884aadf,KO/TKO,1,2:28,3 Rnd (5-5-5),Said Nurmagomedov,Ricardo Ramos
77f9b97f62f373b0,Decision - Unanimous,2,5:00,2 Rnd (5-5),Shonie Carter,Brad Gumm
484cf23d5110ca04,Submission,1,3:18,3 Rnd (5-5-5),Jim Miller,Yancy Medeiros
673a156925dfb31d,Submission,1,1:46,3 Rnd (5-5-5),Manuel Torres,Chris Duncan
e3881a6895be3e9e,Decision - Split,3,5:00,3 Rnd (5-5-5),Danny Roberts,Ramazan Emeev
a3e4322f55454897,KO/TKO,1,3:50,3 Rnd (5-5-5),Jack Hermansson,Brad Scott
fd49f89b9d97566b,Submission,5,4:32,5 Rnd (5-5-5-5-5),Jiri Prochazka,Glover Teixeira
25ab195cefbce1d0,Decision - Unanimous,3,5:00,3 Rnd (5-5-5),Cristian Quinonez,Kris Moutinho
a69a6da9560ed62c,KO/TKO,2,2:56,3 Rnd (5-5-5),Tim Means,Sabah Homasi
19fe7177254802d1,Decision - Split,3,5:00,3 Rnd (5-5-5),Mairon Santos,Francis Marshall
de7cb625bdec0f91,Decision - Unanimous,3,5:00,3 Rnd (5-5-5),Trey Ogden,Kurt Holobaugh
ae68274ab6f78cd8,Decision - Split,3,5:00,3 Rnd (5-5-5),Martin Kampmann,Carlos Condit
19425b506594d5c7,KO/TKO,2,4:24,3 Rnd (5-5-5),Matt Mitrione,Kevin Ferguson
ac9a8b73e58f3d71,Decision - Unanimous,3,5:00,3 Rnd (5-5-5),Daniel Rodriguez,Mike Perry
8f301d4eb8e97449,KO/TKO,1,4:12,5 Rnd (5-5-5-5-5),Cain Velasquez,Brock Lesnar
0486ad62f7dfd11e,KO/TKO,1,4:48,3 Rnd (5-5-5),Tomasz Drwal,Mike Ciesnolevicz
cbe954d004415b51,Decision - Unanimous,3,5:00,3 Rnd (5-5-5),Warlley Alves,Alan Jouban
aec1339028f3416c,KO/TKO,1,0:58,5 Rnd (5-5-5-5-5),Chan Sung Jung,Renato Moicano
693e4a0bed9a1369,KO/TKO,2,1:19,3 Rnd (5-5-5),Eugene Jackson,Royce Alger
62bb4ea8bf86790c,Submission,1,1:01,1 Rnd (20),Paul Varelans,Mark Hall
58c5d506181812fa,Decision - Unanimous,3,5:00,3 Rnd (5-5-5),Claudio Puelles,Jordan Leavitt
7aebf01b5afc0109,Decision - Split,3,5:00,3 Rnd (5-5-5),John Makdessi,Ignacio Bahamondes
c84a29f426f1aab7,Decision - Unanimous,3,5:00,3 Rnd (5-5-5),Iasmin Lucindo,Karolina Kowalkiewicz
48ac0e2cf3681cca,KO/TKO,2,3:34,3 Rnd (5-5-5),Alexander Gustafsson,Matt Hamill
9d9390b550d77e06,KO/TKO,1,3:59,3 Rnd (5-5-5),Waldo Cortes Acosta,Ante Delija
10976fbb37d41c43,KO/TKO,2,2:46,3 Rnd (5-5-5),Hermes Franca,Caol Uno
ecb4534c0066c5f3,KO/TKO,5,1:00,5 Rnd (5-5-5-5-5),Robbie Lawler,Rory MacDonald
85e57ad2b3831621,Submission,3,4:43,3 Rnd (5-5-5),Charles Rosa,Sean Soriano
d23b05f33b741c47,KO/TKO,2,2:54,3 Rnd (5-5-5),Jason Brilz,Brad Morris
c4eb14c3de579842,Decision - Unanimous,3,5:00,3 Rnd (5-5-5),Priscila Cachoeira,Ji Yeon Kim
f0b2020d11a0cf94,Submission,2,1:43,3 Rnd (5-5-5),Pat Miletich,John Alessio
2f715933d0626544,Decision - Unanimous,3,5:00,3 Rnd (5-5-5),Diego Nunes,Manvel Gamburyan
3818a33c9103c88f,Decision - Split,3,5:00,3 Rnd (5-5-5),Alan Belcher,Ed Herman
0e969ae805006d1f,KO/TKO,1,5:00,3 Rnd (5-5-5),Modestas Bukauskas,Andreas Michailidis
6242126d8d06a7ca,Submission,1,3:02,3 Rnd (5-5-5),Ilir Latifi,Cyrille Diabate
df0d3dec831e2142,Submission,3,2:13,3 Rnd (5-5-5),Rafael Natal,Sean Spencer
5098d052525da54f,Submission,1,3:46,3 Rnd (5-5-5),Volkan Oezdemir,Bogdan Guskov
753004dcc9c53eb6,Submission,4,1:16,5 Rnd (5-5-5-5-5),Benson Henderson,Rustam Khabilov
5c783cd188425783,Decision - Unanimous,3,5:00,3 Rnd (5-5-5),Farid Basharat,Victor Hugo
e52318719d839d2d,Submission,2,2:47,3 Rnd (5-5-5),Rose Namajunas,Michelle Waterson-Gomez
f92e8d6c96306013,Submission,2,1:09,3 Rnd (5-5-5),Randy Couture,Mark Coleman
1d3c1dedfba6eddc,Submission,2,1:28,1 Rnd + 2OT (15-3-3),Frank Shamrock,Jeremy Horn
1a50d5c7e1e5c058,KO/TKO,2,4:27,3 Rnd (5-5-5),Montana De La Rosa,Ariane da Silva
6451724f8a836167,KO/TKO,1,1:56,3 Rnd (5-5-5),Thiago Santos,Andy Enz
de7eec13356baebe,Decision - Unanimous,3,5:00,3 Rnd (5-5-5),Dong Hyun Kim,Nate Diaz
ec20620c294a49a4,Decision - Unanimous,3,5:00,3 Rnd (5-5-5),Aaron Simpson,Brad Tavares
69bde5bae0d6ec4f,Decision - Unanimous,3,5:00,3 Rnd (5-5-5),Andre Lima,Felipe dos Santos
206b8c14546d71f1,Decision - Unanimous,3,5:00,3 Rnd (5-5-5),Ramazan Temirov,Charles Johnson
ec434314c5438fc7,KO/TKO,1,1:00,5 Rnd (5-5-5-5-5),Tom Aspinall,Curtis Blaydes
1330b5c21269fe92,Decision - Unanimous,5,5:00,5 Rnd (5-5-5-5-5),Lone'er Kavanagh,Brandon Moreno
99aa1f28e22bb6dd,Decision - Unanimous,3,5:00,3 Rnd (5-5-5),Navajo Stirling,Ivan Erslan
f02fed4e98048471,Decision - Unanimous,3,5:00,3 Rnd (5-5-5),Gregory Rodrigues,Christian Leroy Duncan
68c1b833ed8849a3,Submission,2,4:21,3 Rnd (5-5-5),Gillian Robertson,Piera Rodriguez
1a0031e2072f21b6,Submission,5,2:42,5 Rnd (5-5-5-5-5),Islam Makhachev,Dustin Poirier
b12bc15f384ecc42,KO/TKO,2,1:26,5 Rnd (5-5-5-5-5),Derrick Lewis,Curtis Blaydes
2c39797c6574ff29,Decision - Unanimous,3,5:00,3 Rnd (5-5-5),Sam Alvey,Alex Nicholson
440936f9db783997,Submission,2,2:37,3 Rnd (5-5-5),Stefan Struve,Denis Stojnic
0b557aeb2169b59f,Submission,1,4:03,3 Rnd (5-5-5),Pedro Munhoz,Rob Font
f39941b3743bf18c,Decision - Unanimous,5,5:00,5 Rnd (5-5-5-5-5),Merab Dvalishvili,Umar Nurmagomedov
d851cbbbdfd05a49,Decision - Unanimous,3,5:00,3 Rnd (5-5-5),King Green,Clay Guida
ac9e19a4075f6557,Decision - Unanimous,3,5:00,3 Rnd (5-5-5),Aljamain Sterling,Renan Barao
140937779a2466a7,KO/TKO,1,1:55,3 Rnd (5-5-5),Brando Pericic,Elisha Ellison
4182524382590e07,Decision - Split,3,5:00,3 Rnd (5-5-5),Jon Madsen,Justin Wren
040ecf01338dff9e,Submission,1,1:45,No Time Limit,Dan Severn,Anthony Macias
17ee4caf06981b81,Submission,1,9:51,No Time Limit,Remco Pardoel,Alberta Cerra Leon
adc1b34f6988bd68,TKO - Doctor's Stoppage,2,5:00,3 Rnd (5-5-5),Clint Hester,Dylan Andrews
97b32ff27fd457a8,Submission,2,1:54,3 Rnd (5-5-5),Quang Le,Gaston Bolanos
18ba44e67d5c5f38,Decision - Unanimous,3,5:00,3 Rnd (5-5-5),Charles Oliveira,Jeremy Stephens
c078544a32e18ba3,Decision - Unanimous,2,5:00,2 Rnd (5-5),TIE,TIE
c742bd1673635ded,KO/TKO,1,0:14,3 Rnd (5-5-5),Terry Martin,Jorge Rivera
2f414494f2b6f426,Submission,1,3:54,3 Rnd (5-5-5),Macy Chiasson,Pannie Kianzad
b4cfb34e8224fd77,Decision - Split,3,5:00,3 Rnd (5-5-5),Charles Johnson,Zhalgas Zhumagulov
86dff1593d8b9a1f,KO/TKO,1,1:32,3 Rnd (5-5-5),Steve Garcia,Chase Hooper
391d458db6dae33b,Decision - Unanimous,5,5:00,5 Rnd (5-5-5-5-5),Joanna Jedrzejczyk,Valerie Letourneau
af6eeea1cfe33240,Submission,3,3:14,3 Rnd (5-5-5),Abus Magomedov,Brunno Ferreira
26173f6491300eaa,Decision - Unanimous,3,5:00,3 Rnd (5-5-5),Nasrat Haqparast,Alexander Munoz
8a1aa64eb1f17913,KO/TKO,2,3:22,3 Rnd (5-5-5),Michael Johnson,Alan Patrick
7cde85d46dc0bebe,KO/TKO,1,1:01,3 Rnd (5-5-5),Tyron Woodley,Dong Hyun Kim
77c1e127c1be9983,Decision - Majority,3,5:00,3 Rnd (5-5-5),Mike Easton,Jared Papazian
389b7ca84b333c4c,Decision - Split,3,5:00,3 Rnd (5-5-5),Chris Leben,Patrick Cote
b6a6ba08898f3b6a,Decision - Unanimous,3,5:00,3 Rnd (5-5-5),Karolina Kowalkiewicz,Diana Belbita
41eb39f532e148d9,Submission,1,4:30,3 Rnd (5-5-5),Marvin Vettori,Alberto Uda
42d09ca167ecae07,KO/TKO,3,1:38,5 Rnd (5-5-5-5-5),Yoel Romero,Lyoto Machida
1569186ee820ea87,Decision - Unanimous,5,5:00,5 Rnd (5-5-5-5-5),Shavkat Rakhmonov,Ian Machado Garry
0d41a3fa5efef91b,KO/TKO,1,3:51,3 Rnd (5-5-5),Morgan Charriere,Manolo Zecchini
0dfdc94c1da32e20,Decision - Split,3,5:00,3 Rnd (5-5-5),Hyder Amil,William Gomis
c4a6174b0698652e,Decision - Split,3,5:00,3 Rnd (5-5-5),Montse Rendon,Alice Pereira
014f1da2083ca174,Decision - Unanimous,3,5:00,3 Rnd (5-5-5),Jose Aldo,Marlon Vera
a6c29d2cb319d923,KO/TKO,3,2:03,3 Rnd (5-5-5),Lyman Good,Chance Rencountre
e8f2902be7b350ad,Decision - Unanimous,3,5:00,3 Rnd (5-5-5),Ross Pearson,Mizuto Hirota
41c979b223b3fb56,KO/TKO,1,1:10,3 Rnd (5-5-5),Cole Miller,Andy Wang
9dc5b5f29d9ff028,Decision - Unanimous,5,5:00,5 Rnd (5-5-5-5-5),Jon Jones,Rashad Evans
ba7250ef080d1603,KO/TKO,2,4:44,3 Rnd (5-5-5),Nate Marquardt,Tamdan McCrory
0094d2ed98819f7a,Decision - Split,3,5:00,3 Rnd (5-5-5),Alexandre Pantoja,Eric Shelton
f560035058bdb18b,Decision - Unanimous,3,5:00,3 Rnd (5-5-5),Uriah Hall,Thiago Santos
b66ac52bfb217761,Submission,2,4:19,5 Rnd (5-5-5-5-5),Tyron Woodley,Darren Till
ca63933f8c898fa2,Decision - Unanimous,3,5:00,3 Rnd (5-5-5),Cody Durden,Charles Johnson
25e6b11e1cf45b83,Decision - Unanimous,5,5:00,5 Rnd (5-5-5-5-5),Cody Garbrandt,Dominick Cruz
4adef20ce69217be,KO/TKO,1,0:44,3 Rnd (5-5-5),Bryan Battle,Takashi Sato
c501576b8ec35758,Decision - Unanimous,3,5:00,3 Rnd (5-5-5),Johnny Walker,Anthony Smith
28037f9be7e0781a,KO/TKO,1,0:29,3 Rnd (5-5-5),Johny Hendricks,Amir Sadollah
35c8223cc967fe0a,Submission,1,2:44,3 Rnd (5-5-5),Jim Miller,Damon Jackson
1c45d0feab67364f,KO/TKO,1,0:15,5 Rnd (5-5-5-5-5),Andrei Arlovski,Paul Buentello
80108a70c4afa6c2,KO/TKO,3,0:20,3 Rnd (5-5-5),Charles Johnson,Joshua Van
8e5744c664fec3e9,Decision - Split,3,5:00,3 Rnd (5-5-5),Curtis Blaydes,Rizvan Kuniev
fa8c1f3d27fc349c,KO/TKO,2,2:53,3 Rnd (5-5-5),Sam Sicilia,Cristiano Marcello
3d16f99de58b9d0e,Decision - Unanimous,3,5:00,3 Rnd (5-5-5),David Branch,Rich Attonito
3286d8406eff5c85,Decision - Unanimous,3,5:00,3 Rnd (5-5-5),Mike Perry,Alex Oliveira
e0e41464c1bc7ee1,Decision - Unanimous,3,5:00,3 Rnd (5-5-5),Yves Jabouin,Jeff Hougland
39e7bb2a0842b8a1,KO/TKO,1,4:52,3 Rnd (5-5-5),Danny Castillo,Shamar Bailey
0548a24a9bf8d7a0,Decision - Unanimous,3,5:00,3 Rnd (5-5-5),Michael Morales,Max Griffin
870d374f8d9af65a,KO/TKO,1,1:27,3 Rnd (5-5-5),Volkan Oezdemir,Alonzo Menifield
90e46589a18064bc,KO/TKO,1,1:13,5 Rnd (5-5-5-5-5),Tom Aspinall,Marcin Tybura
bd6d144f5c0b6cab,Submission,1,2:53,3 Rnd (5-5-5),Amanda Nunes,Sara McMann
361e67af5f462aea,KO/TKO,1,4:09,3 Rnd (5-5-5),Russell Doane,Kwan Ho Kwak
245009a9e1a0f60b,KO/TKO,1,5:00,3 Rnd (5-5-5),Omari Akhmedov,Brian Ebersole
1984570de7f0c89e,KO/TKO,1,1:06,3 Rnd (5-5-5),Tim Means,Justin Salas
cd2ceb5530529c9f,Decision - Unanimous,3,5:00,3 Rnd (5-5-5),Blagoy Ivanov,Tai Tuivasa
36d90f1812f0d432,Decision - Split,3,5:00,3 Rnd (5-5-5),Glover Teixeira,Nikita Krylov
6486579eee778b4d,KO/TKO,2,5:00,3 Rnd (5-5-5),Deiveson Figueiredo,Marco Beltran
c0d6feef69ccb330,Decision - Split,3,5:00,3 Rnd + OT (5-5-5-5),ChangHo Lee,Xiao Long
ec2034b134ae71cd,Decision - Unanimous,3,5:00,3 Rnd (5-5-5),Alonzo Menifield,Oumar Sy
a41384da70013373,Decision - Unanimous,3,5:00,3 Rnd (5-5-5),Katlyn Cerminara,Antonina Shevchenko
4914f7bd073c6359,Submission,1,0:52,3 Rnd (5-5-5),Vicente Luque,Themba Gorimbo
4861212df08bbf77,Decision - Split,3,5:00,3 Rnd (5-5-5),Francis Carmont,Tom Lawlor
1f561a3e35a9b48a,Submission,1,1:38,1 Rnd + 2OT (15-3-3),Mark Kerr,Dan Bobish
95ba27bea09cd84e,Decision - Unanimous,3,5:00,3 Rnd (5-5-5),Benardo Sopaj,Ricky Turcios
fc4ab243d21b795d,Decision - Split,3,5:00,3 Rnd (5-5-5),King Green,Lance Gibson Jr.
c5bef3da17e595ee,KO/TKO,2,3:15,3 Rnd (5-5-5),Goran Reljic,Wilson Gouveia
1cca8ba792f1e1d9,Decision - Unanimous,3,5:00,3 Rnd (5-5-5),Ion Cutelaba,Jonathan Wilson
e91f289f1b9f9519,KO/TKO,5,4:56,5 Rnd (5-5-5-5-5),Jairzinho Rozenstruik,Alistair Overeem
401f5f4714132d50,KO/TKO,3,2:26,3 Rnd (5-5-5),Joaquin Buckley,Antonio Arroyo
70ab91b37be75408,KO/TKO,2,4:56,3 Rnd (5-5-5),Sam Alvey,Kevin Casey
07468b6347ac5e3d,KO/TKO,1,4:47,3 Rnd (5-5-5),Ilia Topuria,Ryan Hall
6b9ed3867dd42b3b,KO/TKO,1,0:51,3 Rnd (5-5-5),Charles Radtke,Matthew Semelsberger
8410fb6d495a2cc2,KO/TKO,1,0:16,3 Rnd (5-5-5),Maximo Blanco,Mike de la Torre
b0c2442c5a7c509a,KO/TKO,1,0:50,3 Rnd (5-5-5),Jonathan Wilson,Chris Dempsey
873886ee1dee4c9a,Decision - Unanimous,3,5:00,3 Rnd (5-5-5),Buddy Roberts,Caio Magalhaes
c770192a9f3261cd,KO/TKO,1,3:19,3 Rnd (5-5-5),Alonzo Menifield,Paul Craig
5885445f39dac389,Submission,1,4:29,3 Rnd (5-5-5),Jennifer Maia,Joanne Wood
0bf405dabb25251a,Decision - Unanimous,3,5:00,3 Rnd (5-5-5),Claudia Gadelha,Jessica Aguilar
dd88960598219eba,Decision - Unanimous,3,5:00,3 Rnd (5-5-5),Omari Akhmedov,Ian Heinisch
73eff675e2aae30c,Decision - Unanimous,5,5:00,5 Rnd (5-5-5-5-5),Donald Cerrone,Al Iaquinta
90187edeeda7e6d6,Decision - Unanimous,3,5:00,3 Rnd (5-5-5),Mario Pinto,Felipe Franco
04a1c5b7993fe4d5,Decision - Unanimous,3,5:00,3 Rnd (5-5-5),King Green,Erik Koch
f524e42c36028de0,Decision - Unanimous,5,5:00,5 Rnd (5-5-5-5-5),Aljamain Sterling,Youssef Zalal
d757f19f3d34934b,Decision - Split,3,5:00,3 Rnd (5-5-5),Frankie Saenz,Sirwan Kakai
6463a48c9347a9f3,KO/TKO,1,4:05,3 Rnd (5-5-5),Hugo Viana,Reuben Duran
bdeca00572419011,Decision - Unanimous,3,5:00,3 Rnd (5-5-5),Andrea Lee,Ashlee Evans-Smith
11cc331fa40ede63,KO/TKO,4,2:17,5 Rnd (5-5-5-5-5),Marlon Vera,Dominick Cruz
a34dc525a16ce375,Decision - Unanimous,3,5:00,3 Rnd (5-5-5),Dan Henderson,Rousimar Palhares
2783ccf179321171,Submission,1,1:52,5 Rnd (5-5-5-5-5),Tito Ortiz,Yuki Kondo
8e4650807ea06626,Decision - Unanimous,3,5:00,3 Rnd (5-5-5),George Roop,Reuben Duran
5fb63c34935acce9,Decision - Unanimous,3,5:00,3 Rnd (5-5-5),William Knight,Aleksa Camur
774f7eed6b0180be,Submission,2,4:10,3 Rnd (5-5-5),Christian Morecraft,Sean McCorkle
3a8af8ee23444b72,Submission,3,2:23,3 Rnd (5-5-5),Darren Elkins,TJ Brown
303018d7459323b4,Decision - Unanimous,3,5:00,3 Rnd (5-5-5),Pat Sabatini,William Gomis
e64310b89b54db3f,Submission,2,1:06,3 Rnd (5-5-5),Ricardo Abreu,Wagner Silva
5d19fa2df1cb61a2,Submission,1,0:57,1 Rnd (20),Oleg Taktarov,Dave Beneteau
9124740fe7816d70,Submission,1,4:39,3 Rnd (5-5-5),Brendan Allen,Bruno Silva
16f25f0808db6f77,Submission,1,9:02,1 Rnd + OT (12-3),Pat Miletich,Chris Brennan
64e7c4ee81d46900,KO/TKO,3,0:19,3 Rnd (5-5-5),Justin Lawrence,John Cofer
16b0a16ab2e20fdb,Decision - Unanimous,3,5:00,3 Rnd (5-5-5),Oban Elliott,Preston Parsons
82d057278298846f,KO/TKO,1,1:46,3 Rnd (5-5-5),Jake Ellenberger,Matt Brown
6fdcd1caa0e9d239,Decision - Unanimous,3,5:00,3 Rnd (5-5-5),Jeremy Stephens,Darren Elkins
c7fadbdfdc14c282,Decision - Unanimous,3,5:00,3 Rnd (5-5-5),Aleksandre Topuria,Colby Thicknesse
a22add1024153ddb,Decision - Unanimous,3,5:00,3 Rnd (5-5-5),Corey Anderson,Patrick Cummins
376beb49aadb06d6,Decision - Unanimous,3,5:00,3 Rnd (5-5-5),Nate Marquardt,Dan Miller
c536a1119406c0f0,KO/TKO,2,4:04,3 Rnd (5-5-5),Thiago Alves,Kuniyoshi Hironaka
fc16ccf0994c6e50,Submission,3,2:51,3 Rnd (5-5-5),Jack Shore,Nohelin Hernandez
a40e421630b67e5c,KO/TKO,1,1:42,3 Rnd (5-5-5),Georges St-Pierre,Jay Hieron
bcc9dca5136fc765,Submission,2,4:20,3 Rnd (5-5-5),Jalin Turner,Brok Weaver
fb70b62915fdcec6,Decision - Split,3,5:00,3 Rnd (5-5-5),Rodrigo Nascimento,Ilir Latifi
82243207b4dfce87,Decision - Unanimous,3,5:00,3 Rnd (5-5-5),Darrick Minner,Charles Rosa
913d6763b570d060,Decision - Unanimous,3,5:00,3 Rnd (5-5-5),Sirwan Kakai,Danny Martinez
505397f405e40206,Submission,1,4:59,3 Rnd (5-5-5),Gillian Robertson,Priscila Cachoeira
903d588b30a471e8,Decision - Split,3,5:00,3 Rnd (5-5-5),Jacqueline Cavalcanti,Josiane Nunes
acfa3a3c0d09bb57,KO/TKO,1,2:31,3 Rnd (5-5-5),Paul Daley,Martin Kampmann
2c01f4df404ff6ee,Decision - Split,3,5:00,3 Rnd (5-5-5),Neil Magny,Erick Silva
cb16346d93746ebc,Decision - Split,5,5:00,5 Rnd (5-5-5-5-5),Amanda Nunes,Valentina Shevchenko
d7f151f529543431,KO/TKO,2,4:52,3 Rnd (5-5-5),Mike Easton,Byron Bloodworth
a4446299c1f85d74,Decision - Unanimous,3,5:00,3 Rnd (5-5-5),Alexa Grasso,Karolina Kowalkiewicz
2f382615155e32b9,Decision - Split,3,5:00,3 Rnd (5-5-5),Albert Duraev,Chidi Njokuani
9cd172df74575fd4,Decision - Unanimous,3,5:00,3 Rnd (5-5-5),Jesus Pinedo,Devin Powell
bcba81de8f082768,KO/TKO,2,2:29,3 Rnd (5-5-5),Cheick Kongo,Antoni Hardonk
64da1f4774624b72,Decision - Unanimous,3,5:00,3 Rnd (5-5-5),Thiago Alves,Josh Koscheck
e8d087f822be7b02,Decision - Split,3,5:00,3 Rnd (5-5-5),Henry Cejudo,Jussier Formiga
a679800d2e7c3be2,KO/TKO,1,1:01,3 Rnd (5-5-5),Ode Osbourne,Zarrukh Adashev
c33cc8b85b9a202c,KO/TKO,2,1:27,3 Rnd (5-5-5),Dan Henderson,Hector Lombard
31acf87e89a4a401,KO/TKO,1,3:34,3 Rnd (5-5-5),Alex Garcia,Mike Pyle
71e3272f7ebcca26,Submission,2,4:54,5 Rnd (5-5-5-5-5),Georges St-Pierre,Matt Hughes
2a2f50039ac636d0,KO/TKO,1,4:35,3 Rnd (5-5-5),Ian Freeman,Frank Mir
d5457867cbd0caf7,Decision - Unanimous,3,5:00,3 Rnd (5-5-5),Mike Brown,Daniel Pineda
304fc030ee6dd9ee,Decision - Unanimous,3,5:00,3 Rnd (5-5-5),Matt Hamill,Roger Hollett
d45f9dfdb75a640f,Submission,1,1:15,1 Rnd (15),Oleg Taktarov,Dave Beneteau
3c4305abc2e302d0,Decision - Unanimous,3,5:00,3 Rnd (5-5-5),Lerone Murphy,Josh Culibao
cdf58f62e289efec,Decision - Unanimous,5,5:00,5 Rnd (5-5-5-5-5),Johny Hendricks,Robbie Lawler
7b06e7f2b34d24b8,Submission,2,1:09,3 Rnd (5-5-5),Rick Story,Brian Foster
1afa8d6ae4d8a5b2,Decision - Unanimous,3,5:00,3 Rnd (5-5-5),Alan Patrick,Stevie Ray
2f82e8079ba354f4,KO/TKO,1,1:03,3 Rnd (5-5-5),Giga Chikadze,Cub Swanson
b3b5bd50fa34342c,KO/TKO,1,2:46,3 Rnd (5-5-5),Li Jingliang,Anton Zafir
733e675fd7c0052a,Decision - Unanimous,3,5:00,3 Rnd (5-5-5),Renato Moicano,Drew Dober
04e1ff7aeda2a018,KO/TKO,1,3:50,3 Rnd (5-5-5),Cody Brundage,Tresean Gore
7595aabe89020780,Submission,1,0:39,3 Rnd (5-5-5),Brian Kelleher,Ray Rodriguez
e27504d07ebbc441,KO/TKO,1,2:47,5 Rnd (5-5-5-5-5),Stipe Miocic,Fabricio Werdum
671f42536454e541,KO/TKO,1,3:31,3 Rnd (5-5-5),Megan Anderson,Norma Dumont
fe936088ec4dcb0d,KO/TKO,2,2:32,3 Rnd (5-5-5),Abel Trujillo,Jamie Varner
d6c3b730dc9f21a5,KO/TKO,1,3:10,3 Rnd (5-5-5),Sam Patterson,Danny Barlow
f9536ea60551b840,Submission,3,0:50,3 Rnd (5-5-5),Davi Ramos,Chris Gruetzemacher
30d7a9a1d99b327c,Submission,2,3:12,3 Rnd (5-5-5),BJ Penn,Jens Pulver
f132535656f28648,KO/TKO,1,2:47,3 Rnd (5-5-5),Pedro Munhoz,Matt Hobar
531ce3d8011fa1f6,Decision - Unanimous,3,5:00,3 Rnd (5-5-5),Ludovit Klein,Ignacio Bahamondes
7c4eb0b4845eb0ed,KO/TKO,1,1:42,3 Rnd (5-5-5),Tom Breese,KB Bhullar
6603ed5f10bd8047,Decision - Unanimous,3,5:00,3 Rnd (5-5-5),Forrest Griffin,Hector Ramirez
58668a0736602842,Decision - Unanimous,3,5:00,3 Rnd (5-5-5),Jacqueline Cavalcanti,Julia Avila
62fbd9d089a9a306,KO/TKO,1,0:37,3 Rnd (5-5-5),Drew McFedries,Xavier Foupa-Pokam
240e9389cca3bd18,Decision - Unanimous,3,5:00,3 Rnd (5-5-5),Cristiane Justino,Felicia Spencer
1fe58cdab57d233b,Decision - Unanimous,3,5:00,3 Rnd (5-5-5),Tabatha Ricci,Maria Oliveira
fc95c49b69a8d476,Decision - Unanimous,3,5:00,3 Rnd (5-5-5),Johnny Eduardo,Jeff Curran
65f4d4f44e6e73f7,Decision - Unanimous,3,5:00,3 Rnd (5-5-5),Jorge Masvidal,James Krause
c0e8095c91c39b06,Decision - Unanimous,3,5:00,3 Rnd (5-5-5),Tony Ferguson,Josh Thomson
9fa3f9f7caf429d6,Decision - Split,3,5:00,3 Rnd (5-5-5),Forrest Griffin,Tito Ortiz
58ffa2dac4f2e7d0,Decision - Unanimous,3,5:00,3 Rnd (5-5-5),Tom Nolan,Fares Ziam
6bcea00473e43a59,KO/TKO,1,1:46,3 Rnd (5-5-5),Conor McGregor,Dustin Poirier
eeb8b25df8543e0f,Decision - Unanimous,3,5:00,3 Rnd (5-5-5),Andre Winner,Rafaello Oliveira
b79a0b9c1f729c0d,Decision - Unanimous,3,5:00,3 Rnd (5-5-5),John Lineker,Yasuhiro Urushitani
4de25b19c4dedb14,KO/TKO,3,1:32,3 Rnd (5-5-5),Uriah Hall,Bevon Lewis
6247ad19755b71d6,Submission,3,1:50,3 Rnd (5-5-5),Dustin Kimura,Chico Camus
63cfbf28e44febc2,KO/TKO,1,4:29,3 Rnd (5-5-5),Marcus Aurelio,Luke Caudillo
79be3a6d483ad64a,KO/TKO,1,0:28,3 Rnd (5-5-5),Volkan Oezdemir,Misha Cirkunov
bcb697c4317f0997,Decision - Split,3,5:00,3 Rnd (5-5-5),Cory Sandhagen,John Lineker
8868957c1735bcf0,KO/TKO,1,0:44,3 Rnd (5-5-5),Sumudaerji,Malcolm Gordon
f6a03399c7a721cd,Decision - Unanimous,3,5:00,3 Rnd (5-5-5),Chance Rencountre,Ismail Naurdiev
3100a4e29da974ad,Decision - Split,3,5:00,3 Rnd (5-5-5),Rani Yahya,Masanori Kanehara
8add23232cdb36ee,KO/TKO,1,2:36,3 Rnd (5-5-5),Pat Barry,Dan Evensen
30cdb851f6c63444,KO/TKO,2,4:09,3 Rnd (5-5-5),Josh Hokit,Derrick Lewis
611ccad0fc46ba51,KO/TKO,2,3:41,3 Rnd (5-5-5),Norman Parke,Naoyuki Kotani
36630b8c820db52b,Decision - Split,3,5:00,3 Rnd (5-5-5),Alexis Davis,Jessica Eye
d1c4c06780cbd36e,Submission,3,3:15,3 Rnd (5-5-5),Alex Chambers,Kailin Curran
fb9b03644f559604,Decision - Unanimous,3,5:00,3 Rnd (5-5-5),Melvin Guillard,Ronys Torres
1f49b59e4058568f,Decision - Unanimous,3,5:00,3 Rnd (5-5-5),Anthony Pettis,Jim Miller
73f72edb86c82eef,Decision - Split,3,5:00,3 Rnd (5-5-5),Jordan Mein,Hernani Perpetuo
d2ce61c578e67067,Decision - Unanimous,3,5:00,3 Rnd (5-5-5),Pascal Krauss,Mark Scanlon
c3939438ae7934df,KO/TKO,1,2:52,3 Rnd (5-5-5),Chad Mendes,Myles Jury
bf8c5effd23f69c4,KO/TKO,1,4:04,3 Rnd (5-5-5),Kai Kara-France,Steve Erceg
f65b000b7e450bcf,Submission,1,4:40,No Time Limit,Royce Gracie,Kimo Leopoldo
3081e6e1bc1235a8,Decision - Unanimous,3,5:00,3 Rnd (5-5-5),Ali Bagautinov,Tim Elliott
e96d929f8207a3e0,Submission,1,0:58,3 Rnd (5-5-5),Jim Miller,Clay Guida
8d89f3b8798f444d,Decision - Split,3,5:00,3 Rnd (5-5-5),Brandon Royval,Rogerio Bontorin
84ebbad426d25713,Decision - Unanimous,3,5:00,3 Rnd (5-5-5),Hakeem Dawodu,Michael Trizano
0987b3f785e26d1c,Submission,2,4:50,3 Rnd (5-5-5),Rafa Garcia,Jesse Ronson
f115a91066a77ee7,KO/TKO,1,2:32,3 Rnd (5-5-5),Jack Della Maddalena,Ramazan Emeev
b589aba75770bc6b,Decision - Unanimous,3,5:00,3 Rnd (5-5-5),Nate Quarry,Tim Credeur
c5603628f7ae84d3,Decision - Split,3,5:00,3 Rnd (5-5-5),Ed Herman,Trevor Smith
bf732e22055e8634,KO/TKO,3,4:11,5 Rnd (5-5-5-5-5),Ciryl Gane,Derrick Lewis
3368c2419e259992,Submission,2,4:40,3 Rnd (5-5-5),John Maguire,DaMarques Johnson
07f9fc40f1e6aa87,TKO - Doctor's Stoppage,2,1:30,3 Rnd (5-5-5),Jessica Eye,Leslie Smith
f6efb09c01e4cac6,Submission,3,2:41,3 Rnd (5-5-5),Arnold Allen,Mads Burnell
796e1151896195aa,Decision - Unanimous,3,5:00,3 Rnd (5-5-5),Alexia Thainara,Bruna Brasil
1a95cc401f68f4c8,Decision - Unanimous,3,5:00,3 Rnd (5-5-5),Brad Tavares,Chris Weidman
c6f8541973f69080,KO/TKO,1,2:51,2 Rnd (5-5),Andre Roberts,Ron Waterman
b0367c907cc549c0,Decision - Unanimous,3,5:00,3 Rnd (5-5-5),Stefan Struve,Antonio Rodrigo Nogueira
c7fb90f1355291e4,Decision - Unanimous,3,5:00,3 Rnd (5-5-5),Francis Marshall,Lucas Brennan
d66f2c83c26e5b80,Decision - Majority,3,5:00,3 Rnd (5-5-5),TIE,TIE
20b84b2cbfb92dc7,KO/TKO,1,4:36,3 Rnd (5-5-5),John Hathaway,Tom Egan
07d1d120dab41893,Submission,2,0:50,3 Rnd (5-5-5),Tatsuya Kawajiri,Sean Soriano
0bdea30d7a7322f7,Decision - Unanimous,3,5:00,3 Rnd (5-5-5),Corey Anderson,Tom Lawlor
3a25be6438e3f94a,Decision - Unanimous,3,5:00,3 Rnd (5-5-5),Joseph Benavidez,John Moraga
dca2a0eb4cd3deac,Decision - Unanimous,3,5:00,3 Rnd (5-5-5),Jonathan Brookins,Michael Johnson
82448697e7a44028,KO/TKO,1,4:59,3 Rnd (5-5-5),Matt Mitrione,Shawn Jordan
256894b49303537b,Decision - Unanimous,5,5:00,5 Rnd (5-5-5-5-5),Islam Makhachev,Alexander Volkanovski
63b35df1276b3d64,KO/TKO,1,3:47,3 Rnd (5-5-5),Rob Font,Matt Schnell
93ac52a9fdca03e1,Decision - Unanimous,3,5:00,3 Rnd (5-5-5),Zach Makovsky,Tim Elliott
71c8ca7442bcb757,Submission,3,4:29,3 Rnd (5-5-5),Charles Radtke,Daniel Frunza
5081319e58f9759f,Submission,1,1:44,3 Rnd (5-5-5),Virna Jandiroba,Felice Herrig
98e77712f99956ff,Submission,1,3:42,3 Rnd (5-5-5),Chelsea Chandler,Priscila Cachoeira
dccea04cc3567955,Submission,1,2:43,3 Rnd (5-5-5),Liana Jojua,Diana Belbita
e9dfc2f009a77a8d,KO/TKO,2,0:33,3 Rnd (5-5-5),Nursulton Ruziboev,Eric McConico
0990ac7065412e76,Decision - Unanimous,3,5:00,3 Rnd (5-5-5),Dustin Ortiz,Alexandre Pantoja
e644218737c1a778,KO/TKO,1,2:05,3 Rnd (5-5-5),Jai Herbert,Mandel Nallo
86afc59ec117c1ba,DQ,2,2:28,3 Rnd (5-5-5),Joe Riggs,Ron Stallings
7929542a0003799f,Decision - Unanimous,3,5:00,3 Rnd (5-5-5),Marvin Eastman,Terry Martin
255da7afa89eb0e5,Decision - Unanimous,3,5:00,3 Rnd (5-5-5),Benji Radach,Nick Serra
ec0a1c09d1b113b8,KO/TKO,1,0:08,3 Rnd (5-5-5),Leon Edwards,Seth Baczynski
11558384f80f6506,Submission,2,3:39,3 Rnd (5-5-5),Umar Nurmagomedov,Sergey Morozov
48a9d2a3967d13a4,Decision - Split,3,5:00,3 Rnd (5-5-5),Michael Johnson,Andre Fili
ee278a5a25744cac,Decision - Split,3,5:00,3 Rnd (5-5-5),Nicolae Negumereanu,Kennedy Nzechukwu
406f2aacd1d1faf9,Decision - Unanimous,5,5:00,5 Rnd (5-5-5-5-5),Jack Hermansson,Joe Pyfer
32d371462c539bee,Decision - Unanimous,3,5:00,3 Rnd (5-5-5),Hecher Sosa,Luan Lacerda
2f5e137118d57d0e,Decision - Unanimous,3,5:00,3 Rnd (5-5-5),Constantinos Philippou,Riki Fukuda
f0cf2ca8e5c621a8,Submission,1,4:59,3 Rnd (5-5-5),Scott Jorgensen,John Albert
6188b7fb3f8daacc,Decision - Unanimous,3,5:00,3 Rnd (5-5-5),Joel Alvarez,Vicente Luque
c258996570faeec9,Decision - Majority,5,5:00,5 Rnd (5-5-5-5-5),TIE,TIE
920194911d727a38,KO/TKO,1,3:58,3 Rnd (5-5-5),Jason Day,Alan Belcher
326c3eaa1e9e3dc4,Submission,2,2:05,3 Rnd (5-5-5),Gillian Robertson,Molly McCann
a122968e96068800,Decision - Split,3,5:00,3 Rnd (5-5-5),Elizeu Zaleski dos Santos,Abubakar Nurmagomedov
69f39e5d959311b1,Decision - Unanimous,3,5:00,3 Rnd (5-5-5),Beneil Dariush,Mateusz Gamrot
5742025a09190829,KO/TKO,2,0:24,5 Rnd (5-5-5-5-5),Yair Rodriguez,BJ Penn
67a3b8dc3c0c3e45,Decision - Unanimous,3,5:00,3 Rnd (5-5-5),Roger Huerta,Jason Dent
dff2685afd98ed9e,KO/TKO,2,3:12,3 Rnd (5-5-5),Gillian Robertson,Polyana Viana
70f01e9ff0b4e519,KO/TKO,3,3:17,3 Rnd (5-5-5),Marlon Vera,Andre Ewell
ca8e482388e7ac82,KO/TKO,1,4:40,3 Rnd (5-5-5),Donald Cerrone,Adriano Martins
f40ac11da3bd7f8e,Submission,3,4:32,3 Rnd (5-5-5),Muhammad Mokaev,Jafel Filho
2a17686c6b5f334e,KO/TKO,2,1:16,5 Rnd (5-5-5-5-5),Chris Weidman,Anderson Silva
69ecd4aa5a550f7b,Decision - Unanimous,3,5:00,3 Rnd (5-5-5),Peter Sobotta,Nicolas Dalby
2ab47d509ee7dc6d,Decision - Split,3,5:00,3 Rnd (5-5-5),TIE,TIE
f73dfeb48b09e6a6,KO/TKO,3,2:48,3 Rnd (5-5-5),Derrick Lewis,Marcin Tybura
a43dcd04788d95c7,KO/TKO,2,2:14,3 Rnd (5-5-5),Ricky Simon,Raphael Assuncao
ff8802aae3b81c3f,Submission,1,1:52,3 Rnd (5-5-5),Gleison Tibau,Jeff Cox
591699203b264f6c,Decision - Unanimous,3,5:00,3 Rnd (5-5-5),Patrick Cote,Joe Riggs
8938fad6ec08499d,Decision - Unanimous,3,5:00,3 Rnd (5-5-5),Paulo Thiago,David Mitchell
fedb6a1b15b05694,KO/TKO,2,4:56,3 Rnd (5-5-5),Frank Camacho,Nick Hein
2bbfbb234c255249,Decision - Unanimous,3,5:00,3 Rnd (5-5-5),Klaudia Sygula,Priscila Cachoeira
061990783b9bdb36,Decision - Split,3,5:00,3 Rnd (5-5-5),Nasrat Haqparast,Esteban Ribovics
f9dac7702609669f,Decision - Unanimous,3,5:00,3 Rnd (5-5-5),Billy Elekana,Ibo Aslan
43d7d4b67be48553,KO/TKO,1,1:08,3 Rnd (5-5-5),Tony Gravely,Johnny Munoz
9360a34eb511a9b4,KO/TKO,2,2:16,3 Rnd (5-5-5),Michael Kuiper,Jared Hamman
7ee8b91d7f80f8a7,Decision - Unanimous,3,5:00,3 Rnd (5-5-5),Kyle Nelson,Blake Bilder
60be440e54760b40,Decision - Unanimous,3,5:00,3 Rnd (5-5-5),Junior Dos Santos,Shane Carwin
19828eb12f6d41a8,Decision - Split,3,5:00,3 Rnd (5-5-5),Yves Jabouin,Dustin Pague
c5259566abc552b1,Decision - Split,3,5:00,3 Rnd (5-5-5),Felipe Colares,Domingo Pilarte
84e8ccc3c97c2b4c,Decision - Unanimous,3,5:00,3 Rnd (5-5-5),Wang Cong,Eduarda Moura
583f2c3cd0e2385b,KO/TKO,1,3:34,3 Rnd (5-5-5),Alex Morono,Zak Ottow
5fcf65d4de66c970,Decision - Majority,3,5:00,3 Rnd (5-5-5),Demian Maia,Anthony Rocco Martin
958f6e5b79ff8c33,Decision - Unanimous,3,5:00,3 Rnd (5-5-5),Elizeu Zaleski dos Santos,Keita Nakamura
940f586104bf8bc8,Decision - Unanimous,3,5:00,3 Rnd (5-5-5),Muhammad Naimov,Kaan Ofli
06713afc60301c0c,Decision - Unanimous,3,5:00,3 Rnd (5-5-5),Josefine Knutsson,Julia Polastri
a78ccbb549d36ddd,Decision - Unanimous,3,5:00,3 Rnd (5-5-5),Rick Story,Tarec Saffiedine
d2287a9cfb6b9b07,Submission,3,4:33,3 Rnd (5-5-5),Nick Pace,Will Campuzano
516868e246064e2b,KO/TKO,2,0:29,3 Rnd (5-5-5),Jorge Rivera,Nate Quarry
385101e8ad828c39,KO/TKO,2,0:18,3 Rnd (5-5-5),Alex Pereira,Andreas Michailidis
34d1bfdde8ea3e11,Decision - Unanimous,3,5:00,3 Rnd (5-5-5),Dan Miller,Matt Horwich
57333b7bff20ece0,Decision - Unanimous,3,5:00,3 Rnd (5-5-5),John Castaneda,Kyung Ho Kang
a7c38d4d66abf923,Decision - Unanimous,3,5:00,3 Rnd (5-5-5),Marc-Andre Barriault,Dalcha Lungiambula
20d8f6b4b7c8bae7,KO/TKO,1,0:38,3 Rnd (5-5-5),Robbie Lawler,Niko Price
a3902e22c10725c4,Submission,3,3:10,3 Rnd (5-5-5),Brian Stann,Mike Massenzio
dffef4343e822399,Submission,1,0:50,5 Rnd (5-5-5-5-5),Frank Mir,Tim Sylvia
8ddd53a7ed3754d5,Decision - Unanimous,3,5:00,3 Rnd (5-5-5),Kelvin Gastelum,Daniel Rodriguez
94cecf4bd29793e1,Submission,3,0:49,3 Rnd (5-5-5),James Vick,Abel Trujillo
7cdb56b2f207a41b,Submission,1,1:46,3 Rnd (5-5-5),Kenny Florian,Sam Stout
dfa2f5c821a52c63,KO/TKO,2,2:51,3 Rnd (5-5-5),Jamie Mullarkey,Devonte Smith
5fceb95c29d929bc,Decision - Split,5,5:00,5 Rnd (5-5-5-5-5),Dan Hooker,Paul Felder
58540b24ed77d31b,Decision - Split,3,5:00,3 Rnd (5-5-5),Dan Ige,Edson Barboza
a63ed5d48f00ad18,Decision - Unanimous,3,5:00,3 Rnd (5-5-5),Keith Jardine,Mike Whitehead
8fea32ab0445859c,Decision - Unanimous,3,5:00,3 Rnd (5-5-5),Michal Oleksiejczuk,Marc-Andre Barriault
f3c37e23ca30c87d,Decision - Split,3,5:00,3 Rnd (5-5-5),Bryan Barberena,Matt Brown
eae8d2c30c0bb499,KO/TKO,1,0:39,3 Rnd (5-5-5),CB Dollaway,Cezar Ferreira
dc24c4759651c6ad,KO/TKO,2,3:47,3 Rnd (5-5-5),Jairzinho Rozenstruik,Junior Dos Santos
2db0998b24c11ea0,KO/TKO,2,2:10,3 Rnd (5-5-5),Caio Borralho,Paul Craig
adb78db5ba8ccc0f,Decision - Split,3,5:00,3 Rnd (5-5-5),Andre Fili,Bill Algeo
6c15d41df17349c9,TKO - Doctor's Stoppage,2,2:31,1 Rnd + OT (12-3),Tito Ortiz,Jerry Bohlander
938081fae11dcbbf,KO/TKO,1,3:04,3 Rnd (5-5-5),Azamat Bekoev,Zach Reese
ca6d4239726931f9,KO/TKO,1,3:04,3 Rnd (5-5-5),Eddie Wineland,Takeya Mizugaki
0308bcdd00cc72e2,KO/TKO,1,2:36,3 Rnd (5-5-5),Alex Pereira,Sean Strickland
bfc9989751bd0d04,KO/TKO,1,3:01,3 Rnd (5-5-5),Waldo Cortes Acosta,Lukasz Brzeski
ed8fb10b596e6fa4,Submission,3,3:57,3 Rnd (5-5-5),Sabina Mazo,Justine Kish
c20bd12ae7f04eff,KO/TKO,1,1:04,3 Rnd (5-5-5),Bekzat Almakhan,Brad Katona
1a635a5e4551e7d5,KO/TKO,3,1:57,3 Rnd (5-5-5),Manel Kape,Bruno Silva
2d57ce76f7922ed9,Decision - Split,3,5:00,3 Rnd (5-5-5),Cezar Ferreira,Daniel Sarafian
fccedc456048216b,KO/TKO,1,4:33,5 Rnd (5-5-5-5-5),Daniel Cormier,Stipe Miocic
a7807ab56cb49cad,Decision - Unanimous,3,5:00,3 Rnd (5-5-5),Roosevelt Roberts,Alexander Yakovlev
834968d130e1f0e9,Submission,2,4:26,5 Rnd (5-5-5-5-5),Jon Jones,Lyoto Machida
ab853176cfe20b01,Decision - Split,3,5:00,3 Rnd (5-5-5),Frankie Saenz,Merab Dvalishvili
7e3679992f2c6ff6,Decision - Unanimous,3,5:00,3 Rnd (5-5-5),Ryan Bader,Rogerio Nogueira
f4817d5cbe9be532,Decision - Split,3,5:00,3 Rnd (5-5-5),Angela Hill,Ketlen Souza
313801a4262f1ea5,Decision - Unanimous,3,5:00,3 Rnd (5-5-5),Chris Camozzi,Vitor Miranda
e15b393a27c07043,Decision - Split,3,5:00,3 Rnd (5-5-5),Jim Miller,Joe Lauzon
57d989702ae72dc1,KO/TKO,1,1:33,3 Rnd (5-5-5),Joe Lauzon,Jonathan Pearce
8d740c844353ae0e,KO/TKO,3,2:23,5 Rnd (5-5-5-5-5),Sean Strickland,Anthony Hernandez
44e24628e8eda0b1,KO/TKO,1,3:52,3 Rnd (5-5-5),Sam Stout,Yves Edwards
e313286b307334a7,Decision - Unanimous,3,5:00,3 Rnd (5-5-5),Ethyn Ewing,Malcolm Wellmaker
c9e4aa12aaa7309e,KO/TKO,2,2:38,3 Rnd (5-5-5),Paulo Costa,Uriah Hall
ed8944898353b526,KO/TKO,2,3:56,3 Rnd (5-5-5),Abel Trujillo,Marcus LeVesseur
be94e5b7a35ce5f2,KO/TKO,3,0:34,5 Rnd (5-5-5-5-5),Kamaru Usman,Gilbert Burns
bb6438338bb8aebf,Decision - Unanimous,3,5:00,3 Rnd (5-5-5),Roman Dolidze,Laureano Staropoli
5c70b175f08ca141,KO/TKO,3,4:14,3 Rnd (5-5-5),Josh Emmett,Michael Johnson
a0a120c50d93f70a,Decision - Unanimous,3,3:56,3 Rnd (5-5-5),Caio Borralho,Gadzhi Omargadzhiev
2c417643d6de6f04,Decision - Unanimous,3,5:00,3 Rnd + OT (5-5-5-5),Guangyou Ning,Jianping Yang
fef109b9f26585b3,Decision - Split,3,5:00,3 Rnd (5-5-5),Yves Jabouin,Walel Watson
9e2bb8d5961b44d4,KO/TKO,2,2:14,3 Rnd (5-5-5),Eduarda Moura,Montserrat Conejo Ruiz
a09447d185a62251,Decision - Unanimous,3,5:00,3 Rnd (5-5-5),Rinat Fakhretdinov,Andreas Michailidis
b091e021e61f1950,Decision - Unanimous,3,5:00,3 Rnd (5-5-5),Chael Sonnen,Nate Marquardt
c1df212ba092c404,KO/TKO,2,3:49,3 Rnd (5-5-5),Quinton Jackson,Marvin Eastman
8172d8d996335d0a,KO/TKO,1,3:22,3 Rnd (5-5-5),Tim Boetsch,Rafael Natal
bd064deb3494b41a,Decision - Unanimous,3,5:00,3 Rnd (5-5-5),Vanessa Demopoulos,Maria Oliveira
096e00355c8c84ac,Decision - Unanimous,3,5:00,3 Rnd (5-5-5),Djorden Santos,Danny Barlow
a9dc59e90779c1e3,Decision - Unanimous,3,5:00,3 Rnd (5-5-5),Ricardo Almeida,Kendall Grove
4b67a1875390e7ad,Decision - Split,5,5:00,5 Rnd (5-5-5-5-5),Sean Strickland,Jack Hermansson
ceaf7ed5ade30d9f,Decision - Unanimous,3,5:00,3 Rnd (5-5-5),Ariane da Silva,Mandy Bohm
8d1559bbcea7e92a,Submission,2,4:09,3 Rnd (5-5-5),Louis Smolka,Paddy Holohan
24f2d2dd9fea5d79,Submission,1,2:44,3 Rnd (5-5-5),Tatiana Suarez,Alexa Grasso
9379672d351808a3,KO/TKO,1,1:09,3 Rnd (5-5-5),Dan Hardy,Rory Markham
65c89e0c92e51bb8,Submission,1,4:49,3 Rnd (5-5-5),Kevin Jousset,Kiefer Crosbie
dbbd17b6995f014b,KO/TKO,2,0:36,3 Rnd (5-5-5),Nasrat Haqparast,Joaquim Silva
427a10db0406cfba,Decision - Unanimous,3,5:00,3 Rnd (5-5-5),Hector Lombard,Jake Shields
68fe62bac7fd8bb0,Submission,4,2:45,5 Rnd (5-5-5-5-5),Anthony Hernandez,Roman Dolidze
9d30c887e8bd8824,Submission,3,4:59,3 Rnd (5-5-5),Jakub Wiklacz,Muin Gafurov
b8c21a311f3f7953,Submission,1,3:57,3 Rnd (5-5-5),Megan Anderson,Zarah Fairn
1308213458d8596b,Submission,3,1:43,3 Rnd (5-5-5),Gavin Tucker,Justin Jaynes
58d5e4afc2dd35d1,Decision - Split,3,5:00,3 Rnd (5-5-5),Wellington Turman,Sam Alvey
cc9cabc1fc747aaf,Submission,2,2:16,3 Rnd (5-5-5),Marcus Davis,Paul Kelly
b35e47f2f58ef026,KO/TKO,3,4:29,5 Rnd (5-5-5-5-5),Jon Jones,Stipe Miocic
332432834ece3bc7,Decision - Unanimous,3,5:00,3 Rnd (5-5-5),Scott Jorgensen,Jeff Curran
72481ce1897251cd,KO/TKO,1,1:09,3 Rnd (5-5-5),John Albert,Dustin Pague
afed0bac5ce5a2f3,Submission,1,1:16,3 Rnd (5-5-5),Andre Petroski,Nick Maximov
1e8c33b1917fe1b7,Submission,3,4:26,3 Rnd (5-5-5),Muhammad Mokaev,Malcolm Gordon
900ae72adbf7c49f,Submission,2,4:59,3 Rnd (5-5-5),Jorge Masvidal,Michael Chiesa
744627aec853874e,Decision - Split,3,5:00,3 Rnd (5-5-5),Nicolae Negumereanu,Aleksa Camur
ac57250e3de89d5d,KO/TKO,2,4:39,3 Rnd (5-5-5),Neil Magny,Elizeu Zaleski dos Santos
c330107229012260,Decision - Split,3,5:00,3 Rnd (5-5-5),James Head,Brian Ebersole
df3cc5ec78d05a71,Decision - Unanimous,3,5:00,3 Rnd (5-5-5),Vitor Petrino,Tyson Pedro
29bf7862fb1c28d6,Decision - Unanimous,3,5:00,3 Rnd (5-5-5),Darren Elkins,Michihiro Omigawa
0bd0ca01a255038c,Decision - Unanimous,3,5:00,3 Rnd (5-5-5),John Makdessi,Daron Cruickshank
fa98e2b8dceca9bb,Decision - Unanimous,3,5:00,3 Rnd (5-5-5),Molly McCann,Ariane da Silva
958bd435389dd12a,Decision - Unanimous,3,5:00,3 Rnd (5-5-5),Aaron Riley,Jorge Gurgel
b400c29fbeee0206,KO/TKO,1,2:07,3 Rnd (5-5-5),Guido Cannetti,Kris Moutinho
6d9ea9f436ed354d,Decision - Unanimous,3,5:00,3 Rnd (5-5-5),Carlos Ulberg,Jan Blachowicz
1ff24d5f760e0491,Submission,3,3:08,3 Rnd (5-5-5),Neil Magny,Jake Matthews
da6b863cf684e0ae,Decision - Unanimous,3,5:00,3 Rnd (5-5-5),Song Kenan,Rolando Bedoya
f5fb8b182020c59d,Submission,1,3:19,3 Rnd (5-5-5),Jimmy Crute,Ivan Erslan
e909e34cdee01831,KO/TKO,1,1:37,3 Rnd (5-5-5),Dhiego Lima,Chad Laprise
62d53ad8f8769666,Submission,2,2:39,3 Rnd + OT (5-5-5-5),Kurt Holobaugh,Austin Hubbard
93f3e9b9f093ad57,Decision - Split,3,5:00,3 Rnd (5-5-5),Darren Stewart,Deron Winn
3a42dd84680f444b,Submission,2,4:17,3 Rnd (5-5-5),Gunnar Nelson,Alex Oliveira
9433730f95d52fc8,Decision - Split,3,5:00,3 Rnd (5-5-5),Maycee Barber,Andrea Lee
214fa13c3f230259,Submission,1,2:33,5 Rnd (5-5-5-5-5),Donald Cerrone,Alex Oliveira
e6031b5937294176,Decision - Unanimous,3,5:00,3 Rnd (5-5-5),Seokhyeon Ko,Phil Rowe
74dcccd3d2f487a1,Submission,1,11:01,1 Rnd + OT (12-3),Mike van Arsdale,Joe Pardo
4669c07f3cc9e35f,Decision - Unanimous,3,5:00,3 Rnd (5-5-5),Quinton Jackson,Fabio Maldonado
93ca562453f65b8d,KO/TKO,1,1:14,3 Rnd (5-5-5),Melquizael Costa,Morgan Charriere
f5b49f4c5a27e53b,KO/TKO,1,0:38,3 Rnd (5-5-5),Magomed Ankalaev,Ion Cutelaba
15aced6a6a61df90,Submission,1,2:35,3 Rnd (5-5-5),Ben Nguyen,Ryan Benoit
6963c65b49e47277,KO/TKO,1,2:58,3 Rnd (5-5-5),Melvin Guillard,Evan Dunham
9422b3caf780a995,Decision - Unanimous,3,5:00,3 Rnd (5-5-5),Tito Ortiz,Patrick Cote
ac6b2a5f24c2b8bd,Decision - Unanimous,3,5:00,3 Rnd (5-5-5),Casey Kenney,Alatengheili
93096cfccdbf4fe8,Decision - Unanimous,3,5:00,3 Rnd (5-5-5),Alexander Gustafsson,Thiago Silva
d8b098e5598509cc,KO/TKO,1,1:44,3 Rnd (5-5-5),Alessio Sakara,Victor Valimaki
bcf49463525efbee,KO/TKO,1,4:43,3 Rnd (5-5-5),Diego Sanchez,David Bielkheden
7208e40818401e88,KO/TKO,4,5:00,5 Rnd (5-5-5-5-5),Justin Gaethje,Ilia Topuria
7ff036c99621eb1c,Decision - Split,5,5:00,5 Rnd (5-5-5-5-5),Georges St-Pierre,Johny Hendricks
f62c29310e1d6253,KO/TKO,1,4:20,3 Rnd (5-5-5),Troy Mandaloniz,Richie Hightower
b9b8509c568dc144,KO/TKO,1,1:54,3 Rnd (5-5-5),Tim Credeur,Cale Yarbrough
afec383a96893ec5,Decision - Unanimous,3,5:00,3 Rnd (5-5-5),Steve Erceg,Tim Elliott
ba2f30fb7143a6b1,Decision - Unanimous,3,5:00,3 Rnd (5-5-5),Rafael Natal,Paul Bradley
f338da998c4fdf53,Decision - Split,3,5:00,3 Rnd (5-5-5),Nick Catone,Jesse Forbes
92d0c39f0df77c7e,Submission,1,3:38,3 Rnd (5-5-5),Frank Mir,Antonio Rodrigo Nogueira
9fb0a4e18ddcd14c,Decision - Unanimous,3,5:00,3 Rnd (5-5-5),Sijara Eubanks,Lauren Murphy
bd246b9789f88e1c,Submission,3,3:41,3 Rnd (5-5-5),Tim Means,George Sullivan
9ddaa62cc806958d,Decision - Unanimous,3,5:00,3 Rnd (5-5-5),Oban Elliott,Val Woodburn
4eafb2657c3781f5,KO/TKO,1,1:01,3 Rnd (5-5-5),Anderson Silva,James Irvin
15a422574c3b89e1,Decision - Unanimous,3,5:00,3 Rnd (5-5-5),Nassourdine Imavov,Jordan Williams
82ad4eb50b3d7bd0,Decision - Unanimous,3,5:00,3 Rnd (5-5-5),Amir Sadollah,Peter Sobotta
9de23eb1471e592b,Decision - Split,3,5:00,3 Rnd (5-5-5),Miles Johns,Cole Smith
665e9a25c5d8c17f,KO/TKO,1,2:43,3 Rnd (5-5-5),Tony Sims,Steve Montgomery
eb6f80ccaf2a3dbc,Decision - Unanimous,5,5:00,5 Rnd (5-5-5-5-5),Colby Covington,Rafael Dos Anjos
44adac5d05f7e883,Submission,2,3:25,3 Rnd (5-5-5),Alan Belcher,Patrick Cote
6bde0b88f21304d4,Decision - Unanimous,3,5:00,3 Rnd (5-5-5),Fabricio Werdum,Roy Nelson
0d2314d23dee3796,Decision - Unanimous,3,5:00,3 Rnd (5-5-5),Josh Koscheck,Jeff Joslin
97c302628f231da3,Decision - Unanimous,3,5:00,3 Rnd (5-5-5),Kajan Johnson,Zhang Lipeng
8a9a37d68cc428d6,KO/TKO,3,2:28,3 Rnd (5-5-5),Yuki Kondo,Alexandre Dantas
db936df21e61209e,Submission,1,10:23,1 Rnd + OT (12-3),Jerry Bohlander,Kevin Jackson
23a75c0338d25abc,Decision - Split,3,5:00,3 Rnd (5-5-5),Andrew Holbrook,Ramsey Nijem
d4c85298623130de,Decision - Unanimous,3,5:00,3 Rnd (5-5-5),Mike Pierce,Seth Baczynski
c5865afc31cb6c59,KO/TKO,2,4:45,3 Rnd (5-5-5),Li Jingliang,Bobby Nash
c26806c2d554e50c,Submission,3,2:31,3 Rnd (5-5-5),Khabib Nurmagomedov,Michael Johnson
919c86cce0eca615,KO/TKO,1,2:13,3 Rnd (5-5-5),Jorge Santiago,Justin Levens
f8a90f8a7beaa330,KO/TKO,1,4:14,3 Rnd (5-5-5),Branden Lee Hinkle,Sean Gannon
1cd0ce0e2312ad52,Decision - Unanimous,3,5:00,3 Rnd (5-5-5),Jordan Johnson,Henrique da Silva
331ddc1141e934d1,Decision - Split,3,5:00,3 Rnd (5-5-5),Sean Woodson,Charles Jourdain
2e7f8d0ad385876d,Decision - Unanimous,3,5:00,3 Rnd (5-5-5),Victor Valenzuela,Max Griffin
8c109a0c53ed9618,Submission,2,2:07,3 Rnd (5-5-5),Louis Smolka,Sumudaerji
3195350c98c9491d,KO/TKO,2,1:06,3 Rnd (5-5-5),Michael Johnson,Danny Castillo
f8820294bbe01486,KO/TKO,1,0:32,5 Rnd (5-5-5-5-5),Tito Ortiz,Evan Tanner
9785420602b452f7,Decision - Unanimous,3,5:00,3 Rnd (5-5-5),Merab Dvalishvili,Henry Cejudo
19646a0c8baee966,Submission,2,0:37,3 Rnd (5-5-5),Kenny Florian,Kit Cope
f61f5adf7e0a80c4,Decision - Unanimous,5,5:00,5 Rnd (5-5-5-5-5),Joanna Jedrzejczyk,Michelle Waterson-Gomez
c037cf1f7b429d5e,KO/TKO,3,1:38,3 Rnd (5-5-5),Baisangur Susurkaev,Eric McConico
998bde5639c61adb,Decision - Split,5,5:00,5 Rnd (5-5-5-5-5),Brandon Royval,Tatsuro Taira
af2ef75664656957,Decision - Unanimous,3,5:00,3 Rnd (5-5-5),Cortney Casey,Jessica Aguilar
7826c23386a1e09a,Decision - Unanimous,3,5:00,3 Rnd (5-5-5),Diego Rivas,Rodolfo Rubio Perez
55f727e00553035d,Decision - Unanimous,3,5:00,3 Rnd (5-5-5),Joe Duffy,Reza Madadi
1fa6d636d283ac84,Submission,2,1:44,3 Rnd (5-5-5),Rousimar Palhares,David Branch
41feee2c08af2235,Decision - Unanimous,3,5:00,3 Rnd (5-5-5),Brad Katona,Matthew Lopez
340d5e6f22ff6ac4,Decision - Unanimous,3,5:00,3 Rnd (5-5-5),Gilbert Melendez,Diego Sanchez
81f287d035190506,KO/TKO,1,1:06,5 Rnd (5-5-5-5-5),Rafael Dos Anjos,Donald Cerrone
0366e183296fea07,Decision - Split,3,5:00,3 Rnd (5-5-5),Joselyne Edwards,Ji Yeon Kim
9f108233c7c787d9,KO/TKO,3,4:23,3 Rnd (5-5-5),Matt Lindland,Falaniko Vitale
f6a3c78f15ff26c7,Decision - Unanimous,3,5:00,3 Rnd (5-5-5),Payton Talbott,Felipe Lima
ec5d705232983b87,Decision - Unanimous,3,5:00,3 Rnd (5-5-5),Trey Waters,Billy Ray Goff
60be02c5566c8348,Decision - Unanimous,3,5:00,3 Rnd (5-5-5),Julianna Pena,Nicco Montano
f8a8871d167fc929,KO/TKO,1,3:42,3 Rnd (5-5-5),Cody Garbrandt,Brian Kelleher
3f8b4aeb3baf4724,KO/TKO,1,4:08,3 Rnd (5-5-5),Matt Frevola,Drew Dober
b34aa3946ccfcfbb,KO/TKO,1,2:37,3 Rnd (5-5-5),Jorge Rivera,Edwin DeWees
cce232c1b1b2e4a0,TKO - Doctor's Stoppage,2,5:00,3 Rnd (5-5-5),Melissa Gatto,Victoria Leonardo
28e3d939eb043664,KO/TKO,1,3:15,3 Rnd (5-5-5),Joe Pyfer,Gerald Meerschaert
12a33d16e1d4e2d9,KO/TKO,2,4:47,3 Rnd (5-5-5),Bryan Barberena,Robbie Lawler
c4e4954beb59eca6,Decision - Split,3,5:00,3 Rnd (5-5-5),Victor Henry,Tony Gravely
cfd3e62c638fbd1f,Decision - Unanimous,3,5:00,3 Rnd (5-5-5),Bo Nickal,Paul Craig
95f37dc43e808ebf,KO/TKO,1,4:25,3 Rnd (5-5-5),Ion Cutelaba,Gadzhimurad Antigulov
b2c3f1783a0c8530,Decision - Unanimous,3,5:00,3 Rnd (5-5-5),Jeremy Stephens,Renan Barao
6e62908d6639dcdb,Decision - Unanimous,3,5:00,3 Rnd (5-5-5),Jon Madsen,Karlos Vemola
72e7d6d5328bc3d6,KO/TKO,1,8:02,1 Rnd + OT (12-3),Scott Ferrozzo,Jim Mullen
eb13a9d04dca676e,KO/TKO,1,4:55,3 Rnd (5-5-5),Vik Grujic,Chris Indich
34fd6ac116645ae6,Decision - Unanimous,5,5:00,5 Rnd (5-5-5-5-5),Josh Barnett,Roy Nelson
d9ca00b3c62a874d,KO/TKO,2,0:14,3 Rnd (5-5-5),Jim Miller,Erick Gonzalez
a7315147a7022a93,Decision - Unanimous,3,5:00,3 Rnd (5-5-5),Alexis Davis,Sabina Mazo
e3573545220ca4ea,KO/TKO,1,3:41,3 Rnd (5-5-5),Luana Santos,Juliana Miller
981ed463bf5d91a8,KO/TKO,1,3:13,3 Rnd (5-5-5),Darko Stosic,Jeremy Kimball
875304f54becda0e,KO/TKO,2,1:34,3 Rnd (5-5-5),Ryan Benoit,Sergio Pettis
823797bc6d532b52,Decision - Split,3,5:00,3 Rnd (5-5-5),Frank Camacho,Damien Brown
33be2456161c14c3,Decision - Unanimous,3,5:00,3 Rnd (5-5-5),Ateba Gautier,Andrey Pulyaev
69fd05c73b645a62,Decision - Unanimous,3,5:00,3 Rnd (5-5-5),Brian Ebersole,TJ Waldburger
947ea1122c04ba18,Decision - Unanimous,3,5:00,3 Rnd (5-5-5),Steve Erceg,David Dvorak
e078d18fa9ed100d,KO/TKO,1,1:18,3 Rnd (5-5-5),Nicolae Negumereanu,Ike Villanueva
1362ccc16713d404,Decision - Split,3,5:00,3 Rnd (5-5-5),Julian Erosa,Marcin Wrzosek
f88fefd5df0ba06c,Decision - Unanimous,3,5:00,3 Rnd (5-5-5),Neil Seery,Chris Beal
eaf8782e4e03139b,Decision - Split,3,5:00,3 Rnd (5-5-5),Marcus Brimage,Maximo Blanco
177201b1a7fa0dd0,TKO - Doctor's Stoppage,2,5:00,3 Rnd (5-5-5),Thiago Alves,Chris Lytle
98094a500529d442,Submission,3,3:11,3 Rnd + OT (5-5-5-5),HyunSung Park,SeungGuk Choi
6a0341234ecc4e87,Decision - Unanimous,3,5:00,3 Rnd (5-5-5),Alex Caceres,Kevin Croom
b4ebb7576e9745e7,TKO - Doctor's Stoppage,2,4:38,3 Rnd (5-5-5),Ross Pearson,Aaron Riley
106918bfbe24335d,Decision - Unanimous,3,5:00,3 Rnd (5-5-5),Ketlen Vieira,Macy Chiasson
919ddc634c54ad20,Decision - Unanimous,3,5:00,3 Rnd (5-5-5),Neil Magny,Jon Manley
99dc6aa635a9cf98,Decision - Unanimous,3,5:00,3 Rnd (5-5-5),Frankie Saenz,Nolan Ticman
1c5bed46920ab3e1,KO/TKO,1,0:28,3 Rnd (5-5-5),Diego Brandao,Katsunori Kikuno
cd150cd28738a7c5,KO/TKO,2,4:31,3 Rnd (5-5-5),Marcin Tybura,Greg Hardy
ee24be90a01f552e,Decision - Split,3,5:00,3 Rnd (5-5-5),Roman Kopylov,Cesar Almeida
b9be2e52d02886e2,Decision - Unanimous,3,5:00,3 Rnd (5-5-5),Alan Patrick,John Makdessi
43e26b46cbb51985,KO/TKO,1,0:28,3 Rnd (5-5-5),Iwo Baraniewski,Austen Lane
284e05afc9479620,Decision - Unanimous,3,5:00,3 Rnd (5-5-5),Maximo Blanco,Dan Hooker
b1b20c686dfe3204,KO/TKO,2,3:44,3 Rnd + OT (5-5-5-5),Anshul Jubli,Jeka Saragih
a9e13a29a332c886,Decision - Split,3,5:00,3 Rnd (5-5-5),Joshua Burkman,Forrest Petz
18b31990d1808419,KO/TKO,1,2:32,3 Rnd (5-5-5),Erik Koch,Raphael Assuncao
fe0c844a671dd6d8,Decision - Unanimous,3,5:00,3 Rnd (5-5-5),Petr Yan,Jimmie Rivera
7edac7a0a2f72f28,KO/TKO,2,2:13,2 Rnd (5-5),Ian Freeman,Nate Schroeder
7add5901fac6ab82,Submission,3,4:36,3 Rnd (5-5-5),Talita Alencar,Ariane Carnelossi
5014298453caf116,Submission,2,2:41,3 Rnd (5-5-5),Alexander Gustafsson,Cyrille Diabate
d56a59a4c79cf515,KO/TKO,1,0:54,3 Rnd (5-5-5),Rinat Fakhretdinov,Andreas Gustafsson
1b7bc992c26ac10f,Decision - Unanimous,3,5:00,3 Rnd (5-5-5),Jessamyn Duke,Peggy Morgan
5a00c73efbcf323e,Decision - Split,3,5:00,3 Rnd (5-5-5),Hakeem Dawodu,Zubaira Tukhugov
1fee9eca658d9808,Decision - Split,3,5:00,3 Rnd (5-5-5),Jack Shore,Hunter Azure
3f7bf047b310943d,KO/TKO,1,3:15,3 Rnd (5-5-5),Antoni Hardonk,Sherman Pendergarst
1a2d13834696c4ab,Decision - Unanimous,3,5:00,3 Rnd (5-5-5),David Dvorak,Bruno Silva
a7aac5f6b470ddaa,Decision - Split,3,5:00,3 Rnd (5-5-5),Mark Bocek,Mike de la Torre
00b7497b02b3b2bb,Submission,1,0:19,3 Rnd (5-5-5),Chas Skelly,Maximo Blanco
2ce541a11b2eb392,Decision - Unanimous,3,5:00,3 Rnd (5-5-5),Karo Parisyan,Joshua Burkman
4b0aa5c67e69ce74,Decision - Unanimous,5,5:00,5 Rnd (5-5-5-5-5),Fabricio Werdum,Marcin Tybura
bd887c173d3050bf,KO/TKO,3,2:46,3 Rnd (5-5-5),Ashlee Evans-Smith,Veronica Hardy
bbbb4c62c35f5390,Decision - Unanimous,3,5:00,3 Rnd (5-5-5),Danny Castillo,Joe Stevenson
94ce682e4a3e556a,Decision - Unanimous,3,5:00,3 Rnd (5-5-5),Ketlen Vieira,Ashlee Evans-Smith
dbcc5b5d568efa8b,KO/TKO,3,4:33,3 Rnd (5-5-5),Sean O'Malley,Kris Moutinho
5531317352862978,Decision - Unanimous,3,5:00,3 Rnd (5-5-5),Erin Blanchfield,Taila Santos
120ec60ad18cf6c5,KO/TKO,1,1:36,3 Rnd (5-5-5),Steve Garcia,SeungWoo Choi
603b0b1fa3ab8f20,Decision - Unanimous,3,5:00,3 Rnd (5-5-5),Chris Beal,Tateki Matsuda
58584ccd0f63e3f3,KO/TKO,1,1:54,3 Rnd (5-5-5),Sean O'Malley,Eddie Wineland
69b147aaaafeb47d,KO/TKO,1,0:33,5 Rnd (5-5-5-5-5),Marlon Moraes,Jimmie Rivera
319b09306094259b,Decision - Unanimous,3,5:00,3 Rnd (5-5-5),Tai Tuivasa,Andrei Arlovski
194d73490eb731c6,Decision - Split,3,5:00,3 Rnd (5-5-5),Sam Alvey,Gian Villante
23e5acd1549b538a,KO/TKO,3,3:59,3 Rnd (5-5-5),Eddie Alvarez,Justin Gaethje
f1100f1bc6cbb351,Decision - Unanimous,3,5:00,3 Rnd (5-5-5),Tyson Griffin,Rafael Dos Anjos
058d32372a2271fd,KO/TKO,2,0:11,3 Rnd + OT (5-5-5-5),Joseph Benavidez,Yasuhiro Urushitani
9e9d1764a015f313,Decision - Unanimous,5,5:00,5 Rnd (5-5-5-5-5),Valentina Shevchenko,Manon Fiorot
c1aef0f60a5b62e3,Submission,3,4:49,3 Rnd (5-5-5),Jose Johnson,Chad Anheliger
18d84b333b28de36,Decision - Unanimous,3,5:00,3 Rnd (5-5-5),Ismail Naurdiev,Siyar Bahadurzada
ee43dc83049ecc8d,Decision - Split,3,5:00,3 Rnd (5-5-5),Lyoto Machida,Dan Henderson
81ec228bf7af0fc1,KO/TKO,1,2:42,3 Rnd (5-5-5),Jake Ellenberger,Sean Pierson
41b9240c854b0956,KO/TKO,1,4:59,3 Rnd (5-5-5),Lyoto Machida,Thiago Silva
73ebbfb998edc1f1,Decision - Unanimous,3,5:00,3 Rnd (5-5-5),Michael Morales,Jake Matthews
612333aaff795989,Submission,1,2:18,3 Rnd (5-5-5),Aleksei Oleinik,Anthony Hamilton
059dcd0b3b8e0a3f,Decision - Unanimous,3,5:00,3 Rnd (5-5-5),Nordine Taleb,Chris Clements
f2c82f027201ba21,Decision - Unanimous,3,5:00,3 Rnd (5-5-5),Andrei Arlovski,Chase Sherman
7685da6f627bd98f,Decision - Unanimous,3,5:00,3 Rnd (5-5-5),Alistair Overeem,Roy Nelson
58080e8989927500,Decision - Unanimous,5,5:00,5 Rnd (5-5-5-5-5),Aljamain Sterling,Brian Ortega
dcf052ef89a66397,Decision - Unanimous,3,5:00,3 Rnd (5-5-5),Makwan Amirkhani,Mike Wilkinson
2d205cc1da2e7930,KO/TKO,1,2:36,3 Rnd (5-5-5),Cortney Casey,Cristina Stanciu
82177c0f91d9618a,KO/TKO,5,4:10,5 Rnd (5-5-5-5-5),Kamaru Usman,Colby Covington
9d379b41d86d7c7f,KO/TKO,1,0:40,3 Rnd (5-5-5),Erick Silva,Luis Ramos
757c11f17278b06a,Submission,3,1:47,3 Rnd (5-5-5),Per Eklund,Samy Schiavo
9d204f44a9988b93,KO/TKO,2,0:14,3 Rnd (5-5-5),Don Madge,Te Edwards
6314e63003745e80,KO/TKO,1,1:48,3 Rnd (5-5-5),Caol Uno,Fabiano Iha
e8005a8c3c029a73,KO/TKO,2,3:18,3 Rnd (5-5-5),Jason MacDonald,Rory Singer
dd229687cb62c871,Decision - Unanimous,3,5:00,3 Rnd (5-5-5),Marcin Tybura,Mick Parkin
b5a8323de18f7e95,Decision - Unanimous,3,5:00,3 Rnd (5-5-5),Jeff Molina,Aoriqileng
766b0b26c40525de,Submission,1,4:42,3 Rnd (5-5-5),Jafel Filho,Clayton Carpenter
bf334cb4e63f3430,KO/TKO,2,2:24,3 Rnd (5-5-5),Chris Barnett,Jake Collier
e09d17f97d6fc6b8,Decision - Unanimous,3,5:00,3 Rnd (5-5-5),Kamaru Usman,Alexander Yakovlev
60c441c5838dfac2,Decision - Unanimous,3,5:00,3 Rnd (5-5-5),Mark Madsen,Austin Hubbard
3fe9e895b2a45049,KO/TKO,2,0:53,3 Rnd (5-5-5),Marcin Tybura,Viktor Pesta
5f19b0135414b454,Decision - Unanimous,3,5:00,3 Rnd (5-5-5),Jan Blachowicz,Jimi Manuwa
cde2f88251b73305,KO/TKO,3,4:41,3 Rnd (5-5-5),Vinicius Oliveira,Benardo Sopaj
5da651d5867cbdfe,Decision - Unanimous,3,5:00,3 Rnd (5-5-5),Gilbert Burns,Andreas Stahl
e4795ab9bdd6fb38,Decision - Unanimous,3,5:00,3 Rnd (5-5-5),Artem Lobov,Teruto Ishihara
550daf3853d050ba,KO/TKO,1,1:31,3 Rnd (5-5-5),Shane Carwin,Neil Wain
87c07416af211de1,KO/TKO,2,2:22,3 Rnd (5-5-5),Rashad Evans,Jason Lambert
97c76d44699f7c93,Decision - Unanimous,3,5:00,3 Rnd (5-5-5),Yan Xiaonan,Angela Hill
362a5b3cd4a70330,Decision - Split,3,5:00,3 Rnd (5-5-5),David Branch,Krzysztof Jotko
e90dd017386025c4,Decision - Split,3,5:00,3 Rnd (5-5-5),Marcus Davis,Chris Lytle
75fa9c0bb31caaa3,Decision - Unanimous,3,5:00,3 Rnd (5-5-5),Yanal Ashmouz,Trevor Peek
c00a49eadfb592f0,Submission,1,2:18,3 Rnd (5-5-5),Travis Lutter,Patrick Cote
2f9a8807807b80d6,Submission,1,1:59,3 Rnd (5-5-5),Iuri Alcantara,Brad Pickett
7ec24848cac6c5a1,KO/TKO,1,0:44,3 Rnd (5-5-5),Robert Whittaker,Brad Tavares
20dda78057d17a5a,KO/TKO,1,2:49,5 Rnd (5-5-5-5-5),Demetrious Johnson,Henry Cejudo
e2503ed6a1f9257d,Decision - Majority,3,5:00,3 Rnd (5-5-5),TIE,TIE
767819f321431bed,Decision - Unanimous,3,5:00,3 Rnd (5-5-5),Daniel Rodriguez,Gabe Green
11249454ed5fd71f,Decision - Unanimous,3,5:00,3 Rnd (5-5-5),Fabio Maldonado,Roger Hollett
1cd63899011c4bf6,KO/TKO,1,4:45,3 Rnd (5-5-5),Kaue Fernandes,Mohammad Yahya
6154ee95d3f4fc32,KO/TKO,1,4:59,3 Rnd (5-5-5),Javier Reyes,Douglas Silva de Andrade
b616969d55fb2d7a,Decision - Split,3,5:00,3 Rnd (5-5-5),Justin Salas,Aaron Riley
640f2ae3995b3b4f,Submission,3,3:25,3 Rnd (5-5-5),Jim Miller,Gabriel Benitez
7f0e469103ab46b6,Submission,1,3:36,3 Rnd (5-5-5),Mark Bocek,Joe Brammer
b4627dd3bb50be2c,KO/TKO,2,0:58,3 Rnd (5-5-5),Cain Velasquez,Ben Rothwell
1c980547431ddcef,KO/TKO,3,2:26,3 Rnd (5-5-5),Al Iaquinta,Rodrigo Damm
c739195deef32b45,Submission,1,3:59,3 Rnd (5-5-5),Dustin Hazelett,Tamdan McCrory
c5574b79e31a1b2b,KO/TKO,3,0:39,3 Rnd (5-5-5),Rich Franklin,Matt Hamill
51ec53f442d2cc9b,Decision - Unanimous,3,5:00,3 Rnd (5-5-5),Adam Wieczorek,Anthony Hamilton
a003e8305d4dbdc8,Decision - Unanimous,3,5:00,3 Rnd (5-5-5),Viviane Araujo,Roxanne Modafferi
330d86bfaa4155fe,KO/TKO,1,4:47,3 Rnd (5-5-5),Charles Radtke,Gilbert Urbina
fa2271eecde701ed,Decision - Split,3,5:00,3 Rnd (5-5-5),Clay Guida,Marcus Aurelio
83f6a6fc79036749,Decision - Unanimous,3,5:00,3 Rnd (5-5-5),David Mitchell,Simeon Thoresen
aeb7ff8ce6e1beac,KO/TKO,1,4:25,3 Rnd (5-5-5),Li Jingliang,Santiago Ponzinibbio
5305049e4215d263,KO/TKO,2,0:28,3 Rnd (5-5-5),Abdul Razak Alhassan,Claudio Ribeiro
8dbd4d1df2e7ff67,Submission,1,4:48,3 Rnd (5-5-5),Terry Etim,Matt Grice
e30ee434b864e4ac,Decision - Unanimous,5,5:00,5 Rnd (5-5-5-5-5),Sean Sherk,Kenny Florian
4a0db214d9721d6e,Decision - Unanimous,5,5:00,5 Rnd (5-5-5-5-5),Petr Yan,Merab Dvalishvili
d13849f49f99bf01,Decision - Unanimous,5,5:00,5 Rnd (5-5-5-5-5),Dricus Du Plessis,Sean Strickland
fc4939b3c9071e66,Decision - Split,3,5:00,3 Rnd (5-5-5),Macy Chiasson,Norma Dumont
837a7a922066b214,TKO - Doctor's Stoppage,1,3:37,3 Rnd (5-5-5),Uriah Hall,Ron Stallings
6aa89b7b5350b8e2,Decision - Unanimous,3,5:00,3 Rnd (5-5-5),Chris Gutierrez,Quang Le
470f6fdd47f671fd,KO/TKO,1,2:38,3 Rnd (5-5-5),Edson Barboza,Lucas Martins
c03b6b6ce5d03276,Submission,1,1:28,3 Rnd (5-5-5),Aljamain Sterling,Cory Sandhagen
0eab2845f901f8b6,Decision - Unanimous,3,5:00,3 Rnd (5-5-5),Tecia Pennington,Jocelyn Jones-Lybarger
69aa797cef2e4782,KO/TKO,2,0:21,3 Rnd (5-5-5),Tim Means,John Howard
8986373b4a6e90b6,Decision - Split,3,5:00,3 Rnd (5-5-5),Nina Nunes,Cynthia Calvillo
c63edd25d2201a46,Decision - Split,3,5:00,3 Rnd (5-5-5),TIE,TIE
96adba2273a13f46,Decision - Majority,3,5:00,3 Rnd (5-5-5),TIE,TIE
cc03e698c4b7da52,Decision - Unanimous,3,5:00,3 Rnd (5-5-5),Diyar Nurgozhay,Rafael Tobias
2baa02e0df86b566,Decision - Unanimous,3,5:00,3 Rnd (5-5-5),Ruslan Magomedov,Viktor Pesta
088b47d890b389e9,Decision - Unanimous,3,5:00,3 Rnd (5-5-5),Lauren Murphy,Roxanne Modafferi
403bed9fe983b10a,Submission,1,3:58,3 Rnd (5-5-5),CB Dollaway,Jesse Taylor
0f16d83859d608c7,KO/TKO,2,4:51,3 Rnd (5-5-5),Eryk Anders,Chris Weidman
bbebfc54abbb1d8b,KO/TKO,1,2:45,5 Rnd (5-5-5-5-5),Chad Mendes,Ricardo Lamas
7ba640f8b70bc685,Decision - Split,3,5:00,3 Rnd (5-5-5),Sam Stout,Spencer Fisher
817cd15077a9419e,Decision - Unanimous,3,5:00,3 Rnd (5-5-5),Bruno Lopes,Magomed Gadzhiyasulov
3adae93bbf06287a,Decision - Unanimous,3,5:00,3 Rnd (5-5-5),Luke Cummo,Jason Von Flue
40c080d0f86f1f1f,KO/TKO,1,4:13,3 Rnd (5-5-5),Stephen Thompson,Dan Stittgen
55c6d02e838dc60f,Submission,3,4:14,3 Rnd (5-5-5),Gilbert Burns,Alex Oliveira
3fc1ebe73920a2a7,Submission,1,1:54,3 Rnd (5-5-5),Paul Sass,Jacob Volkmann
c16bda7548181613,Decision - Unanimous,3,5:00,3 Rnd (5-5-5),Jacob Malkoun,AJ Dobson
faec13fd40b6d797,Decision - Split,3,5:00,3 Rnd (5-5-5),Alessio Sakara,Thales Leites
aa62b8f58fc09790,Decision - Unanimous,3,5:00,3 Rnd (5-5-5),Mauricio Rua,Rogerio Nogueira
6ed5847dd874d2d2,Submission,3,0:51,3 Rnd (5-5-5),Roger Huerta,Clay Guida
5840527835a8ffb2,Submission,1,3:21,5 Rnd (5-5-5-5-5),Michelle Waterson-Gomez,Paige VanZant
cea6760d7bfbe19b,Decision - Unanimous,3,5:00,3 Rnd (5-5-5),Abubakar Nurmagomedov,Gadzhi Omargadzhiev
a16d8d0cc93372c4,Decision - Unanimous,3,5:00,3 Rnd (5-5-5),Kevin Casey,Ildemar Alcantara
dab5e3680cf6eac7,KO/TKO,2,4:16,3 Rnd (5-5-5),Rony Jason,Sam Sicilia
23865dfc8361ac62,KO/TKO,2,4:49,3 Rnd (5-5-5),JJ Aldrich,Liang Na
d13ea6559225991f,KO/TKO,1,1:08,3 Rnd (5-5-5),Chad Mendes,Darren Elkins
4f36bc6fe119c4ac,Submission,2,1:24,3 Rnd (5-5-5),Terry Etim,Shannon Gugerty
7bb335510a749419,KO/TKO,3,3:37,3 Rnd (5-5-5),Rafael Natal,Kevin Casey
8cc43d79b61efc25,KO/TKO,1,1:08,3 Rnd (5-5-5),Cody Durden,JP Buys
07423d10cc23bfeb,Decision - Split,3,3:00,1 Rnd + 2OT (15-3-3),Pat Miletich,Mikey Burnett
d6c02b4bb64ff795,Decision - Unanimous,3,5:00,3 Rnd (5-5-5),Jussier Formiga,Wilson Reis
4ceadad9c2dd0a87,KO/TKO,1,2:20,3 Rnd (5-5-5),Soa Palelei,Ruan Potts
b20640f9b2634de1,Decision - Split,3,5:00,3 Rnd (5-5-5),Puja Tomar,Rayanne dos Santos
1dfbdd569585812f,KO/TKO,1,2:56,3 Rnd (5-5-5),Gian Villante,Anthony Perosh
9cba1f0cdf10a8e5,Decision - Split,3,5:00,3 Rnd (5-5-5),Russell Doane,Marcus Brimage
435c93cb89016fd1,Decision - Split,3,5:00,3 Rnd (5-5-5),Jason Knight,Jim Alers
c3e49cc87bd262c8,Decision - Unanimous,3,5:00,3 Rnd (5-5-5),Chris Camozzi,James Hammortree
52abce3a11b43b1d,Submission,3,3:56,3 Rnd (5-5-5),Paul Felder,Daron Cruickshank
72d2ab073f4120a4,Decision - Unanimous,3,5:00,3 Rnd (5-5-5),Leonardo Santos,Efrain Escudero
22e10b23784e5efc,Decision - Unanimous,3,5:00,3 Rnd (5-5-5),Chris Weidman,Omari Akhmedov
904cf687d22bb486,Decision - Unanimous,5,5:00,5 Rnd (5-5-5-5-5),Alexa Grasso,Viviane Araujo
08e7a39eb7482ebf,KO/TKO,1,4:15,3 Rnd (5-5-5),Julian Erosa,Darren Elkins
9444cfe0c7c0f6a7,KO/TKO,3,1:48,5 Rnd (5-5-5-5-5),Yoel Romero,Luke Rockhold
e0e19f79019d63d2,Decision - Unanimous,3,5:00,3 Rnd (5-5-5),Corey Anderson,Glover Teixeira
b395c89e19a3fec4,Decision - Split,5,5:00,5 Rnd (5-5-5-5-5),TIE,TIE
a7c04dc830923313,Decision - Unanimous,3,5:00,3 Rnd (5-5-5),Chris Wade,Christos Giagos
03a200326e56d597,KO/TKO,2,2:27,5 Rnd (5-5-5-5-5),Fabricio Werdum,Mark Hunt
65ce9335b93d9c57,Decision - Unanimous,3,5:00,3 Rnd (5-5-5),Andre Petroski,Wellington Turman
19fc916df1f0e6ff,Decision - Unanimous,3,5:00,3 Rnd (5-5-5),Desmond Green,Gleison Tibau
633f4b5ec767769d,Decision - Unanimous,5,5:00,5 Rnd (5-5-5-5-5),Ian Machado Garry,Carlos Prates
36d9337a27b71ba9,Decision - Split,3,5:00,3 Rnd (5-5-5),Ludovit Klein,Devonte Smith
2168b2c814faada6,Decision - Unanimous,3,5:00,3 Rnd (5-5-5),Keith Jardine,Wilson Gouveia
d571486369996a39,KO/TKO,1,4:46,3 Rnd (5-5-5),Gregor Gillespie,Jordan Rinaldi
8984ab656cb1818d,Decision - Unanimous,3,5:00,3 Rnd (5-5-5),Li Jingliang,Frank Camacho
ab3820fa9944bd22,Submission,2,4:48,3 Rnd (5-5-5),Gunnar Nelson,Zak Cummings
1978b44503c3d9ff,Decision - Unanimous,3,5:00,3 Rnd (5-5-5),Zarrukh Adashev,Ryan Benoit
64fe6e61a24dbf39,KO/TKO,1,3:32,3 Rnd (5-5-5),Ateba Gautier,Jose Daniel Medina
fb4bce82541b4061,Submission,2,4:13,3 Rnd (5-5-5),Leandro Issa,Yuta Sasaki
93da91272d4a7ce3,Submission,1,3:37,3 Rnd (5-5-5),Erin Blanchfield,Molly McCann
b0552b065ca7f401,Decision - Unanimous,3,5:00,3 Rnd (5-5-5),Alexander Volkov,Roy Nelson
707ba52845d399c9,Decision - Unanimous,3,5:00,3 Rnd (5-5-5),Cub Swanson,Kron Gracie
496a169f4c9becec,Decision - Split,3,5:00,3 Rnd (5-5-5),Ildemar Alcantara,Albert Tumenov
007e8e0d4a39d82c,Decision - Unanimous,3,5:00,3 Rnd (5-5-5),Sean O'Malley,Song Yadong
56315d5ac11594a5,KO/TKO,1,4:49,No Time Limit,Ken Shamrock,Christophe Leninger
1c51f405e5c46572,Submission,1,4:15,3 Rnd (5-5-5),Gilbert Burns,Neil Magny
dadaee9624256e07,Decision - Unanimous,3,5:00,3 Rnd (5-5-5),Tristan Connelly,Michel Pereira
f0cf92b063735164,Decision - Unanimous,3,5:00,3 Rnd (5-5-5),Andrei Arlovski,Tanner Boser
d042d18ad568190a,Submission,5,3:15,5 Rnd (5-5-5-5-5),Demetrious Johnson,Ray Borg
9397493152c0669a,TKO - Doctor's Stoppage,3,1:54,3 Rnd (5-5-5),Ikuhisa Minowa,Joe Slick
ebe38ba75cbf2320,Decision - Unanimous,3,5:00,3 Rnd (5-5-5),Tecia Pennington,Bec Rawlings
8a8190f3f71408a4,Submission,3,2:37,3 Rnd (5-5-5),Claudio Silva,Danny Roberts
87f39e0d82349c3b,Decision - Unanimous,3,5:00,3 Rnd (5-5-5),Sean Sherk,Jutaro Nakao
e4559c3cce6edec1,KO/TKO,1,0:09,3 Rnd (5-5-5),Jairzinho Rozenstruik,Allen Crowder
1d20bba4aca5f81a,KO/TKO,1,1:55,3 Rnd (5-5-5),Mike Pyle,James Head
615f7f894bafad82,KO/TKO,2,4:13,3 Rnd (5-5-5),Austin Vanderford,Nikolay Veretennikov
03bdbf2d18f3025d,Submission,2,3:09,3 Rnd (5-5-5),Rani Yahya,Ray Rodriguez
e11e290d816c119b,Decision - Split,3,5:00,3 Rnd (5-5-5),Deiveson Figueiredo,Jarred Brooks
e24c8aab497b4fe1,KO/TKO,1,0:17,3 Rnd (5-5-5),Abdul Razak Alhassan,Alessio Di Chirico
3b7eb8e56052a2af,Decision - Split,3,5:00,3 Rnd (5-5-5),Jared Gordon,Joe Solecki
82338ba457fbe87f,Submission,2,4:39,3 Rnd (5-5-5),Tim Elliott,Kai Asakura
860050f211b44d10,Decision - Unanimous,3,5:00,3 Rnd (5-5-5),Jacob Malkoun,Nick Maximov
0328754c15ecd37c,Submission,2,2:33,3 Rnd (5-5-5),Manny Bermudez,Albert Morales
3aace29fcc65ec51,Decision - Unanimous,3,5:00,3 Rnd (5-5-5),Alex Oliveira,James Moontasri
8a660069ae42edc2,KO/TKO,4,3:54,5 Rnd (5-5-5-5-5),Frankie Edgar,Gray Maynard
32e9bc4d0a19a923,Submission,1,3:02,3 Rnd (5-5-5),Quillan Salkilld,Jamie Mullarkey
0b2c3c4306620d6d,Decision - Split,3,5:00,3 Rnd (5-5-5),Tracy Cortez,Justine Kish
c9ebbba18e4e1e84,Submission,2,4:31,3 Rnd (5-5-5),Josh Sampo,Ryan Benoit
9afda67fdb4d7c07,Decision - Split,3,5:00,3 Rnd (5-5-5),Joe Ellenberger,James Moontasri
d063d46208c560b1,Decision - Unanimous,3,5:00,3 Rnd (5-5-5),Taylor Lapilus,Vince Morales
a7ff11c5dfe65e86,KO/TKO,1,2:59,3 Rnd (5-5-5),Mike de la Torre,Tiago dos Santos e Silva
d629aa5eb31a1e38,Decision - Unanimous,3,5:00,3 Rnd (5-5-5),Macy Chiasson,Shanna Young
ecc80630494d402a,Decision - Split,3,5:00,3 Rnd (5-5-5),Dan Miller,Joe Doerksen
ea8b1a909155b0c2,Submission,1,2:18,3 Rnd (5-5-5),Forrest Griffin,Bill Mahood
3e5a3ecd2b123fc2,Decision - Unanimous,3,5:00,3 Rnd (5-5-5),Jordan Johnson,Marcel Fortuna
626c82ed45fdcf59,Submission,3,1:15,3 Rnd (5-5-5),Miesha Tate,Julia Avila
33fa6793a7f984ac,Decision - Split,5,5:00,5 Rnd (5-5-5-5-5),Cory Sandhagen,Marlon Vera
ebd51f898209c4c8,KO/TKO,1,4:05,3 Rnd (5-5-5),Chuck Liddell,Vernon White
f039c93516e48253,Decision - Unanimous,3,5:00,3 Rnd (5-5-5),Nate Landwehr,Darren Elkins
8741e6a3a5a22a7f,Decision - Unanimous,3,5:00,3 Rnd (5-5-5),Marcin Tybura,Blagoy Ivanov
869d753568a114a6,KO/TKO,1,1:05,1 Rnd (20),Paul Varelans,Gerry Harris
d8335b728604b222,KO/TKO,2,2:42,3 Rnd (5-5-5),Marina Rodriguez,Michelle Waterson-Gomez
e5a9f75b1117d848,KO/TKO,1,4:15,3 Rnd (5-5-5),Roman Dolidze,Khadis Ibragimov
8bcdb1c3418fe739,KO/TKO,1,0:36,3 Rnd (5-5-5),Tyron Woodley,Jay Hieron
ee6000812e2b9f9d,KO/TKO,1,1:18,3 Rnd (5-5-5),Tito Ortiz,Ken Shamrock
8e6640c007ad603d,Submission,2,3:42,3 Rnd (5-5-5),Chris Duncan,Jordan Vucenic
57ab45aa1ebd087e,Decision - Unanimous,3,5:00,3 Rnd (5-5-5),Hatsu Hioki,Ivan Menjivar
765482eb58e8db48,Decision - Split,3,5:00,3 Rnd + OT (5-5-5-5),JeongYeong Lee,Yizha
f3a60ca18747aeac,KO/TKO,2,4:57,3 Rnd (5-5-5),Alexander Volkanovski,Jeremy Kennedy
0e60ab32f3d03929,KO/TKO,2,1:35,3 Rnd (5-5-5),Daniil Donchenko,Theodor Berggren
fd088ce1481315a5,Decision - Unanimous,3,5:00,3 Rnd (5-5-5),Loma Lookboonmee,Istela Nunes
5d9a3bfdcd28abb8,KO/TKO,1,2:17,3 Rnd (5-5-5),Mike Rodriguez,Marcin Prachnio
5c3b8819dbe98114,Decision - Unanimous,3,5:00,3 Rnd (5-5-5),Victor Hugo,Pedro Falcao
91a5480f48bfaa71,Submission,1,3:47,3 Rnd (5-5-5),Da'Mon Blackshear,Jose Johnson
4e9d76ed54f1f352,KO/TKO,2,4:41,3 Rnd (5-5-5),Edmen Shahbazyan,Dalcha Lungiambula
02a183fa803a33fe,KO/TKO,3,3:50,3 Rnd (5-5-5),Aljamain Sterling,Hugo Viana
f206143bb9347444,Decision - Unanimous,3,5:00,3 Rnd (5-5-5),Kenny Robertson,Ildemar Alcantara
836e9bc5c1f6acd3,Decision - Unanimous,3,5:00,3 Rnd (5-5-5),Thomas Petersen,Mohammed Usman
c4d1c4b82cf34afb,Decision - Unanimous,3,5:00,3 Rnd (5-5-5),Jake Collier,Gian Villante
67db05bac9165722,Decision - Unanimous,3,5:00,3 Rnd (5-5-5),Nathaniel Wood,John Castaneda
09b36c7157770516,Decision - Unanimous,3,5:00,3 Rnd (5-5-5),Tom Lawlor,Kyle Kingsbury
d7ae0993c7a378ee,Decision - Split,5,5:00,5 Rnd (5-5-5-5-5),Amir Albazi,Kai Kara-France
fefa96b6d939ffea,KO/TKO,3,2:35,3 Rnd (5-5-5),Bruno Silva,Andrew Sanchez
6834ae686aa0c588,KO/TKO,1,3:38,3 Rnd (5-5-5),Hector Lombard,Rousimar Palhares
d80fd2ec736f7df2,Decision - Unanimous,3,5:00,3 Rnd (5-5-5),Alex Morono,Rhys McKee
994739f676c2105f,Decision - Unanimous,3,5:00,3 Rnd (5-5-5),Stephan Bonnar,Sam Hoger
16109688429c09de,KO/TKO,2,4:24,3 Rnd (5-5-5),Christian Leroy Duncan,Denis Tiuliulin
5a6e894e4b6cc703,Decision - Unanimous,3,5:00,3 Rnd (5-5-5),Luana Santos,Stephanie Egger
5a9ecff594dc6bb9,KO/TKO,3,1:53,3 Rnd (5-5-5),Jorge Rivera,Rob Kimmons
95beb5ec32718faf,KO/TKO,1,1:46,3 Rnd (5-5-5),Alexander Hernandez,Chris Gruetzemacher
b6b5ec324449befd,KO/TKO,1,3:44,3 Rnd (5-5-5),Matt Brown,Diego Sanchez
aceaa32be99719b0,Decision - Split,3,5:00,3 Rnd (5-5-5),Carlos Condit,Jake Ellenberger
2e47823d38a5649b,Decision - Split,5,5:00,5 Rnd (5-5-5-5-5),Michael Bisping,Thales Leites
d7d7c9ce3d812eca,Decision - Unanimous,3,5:00,3 Rnd (5-5-5),Junior Assuncao,Eddie Yagin
042fee3d05e105fa,Decision - Unanimous,3,5:00,3 Rnd (5-5-5),Nick Hein,Drew Dober
e30b9829e42aa4ca,Decision - Unanimous,3,5:00,3 Rnd (5-5-5),Marcin Tybura,Serghei Spivac
2129acab2280bd29,Submission,2,1:03,3 Rnd (5-5-5),Kevin Holland,Vicente Luque
6c1faa6284428e5d,TKO - Doctor's Stoppage,2,5:00,3 Rnd (5-5-5),Marcin Tybura,Jhonata Diniz
929fb67b49eaa405,Submission,1,2:22,3 Rnd (5-5-5),Evan Tanner,Robbie Lawler
961246a6d621ef40,Decision - Unanimous,3,5:00,3 Rnd (5-5-5),Olivier Aubin-Mercier,Tony Sims
5315bd4542b21c4b,Decision - Split,3,5:00,3 Rnd (5-5-5),Karolina Kowalkiewicz,Felice Herrig
d3f44fedc561d2d5,KO/TKO,2,1:41,3 Rnd (5-5-5),Mario Bautista,Miles Johns
ced000124f98f276,KO/TKO,1,4:37,1 Rnd + OT (12-3),Don Frye,Brian Johnston
d90567f7d4372160,Decision - Unanimous,3,5:00,3 Rnd (5-5-5),Jim Miller,Matt Wiman
55bf7f19a132e0fc,KO/TKO,2,2:56,3 Rnd (5-5-5),Bruno Silva,JP Buys
b187bdcc2ceba00f,Decision - Unanimous,3,5:00,3 Rnd (5-5-5),Darren Elkins,Diego Brandao
06a28491fe26baa6,Decision - Unanimous,3,5:00,3 Rnd (5-5-5),Daron Cruickshank,Chris Tickle
1a66e67add5d55ef,KO/TKO,1,4:57,3 Rnd (5-5-5),Cain Velasquez,Travis Browne
2d42ef44ad2470e1,Decision - Unanimous,3,5:00,3 Rnd (5-5-5),Brianna Fortino,Livinha Souza
de2328aa13e5ecdc,Decision - Unanimous,3,5:00,3 Rnd (5-5-5),Kevin Ferguson,Houston Alexander
e2abba69c3371618,KO/TKO,1,1:40,3 Rnd (5-5-5),Uros Medic,Aalon Cruz
17dc833cda860933,Decision - Unanimous,3,5:00,3 Rnd (5-5-5),Jorge Masvidal,Daron Cruickshank
0d7dc1ed5eb995e4,Decision - Unanimous,3,5:00,3 Rnd (5-5-5),Jake Matthews,Li Jingliang
171af1114dbfc29d,Decision - Unanimous,3,5:00,3 Rnd (5-5-5),Ruslan Magomedov,Josh Copeland
b56d1822b9f9a35f,Submission,1,0:45,3 Rnd (5-5-5),Justin Edwards,Josh Neer
770312f3ca8506b6,Decision - Unanimous,3,5:00,3 Rnd (5-5-5),Ryan Janes,Keith Berish
3261bd16c10e3014,KO/TKO,1,0:44,1 Rnd + OT (12-3),Vitor Belfort,Wanderlei Silva
3f0826158f87f41d,DQ,1,4:14,3 Rnd (5-5-5),Matt Hamill,Jon Jones
44cfbb8c3c356c65,Submission,1,4:19,3 Rnd (5-5-5),Joanderson Brito,Jordan Leavitt
dacca5ea6be14d08,Decision - Unanimous,3,5:00,3 Rnd (5-5-5),Greg Soto,Nick Osipczak
c60a317c7767abb7,Submission,1,3:02,3 Rnd (5-5-5),Ketlen Souza,Yazmin Jauregui
246d06693b5ca1e8,Decision - Unanimous,3,5:00,3 Rnd (5-5-5),Deiveson Figueiredo,Rob Font
933660cfab154f1a,Decision - Unanimous,5,5:00,5 Rnd (5-5-5-5-5),Demetrious Johnson,Ali Bagautinov
66eaf9f4a2cd67d8,KO/TKO,1,1:26,3 Rnd (5-5-5),Ken Shamrock,Kimo Leopoldo
6f83cfae0c800ef8,Decision - Unanimous,5,5:00,5 Rnd (5-5-5-5-5),Valentina Shevchenko,Alexa Grasso
0ac4f0c1b4d021f6,KO/TKO,1,2:14,3 Rnd (5-5-5),Sodiq Yusuff,Suman Mokhtarian
552f7cdaf93e1055,Decision - Majority,3,5:00,3 Rnd (5-5-5),TIE,TIE
0c80eef2f4570543,Decision - Unanimous,3,5:00,3 Rnd (5-5-5),Brad Tavares,Gerald Meerschaert
80faf0c138d20999,Submission,3,4:30,5 Rnd (5-5-5-5-5),Jacare Souza,Gegard Mousasi
1123fceef316106e,Decision - Unanimous,3,5:00,3 Rnd + OT (5-5-5-5),Ryan Hall,Artem Lobov
8df2751dcbfa0fa2,KO/TKO,2,1:48,5 Rnd (5-5-5-5-5),Brock Lesnar,Frank Mir
ecb7ff543dd41bf8,Submission,2,4:08,3 Rnd (5-5-5),Juan Diaz,Malcolm Wellmaker
761a215d51a0442e,Decision - Unanimous,3,5:00,3 Rnd (5-5-5),Emil Meek,Jordan Mein
4cf7792aef993be1,Submission,3,3:39,3 Rnd (5-5-5),Joe Soto,Chris Beal
0387bc11a0a0c325,Decision - Unanimous,3,5:00,3 Rnd (5-5-5),Dennis Bermudez,Pablo Garza
14f2bb86fd888e91,Submission,3,2:13,5 Rnd (5-5-5-5-5),Derek Brunson,Darren Till
6445b14dbd24ac25,Decision - Unanimous,3,5:00,3 Rnd (5-5-5),Luke Zachrich,Guilherme Vasconcelos
d573e571d8349b5d,Decision - Split,3,5:00,3 Rnd (5-5-5),Dustin Ortiz,Zach Makovsky
28f57f60a46654f6,Submission,1,3:18,3 Rnd (5-5-5),Mackens Semerzier,Alex Caceres
f786136e55007e17,Submission,1,2:30,3 Rnd (5-5-5),Fabricio Werdum,Alexander Gustafsson
dbc3afd71525c83d,Decision - Unanimous,3,5:00,3 Rnd (5-5-5),Rustam Khabilov,Jorge Masvidal
e1897ff433134cb8,Submission,3,4:39,3 Rnd (5-5-5),Saidyokub Kakhramonov,Trevin Jones
4f3cd94861c6a876,Submission,1,2:29,3 Rnd (5-5-5),Mayra Bueno Silva,Mara Romero Borella
e72a2130e7387637,Decision - Unanimous,3,5:00,3 Rnd (5-5-5),Chepe Mariscal,Damon Jackson
ee5c0b8a757992af,Decision - Unanimous,3,5:00,3 Rnd (5-5-5),Chidi Njokuani,Jared Gooden
678440bd8274a18e,KO/TKO,1,1:20,3 Rnd (5-5-5),Marcio Barbosa,Dennis Buzukja
6ca94b35719eb300,Submission,1,3:01,1 Rnd (30),Dan Severn,Dave Beneteau
9eaa33f874bbb999,Decision - Unanimous,3,5:00,3 Rnd (5-5-5),Kurt Holobaugh,Kaynan Kruschewsky
5e3f46e6f46d5a90,Decision - Unanimous,3,5:00,3 Rnd (5-5-5),Krzysztof Soszynski,Goran Reljic
1d9d91f78334129d,Submission,1,3:31,3 Rnd (5-5-5),Genki Sudo,Mike Brown
d7022b6058dbb26b,Decision - Unanimous,3,5:00,3 Rnd (5-5-5),Ignacio Bahamondes,Trey Ogden
71440bf87b9c58a1,Submission,1,1:14,3 Rnd (5-5-5),Joe Lauzon,Jason Reinhardt
ecab8b8b36727b8d,Submission,3,2:43,3 Rnd (5-5-5),Dricus Du Plessis,Darren Till
4b8c8ae61251ff83,KO/TKO,3,2:35,3 Rnd (5-5-5),Donald Cerrone,Patrick Cote
f1d3eec12662d8d7,Decision - Split,3,5:00,3 Rnd (5-5-5),Andre Lima,Mitch Raposo
a88a4c126d585320,Decision - Unanimous,3,5:00,3 Rnd (5-5-5),Khabib Nurmagomedov,Edson Barboza
6e78d874097a3d22,Decision - Unanimous,3,5:00,3 Rnd (5-5-5),Carli Judice,Juliana Miller
2fed4f1d91767eb1,Decision - Majority,3,5:00,3 Rnd (5-5-5),TIE,TIE
b6a87389bdc36a00,KO/TKO,3,4:01,3 Rnd (5-5-5),Joshua Van,Bruno Silva
2c101a0bcf334d31,Decision - Split,3,5:00,3 Rnd (5-5-5),Joaquim Silva,Reza Madadi
d22de60b7a3d908c,KO/TKO,1,2:10,3 Rnd (5-5-5),Ikram Aliskerov,Phil Hawes
cfc884a249141cba,KO/TKO,1,2:47,3 Rnd (5-5-5),Marwan Rahiki,Ollie Schmid
191ee545160a4e09,KO/TKO,3,1:12,3 Rnd (5-5-5),Daniel Rodriguez,Santiago Ponzinibbio
7233b2a56438d77a,KO/TKO,4,4:00,5 Rnd (5-5-5-5-5),Valentina Shevchenko,Lauren Murphy
9da4e06a403f0d27,Decision - Unanimous,3,5:00,3 Rnd (5-5-5),Ramazan Emeev,Sam Alvey
85099c6378ff87c5,KO/TKO,3,0:20,3 Rnd (5-5-5),Kennedy Nzechukwu,Danilo Marques
1a484c452623181e,KO/TKO,1,2:43,3 Rnd (5-5-5),Johnny Walker,Ryan Spann
0b4583d204797d19,Submission,1,0:39,3 Rnd (5-5-5),Danny Henry,Hakeem Dawodu
7651b2e09ea2c420,KO/TKO,1,1:55,3 Rnd (5-5-5),Khabib Nurmagomedov,Thiago Tavares
9217ecc287ac482d,Decision - Unanimous,3,5:00,3 Rnd (5-5-5),Natan Levy,Mike Breeden
ee532a38a0b93127,KO/TKO,1,3:34,3 Rnd (5-5-5),Dan Hooker,Ian Entwistle
8a044e5400b4318f,KO/TKO,1,3:49,3 Rnd (5-5-5),Nikolas Motta,Cameron VanCamp
570f3407722cc512,Decision - Split,5,5:00,5 Rnd (5-5-5-5-5),Yair Rodriguez,Alex Caceres
34e67c2b110f6b6a,Decision - Unanimous,3,5:00,3 Rnd (5-5-5),Rafael Dos Anjos,Anthony Njokuani
d6e35b8c66732da6,Decision - Unanimous,3,5:00,3 Rnd (5-5-5),Dustin Hazelett,Diego Saraiva
af178adff964d854,Submission,2,2:27,3 Rnd (5-5-5),Demian Maia,Ed Herman
976abc27a4e5e26a,KO/TKO,2,2:00,3 Rnd (5-5-5),Julio Arce,Herbert Burns
7e7d7a488ea21f63,Submission,1,4:47,No Time Limit,Steve Jennum,Melton Bowen
ce4fc800a7456d18,KO/TKO,3,3:13,3 Rnd (5-5-5),Santiago Ponzinibbio,Carlston Harris
64eb4ae171613218,Decision - Unanimous,3,5:00,3 Rnd (5-5-5),Donald Cerrone,Eddie Alvarez
780cab0cd07589e4,KO/TKO,3,4:57,3 Rnd (5-5-5),Nikita Krylov,Modestas Bukauskas
8c8468ed2878dc0a,Decision - Unanimous,3,5:00,3 Rnd (5-5-5),Luke Barnatt,Collin Hart
7d4e49d8a6678157,Submission,1,3:22,5 Rnd (5-5-5-5-5),Charles Oliveira,Justin Gaethje
bfff5a3777841344,Decision - Unanimous,3,5:00,3 Rnd (5-5-5),Nasrat Haqparast,Landon Quinones
84500d5c1aba97a2,KO/TKO,1,2:04,3 Rnd (5-5-5),Todd Duffee,Philip De Fries
c57c8e22a3e8dde2,KO/TKO,2,3:04,3 Rnd (5-5-5),Josh Parisian,Alan Baudot
ec5e9ce2be2e1586,KO/TKO,1,0:07,3 Rnd (5-5-5),Ryan Jimmo,Anthony Perosh
b6234bf015c80fc5,Decision - Unanimous,3,5:00,3 Rnd (5-5-5),Dong Hyun Kim,TJ Grant
dc7ba55ca764cfbe,KO/TKO,2,3:02,3 Rnd (5-5-5),Dan Hooker,Ross Pearson
3d7d82fff71e395a,Decision - Split,3,5:00,3 Rnd (5-5-5),Mario Bautista,Jose Aldo
2c65d5d20cc893e4,KO/TKO,1,4:16,3 Rnd (5-5-5),Beneil Dariush,James Vick
9a46f95c1c1e57f0,Decision - Unanimous,3,5:00,3 Rnd (5-5-5),Omari Akhmedov,Zak Cummings
0d857bd8245f9d31,Submission,1,4:05,3 Rnd (5-5-5),Mitch Gagnon,Dustin Kimura
7ba54a10f28c9496,Submission,1,2:25,3 Rnd (5-5-5),Kyung Ho Kang,Cristian Quinonez
3c06557ddd86f8e8,KO/TKO,3,4:51,3 Rnd (5-5-5),John Lineker,Alptekin Ozkilic
3ce6f9eb59a1e149,Decision - Split,3,5:00,3 Rnd (5-5-5),Eddie Alvarez,Anthony Pettis
509bd83b00e4ab7c,Decision - Unanimous,3,5:00,3 Rnd (5-5-5),Max Holloway,Cole Miller
8081cb92f71401c6,Decision - Unanimous,3,5:00,3 Rnd (5-5-5),Ode Osbourne,CJ Vergara
1c36ff6c6284a523,Submission,1,3:50,3 Rnd (5-5-5),Thales Leites,Floyd Sword
13c4251fb451f440,KO/TKO,2,2:43,3 Rnd (5-5-5),Robert Whittaker,Clint Hester
997ab1ea9fab5643,KO/TKO,2,4:32,3 Rnd (5-5-5),Charles Jourdain,Dooho Choi
03c1865919daeaa4,Decision - Unanimous,3,5:00,3 Rnd (5-5-5),Christian Rodriguez,Austin Bashi
85c5dd604d5b3634,KO/TKO,1,4:44,3 Rnd (5-5-5),Manel Kape,Ode Osbourne
76726a66840ccfa4,Submission,1,1:54,3 Rnd (5-5-5),Marion Reneau,Jessica Andrade
a3dfa0ac05433450,KO/TKO,2,4:23,3 Rnd (5-5-5),Thiago Silva,Tomasz Drwal
b5b4b69bccb9ff4a,Submission,1,4:32,3 Rnd (5-5-5),Alexia Thainara,Molly McCann
9201312dd860fa5a,Submission,3,4:17,3 Rnd (5-5-5),Julian Marquez,Maki Pitolo
b0f68344e01884ff,Decision - Unanimous,3,5:00,3 Rnd (5-5-5),Jeremiah Wells,Themba Gorimbo
df370b97ea49e6b4,TKO - Doctor's Stoppage,4,5:00,5 Rnd (5-5-5-5-5),Cory Sandhagen,Song Yadong
6e65bec924996b5a,Decision - Split,3,5:00,3 Rnd (5-5-5),Ji Yeon Kim,Justine Kish
7e6f91cbf8e93210,Submission,2,0:46,3 Rnd (5-5-5),Gunnar Nelson,Alan Jouban
cd7fd3f034717d3c,Submission,3,1:41,3 Rnd (5-5-5),Arnold Allen,Alan Omer
bf1525f9761a116e,KO/TKO,1,0:42,3 Rnd (5-5-5),Nate Quarry,Pete Sell
6a5eb525331fa1fc,KO/TKO,2,1:02,5 Rnd (5-5-5-5-5),Kamaru Usman,Jorge Masvidal
54a15700ab185420,KO/TKO,1,4:29,5 Rnd (5-5-5-5-5),Stephen Thompson,Jake Ellenberger
16b4a0b06427f1ac,Submission,1,4:24,1 Rnd + 2OT (15-3-3),Ken Shamrock,Kimo Leopoldo
cdf048ec9b917cfa,Submission,1,3:38,3 Rnd (5-5-5),Luke Sanders,Maximo Blanco
00f4b6184f6315d0,KO/TKO,1,2:04,3 Rnd (5-5-5),Song Yadong,Alejandro Perez
3fdb4c4b39218cf4,Decision - Unanimous,3,5:00,3 Rnd (5-5-5),Hamdy Abdelwahab,Chris Barnett
18e5af00a8478a0e,Decision - Unanimous,3,5:00,3 Rnd (5-5-5),Viktoriia Dudakova,Jinh Yu Frey
96bbb6c573dac27a,Decision - Unanimous,3,5:00,3 Rnd (5-5-5),Michel Pereira,Niko Price
ec271393bc31ab72,KO/TKO,1,3:02,3 Rnd (5-5-5),Vitor Belfort,Rich Franklin
5b880d10b0ed7acc,KO/TKO,1,3:03,3 Rnd (5-5-5),Michal Oleksiejczuk,Gerald Meerschaert
04e6198326be4857,Decision - Unanimous,3,5:00,3 Rnd (5-5-5),Damon Jackson,Dan Argueta
08f7a60bd84a6b3c,Decision - Split,3,5:00,3 Rnd (5-5-5),Max Griffin,Jeremiah Wells
c16454a3205506c6,Decision - Unanimous,3,5:00,3 Rnd (5-5-5),Antonio Carlos Junior,Vitor Miranda
88d9e7ec7f228908,KO/TKO,2,1:06,3 Rnd (5-5-5),Rashad Evans,Sean Salmon
a6ec8573a9d38c51,Submission,2,2:25,3 Rnd (5-5-5),Benardo Sopaj,Timmy Cuamba
2397e2a92710705a,Decision - Unanimous,3,5:00,3 Rnd (5-5-5),Norma Dumont,Irene Aldana
0c2e3988793b418c,Submission,2,3:38,3 Rnd (5-5-5),Bo Nickal,Cody Brundage
d564e3a6c77d0c85,KO/TKO,1,4:33,3 Rnd (5-5-5),Edmen Shahbazyan,AJ Dobson
8c140756bf43dcc2,Decision - Unanimous,3,5:00,3 Rnd (5-5-5),Tagir Ulanbekov,Azat Maksum
7de9867b7cc2b1b1,Decision - Unanimous,5,5:00,5 Rnd (5-5-5-5-5),Jan Blachowicz,Israel Adesanya
00a5e033391bf8df,Decision - Unanimous,5,5:00,5 Rnd (5-5-5-5-5),Matt Hughes,Sean Sherk
a716172939767cab,Submission,2,2:52,3 Rnd (5-5-5),Sara McMann,Alexis Davis
766dc3c5592b4d0d,Decision - Unanimous,3,5:00,3 Rnd (5-5-5),Robert Whittaker,Uriah Hall
0111e6a64b5184c6,Submission,1,2:13,5 Rnd (5-5-5-5-5),Khamzat Chimaev,Kevin Holland
796a7e1fa80af990,KO/TKO,1,0:43,3 Rnd (5-5-5),Stipe Miocic,Philip De Fries
964245b54324810d,KO/TKO,1,0:41,3 Rnd (5-5-5),Alexander Gustafsson,Jared Hamman
f0ac3761d3fdda3e,Submission,2,0:53,3 Rnd (5-5-5),Tecia Pennington,Juliana Lima
b2013a8b4ed68c8d,Decision - Unanimous,3,5:00,3 Rnd (5-5-5),Brock Lesnar,Heath Herring
0221982930283140,Decision - Unanimous,3,5:00,3 Rnd (5-5-5),Jessica Andrade,Lauren Murphy
9d1722fb8b83a92a,Decision - Unanimous,3,5:00,3 Rnd (5-5-5),Khabib Nurmagomedov,Rafael Dos Anjos
6a0c5b9079a4128e,Decision - Split,3,5:00,3 Rnd (5-5-5),Din Thomas,Matt Serra
c5de5c3633a0bfce,KO/TKO,1,0:17,3 Rnd (5-5-5),Gabriel Gonzaga,Dave Herman
6b8be0ee3e569ad2,Decision - Split,5,5:00,5 Rnd (5-5-5-5-5),Reinier de Ridder,Robert Whittaker
9c3f3bc7f7472e0c,KO/TKO,3,4:37,3 Rnd (5-5-5),Bojan Velickovic,Nicholas Musoke
b5aafe149bec4306,KO/TKO,1,3:16,3 Rnd (5-5-5),Alex Perez,Charles Johnson
909cd8633507a0c8,Submission,2,4:44,3 Rnd (5-5-5),Erin Blanchfield,Tracy Cortez
53d2a57daaae700b,Decision - Unanimous,3,5:00,3 Rnd (5-5-5),Jake Shields,Yoshihiro Akiyama
f3efc6121c5323ff,KO/TKO,1,4:18,3 Rnd (5-5-5),Lerone Murphy,Ricardo Ramos
ff872fa3e9ec32a9,Decision - Unanimous,3,5:00,3 Rnd (5-5-5),Mike Swick,Marcus Davis
a260238fdb9c47cf,Decision - Unanimous,3,5:00,3 Rnd (5-5-5),Shane Burgos,Billy Quarantillo
9971f8bcd3b10069,Decision - Unanimous,3,5:00,3 Rnd (5-5-5),Gleison Tibau,Terry Etim
81b5e933186a685a,Decision - Split,3,5:00,3 Rnd (5-5-5),Sean Sherk,Evan Dunham
1fa8537d3992a09a,Decision - Unanimous,3,5:00,3 Rnd (5-5-5),Gilbert Burns,Olivier Aubin-Mercier
759c55755d70f7ba,KO/TKO,2,3:12,3 Rnd (5-5-5),Dusko Todorovic,Jordan Wright
478221ad98336565,Submission,2,2:01,3 Rnd (5-5-5),Chas Skelly,Chris Gruetzemacher
fea7dd5904ab4c91,KO/TKO,3,1:26,3 Rnd (5-5-5),Trevin Giles,Bevon Lewis
b079f3d5ad290afb,Decision - Unanimous,3,5:00,3 Rnd (5-5-5),Joanne Wood,Seo Hee Ham
96c93167c982c467,Decision - Unanimous,3,5:00,3 Rnd (5-5-5),Julianna Pena,Cat Zingano
1e7caef3f6dfde10,KO/TKO,2,3:15,3 Rnd (5-5-5),Dusko Todorovic,Dequan Townsend
0be68308b5d63a47,Decision - Unanimous,3,5:00,3 Rnd (5-5-5),Iuri Alcantara,Michihiro Omigawa
41727d51af72b1d5,Decision - Unanimous,3,5:00,3 Rnd (5-5-5),Aljamain Sterling,Cody Gibson
86df0e75f41784d8,Decision - Unanimous,3,5:00,3 Rnd (5-5-5),Javid Basharat,Gianni Vazquez
102fb91414fd24ab,KO/TKO,1,0:40,3 Rnd (5-5-5),Priscila Cachoeira,Shana Dobson
e7d444e279914116,KO/TKO,3,3:56,3 Rnd (5-5-5),Chris Leben,Terry Martin
d2484d74f819d813,Submission,1,2:11,3 Rnd (5-5-5),Alexandr Romanov,Chase Sherman
02732ebb104793d2,KO/TKO,1,0:15,3 Rnd (5-5-5),Dustin Ortiz,Hector Sandoval
dcc0c53100fa1dd2,KO/TKO,1,4:51,3 Rnd (5-5-5),Brunno Ferreira,Dustin Stoltzfus
08e48648e3504638,Decision - Unanimous,3,5:00,3 Rnd (5-5-5),Karol Rosa,Vanessa Melo
e57b884785848624,KO/TKO,1,4:57,3 Rnd (5-5-5),Ben Alloway,Manuel Rodriguez
637f561cd731fb44,Decision - Split,3,5:00,3 Rnd (5-5-5),Raphael Assuncao,Aljamain Sterling
706228ddb6076b3f,Decision - Split,3,5:00,3 Rnd (5-5-5),Liz Carmouche,Katlyn Cerminara
96b62bd56b252bab,Submission,1,1:31,3 Rnd (5-5-5),Alexandre Pantoja,Alex Perez
0454bfbc49e95c16,Decision - Unanimous,3,5:00,3 Rnd (5-5-5),Mike Pierce,Brock Larson
54e2490959f66dc2,Decision - Unanimous,3,5:00,3 Rnd (5-5-5),Ricky Simon,Brian Kelleher
e915c1987050eac8,KO/TKO,1,0:12,3 Rnd (5-5-5),Rob Emerson,Manvel Gamburyan
4f16ef3e707447a0,Decision - Unanimous,3,5:00,3 Rnd (5-5-5),Nasrat Haqparast,Marc Diakiese
e27c28928ed4390f,Decision - Unanimous,3,5:00,3 Rnd (5-5-5),Joe Solecki,Jim Miller
b0d06858fb725654,Decision - Unanimous,3,5:00,3 Rnd (5-5-5),Ludovit Klein,Mason Jones
72e1b3e1224f5314,KO/TKO,4,2:00,5 Rnd (5-5-5-5-5),Jose Aldo,Chan Sung Jung
fa3b28ff3585b4a0,KO/TKO,1,4:27,3 Rnd (5-5-5),Chris Curtis,Phil Hawes
51461da4ba467901,KO/TKO,1,0:39,3 Rnd (5-5-5),Kevin Holland,Anthony Hernandez
60820d105e57d5d6,Decision - Unanimous,3,5:00,3 Rnd (5-5-5),Daniel Kelly,Patrick Walsh
760b90b0805e0fbf,Decision - Split,3,5:00,3 Rnd (5-5-5),Alessio Di Chirico,Julian Marquez
24341a8cf1152c5c,KO/TKO,5,0:26,5 Rnd (5-5-5-5-5),Alistair Overeem,Augusto Sakai
e9754f597ec50f6f,Decision - Unanimous,3,5:00,3 Rnd + OT (5-5-5-5),Brad Katona,Cody Gibson
c9721146eba68c2a,Submission,1,4:35,3 Rnd (5-5-5),Gleison Tibau,Rich Clementi
a71e4206f87ae74c,Submission,2,3:19,3 Rnd (5-5-5),Yuta Sasaki,Justin Scoggins
d29a82322bb083d9,Decision - Unanimous,3,5:00,3 Rnd (5-5-5),Mike Malott,Trevin Giles
eacfc05c3e5ead5e,KO/TKO,3,0:13,3 Rnd (5-5-5),Lucas Martins,Jeremy Larsen
20f19439e9b100b0,Decision - Unanimous,3,5:00,3 Rnd (5-5-5),Matheus Nicolau,Tim Elliott
6d9f6f7004c791d5,Submission,2,1:56,3 Rnd (5-5-5),Chas Skelly,Edimilson Souza
502d7cb01921170f,Submission,2,3:06,3 Rnd (5-5-5),Yan Cabral,Naoyuki Kotani
c92596c3143db25b,Submission,1,0:44,1 Rnd + OT (12-3),Kevin Jackson,Tony Fryklund
40687c9412e0c279,Submission,2,2:46,3 Rnd (5-5-5),Nathaniel Wood,Jose Quinonez
589fd70f6f8b747c,Submission,2,2:36,3 Rnd (5-5-5),Simeon Thoresen,Besam Yousef
6ba9f6a7a9361354,Decision - Unanimous,3,5:00,3 Rnd (5-5-5),Nate Maness,Johnny Munoz
636fd144716a3084,Submission,1,2:04,5 Rnd (5-5-5-5-5),Jon Jones,Ciryl Gane
de17a01ce8a0c654,Decision - Split,3,5:00,3 Rnd (5-5-5),Dustin Ortiz,Justin Scoggins
1e2677e481a587fd,KO/TKO,2,1:20,3 Rnd (5-5-5),Mike Swick,DaMarques Johnson
77df662671ce11c5,Decision - Unanimous,3,5:00,3 Rnd (5-5-5),Guram Kutateladze,Jordan Vucenic
84cde29aebf6c00c,Decision - Unanimous,3,5:00,3 Rnd (5-5-5),Steven Peterson,Chase Hooper
e93d07a18ca847c8,KO/TKO,2,3:52,3 Rnd (5-5-5),Stefan Struve,Dave Herman
5a3b530c73106c5c,KO/TKO,1,2:02,3 Rnd (5-5-5),Tomasz Drwal,Ivan Serati
0cf7636471fc5e45,KO/TKO,1,6:52,1 Rnd + OT (12-3),Laverne Clark,Frank Caracci
fdfe4e7cb2d0b665,Decision - Split,3,1:05,3 Rnd (5-5-5),Alexandr Romanov,Juan Espino
cae7de0873e03947,Decision - Unanimous,3,5:00,3 Rnd (5-5-5),Ailin Perez,Ashlee Evans-Smith
cf0a6466b762c668,Decision - Split,5,5:00,5 Rnd (5-5-5-5-5),Zhang Weili,Joanna Jedrzejczyk
697efaf0d162e877,Decision - Split,3,5:00,3 Rnd (5-5-5),Jack Della Maddalena,Kevin Holland
a914df32b95a1abc,KO/TKO,2,0:25,3 Rnd (5-5-5),Raphael Assuncao,Issei Tamura
977250a28d3b8a3f,KO/TKO,1,3:49,3 Rnd (5-5-5),Billy Ray Goff,Yusaku Kinoshita
7c307d98ed135d32,Decision - Unanimous,3,5:00,3 Rnd (5-5-5),Ryan Bader,Quinton Jackson
1ca41d3b11d88b36,Submission,2,0:56,3 Rnd (5-5-5),Michael Chiesa,Carlos Condit
fecf9c7a4e965690,Decision - Split,3,5:00,3 Rnd (5-5-5),Fabio Maldonado,Joey Beltran
0449c55a8c24a59e,Decision - Split,3,5:00,3 Rnd (5-5-5),Ross Pearson,Paul Felder
e8f4e8ff49678b44,KO/TKO,1,4:14,3 Rnd (5-5-5),Andrew Sanchez,Wellington Turman
11141cf97c6156b6,Submission,1,3:52,3 Rnd (5-5-5),TJ Waldburger,Mike Stumpf
edff38661bf2866b,Decision - Unanimous,3,5:00,3 Rnd (5-5-5),Jacob Malkoun,Gerald Meerschaert
cb93f5f9d09b29f1,Decision - Unanimous,3,5:00,3 Rnd (5-5-5),Yushin Okami,Mike Swick
93f1b09aa792405e,Submission,3,2:13,5 Rnd (5-5-5-5-5),Fabricio Werdum,Cain Velasquez
733dcfec0cc9b439,KO/TKO,1,4:59,3 Rnd (5-5-5),Ian Machado Garry,Jordan Williams
dae70ccdf9e7475e,KO/TKO,2,2:12,3 Rnd (5-5-5),Jhonata Diniz,Austen Lane
292b83afa418635f,KO/TKO,3,2:24,3 Rnd (5-5-5),Bo Nickal,Rodolfo Vieira
d9c0351cd21e40e0,Decision - Unanimous,3,5:00,3 Rnd (5-5-5),Sergio Pettis,Tyson Nam
26fbee4ed13ff35d,Decision - Unanimous,3,5:00,3 Rnd (5-5-5),JJ Aldrich,Gillian Robertson
dc6a8ec4d6c477de,KO/TKO,1,5:57,1 Rnd + OT (12-3),Geza Kalman,Dieusel Berto
85e5498808346d6b,KO/TKO,3,4:35,3 Rnd (5-5-5),Rongzhu,Brandon Jenkins
f2ac86cd3e863243,Decision - Split,3,5:00,3 Rnd (5-5-5),Zubaira Tukhugov,Phillipe Nover
00bbcd4a6d647fdf,TKO - Doctor's Stoppage,1,5:00,3 Rnd (5-5-5),Anthony Smith,Jimmy Crute
419fff06f338f5c6,Decision - Unanimous,3,5:00,3 Rnd (5-5-5),Brendan Allen,Edmen Shahbazyan
c6dd17ab89437805,KO/TKO,2,3:05,5 Rnd (5-5-5-5-5),Jorge Masvidal,Darren Till
9c7a67ce1d6a01f9,Decision - Unanimous,3,5:00,3 Rnd (5-5-5),Gleison Tibau,Jeremy Stephens
bcfaf1dd78f12f97,Decision - Unanimous,3,5:00,3 Rnd (5-5-5),Natalia Silva,Jessica Andrade
1be65a0d2c1383f6,Submission,1,2:57,3 Rnd (5-5-5),Mickey Gall,Jordan Williams
51db35a3cf225bda,Decision - Split,3,5:00,3 Rnd (5-5-5),Kai Kara-France,Raulian Paiva
c302f24082239f82,Submission,3,0:22,3 Rnd (5-5-5),Roland Delorme,Josh Ferguson
3e74caa9fff4a5eb,Submission,1,0:54,3 Rnd (5-5-5),Michel Pereira,Ihor Potieria
5563d6de0b4c4d65,Decision - Unanimous,3,5:00,3 Rnd (5-5-5),Magnus Cedenblad,Scott Askham
6b5c225814a924ed,Submission,2,3:11,3 Rnd (5-5-5),Asu Almabayev,Ode Osbourne
e5fbb99bc3907516,Decision - Unanimous,3,5:00,3 Rnd (5-5-5),Gina Mazany,Wu Yanan
18dde81d45ac2232,Submission,1,3:08,3 Rnd (5-5-5),Deiveson Figueiredo,Tim Elliott
4e55251b7a0df0c2,TKO - Doctor's Stoppage,4,5:00,5 Rnd (5-5-5-5-5),Max Holloway,Brian Ortega
27ff1bfeb2d50b38,KO/TKO,1,0:59,3 Rnd (5-5-5),Shawn Jordan,Pat Barry
2573a9a722f238f4,KO/TKO,3,2:03,3 Rnd (5-5-5),Shawn Jordan,Jack May
ced241b99eab5f22,Submission,1,3:41,3 Rnd (5-5-5),Jacare Souza,Tim Boetsch
81cbb709dedc914d,Decision - Split,3,5:00,3 Rnd (5-5-5),Antonina Shevchenko,Cortney Casey
70afe9e0d2422252,Decision - Unanimous,3,5:00,3 Rnd (5-5-5),Tabatha Ricci,Angela Hill
ccee020be2e8d9f6,KO/TKO,1,12:13,No Time Limit,Johnny Rhodes,David Levicki
393f9bc7b51791a6,Decision - Unanimous,3,5:00,3 Rnd (5-5-5),Punahele Soriano,Miguel Baeza
4e77cc2c8d604241,KO/TKO,2,4:58,5 Rnd (5-5-5-5-5),Henry Cejudo,Dominick Cruz
d066287b31c871a6,Decision - Unanimous,3,5:00,3 Rnd (5-5-5),Josh Neer,Joe Stevenson
e0a11799d3446b87,KO/TKO,1,1:27,1 Rnd + OT (12-3),Kevin Jackson,Todd Butler
5ce29056e0cd2df9,Decision - Unanimous,3,5:00,3 Rnd (5-5-5),Montel Jackson,Daniel Marcos
97ad63e644757cf4,Decision - Unanimous,3,5:00,3 Rnd (5-5-5),Joselyne Edwards,Wu Yanan
6f350d91fb07a819,KO/TKO,1,4:33,3 Rnd (5-5-5),Josh Emmett,Ricardo Lamas
2e042964c6498e7a,KO/TKO,1,0:40,3 Rnd (5-5-5),Jeremy Stephens,Rony Jason
89d39663ff1b890e,Decision - Unanimous,3,5:00,3 Rnd (5-5-5),Aaron Simpson,Mario Miranda
f70c817388602681,KO/TKO,5,4:04,5 Rnd (5-5-5-5-5),Leon Edwards,Kamaru Usman
e050c299ffa1f2d3,KO/TKO,1,0:21,3 Rnd (5-5-5),Joshua Burkman,Sammy Morgan
c5e0e4ee11903076,Decision - Unanimous,3,5:00,3 Rnd (5-5-5),Jon Jones,Andre Gusmao
2b01da1699f0305f,Decision - Unanimous,3,5:00,3 Rnd (5-5-5),Vinc Pichel,Roosevelt Roberts
519dcb290e6db845,KO/TKO,2,1:35,5 Rnd (5-5-5-5-5),Jeremy Stephens,Josh Emmett
63f6af6d5f7b82ad,KO/TKO,2,4:28,3 Rnd (5-5-5),Daniel Santos,John Castaneda
f3a970c83d8de1db,Submission,2,3:33,3 Rnd (5-5-5),Cathal Pendred,Mike King
d292243c6499b2fe,Decision - Unanimous,5,5:00,5 Rnd (5-5-5-5-5),Kamaru Usman,Jorge Masvidal
7e3609b672c7ecf9,KO/TKO,3,3:23,3 Rnd (5-5-5),Yoel Romero,Derek Brunson
ae89ba793121fe0c,Decision - Unanimous,3,5:00,3 Rnd (5-5-5),Bolaji Oki,Michael Aswell Jr.
3f8c6e31ebbe54bc,Decision - Unanimous,3,5:00,3 Rnd (5-5-5),Jared Gordon,Dan Moret
afedd038b986cebc,Decision - Unanimous,3,5:00,3 Rnd (5-5-5),Dean Lister,Jordan Radev
c29b63d6cd2ba413,Submission,1,3:03,3 Rnd (5-5-5),Godofredo Pepey,Mike de la Torre
388df822e50b04f8,KO/TKO,2,2:53,3 Rnd (5-5-5),Georges St-Pierre,Sean Sherk
4d231d5d5f815085,Decision - Split,3,5:00,3 Rnd (5-5-5),CB Dollaway,Daniel Sarafian
076c98ac0561521f,Submission,1,2:46,3 Rnd (5-5-5),Charles Rosa,Manny Bermudez
787d94246afe18a3,Decision - Unanimous,3,5:00,3 Rnd (5-5-5),Santiago Ponzinibbio,Zak Cummings
5c55530a258a9e41,Decision - Majority,3,5:00,3 Rnd + OT (5-5-5-5),TIE,TIE
73240bea13ed5e71,Decision - Unanimous,3,5:00,3 Rnd (5-5-5),Alice Ardelean,Rayanne dos Santos
18f1b88d8977c216,Decision - Unanimous,5,5:00,5 Rnd (5-5-5-5-5),Alexander Volkanovski,Brian Ortega
ef1cd6371a3f18e0,Submission,1,2:14,3 Rnd (5-5-5),Jackson McVey,Sedriques Dumas
d869eaea38426f06,Submission,1,4:37,3 Rnd (5-5-5),Johnny Walker,Ion Cutelaba
222bb2c67a87d312,Decision - Unanimous,3,5:00,3 Rnd (5-5-5),Manel Kape,Felipe dos Santos
f0b7caa90faf47e5,KO/TKO,1,0:37,3 Rnd (5-5-5),Yizha,Westin Wilson
31e62d34abc3a762,Decision - Split,3,5:00,3 Rnd (5-5-5),Holly Holm,Raquel Pennington
b41e3be867afd6fa,Decision - Unanimous,3,5:00,3 Rnd (5-5-5),Ray Borg,Rogerio Bontorin
59eea37af7efb06c,Submission,2,1:34,5 Rnd (5-5-5-5-5),Khabib Nurmagomedov,Justin Gaethje
db209b782f35e0e6,Decision - Unanimous,5,5:00,5 Rnd (5-5-5-5-5),Ryan Bader,Ovince Saint Preux
37e0251af7b18742,Submission,1,4:03,3 Rnd (5-5-5),Fabricio Camoes,Tommy Hayden
4087bb7b3b1b9e24,Submission,3,0:30,3 Rnd (5-5-5),Gabriel Benitez,Humberto Brown Morrison
c06d7bb29bc24d00,Submission,3,1:37,3 Rnd (5-5-5),Islam Makhachev,Drew Dober
8693027377658e61,Decision - Unanimous,3,5:00,3 Rnd (5-5-5),Bill Algeo,Joanderson Brito
f0666193c544be4a,Decision - Unanimous,3,5:00,3 Rnd (5-5-5),Darren Uyenoyama,Norifumi Yamamoto
759659ca9303c720,Submission,1,0:23,3 Rnd (5-5-5),Roman Mitichyan,Dorian Price
b675c94f20551631,Decision - Unanimous,3,5:00,3 Rnd (5-5-5),Nate Quarry,Kalib Starnes
2ac9b3ccb43422d8,Decision - Split,3,5:00,3 Rnd (5-5-5),TIE,TIE
5965800d88e0677c,Submission,2,2:31,5 Rnd (5-5-5-5-5),Luke Rockhold,Lyoto Machida
5d06b45564f62c80,KO/TKO,1,0:19,3 Rnd (5-5-5),Roger Huerta,John Halverson
b56fd6eb7d0b6083,Decision - Split,3,5:00,3 Rnd (5-5-5),Li Jingliang,David Michaud
2de6652160cc7b9f,Decision - Unanimous,3,5:00,3 Rnd (5-5-5),Paulo Costa,Luke Rockhold
8dd086e2e70144fd,Decision - Unanimous,3,5:00,3 Rnd (5-5-5),Luana Pinheiro,Sam Hughes
c3b9b97467f828d1,Submission,2,2:14,3 Rnd (5-5-5),Tabatha Ricci,Jessica Penne
303db84673492cd6,Decision - Unanimous,3,5:00,3 Rnd (5-5-5),Igor Pokrajac,Fabio Maldonado
32927d50acedb507,Decision - Unanimous,3,5:00,3 Rnd (5-5-5),Alice Ardelean,Montserrat Conejo Ruiz
0c618cd41b88c558,Submission,1,4:55,3 Rnd (5-5-5),Mayra Bueno Silva,Gillian Robertson
5c0e5d850d8e661f,Decision - Unanimous,3,5:00,3 Rnd (5-5-5),Santiago Ponzinibbio,Miguel Baeza
7513a00037094075,KO/TKO,2,4:17,3 Rnd (5-5-5),Nazim Sadykhov,Nikolas Motta
348de8e364ecf041,Decision - Split,3,5:00,3 Rnd (5-5-5),Raoni Barcelos,Montel Jackson
767b78b67c7da17c,Submission,1,3:41,3 Rnd (5-5-5),Yadier del Valle,Isaac Dulgarian
1b4d0c9e3c59b33b,Submission,1,4:35,3 Rnd (5-5-5),Jailton Almeida,Parker Porter
15805ae1eea3343e,Decision - Unanimous,5,5:00,5 Rnd (5-5-5-5-5),Caio Borralho,Jared Cannonier
94a3e3df3d28d8f0,Submission,1,2:33,3 Rnd (5-5-5),Mark Bocek,Dustin Hazelett
69bca5091b2a31f6,KO/TKO,3,2:17,3 Rnd (5-5-5),Joaquin Buckley,Stephen Thompson
2c0496a5f39ab8a4,Decision - Unanimous,3,5:00,3 Rnd (5-5-5),Tanner Boser,Aleksa Camur
5ad8aa57c8d69680,KO/TKO,1,4:13,3 Rnd (5-5-5),Brunno Ferreira,Gregory Rodrigues
43d1693f0198a93e,Decision - Split,3,5:00,3 Rnd (5-5-5),Jake Shields,Tyron Woodley
f23e2bed86b62462,Decision - Unanimous,3,5:00,3 Rnd (5-5-5),Drew Dober,Frank Camacho
794ec0a93eca0492,KO/TKO,1,1:33,3 Rnd (5-5-5),Pedro Rizzo,Dan Severn
deaeb2383bbd32bf,Submission,1,1:52,3 Rnd (5-5-5),Drew Dober,Jamie Varner
7bd6969c4ed979f9,Decision - Split,3,5:00,3 Rnd (5-5-5),Clay Guida,Scott Holtzman
a27a9b7b8194e8fc,Submission,2,4:43,3 Rnd (5-5-5),Henrique da Silva,Joachim Christensen
5c5523a6bf83e44f,KO/TKO,2,1:49,3 Rnd + OT (5-5-5-5),Ryan Loder,Robert Valentin
6b9f82291930bfec,Submission,1,4:34,3 Rnd (5-5-5),Amir Albazi,Francisco Figueiredo
56d8cc470841f454,KO/TKO,3,1:58,3 Rnd (5-5-5),Ricardo Ramos,Aiemann Zahabi
964eb53864554ed0,KO/TKO,1,1:23,3 Rnd (5-5-5),Brandon Thatch,Justin Edwards
71bcafd04decc8ce,Submission,2,2:55,3 Rnd (5-5-5),Phil Davis,Tim Boetsch
d33814971932422a,Decision - Majority,5,5:00,5 Rnd (5-5-5-5-5),Yan Xiaonan,Mackenzie Dern
8da2c348ba6001a0,DQ,2,2:28,3 Rnd (5-5-5),Allen Crowder,Greg Hardy
8c8c2499d89da07c,Decision - Unanimous,3,5:00,3 Rnd (5-5-5),Cody Garbrandt,Henry Briones
6b83234360b3ca62,Submission,2,1:04,3 Rnd (5-5-5),TJ Waldburger,Nick Catone
46cfb41b00cb5ad8,Decision - Unanimous,5,5:00,5 Rnd (5-5-5-5-5),Cub Swanson,Jeremy Stephens
3c3533ba486a2006,Decision - Unanimous,5,5:00,5 Rnd (5-5-5-5-5),Tim Sylvia,Andrei Arlovski
6caf9ebf42ddae2e,KO/TKO,2,1:23,3 Rnd (5-5-5),Geoff Neal,Frank Camacho
1645ed92dcdc5c03,Decision - Unanimous,3,5:00,3 Rnd (5-5-5),Cody Stamann,Terrion Ware
7b1882dc76786d77,Decision - Unanimous,3,5:00,3 Rnd (5-5-5),Natalia Silva,Viviane Araujo
051124b25d576906,Decision - Unanimous,3,5:00,3 Rnd (5-5-5),Holly Holm,Megan Anderson
5727d5be8c373346,KO/TKO,2,1:27,5 Rnd (5-5-5-5-5),Ciryl Gane,Alex Pereira
095a351dd6f09f7e,KO/TKO,2,4:52,3 Rnd (5-5-5),Nassourdine Imavov,Edmen Shahbazyan
5ab4bdec4db84f7d,Submission,2,2:20,3 Rnd (5-5-5),Frankie Edgar,Matt Veach
c769dd861357af9f,KO/TKO,3,4:12,3 Rnd (5-5-5),Manoel Sousa,Bolaji Oki
d93ee3860196c4ae,KO/TKO,2,3:14,3 Rnd (5-5-5),Waldo Cortes Acosta,Derrick Lewis
7cfb05c08ec91525,Submission,2,1:54,3 Rnd (5-5-5),Yancy Medeiros,Damon Jackson
3e4199f9a69bac88,KO/TKO,2,5:00,3 Rnd (5-5-5),Tsuyoshi Kohsaka,Tim Lajcik
e83046dd074ec0fa,KO/TKO,1,2:45,3 Rnd (5-5-5),Glover Teixeira,Misha Cirkunov
2798c746fe93502a,Submission,1,4:33,3 Rnd (5-5-5),Jessica Andrade,Larissa Pacheco
38b6ef176439c39b,Submission,3,1:39,3 Rnd (5-5-5),Gerald Meerschaert,Bruno Silva
16358c536d739017,Submission,1,1:53,3 Rnd (5-5-5),Polyana Viana,Emily Whitmire
2341651d1043e2c0,KO/TKO,1,1:32,3 Rnd (5-5-5),Jonathan Brookins,Vagner Rocha
15aee8ad5d9e9d58,Decision - Unanimous,3,5:00,3 Rnd (5-5-5),John Moraga,Wilson Reis
bb70048e290f4a86,Submission,2,4:59,3 Rnd (5-5-5),Chan Sung Jung,Leonard Garcia
3825f998c01cbeab,Submission,2,4:03,3 Rnd (5-5-5),Jason MacDonald,Chris Leben
e9ed827818e8cadf,Decision - Unanimous,3,5:00,3 Rnd (5-5-5),Thales Leites,Ed Herman
e71a155192ff2f6c,Submission,1,4:57,3 Rnd (5-5-5),Gilbert Burns,Lukasz Sajewski
aa4aa75f0065a687,Submission,3,4:16,3 Rnd (5-5-5),Chris Lytle,Dan Hardy
53f7f1b4834387a8,Decision - Unanimous,3,5:00,3 Rnd (5-5-5),Elise Reed,Jessica Penne
aade9d76ac6c6aef,KO/TKO,3,1:23,3 Rnd (5-5-5),Paulo Costa,Azamat Murzakanov
a274ed04c36d40d4,Submission,1,1:17,3 Rnd (5-5-5),Mayra Bueno Silva,Stephanie Egger
5ae114b3fdef6d2f,Decision - Unanimous,3,5:00,3 Rnd (5-5-5),Norman Parke,Reza Madadi
f661ef429055f8c1,Decision - Unanimous,3,5:00,3 Rnd (5-5-5),Nyamjargal Tumendemberel,Cody Durden
59f77a6ecd041dff,KO/TKO,2,1:23,3 Rnd (5-5-5),Marcus Davis,Jonathan Goulet
03e5127d4832750c,Submission,2,3:26,3 Rnd (5-5-5),Roosevelt Roberts,Brok Weaver
a337e11f80a75b7d,Decision - Unanimous,3,5:00,3 Rnd (5-5-5),Brett Johns,Kwan Ho Kwak
9fc232c3829a1ef0,Decision - Split,3,5:00,3 Rnd (5-5-5),Nate Diaz,Josh Neer
f4717203e762d780,Submission,1,2:33,3 Rnd (5-5-5),Jacare Souza,Chris Camozzi
e32dc26b11d1f81d,KO/TKO,3,3:39,3 Rnd (5-5-5),Yousri Belgaroui,Mansur Abdul-Malik
b21e4b6c4126c782,Submission,1,0:39,3 Rnd (5-5-5),Thiago Tavares,Clay Guida
71cb15f6dbdaccd8,Decision - Unanimous,3,5:00,3 Rnd (5-5-5),Jacob Volkmann,Paul Kelly
17753b728e5404aa,Decision - Unanimous,3,5:00,3 Rnd (5-5-5),Aljamain Sterling,Pedro Munhoz
4702ef17c48bf1d1,Decision - Split,3,5:00,3 Rnd (5-5-5),Levan Makashvili,Mark Eddiva
36656dfa32341671,Submission,1,0:52,3 Rnd (5-5-5),Darrick Minner,TJ Laramie
2cb9ba68fc855f33,Decision - Unanimous,3,5:00,3 Rnd (5-5-5),JJ Aldrich,Vanessa Demopoulos
6537a32e7af905b0,Decision - Unanimous,3,5:00,3 Rnd (5-5-5),Josh Emmett,Dan Ige
2b8cae68963a40a9,Decision - Split,3,5:00,3 Rnd (5-5-5),Volkan Oezdemir,Aleksandar Rakic
109674a1ee00f55d,Decision - Unanimous,3,5:00,3 Rnd (5-5-5),Juliana Lima,Ericka Almeida
25259e230be9cdc9,KO/TKO,1,2:43,3 Rnd (5-5-5),Dan Ige,Andre Fili
5288ef3edf1eda6e,Submission,1,3:52,3 Rnd (5-5-5),Dean Lister,Jeremy Horn
18f19b1422e8154b,Decision - Unanimous,5,5:00,5 Rnd (5-5-5-5-5),Ketlen Vieira,Miesha Tate
6f19f24780c4f23f,Submission,2,2:04,3 Rnd (5-5-5),Rani Yahya,Johnny Bedford
dd51d1aed9536da6,Decision - Unanimous,3,5:00,3 Rnd (5-5-5),Jennifer Maia,Roxanne Modafferi
85e94a6c071fd9fa,KO/TKO,2,4:18,5 Rnd (5-5-5-5-5),Joe Pyfer,Israel Adesanya
9eed1b277c76f576,Decision - Unanimous,3,5:00,3 Rnd (5-5-5),Alex Caceres,Cole Escovedo
3542b1fd47163fcd,Decision - Unanimous,3,5:00,3 Rnd (5-5-5),Matt Wiman,Mac Danzig
faf15b752fb8924c,Decision - Unanimous,5,5:00,5 Rnd (5-5-5-5-5),Raquel Pennington,Mayra Bueno Silva
7e57d7848f9faacf,Submission,2,1:43,3 Rnd (5-5-5),Ed Herman,Clifford Starks
acc987adeab45bfc,KO/TKO,2,3:08,3 Rnd (5-5-5),Josh Samman,Eddie Gordon
afd5e85676eb697d,Decision - Unanimous,3,5:00,3 Rnd (5-5-5),Johny Hendricks,Ricardo Funch
19d6c7f5263c9398,KO/TKO,3,4:18,3 Rnd (5-5-5),Junior Dos Santos,Mark Hunt
84d4b658851b7e0e,Decision - Unanimous,3,5:00,3 Rnd (5-5-5),Don Madge,Fares Ziam
d2198a7ae05b24c1,Decision - Split,3,5:00,3 Rnd (5-5-5),Jimmie Rivera,Pedro Munhoz
f2b407019b2a5c15,KO/TKO,2,2:42,5 Rnd (5-5-5-5-5),Magomed Ankalaev,Johnny Walker
57bbe424b0d6837c,KO/TKO,1,0:50,3 Rnd (5-5-5),Tom Lawlor,Jason MacDonald
f3c33d0b7a087eaf,KO/TKO,1,0:31,1 Rnd + OT (12-3),Tito Ortiz,Wes Albritton
878941394f9e3538,Decision - Unanimous,3,5:00,3 Rnd (5-5-5),Esteban Ribovics,Elves Brener
c98f62eb74e69bcb,Decision - Unanimous,3,5:00,3 Rnd (5-5-5),John Castaneda,Muin Gafurov
67e1ec8ee2db3423,Submission,1,1:09,3 Rnd (5-5-5),Mickey Gall,George Sullivan
3901d9cdbb0949bc,Submission,3,2:41,3 Rnd (5-5-5),Ed Herman,Mike Rodriguez
f2ca358ea9bec156,Decision - Split,5,5:00,5 Rnd (5-5-5-5-5),Henry Cejudo,Demetrious Johnson
559031e51ced0b53,Decision - Unanimous,3,5:00,3 Rnd (5-5-5),Mounir Lazzez,Ange Loosa
b6de61e312dbb1db,Submission,1,3:27,1 Rnd + OT (12-3),Ebenezer Fontes Braga,Jeremy Horn
92c49cb075f612d7,KO/TKO,1,3:31,3 Rnd (5-5-5),Michal Oleksiejczuk,Shamil Gamzatov
0f9e7d0d04e24b74,Submission,2,3:55,3 Rnd (5-5-5),Luan Lacerda,Saimon Oliveira
b9de363e6b406853,KO/TKO,1,4:42,3 Rnd (5-5-5),Mauricio Ruffy,Jamie Mullarkey
e8206c7380441fbb,Submission,1,2:42,3 Rnd (5-5-5),Andre Muniz,Bartosz Fabinski
c2c000a37a89b82f,TKO - Doctor's Stoppage,2,2:52,3 Rnd (5-5-5),Kenny Florian,Alex Karalexis
91bb64656e13a1d4,Decision - Split,5,5:00,5 Rnd (5-5-5-5-5),TIE,TIE
eb9097be07a3c26a,Decision - Unanimous,3,5:00,3 Rnd (5-5-5),Impa Kasanganay,Maki Pitolo
1eb0491642f276ed,Decision - Unanimous,3,5:00,3 Rnd (5-5-5),Darren Elkins,Godofredo Pepey
9cfb84817a43b63c,Decision - Unanimous,3,5:00,3 Rnd (5-5-5),Tereza Bleda,Gabriella Fernandes
7f0175f71481b63d,KO/TKO,1,0:41,3 Rnd (5-5-5),Justin Jaynes,Frank Camacho
0af90a49f0ca1879,Submission,1,4:38,3 Rnd (5-5-5),Misha Cirkunov,Nikita Krylov
dad034faf3d62cb9,Submission,2,4:31,3 Rnd (5-5-5),Kevin Lee,Magomed Mustafaev
cccb99dd4ec5c2d6,Submission,3,3:26,3 Rnd (5-5-5),Colby Covington,Wagner Silva
08c6b88ac22717ed,KO/TKO,1,2:43,5 Rnd (5-5-5-5-5),John Lineker,Michael McDonald
6658fe4531c86674,KO/TKO,1,0:23,3 Rnd (5-5-5),Levan Chokheli,Leon Shahbazyan
2faf5b8d708f8e94,Decision - Unanimous,3,5:00,3 Rnd (5-5-5),Drakkar Klose,Joaquim Silva
6712440cd01dffdb,KO/TKO,2,0:25,3 Rnd (5-5-5),Uriah Hall,Gegard Mousasi
f373e50e2fab3d5f,Submission,1,2:30,1 Rnd + OT (12-3),Alex Hunter,Sam Fulton
3c2ac653409cf5f2,KO/TKO,1,3:09,3 Rnd (5-5-5),Matt Lindland,Pat Miletich
51f955029dbf6978,Decision - Unanimous,3,5:00,3 Rnd (5-5-5),Sabina Mazo,Shana Dobson
c553753c64379c39,Decision - Unanimous,3,5:00,3 Rnd (5-5-5),Frank Mir,Roy Nelson
ed3ae3852fe549d4,KO/TKO,1,4:39,3 Rnd (5-5-5),Matt Hughes,Royce Gracie
788c4bbf925cdf40,Submission,1,1:12,3 Rnd (5-5-5),Chris Wade,Cain Carrizosa
0732e6b6eb0a607d,Decision - Split,3,5:00,3 Rnd (5-5-5),Montse Rendon,Tamires Vidal
afda8492a55f1c5d,Submission,1,4:58,3 Rnd (5-5-5),Marcus Davis,Forrest Petz
f4cdc944e27c2cd2,KO/TKO,1,1:41,3 Rnd (5-5-5),Derek Brunson,Uriah Hall
b53fd8bce62aa1c6,Decision - Unanimous,3,5:00,3 Rnd (5-5-5),Tim Means,Alex Garcia
37bc72d5d211b189,KO/TKO,1,4:06,3 Rnd (5-5-5),Islam Dulatov,Adam Fugitt
7580c93fec606442,Submission,1,4:29,3 Rnd (5-5-5),Godofredo Pepey,Dashon Johnson
2d7ead5ad0952423,Decision - Unanimous,3,5:00,3 Rnd (5-5-5),Michinori Tanaka,Roland Delorme
3f7c7917a57d2782,TKO - Doctor's Stoppage,1,5:00,3 Rnd (5-5-5),Tony Ferguson,Aaron Riley
086c2a0cae0835c4,Submission,2,2:10,3 Rnd (5-5-5),Shavkat Rakhmonov,Michel Prazeres
78a7bf038e56881d,Decision - Unanimous,3,5:00,3 Rnd (5-5-5),Lucas Almeida,Timmy Cuamba
c0dc7511452ed0f8,TKO - Doctor's Stoppage,3,2:21,3 Rnd (5-5-5),Jake Ellenberger,John Howard
dff1dbb8fe1f31cb,KO/TKO,2,3:09,3 Rnd (5-5-5),Nassourdine Imavov,Ian Heinisch
857d274e47aa8c4e,Decision - Split,3,5:00,3 Rnd (5-5-5),Aiemann Zahabi,Marlon Vera
31f12d3f95576ef4,Submission,2,4:47,3 Rnd (5-5-5),Josh Koscheck,Anthony Johnson
a7e8416f0d57c8e0,Decision - Unanimous,3,5:00,3 Rnd (5-5-5),Shamil Abdurakhimov,Andrei Arlovski
5dcade01fc840da6,KO/TKO,1,2:47,3 Rnd (5-5-5),Adrian Yanez,Vinicius Salvador
af59e32a5b3f6065,KO/TKO,1,2:40,3 Rnd (5-5-5),Rich Franklin,Evan Tanner
6bcaa0de4003cc41,Decision - Unanimous,3,5:00,3 Rnd (5-5-5),Jhonata Diniz,Karl Williams
0717bc30025f3656,Decision - Unanimous,3,5:00,3 Rnd (5-5-5),Chris Gutierrez,Ryan MacDonald
c7f6da6cd8e940b2,Decision - Unanimous,3,5:00,3 Rnd (5-5-5),Yushin Okami,Jason MacDonald
dca074896265f816,Decision - Unanimous,3,5:00,3 Rnd (5-5-5),Rick Story,Johny Hendricks
d45474993a750878,Decision - Unanimous,3,5:00,3 Rnd (5-5-5),Joanne Wood,Cortney Casey
12c600dc64edb403,KO/TKO,1,3:45,3 Rnd (5-5-5),Dustin Poirier,Diego Ferreira
ef526567c4dcf371,Decision - Unanimous,3,5:00,3 Rnd (5-5-5),Bea Malecki,Veronica Hardy
0452dd001f4adb6e,Decision - Unanimous,3,5:00,3 Rnd (5-5-5),Gabriel Benitez,Clay Collard
a561360edf66ee6f,Submission,1,1:54,3 Rnd (5-5-5),Rob Kimmons,Joe Vedepo
e56403718205b494,Submission,2,1:28,3 Rnd (5-5-5),Brendson Ribeiro,Diyar Nurgozhay
02731f017c838ad4,Submission,3,4:05,3 Rnd (5-5-5),Kevin Holland,John Phillips
3c098e2946b4c824,Submission,1,1:57,5 Rnd (5-5-5-5-5),Deiveson Figueiredo,Alex Perez
e4a9c93ff23eb5bb,Decision - Unanimous,3,5:00,3 Rnd (5-5-5),Omari Akhmedov,Mats Nilsson
e18a8b333529cc09,Submission,2,3:17,3 Rnd (5-5-5),Alex Oliveira,Carlos Condit
383f0de18e7ab9c5,Decision - Unanimous,3,5:00,3 Rnd (5-5-5),Henry Cejudo,Dustin Kimura
80538f958af30aa0,Decision - Unanimous,3,5:00,3 Rnd (5-5-5),Nam Phan,Leonard Garcia
4c489b3c9d14cbc9,Decision - Split,3,5:00,3 Rnd (5-5-5),Chris Gutierrez,Geraldo de Freitas
128ab9aa4802c73f,KO/TKO,1,1:30,3 Rnd (5-5-5),Diego Lopes,Pat Sabatini
69d6d58d58cb81e3,KO/TKO,1,3:15,3 Rnd (5-5-5),Rogerio Nogueira,Tito Ortiz
41e6ace08a2679e1,KO/TKO,2,3:04,5 Rnd (5-5-5-5-5),Junior Dos Santos,Frank Mir
c1e039419a671b9e,Decision - Split,3,5:00,3 Rnd (5-5-5),Marco Polo Reyes,Jason Novelli
11b369120409d2aa,Decision - Unanimous,3,5:00,3 Rnd (5-5-5),Andre Fili,Hacran Dias
207f105716df54f9,Submission,1,4:15,3 Rnd (5-5-5),Leandro Silva,Charlie Brenneman
72330020a732c635,Submission,2,4:11,3 Rnd (5-5-5),Warlley Alves,Nordine Taleb
a7eaf7b101166d3e,Decision - Unanimous,5,5:00,5 Rnd (5-5-5-5-5),Israel Adesanya,Jared Cannonier
7fc5f1dc2df84ac7,Submission,1,2:45,3 Rnd (5-5-5),Uran Satybaldiev,Diyar Nurgozhay
5a6861ca6d7fd021,KO/TKO,3,4:40,3 Rnd (5-5-5),Matt Hughes,Renzo Gracie
b530bb13aac1e48b,Submission,1,2:17,3 Rnd (5-5-5),Terrance McKinney,Erick Gonzalez
13635ba71963ad0c,KO/TKO,2,4:59,3 Rnd (5-5-5),James Vick,Joe Duffy
1d65c141776949d6,KO/TKO,1,1:30,3 Rnd (5-5-5),Geoff Neal,Rafael Dos Anjos
75e580d5ea37c519,Decision - Unanimous,3,5:00,3 Rnd (5-5-5),Poliana Botelho,Lauren Mueller
b53031bf4bd0a330,Decision - Unanimous,3,5:00,3 Rnd (5-5-5),William Gomis,Robert Ruchala
0adfc21045c02555,KO/TKO,1,0:35,5 Rnd (5-5-5-5-5),Derrick Lewis,Tallison Teixeira
ddb015ac5c067aa9,KO/TKO,3,1:59,3 Rnd (5-5-5),Shane Burgos,Charles Rosa
318460613b6018e9,KO/TKO,1,2:53,5 Rnd (5-5-5-5-5),Chris Weidman,Vitor Belfort
67948da92e6c9bdc,KO/TKO,2,4:45,5 Rnd (5-5-5-5-5),Georges St-Pierre,Matt Serra
3e9ddcd30fdc5d85,Decision - Split,3,5:00,3 Rnd (5-5-5),Carlo Pedersoli Jr.,Brad Scott
635ee9448fe2ddaf,TKO - Doctor's Stoppage,1,5:00,3 Rnd (5-5-5),Yosdenis Cedeno,Jerrod Sanders
d48f938269b8ed0b,Decision - Unanimous,3,5:00,3 Rnd (5-5-5),Court McGee,Marcio Alexandre Junior
edf7ce89ad672e85,Decision - Unanimous,3,5:00,3 Rnd (5-5-5),Piera Rodriguez,Josefine Knutsson
c7780ac294530c0d,Submission,1,3:05,3 Rnd (5-5-5),Joe Duffy,Ivan Jorge
9368a80ba62d87e2,Submission,2,3:40,3 Rnd (5-5-5),Clay Guida,Shannon Gugerty
628d02b6046d5f73,KO/TKO,1,0:44,3 Rnd (5-5-5),Shane Carwin,Christian Wellisch
702759500d47a059,Submission,2,4:38,3 Rnd (5-5-5),Aleksei Oleinik,Maurice Greene
93a081342561d0c3,Decision - Unanimous,3,5:00,3 Rnd (5-5-5),Casey Kenney,Ray Borg
7fe0cec2b0f1c146,Decision - Unanimous,3,5:00,3 Rnd (5-5-5),Claudia Gadelha,Randa Markos
247f9e56965a1c07,Decision - Unanimous,5,5:00,5 Rnd (5-5-5-5-5),Israel Adesanya,Brad Tavares
c85b530861145935,KO/TKO,5,1:32,5 Rnd (5-5-5-5-5),Joshua Van,Tatsuro Taira
56812137775844c8,KO/TKO,1,2:59,3 Rnd (5-5-5),Phil Baroni,Amar Suloev
0dd560fbcae2244f,Decision - Split,3,5:00,3 Rnd (5-5-5),Chad Laprise,Olivier Aubin-Mercier
e733f148060bef2a,Decision - Unanimous,5,5:00,5 Rnd (5-5-5-5-5),Alexander Volkanovski,Diego Lopes
38901948cff43ff9,Decision - Unanimous,3,5:00,3 Rnd (5-5-5),Cody Durden,Jake Hadley
f2ce79565c0820dd,Decision - Unanimous,3,5:00,3 Rnd (5-5-5),Nate Diaz,Anthony Pettis
c892b23ad8f2208b,KO/TKO,1,2:53,1 Rnd + OT (12-3),Wanderlei Silva,Tony Petarra
4341ebb5a56e6943,Submission,2,4:34,3 Rnd (5-5-5),Renato Moicano,Jai Herbert
89db7aca37b87711,Decision - Unanimous,3,5:00,3 Rnd (5-5-5),Ismael Bonfim,Vinc Pichel
fc9ec3a01d0129b6,Submission,3,1:11,3 Rnd (5-5-5),John Moraga,Chris Cariaso
cff81d681a01ae18,Decision - Unanimous,3,5:00,3 Rnd (5-5-5),Eryk Anders,Brad Tavares
20868a67bea63129,Submission,1,4:08,3 Rnd (5-5-5),Vicente Luque,Kelvin Gastelum
88256dd5a9aef1cc,KO/TKO,2,3:13,3 Rnd (5-5-5),Gregory Rodrigues,JunYong Park
114d2f6fcd3f6f00,Decision - Unanimous,3,5:00,3 Rnd (5-5-5),Kelvin Gastelum,Dustin Stoltzfus
977a758d869f9e7a,KO/TKO,3,4:50,5 Rnd (5-5-5-5-5),Max Holloway,Anthony Pettis
f706508c52f337a6,Decision - Split,3,5:00,3 Rnd (5-5-5),Ciryl Gane,Alexander Volkov
51ce499611a5df68,KO/TKO,1,1:57,3 Rnd (5-5-5),Johnny Walker,Khalil Rountree Jr.
79817ab0129c5598,KO/TKO,3,1:56,5 Rnd (5-5-5-5-5),Cristiane Justino,Tonya Evinger
c4f05ff2781530f4,Decision - Majority,3,5:00,3 Rnd (5-5-5),Jonathan Goulet,Luke Cummo
d3be5a4e0ec273e2,Decision - Unanimous,3,5:00,3 Rnd (5-5-5),Yair Rodriguez,Patricio Pitbull
d49bc8e4e5613614,Submission,1,4:35,3 Rnd (5-5-5),Jeff Monson,Branden Lee Hinkle
9984333d8933dd58,KO/TKO,1,4:27,3 Rnd (5-5-5),Carlos Condit,Dan Hardy
ebe122e962d26fa4,Submission,2,2:05,3 Rnd (5-5-5),Rodrigo Nascimento,Don'Tale Mayes
246f38c7855a6400,Decision - Split,3,5:00,3 Rnd (5-5-5),Gleison Tibau,Piotr Hallmann
7c76b3c48a5583df,KO/TKO,2,4:02,3 Rnd (5-5-5),Ricco Rodriguez,Pete Williams
5aa7ecc6507841bd,Decision - Unanimous,3,5:00,3 Rnd (5-5-5),Zak Cummings,Nicolas Dalby
23eec2d9cb2d78cd,KO/TKO,2,0:25,3 Rnd (5-5-5),Khalil Rountree Jr.,Karl Roberson
6f78fc53b8662627,Submission,2,4:36,3 Rnd (5-5-5),George Sotiropoulos,Jason Dent
1586c14f26880553,Submission,1,1:31,1 Rnd + OT (12-3),Tony Fryklund,Donnie Chappell
c4da9ec26a924a7d,Decision - Unanimous,3,5:00,3 Rnd (5-5-5),Magomed Bibulatov,Jenel Lausa
a6a1adfeab7f7bb7,Submission,1,1:53,3 Rnd (5-5-5),Glover Teixeira,Kyle Kingsbury
e8fd128286788a6d,Decision - Split,3,5:00,3 Rnd (5-5-5),Josh Parisian,Roque Martinez
8b983e834df0c6c4,Decision - Unanimous,3,5:00,3 Rnd (5-5-5),Rustam Khabilov,Jason Saggo
11aac355349ecc94,KO/TKO,1,4:22,3 Rnd (5-5-5),Jorge Masvidal,Cezar Ferreira
50dae6b76c9c6490,KO/TKO,1,0:44,3 Rnd (5-5-5),Muhammad Naimov,Erik Silva
0bf8bb9b4ef329f9,KO/TKO,2,0:17,3 Rnd (5-5-5),Paige VanZant,Bec Rawlings
ea303a8e6e31f264,Decision - Unanimous,3,5:00,3 Rnd (5-5-5),Amanda Ribas,Randa Markos
ea4ff1d77928b029,Submission,1,4:56,3 Rnd (5-5-5),Valter Walker,Junior Tafa
a95be3943ea0f691,KO/TKO,2,1:27,3 Rnd (5-5-5),Stephen Thompson,Chris Clements
1531cb3152157ada,Decision - Unanimous,3,5:00,3 Rnd (5-5-5),Renato Sobral,Elvis Sinosic
edc4e54d5258eea8,Submission,2,2:34,3 Rnd (5-5-5),Gleison Tibau,John Cholish
8cdcdfb76d1670dd,Submission,2,4:05,3 Rnd (5-5-5),Thiago Moises,Melquizael Costa
9252ad2304fd9a26,Decision - Unanimous,3,5:00,3 Rnd (5-5-5),Gregory Rodrigues,Dusko Todorovic
83526f699d25e4e4,KO/TKO,2,1:55,5 Rnd (5-5-5-5-5),Anderson Silva,Chael Sonnen
808245ba66df5f1c,Submission,2,2:28,3 Rnd (5-5-5),Pete Spratt,Robbie Lawler
8d975de5d033ccde,Decision - Split,3,5:00,3 Rnd (5-5-5),Lorenz Larkin,Jorge Masvidal
f83c6bdd553b5851,Decision - Split,3,5:00,3 Rnd (5-5-5),Yoel Romero,Jacare Souza
85ee3b5995874141,KO/TKO,1,0:29,3 Rnd (5-5-5),Matt Brown,Mike Pyle
7b4284bd3033a319,Decision - Split,3,5:00,3 Rnd (5-5-5),Danny Barlow,Nikolay Veretennikov
1bfb8faa1edd3867,Submission,1,2:12,3 Rnd (5-5-5),Rodrigo Damm,Anistavio Medeiros
17cda9957f96883f,KO/TKO,1,0:39,3 Rnd (5-5-5),Roy Nelson,Stefan Struve
d643fc29c147d33c,Decision - Unanimous,3,5:00,3 Rnd (5-5-5),Angela Hill,Emily Kagan
ca22bafab913aae7,Submission,1,3:59,3 Rnd (5-5-5),Andre Muniz,Jacare Souza
c7765a3255701267,KO/TKO,1,1:12,3 Rnd (5-5-5),Jordan Mein,Mike Pyle
356fdab9bc109093,Submission,1,2:20,3 Rnd (5-5-5),Dean Lister,Alessio Sakara
609d994bfe440ec3,Decision - Unanimous,3,5:00,3 Rnd (5-5-5),Irene Aldana,Karol Rosa
9039959b41901412,Decision - Unanimous,3,5:00,3 Rnd (5-5-5),Mason Jones,Jeremy Stephens
5b6796a9194d339b,Submission,1,0:48,3 Rnd (5-5-5),Zhang Tiequan,Jason Reinhardt
5dab54e34c2cfe01,Decision - Split,3,5:00,3 Rnd (5-5-5),Carlos Hernandez,Nyamjargal Tumendemberel
918103d82ecbed75,Decision - Unanimous,3,5:00,3 Rnd (5-5-5),Omar Morales,Gabriel Benitez
99fd8396cbe1df03,Submission,1,4:59,3 Rnd (5-5-5),Kyle Daukaus,Jamie Pickett
ec8ad2966a6816b3,Submission,2,1:32,3 Rnd (5-5-5),Junie Browning,David Kaplan
f506977877074aa6,Submission,2,2:29,3 Rnd (5-5-5),Tatiana Suarez,Loopy Godinez
e3a5a7ede88a2555,Decision - Unanimous,3,5:00,3 Rnd (5-5-5),Nora Cornolle,Joselyne Edwards
984ce1062186f3ce,Decision - Split,3,5:00,3 Rnd (5-5-5),Hamdy Abdelwahab,Jamal Pogues
766b4f5e77ab0860,Submission,1,3:57,3 Rnd (5-5-5),Paul Craig,Nikita Krylov
21b361d723fcf3cd,Decision - Split,3,5:00,3 Rnd (5-5-5),Zak Ottow,Joshua Burkman
09f5fb0bec3c948a,Decision - Unanimous,3,5:00,3 Rnd (5-5-5),Sean Strickland,Jack Marshman
cc6e74d0558b7340,Decision - Unanimous,3,5:00,3 Rnd (5-5-5),Mike Ricci,Colin Fletcher
35985895d4ef321e,Submission,1,3:25,3 Rnd (5-5-5),Abus Magomedov,Michal Oleksiejczuk
3c5442bb62ca1505,Decision - Unanimous,3,5:00,3 Rnd (5-5-5),Dominick Reyes,Ovince Saint Preux
246fef4b19c3a7ed,KO/TKO,2,4:03,3 Rnd (5-5-5),Carlos Prates,Trevin Giles
fbbf5391ea25521b,KO/TKO,3,2:27,3 Rnd (5-5-5),Shara Magomedov,Antonio Trocoli
8636b67096df4b27,KO/TKO,3,1:02,3 Rnd (5-5-5),Khaos Williams,Miguel Baeza
86a2f07e0bf20297,Decision - Unanimous,3,5:00,3 Rnd (5-5-5),Nikolas Motta,Maheshate
c13dc0cccef263f7,KO/TKO,2,0:15,5 Rnd (5-5-5-5-5),Rafael Fiziev,Manuel Torres
696ff200d98fa878,Submission,2,2:09,3 Rnd (5-5-5),Jason Witt,Cole Williams
9f4d6d192ab4a027,Decision - Unanimous,3,5:00,3 Rnd (5-5-5),Brad Riddell,Alex Da Silva
20a6710c50698166,KO/TKO,1,0:18,3 Rnd (5-5-5),Phil Baroni,Dave Menne
d940ffe543c4e38b,Decision - Unanimous,3,5:00,3 Rnd (5-5-5),Nate Diaz,Donald Cerrone
39c4f4a1aff68189,KO/TKO,2,3:28,3 Rnd (5-5-5),Keith Jardine,Kerry Schall
fa6775e369b9eec9,Submission,3,1:39,3 Rnd (5-5-5),Bryan Caraway,Mitch Gagnon
0462bcc27498f7c4,TKO - Doctor's Stoppage,3,5:00,5 Rnd (5-5-5-5-5),Brandon Moreno,Deiveson Figueiredo
e7859b4e70d4a9c1,KO/TKO,3,2:54,3 Rnd (5-5-5),Paige VanZant,Kailin Curran
4f1a8eade87e928e,Decision - Unanimous,3,5:00,3 Rnd (5-5-5),Josh Koscheck,Dave Menne
838fd9d2b14e0790,KO/TKO,4,5:00,5 Rnd (5-5-5-5-5),Jairzinho Rozenstruik,Shamil Gaziev
aaec28fa3c0c576d,Submission,1,3:43,3 Rnd (5-5-5),Christian Rodriguez,Hyder Amil
85854504ce1aa97a,KO/TKO,2,2:15,3 Rnd (5-5-5),Junior Tafa,Sean Sharaf
0c96a5a8ab740ca8,Submission,1,2:37,3 Rnd (5-5-5),Anthony Torres,Pat Healy
668d077ac9d7d3c9,KO/TKO,2,4:59,3 Rnd (5-5-5),Ji Yeon Kim,Nadia Kassem
a3480aa7bdc63c11,Decision - Split,3,5:00,3 Rnd (5-5-5),Claudio Silva,Leon Edwards
5c7c38dece435cde,KO/TKO,1,3:29,3 Rnd (5-5-5),Quillan Salkilld,Beneil Dariush
23fd9d50a99665fe,Decision - Unanimous,3,5:00,3 Rnd (5-5-5),Bryan Caraway,Eddie Wineland
c1c9dfd0c0952f18,Decision - Unanimous,3,5:00,3 Rnd (5-5-5),Jake Matthews,Carlston Harris
8156479490877d08,Decision - Unanimous,3,5:00,3 Rnd (5-5-5),Anthony Rocco Martin,Alex White
990bf4ef60890853,KO/TKO,1,2:26,3 Rnd (5-5-5),Brian Stann,Alessio Sakara
bbe3d8a37a276511,Decision - Unanimous,3,5:00,3 Rnd (5-5-5),Vinicius Oliveira,Ricky Simon
ee9ade72b44dfa06,Decision - Unanimous,5,5:00,5 Rnd (5-5-5-5-5),Sean Brady,Gilbert Burns
d1ce7361cb4e442b,Submission,1,1:36,3 Rnd (5-5-5),George Sotiropoulos,Billy Miles
3f38100fd8dae286,Decision - Unanimous,3,5:00,3 Rnd (5-5-5),Chris Curtis,Rodolfo Vieira
e8f6232d12d52b58,Submission,1,2:35,3 Rnd (5-5-5),Chas Skelly,Tom Niinimaki
045c298c72fe196a,Submission,2,2:57,3 Rnd (5-5-5),Michael Chiesa,Jim Miller
56403d0fd259c5d9,Decision - Unanimous,3,5:00,3 Rnd (5-5-5),Tatiana Suarez,Nina Nunes
dd5f7a14f5782f79,Decision - Unanimous,3,5:00,3 Rnd (5-5-5),Rousimar Palhares,Jeremy Horn
f00ac5af033f44b4,KO/TKO,1,4:44,3 Rnd (5-5-5),Paul Felder,Alex Ricci
6fd67582d8adb1c7,KO/TKO,2,3:15,3 Rnd (5-5-5),Jessica Andrade,Mackenzie Dern
231968c02cdfe65e,KO/TKO,1,2:07,3 Rnd (5-5-5),Mauricio Ruffy,King Green
3ce7f58911773a56,Decision - Split,3,5:00,3 Rnd (5-5-5),Damir Hadzovic,Nick Hein
23ba0218f9f65e33,KO/TKO,1,3:30,3 Rnd (5-5-5),Myles Jury,Mike de la Torre
4fa26e1e88583ab5,Decision - Unanimous,3,5:00,3 Rnd (5-5-5),Enrique Barzola,Chris Avila
43b416cf0c75dbd7,KO/TKO,2,2:15,3 Rnd (5-5-5),Yair Rodriguez,Andre Fili
b2d731415bd367df,KO/TKO,1,2:24,3 Rnd (5-5-5),Dominick Reyes,Nikita Krylov
50eb4822a74a417e,Decision - Unanimous,3,5:00,3 Rnd (5-5-5),Brendan Schaub,Lavar Johnson
6532b71560ae39e0,KO/TKO,2,1:03,3 Rnd (5-5-5),Vitor Petrino,Modestas Bukauskas
b0e16dd491bc4fea,KO/TKO,1,1:01,3 Rnd (5-5-5),Megan Anderson,Cat Zingano
7afe2a15ae7359e9,KO/TKO,1,1:26,3 Rnd (5-5-5),Charles Oliveira,Jared Gordon
17c53d93d549cb03,KO/TKO,2,4:12,3 Rnd (5-5-5),Muslim Salikhov,Ricky Rainey
9e5bbbacf1d92cb4,KO/TKO,2,1:58,3 Rnd (5-5-5),Chris Curtis,Brendan Allen
f8f73efa2d4cc566,Submission,2,3:50,3 Rnd (5-5-5),Kevin Burns,Roan Carneiro
238c274c90587e21,Submission,2,4:23,3 Rnd (5-5-5),Daniel Marcos,Miles Johns
2bcb1b0b05e2c739,KO/TKO,1,3:50,3 Rnd (5-5-5),King Green,James Krause
e6a0f19af995c432,Submission,2,1:22,3 Rnd (5-5-5),Randy Brown,Warlley Alves
297a3fe0edd6f1c5,Decision - Unanimous,3,5:00,3 Rnd (5-5-5),Gleison Tibau,Francisco Trinaldo
43c391b251337c9b,KO/TKO,2,2:11,3 Rnd (5-5-5),Adrian Yanez,Randy Costa
3ff7d02ef633ee22,Decision - Unanimous,5,5:00,5 Rnd (5-5-5-5-5),Tarec Saffiedine,Hyun Gyu Lim
0716a38768a34789,Decision - Split,3,5:00,3 Rnd (5-5-5),Ilir Latifi,Tanner Boser
df7928de73fc2fe8,KO/TKO,1,4:27,3 Rnd (5-5-5),Kennedy Nzechukwu,Chris Barnett
55833bf5054126e2,Decision - Unanimous,3,5:00,3 Rnd (5-5-5),Jon Fitch,Paulo Thiago
7e8f4240725316a4,Submission,2,4:19,3 Rnd (5-5-5),Tony Ferguson,Abel Trujillo
fcf385ae75191b57,Decision - Unanimous,3,5:00,3 Rnd (5-5-5),Josiane Nunes,Zarah Fairn
a00b4e82f9d4f92c,KO/TKO,1,1:20,3 Rnd (5-5-5),Alexander Hernandez,Mike Breeden
00dcad4611fc63fe,Decision - Unanimous,3,5:00,3 Rnd (5-5-5),Chris Camozzi,Tom Watson
a90cabf2913fc6ef,Submission,2,1:42,3 Rnd (5-5-5),Francis Carmont,Magnus Cedenblad
de93fda66d203c26,Decision - Unanimous,3,5:00,3 Rnd (5-5-5),Ilir Latifi,Aleksei Oleinik
5d6fb4acfe5cc8a1,KO/TKO,3,2:38,3 Rnd (5-5-5),Davey Grant,Martin Day
c3b1653fb5e101e0,KO/TKO,3,3:18,3 Rnd (5-5-5),Daniel Omielanczuk,Nandor Guelmino
3fe41b95899316d5,KO/TKO,2,2:37,3 Rnd (5-5-5),Jason Lambert,Terry Martin
ec618a1214d4b171,Decision - Unanimous,3,5:00,3 Rnd (5-5-5),Matt Hamill,Tito Ortiz
745bdd823161da89,Decision - Unanimous,3,5:00,3 Rnd (5-5-5),Livinha Souza,Ashley Yoder
1748b2b5aabe23a5,KO/TKO,2,1:53,3 Rnd (5-5-5),Diego Ferreira,Ramsey Nijem
2ff14dfede1d02dd,KO/TKO,1,3:21,3 Rnd (5-5-5),Aleksei Oleinik,Jared Rosholt
42afd8c4fc85f485,Decision - Split,3,5:00,3 Rnd (5-5-5),Lucas Martins,Robert Whiteford
db5802643b9fd7d4,Decision - Unanimous,3,5:00,3 Rnd (5-5-5),Edson Barboza,Makwan Amirkhani
3ded9bfdfb75f39b,Submission,1,4:30,3 Rnd (5-5-5),Melquizael Costa,Andre Fili
be6024894ebcb360,KO/TKO,1,4:56,3 Rnd (5-5-5),Mike Pyle,Josh Neer
0212461ac95ae690,Decision - Unanimous,3,5:00,3 Rnd (5-5-5),Charlie Brenneman,Rick Story
0c36a08b1bf60f45,Decision - Unanimous,3,5:00,3 Rnd (5-5-5),Colby Covington,Mike Pyle
9bbdc2a2ab334541,Submission,1,0:50,3 Rnd (5-5-5),Kyle Daukaus,Gerald Meerschaert
f3169b755afcdc5b,KO/TKO,1,1:44,3 Rnd (5-5-5),Niko Price,James Vick
147e0b1c64cb7ef0,Decision - Unanimous,3,5:00,3 Rnd (5-5-5),Marcus Brimage,Jimy Hettes
20c0f50c11509301,Decision - Unanimous,3,5:00,3 Rnd (5-5-5),Iasmin Lucindo,Brogan Walker
f536ba47f006474a,Decision - Unanimous,5,5:00,5 Rnd (5-5-5-5-5),Jared Cannonier,Kelvin Gastelum
d03d0abf331df751,Decision - Unanimous,5,5:00,5 Rnd (5-5-5-5-5),Colby Covington,Jorge Masvidal
51010081d59b4687,Decision - Split,3,5:00,3 Rnd (5-5-5),Erik Perez,Felipe Arantes
17aa636aa98678d3,Decision - Unanimous,5,5:00,5 Rnd (5-5-5-5-5),Lerone Murphy,Edson Barboza
ebb94e00d6431e7a,Decision - Unanimous,3,5:00,3 Rnd (5-5-5),Jeremy Kennedy,Rony Jason
470391c4067bf49b,Decision - Unanimous,3,5:00,3 Rnd (5-5-5),Kanako Murata,Randa Markos
6f2a4a2f769eb9e3,Decision - Unanimous,3,5:00,3 Rnd (5-5-5),Michel Prazeres,Gilbert Burns
92f27d13fc502d33,KO/TKO,3,2:58,3 Rnd (5-5-5),Dustin Ortiz,Willie Gates
966bf043577f8b6a,KO/TKO,1,1:07,3 Rnd (5-5-5),Drew Dober,Marco Polo Reyes
ab475a3a4487d6d3,Decision - Unanimous,3,5:00,3 Rnd (5-5-5),Randa Markos,Aisling Daly
0096879f5708526b,KO/TKO,3,1:09,5 Rnd (5-5-5-5-5),Holly Holm,Bethe Correia
afb0d61f22e85d90,Decision - Unanimous,3,5:00,3 Rnd (5-5-5),Aleksandar Rakic,Justin Ledet
da876a1ab4b8eb48,Submission,2,3:09,3 Rnd (5-5-5),Anthony Perosh,Cyrille Diabate
42a361f33cbb8d6f,Decision - Unanimous,3,5:00,3 Rnd (5-5-5),Ricardo Almeida,TJ Grant
040f9c9b470f3e6b,Decision - Split,3,5:00,3 Rnd (5-5-5),Hatsu Hioki,George Roop
8afb878a0900372e,Decision - Unanimous,3,5:00,3 Rnd (5-5-5),Charlie Brenneman,Jason High
fd984e8a9e25c927,Decision - Unanimous,3,5:00,3 Rnd (5-5-5),Holly Holm,Marion Reneau
a9a770bac1261af9,Submission,1,2:40,3 Rnd (5-5-5),Misha Cirkunov,Patrick Cummins
67f24cf244134661,Decision - Unanimous,3,5:00,3 Rnd (5-5-5),Eric McConico,Rodolfo Vieira
438f5404c43303b8,Submission,2,1:05,3 Rnd (5-5-5),Tom Lawlor,Michael Kuiper
2d3cbfb47faf717d,Decision - Unanimous,3,5:00,3 Rnd (5-5-5),Rick Story,Brock Jardine
b4e16fb13153efdc,Decision - Unanimous,3,5:00,3 Rnd (5-5-5),Kevin Holland,Randy Brown
3162ae3ccbf785ac,Decision - Majority,3,5:00,3 Rnd (5-5-5),Stevie Ray,Michael Johnson
394ae51820bedd4c,Decision - Split,3,5:00,3 Rnd (5-5-5),Ben Rothwell,Ovince Saint Preux
f5445d367e7dbb2b,Decision - Unanimous,3,5:00,3 Rnd (5-5-5),Yoel Romero,Brad Tavares
f44aa569b4eec404,KO/TKO,1,2:22,1 Rnd + OT (12-3),Mark Kerr,Moti Horenstein
ccfe7b0d29c5440c,KO/TKO,2,1:15,3 Rnd (5-5-5),Alexander Volkov,Walt Harris
22f1133d02700bb2,Decision - Unanimous,3,5:00,3 Rnd (5-5-5),Tatsuro Taira,Carlos Candelario
68c423c7119004f3,Submission,2,3:04,3 Rnd + OT (5-5-5-5),Joseph Morales,Alibi Idiris
ce6bd165bef82bd7,Decision - Unanimous,3,5:00,3 Rnd (5-5-5),Sumudaerji,Kevin Borjas
54d14f98d4a83def,Submission,1,2:24,3 Rnd (5-5-5),Yoshiyuki Yoshida,Brandon Wolff
2c0a58ef0324e18b,Decision - Unanimous,3,5:00,3 Rnd (5-5-5),Jonathan Meunier,Richard Walsh
1a699da1b1b5ef85,KO/TKO,1,3:36,3 Rnd (5-5-5),Cain Velasquez,Antonio Silva
ca2672e68fedf4b7,Decision - Unanimous,3,5:00,3 Rnd (5-5-5),Modestas Bukauskas,Tyson Pedro
099a2db0470d456b,Submission,1,3:23,3 Rnd (5-5-5),Dustin Poirier,Max Holloway
1de579eecc094c8b,Decision - Majority,3,5:00,3 Rnd (5-5-5),TIE,TIE
362f78f23304c6f4,KO/TKO,2,3:28,3 Rnd (5-5-5),Kenny Florian,Joe Lauzon
019b4d006800504b,Submission,1,4:51,3 Rnd (5-5-5),Gunnar Nelson,Bryan Barberena
f716e27b04a6fbb5,Submission,1,0:20,1 Rnd + OT (12-3),Don Frye,Mark Hall
a5ea53104392fa9f,KO/TKO,2,4:14,3 Rnd (5-5-5),Alexander Volkanovski,Chad Mendes
097bc98e15722998,Decision - Unanimous,3,5:00,3 Rnd (5-5-5),Alexander Volkanovski,Shane Young
9f60dd19c5705d45,KO/TKO,1,3:25,5 Rnd (5-5-5-5-5),Matt Serra,Georges St-Pierre
fbbb9e72900b71f5,KO/TKO,2,2:24,3 Rnd (5-5-5),Tatsuro Taira,Brandon Moreno
b482d4452e4d0eee,Decision - Unanimous,3,5:00,3 Rnd (5-5-5),Luis Gurule,Daniel Barez
fe370c518cf7873e,Decision - Split,3,5:00,3 Rnd (5-5-5),Karol Rosa,Yana Santos
bd057764cb51f065,Submission,1,1:03,3 Rnd (5-5-5),Sean McCorkle,Mark Hunt
815ff62ca8e217be,Decision - Unanimous,3,5:00,3 Rnd (5-5-5),Tracy Cortez,Viviane Araujo
a3cde349c8e018fb,KO/TKO,2,1:28,3 Rnd (5-5-5),Ariane Carnelossi,Liang Na
fb9095887dca34c7,KO/TKO,2,4:21,3 Rnd (5-5-5),Phil Rowe,Orion Cosce
19764211af05674c,Decision - Unanimous,3,5:00,3 Rnd (5-5-5),Muhammad Naimov,Bogdan Grad
b40bed83fc062380,KO/TKO,3,0:58,3 Rnd (5-5-5),Ryan Janes,Andrew Sanchez
82f00e723ed5f6ea,KO/TKO,2,1:51,3 Rnd (5-5-5),Chris Beal,Patrick Williams
1f5c71dd2a0672ac,KO/TKO,1,4:38,3 Rnd (5-5-5),Tyron Woodley,Josh Koscheck
ecdbb3a5216b815e,KO/TKO,3,1:16,3 Rnd (5-5-5),Drew Dober,Kyle Prepolec
9ea124a13d071186,Decision - Unanimous,3,5:00,3 Rnd (5-5-5),Kayla Harrison,Ketlen Vieira
ee9173615ef4cfae,Submission,1,0:45,3 Rnd (5-5-5),Mickey Gall,Mike Jackson
d595d2c36ddba8ee,Submission,1,1:22,1 Rnd + 2OT (15-3-3),Don Frye,David Abbott
57b111b54a2d2323,Decision - Unanimous,3,5:00,3 Rnd (5-5-5),Andre Muniz,Antonio Arroyo
cf020c71f1dbfa0b,KO/TKO,1,2:01,3 Rnd (5-5-5),Batgerel Danaa,Brandon Davis
c81d1facf185467d,Decision - Unanimous,3,5:00,3 Rnd (5-5-5),Bruna Brasil,Shauna Bannon
0e94e0a8c2130cea,KO/TKO,2,1:28,5 Rnd (5-5-5-5-5),Chuck Liddell,Randy Couture
17d31249c9ab18af,Decision - Unanimous,3,5:00,3 Rnd (5-5-5),Kevin Borjas,Andre Lima
2d14f73c374f2875,KO/TKO,1,3:47,3 Rnd (5-5-5),Constantinos Philippou,Lorenz Larkin
adc0b9c6afe76c23,Decision - Unanimous,3,5:00,3 Rnd (5-5-5),Matt Lindland,Joe Doerksen
d2caa1ddb9de7481,Decision - Unanimous,3,5:00,3 Rnd (5-5-5),Zach Reese,Jose Daniel Medina
434411f139e51760,Decision - Unanimous,3,5:00,3 Rnd (5-5-5),Ross Pearson,Junior Assuncao
d8fe965281e2e312,Submission,5,2:25,5 Rnd (5-5-5-5-5),Rose Namajunas,Paige VanZant
856fab879c68ded7,KO/TKO,1,0:22,3 Rnd (5-5-5),Jordan Leavitt,Matt Wiman
c43e99000f3c77b5,Decision - Unanimous,3,5:00,3 Rnd (5-5-5),Joseph Benavidez,Ali Bagautinov
011d818ec9bb3de6,Decision - Unanimous,3,5:00,3 Rnd (5-5-5),Quinton Jackson,Keith Jardine
ac2887a0855a3266,Decision - Unanimous,3,5:00,3 Rnd (5-5-5),Cathal Pendred,Augusto Montano
fd776d7b554a85d0,Decision - Split,3,5:00,3 Rnd (5-5-5),Eddie Alvarez,Gilbert Melendez
b3847772199e2639,KO/TKO,1,0:48,3 Rnd (5-5-5),Jamahal Hill,Jimmy Crute
b959e2c1d16ff832,Decision - Unanimous,3,5:00,5 Rnd (5-5-5-5-5),Song Yadong,Henry Cejudo
ed499508be1e5532,KO/TKO,1,0:27,3 Rnd (5-5-5),Khaos Williams,Alex Morono
775c1f401815bbd8,KO/TKO,1,2:12,3 Rnd (5-5-5),Alessio Di Chirico,Joaquin Buckley
1b0fa021b1158121,Decision - Unanimous,3,5:00,3 Rnd (5-5-5),Enrique Barzola,Matt Bessette
655a110a0bd2ea42,KO/TKO,1,3:28,3 Rnd (5-5-5),Melvin Guillard,Waylon Lowe
171eb38b335030d3,Decision - Unanimous,3,5:00,3 Rnd (5-5-5),Demian Maia,Jon Fitch
64fa0e558f5d1b24,KO/TKO,1,1:11,3 Rnd (5-5-5),Antonio Carvalho,Daniel Pineda
84f236d6c57d7cfb,Decision - Split,3,5:00,3 Rnd (5-5-5),Jordan Johnson,Adam Milstead
5dc4552c9288441a,Submission,2,3:49,3 Rnd (5-5-5),Vagner Rocha,Cody McKenzie
95ca100d6bf829b2,Decision - Split,3,5:00,3 Rnd (5-5-5),Sam Stout,Paul Taylor
646c79a7ecd12e5f,Decision - Unanimous,3,5:00,3 Rnd (5-5-5),Iasmin Lucindo,Angela Hill
e7a7ab126225540c,KO/TKO,1,4:51,3 Rnd (5-5-5),Gabriel Gonzaga,Mirko Filipovic
8d5ea3bf3be7cb91,KO/TKO,1,4:59,3 Rnd (5-5-5),Brandon Moreno,Brandon Royval
3cf5e0ebb5f8322c,KO/TKO,2,2:13,3 Rnd (5-5-5),Cesar Almeida,Dylan Budka
29c7cb102ddd7ec4,KO/TKO,3,4:10,3 Rnd (5-5-5),Brian Ortega,Thiago Tavares
4553c3ab494c2d05,TKO - Doctor's Stoppage,1,3:23,3 Rnd (5-5-5),Jeremy Stephens,Justin Buchholz
190c61d5a67018b5,Decision - Unanimous,3,5:00,3 Rnd (5-5-5),Gray Maynard,Frankie Edgar
29a1ed2c88c34fe0,Decision - Unanimous,3,5:00,3 Rnd (5-5-5),Jeff Hougland,Donny Walker
6173056f0e080ca6,Decision - Unanimous,3,5:00,3 Rnd (5-5-5),Kevin Aguilar,Enrique Barzola
c49485cedb878cf0,Decision - Split,3,5:00,3 Rnd (5-5-5),Nicolas Dalby,Saygid Izagakhmaev
21392a61a2cf24a3,KO/TKO,1,3:40,3 Rnd (5-5-5),Brad Pickett,Yves Jabouin
20d74ed23d3e9b3a,Submission,1,4:13,3 Rnd (5-5-5),Edgar Chairez,Bruno Silva
37fda56a435a9b24,Submission,1,2:52,3 Rnd (5-5-5),Carlston Harris,Christian Aguilera
6ea23c2c30f85a89,Decision - Unanimous,3,5:00,3 Rnd (5-5-5),SeungWoo Choi,Suman Mokhtarian
dee976dde74e7e05,Decision - Unanimous,3,5:00,3 Rnd (5-5-5),Demian Maia,Kendall Grove
bde5589889ded1c9,KO/TKO,1,1:28,1 Rnd + OT (12-3),Gary Goodridge,John Campetella
10fd87a88178aedd,Submission,1,3:15,3 Rnd (5-5-5),Matt Hughes,Ricardo Almeida
77f123712368bcbc,Decision - Split,3,5:00,3 Rnd (5-5-5),Joanne Wood,Andrea Lee
29398b15b94c3847,Decision - Unanimous,3,5:00,3 Rnd (5-5-5),Johny Hendricks,Carlos Condit
aa38e39397dbea72,KO/TKO,3,4:59,3 Rnd (5-5-5),Roman Kopylov,Chris Curtis
94f880f25dd011cd,KO/TKO,2,1:57,3 Rnd (5-5-5),Matt Wiman,Thiago Tavares
c300085cc08357b5,Decision - Unanimous,3,5:00,3 Rnd (5-5-5),Angela Hill,Jodie Esquibel
1a81573425c585fb,Submission,1,2:57,3 Rnd (5-5-5),Aleksei Oleinik,Viktor Pesta
5ffccdf4af20dc0d,Decision - Unanimous,3,5:00,3 Rnd (5-5-5),Zach Makovsky,Scott Jorgensen
0730c4e6fb247fa1,Submission,2,2:10,3 Rnd (5-5-5),Brendan Allen,Sam Alvey
8a0fc4624578a7e4,Decision - Unanimous,3,5:00,3 Rnd (5-5-5),Joshua Van,Kevin Borjas
38ea5a7a5b4932cb,Submission,2,4:30,3 Rnd (5-5-5),Rafael Dos Anjos,Terry Etim
a70c43cafabc73c3,Submission,1,2:58,3 Rnd (5-5-5),Rodolfo Vieira,Saparbeg Safarov
7c620723b6840231,Submission,3,2:15,3 Rnd (5-5-5),Mike Pyle,Chris Wilson
5fe5c8cb69d8825e,Decision - Unanimous,3,5:00,3 Rnd (5-5-5),Yves Jabouin,Mike Easton
28b405fe1552ccad,Decision - Unanimous,3,5:00,3 Rnd (5-5-5),Phil Davis,Rogerio Nogueira
95c229097cd2d7c3,KO/TKO,1,0:54,3 Rnd (5-5-5),Junior Dos Santos,Stefan Struve
f10d3d4ffd5a4922,Decision - Split,3,5:00,3 Rnd (5-5-5),Ronny Markes,Aaron Simpson
ecc23234e820458d,Decision - Unanimous,3,5:00,3 Rnd (5-5-5),Kai Kara-France,Tyson Nam
11b8d7e801713abc,Decision - Unanimous,3,5:00,3 Rnd (5-5-5),Santiago Ponzinibbio,Mike Perry
5182daf3d8726f6d,Decision - Unanimous,3,5:00,3 Rnd (5-5-5),Luigi Fioravanti,Luke Cummo
e28e829800466aca,Decision - Unanimous,3,5:00,3 Rnd (5-5-5),Joe Pyfer,Kelvin Gastelum
02822c35ffef5a50,Decision - Unanimous,5,5:00,5 Rnd (5-5-5-5-5),Demetrious Johnson,Tim Elliott
68095e551ff6bbfd,KO/TKO,1,2:36,3 Rnd (5-5-5),Drew Dober,Ricky Glenn
1e797ccd275a98d0,Decision - Unanimous,3,5:00,3 Rnd (5-5-5),Yoshihiro Akiyama,Amir Sadollah
75577b11361cb645,KO/TKO,2,3:07,5 Rnd (5-5-5-5-5),Brock Lesnar,Randy Couture
6a9ea8e420a52a21,Decision - Unanimous,3,5:00,3 Rnd (5-5-5),Francimar Barroso,Ryan Jimmo
fc73ecbd83b7f159,Submission,3,4:33,3 Rnd (5-5-5),Joselyne Edwards,Tamires Vidal
727c8004faed648d,KO/TKO,1,4:11,3 Rnd (5-5-5),Travis Browne,Stefan Struve
0cd79ea89d5931d0,Submission,2,1:41,3 Rnd (5-5-5),Michael Chiesa,Colton Smith
3f3b8dcd16dd7383,Decision - Unanimous,3,5:00,3 Rnd (5-5-5),Diego Sanchez,Jim Miller
2bfc0212f2cae65b,Decision - Unanimous,3,5:00,3 Rnd (5-5-5),Klaudia Sygula,Irina Alekseeva
6c60e58f8e9e7a4c,Decision - Unanimous,3,5:00,3 Rnd (5-5-5),Caio Borralho,Armen Petrosyan
6f21a27075f0695c,Submission,1,4:59,5 Rnd (5-5-5-5-5),Matt Hughes,Georges St-Pierre
6a902b97ac98c283,Decision - Unanimous,3,5:00,3 Rnd (5-5-5),Francisco Trinaldo,Danny Roberts
e6663b2c16df6191,KO/TKO,1,2:08,5 Rnd (5-5-5-5-5),Demetrious Johnson,Joseph Benavidez
0f9679fda36f7f41,Submission,1,4:24,3 Rnd (5-5-5),Randa Markos,Angela Hill
9dd9affa41eead4c,Decision - Unanimous,3,5:00,3 Rnd (5-5-5),Elizeu Zaleski dos Santos,Max Griffin
b40e4deb48658851,Decision - Unanimous,3,5:00,3 Rnd (5-5-5),Davey Grant,Ramon Taveras
32cc31b76b32ade1,KO/TKO,1,0:31,3 Rnd (5-5-5),Punahele Soriano,Uros Medic
ddf2eff896475431,Decision - Unanimous,3,5:00,3 Rnd (5-5-5),Norman Parke,Colin Fletcher
1238f31a41b78528,KO/TKO,2,4:03,3 Rnd (5-5-5),Joe Stevenson,Spencer Fisher
cd258394e8d58d04,KO/TKO,1,2:02,3 Rnd (5-5-5),Sean O'Malley,Jose Quinonez
0bf249717dacc5c3,KO/TKO,2,0:10,3 Rnd (5-5-5),Terry Etim,Brian Cobb
1ed550f094ca7745,KO/TKO,2,3:33,3 Rnd (5-5-5),Nicolae Negumereanu,Ihor Potieria
d0e5487f55c57ad2,KO/TKO,2,1:50,3 Rnd (5-5-5),Alex Oliveira,Ryan LaFlare
01e5e4099f03f20e,Decision - Unanimous,3,5:00,3 Rnd (5-5-5),Constantinos Philippou,Court McGee
6e1bf1b163b3aeab,Submission,1,3:12,3 Rnd (5-5-5),Charles Jourdain,Ricardo Ramos
8b4eeaa048361ba3,KO/TKO,1,0:21,3 Rnd (5-5-5),Gregor Gillespie,Andrew Holbrook
14df6d96c5f2d1df,Submission,2,4:53,3 Rnd (5-5-5),Rich Clementi,Ross Pointon
e8d59c27b467d716,Decision - Unanimous,3,5:00,3 Rnd (5-5-5),Jessica Andrade,Claudia Gadelha
622cc4ef46913020,Decision - Split,3,5:00,3 Rnd (5-5-5),Raquel Pennington,Ketlen Vieira
1b0887e7533b9b49,Decision - Unanimous,3,5:00,3 Rnd (5-5-5),Chris Cope,Chuck O'Neil
c4e866d9dd606faa,KO/TKO,2,0:17,5 Rnd (5-5-5-5-5),Curtis Blaydes,Chris Daukaus
11318a7807cee8ca,Decision - Unanimous,3,5:00,3 Rnd (5-5-5),Josefine Knutsson,Marnic Mann
b3a0fc0a945a31f7,Decision - Unanimous,3,5:00,3 Rnd (5-5-5),Dustin Poirier,Jason Young
df28f8cb5a12ec8e,KO/TKO,2,3:47,3 Rnd (5-5-5),Mike Swick,Ben Saunders
78dc032441394331,Decision - Unanimous,3,5:00,3 Rnd (5-5-5),Andreas Michailidis,KB Bhullar
d806aacf5b6ba7f6,KO/TKO,3,2:59,3 Rnd (5-5-5),Fares Ziam,Matt Frevola
37e2f89510cc0bba,KO/TKO,2,4:07,3 Rnd (5-5-5),Mario Miranda,David Loiseau
fa3294fe655440dd,Decision - Split,3,5:00,3 Rnd (5-5-5),Edson Barboza,Ross Pearson
4ae231bd909ceddc,Decision - Unanimous,3,5:00,3 Rnd (5-5-5),Chris Lytle,Kevin Burns
12683e06369d1a83,KO/TKO,2,1:50,3 Rnd (5-5-5),Diego Ferreira,Michael Johnson
7f9a331bc3100afd,KO/TKO,1,2:09,3 Rnd (5-5-5),Josh Quinlan,Jason Witt
f087a10a6f2bcc99,Decision - Unanimous,3,5:00,3 Rnd (5-5-5),Josiane Nunes,Ramona Pascual
0e272af30a23e09b,Submission,1,1:11,3 Rnd (5-5-5),Erick Silva,Jason High
7468f870b08aaccc,Submission,1,0:46,3 Rnd (5-5-5),Frank Mir,Pete Williams
4f9939af9a1d40a3,Submission,4,2:38,5 Rnd (5-5-5-5-5),Anthony Smith,Alexander Gustafsson
2664805fde34fb1b,KO/TKO,1,1:07,3 Rnd (5-5-5),Shayilan Nuerdanbieke,Darrick Minner
678d27af287476f8,KO/TKO,1,2:57,3 Rnd (5-5-5),Rob Font,Adrian Yanez
845907142e023077,TKO - Doctor's Stoppage,3,2:25,3 Rnd (5-5-5),Francisco Trinaldo,Paul Felder
354dc211166a3982,Decision - Unanimous,3,5:00,3 Rnd (5-5-5),Cody Stamann,Luan Lacerda
951d11f8684ed734,Decision - Unanimous,3,5:00,3 Rnd (5-5-5),Dennis Hallman,Ben Saunders
8d6392d59e1ca099,Decision - Unanimous,3,5:00,3 Rnd (5-5-5),Brad Tavares,Lorenz Larkin
c26a3f4c08333886,Submission,1,0:44,3 Rnd (5-5-5),Renato Moicano,Damir Hadzovic
d18b33bdd37f4683,KO/TKO,2,1:17,3 Rnd (5-5-5),Alberto Mina,Mike Pyle
e72c691b7c68b03a,Decision - Unanimous,3,5:00,3 Rnd (5-5-5),Bryce Mitchell,Said Nurmagomedov
52f0398eb74c139d,Submission,1,2:08,3 Rnd (5-5-5),John Lineker,Francisco Rivera
3f14c96ea899321d,Decision - Unanimous,3,5:00,3 Rnd (5-5-5),Rory MacDonald,Jake Ellenberger
efe055854f19a1d7,Decision - Unanimous,3,5:00,3 Rnd (5-5-5),Sean O'Malley,Andre Soukhamthath
66ad9f88f063d2ef,Decision - Unanimous,3,5:00,3 Rnd (5-5-5),Ricardo Ramos,Michinori Tanaka
5be97c1fa222093d,Submission,3,3:45,5 Rnd (5-5-5-5-5),Chris Weidman,Kelvin Gastelum
ac56a1052c4c8f63,Decision - Unanimous,3,5:00,3 Rnd (5-5-5),Guilherme Pat,Allen Frye Jr.
37d58369782cb86b,Decision - Unanimous,3,5:00,3 Rnd (5-5-5),Steve Erceg,Ode Osbourne
9ce56acac775d386,Submission,3,3:44,3 Rnd (5-5-5),Maurice Greene,Gian Villante
09e7db36cd72bf61,Decision - Unanimous,3,5:00,3 Rnd (5-5-5),Cain Velasquez,Cheick Kongo
df146b0592259e5d,Decision - Unanimous,3,5:00,3 Rnd (5-5-5),Aoriqileng,Johnny Munoz
cb010b41cd20a1ed,KO/TKO,3,0:39,5 Rnd (5-5-5-5-5),Thiago Santos,Jan Blachowicz
38591fb67eb2a6c3,KO/TKO,1,0:47,3 Rnd (5-5-5),James Te Huna,Ricardo Romero
a1950f4bd19ed06f,Submission,1,4:10,3 Rnd (5-5-5),Nate Diaz,Junior Assuncao
0aa335dbc4cb3473,KO/TKO,3,3:52,3 Rnd (5-5-5),Sean O'Malley,Thomas Almeida
60d9d50b763adc62,Decision - Unanimous,3,5:00,3 Rnd (5-5-5),Tracy Cortez,Melissa Gatto
37c484012ef24a5b,Decision - Unanimous,5,5:00,5 Rnd (5-5-5-5-5),Thiago Santos,Johnny Walker
2822226962195259,Submission,1,1:28,3 Rnd (5-5-5),Mike Massenzio,Drew McFedries
eaa0355223b770dc,Decision - Unanimous,3,5:00,3 Rnd (5-5-5),Diego Brandao,Joey Gambino
44c9ca6a502db390,Submission,2,3:44,3 Rnd (5-5-5),Steve Bruno,Johnny Rees
79e293137ef6421d,Decision - Unanimous,3,5:00,3 Rnd (5-5-5),Sergio Moraes,Mickael Lebout
a84d032d7d217427,KO/TKO,3,2:01,3 Rnd (5-5-5),Tae Hyun Bang,Kajan Johnson
2692ac9853970e08,KO/TKO,1,4:29,3 Rnd (5-5-5),Thiago Silva,Rafael Cavalcante
0005e00b07cee542,Decision - Unanimous,5,5:00,5 Rnd (5-5-5-5-5),Holly Holm,Irene Aldana
a932059e61f4c25e,Submission,1,3:41,3 Rnd (5-5-5),Zhang Weili,Jessica Aguilar
526ab0f38313c630,KO/TKO,1,4:40,3 Rnd (5-5-5),Anderson Silva,Stephan Bonnar
4228886e94a25a63,Decision - Split,3,5:00,3 Rnd (5-5-5),Adriano Martins,Rustam Khabilov
a8718a3419a11e15,Submission,1,2:00,3 Rnd (5-5-5),Anthony Smith,Vitor Petrino
afd53c8033f6ee82,Decision - Unanimous,3,5:00,3 Rnd (5-5-5),Randa Markos,Jocelyn Jones-Lybarger
b8b9a8e504d51ba5,Decision - Split,3,5:00,3 Rnd (5-5-5),Israel Adesanya,Marvin Vettori
567cefcaba821205,KO/TKO,1,2:39,3 Rnd (5-5-5),James Vick,Marco Polo Reyes
67222a0d79c83086,Submission,2,3:49,3 Rnd (5-5-5),Donald Cerrone,Evan Dunham
2c5d329bdf182468,Decision - Split,3,5:00,3 Rnd (5-5-5),John Howard,Cathal Pendred
8a380b11aaf82c49,KO/TKO,1,4:59,3 Rnd (5-5-5),Tim Sylvia,Tra Telligman
79bfba62da6242a6,Submission,1,1:38,3 Rnd (5-5-5),Diego Lopes,Gavin Tucker
be8bee783d22bee2,Decision - Unanimous,3,5:00,3 Rnd (5-5-5),Luana Carolina,Loopy Godinez
509519d82e906c0f,Submission,2,1:39,3 Rnd (5-5-5),Felipe Arantes,Jerrod Sanders
f5aff2f858311fbc,Decision - Unanimous,3,5:00,3 Rnd (5-5-5),Davey Grant,Adrian Luna Martinetti
26cd506de4221057,Decision - Split,3,5:00,3 Rnd (5-5-5),Kiichi Kunimoto,Richard Walsh
d6d034e98ce85246,Decision - Split,3,5:00,3 Rnd (5-5-5),Mateusz Gamrot,Jalin Turner
711f00d287344c77,KO/TKO,3,4:10,3 Rnd (5-5-5),Gina Mazany,Rachael Ostovich
7efca050bc7be8ac,Decision - Unanimous,3,5:00,3 Rnd (5-5-5),Loopy Godinez,Julia Polastri
1520290d28b75b53,KO/TKO,1,2:19,3 Rnd (5-5-5),Ben Rothwell,Alistair Overeem
faaa7340f4ede814,Decision - Unanimous,3,5:00,3 Rnd (5-5-5),Raphael Assuncao,Pedro Munhoz
03c2707563915d7d,KO/TKO,1,2:20,3 Rnd (5-5-5),Song Kenan,Callan Potter
642a8cc1195c5198,Decision - Split,3,5:00,3 Rnd (5-5-5),Chris Dempsey,Eddie Gordon
54c842a037183f48,Decision - Split,3,5:00,3 Rnd (5-5-5),Isaac Vallie-Flagg,Yves Edwards
c5f56797c68ecbeb,Decision - Split,3,5:00,3 Rnd (5-5-5),Rob Emerson,Keita Nakamura
0f235698600c962e,KO/TKO,1,0:33,3 Rnd (5-5-5),Mike Swick,Jonathan Goulet
1d8e2e8e3bd28cad,Decision - Split,3,5:00,3 Rnd + OT (5-5-5-5),Michael Trizano,Joe Giannetti
fda850240fb80339,Submission,1,4:22,3 Rnd (5-5-5),Leonard Garcia,Allen Berube
3e813ba25895913d,Submission,1,2:57,1 Rnd + 2OT (15-3-3),Mark Coleman,Dan Severn
51808d929c84b8ae,Decision - Unanimous,3,5:00,3 Rnd (5-5-5),Anthony Rocco Martin,Sergio Moraes
8304a0ea004e73f5,KO/TKO,2,0:35,3 Rnd (5-5-5),Chris Leben,Jorge Santiago
9f2b94c46b70c6fb,KO/TKO,1,3:23,3 Rnd (5-5-5),Tedd Williams,Steve Judson
d51757fe7dd89f2d,KO/TKO,1,1:21,5 Rnd (5-5-5-5-5),Cain Velasquez,Antonio Silva
c83cba9573cca196,KO/TKO,3,2:39,5 Rnd (5-5-5-5-5),Randy Couture,Chuck Liddell
a2f31cf3a28a7730,Decision - Unanimous,3,5:00,3 Rnd (5-5-5),Justin Gaethje,Rafael Fiziev
4d3297af1b7889ba,KO/TKO,1,2:27,3 Rnd (5-5-5),Gabriel Gonzaga,Chris Tuchscherer
bb007be9f60ab3da,KO/TKO,1,4:41,3 Rnd (5-5-5),Keith Jardine,Forrest Griffin
c58aaabf2c5635d7,KO/TKO,3,0:07,3 Rnd (5-5-5),Billy Quarantillo,Kyle Nelson
da1b37edb8ccd3e6,Decision - Unanimous,3,5:00,3 Rnd (5-5-5),Bryce Mitchell,Dan Ige
ec381753e852cb63,Submission,1,4:34,3 Rnd (5-5-5),Cortney Casey,Randa Markos
d6482fcb69b04904,Decision - Split,3,5:00,3 Rnd (5-5-5),Michel Prazeres,Valmir Lazaro
ef8f31b86469a967,KO/TKO,2,3:25,3 Rnd (5-5-5),Brian Foster,Brock Larson
480aca1906276700,Decision - Unanimous,3,5:00,3 Rnd + OT (5-5-5-5),Reginaldo Vieira,Dileno Lopes
e7ca291dd8f5661b,KO/TKO,1,13:17,1 Rnd + OT (30-5),Marco Ruas,Paul Varelans
179426f56818a1c9,Decision - Split,3,5:00,3 Rnd (5-5-5),Ken Stone,Dustin Pague
b8a0047c927faa75,KO/TKO,1,1:58,3 Rnd (5-5-5),Montel Jackson,Jesse Strader
4dd2bcd2b025204e,KO/TKO,2,1:50,3 Rnd (5-5-5),Bill Algeo,Herbert Burns
d019250cc6d93527,Decision - Split,3,5:00,3 Rnd (5-5-5),Edwin Figueroa,Alex Caceres
2037295b161c8269,Decision - Unanimous,3,5:00,3 Rnd (5-5-5),Claude Patrick,James Wilks
32ae3f0d43babd86,Decision - Unanimous,3,5:00,3 Rnd (5-5-5),Chael Sonnen,Yushin Okami
20220ace492af368,Decision - Unanimous,3,5:00,3 Rnd (5-5-5),Themba Gorimbo,Ramiz Brahimaj
40dbe22895f98978,KO/TKO,1,3:32,5 Rnd (5-5-5-5-5),Tito Ortiz,Elvis Sinosic
9541cf21e031354c,Decision - Unanimous,3,5:00,3 Rnd (5-5-5),Nathaniel Wood,Andre Fili
aca2f98ee112d137,Decision - Unanimous,3,5:00,3 Rnd (5-5-5),Dave Menne,Fabiano Iha
e4df2b73dff57d3a,KO/TKO,2,4:34,3 Rnd (5-5-5),Josh Barnett,Gan McGee
2fd43be584ef522b,Decision - Unanimous,3,5:00,3 Rnd (5-5-5),Viviane Pereira,Jamie Moyle
bc7a81a81840e4be,KO/TKO,1,2:42,3 Rnd (5-5-5),Jeff Monson,Anthony Perosh
ddc233f8ca7c05aa,KO/TKO,1,1:40,3 Rnd (5-5-5),Aaron Simpson,Tim McKenzie
36d12b31957e94db,Decision - Unanimous,3,5:00,3 Rnd (5-5-5),David Martinez,Marlon Vera
2a5484a6d5e7a2da,KO/TKO,1,2:12,3 Rnd (5-5-5),Cub Swanson,Darren Elkins
0583a3d402bed6e4,Decision - Unanimous,3,5:00,3 Rnd (5-5-5),Nick Diaz,BJ Penn
b695fc80bd538172,Decision - Unanimous,3,5:00,3 Rnd (5-5-5),Maryna Moroz,Sabina Mazo
44cfd4330eb6e2bf,KO/TKO,1,0:15,3 Rnd (5-5-5),Johnny Walker,Justin Ledet
819f51ef9d945a46,Decision - Unanimous,3,5:00,3 Rnd (5-5-5),Jared Gordon,Chris Fishgold
50e0bcba7551a25f,Decision - Unanimous,3,5:00,3 Rnd (5-5-5),JunYong Park,John Phillips
573d3a6984cbcd29,KO/TKO,1,3:09,3 Rnd (5-5-5),Khamzat Chimaev,Rhys McKee
fa3f04be9344804b,Submission,1,4:20,3 Rnd (5-5-5),Bryce Mitchell,Matt Sayles
5929c539190c8a07,Decision - Unanimous,3,5:00,3 Rnd (5-5-5),Sam Stout,Cody McKenzie
81b16b26774be5d1,Submission,3,3:25,3 Rnd (5-5-5),Germaine de Randamie,Julianna Pena
313c36ce9bde6cf6,Decision - Unanimous,3,5:00,3 Rnd (5-5-5),Julio Arce,Daniel Santos
127be512f86618b2,KO/TKO,2,0:21,3 Rnd (5-5-5),Payton Talbott,Cameron Saaiman
c13474b85d3ced32,KO/TKO,1,3:49,3 Rnd (5-5-5),Sijara Eubanks,Elise Reed
dbbf8334a2600895,Decision - Unanimous,3,5:00,3 Rnd (5-5-5),Kyoji Horiguchi,Amir Albazi
fc1266e2892ed111,KO/TKO,2,4:29,3 Rnd (5-5-5),Dooho Choi,Daniel Santos
d8c7497043e7e5bd,Submission,1,4:30,3 Rnd (5-5-5),Niko Price,Brandon Thatch
18e1b0df8da7010e,Decision - Unanimous,3,5:00,3 Rnd (5-5-5),Tracy Cortez,Vanessa Melo
358f816aff469270,KO/TKO,1,4:48,3 Rnd (5-5-5),Punahele Soriano,Dusko Todorovic
925f745c03ebd638,KO/TKO,1,4:50,3 Rnd (5-5-5),Augusto Montano,Chris Heatherly
8cdc9c13d75adb28,KO/TKO,2,2:29,3 Rnd (5-5-5),Peter Sobotta,Ben Saunders
32054bf2b36b0e47,KO/TKO,3,2:08,5 Rnd (5-5-5-5-5),Mike Malott,Gilbert Burns
9f14f080b08e6869,Decision - Unanimous,3,5:00,3 Rnd (5-5-5),Frankie Edgar,Hermes Franca
bd4a648bebaefab3,Decision - Unanimous,3,5:00,3 Rnd (5-5-5),JJ Aldrich,Chan-Mi Jeon
e1563825c36aad26,KO/TKO,1,2:15,3 Rnd (5-5-5),Luiz Cane,Eliot Marshall
ac8628d945a78b03,Decision - Unanimous,3,5:00,3 Rnd (5-5-5),Paddy Pimblett,Tony Ferguson
4165dd0c39926e2f,KO/TKO,1,3:13,1 Rnd + OT (12-3),Randy Couture,Steven Graham
2cbd53e43d3f606b,Submission,2,4:12,3 Rnd (5-5-5),Gerald Meerschaert,Edmen Shahbazyan
b8e1a9db956e245b,Submission,1,1:10,3 Rnd (5-5-5),Lucas Martins,Ramiro Hernandez
9275134accfb1adc,Decision - Split,3,5:00,3 Rnd (5-5-5),Matheus Nicolau,John Moraga
cd55220a7b1378c4,KO/TKO,2,0:27,3 Rnd (5-5-5),Tom Lawlor,Gian Villante
69f67a4a690eb15d,Submission,3,3:42,3 Rnd (5-5-5),Vitor Petrino,Marcin Prachnio
96c51bc6316a4b47,Decision - Unanimous,3,5:00,3 Rnd (5-5-5),Jinh Yu Frey,Ashley Yoder
b23554da35a84fbc,Decision - Unanimous,3,5:00,3 Rnd (5-5-5),Cody Haddon,Dan Argueta
98e21492b6bc15d3,Decision - Split,3,5:00,3 Rnd (5-5-5),Rafael Natal,Chris Camozzi
d93b589bcec80ffe,Decision - Unanimous,3,5:00,3 Rnd (5-5-5),Marina Rodriguez,Tecia Pennington
57bd683efc797fc1,Decision - Split,3,5:00,3 Rnd (5-5-5),Modestas Bukauskas,Christian Edwards
9b1386a28b81bcd5,KO/TKO,2,4:17,3 Rnd (5-5-5),Nik Lentz,Michael McBride
7240a9432bf2af67,Decision - Unanimous,3,5:00,3 Rnd (5-5-5),Jeremy Stephens,Danny Downes
9cf91ae875d886df,Decision - Unanimous,3,5:00,3 Rnd (5-5-5),Quinton Jackson,Matt Hamill
5e2ce5aa3a92c2df,KO/TKO,1,3:58,3 Rnd (5-5-5),William Knight,Fabio Cherant
2d23ca9d8abc0c97,Decision - Unanimous,3,5:00,3 Rnd (5-5-5),Shane Campbell,Elias Silverio
fc2a30bfb760bdf8,Decision - Unanimous,3,5:00,3 Rnd (5-5-5),Erin Blanchfield,Miranda Maverick
7e3fc760b26b6ae4,Decision - Unanimous,3,5:00,3 Rnd (5-5-5),Rafa Garcia,Vinc Pichel
c67e5fec8e1876f0,KO/TKO,1,2:12,5 Rnd (5-5-5-5-5),Tyron Woodley,Robbie Lawler
7924f10aac3543de,Decision - Unanimous,3,5:00,3 Rnd (5-5-5),Jose Delano,Robert Ruchala
7d51649373d42571,Decision - Unanimous,3,5:00,3 Rnd (5-5-5),Da'Mon Blackshear,Alatengheili
b8c967c742d3c107,Decision - Unanimous,3,5:00,3 Rnd (5-5-5),Robbie Lawler,Donald Cerrone
8f9896e60047007f,Decision - Unanimous,3,5:00,3 Rnd (5-5-5),Punahele Soriano,Ramiz Brahimaj
4eff0432bd364a23,Submission,1,2:49,3 Rnd (5-5-5),Brian Kelleher,Ode Osbourne
119559fd8124fee3,Decision - Unanimous,3,5:00,3 Rnd (5-5-5),Gaston Bolanos,Aaron Phillips
5f4284409503d874,Decision - Unanimous,3,5:00,3 Rnd (5-5-5),Demian Maia,Jorge Santiago
f602cc168383432f,Decision - Unanimous,3,5:00,3 Rnd (5-5-5),Danny Martinez,Richie Vaculik
7ad6511fb5fb28a4,KO/TKO,1,0:29,3 Rnd (5-5-5),Thiago Santos,Steve Bosse
01924e35b149b28f,Submission,1,1:26,3 Rnd (5-5-5),Warlley Alves,Colby Covington
777df8b5e28f42ff,Decision - Split,3,5:00,3 Rnd (5-5-5),Tiago dos Santos e Silva,Clay Collard
6f6fec9c78244174,Decision - Unanimous,3,5:00,3 Rnd (5-5-5),Victor Altamirano,Vinicius Salvador
d2ea9181abacc2ee,Decision - Split,3,5:00,3 Rnd (5-5-5),Nam Phan,Cole Miller
b70e72f23446520a,Decision - Unanimous,3,5:00,3 Rnd (5-5-5),Michelle Waterson-Gomez,Karolina Kowalkiewicz
a0909aab15ba53c5,Decision - Unanimous,3,5:00,3 Rnd (5-5-5),Danny Henry,Daniel Teymur
75a84211f50c53f5,KO/TKO,1,3:53,3 Rnd (5-5-5),Christian Leroy Duncan,Eryk Anders
8e4024cb49c963f2,Submission,2,4:24,3 Rnd (5-5-5),Matt Schnell,Sumudaerji
3566c8e9d3a9caa8,Decision - Unanimous,3,5:00,3 Rnd (5-5-5),Francis Carmont,Lorenz Larkin
d14abced904806ca,Decision - Unanimous,3,5:00,3 Rnd (5-5-5),Dean Lister,Yuki Sasaki
ba38b96f39db78c0,KO/TKO,2,2:00,3 Rnd (5-5-5),Tyron Woodley,Carlos Condit
0a1f2e1f9d91bc9a,Submission,2,3:14,3 Rnd (5-5-5),Kurt Pellegrino,Rob Emerson
1fa175b6a35e95e2,KO/TKO,1,0:53,3 Rnd (5-5-5),Jake Ellenberger,Jake Shields
43ae6a9daa51ed93,KO/TKO,1,0:15,3 Rnd (5-5-5),Song Kenan,Bobby Nash
0f3e6876516edeaf,KO/TKO,1,2:31,5 Rnd (5-5-5-5-5),Luke Rockhold,Constantinos Philippou
53c96668bf850809,Submission,2,2:11,3 Rnd (5-5-5),Ovince Saint Preux,Marcos Rogerio de Lima
17c598d7841daae0,Decision - Unanimous,3,5:00,3 Rnd (5-5-5),Ilir Latifi,Gian Villante
c9d3ccbfef600989,KO/TKO,3,5:00,5 Rnd (5-5-5-5-5),BJ Penn,Sean Sherk
860be3cc82895177,Decision - Unanimous,5,5:00,5 Rnd (5-5-5-5-5),Marvin Vettori,Paulo Costa
b34fb9e15fbd6b3b,Submission,2,0:57,3 Rnd (5-5-5),Matt Brown,Ryan Thomas
320580a92d5c2924,Decision - Unanimous,3,5:00,3 Rnd (5-5-5),Michael Johnson,Joe Lauzon
80f65ee9b6f8d63b,Submission,1,0:47,3 Rnd (5-5-5),Said Nurmagomedov,Cody Stamann
8cd7ca0e7b861b3d,Submission,2,3:14,3 Rnd (5-5-5),Serghei Spivac,Tai Tuivasa
aa08ebe1a69c76ca,Submission,3,1:21,3 Rnd (5-5-5),Damon Jackson,Mirsad Bektic
33c8395139de7551,Submission,1,3:45,3 Rnd (5-5-5),Daniel Roberts,Greg Soto
9a0ecee6e8ca173f,KO/TKO,1,2:42,3 Rnd (5-5-5),Alexa Grasso,Maycee Barber
3b8cac9910af1c61,Decision - Majority,3,5:00,3 Rnd (5-5-5),TIE,TIE
926091425f88d038,Submission,2,4:43,3 Rnd (5-5-5),Spencer Fisher,Thiago Alves
76b61ff4c9760f79,Decision - Unanimous,3,5:00,3 Rnd (5-5-5),Dalcha Lungiambula,Markus Perez
36032308b7e86fd0,Decision - Unanimous,3,5:00,3 Rnd (5-5-5),Holly Holm,Raquel Pennington
e7183e758f6b8bda,Decision - Unanimous,3,5:00,3 Rnd (5-5-5),Matt Lindland,Ivan Salaverry
418a7100e490e791,Decision - Unanimous,3,5:00,3 Rnd (5-5-5),Yushin Okami,Dhiego Lima
20bfa549cb2cabe7,Decision - Unanimous,3,5:00,3 Rnd (5-5-5),Joaquim Silva,Clay Guida
a5a065cb6d33ba9e,Submission,2,4:36,3 Rnd (5-5-5),Rob Font,Douglas Silva de Andrade
bcefcb29bec709d6,Submission,2,3:57,3 Rnd (5-5-5),Justin Buchholz,Corey Hill
9e7538a788e6d789,Decision - Split,5,5:00,5 Rnd (5-5-5-5-5),Sean Strickland,Paulo Costa
71afa8354da2491e,Decision - Unanimous,3,5:00,3 Rnd (5-5-5),Miranda Maverick,Shanna Young
d0e084b6345c5af0,Decision - Unanimous,3,5:00,3 Rnd (5-5-5),Nicholas Musoke,Viscardi Andrade
270edfb687c0d20c,Decision - Unanimous,3,5:00,3 Rnd (5-5-5),Michael Page,Kevin Holland
bdc1561ed4c6e22f,Decision - Unanimous,3,5:00,3 Rnd (5-5-5),Julianna Pena,Jessica Eye
51108eabae8391ca,Decision - Unanimous,3,5:00,3 Rnd (5-5-5),Robert Whittaker,Jared Cannonier
f484290346cfcf73,Decision - Unanimous,3,5:00,3 Rnd (5-5-5),Gray Maynard,Kenny Florian
bde635a4f345bc3e,Decision - Unanimous,3,5:00,3 Rnd (5-5-5),Ismail Naurdiev,Bruno Silva
5c30f6535a08d598,Decision - Unanimous,3,5:00,3 Rnd (5-5-5),Claudia Gadelha,Tina Lahdemaki
f99ee57f75b20b69,Decision - Split,3,5:00,3 Rnd (5-5-5),Timothy Johnson,Daniel Omielanczuk
de89bea7b0dcd2d3,Decision - Unanimous,3,5:00,3 Rnd (5-5-5),Rinya Nakamura,Fernie Garcia
43712d71cec9bde6,Submission,1,4:46,3 Rnd (5-5-5),Jason Dent,Cameron Dollar
8b1dc96a00a8e881,KO/TKO,1,3:33,3 Rnd (5-5-5),Tom Breese,Daniel Kelly
935f559ab0521c27,KO/TKO,1,1:07,3 Rnd (5-5-5),Clay Guida,Joe Lauzon
73954f3895cac499,KO/TKO,2,1:39,3 Rnd (5-5-5),Al Iaquinta,Ross Pearson
9d2c9d2249d4fe50,Submission,1,2:31,3 Rnd (5-5-5),Jim Miller,Duane Ludwig
0fd639e6e28c51bb,Submission,1,2:01,3 Rnd (5-5-5),Mac Danzig,Tommy Speer
a69a155a25b84679,Decision - Unanimous,3,5:00,3 Rnd (5-5-5),Rafael Dos Anjos,Tarec Saffiedine
65223fa6055df489,Decision - Split,3,5:00,3 Rnd (5-5-5),Ricardo Ramos,Kyung Ho Kang
22fc6b3f4e48cfa3,Submission,3,4:17,3 Rnd (5-5-5),Shavkat Rakhmonov,Geoff Neal
ad3aa9520131ff2e,KO/TKO,3,3:12,3 Rnd (5-5-5),Andre Petroski,Micheal Gillmore
7b97ca2c378e7782,Decision - Unanimous,3,5:00,3 Rnd (5-5-5),Francimar Barroso,Ednaldo Oliveira
6c2f05c47f494e15,DQ,1,5:00,3 Rnd (5-5-5),CB Dollaway,Hector Lombard
0230a9dd2739add4,Decision - Unanimous,3,5:00,3 Rnd (5-5-5),Ikram Aliskerov,JunYong Park
b28aad0fdc0b8cc0,Submission,2,3:38,3 Rnd (5-5-5),Bryan Caraway,Dustin Neace
aeb0322f619213b1,KO/TKO,1,4:50,3 Rnd (5-5-5),Niko Price,Tim Means
09b8253a30360429,KO/TKO,2,1:06,3 Rnd (5-5-5),Jake Collier,Alberto Uda
b9c82dfde8b66e37,Decision - Unanimous,5,5:00,5 Rnd (5-5-5-5-5),Al Iaquinta,Kevin Lee
7a2c841693b54dd7,Decision - Split,5,5:00,5 Rnd (5-5-5-5-5),Ketlen Vieira,Holly Holm
44fc830a664ed611,Decision - Split,5,5:00,5 Rnd (5-5-5-5-5),Robbie Lawler,Johny Hendricks
8d3c5635cffe12cb,Decision - Unanimous,3,5:00,3 Rnd (5-5-5),Logan Clark,Steve Byrnes
755d84d5f4aa4dbf,Decision - Unanimous,3,5:00,3 Rnd (5-5-5),Vinc Pichel,Austin Hubbard
84ebd144d5e79c88,Submission,1,1:38,3 Rnd (5-5-5),Youssef Zalal,Josh Emmett
ac475de5a3d0d7e2,Submission,2,1:41,3 Rnd (5-5-5),Omari Akhmedov,Tom Breese
dab2d3e9f2052047,Submission,1,3:06,3 Rnd (5-5-5),Wilson Gouveia,Carmelo Marrero
4b35edc671de861f,Decision - Unanimous,3,5:00,3 Rnd (5-5-5),Mizuto Hirota,Cole Miller
4c7390e4d169f6ff,KO/TKO,1,1:26,5 Rnd (5-5-5-5-5),Anthony Johnson,Ryan Bader
647f6d2b9b784222,Submission,1,1:15,3 Rnd (5-5-5),Erick Silva,Mike Rhodes
f19a56ecc6c150e3,Decision - Unanimous,3,5:00,3 Rnd (5-5-5),Francis Carmont,Chris Camozzi
0fea1cff62e26b46,Decision - Split,3,5:00,3 Rnd (5-5-5),Zhang Lipeng,Sai Wang
948da1b7ebbb06b3,KO/TKO,1,2:01,3 Rnd (5-5-5),Jimmy Crute,Modestas Bukauskas
268f0fcc45e1a6fe,Decision - Split,3,5:00,3 Rnd (5-5-5),Yves Edwards,Hermes Franca
43a941e005a2d463,KO/TKO,2,1:55,3 Rnd + OT (5-5-5-5),Martin Bravo,Claudio Puelles
f557405652165aa3,KO/TKO,2,4:20,5 Rnd (5-5-5-5-5),Sean Strickland,Abus Magomedov
3367081258d6ae12,Submission,2,1:14,3 Rnd (5-5-5),Vinny Magalhaes,Igor Pokrajac
9a18479792f990f7,KO/TKO,3,1:26,3 Rnd (5-5-5),Joey Beltran,Aaron Rosa
002921976d27b7da,KO/TKO,1,4:13,3 Rnd (5-5-5),Alistair Overeem,Stefan Struve
219610bc6e7d9196,Submission,1,2:30,3 Rnd (5-5-5),Demian Maia,Rick Story
9ce2d0b880e88934,Decision - Unanimous,3,5:00,3 Rnd (5-5-5),Frank Mir,Dan Christison
a86b801279e0ef4a,KO/TKO,3,1:32,3 Rnd (5-5-5),Dylan Andrews,Papy Abedi
075a102456080ab2,Submission,1,2:39,3 Rnd (5-5-5),Jesus Aguilar,Stewart Nicoll
91f7986d6fee7d57,Decision - Split,3,5:00,3 Rnd (5-5-5),Matt Grice,Jason Black
72b12a837290b327,Submission,1,3:41,3 Rnd (5-5-5),Chase Hooper,Clay Guida
4507354cd97f10e5,KO/TKO,1,0:22,3 Rnd (5-5-5),Ion Cutelaba,Henrique da Silva
828776734a528b62,Submission,1,0:45,3 Rnd (5-5-5),Rousimar Palhares,Tomasz Drwal
b96c8fef6c9f92db,Decision - Split,3,5:00,3 Rnd (5-5-5),Martin Buday,Lukasz Brzeski
40c18c6d64463809,Submission,1,3:58,3 Rnd (5-5-5),Cody Gibson,Brian Kelleher
a2ebb5f86eb64f22,KO/TKO,2,0:17,3 Rnd (5-5-5),Michael Chandler,Tony Ferguson
73ed365b57dc1a6e,Decision - Unanimous,3,5:00,3 Rnd (5-5-5),Drew Fickett,Keita Nakamura
8ea70cfd5d3aa5ee,Decision - Unanimous,3,5:00,3 Rnd (5-5-5),Kyoji Horiguchi,Darrell Montague
2c81668d1459991f,Decision - Unanimous,3,5:00,3 Rnd (5-5-5),Alexandre Pantoja,Manel Kape
764012f51c7dc223,Decision - Unanimous,3,5:00,3 Rnd (5-5-5),Roxanne Modafferi,Andrea Lee
2b038a467a89c73c,KO/TKO,3,4:13,3 Rnd (5-5-5),Warlley Alves,Sergio Moraes
f9ec8bedc15ece93,Decision - Unanimous,5,5:00,5 Rnd (5-5-5-5-5),Song Yadong,Chris Gutierrez
b4555cd5b5d2a53f,KO/TKO,3,1:34,3 Rnd (5-5-5),Soa Palelei,Nikita Krylov
42585ce706c086de,KO/TKO,1,4:59,3 Rnd (5-5-5),Carlos Prates,Geoff Neal
450534f9fb9b13cd,Decision - Unanimous,3,5:00,3 Rnd (5-5-5),Loopy Godinez,Loma Lookboonmee
a6743d41b0b95271,Decision - Split,3,5:00,3 Rnd (5-5-5),Augusto Sakai,Blagoy Ivanov
7c075e3383198e14,KO/TKO,1,0:42,3 Rnd (5-5-5),Muslim Salikhov,Carlos Leal
c0a5eeb0be0049bb,Submission,1,4:06,3 Rnd (5-5-5),Brendan Schaub,Matt Mitrione
8390441d93736719,Decision - Split,3,5:00,3 Rnd (5-5-5),Randy Brown,Khaos Williams
4838bf4ca76c1c6b,Submission,2,4:08,3 Rnd (5-5-5),Vicente Luque,Niko Price
7a0813ec0fadc84e,KO/TKO,2,4:44,3 Rnd (5-5-5),Roman Kopylov,Josh Fremd
a4e210bcdcc1bf5b,KO/TKO,2,2:22,3 Rnd (5-5-5),Joel Alvarez,Danilo Belluardo
32087c183dffcae0,KO/TKO,1,2:43,3 Rnd (5-5-5),John Yannis,Jamie Siraj
50935ae1627fc89b,Decision - Unanimous,3,5:00,3 Rnd (5-5-5),Renan Barao,Phillipe Nover
9ba051e0f5674108,KO/TKO,1,3:38,3 Rnd (5-5-5),Maurice Greene,Junior Albini
4be101dd6883d9bb,Decision - Unanimous,3,5:00,3 Rnd (5-5-5),Jared Hamman,Rodney Wallace
cb17062bfd400fb2,KO/TKO,1,4:07,3 Rnd (5-5-5),Drew McFedries,Alessio Sakara
1db121859d2fcda8,Decision - Unanimous,3,5:00,3 Rnd (5-5-5),Santiago Ponzinibbio,Nordine Taleb
8ca1bb1b2517f2e5,KO/TKO,2,3:36,3 Rnd (5-5-5),Jason Lambert,Renato Sobral
cf306c4714530f31,Decision - Unanimous,3,5:00,3 Rnd (5-5-5),Grant Dawson,Joe Solecki
238832b58a66ae07,Submission,2,1:23,3 Rnd (5-5-5),Renato Moicano,Alexander Hernandez
450760216f5643ca,Decision - Unanimous,3,5:00,3 Rnd (5-5-5),Omari Akhmedov,Kyle Noke
3637e661b6854b49,Decision - Unanimous,3,5:00,3 Rnd (5-5-5),Ciryl Gane,Tanner Boser
f5fb4435faf1ca04,Decision - Unanimous,3,5:00,3 Rnd (5-5-5),King Green,Pat Healy
9103686732816d77,Decision - Unanimous,3,5:00,3 Rnd (5-5-5),Josh Neer,Din Thomas
9166d2f99369c06b,KO/TKO,1,2:47,3 Rnd (5-5-5),Jacare Souza,Yushin Okami
b509c337d181c567,Submission,2,4:42,3 Rnd (5-5-5),Sergio Moraes,Ben Saunders
bacb62c4f2058fd8,Submission,2,2:18,3 Rnd (5-5-5),Rolando Delgado,John Polakowski
b47db03affb279c3,Decision - Unanimous,3,5:00,3 Rnd (5-5-5),Rafael Estevam,Felipe Bunes
875b249ebe45a66b,Decision - Unanimous,3,5:00,3 Rnd (5-5-5),Andre Petroski,Rodolfo Vieira
5364d1537fc7d5aa,Decision - Unanimous,3,5:00,3 Rnd (5-5-5),Jessica Andrade,Rosi Sexton
da26301ae3e7a9b1,Decision - Split,5,5:00,5 Rnd (5-5-5-5-5),Rick Story,Gunnar Nelson
34cb6e9952cd30a4,Decision - Split,3,5:00,3 Rnd (5-5-5),Lauren Murphy,Joanne Wood
0cc225bf45697271,Submission,2,1:52,3 Rnd (5-5-5),Mark Hominick,Yves Edwards
be8e34d585be9dc7,KO/TKO,1,0:15,3 Rnd (5-5-5),Jens Pulver,John Lewis
a7ac1dfcdc083694,Decision - Unanimous,3,5:00,3 Rnd (5-5-5),Karol Rosa,Pannie Kianzad
29de6ddc42a2e674,Decision - Unanimous,3,5:00,3 Rnd (5-5-5),Casey Kenney,Manny Bermudez
ab341b7bb01cdc89,Decision - Unanimous,3,5:00,3 Rnd (5-5-5),Michael Bisping,Yoshihiro Akiyama
36d9d7e331e6b589,Decision - Unanimous,3,5:00,3 Rnd (5-5-5),Miesha Tate,Rin Nakai
0d698108c5f5d1d6,Submission,1,3:09,3 Rnd (5-5-5),Manny Bermudez,Benito Lopez
9321b3c90ea5ca6c,Decision - Split,3,5:00,3 Rnd (5-5-5),Marina Rodriguez,Yan Xiaonan
e57d1260201e5101,KO/TKO,1,2:24,3 Rnd (5-5-5),Thiago Silva,Antonio Mendes
36220644401d85e1,Decision - Split,3,5:00,3 Rnd (5-5-5),Volkan Oezdemir,Ovince Saint Preux
6f3cb7ce84185dd3,Decision - Split,3,5:00,3 Rnd (5-5-5),Chris Gutierrez,John Castaneda
3cdc6fea724be133,Decision - Unanimous,3,5:00,3 Rnd (5-5-5),Raul Rosas Jr.,Aoriqileng
c9e19742c4146bff,Decision - Unanimous,3,5:00,3 Rnd (5-5-5),Eryk Anders,Markus Perez
e92d89cb2d69235e,Decision - Unanimous,3,5:00,3 Rnd (5-5-5),Jose Ochoa,Clayton Carpenter
fbce8f52689bce87,KO/TKO,2,1:06,3 Rnd (5-5-5),Andre Soukhamthath,Luke Sanders
8b07bdaa0402bf2b,Decision - Unanimous,3,5:00,3 Rnd (5-5-5),Diego Sanchez,Karo Parisyan
3aea9c60d25fc93b,KO/TKO,3,0:37,3 Rnd (5-5-5),Melissa Gatto,Tamires Vidal
84b66bf7fba2d59d,Submission,2,1:38,3 Rnd (5-5-5),Zach Reese,Jackson McVey
975840814b233bcd,KO/TKO,1,1:12,3 Rnd (5-5-5),Mark Madsen,Danilo Belluardo
9ebfd601c43b89b3,Decision - Unanimous,3,5:00,3 Rnd (5-5-5),Raquel Pennington,Miesha Tate
87f58feac6b50367,Submission,2,0:25,3 Rnd (5-5-5),Thiago Moises,Michael Johnson
868c83e734dbbceb,Decision - Unanimous,5,5:00,5 Rnd (5-5-5-5-5),Sean Strickland,Nassourdine Imavov
110f539523a4b571,Decision - Unanimous,3,5:00,3 Rnd (5-5-5),Waldo Cortes Acosta,Chase Sherman
7bced112f3229b1b,Decision - Unanimous,3,5:00,3 Rnd (5-5-5),Nasrat Haqparast,John Makdessi
e139628170777bef,Decision - Unanimous,5,5:00,5 Rnd (5-5-5-5-5),Colby Covington,Robbie Lawler
eba46dbf9cdd83c0,KO/TKO,1,1:49,5 Rnd (5-5-5-5-5),Robert Whittaker,Ikram Aliskerov
9f2e58bf880157b2,Submission,3,1:43,3 Rnd (5-5-5),Rob Broughton,Vinicius Queiroz
d27ac1bc677b89cf,Decision - Unanimous,3,5:00,3 Rnd (5-5-5),Lerone Murphy,Douglas Silva de Andrade
4f7ec66199bba232,Decision - Unanimous,3,5:00,3 Rnd (5-5-5),Claudio Puelles,Marcos Mariano
70f1621080b3435c,Decision - Split,5,5:00,5 Rnd (5-5-5-5-5),Sean Strickland,Khamzat Chimaev
3266f569a6246d90,KO/TKO,2,1:50,3 Rnd (5-5-5),Dongi Yang,Jake Collier
ebb9eeac1faf73ed,KO/TKO,2,2:31,3 Rnd (5-5-5),George Sullivan,Igor Araujo
398f4857f9692204,KO/TKO,1,4:59,3 Rnd (5-5-5),Ben Nguyen,Alptekin Ozkilic
7f3bd3b913df61f4,Decision - Unanimous,3,5:00,3 Rnd (5-5-5),CB Dollaway,Ed Herman
e4549c57faca7a64,Submission,1,4:09,3 Rnd (5-5-5),Bec Rawlings,Lisa Ellis
a24121c70f773fe2,Submission,3,2:25,3 Rnd (5-5-5),Charles Oliveira,Efrain Escudero
9cfad21ef1911728,Submission,2,4:41,3 Rnd (5-5-5),Beneil Dariush,Drew Dober
c145e4b6206d4c18,Decision - Split,3,5:00,3 Rnd (5-5-5),Nick Catone,Tom Watson
d0602cdc04d2c159,KO/TKO,1,1:41,3 Rnd (5-5-5),Drakkar Klose,Joe Solecki
6989466d287b4a57,Submission,1,4:27,3 Rnd (5-5-5),Thiago Tavares,Robert Peralta
21992c366d3b4602,KO/TKO,3,4:07,3 Rnd (5-5-5),Li Jingliang,David Zawada
f6afaf2a39fa441c,Decision - Unanimous,3,5:00,3 Rnd (5-5-5),Marc Diakiese,Viacheslav Borshchev
71e123d40fff9edb,Decision - Unanimous,3,5:00,3 Rnd (5-5-5),Valerie Letourneau,Jessica Rakoczy
14e53999507c76a7,Decision - Split,5,5:00,5 Rnd (5-5-5-5-5),Dricus Du Plessis,Sean Strickland
07a378b257aad5a9,Submission,1,4:21,3 Rnd (5-5-5),Dusko Todorovic,Jose Daniel Medina
9900550cc697eef2,KO/TKO,1,2:19,3 Rnd (5-5-5),Derek Brunson,Sam Alvey
bec66de67818a9b1,Submission,1,3:19,3 Rnd (5-5-5),Randy Couture,James Toney
4305cb30533dac77,KO/TKO,2,2:28,3 Rnd (5-5-5),Zhang Weili,Joanna Jedrzejczyk
08bd9e03c187f66b,KO/TKO,1,3:46,3 Rnd (5-5-5),John Moraga,Ulysses Gomez
6e6567a98ea78891,KO/TKO,1,1:05,3 Rnd (5-5-5),Hyder Amil,JeongYeong Lee
a7e1e349980063c9,Submission,2,1:28,3 Rnd (5-5-5),Reza Madadi,Yoislandy Izquierdo
00414fc5519233b4,KO/TKO,1,2:55,3 Rnd (5-5-5),Ramiz Brahimaj,Mickey Gall
ee69302c232e0909,Decision - Unanimous,3,5:00,3 Rnd (5-5-5),Trevor Prangley,Travis Lutter
1631f70535ae5dcc,Submission,3,1:29,3 Rnd (5-5-5),Ivana Petrovic,Liang Na
f4d8266a42a41dff,Decision - Unanimous,3,5:00,3 Rnd (5-5-5),Nikita Krylov,Volkan Oezdemir
ea66be2688f542be,Decision - Unanimous,3,5:00,3 Rnd (5-5-5),Kyle Bochniak,Brandon Davis
ce6f4d06fe5b51f3,Decision - Unanimous,3,5:00,3 Rnd (5-5-5),Miguel Torres,Antonio Banuelos
97dabff880f33202,Submission,1,3:20,3 Rnd (5-5-5),Ben Askren,Robbie Lawler
7f9a1b6d83d08c42,KO/TKO,1,3:03,3 Rnd (5-5-5),Alan Belcher,Wilson Gouveia
0a3df9b1918cfc2f,Decision - Unanimous,3,5:00,3 Rnd (5-5-5),Lina Lansberg,Macy Chiasson
35d06627d91b840d,Decision - Unanimous,3,5:00,3 Rnd (5-5-5),Trey Ogden,Daniel Zellhuber
db747a157e1f264b,KO/TKO,2,2:10,3 Rnd (5-5-5),Ovince Saint Preux,Ryan Jimmo
151c2bd6dfefb4b5,Decision - Unanimous,3,5:00,3 Rnd (5-5-5),Justine Kish,Lucie Pudilova
7188621a628e718d,Decision - Unanimous,3,5:00,3 Rnd (5-5-5),Enrique Barzola,Gabriel Benitez
ed5b6681ab4e83e5,Decision - Unanimous,3,5:00,3 Rnd (5-5-5),Cesar Almeida,Ihor Potieria
e61d83e4e1f9c4d7,Submission,3,4:42,5 Rnd (5-5-5-5-5),Merab Dvalishvili,Sean O'Malley
2e8d68b14dde981e,Decision - Unanimous,3,5:00,3 Rnd (5-5-5),Sarah Kaufman,Leslie Smith
ad487d1c6141d90a,Submission,1,2:52,3 Rnd (5-5-5),Abdul Rakhman Yakhyaev,Brendson Ribeiro
707cb14717df5960,Decision - Unanimous,3,5:00,3 Rnd (5-5-5),Luana Carolina,Priscila Cachoeira
4b45f190122a1ce1,Decision - Unanimous,3,5:00,3 Rnd (5-5-5),Charles Johnson,Jake Hadley
de484433eef22e1d,Submission,2,2:12,3 Rnd (5-5-5),Clayton Carpenter,Lucas Rocha
de85ef2fd4769070,Decision - Majority,3,5:00,3 Rnd (5-5-5),TIE,TIE
02bdb7a5b2986571,KO/TKO,2,3:01,3 Rnd (5-5-5),Jalin Turner,Josh Culibao
eb0775cf8ee7a4e6,KO/TKO,1,3:26,3 Rnd (5-5-5),Sam Sicilia,Akira Corassani
454265014520a3f8,KO/TKO,3,3:17,3 Rnd (5-5-5),Elves Brener,Guram Kutateladze
38248c5d13f273e6,Decision - Unanimous,3,5:00,3 Rnd (5-5-5),Jack Jenkins,Ramon Taveras
ab79fe7b35ccc3dc,Submission,2,4:29,5 Rnd (5-5-5-5-5),Valentina Shevchenko,Julianna Pena
c1d86f1e6d41cd03,Submission,1,1:34,3 Rnd (5-5-5),Gerald Meerschaert,Ryan Janes
ecec1b0dd64ca2ae,Submission,2,2:49,3 Rnd (5-5-5),Caio Borralho,Michal Oleksiejczuk
20f316f96c9e4458,Decision - Unanimous,3,5:00,3 Rnd (5-5-5),Nassourdine Imavov,Joaquin Buckley
42ad1437a1280294,KO/TKO,3,3:46,3 Rnd (5-5-5),Marcin Tybura,Luis Henrique
43b43c5d439b2f98,KO/TKO,2,0:38,3 Rnd (5-5-5),Kevin Holland,Alex Oliveira
e7da014d4dfc5bf3,KO/TKO,1,1:53,3 Rnd (5-5-5),Mauricio Rua,Forrest Griffin
6a9e343bd12dfa64,Decision - Unanimous,5,5:00,5 Rnd (5-5-5-5-5),Sean Sherk,Hermes Franca
9298175cb2ad7d41,Decision - Unanimous,3,5:00,3 Rnd (5-5-5),Belal Muhammad,Jordan Mein
dae2484418631ff5,KO/TKO,1,2:09,3 Rnd (5-5-5),Carlos Ulberg,Ihor Potieria
1bc662949337a8c4,Submission,2,1:28,3 Rnd (5-5-5),Kevin Holland,Tim Means
23b943e9ce495f0b,Decision - Unanimous,3,5:00,3 Rnd (5-5-5),Muslim Salikhov,Francisco Trinaldo
1019f330bdecfc65,KO/TKO,2,0:35,5 Rnd (5-5-5-5-5),Renan Barao,Eddie Wineland
a3696c847ef6c7f9,Decision - Unanimous,3,5:00,3 Rnd (5-5-5),Brady Hiestand,Fernie Garcia
5838305c25a54ea1,KO/TKO,2,1:12,5 Rnd (5-5-5-5-5),Alistair Overeem,Andrei Arlovski
b0be38110c2d8b84,KO/TKO,1,2:48,3 Rnd (5-5-5),Joel Alvarez,Drakkar Klose
fa7cde1e2d3ae338,KO/TKO,2,3:48,3 Rnd (5-5-5),Cory Sandhagen,Austin Arnett
ca8f73d038c4d6e7,Decision - Unanimous,5,5:00,5 Rnd (5-5-5-5-5),Israel Adesanya,Robert Whittaker
f5de8b2c81e91129,Decision - Split,5,5:00,5 Rnd (5-5-5-5-5),Daniel Cormier,Alexander Gustafsson
2dc48a745d6c662b,Submission,2,3:37,3 Rnd (5-5-5),Daniel Rodriguez,Tim Means
bd5afec6940c5d32,Submission,1,4:30,3 Rnd (5-5-5),Stephan Bonnar,James Irvin
357a34207d70da69,Decision - Split,3,5:00,3 Rnd (5-5-5),Paul Felder,Edson Barboza
61f0ceb980c1ae81,Decision - Unanimous,3,5:00,3 Rnd (5-5-5),Tyson Griffin,Marcus Aurelio
ec0740be19b2ef90,Decision - Unanimous,3,5:00,3 Rnd (5-5-5),Loma Lookboonmee,Denise Gomes
54de03e04f571735,TKO - Doctor's Stoppage,3,1:28,3 Rnd (5-5-5),Jean Silva,Drew Dober
6f5f4b256f643ffb,Decision - Unanimous,3,5:00,3 Rnd (5-5-5),Andrei Arlovski,Frank Mir
8802182074bf4a3a,Decision - Unanimous,3,5:00,3 Rnd (5-5-5),Jake Ellenberger,Jay Hieron
3b701c0a0525341b,KO/TKO,3,4:42,3 Rnd (5-5-5),Eryk Anders,Tim Williams
e5e75d831670b401,Decision - Majority,3,5:00,3 Rnd (5-5-5),Joe Solecki,Alex Da Silva
085d6ea4d12917a2,Submission,1,1:05,3 Rnd (5-5-5),Tony DeSouza,Paul Rodriguez
2ebe2ae9b4812f0a,Decision - Unanimous,3,5:00,3 Rnd (5-5-5),Mark Eddiva,Jumabieke Tuerxun
ac269f99e4e53634,Submission,1,3:37,3 Rnd (5-5-5),Jacare Souza,Chris Camozzi
67160b93dec2b399,Decision - Majority,3,5:00,3 Rnd (5-5-5),Cheick Kongo,Assuerio Silva
caa56c26127bf7e8,Decision - Unanimous,3,5:00,3 Rnd (5-5-5),Jussier Formiga,Chris Cariaso
b3bf1b6ad2d1a533,KO/TKO,1,1:24,3 Rnd (5-5-5),Mairbek Taisumov,Felipe Silva
4dd2cd7da33e35d7,Decision - Unanimous,3,5:00,3 Rnd (5-5-5),Antonio Rodrigo Nogueira,Heath Herring
68f7f992603192c6,KO/TKO,3,3:43,3 Rnd (5-5-5),Jack Della Maddalena,Gilbert Burns
25acf5f94667e79d,KO/TKO,1,1:37,3 Rnd (5-5-5),Melvin Guillard,Rick Davis
342779192b116314,KO/TKO,2,2:15,3 Rnd (5-5-5),Phil Rowe,Jason Witt
2e94ee4b9f5fddea,Decision - Unanimous,3,5:00,3 Rnd (5-5-5),Mayra Bueno Silva,Wu Yanan
c4c379b8f99fea88,Submission,1,1:28,3 Rnd (5-5-5),Ariane da Silva,Luana Carolina
a5cf273faa3982b7,Decision - Unanimous,3,5:00,3 Rnd (5-5-5),Elise Reed,Melissa Martinez
181ce41897b37352,Submission,4,1:14,5 Rnd (5-5-5-5-5),Jon Jones,Quinton Jackson
352839a03b428e74,Decision - Split,3,5:00,3 Rnd (5-5-5),Joaquim Silva,Claudio Puelles
5ee11b727e89e8ad,Decision - Unanimous,3,5:00,3 Rnd (5-5-5),Michael Page,Sam Patterson
2fef7ac78df0cccc,Decision - Unanimous,3,5:00,3 Rnd (5-5-5),Brett Johns,Albert Morales
f5dd0a24a7dba53c,Submission,1,4:55,3 Rnd (5-5-5),Brendan Allen,Karl Roberson
069e3e704cbf6337,Decision - Unanimous,3,5:00,3 Rnd (5-5-5),Ricky Simon,Rani Yahya
a857acedb53ee959,KO/TKO,2,0:39,3 Rnd (5-5-5),Mario Pinto,Austen Lane
05f8696303709939,Decision - Unanimous,3,5:00,3 Rnd (5-5-5),Rafael Dos Anjos,Evan Dunham
9fab4b0ad082f670,Submission,1,2:22,3 Rnd (5-5-5),Robert Valentin,Julien Leblanc
bec57d7cce0e6257,KO/TKO,1,3:49,3 Rnd (5-5-5),Muslim Salikhov,Song Kenan
480c4dbd2e792d86,Submission,1,3:08,3 Rnd (5-5-5),Mateusz Rebecki,Roosevelt Roberts
c7375d5db21cbaae,Decision - Unanimous,5,5:00,5 Rnd (5-5-5-5-5),Stephen Thompson,Geoff Neal
939cc30f07131724,Decision - Unanimous,3,5:00,3 Rnd (5-5-5),Kamaru Usman,Warlley Alves
520f6379fefd8fda,Submission,1,4:15,3 Rnd (5-5-5),Renato Moicano,Cub Swanson
abfd5ac6cf186d8a,Submission,2,4:19,3 Rnd (5-5-5),Isaac Dulgarian,Brendon Marotte
1ff520024da5b3b2,KO/TKO,1,1:07,3 Rnd (5-5-5),Nikita Krylov,Alexander Gustafsson
bf2a9732af50c84c,KO/TKO,1,4:06,3 Rnd (5-5-5),Calvin Kattar,Ricardo Lamas
515ecc54219bcc4c,Decision - Unanimous,3,5:00,3 Rnd (5-5-5),Katlyn Cerminara,Jennifer Maia
b3bd27affa038e9c,Decision - Unanimous,3,5:00,3 Rnd (5-5-5),JunYong Park,Marc-Andre Barriault
06cd9812e2b9b747,Decision - Unanimous,5,5:00,5 Rnd (5-5-5-5-5),Robert Whittaker,Yoel Romero
b91756d955e14d2e,KO/TKO,2,1:00,3 Rnd (5-5-5),Jorge Masvidal,Donald Cerrone
f6ea148cfeb1aaf7,KO/TKO,2,1:34,3 Rnd (5-5-5),Joe Lauzon,Kyle Bradley
370ff29489150560,Submission,1,4:04,3 Rnd (5-5-5),Jaqueline Amorim,Loma Lookboonmee
a5d24caed8afbeef,Decision - Unanimous,3,5:00,3 Rnd (5-5-5),Johny Hendricks,Hector Lombard
16ba92318ff66d4a,Decision - Unanimous,3,5:00,3 Rnd (5-5-5),Phil Harris,Ulysses Gomez
1b8d366ac0f110f3,Submission,3,2:26,3 Rnd (5-5-5),Kay Hansen,Jinh Yu Frey
c2f70bd2fc1bac73,Decision - Unanimous,3,5:00,3 Rnd (5-5-5),Louis Smolka,Alptekin Ozkilic
daa38964824f1b9f,Decision - Split,3,5:00,3 Rnd (5-5-5),Giga Chikadze,Jamall Emmers
9ad2dde9c35d3cc4,Decision - Split,3,5:00,3 Rnd (5-5-5),Raphael Assuncao,TJ Dillashaw
e6b2d6d33968c66c,Decision - Unanimous,3,5:00,3 Rnd (5-5-5),Merab Dvalishvili,Brad Katona
c22545a5881459ac,KO/TKO,3,1:17,3 Rnd (5-5-5),Pedro Rizzo,Tsuyoshi Kohsaka
e8c57c6259193466,KO/TKO,1,4:55,3 Rnd (5-5-5),Tyson Pedro,Ike Villanueva
23e548f618dd0e5f,Submission,1,3:51,3 Rnd (5-5-5),Joe Solecki,Austin Hubbard
f047e3605f8852d8,Decision - Unanimous,3,5:00,3 Rnd (5-5-5),Dan Ige,Kevin Aguilar
e01019fbfe0e9528,Decision - Unanimous,3,5:00,3 Rnd (5-5-5),Ludovit Klein,Roosevelt Roberts
0e0a4282cd6c86d7,Decision - Unanimous,3,5:00,3 Rnd (5-5-5),Daniel Santos,JeongYeong Lee
172dfd6cab9b627b,Decision - Unanimous,3,5:00,3 Rnd (5-5-5),Jeremy Stephens,Estevan Payan
cc5c5a8cff4c1ae9,Decision - Unanimous,3,5:00,3 Rnd (5-5-5),Ketlen Souza,Bruna Brasil
ec067e9c9efd7aa1,KO/TKO,1,4:08,3 Rnd (5-5-5),Lorenz Larkin,Neil Magny
e175c1a0bff30187,KO/TKO,1,0:56,3 Rnd (5-5-5),Julian Erosa,Nate Landwehr
8bc0c220f7dcefa7,Submission,1,4:08,5 Rnd (5-5-5-5-5),Marcin Tybura,Tai Tuivasa
4abcf14faa7f92f2,Submission,2,4:00,3 Rnd (5-5-5),Ricky Simon,Gaetano Pirrello
1a0b90c661fd603e,Decision - Split,3,5:00,3 Rnd (5-5-5),Jake Shields,Martin Kampmann
cd2a60453f8ac133,KO/TKO,2,3:14,3 Rnd (5-5-5),Stipe Miocic,Shane del Rosario
e3d657dd88864ba7,Decision - Unanimous,3,5:00,3 Rnd (5-5-5),Jamall Emmers,Hyder Amil
dc0ab34f1952cb48,KO/TKO,4,0:45,5 Rnd (5-5-5-5-5),Alexander Volkanovski,Chan Sung Jung
c835ccffa472970e,KO/TKO,3,3:42,3 Rnd (5-5-5),Scott Holtzman,Alan Patrick
2b3a1c063245e280,Decision - Split,3,5:00,3 Rnd (5-5-5),Sam Stout,Caros Fodor
2a0d4dd0997bd712,Submission,1,4:21,3 Rnd (5-5-5),Zak Cummings,Nathan Coy
d49d2c810583a56a,KO/TKO,2,2:53,3 Rnd (5-5-5),Leslie Smith,Amanda Lemos
2cd9e3796be57a79,KO/TKO,2,4:04,3 Rnd (5-5-5),Lucie Pudilova,Wu Yanan
cc1993d02d28a3b9,Submission,2,0:41,3 Rnd (5-5-5),Sage Northcutt,Cody Pfister
a5075f4eaee6036f,KO/TKO,1,2:30,3 Rnd (5-5-5),Michael Chandler,Dan Hooker
7c40aa2cb6883a91,Decision - Split,3,5:00,3 Rnd (5-5-5),Darren Till,Kelvin Gastelum
2a43df4cc047a28b,Submission,2,4:12,3 Rnd (5-5-5),Angela Hill,Luana Pinheiro
ce33085fc5205bab,KO/TKO,2,0:39,3 Rnd (5-5-5),Jacob Malkoun,Andre Petroski
04f32bb0c0d3a8cc,KO/TKO,5,2:01,5 Rnd (5-5-5-5-5),Alex Pereira,Israel Adesanya
a39d0adbeffe49de,Decision - Unanimous,3,5:00,3 Rnd (5-5-5),Anthony Hamilton,Daniel Omielanczuk
e79e3ee088b76d46,Decision - Unanimous,3,5:00,3 Rnd (5-5-5),Francisco Trinaldo,Leandro Silva
ab7390e549e28893,Submission,1,9:03,1 Rnd (10),Jerry Bohlander,Scott Ferrozzo
d607908be8b19273,Decision - Unanimous,3,5:00,3 Rnd (5-5-5),Andy Ogle,Josh Grispi
c0ca05832f518fef,KO/TKO,1,2:57,3 Rnd (5-5-5),Shawn Jordan,Jared Cannonier
c1039954c3457fe7,Decision - Unanimous,3,5:00,3 Rnd (5-5-5),Kenny Florian,Diego Nunes
19da32f5af2e8e2b,KO/TKO,1,4:30,3 Rnd (5-5-5),Kenny Florian,Alvin Robinson
b3c23fb2d71bba51,Decision - Unanimous,3,5:00,3 Rnd (5-5-5),Dan Hooker,Nasrat Haqparast
854c64fe481e65ee,Decision - Unanimous,3,5:00,3 Rnd (5-5-5),Hermes Franca,Marcus Aurelio
82342dc6be82778b,Decision - Unanimous,3,5:00,3 Rnd (5-5-5),Jimmie Rivera,John Dodson
c4fa93a4f37a6ca7,Decision - Unanimous,3,5:00,3 Rnd (5-5-5),Rafael Dos Anjos,Kyle Bradley
11f65de5348e4bc4,KO/TKO,3,2:29,3 Rnd (5-5-5),Santiago Ponzinibbio,Alex Morono
97febb293c99e5a8,KO/TKO,1,0:28,5 Rnd (5-5-5-5-5),Dan Henderson,Tim Boetsch
558b54d28a662cca,Decision - Unanimous,3,5:00,3 Rnd (5-5-5),Lance Benoist,Matthew Riddle
d9a797f632686568,Submission,2,3:10,3 Rnd (5-5-5),Alexander Yakovlev,Alex Da Silva
326b843cb2b7fd94,Decision - Split,3,5:00,3 Rnd (5-5-5),Andre Ewell,Jonathan Martinez
54afe8c42e2062d6,Decision - Unanimous,3,5:00,3 Rnd (5-5-5),Heather Clark,Bec Rawlings
5a1ce88ec1f75160,KO/TKO,3,4:34,5 Rnd (5-5-5-5-5),Brandon Moreno,Kai Kara-France
ef270d8cf29d071b,KO/TKO,1,0:20,3 Rnd (5-5-5),Denise Gomes,Yazmin Jauregui
59ad5b88804afbf5,TKO - Doctor's Stoppage,1,2:32,3 Rnd (5-5-5),Rustam Khabilov,Yancy Medeiros
34db1e0e2499e7ae,Decision - Unanimous,3,5:00,3 Rnd (5-5-5),Ashley Yoder,Miranda Granger
00bde62cac38e5e9,Decision - Unanimous,3,5:00,3 Rnd (5-5-5),Colby Thicknesse,Vince Morales
6915d46b49999f60,Decision - Unanimous,3,5:00,3 Rnd (5-5-5),Thiago Moises,King Green
a80579fe679d24e2,Decision - Majority,3,1:31,3 Rnd (5-5-5),Daniel Omielanczuk,Jarjis Danho
eff6ec2b2f1fb27b,KO/TKO,1,0:33,3 Rnd (5-5-5),Derrick Lewis,Marcos Rogerio de Lima
4c257f69fb974088,Decision - Unanimous,3,5:00,3 Rnd (5-5-5),Alexis Davis,Liz Carmouche
bb0794053766a866,Submission,1,3:23,3 Rnd (5-5-5),Dennis Siver,Dale Hartt
1e9a2b197ebff074,Decision - Unanimous,3,5:00,3 Rnd (5-5-5),Billy Quarantillo,Spike Carlyle
4fcbee643660d679,Submission,2,4:21,3 Rnd (5-5-5),Niko Price,George Sullivan
e9ffcf05270a320a,Decision - Split,3,5:00,3 Rnd (5-5-5),Bethe Correia,Jessica Eye
a160e94fdb66de17,Decision - Unanimous,3,5:00,3 Rnd (5-5-5),Pat Sabatini,Joanderson Brito
646eeca9447c6965,Submission,2,2:07,3 Rnd (5-5-5),Julian Marquez,Sam Alvey
e8907b881151b79d,KO/TKO,1,0:34,5 Rnd (5-5-5-5-5),Ovince Saint Preux,Mauricio Rua
acc57a9c114b694a,KO/TKO,1,1:44,3 Rnd (5-5-5),Nasrat Haqparast,Jamie Mullarkey
eedcb6c5d163e581,KO/TKO,1,4:19,3 Rnd (5-5-5),Magomed Ankalaev,Ion Cutelaba
7be3e513a31f6570,Decision - Unanimous,3,5:00,3 Rnd (5-5-5),Alex Caceres,Daniel Pineda
ffea776913451b6d,Submission,1,2:37,3 Rnd (5-5-5),Tony Ferguson,Gleison Tibau
5abcf9f282983acc,KO/TKO,1,1:05,3 Rnd (5-5-5),Tyson Pedro,Harry Hunsucker
083a0283b7bc503b,Decision - Unanimous,3,5:00,3 Rnd (5-5-5),Kevin Lee,Efrain Escudero
b1ac165326d8f29e,Submission,2,1:47,3 Rnd (5-5-5),Kayla Harrison,Holly Holm
3a8baa48c9b30d47,KO/TKO,2,4:31,3 Rnd (5-5-5),Chris Cariaso,Iliarde Santos
a01524699dfa3526,KO/TKO,1,1:04,3 Rnd (5-5-5),Takanori Gomi,Tyson Griffin
0337fa731f5b02c1,KO/TKO,2,1:33,3 Rnd (5-5-5),Ross Pearson,Sam Stout
4a116a55ffaa0d64,KO/TKO,1,1:14,3 Rnd (5-5-5),Maheshate,Steve Garcia
dc38c78358e053c3,Decision - Unanimous,5,5:00,5 Rnd (5-5-5-5-5),Amanda Nunes,Felicia Spencer
bac3ac8d7330d05d,Decision - Unanimous,3,5:00,3 Rnd (5-5-5),Zabit Magomedsharipov,Jeremy Stephens
a8239866e1222eae,Decision - Unanimous,3,5:00,3 Rnd (5-5-5),Mario Bautista,Ricky Simon
675cbe90f6d96feb,Decision - Unanimous,3,5:00,3 Rnd (5-5-5),Georges St-Pierre,Josh Koscheck
901dbd1e6463c4ba,KO/TKO,1,2:43,3 Rnd (5-5-5),Herbert Burns,Nate Landwehr
b2cda211e0e72811,Decision - Unanimous,3,5:00,3 Rnd (5-5-5),Brad Tavares,Nate Marquardt
394b0347b0438622,Decision - Unanimous,3,5:00,3 Rnd (5-5-5),Khamzat Chimaev,Gilbert Burns
b4daedb1e0c4ee02,Decision - Unanimous,3,5:00,3 Rnd (5-5-5),Erik Koch,Jonathan Brookins
d4127baf74b0e791,KO/TKO,1,1:02,3 Rnd (5-5-5),Wang Cong,Victoria Leonardo
cc477d322638ba30,KO/TKO,1,2:11,3 Rnd (5-5-5),Sergei Pavlovich,Maurice Greene
6afaf0ca45431a11,Decision - Unanimous,3,5:00,3 Rnd (5-5-5),Ilir Latifi,Tyson Pedro
3c3da227fbe36a28,Submission,2,2:38,3 Rnd (5-5-5),Islam Makhachev,Leo Kuntz
d395828f5cb045a5,KO/TKO,5,3:39,5 Rnd (5-5-5-5-5),Justin Gaethje,Tony Ferguson
daa06084bcc66645,KO/TKO,1,4:42,3 Rnd (5-5-5),Michael Johnson,Edward Faaloloto
001441f70c293931,Submission,1,3:49,3 Rnd (5-5-5),Paddy Pimblett,Kazula Vargas
66b295262ef7ee91,Submission,1,1:52,3 Rnd (5-5-5),Antonio Braga Neto,Anthony Smith
55e12d44e9e524cf,KO/TKO,2,0:22,3 Rnd (5-5-5),Stefan Struve,Christian Morecraft
7a5baef71925258c,Decision - Unanimous,3,5:00,3 Rnd (5-5-5),Colby Covington,Demian Maia
26ad51050ea55600,KO/TKO,1,0:17,3 Rnd (5-5-5),Antoni Hardonk,Colin Robinson
cbf3fc8730b4ad09,TKO - Doctor's Stoppage,1,4:21,1 Rnd (20),Dan Severn,Oleg Taktarov
26025a42e011229f,Decision - Split,3,5:00,3 Rnd (5-5-5),Rogerio Nogueira,Jason Brilz
b5bef60f79b38e69,Decision - Unanimous,3,5:00,3 Rnd (5-5-5),Thiago Tavares,Michihiro Omigawa
1ff3dff34d0b60b8,Submission,1,2:54,3 Rnd (5-5-5),Mara Romero Borella,Kalindra Faria
7484298ad57099be,Submission,2,3:31,3 Rnd (5-5-5),Jonathan Pearce,Omar Morales
55b53fdad307b708,KO/TKO,2,3:01,3 Rnd (5-5-5),Maycee Barber,JJ Aldrich
392089df68b1a721,KO/TKO,1,0:06,3 Rnd (5-5-5),Duane Ludwig,Jonathan Goulet
75570ea2da94a4fb,KO/TKO,1,2:41,3 Rnd (5-5-5),Tanner Boser,Philipe Lins
fa347a9ac9d0558c,KO/TKO,1,0:43,1 Rnd + 2OT (15-3-3),Vitor Belfort,Scott Ferrozzo
60de0423ae6ed097,KO/TKO,2,4:02,3 Rnd (5-5-5),Sean O'Malley,Aiemann Zahabi
8bfa9df5341c95c0,Submission,2,4:13,3 Rnd (5-5-5),Kailin Curran,Emily Kagan
e1f77d40503e5259,Submission,1,4:55,3 Rnd (5-5-5),Phil Davis,Alexander Gustafsson
e492dc60d8e44866,KO/TKO,3,1:09,3 Rnd (5-5-5),Michael Morales,Adam Fugitt
5238f6470d0557fb,Decision - Split,3,5:00,3 Rnd (5-5-5),Daniel Marcos,Adrian Yanez
76c5f66afe6ab192,KO/TKO,2,2:29,5 Rnd (5-5-5-5-5),Cristiane Justino,Lina Lansberg
1019f2a9c012e949,Decision - Unanimous,3,5:00,3 Rnd (5-5-5),Gilbert Burns,Aleksei Kunchenko
8f560a1fa19c122a,Submission,2,1:37,3 Rnd (5-5-5),Nate Marquardt,Jeremy Horn
4e5d4a36eaaa3a78,KO/TKO,3,0:27,3 Rnd (5-5-5),Morgan Charriere,Nate Landwehr
85f85003fadf7a7b,Decision - Unanimous,3,5:00,3 Rnd (5-5-5),Austin Arnett,Humberto Bandenay
52943c821416dc38,Decision - Unanimous,3,5:00,3 Rnd (5-5-5),Alexa Grasso,Heather Clark
539eff1fe2fb39ba,KO/TKO,2,2:19,3 Rnd (5-5-5),Matt Hamill,Reese Andy
b09f8cd4cbd7ba56,KO/TKO,3,3:21,3 Rnd (5-5-5),Devin Clark,William Knight
6ac3d588f9630f0a,Decision - Unanimous,3,5:00,3 Rnd (5-5-5),Raoni Barcelos,Khalid Taha
de332779baa1b103,Submission,2,0:59,3 Rnd (5-5-5),Christos Giagos,Sean Soriano
323fb015ca2444e3,KO/TKO,2,2:04,3 Rnd (5-5-5),Thiago Santos,Gerald Meerschaert
3223b7e196a07224,Decision - Unanimous,3,5:00,3 Rnd (5-5-5),Mick Parkin,Mohammed Usman
e53fd165a3bc1f8e,Decision - Unanimous,3,5:00,3 Rnd (5-5-5),Farid Basharat,Chris Gutierrez
e2bacdc395aa7b40,KO/TKO,3,0:41,5 Rnd (5-5-5-5-5),Ross Pearson,George Sotiropoulos
06fab49a307ff3d2,Decision - Unanimous,3,5:00,3 Rnd (5-5-5),Raphael Assuncao,Bryan Caraway
54cf1ffbc6e7a9fd,Decision - Unanimous,3,5:00,3 Rnd (5-5-5),Thales Leites,Pete Sell
be7b9301e7c689c1,Decision - Unanimous,3,5:00,3 Rnd (5-5-5),Charlie Brenneman,Daniel Roberts
f15be91b30b11e0c,TKO - Doctor's Stoppage,2,2:00,3 Rnd (5-5-5),Joe Riggs,Chris Lytle
fffa21388cdd78b7,Decision - Split,3,5:00,3 Rnd (5-5-5),Tim Boetsch,CB Dollaway
6cca11f353a2b42d,KO/TKO,2,1:42,3 Rnd (5-5-5),Dustin Jacoby,Julius Walker
e9c034cec33b3479,Decision - Majority,3,5:00,3 Rnd (5-5-5),Ludovit Klein,Mateusz Rebecki
a8067e65eb737a09,KO/TKO,1,0:33,3 Rnd + OT (5-5-5-5),Rinya Nakamura,Toshiomi Kazama
d4d4aded862ace46,Decision - Unanimous,3,5:00,3 Rnd (5-5-5),Myles Jury,Diego Sanchez
f4d91498ca3f0a1f,Decision - Unanimous,3,5:00,3 Rnd (5-5-5),Donald Cerrone,Myles Jury
bcef35d6e0964f01,Submission,1,1:17,3 Rnd (5-5-5),Dan Ige,Danny Henry
b5608e83faac1387,Decision - Unanimous,3,5:00,3 Rnd (5-5-5),George Sotiropoulos,Kurt Pellegrino
780147f2ed2637d1,Decision - Split,3,5:00,3 Rnd (5-5-5),Loopy Godinez,Cynthia Calvillo
dd552b389152636a,KO/TKO,3,0:45,3 Rnd (5-5-5),Melissa Gatto,Sijara Eubanks
cab4937435d081d0,KO/TKO,1,4:16,3 Rnd (5-5-5),Carlos Leal,Alex Morono
e1930496b33fa636,Decision - Unanimous,3,5:00,3 Rnd (5-5-5),JeongYeong Lee,Blake Bilder
ec149b086b0e7fac,Decision - Unanimous,3,5:00,3 Rnd (5-5-5),Zhang Weili,Tecia Pennington
79fb77a0b0294aec,KO/TKO,1,0:46,3 Rnd (5-5-5),Devonte Smith,Julian Erosa
0ccd16201ac41ef8,KO/TKO,5,4:59,5 Rnd (5-5-5-5-5),Yair Rodriguez,Chan Sung Jung
b30bb2ba5b68a180,Decision - Split,3,5:00,3 Rnd (5-5-5),Waylon Lowe,Steve Lopez
f3ad8ad8d242678e,Decision - Majority,3,5:00,3 Rnd (5-5-5),TIE,TIE
dd440cb166329a82,Decision - Unanimous,3,5:00,3 Rnd (5-5-5),Riki Fukuda,Tom DeBlass
3e50773520e7a218,Decision - Unanimous,3,5:00,3 Rnd (5-5-5),Jake Ellenberger,Diego Sanchez
744cbe6e49d4f41c,KO/TKO,1,2:58,3 Rnd (5-5-5),Natalia Silva,Victoria Leonardo
1ef09b1bf60f23cb,Decision - Unanimous,3,5:00,3 Rnd (5-5-5),Jon Fitch,Kuniyoshi Hironaka
d6f6ac29008509db,KO/TKO,1,1:27,5 Rnd (5-5-5-5-5),Justin Gaethje,James Vick
1317d7cd79495a0e,Decision - Unanimous,3,5:00,3 Rnd (5-5-5),Anthony Rocco Martin,Ramazan Emeev
5b55a8e33199d71e,Decision - Unanimous,3,5:00,3 Rnd (5-5-5),Alex Caceres,Cole Miller
189b9af881b96de6,Decision - Unanimous,3,5:00,3 Rnd (5-5-5),Drakkar Klose,Rafa Garcia
7df505d8260ba680,Decision - Split,3,5:00,3 Rnd (5-5-5),Edgar Chairez,Felipe Bunes
8d886fba9328269c,Decision - Unanimous,3,5:00,3 Rnd (5-5-5),Mark Munoz,Aaron Simpson
4712708adb1507aa,KO/TKO,1,1:42,3 Rnd (5-5-5),Francis Ngannou,Alistair Overeem
d0a8304574e65ec9,Decision - Unanimous,3,5:00,3 Rnd (5-5-5),Joshua Burkman,KJ Noons
c5b8a996eff18540,Decision - Unanimous,3,5:00,3 Rnd (5-5-5),Alex Morono,Max Griffin
49818fb1520ce956,Decision - Unanimous,3,5:00,3 Rnd (5-5-5),Donald Cerrone,Jeremy Stephens
c456b1950208e0b2,TKO - Doctor's Stoppage,2,3:35,3 Rnd (5-5-5),Joanderson Brito,Jack Shore
8f9cfe0e283a6ccb,Submission,5,4:56,5 Rnd (5-5-5-5-5),Frankie Edgar,Cub Swanson
47dfd70b5780d68a,Submission,3,3:01,3 Rnd (5-5-5),Leon Edwards,Albert Tumenov
ab8b506dd2277da3,Submission,2,4:33,3 Rnd (5-5-5),Yves Edwards,Cody McKenzie
a26db2cee9eab1f9,KO/TKO,3,0:46,3 Rnd (5-5-5),Neil Magny,Hector Lombard
4911094a4ee26868,Decision - Unanimous,3,5:00,3 Rnd (5-5-5),Brendan Allen,Punahele Soriano
6b6680338558bd46,Decision - Unanimous,3,5:00,3 Rnd (5-5-5),Raquel Pennington,Elizabeth Phillips
652a956adab8ad0e,Submission,2,1:16,3 Rnd (5-5-5),Virna Jandiroba,Mallory Martin
0a70601cc9f2426f,KO/TKO,1,1:42,3 Rnd (5-5-5),Sam Sicilia,Godofredo Pepey
7685701c382cd49a,Decision - Unanimous,3,5:00,3 Rnd (5-5-5),Sergio Pettis,John Moraga
70b8d357e89383bd,Decision - Unanimous,3,5:00,3 Rnd (5-5-5),Sodiq Yusuff,Alex Caceres
69c06be4f87ccdab,KO/TKO,1,4:10,5 Rnd (5-5-5-5-5),Amanda Nunes,Holly Holm
88945d70ee6c6467,KO/TKO,1,0:20,1 Rnd (20),David Abbott,John Matua
0f51869f98afa6c0,Submission,3,2:26,5 Rnd (5-5-5-5-5),Brandon Moreno,Deiveson Figueiredo
d6e1205babf27a9d,KO/TKO,3,4:25,3 Rnd (5-5-5),Mike Pyle,Sean Spencer
5261874c58322b46,Decision - Unanimous,3,5:00,3 Rnd (5-5-5),Matt Hughes,Renato Verissimo
824859c7580eb35b,Decision - Unanimous,5,5:00,5 Rnd (5-5-5-5-5),Edson Barboza,Sodiq Yusuff
1d892fec31dc7ad7,KO/TKO,2,3:41,3 Rnd (5-5-5),Casey O'Neill,Shana Dobson
c9733393385105cb,TKO - Doctor's Stoppage,2,2:14,3 Rnd (5-5-5),Joe Lauzon,Michael Chiesa
1aba46988c9b58f9,Decision - Split,3,5:00,3 Rnd (5-5-5),Brad Tavares,Omari Akhmedov
41e9da89f349b2bc,KO/TKO,1,2:07,3 Rnd (5-5-5),Junior Dos Santos,Gilbert Yvel
8d9bcbb48888a5a3,KO/TKO,1,0:37,3 Rnd (5-5-5),Esteban Ribovics,Terrance McKinney
9eb92b670eebdcd4,Decision - Unanimous,3,5:00,3 Rnd (5-5-5),Michael Chiesa,Mitch Clarke
44ca8997a3e5cda8,Decision - Unanimous,3,5:00,3 Rnd (5-5-5),Ryan Jimmo,Igor Pokrajac
9890835f4c1c6b75,Decision - Split,5,5:00,5 Rnd (5-5-5-5-5),Demetrious Johnson,Joseph Benavidez
5aef2af22f5f2fbd,Submission,1,1:37,3 Rnd (5-5-5),Jason MacDonald,Ryan Jensen
eb5fd91dd3d937db,Submission,1,2:26,3 Rnd (5-5-5),Eric Schafer,Rob MacDonald
0408a452fb5c3e14,Decision - Unanimous,3,5:00,3 Rnd (5-5-5),Rani Yahya,Michinori Tanaka
9a678f346946b6a4,KO/TKO,3,1:16,3 Rnd (5-5-5),Miles Johns,Anderson Dos Santos
6ccf478dca83757e,Decision - Unanimous,3,5:00,3 Rnd (5-5-5),Leon Edwards,Dominic Waters
0aad210fbaa1db6c,KO/TKO,1,0:48,5 Rnd (5-5-5-5-5),Amanda Nunes,Ronda Rousey
6cfab1da57d260f4,KO/TKO,1,0:45,3 Rnd (5-5-5),Tom Aspinall,Jake Collier
69bc7ca8ce831731,Decision - Unanimous,5,5:00,5 Rnd (5-5-5-5-5),Amanda Nunes,Irene Aldana
7c8701bb78cb4de8,Submission,3,4:11,3 Rnd (5-5-5),Grant Dawson,Jared Gordon
fdde8777c7ae9769,KO/TKO,2,0:25,3 Rnd (5-5-5),Henry Cejudo,Wilson Reis
47b1cd4e3e2595f8,Decision - Unanimous,3,5:00,3 Rnd (5-5-5),Volkan Oezdemir,Paul Craig
46f81d5ecd974c1c,Decision - Unanimous,3,5:00,3 Rnd (5-5-5),Nurullo Aliev,Shem Rock
ea9059fd076a2f1e,KO/TKO,1,3:50,3 Rnd (5-5-5),Erik Perez,Byron Bloodworth
7ed9e8f3258446c7,Submission,1,0:49,3 Rnd (5-5-5),Gabriel Bonfim,Mounir Lazzez
3624f4ae9c1d703e,Decision - Unanimous,3,5:00,3 Rnd (5-5-5),Evan Elder,Genaro Valdez
cef255a992ba7af3,Decision - Unanimous,3,5:00,3 Rnd (5-5-5),Daniel Zellhuber,Lando Vannata
6101249c2cdd1493,Decision - Split,3,5:00,3 Rnd (5-5-5),Chris Gutierrez,Felipe Colares
6a7f68feb5c0755d,Submission,3,4:39,3 Rnd (5-5-5),Alex Caceres,Sergio Pettis
5afd44d1e567d2e8,Decision - Unanimous,3,5:00,3 Rnd (5-5-5),Charles Rosa,Kyle Bochniak
719f21fdb310fcfb,KO/TKO,2,3:39,3 Rnd (5-5-5),Joe Riggs,Joe Doerksen
5db23cc876db1619,Submission,2,1:17,3 Rnd (5-5-5),Chris Lytle,Ronald Jhun
2594287e8fa31404,KO/TKO,3,2:55,3 Rnd (5-5-5),Cat Zingano,Miesha Tate
2a26c0cfa06265b7,Decision - Split,3,5:00,3 Rnd (5-5-5),Farid Basharat,Jean Matsumoto
9d2f7d29bb9c9034,Decision - Unanimous,3,5:00,3 Rnd (5-5-5),Luis Pena,Steve Garcia
e7cb40d82d987b9e,Decision - Unanimous,3,5:00,3 Rnd (5-5-5),Daniel Cormier,Roy Nelson
b0958ed411ae9675,Decision - Split,3,5:00,3 Rnd (5-5-5),Evan Dunham,Marcus Aurelio
277233ca9ea25674,KO/TKO,3,4:21,3 Rnd (5-5-5),Brady Hiestand,Batgerel Danaa
004b9368337d3cd6,KO/TKO,1,5:00,3 Rnd (5-5-5),Rameau Thierry Sokoudjou,Kazuhiro Nakamura
81127436605d3c88,Decision - Unanimous,3,5:00,3 Rnd (5-5-5),Colby Thicknesse,Josias Musasa
433e3fd8782b6e0e,KO/TKO,1,2:18,3 Rnd (5-5-5),Jim Miller,Takanori Gomi
b1da312483a974b3,Decision - Unanimous,3,5:00,3 Rnd (5-5-5),Kevin Holland,Alessio Di Chirico
e36a5d4d53b97d4e,Submission,1,3:44,3 Rnd (5-5-5),Stephanie Egger,Jessica-Rose Clark
70ddd13934e6c0e9,Decision - Unanimous,3,5:00,3 Rnd (5-5-5),Tyson Griffin,Manvel Gamburyan
b43c83505edcd8fa,Decision - Unanimous,3,5:00,3 Rnd (5-5-5),Tim Elliott,Jared Papazian
76602c3658d70273,Submission,2,3:12,3 Rnd (5-5-5),Kevin Lee,Francisco Trinaldo
8794b5f9a591daf6,KO/TKO,2,4:40,3 Rnd (5-5-5),Marc Diakiese,Lukasz Sajewski
f743abae6896c1e8,Decision - Unanimous,3,5:00,3 Rnd (5-5-5),Jake O'Brien,Josh Shockman
f065dc596a08a258,Decision - Unanimous,3,5:00,3 Rnd (5-5-5),Andrei Arlovski,Ben Rothwell
b84c447bb74febe2,Decision - Unanimous,3,5:00,3 Rnd (5-5-5),Muhammad Naimov,Nathaniel Wood
b98bc1ecb94ef4a5,Submission,2,2:24,3 Rnd (5-5-5),Ramiz Brahimaj,Austin Vanderford
ddf768753c8030c1,Submission,1,3:34,3 Rnd (5-5-5),Gunnar Nelson,DaMarques Johnson
543de77637ad2a20,KO/TKO,2,3:13,3 Rnd (5-5-5),Sage Northcutt,Zak Ottow
b66f4fa1b9b96b51,TKO - Doctor's Stoppage,2,5:00,3 Rnd (5-5-5),Alex Caceres,Rolando Dy
d215c4e6dc1346ae,KO/TKO,3,1:16,3 Rnd (5-5-5),Cheick Kongo,Paul Buentello
fe5427398fd9d9dc,KO/TKO,1,1:56,3 Rnd (5-5-5),Amanda Nunes,Shayna Baszler
033d968f325842e7,Decision - Split,3,5:00,3 Rnd (5-5-5),Chico Camus,Brad Pickett
be822403f364fff3,Decision - Split,3,5:00,3 Rnd (5-5-5),Dan Ige,Mirsad Bektic
0760bc02280574dd,Decision - Majority,3,5:00,3 Rnd (5-5-5),Thomas Petersen,Guilherme Pat
d1621b3da377f34b,Submission,1,3:47,5 Rnd (5-5-5-5-5),Anthony Smith,Ryan Spann
4df8efe64e83f74e,Submission,1,0:44,3 Rnd (5-5-5),Rory Singer,Ross Pointon
742dc4196d329db0,Decision - Unanimous,3,5:00,3 Rnd (5-5-5),Cory McKenna,Kay Hansen
6cd44e1b2d093ea4,Decision - Unanimous,5,5:00,5 Rnd (5-5-5-5-5),Israel Adesanya,Marvin Vettori
0cbeda449bc94af7,Decision - Unanimous,3,5:00,3 Rnd + OT (5-5-5-5),Enrique Barzola,Horacio Gutierrez
ba0a3a4b80418db9,KO/TKO,1,1:09,3 Rnd (5-5-5),Brandon Vera,Frank Mir
09a29fb09fe07559,Submission,1,2:34,5 Rnd (5-5-5-5-5),Anthony Smith,Devin Clark
026e64f70e319e00,Submission,3,2:35,3 Rnd (5-5-5),Joe Doerksen,Patrick Cote
093ef5ab2081cf65,Submission,3,0:52,3 Rnd (5-5-5),Randy Couture,Mike van Arsdale
5c827dd56a08f700,Decision - Split,3,5:00,3 Rnd (5-5-5),Masio Fullen,Alex Torres
3a5b53d1123d9f7e,Decision - Unanimous,5,5:00,5 Rnd (5-5-5-5-5),Tim Kennedy,Michael Bisping
8baa6b8850262595,KO/TKO,2,0:41,3 Rnd (5-5-5),Antonio Silva,Soa Palelei
cbdfb3c648d7bada,Submission,1,1:04,3 Rnd (5-5-5),Joseph Holmes,Alen Amedovski
38094db8e3539cba,KO/TKO,1,1:52,3 Rnd (5-5-5),Christian Leroy Duncan,Dusko Todorovic
83c81018bb3aeebf,KO/TKO,1,2:37,3 Rnd (5-5-5),Edson Barboza,Billy Quarantillo
dfb856d4c80bbf04,Decision - Unanimous,3,5:00,3 Rnd (5-5-5),Tony Kelley,Ali AlQaisi
84973bbdffaf0d0e,Submission,1,1:44,5 Rnd (5-5-5-5-5),Serghei Spivac,Marcin Tybura
958799d957945a3a,KO/TKO,2,1:58,3 Rnd (5-5-5),Jim Miller,Nikolas Motta
d439374c1fc95581,Decision - Majority,3,5:00,3 Rnd (5-5-5),Shane Burgos,Charles Jourdain
6fa2dae90bda4742,Decision - Split,3,5:00,3 Rnd (5-5-5),JunYong Park,Brad Tavares
e2e23aee91e27847,Decision - Unanimous,3,5:00,3 Rnd (5-5-5),Ryan Bader,Rashad Evans
638093bc4f69f639,Decision - Unanimous,3,5:00,3 Rnd (5-5-5),Glover Teixeira,Quinton Jackson
06c0c7dda5a5909d,Decision - Unanimous,3,5:00,3 Rnd (5-5-5),Molly McCann,Ji Yeon Kim
228879162d8be605,Decision - Split,3,5:00,3 Rnd (5-5-5),Raphael Assuncao,Marlon Moraes
e512b80bbaea36c2,Decision - Unanimous,3,5:00,3 Rnd (5-5-5),Seokhyeon Ko,Oban Elliott
1a7cd191f0cf160c,Decision - Unanimous,3,5:00,3 Rnd (5-5-5),Movsar Evloev,Arnold Allen
e0b323dae5bf4c90,Submission,3,0:28,5 Rnd (5-5-5-5-5),Charles Oliveira,Kevin Lee
ce246b336b6bd638,Submission,1,2:38,3 Rnd (5-5-5),Demian Maia,Lyman Good
cfca060f39db1742,Decision - Unanimous,3,5:00,3 Rnd (5-5-5),Paul Kelly,Paul Taylor
5f44d6d9e6bbecff,Decision - Unanimous,3,5:00,3 Rnd (5-5-5),Virna Jandiroba,Marina Rodriguez
93d5452726f5f364,Decision - Unanimous,3,5:00,3 Rnd (5-5-5),Sergey Morozov,Khalid Taha
dd1131c208475365,Decision - Unanimous,3,5:00,3 Rnd (5-5-5),Darren Elkins,Hatsu Hioki
2517029ff9c1a1a2,Decision - Unanimous,3,5:00,3 Rnd (5-5-5),Gillian Robertson,Michelle Waterson-Gomez
66ba984cc547e31a,KO/TKO,3,1:29,3 Rnd (5-5-5),Raoni Barcelos,Kurt Holobaugh
c5dfce1eaa2dc169,Decision - Split,3,5:00,3 Rnd (5-5-5),Dwight Grant,Stefan Sekulic
45781930d64da456,Decision - Unanimous,3,5:00,3 Rnd (5-5-5),Rodolfo Vieira,Tresean Gore
168413032bb51ce0,KO/TKO,1,2:08,3 Rnd (5-5-5),Amanda Nunes,Sheila Gaff
2142ff2a46d22741,Decision - Unanimous,3,5:00,3 Rnd (5-5-5),Brad Tavares,Thales Leites
1ba282da76ca82ad,Decision - Unanimous,3,5:00,3 Rnd (5-5-5),Melissa Mullins,Irina Alekseeva
7cf7960c6ccb5fa1,DQ,1,3:52,3 Rnd (5-5-5),Mike Jackson,Dean Barry
1c4e4b3358089960,Decision - Unanimous,5,5:00,5 Rnd (5-5-5-5-5),Jose Aldo,Frankie Edgar
f817a161eb72e685,Decision - Split,3,5:00,3 Rnd (5-5-5),Chris Camozzi,Dongi Yang
b34abcfe4c2e8a57,Submission,2,2:22,3 Rnd (5-5-5),Raul Rosas Jr.,Ricky Turcios
63c08ecea35e8bee,Decision - Unanimous,3,5:00,3 Rnd (5-5-5),Pawel Pawlak,Sheldon Westcott
14176809bcdafd01,Decision - Unanimous,3,5:00,3 Rnd (5-5-5),Hunter Azure,Brad Katona
c99e302777049f2d,Decision - Split,1,12:00,1 Rnd (12),Alex Hunter,Harry Moskowitz
6aee27cc2610b56a,KO/TKO,2,3:40,3 Rnd (5-5-5),Matt Brown,Matt Arroyo
e2e2537a345367d4,KO/TKO,1,4:06,3 Rnd (5-5-5),Jamall Emmers,Gabriel Miranda
27c34f7a7e1c4d67,Submission,3,1:09,3 Rnd (5-5-5),Urijah Faber,Alex Caceres
308f6cb830019ea9,Decision - Unanimous,3,5:00,3 Rnd (5-5-5),Jean Matsumoto,Brad Katona
d325a1483d78ae75,KO/TKO,2,4:47,3 Rnd (5-5-5),Belal Muhammad,Sean Brady
2a28ce0035468735,KO/TKO,3,2:15,3 Rnd (5-5-5),Jim Miller,Kamal Shalorus
44d58943ac8e47e1,Decision - Unanimous,3,5:00,3 Rnd (5-5-5),Regina Tarin,Ernesta Kareckaite
e3d9bbea4c51dec4,Submission,1,2:07,3 Rnd (5-5-5),Joe Stevenson,Dokonjonosuke Mishima
1f2f27b36e79da74,Decision - Unanimous,3,5:00,3 Rnd (5-5-5),Tucker Lutz,Kevin Aguilar
dc85144d1d945076,Submission,3,2:49,3 Rnd (5-5-5),Robert McDaniel,Gilbert Smith
f26657d5018ee428,KO/TKO,2,3:36,3 Rnd (5-5-5),Chase Sherman,Rashad Coulter
6971094300073d47,KO/TKO,1,4:35,3 Rnd (5-5-5),Tai Tuivasa,Rashad Coulter
094790e50afae55e,Submission,1,3:57,3 Rnd (5-5-5),Ricardo Ramos,Eduardo Garagorri
8c3179f0fd62af14,KO/TKO,1,4:55,3 Rnd (5-5-5),Rich Franklin,Chuck Liddell
e068f14acd47ed69,Decision - Split,3,5:00,3 Rnd (5-5-5),Leon Edwards,Gunnar Nelson
2c7c7648e847f2e5,Decision - Unanimous,3,5:00,3 Rnd (5-5-5),Natalia Silva,Jasmine Jasudavicius
b2398418be9a3442,Submission,1,1:24,3 Rnd (5-5-5),Nikita Krylov,Stanislav Nedkov
24ac3d1bee1610ef,Decision - Unanimous,3,5:00,3 Rnd (5-5-5),Dennis Siver,Charles Rosa
8f120352072bd5ed,KO/TKO,1,2:39,3 Rnd (5-5-5),Godofredo Pepey,Noad Lahat
dbfac95047e7b33a,Decision - Unanimous,3,5:00,3 Rnd (5-5-5),Waylon Lowe,Willamy Freire
dbe53d31f4c1ccf7,Decision - Split,3,5:00,3 Rnd (5-5-5),Brian Ebersole,Claude Patrick
7a440fcd8048b091,Decision - Unanimous,3,5:00,3 Rnd (5-5-5),Alejandro Perez,Jose Quinonez
1a8b815679bc89b8,Decision - Unanimous,3,5:00,3 Rnd (5-5-5),Zach Makovsky,Josh Sampo
d5176b45df32f67e,Decision - Split,3,5:00,3 Rnd (5-5-5),Matt Schnell,Naoki Inoue
01f396a7372dc8ff,Submission,2,1:59,3 Rnd (5-5-5),Paul Craig,Henrique da Silva
5afbc04a153d7efd,Submission,3,1:26,3 Rnd (5-5-5),Michel Prazeres,Mads Burnell
5d5bf07dbfada0e3,Decision - Unanimous,3,5:00,3 Rnd (5-5-5),Jennifer Maia,Jessica Eye
c0ca4c201d086ea8,KO/TKO,1,0:54,3 Rnd (5-5-5),Raul Rosas Jr.,Terrence Mitchell
b65b37c0e00074d9,Decision - Unanimous,3,5:00,3 Rnd (5-5-5),SeungWoo Choi,Jarno Errens
9f09e77e46f15766,Decision - Unanimous,3,5:00,3 Rnd (5-5-5),Dan Argueta,Nick Aguirre
410aca28fda60f76,Submission,1,1:02,3 Rnd (5-5-5),Michel Prazeres,Bartosz Fabinski
b9508f47504ccc59,KO/TKO,1,0:12,3 Rnd (5-5-5),Johny Hendricks,Jon Fitch
60bd4d2878c85f70,Decision - Unanimous,3,5:00,3 Rnd (5-5-5),Piera Rodriguez,Sam Hughes
04e6a26fe2a4017d,KO/TKO,1,2:03,3 Rnd (5-5-5),Roy Nelson,Cheick Kongo
ccccc0a22b05eac6,Submission,1,2:44,No Time Limit,Keith Hackney,Joe Son
b3d2ac2244e4f791,Submission,1,2:30,3 Rnd (5-5-5),Chris Duncan,Terrance McKinney
7ba4a04673307cc9,Decision - Unanimous,3,5:00,3 Rnd (5-5-5),Chas Skelly,Sean Soriano
e57bfadb506e4f51,Submission,2,1:48,3 Rnd (5-5-5),Amanda Lemos,Michelle Waterson-Gomez
68ac97071275099f,KO/TKO,2,4:48,3 Rnd (5-5-5),Rashad Evans,Tito Ortiz
003c84fc7c3fa028,Decision - Unanimous,3,5:00,3 Rnd (5-5-5),Nordine Taleb,Kyle Prepolec
72d703db67371e1d,Submission,1,4:30,3 Rnd (5-5-5),Antonio Carlos Junior,Jack Marshman
019eca4a900ed793,KO/TKO,1,4:58,3 Rnd (5-5-5),Evan Tanner,Lance Gibson
d8e8d41282fc90dc,Decision - Unanimous,3,5:00,3 Rnd (5-5-5),Andre Petroski,Josh Fremd
d988760df61f027c,KO/TKO,2,0:56,3 Rnd (5-5-5),Marcin Prachnio,Ike Villanueva
2f15a2ed6cd4711f,KO/TKO,1,4:18,3 Rnd (5-5-5),Cody Garbrandt,Augusto Mendes
86bbe429ae27d913,Decision - Unanimous,3,5:00,3 Rnd (5-5-5),Norman Parke,Kazuki Tokudome
4c9bbd9758be1168,Decision - Split,3,5:00,3 Rnd (5-5-5),Khaos Williams,Rolando Bedoya
2bcb878e9d02b8f7,Decision - Unanimous,3,5:00,3 Rnd (5-5-5),Beneil Dariush,Jim Miller
365e2d891b98b86d,KO/TKO,4,0:21,5 Rnd (5-5-5-5-5),Jared Cannonier,Gregory Rodrigues
29cd6bee493a8662,Submission,1,3:48,3 Rnd (5-5-5),Matt Wiman,Paul Sass
b3253e2c2d111030,KO/TKO,3,1:43,3 Rnd (5-5-5),Robert Bryczek,Brad Tavares
7c76c752c7abf2e0,Decision - Unanimous,3,5:00,3 Rnd (5-5-5),Leonardo Santos,Roman Bogatov
d7c7b312279104d2,KO/TKO,3,4:03,3 Rnd (5-5-5),Augusto Sakai,Chase Sherman
81cde317c156723b,Submission,3,3:33,3 Rnd (5-5-5),Asu Almabayev,Charles Johnson
1a502852b706f674,Decision - Split,3,5:00,3 Rnd (5-5-5),Felice Herrig,Cortney Casey
4b1aec2395ebca14,Decision - Unanimous,3,5:00,3 Rnd (5-5-5),Victor Henry,Pedro Falcao
7a64d63e12618ba7,KO/TKO,1,2:27,5 Rnd (5-5-5-5-5),Ilia Topuria,Charles Oliveira
6ecd93dbbaba7e10,KO/TKO,2,0:34,3 Rnd (5-5-5),Teruto Ishihara,Julian Erosa
783761d95060ffc4,KO/TKO,1,2:38,3 Rnd (5-5-5),Dustin Jacoby,Justin Ledet
f3e289f1423c0e6f,Submission,1,1:15,3 Rnd (5-5-5),Charles Oliveira,Jim Miller
ba75be28158d424c,Decision - Unanimous,3,5:00,3 Rnd (5-5-5),Chris Weidman,Demian Maia
e8a167bb84082832,Decision - Unanimous,3,5:00,3 Rnd (5-5-5),Michael Johnson,Shane Roller
dc169cc01d675125,Decision - Unanimous,3,5:00,3 Rnd (5-5-5),Joe Soto,Rani Yahya
173d576e6247a88a,Submission,1,2:32,3 Rnd (5-5-5),Charles Jourdain,Lando Vannata
84c68c4c387d2e32,Decision - Unanimous,3,5:00,3 Rnd (5-5-5),Cody Durden,Aoriqileng
2242e7df6f320ea6,Decision - Unanimous,3,5:00,3 Rnd (5-5-5),Jessica Eye,Jessica-Rose Clark
1fd5bf36c42ff1a2,KO/TKO,2,4:34,3 Rnd (5-5-5),Deiveson Figueiredo,Joseph Morales
c92308bbd6107b11,Decision - Unanimous,3,5:00,3 Rnd (5-5-5),Alexander Hernandez,Francisco Trinaldo
c9d2a718f39274c0,KO/TKO,1,1:15,3 Rnd (5-5-5),Elizeu Zaleski dos Santos,Zachary Scroggin
089a17e450cc98aa,Decision - Unanimous,3,5:00,3 Rnd (5-5-5),Daniel Rodriguez,Kevin Lee
cc2809e10315a6b5,Decision - Unanimous,3,5:00,3 Rnd (5-5-5),Henry Cejudo,Sergio Pettis
0cdca4c22b8d3ab5,Decision - Unanimous,3,5:00,3 Rnd (5-5-5),Anthony Hernandez,Brendan Allen
a788042d4d0c50d4,Submission,2,1:44,3 Rnd (5-5-5),Henry Briones,Guido Cannetti
d97970009fbfca30,Decision - Unanimous,3,5:00,3 Rnd (5-5-5),Matt Schnell,Marco Beltran
7767149280471f2a,Submission,1,2:52,3 Rnd (5-5-5),Kiichi Kunimoto,Daniel Sarafian
a9a6cca4bbf7a5db,Submission,2,3:43,3 Rnd (5-5-5),Gabe Green,Matheus Camilo
d63c9aa4f4873001,Decision - Unanimous,3,5:00,3 Rnd (5-5-5),Natalia Silva,Rose Namajunas
35f80e003d16a439,Submission,3,4:01,3 Rnd (5-5-5),Zak Cummings,Trevin Giles
2d4743a82fc55642,Decision - Split,3,5:00,3 Rnd (5-5-5),Albert Morales,Andre Soukhamthath
bc0b3c16246e0d1d,Decision - Split,3,5:00,3 Rnd (5-5-5),Jose Souza,Ding Meng
f4e5f49ca3831e64,KO/TKO,2,2:47,3 Rnd (5-5-5),Stephan Bonnar,Eric Schafer
2b3b6e96cea0f757,KO/TKO,3,1:15,3 Rnd (5-5-5),Derrick Lewis,Viktor Pesta
4acab67848e78327,Submission,1,0:20,No Time Limit,Scott Morris,Sean Daugherty
1c9798288310201c,Submission,1,2:59,3 Rnd (5-5-5),Martin Kampmann,Crafton Wallace
efbab76bedbfb65d,Submission,1,3:31,3 Rnd (5-5-5),Cory Sandhagen,Mario Bautista
a45596cda51a1816,KO/TKO,1,1:32,3 Rnd (5-5-5),Francis Ngannou,Andrei Arlovski
919e3c5cc6999cb3,Decision - Split,3,5:00,3 Rnd (5-5-5),Mateusz Rebecki,Myktybek Orolbai
a28c80463d7d0c03,Submission,2,1:07,3 Rnd (5-5-5),Karlos Vemola,Mike Massenzio
860954fbe26b867a,KO/TKO,2,4:29,3 Rnd (5-5-5),Matthew Riddle,DaMarques Johnson
d8d22dcc1f6912e7,Decision - Unanimous,3,5:00,3 Rnd (5-5-5),Matt Schnell,Jimmy Flick
e3255c742fff811c,Submission,1,1:30,1 Rnd + OT (12-3),Steven Graham,Dmitri Stepanov
73726e32d26c17ee,Decision - Unanimous,3,5:00,3 Rnd (5-5-5),Matt Wiman,Michihiro Omigawa
5737084215c45792,Submission,2,2:51,3 Rnd (5-5-5),Tatiana Suarez,Montana De La Rosa
5eaff5c832430378,Decision - Unanimous,3,5:00,3 Rnd (5-5-5),Tabatha Ricci,Polyana Viana
20063242f6e40d31,KO/TKO,3,0:43,3 Rnd (5-5-5),Mauricio Rua,Tyson Pedro
813444e109995c97,Submission,3,1:54,3 Rnd (5-5-5),Rodolfo Vieira,Dustin Stoltzfus
1f0254eeb2025e4f,KO/TKO,2,4:43,3 Rnd (5-5-5),Alistair Overeem,Junior Dos Santos
6dc666fd76a3b280,Decision - Unanimous,3,5:00,3 Rnd (5-5-5),Mark Munoz,Demian Maia
a1c1e3c1e9c6cf1e,Decision - Majority,2,5:00,2 Rnd (5-5),TIE,TIE
15068d7b095ca9bd,KO/TKO,2,4:21,3 Rnd (5-5-5),Imanol Rodriguez,Kevin Borjas
efc40ec41114d8fa,Decision - Unanimous,5,5:00,5 Rnd (5-5-5-5-5),Alexander Volkanovski,Max Holloway
79e7b986601fdd2a,KO/TKO,1,3:54,3 Rnd (5-5-5),Alan Patrick,Garett Whiteley
61070325bb440f58,Decision - Unanimous,3,5:00,3 Rnd (5-5-5),Marcin Held,Nasrat Haqparast
3dbf17b9946d26db,Submission,4,3:57,5 Rnd (5-5-5-5-5),Renan Barao,Michael McDonald
b46f2f007b622bce,Decision - Unanimous,5,5:00,5 Rnd (5-5-5-5-5),Israel Adesanya,Yoel Romero
c46d51fb87a4f485,Decision - Split,3,5:00,3 Rnd (5-5-5),TIE,TIE
e5bd7e6e2a50a843,Decision - Unanimous,3,5:00,3 Rnd (5-5-5),Edmen Shahbazyan,Andre Petroski
a74a8c1e0a49070d,Decision - Unanimous,3,5:00,3 Rnd (5-5-5),Chris Gutierrez,Alatengheili
476548ca3d8cf0ee,KO/TKO,2,4:21,3 Rnd (5-5-5),Frank Mir,Wes Sims
7dbf23cb872edc9c,Decision - Unanimous,3,5:00,3 Rnd (5-5-5),Tim Elliott,Ryan Benoit
f5ebfe526cf409e8,Submission,2,1:51,3 Rnd (5-5-5),Raphael Assuncao,Vaughan Lee
473b9b56cdaedba3,Decision - Unanimous,3,5:00,3 Rnd (5-5-5),Alan Jouban,Mike Perry
98458778348ea5d7,KO/TKO,1,1:50,3 Rnd (5-5-5),Manuel Torres,Nikolas Motta
5d8a1daadda47ace,Decision - Unanimous,3,5:00,3 Rnd (5-5-5),Zhang Weili,Danielle Taylor
d9375ede2ec2f924,Decision - Unanimous,5,5:00,5 Rnd (5-5-5-5-5),Rafael Dos Anjos,Robbie Lawler
85f920746c58d0a6,Decision - Unanimous,3,5:00,3 Rnd (5-5-5),Jamie Pickett,Laureano Staropoli
d0d74672150ddea3,Decision - Unanimous,3,5:00,3 Rnd (5-5-5),Mackenzie Dern,Loopy Godinez
d0e4876ab954d27d,Decision - Unanimous,5,5:00,5 Rnd (5-5-5-5-5),Georges St-Pierre,Dan Hardy
9ee818e10dcf3b45,Decision - Unanimous,3,5:00,3 Rnd (5-5-5),Corey Anderson,Ilir Latifi
3b76a00f5d0400eb,Decision - Unanimous,3,5:00,3 Rnd (5-5-5),Santiago Luna,Angel Pacheco
378ede9e541c82f9,TKO - Doctor's Stoppage,1,0:47,1 Rnd + OT (12-3),Mark Hall,Koji Kitao
72d6996a60856b5f,Decision - Split,3,5:00,3 Rnd (5-5-5),Hacran Dias,Levan Makashvili
f5a6acc99bc5c634,KO/TKO,1,2:54,3 Rnd (5-5-5),Joanderson Brito,Westin Wilson
3740c8033e31c90d,KO/TKO,1,4:35,3 Rnd (5-5-5),Irene Aldana,Yana Santos
9c0721bd410e7a0e,Decision - Unanimous,3,5:00,3 Rnd (5-5-5),Kevin Lee,Jon Tuck
e939acbd9894c686,KO/TKO,1,0:50,3 Rnd (5-5-5),Walt Harris,Serghei Spivac
8d556e2826924946,Decision - Unanimous,3,5:00,3 Rnd (5-5-5),Jon Tuck,Zhang Tiequan
b42a3386a7dccb3d,Decision - Split,3,5:00,3 Rnd (5-5-5),Alexander Volkov,Jailton Almeida
026c4a26106cc158,Decision - Unanimous,3,5:00,3 Rnd (5-5-5),Belal Muhammad,Chance Rencountre
e98eb6de29c62c9c,Decision - Unanimous,3,5:00,3 Rnd (5-5-5),Waldo Cortes Acosta,Robelis Despaigne
bf719cf83cab229b,Decision - Majority,3,5:00,3 Rnd (5-5-5),Max Griffin,Zelim Imadaev
9c4cbd0546d03f6b,Decision - Unanimous,3,5:00,3 Rnd (5-5-5),Frankie Edgar,Jeremy Stephens
70228adf93b6434f,Decision - Unanimous,3,5:00,3 Rnd (5-5-5),Paulo Thiago,Jacob Volkmann
6760e48a36571feb,Decision - Split,3,5:00,3 Rnd (5-5-5),Patrick Cote,Ricardo Almeida
6db4d7827082d5b9,KO/TKO,1,4:10,3 Rnd (5-5-5),Tyson Pedro,Paul Craig
d92abff61b0ff5db,KO/TKO,1,1:59,3 Rnd (5-5-5),Marcos Rogerio de Lima,Igor Pokrajac
f67fa758cc79cd65,Decision - Unanimous,3,5:00,3 Rnd (5-5-5),Kevin Randleman,Renato Sobral
6fd1edb58d271f7c,Submission,1,4:19,3 Rnd (5-5-5),Da'Mon Blackshear,Cody Stamann
d4bfe75b61d2cbc6,Decision - Unanimous,3,5:00,3 Rnd (5-5-5),Rafael Dos Anjos,Nate Diaz
85036b967403cdab,Submission,2,0:55,3 Rnd (5-5-5),Charles Oliveira,David Teymur
e65ffb177a2c7669,Submission,2,3:42,3 Rnd (5-5-5),Aljamain Sterling,Cody Stamann
a815119606930378,Submission,1,2:08,3 Rnd (5-5-5),Pedro Munhoz,Russell Doane
04e2d50c24a88dbd,Decision - Split,3,5:00,3 Rnd (5-5-5),Joaquin Buckley,Abdul Razak Alhassan
97ad3419f2029ba1,KO/TKO,2,4:16,3 Rnd (5-5-5),Eddie Wineland,Yves Jabouin
b80c6eba11c54778,TKO - Doctor's Stoppage,2,4:14,3 Rnd (5-5-5),Chris Padilla,Rongzhu
ca837b002a318766,KO/TKO,1,0:46,No Time Limit,Harold Howard,Roland Payne
46bea6d63ffe17e4,Decision - Unanimous,3,5:00,3 Rnd (5-5-5),Jacob Volkmann,Efrain Escudero
8955ea3c7c332e6c,KO/TKO,1,3:47,3 Rnd (5-5-5),Rob Font,Marlon Moraes
fac560495e61d34c,Submission,2,4:19,3 Rnd (5-5-5),Tatsuro Taira,CJ Vergara
ecb24300bb3bef8c,Decision - Unanimous,3,5:00,3 Rnd (5-5-5),Arman Tsarukyan,Davi Ramos
31dd8b5d6444f19b,Decision - Unanimous,3,5:00,3 Rnd (5-5-5),Nick Hein,Tae Hyun Bang
f84070b049bc14e6,KO/TKO,1,2:51,1 Rnd + OT (12-3),David Abbott,Cal Worsham
1ed266bed8005bbe,Decision - Unanimous,3,5:00,3 Rnd (5-5-5),Alejandro Perez,Iuri Alcantara
6ce1b33bccdfa676,Decision - Unanimous,3,5:00,3 Rnd (5-5-5),Chico Camus,Kyung Ho Kang
c7ad34973f9d1cf6,Submission,2,2:39,3 Rnd (5-5-5),Ildemar Alcantara,Wagner Prado
6c2c6a6e3f4d04db,Decision - Unanimous,3,5:00,3 Rnd (5-5-5),Fatima Kline,Angela Hill
fea1931b041cc5ff,Submission,2,1:02,3 Rnd (5-5-5),Marcio Cruz,Keigo Kunihara
eac46cfead228e11,Decision - Split,3,5:00,3 Rnd (5-5-5),Jordan Leavitt,Trey Ogden
42a353676554ecf2,Decision - Split,3,5:00,3 Rnd (5-5-5),Mike Pierce,Paul Bradley
809814f03ff3140c,KO/TKO,1,1:31,3 Rnd (5-5-5),Matheus Camilo,Nazim Sadykhov
78d2c01dc963f204,Decision - Unanimous,3,5:00,3 Rnd (5-5-5),Ian Machado Garry,Neil Magny
e76227f395b94e47,Submission,1,2:25,3 Rnd (5-5-5),Chance Rencountre,Kyle Stewart
8312985b75241b06,KO/TKO,1,0:13,1 Rnd (10),Gary Goodridge,Paul Herrera
cf4199c8517bc1fd,KO/TKO,3,4:51,5 Rnd (5-5-5-5-5),Henry Cejudo,Marlon Moraes
ecd16d14a138d7fb,Decision - Unanimous,3,5:00,3 Rnd (5-5-5),Cody Garbrandt,Xiao Long
74dae3d87a99cf5d,Submission,1,2:06,3 Rnd (5-5-5),Paul Craig,Gadzhimurad Antigulov
24bb03f0a3415fbe,KO/TKO,2,1:29,3 Rnd (5-5-5),Kevin Vallejos,Giga Chikadze
d45d9c7d60f332da,TKO - Doctor's Stoppage,3,0:38,3 Rnd (5-5-5),Nazim Sadykhov,Evan Elder
b8019af428c064ef,Submission,1,2:56,3 Rnd (5-5-5),Kevin Lee,James Moontasri
ceaae1db8ccde29c,KO/TKO,3,2:02,5 Rnd (5-5-5-5-5),Jon Jones,Alexander Gustafsson
87daaa6db4f6940c,Decision - Unanimous,3,5:00,3 Rnd (5-5-5),Ramazan Emeev,Niklas Stolze
06142a1de3bbae75,Decision - Unanimous,3,5:00,3 Rnd (5-5-5),Ed Herman,David Loiseau
f993be991eea6016,Decision - Unanimous,3,5:00,3 Rnd (5-5-5),Lina Lansberg,Tonya Evinger
2372578d3f554c65,KO/TKO,1,2:10,3 Rnd (5-5-5),Parker Porter,Braxton Smith
e36b8b88646f72f8,Decision - Unanimous,3,5:00,3 Rnd (5-5-5),Jordan Espinosa,Mark De La Rosa
970c2beda72908c6,Decision - Unanimous,5,5:00,5 Rnd (5-5-5-5-5),Jens Pulver,Dennis Hallman
235e4c69d5d945e8,KO/TKO,1,1:25,3 Rnd (5-5-5),Brandon Vera,Justin Eilers
d77ace7aadb2383e,Decision - Unanimous,3,5:00,3 Rnd (5-5-5),Leslie Smith,Irene Aldana
9b79c05aa978c066,TKO - Doctor's Stoppage,2,5:00,3 Rnd (5-5-5),Francis Ngannou,Curtis Blaydes
ddbe6fd66d7f9e35,Decision - Unanimous,3,5:00,3 Rnd (5-5-5),Sumudaerji,Zarrukh Adashev
5f6b8e48e7d3b66f,Decision - Unanimous,5,5:00,5 Rnd (5-5-5-5-5),Junior Dos Santos,Ben Rothwell
86046081e767437e,Submission,1,2:14,3 Rnd (5-5-5),Maurice Greene,Michel Batista
00835554f95fa911,KO/TKO,1,1:17,No Time Limit,Royce Gracie,Patrick Smith
e92fb5c609e20b49,Decision - Unanimous,3,5:00,3 Rnd (5-5-5),Rinya Nakamura,Carlos Vera
0949caefc6735f9b,Decision - Unanimous,3,5:00,3 Rnd (5-5-5),Rafaello Oliveira,John Gunderson
b19bf99c7eb796bc,Submission,2,4:25,3 Rnd (5-5-5),Tuco Tokkos,Junior Tafa
dbd0ffc84699ad6b,Decision - Unanimous,3,5:00,3 Rnd (5-5-5),Danny Castillo,Tim Means
398ff6015a5ba3b5,Submission,1,2:06,1 Rnd (15),David Abbott,Sam Adkins
8d68863242695224,KO/TKO,1,3:04,3 Rnd (5-5-5),Marco Tulio,Ihor Potieria
781a2ea50f5ae68f,KO/TKO,1,0:51,3 Rnd (5-5-5),Ibo Aslan,Rafael Cerqueira
c52e23519279d18a,Submission,1,3:59,3 Rnd (5-5-5),Kendall Grove,Jake Rosholt
9b8c29f50d452025,Submission,3,3:19,3 Rnd (5-5-5),Jim Miller,David Baron
0344687c9852b1d2,Decision - Unanimous,3,5:00,3 Rnd (5-5-5),Dennis Bermudez,Rony Jason
61c9bbeb2806534b,KO/TKO,1,2:59,5 Rnd (5-5-5-5-5),Andrei Arlovski,Antonio Silva
c11b2cbe2460db0c,Decision - Unanimous,3,5:00,3 Rnd (5-5-5),Sean O'Malley,Terrion Ware
8191b8edfde3b9c3,Submission,3,3:16,3 Rnd (5-5-5),Mark Bocek,Alvin Robinson
c303b8a07d0d06d2,KO/TKO,2,4:17,3 Rnd (5-5-5),Anthony Hamilton,Ruan Potts
80cf37627a129145,KO/TKO,2,3:11,3 Rnd (5-5-5),Shanna Young,Gina Mazany
63e21ff20866b8fb,Decision - Split,3,5:00,3 Rnd (5-5-5),Cathal Pendred,Gasan Umalatov
61f80a1732d37288,Submission,2,3:11,3 Rnd (5-5-5),Nikita Krylov,Francimar Barroso
2417f4130d707978,Decision - Unanimous,3,5:00,3 Rnd (5-5-5),Sergio Pettis,Matt Hobar
605c16fa5a803b15,Submission,1,1:34,3 Rnd (5-5-5),Kevin Holland,Michal Oleksiejczuk
0ac25b4180406ca1,KO/TKO,3,4:54,3 Rnd (5-5-5),Marion Reneau,Talita Bernardo
df33799f117000cb,Decision - Split,3,5:00,3 Rnd (5-5-5),Kyle Bochniak,Enrique Barzola
8a3e7085e8e5a6e9,Decision - Split,3,5:00,3 Rnd (5-5-5),Joanne Wood,Luana Carolina
07c3ec83596e9798,Decision - Unanimous,3,5:00,3 Rnd (5-5-5),Mike Swick,David Loiseau
15750dc75b7426f3,KO/TKO,2,3:57,5 Rnd (5-5-5-5-5),Lyoto Machida,Rashad Evans
ae6fb7829db7ecc7,KO/TKO,2,0:40,3 Rnd (5-5-5),Nikita Krylov,Ed Herman
5a36c9362552e0dc,Submission,1,2:34,3 Rnd (5-5-5),Jose Quinonez,Leonardo Morales
1e3d3545b6dd13a7,Decision - Unanimous,3,5:00,3 Rnd (5-5-5),Tanner Boser,Daniel Spitz
3d75081ce43774ca,Decision - Unanimous,3,5:00,3 Rnd (5-5-5),Vince Morales,Drako Rodriguez
28f7ba820350e3a3,Decision - Unanimous,3,5:00,3 Rnd (5-5-5),Ashlee Evans-Smith,Bec Rawlings
fc43d60cbd6b0e6a,KO/TKO,3,1:12,3 Rnd (5-5-5),Dan Ige,Sean Woodson
a4759c52378f9d1a,Submission,2,4:32,3 Rnd (5-5-5),Charles Oliveira,Hatsu Hioki
547295977141cbc2,KO/TKO,1,1:02,1 Rnd (20),Paul Varelans,Cal Worsham
d43c007dab9c51b0,Submission,1,3:38,3 Rnd (5-5-5),Alex Caceres,Austin Springer
0769ab47fcf0bf6b,Submission,1,1:57,3 Rnd (5-5-5),Francis Ngannou,Anthony Hamilton
e3aad51099a23ba4,Decision - Split,5,5:00,5 Rnd (5-5-5-5-5),Aljamain Sterling,Henry Cejudo
cddd3d4febe097f8,Decision - Unanimous,5,5:00,5 Rnd (5-5-5-5-5),Deiveson Figueiredo,Brandon Moreno
8362b372adb2f302,Decision - Unanimous,3,5:00,3 Rnd (5-5-5),Melsik Baghdasaryan,Tucker Lutz
b5ea6535748edbce,Decision - Majority,3,5:00,3 Rnd (5-5-5),TIE,TIE
0b21755eb0897396,Decision - Unanimous,3,5:00,3 Rnd (5-5-5),King Green,Lando Vannata
ea967877dd4d6efb,Decision - Unanimous,3,5:00,3 Rnd (5-5-5),Manvel Gamburyan,Scott Jorgensen
2300ad7f87080ad7,KO/TKO,2,4:27,3 Rnd (5-5-5),Chris Gutierrez,Vince Morales
ed503d1c8963d894,Decision - Split,3,5:00,3 Rnd (5-5-5),TIE,TIE
a6548a1e188c53fb,Decision - Unanimous,3,5:00,3 Rnd (5-5-5),Diego Nunes,Bart Palaszewski
478b0eaf22475be0,Submission,1,1:31,3 Rnd (5-5-5),Manvel Gamburyan,Nate Mohr
3c69bed42893da75,Decision - Split,3,5:00,3 Rnd (5-5-5),Marc Diakiese,Kaue Fernandes
0890d21317c9aa2d,Decision - Unanimous,3,5:00,3 Rnd (5-5-5),Jason Young,Eric Wisely
74bc22b367cca118,KO/TKO,2,4:48,3 Rnd (5-5-5),Waldo Cortes Acosta,Ryan Spann
6e705b2365bc03fa,Submission,1,0:57,3 Rnd (5-5-5),Makwan Amirkhani,Mike Grundy
b4cc389bb4af3707,Decision - Unanimous,3,5:00,3 Rnd (5-5-5),Melquizael Costa,Austin Lingo
8f7328fe18806fb0,KO/TKO,1,1:55,3 Rnd (5-5-5),Chris Daukaus,Aleksei Oleinik
47dd6356ceb2eba8,Decision - Split,3,5:00,3 Rnd (5-5-5),John Howard,Uriah Hall
005723fb99440272,KO/TKO,2,1:44,3 Rnd (5-5-5),Edson Barboza,Rafaello Oliveira
d5929b7fbc801ce4,Submission,1,4:11,3 Rnd (5-5-5),Martin Buday,Josh Parisian
9676a4e9362e4bfd,KO/TKO,3,0:40,3 Rnd (5-5-5),Oban Elliott,Bassil Hafez
f966ed41316504b9,Decision - Unanimous,5,5:00,5 Rnd (5-5-5-5-5),Chris Weidman,Lyoto Machida
24ff385ca78c80d3,KO/TKO,2,1:31,3 Rnd (5-5-5),Tony Gravely,Anthony Birchak
10f5bb70feb1df53,Submission,2,4:25,3 Rnd (5-5-5),Valentina Shevchenko,Priscila Cachoeira
a497d4a83afe6f2d,KO/TKO,2,4:20,3 Rnd (5-5-5),Matt Brown,Luis Ramos
3a8cc4cda195d758,KO/TKO,3,3:30,3 Rnd (5-5-5),Alex Oliveira,Will Brooks
88c712be47805d63,Decision - Unanimous,3,5:00,3 Rnd (5-5-5),Hector Sandoval,Fredy Serrano
80769cf090fa34dd,Decision - Split,3,5:00,3 Rnd (5-5-5),Dennis Bermudez,Matt Grice
768c86e307295944,Decision - Unanimous,3,5:00,3 Rnd (5-5-5),Albert Duraev,Roman Kopylov
a49706a6edb0c5c3,Submission,2,4:56,3 Rnd (5-5-5),Manvel Gamburyan,Cody Gibson
b44531903be4729a,KO/TKO,1,2:35,3 Rnd (5-5-5),Ion Cutelaba,Khalil Rountree Jr.
b5854feb57f40bb4,DQ,1,2:55,3 Rnd (5-5-5),Frank Mir,Wes Sims
a12d3a6c8aaf87ca,Decision - Unanimous,3,5:00,3 Rnd (5-5-5),Mohammed Usman,Hamdy Abdelwahab
804c350ce714770f,Submission,3,4:43,3 Rnd (5-5-5),Davey Grant,Raphael Assuncao
e60e53bdc614a0af,Decision - Unanimous,5,5:00,5 Rnd (5-5-5-5-5),Lyoto Machida,Mauricio Rua
56a0f335ef05c825,Submission,1,1:52,3 Rnd (5-5-5),Akbarh Arreola,Yves Edwards
79298011365a6d90,KO/TKO,1,1:49,3 Rnd (5-5-5),Ben Saunders,Brandon Wolff
39efb868dbe7e311,Decision - Split,3,5:00,3 Rnd (5-5-5),Bethe Correia,Julie Kedzie
74773b56e0b31c6b,KO/TKO,2,3:38,3 Rnd (5-5-5),Jared Hamman,CB Dollaway
e4b5f0358ce7bad4,Submission,1,2:45,3 Rnd (5-5-5),Anthony Perosh,Tom Blackledge
fc9168fd102e2e66,Decision - Split,3,5:00,3 Rnd (5-5-5),Charles Johnson,Bruno Silva
5ed0027812582ad9,KO/TKO,1,1:19,3 Rnd (5-5-5),Mike Wilkinson,Niklas Backstrom
89f83750703d5fd3,Decision - Unanimous,3,5:00,3 Rnd (5-5-5),Aleksandar Rakic,Francimar Barroso
8abad36b4c5e4070,Submission,1,4:08,3 Rnd (5-5-5),Tom Nolan,Charlie Campbell
88b1d4f951070f83,KO/TKO,1,0:45,3 Rnd (5-5-5),Greg Hardy,Juan Adams
7a57289563f9d974,KO/TKO,3,2:27,3 Rnd (5-5-5),Trevin Giles,Antonio Braga Neto
9cc0582c703637aa,Decision - Unanimous,3,5:00,3 Rnd (5-5-5),Erik Perez,Edwin Figueroa
a8f8245096eaf0cd,KO/TKO,1,1:40,3 Rnd (5-5-5),Carli Judice,Yuneisy Duben
a7492cbfb9b5d4a3,Decision - Majority,3,5:00,3 Rnd (5-5-5),TIE,TIE
5b2cc17158d77f07,Decision - Split,3,5:00,3 Rnd (5-5-5),Michel Prazeres,Jesse Ronson
60d27c73e4a20318,Decision - Split,3,5:00,3 Rnd (5-5-5),John Hathaway,Kris McCray
c1b0670419fa0894,KO/TKO,3,3:10,3 Rnd (5-5-5),Nate Marquardt,Wilson Gouveia
293919e355b362b1,Decision - Split,3,5:00,3 Rnd (5-5-5),Gleison Tibau,Norman Parke
fdb7377a34603e47,Decision - Unanimous,3,5:00,3 Rnd (5-5-5),Yushin Okami,Nate Marquardt
c0d8a231d2f1d1af,Decision - Split,3,5:00,3 Rnd (5-5-5),Alonzo Menifield,Julius Walker
3094e82731ec55e7,Decision - Split,3,5:00,3 Rnd (5-5-5),Ricky Simon,Ray Borg
8e9f2b82a7b87778,Decision - Unanimous,3,5:00,3 Rnd (5-5-5),Matt Wiman,Shane Nelson
43543a2c1c7a7135,KO/TKO,3,0:49,3 Rnd (5-5-5),Davey Grant,Louis Smolka
678af75cb4c155a9,KO/TKO,1,2:25,3 Rnd (5-5-5),Thiago Alves,Ansar Chalangov
bfd17ed83ec5b598,KO/TKO,1,1:48,3 Rnd (5-5-5),Brando Pericic,Louie Sutherland
8794031c523bf534,Decision - Unanimous,3,5:00,3 Rnd (5-5-5),Modestas Bukauskas,Zac Pauga
2bf24d9c33bb4d49,KO/TKO,1,2:23,3 Rnd (5-5-5),Matt Serra,Frank Trigg
00c20fa576380ac8,Decision - Split,3,5:00,3 Rnd (5-5-5),Hugo Viana,John Teixeira
1b1fd32485861655,Decision - Unanimous,3,5:00,3 Rnd (5-5-5),Cub Swanson,Hakeem Dawodu
7c07a71fa1882bf4,KO/TKO,1,1:16,3 Rnd (5-5-5),Donald Cerrone,Melvin Guillard
b2443846570bee7b,Submission,3,3:57,3 Rnd (5-5-5),Kenny Florian,Dokonjonosuke Mishima
e3cbd663732f4a98,Decision - Unanimous,3,5:00,3 Rnd (5-5-5),Pat Sabatini,Chepe Mariscal
8cb4e3f056a84b0d,Decision - Unanimous,3,5:00,3 Rnd (5-5-5),Katlyn Cerminara,Viviane Araujo
3d9aeef58dd0b51b,Decision - Unanimous,3,5:00,3 Rnd (5-5-5),Raphael Pessoa,Jeff Hughes
737e2781e4a7db5c,Decision - Unanimous,3,5:00,3 Rnd (5-5-5),Montel Jackson,Felipe Colares
ea64af61ed03453f,Decision - Unanimous,5,5:00,5 Rnd (5-5-5-5-5),Tito Ortiz,Vladimir Matyushenko
09b91014bd88f815,Decision - Unanimous,3,5:00,3 Rnd (5-5-5),Sumudaerji,Andre Soukhamthath
e8190df7465ba2df,Decision - Unanimous,3,5:00,3 Rnd (5-5-5),Bartosz Fabinski,Emil Meek
64d4c58a37e1d29b,Decision - Unanimous,3,5:00,3 Rnd (5-5-5),Cung Le,Patrick Cote
4bbda6c1f6cf9d4e,KO/TKO,1,2:49,3 Rnd (5-5-5),Michal Oleksiejczuk,Sedriques Dumas
d359fe8a99250f64,Decision - Split,3,5:00,3 Rnd (5-5-5),Eliot Marshall,Jason Brilz
ac4343150638b635,KO/TKO,2,3:20,3 Rnd (5-5-5),Christian Leroy Duncan,Marco Tulio
06d9fb9c995f1e4f,Decision - Split,3,5:00,3 Rnd (5-5-5),Jeremiah Wells,Matthew Semelsberger
5c69b019e6deee41,Decision - Unanimous,5,5:00,5 Rnd (5-5-5-5-5),Gabriel Bonfim,Belal Muhammad
a1f9a28339f5e1b2,KO/TKO,1,0:48,3 Rnd (5-5-5),Ed Herman,Tim Credeur
b09f54654b0f95f5,Decision - Unanimous,3,5:00,3 Rnd (5-5-5),Magomed Ankalaev,Aleksandar Rakic
be72958d9715757d,Decision - Split,3,5:00,3 Rnd (5-5-5),Aaron Simpson,Tom Lawlor
83c5a944258d2332,Submission,2,4:43,3 Rnd (5-5-5),Joe Lauzon,Jeremy Stephens
55bcf58be822d115,Submission,1,2:36,3 Rnd (5-5-5),Shannon Gugerty,Matt Grice
0823f97be9c3a62e,KO/TKO,1,2:59,3 Rnd (5-5-5),Tyson Nam,Ode Osbourne
3945b08be8d62861,KO/TKO,1,0:54,3 Rnd (5-5-5),Frankie Perez,Sam Stout
cc3e0c5a0f868502,KO/TKO,3,0:41,3 Rnd (5-5-5),Thiago Perpetuo,Leonardo Mafra
1caec47dc08613a7,Decision - Unanimous,3,5:00,3 Rnd (5-5-5),Gegard Mousasi,Constantinos Philippou
fa96d6252579b51e,Decision - Unanimous,3,5:00,3 Rnd (5-5-5),Tofiq Musayev,Ignacio Bahamondes
33b9285aec39e37f,Submission,2,4:42,3 Rnd (5-5-5),Kendall Grove,Alan Belcher
9468f58f8abf78df,Decision - Unanimous,3,5:00,3 Rnd (5-5-5),Mike Brown,Nam Phan
4c0718f12ca664bb,KO/TKO,1,2:51,3 Rnd (5-5-5),John Lineker,Phil Harris
537a5aa4c248830e,Decision - Unanimous,3,5:00,3 Rnd (5-5-5),Ryan Hall,Darrick Minner
119b156ded2af0f1,KO/TKO,1,1:56,3 Rnd (5-5-5),Rogerio Nogueira,Luiz Cane
9126633d921afb57,Decision - Unanimous,3,5:00,3 Rnd (5-5-5),Denise Gomes,Tecia Pennington
b3c695728e177fd4,KO/TKO,2,1:31,3 Rnd (5-5-5),Andrey Pulyaev,Nick Klein
03c2cebad8d8c012,Decision - Split,3,5:00,3 Rnd (5-5-5),Kyle Kingsbury,Razak Al-Hassan
6b0da0b1cda7799f,Decision - Unanimous,3,5:00,3 Rnd (5-5-5),Carlos Condit,Matt Brown
b55481006297ba05,Decision - Unanimous,2,3:00,1 Rnd + OT (12-3),Tsuyoshi Kohsaka,Kimo Leopoldo
caef4f8801f39345,Decision - Split,3,5:00,3 Rnd (5-5-5),Alberto Mina,Yoshihiro Akiyama
31fc4d5d5d1a6126,KO/TKO,1,3:14,1 Rnd + OT (12-3),Cal Worsham,Zane Frazier
43dfb2c1e5fecac9,Decision - Unanimous,3,5:00,3 Rnd (5-5-5),Belal Muhammad,Demian Maia
e65a23b80c869456,Submission,1,0:52,No Time Limit,Dan Severn,Marcus Bossett
060987bb3025a0a8,Decision - Unanimous,3,5:00,3 Rnd (5-5-5),Yan Xiaonan,Karolina Kowalkiewicz
6e85d8d17c3eed58,Submission,1,4:51,3 Rnd (5-5-5),Diego Brandao,Dennis Bermudez
fe59646ebad8b6e4,Submission,2,0:29,3 Rnd (5-5-5),Cody Durden,Matt Schnell
8af2b589d5e9c1ae,Decision - Unanimous,3,5:00,3 Rnd (5-5-5),Christian Leroy Duncan,Andrey Pulyaev
2ef96a4eb306fbb4,Submission,1,2:43,3 Rnd (5-5-5),Sam Alvey,Eric Spicely
654127f5b9140be2,KO/TKO,1,1:06,5 Rnd (5-5-5-5-5),Ronda Rousey,Sara McMann
530fb0d1a26fc57a,Submission,3,2:39,5 Rnd (5-5-5-5-5),Daniel Cormier,Anthony Johnson
00742aea8da72a35,KO/TKO,1,1:36,3 Rnd (5-5-5),Chad Laprise,Thibault Gouti
b1b66441acc5e8df,Submission,1,4:05,5 Rnd (5-5-5-5-5),Matt Hughes,Frank Trigg
94f5b35b2b6c72b1,Submission,3,1:50,3 Rnd (5-5-5),Melquizael Costa,Shayilan Nuerdanbieke
475c55534f9e08ee,Submission,2,2:38,3 Rnd (5-5-5),Cole Miller,TJ O'Brien
ecb9c5ae7fd7a5cc,Submission,3,3:12,3 Rnd (5-5-5),Dan Miller,Ricardo Funch
103a7d8c4f17714b,Decision - Unanimous,3,5:00,3 Rnd (5-5-5),Islam Makhachev,Arman Tsarukyan
3daf1c5fb854e626,Decision - Unanimous,3,5:00,3 Rnd (5-5-5),Cezar Ferreira,Oluwale Bamgbose
f2336b7545f5f442,Submission,1,4:32,3 Rnd (5-5-5),Jessica Penne,Karolina Kowalkiewicz
0f2611c3ec4661dd,Decision - Unanimous,3,5:00,3 Rnd (5-5-5),Alex Perez,Eric Shelton
68a93f8eb34f3251,KO/TKO,1,0:59,3 Rnd (5-5-5),Krzysztof Jotko,Tamdan McCrory
f0e299c134cbac37,KO/TKO,2,1:05,3 Rnd (5-5-5),Lyoto Machida,Randy Couture
92030ef8b5796b0a,Submission,1,0:17,3 Rnd (5-5-5),Terry Etim,Edward Faaloloto
6c5f7f98ec0b6f17,Decision - Unanimous,3,5:00,3 Rnd (5-5-5),Zabit Magomedsharipov,Kyle Bochniak
6c4b3cca92fcb9c7,KO/TKO,1,0:34,3 Rnd (5-5-5),Joaquim Silva,Andrew Holbrook
e3a45f48dbda99c3,Decision - Unanimous,3,5:00,3 Rnd (5-5-5),Sergio Pettis,Chris Kelades
d3c78cc516417797,Decision - Unanimous,3,5:00,3 Rnd (5-5-5),Sean Strickland,Court McGee
e1cfe75b3a8fe709,Submission,2,3:05,3 Rnd (5-5-5),Felice Herrig,Lisa Ellis
054794810817c1cc,Decision - Unanimous,3,5:00,3 Rnd (5-5-5),Vinc Pichel,Jim Miller
5cee1d8f1e43d6f5,KO/TKO,1,2:34,3 Rnd (5-5-5),Gilbert Burns,Demian Maia
49d065270f57ad99,KO/TKO,1,3:10,5 Rnd (5-5-5-5-5),Lyoto Machida,Mark Munoz
0494ebcee93e717b,KO/TKO,1,4:12,3 Rnd (5-5-5),Jean Silva,Westin Wilson
9f56b3c053c44060,Decision - Unanimous,3,5:00,3 Rnd (5-5-5),Louis Smolka,Neil Seery
806ee07a1a7042b8,Decision - Unanimous,3,5:00,3 Rnd (5-5-5),Jorge Masvidal,Ross Pearson
8522bc62e8d942ab,Decision - Unanimous,5,5:00,5 Rnd (5-5-5-5-5),Sean Strickland,Uriah Hall
3f7684492c9df05e,KO/TKO,2,2:41,3 Rnd (5-5-5),Walt Harris,Chase Sherman
2335e75ce63805b6,Decision - Unanimous,3,5:00,3 Rnd (5-5-5),Diego Lopes,Brian Ortega
c94b153951be7590,Decision - Split,3,5:00,3 Rnd (5-5-5),Josh Culibao,SeungWoo Choi
a661c0bee7c8d5af,Decision - Split,3,5:00,3 Rnd (5-5-5),Gauge Young,Thiago Moises
c910d2fe570b368a,KO/TKO,1,1:10,3 Rnd (5-5-5),Gegard Mousasi,Dan Henderson
7360ec204d4e0e10,KO/TKO,1,0:40,3 Rnd (5-5-5),Che Mills,Chris Cope
96b59d89ecac66d0,Submission,3,4:26,5 Rnd (5-5-5-5-5),Anthony Smith,Volkan Oezdemir
7f35ce1469dab556,Decision - Unanimous,3,5:00,3 Rnd (5-5-5),John Hathaway,Diego Sanchez
cc7afab68363e076,KO/TKO,1,3:59,3 Rnd (5-5-5),Julianna Pena,Milana Dudieva
83314e1ed6f7d94e,Decision - Unanimous,3,5:00,3 Rnd (5-5-5),Paul Taylor,Peter Sobotta
1496969c1497dc85,DQ,1,4:15,3 Rnd (5-5-5),Cody Brundage,Jacob Malkoun
357c5b86ec83b826,Decision - Unanimous,3,5:00,3 Rnd (5-5-5),Gabe Green,Phil Rowe
9f5f9173666ce1b7,Decision - Unanimous,3,5:00,3 Rnd (5-5-5),Dave Strasser,Romie Aram
4f722e80eadb6d2f,KO/TKO,2,4:13,3 Rnd (5-5-5),Dan Hooker,Hatsu Hioki
c8ca99d1adc5448d,Decision - Split,3,5:00,3 Rnd (5-5-5),Brad Tavares,Caio Magalhaes
75c5f923f966b53b,KO/TKO,3,3:00,3 Rnd (5-5-5),Mike Breeden,Anshul Jubli
db2c805201a3116e,KO/TKO,1,4:40,3 Rnd (5-5-5),Alex Morono,Donald Cerrone
9eaea5e0165802d0,KO/TKO,1,4:49,3 Rnd (5-5-5),Gerald Harris,Mario Miranda
7d2051c6bae907cb,Decision - Unanimous,3,5:00,3 Rnd (5-5-5),Brad Riddell,Drew Dober
97a4b37cee48ea0b,KO/TKO,1,4:57,3 Rnd (5-5-5),BJ Penn,Joey Gilbert
335064c3380e2f10,KO/TKO,1,1:26,3 Rnd (5-5-5),Ismail Naurdiev,Ryan Loder
c816a969cb001168,Submission,3,1:38,3 Rnd (5-5-5),John Castaneda,Miles Johns
b0cfaf01a155985b,Decision - Unanimous,3,5:00,3 Rnd (5-5-5),Demetrious Johnson,Miguel Torres
36db86c39ed09997,KO/TKO,1,3:09,3 Rnd (5-5-5),Kevin Vallejos,SeungWoo Choi
db690563ae7fa070,Submission,2,1:32,3 Rnd (5-5-5),Dustin Poirier,Pablo Garza
7ac4ae301ed699ab,Decision - Split,3,5:00,3 Rnd (5-5-5),Jonathan Micallef,Themba Gorimbo
e892b4a03304f2a4,Decision - Unanimous,3,5:00,3 Rnd (5-5-5),CB Dollaway,Goran Reljic
9763e27bf80abe42,KO/TKO,2,4:42,3 Rnd (5-5-5),Mike Grundy,Nad Narimani
e7938bac3ec8b442,KO/TKO,3,0:55,3 Rnd (5-5-5),Gregory Rodrigues,Brad Tavares
0df4f4ac27cf2d26,Decision - Unanimous,3,5:00,3 Rnd (5-5-5),Talita Alencar,Julia Polastri
61cb2ca1469c83ba,KO/TKO,1,0:47,3 Rnd (5-5-5),Demian Maia,Dong Hyun Kim
7a26c9407ef64e10,KO/TKO,1,0:38,3 Rnd (5-5-5),Edmen Shahbazyan,Charles Byrd
1197b94bb4b56cc2,KO/TKO,1,1:30,3 Rnd (5-5-5),Alessio Sakara,James Lee
c6a85b67fdd2ef3d,KO/TKO,1,2:30,3 Rnd (5-5-5),Damian Pinas,Wes Schultz
a2c0f4142ba4ba75,Decision - Unanimous,3,5:00,3 Rnd (5-5-5),Diego Brandao,Daniel Pineda
45500515780758f0,Submission,2,1:28,3 Rnd (5-5-5),Misha Cirkunov,Alex Nicholson
0f3a91caeaa55094,KO/TKO,1,3:04,3 Rnd (5-5-5),Dustin Jacoby,Darren Stewart
9b6135943a4c8fe7,Decision - Unanimous,3,5:00,3 Rnd (5-5-5),Gillian Robertson,Poliana Botelho
c82acd7b17915591,KO/TKO,1,1:14,3 Rnd (5-5-5),Manon Fiorot,Jasmine Jasudavicius
7c883cf0b5eedc59,Submission,3,4:10,3 Rnd (5-5-5),Tamdan McCrory,Josh Samman
ba2f3b9a12400aa0,Decision - Unanimous,3,5:00,3 Rnd (5-5-5),Amanda Nunes,Valentina Shevchenko
c73b81e7c1c1cccc,Decision - Split,3,5:00,3 Rnd (5-5-5),John Dodson,Pedro Munhoz
dd12bf51c5ed7f1e,KO/TKO,1,1:19,3 Rnd (5-5-5),Uros Medic,Geoff Neal
e99f92b92e90b228,KO/TKO,1,3:39,3 Rnd (5-5-5),Thiago Santos,Nate Marquardt
e8c16b26a4bfe163,KO/TKO,5,2:20,5 Rnd (5-5-5-5-5),TJ Dillashaw,Joe Soto
3cf1d67a20ae1c18,Decision - Unanimous,3,5:00,3 Rnd (5-5-5),Erik Perez,Francisco Rivera
e5cf527ed3963a0e,Submission,1,1:06,3 Rnd (5-5-5),Yuta Sasaki,Roland Delorme
029f5c36820fdc09,Decision - Unanimous,3,5:00,3 Rnd (5-5-5),Kyung Ho Kang,Batgerel Danaa
8c8337ce8437fe2e,Submission,1,2:15,3 Rnd (5-5-5),Julian Erosa,Ricardo Ramos
421842986f10851e,Submission,2,0:42,3 Rnd (5-5-5),Seth Baczynski,Matt Brown
ab1aa23060d4e87b,Submission,2,4:09,3 Rnd (5-5-5),Da'Mon Blackshear,Cody Gibson
4d0029ad31bdd85a,Submission,1,1:45,3 Rnd (5-5-5),Karine Silva,Ketlen Souza
22ba4f1b0aafbf82,Decision - Unanimous,3,5:00,3 Rnd (5-5-5),Alexander Volkov,Waldo Cortes Acosta
e508ba268cb295c0,Decision - Unanimous,3,5:00,3 Rnd (5-5-5),Shamil Abdurakhimov,Anthony Hamilton
a3b268798d3ab216,KO/TKO,1,1:35,3 Rnd (5-5-5),Chris Leben,Jason Thacker
3e3db8c37096c260,KO/TKO,3,0:58,3 Rnd (5-5-5),Yoel Romero,Tim Kennedy
e332aec001b34f50,Decision - Unanimous,5,5:00,5 Rnd (5-5-5-5-5),Jon Jones,Glover Teixeira
ced01368259428f5,Decision - Split,3,5:00,3 Rnd (5-5-5),Neil Magny,Phil Rowe
0810cdbeb9dd4d02,KO/TKO,2,0:36,3 Rnd (5-5-5),Steve Garcia,Shayilan Nuerdanbieke
2f4baf8f94c400cd,KO/TKO,2,0:52,3 Rnd (5-5-5),Jake O'Brien,Kristof Midoux
8028d5de087755dc,Decision - Split,3,5:00,3 Rnd (5-5-5),Darren Elkins,Dennis Bermudez
b71192c8fe23078c,Decision - Unanimous,3,5:00,3 Rnd (5-5-5),Nad Narimani,Khalid Taha
397dd9a8694ef413,KO/TKO,1,2:35,3 Rnd (5-5-5),Andre Fialho,Cameron VanCamp
523e8ca343a0becc,Decision - Majority,3,0:33,3 Rnd (5-5-5),Ovince Saint Preux,Gian Villante
251983e1bdae20fe,Decision - Unanimous,3,5:00,3 Rnd (5-5-5),Ludovit Klein,Thiago Moises
00ecb8ea731e64d6,Decision - Unanimous,3,5:00,3 Rnd (5-5-5),TIE,TIE
bed89a91da9d04c1,Decision - Unanimous,3,5:00,3 Rnd (5-5-5),Raul Rosas Jr.,Rob Font
b0ba95fd1503411f,KO/TKO,1,5:00,3 Rnd (5-5-5),Jason Lambert,Branden Lee Hinkle
5782666ca117fa5b,KO/TKO,2,2:11,3 Rnd (5-5-5),Charles Oliveira,Nik Lentz
09c092dc766fa3f9,KO/TKO,1,2:27,3 Rnd (5-5-5),Damien Brown,Cesar Arzamendia
8b341eb556c97c23,Decision - Unanimous,3,5:00,3 Rnd (5-5-5),Makhmud Muradov,Bryan Barberena
181ceedcacc01d48,Decision - Split,3,5:00,3 Rnd (5-5-5),Carlos Hernandez,Victor Altamirano
c92c53954903554a,Decision - Unanimous,3,5:00,3 Rnd (5-5-5),Jon Fitch,Thiago Alves
07018cb7ae879456,Decision - Unanimous,3,5:00,3 Rnd (5-5-5),Spencer Fisher,Sam Stout
9a0865000a3d642e,KO/TKO,1,2:55,3 Rnd (5-5-5),Chuck Liddell,Renato Sobral
0695d1f42b1550a2,Submission,1,3:22,3 Rnd (5-5-5),Gabriel Gonzaga,Ednaldo Oliveira
ce62a50e97d497f9,Submission,2,4:54,3 Rnd (5-5-5),Stephanie Egger,Ailin Perez
0b3c3d363c82835f,Submission,1,4:36,3 Rnd (5-5-5),Gunnar Nelson,Omari Akhmedov
640dbb5a89c0aad6,KO/TKO,1,2:17,3 Rnd (5-5-5),Derrick Lewis,Damian Grabowski
25cd989ac5569629,KO/TKO,2,2:54,3 Rnd (5-5-5),Gian Villante,Saparbeg Safarov
42b28adbed6966b7,Decision - Unanimous,3,5:00,3 Rnd (5-5-5),William Knight,Alonzo Menifield
f4bdf10856c1760e,Submission,1,1:37,3 Rnd (5-5-5),Daniel Pineda,Pat Schilling
a0163cdde4ec785d,Submission,1,0:49,3 Rnd (5-5-5),Jack Hermansson,David Branch
6e0c1faaf40caf9a,Submission,1,2:21,3 Rnd (5-5-5),Amanda Ribas,Paige VanZant
0ac2da3dbaf2fce2,Decision - Majority,3,5:00,3 Rnd (5-5-5),Magomed Gadzhiyasulov,Brendson Ribeiro
08cbd4c521831adf,TKO - Doctor's Stoppage,2,3:24,3 Rnd (5-5-5),Magomed Mustafaev,Piotr Hallmann
4a00db8aeff200a2,Submission,2,4:48,5 Rnd (5-5-5-5-5),Virna Jandiroba,Amanda Lemos
87a969d51de6e179,KO/TKO,2,3:13,3 Rnd (5-5-5),Gegard Mousasi,Chris Weidman
c58b3223b5caa18a,Decision - Unanimous,3,5:00,3 Rnd (5-5-5),Aiemann Zahabi,Ricky Turcios
fde66b153c65e25d,Submission,1,4:27,3 Rnd (5-5-5),Nate Diaz,Takanori Gomi
9f10afab94cafc45,Decision - Unanimous,3,5:00,3 Rnd (5-5-5),JJ Aldrich,Danielle Taylor
524ce5c0d6db74bb,KO/TKO,1,1:04,3 Rnd (5-5-5),Marcus Davis,Jess Liaudin
9115354413739aa8,Submission,1,4:57,3 Rnd (5-5-5),Joanne Wood,Kalindra Faria
ac6cb989ccc38f73,Decision - Unanimous,3,5:00,3 Rnd (5-5-5),Trevor Smith,Chris Camozzi
972b0643185b2570,Decision - Unanimous,3,5:00,3 Rnd (5-5-5),Sean Spencer,Paulo Thiago
16dbe70eb7007f17,KO/TKO,1,0:59,3 Rnd (5-5-5),Kleydson Rodrigues,Shannon Ross
946cae1beed2baec,Decision - Unanimous,3,5:00,3 Rnd (5-5-5),Wang Cong,Bruna Brasil
b977ffcc6428046f,KO/TKO,1,2:30,3 Rnd (5-5-5),Tom Aspinall,Serghei Spivac
c13b2493018fc98b,Decision - Split,3,5:00,3 Rnd (5-5-5),Yao Zhikui,Nolan Ticman
d6945828f5fa7492,Submission,1,3:38,3 Rnd (5-5-5),Nikita Krylov,Ryan Spann
0820a29a03d58282,Decision - Unanimous,3,5:00,3 Rnd (5-5-5),Jessica-Rose Clark,Paige VanZant
e9390cff6e5d52d0,Submission,1,0:27,3 Rnd (5-5-5),Joe Stevenson,Melvin Guillard
4faa30eab9089d71,Decision - Split,3,5:00,3 Rnd (5-5-5),David Heath,Victor Valimaki
16a05f3c4a765f65,Decision - Unanimous,3,5:00,3 Rnd (5-5-5),Cole Smith,Mitch Gagnon
b6d027c60f879e4a,Decision - Unanimous,3,5:00,3 Rnd (5-5-5),Ildemar Alcantara,Leandro Silva
00ee51bba08b7a08,Submission,3,2:18,3 Rnd (5-5-5),Kyoji Horiguchi,Tagir Ulanbekov
b5ec939fd1edf048,Decision - Split,3,5:00,3 Rnd (5-5-5),Marlon Moraes,Jose Aldo
7f7d2abc21f171ca,KO/TKO,1,0:20,3 Rnd (5-5-5),Terrance McKinney,Brendon Marotte
066756ea40b134a7,KO/TKO,2,2:22,3 Rnd (5-5-5),Curtis Blaydes,Shamil Abdurakhimov
c4aa04781989699e,KO/TKO,1,1:29,No Time Limit,Remco Pardoel,Orlando Wiet
8619c3cde7dd4e15,Decision - Unanimous,3,5:00,3 Rnd (5-5-5),Felipe Arantes,Maximo Blanco
ee071b5125ced92a,Decision - Unanimous,3,5:00,3 Rnd (5-5-5),Nate Mohr,Luke Caudillo
cf18911df2052826,Decision - Unanimous,3,5:00,3 Rnd (5-5-5),Scott Holtzman,Michael McBride
dcf161082c849205,Decision - Unanimous,3,5:00,3 Rnd (5-5-5),TIE,TIE
bd1fc4ff619f4e61,KO/TKO,2,4:05,5 Rnd (5-5-5-5-5),Dustin Poirier,Eddie Alvarez
a2c28daf0be59fa7,Submission,1,4:53,3 Rnd (5-5-5),Aisling Daly,Alex Chambers
5ebe8d3849273776,Decision - Split,3,5:00,3 Rnd (5-5-5),Belal Muhammad,Tim Means
00dc5354794818a7,Decision - Unanimous,3,5:00,3 Rnd (5-5-5),Nate Marquardt,Joe Doerksen
c63a050af0692daf,Decision - Unanimous,3,5:00,3 Rnd (5-5-5),Mike Russow,Jon Olav Einemo
f767243bb48ab9d7,Decision - Unanimous,3,5:00,3 Rnd (5-5-5),Kamaru Usman,Emil Meek
77be83973766e104,Decision - Unanimous,3,5:00,3 Rnd (5-5-5),Jordan Mein,Alex Morono
3caa22209cb559b7,Submission,3,4:58,3 Rnd (5-5-5),Joe Proctor,Justin Edwards
cf9035f2fc2e232f,KO/TKO,1,0:19,3 Rnd (5-5-5),Abus Magomedov,Dustin Stoltzfus
9c22ddb8d8fc1838,Decision - Split,3,5:00,3 Rnd (5-5-5),Damon Jackson,Alexander Hernandez
53e9e8fefa2c2f42,KO/TKO,2,2:24,3 Rnd (5-5-5),George Sotiropoulos,Roman Mitichyan
e8196de20c4a969a,KO/TKO,1,4:40,3 Rnd (5-5-5),Nick Diaz,Drew Fickett
f989a1acbda0e16a,Submission,1,2:09,3 Rnd (5-5-5),Mike Swick,Steve Vigneault
d06495deb1ff1750,Decision - Unanimous,3,5:00,3 Rnd (5-5-5),Tafon Nchukwi,Mike Rodriguez
1878e37418f1dfcd,Decision - Unanimous,3,5:00,3 Rnd (5-5-5),Krzysztof Soszynski,Mike Massenzio
a7f66f13f953352f,KO/TKO,1,2:27,3 Rnd (5-5-5),Jordan Leavitt,Victor Martinez
4f8b6eecb0361290,KO/TKO,1,1:36,3 Rnd (5-5-5),Viscardi Andrade,Bristol Marunde
4d56bcd82438e632,KO/TKO,2,4:28,3 Rnd (5-5-5),Jonathan Pearce,Kai Kamaka III
f6ab2eec90980ac0,Submission,1,2:35,3 Rnd (5-5-5),Claudio Silva,Cole Williams
2f93de8b39ec4625,Decision - Unanimous,3,5:00,3 Rnd (5-5-5),Edson Barboza,King Green
eb5d62bda1581c62,KO/TKO,1,0:50,3 Rnd (5-5-5),Batgerel Danaa,Kevin Natividad
c27bec45d5a29a2c,KO/TKO,1,3:57,3 Rnd (5-5-5),Tommy McMillen,Manolo Zecchini
f3f252b9810cff0d,KO/TKO,2,2:33,3 Rnd (5-5-5),Aspen Ladd,Lina Lansberg
2310fbcb6fdf3b47,KO/TKO,1,1:38,3 Rnd (5-5-5),Al Iaquinta,Diego Sanchez
4e981b587c1012dd,Decision - Split,3,5:00,3 Rnd (5-5-5),Paul Felder,Jason Saggo
f597d2e69ab7c270,Decision - Unanimous,3,5:00,3 Rnd (5-5-5),Ricky Glenn,Gavin Tucker
bcec26b425194e40,Decision - Unanimous,3,5:00,3 Rnd (5-5-5),Tracy Cortez,Jasmine Jasudavicius
5df777be98ea09de,Decision - Split,3,5:00,3 Rnd (5-5-5),Edimilson Souza,Felipe Arantes
062816ff1b591bbb,Decision - Unanimous,3,5:00,3 Rnd (5-5-5),Curt Warburton,Maciej Jewtuszko
9474f64347aade7a,Decision - Unanimous,3,5:00,3 Rnd (5-5-5),Tatiana Suarez,Amanda Lemos
f6454f2e508626ec,KO/TKO,1,2:37,3 Rnd (5-5-5),Malcolm Wellmaker,Kris Moutinho
0992795fd0fa06d0,Submission,1,4:48,3 Rnd (5-5-5),Mackenzie Dern,Nina Nunes
b76a722dd429612e,Submission,3,4:28,3 Rnd (5-5-5),Rich Franklin,Jorge Rivera
dc31d3260dea7dcf,Decision - Unanimous,3,5:00,3 Rnd (5-5-5),Navajo Stirling,Rodolfo Bellato
3d741cee0dffe165,Submission,2,0:57,5 Rnd (5-5-5-5-5),Luke Rockhold,Michael Bisping
8151659b2bc16f0e,KO/TKO,1,3:47,3 Rnd (5-5-5),Daniel Rodriguez,Preston Parsons
8e7b1dfc608a2ef4,Decision - Unanimous,3,5:00,3 Rnd (5-5-5),Rafaello Oliveira,Yoislandy Izquierdo
c57acf13de48330a,KO/TKO,1,0:30,3 Rnd (5-5-5),Brad Kohler,Steve Judson
934718256f4d082c,Decision - Unanimous,3,5:00,3 Rnd (5-5-5),Sara McMann,Jessica Eye
a2da03d9c25b49e5,Submission,2,1:03,3 Rnd (5-5-5),Tomasz Drwal,Drew McFedries
47d978a984a163aa,Decision - Unanimous,3,5:00,3 Rnd (5-5-5),Daniel Barez,Victor Altamirano
fbf77262d8da342b,Decision - Unanimous,3,5:00,3 Rnd (5-5-5),Ian Machado Garry,Michael Page
e786542667fdecf0,Decision - Unanimous,5,5:00,5 Rnd (5-5-5-5-5),Francis Ngannou,Ciryl Gane
954362efa4564d60,Decision - Unanimous,3,5:00,3 Rnd (5-5-5),Neil Magny,Alex Garcia
f0d5e2c27c9fd2c1,KO/TKO,2,3:05,3 Rnd (5-5-5),Yushin Okami,Buddy Roberts
b3c7a5a97978d156,KO/TKO,3,1:15,3 Rnd (5-5-5),Tim Means,Andre Fialho
01733579ef03be00,Submission,3,0:47,3 Rnd (5-5-5),Hermes Franca,Joe Jordan
b48a211abe177846,KO/TKO,2,4:14,3 Rnd (5-5-5),Michael Bisping,Josh Haynes
25cb0e15dfc8deb3,KO/TKO,1,4:05,3 Rnd (5-5-5),Rashad Evans,Chael Sonnen
453e6f2665c85fd7,KO/TKO,1,3:59,3 Rnd (5-5-5),Steve Garcia,Kyle Nelson
12740c6b17779fe9,Submission,1,1:42,3 Rnd (5-5-5),Michel Prazeres,Joshua Burkman
ee796ecb4ee8680b,KO/TKO,2,0:51,5 Rnd (5-5-5-5-5),Sean O'Malley,Aljamain Sterling
9f8cf5ac0807d64e,KO/TKO,1,1:15,3 Rnd (5-5-5),Yanal Ashmouz,Sam Patterson
7fe1486a2c33bf91,KO/TKO,2,3:08,3 Rnd (5-5-5),Deiveson Figueiredo,John Moraga
36f10b949b935b8c,Decision - Unanimous,3,5:00,3 Rnd (5-5-5),Mick Parkin,Caio Machado
a5e240bcd7731725,Submission,1,1:07,3 Rnd (5-5-5),Gadzhimurad Antigulov,Marcos Rogerio de Lima
df661c70c40adf84,Submission,3,4:19,3 Rnd (5-5-5),Rani Yahya,Matthew Lopez
9779eb1aae1d4654,Decision - Unanimous,3,5:00,3 Rnd (5-5-5),Nathaniel Wood,Morgan Charriere
5f31f3e32669f5b9,Decision - Unanimous,3,5:00,3 Rnd (5-5-5),Angela Hill,Loopy Godinez
1f70a4516a70abf2,Decision - Unanimous,3,5:00,3 Rnd (5-5-5),Rongzhu,Kody Steele
a3e8ef1ce72a7d02,KO/TKO,1,2:27,3 Rnd (5-5-5),Edmen Shahbazyan,Brad Tavares
71499934c065fecb,Submission,3,1:37,3 Rnd (5-5-5),Brian Ortega,Diego Brandao
208674403b0936d4,KO/TKO,1,0:31,3 Rnd (5-5-5),Caio Magalhaes,Trevor Smith
c805552171b20b68,Decision - Unanimous,3,5:00,3 Rnd (5-5-5),Trevor Smith,Tor Troeng
5e378c52f26935d6,Decision - Split,3,5:00,3 Rnd (5-5-5),Elise Reed,Cory McKenna
45de6d0b9cf5451c,Decision - Unanimous,3,5:00,3 Rnd (5-5-5),Karine Silva,Ariane da Silva
e9f00c16810e0e61,Submission,1,1:12,3 Rnd (5-5-5),Edmen Shahbazyan,Jack Marshman
48189cad0c11ff63,KO/TKO,1,1:55,3 Rnd (5-5-5),Mike Kyle,James Irvin
78e38f1ad43c3479,Decision - Split,3,5:00,3 Rnd (5-5-5),Omari Akhmedov,Abdul Razak Alhassan
d856812dc733690a,Decision - Unanimous,3,5:00,3 Rnd (5-5-5),Pedro Munhoz,Chris Gutierrez
d006dd2513bd376d,Submission,2,1:46,3 Rnd (5-5-5),Joe Pyfer,Abus Magomedov
b347480405118de5,KO/TKO,1,0:36,3 Rnd (5-5-5),Derek Brunson,Ed Herman
45e49fe8d3d1bfb5,Decision - Unanimous,2,3:00,1 Rnd + OT (12-3),Guy Mezger,Christophe Leninger
b87863a2de433824,Decision - Majority,3,5:00,3 Rnd (5-5-5),TIE,TIE
47fc0736929125bd,Submission,2,1:59,3 Rnd (5-5-5),Adam Wieczorek,Arjan Bhullar
5f4a107d930e4852,Decision - Unanimous,3,5:00,3 Rnd (5-5-5),Joselyne Edwards,Ramona Pascual
5a096f2acb44c776,Decision - Unanimous,3,5:00,3 Rnd (5-5-5),Randa Markos,Juliana Lima
f0d4652f8edfbe6d,Decision - Unanimous,3,5:00,3 Rnd (5-5-5),Greg Hardy,Yorgan De Castro
e64d80dcc6853ea0,Submission,2,2:29,3 Rnd (5-5-5),Nate Maness,Luke Sanders
88ef809a0fde3900,KO/TKO,1,1:07,3 Rnd (5-5-5),Brian Foster,Forrest Petz
d5d6ae85ebcfd160,KO/TKO,1,2:58,3 Rnd (5-5-5),Carlos Condit,Dong Hyun Kim
efdad54c8550e6e0,Decision - Unanimous,3,5:00,3 Rnd (5-5-5),King Green,Jim Miller
d1d3b6ab8a56e973,Decision - Split,3,5:00,3 Rnd (5-5-5),Jesus Aguilar,Mateus Mendonca
f8dd1e75978a3957,Decision - Unanimous,5,5:00,5 Rnd (5-5-5-5-5),Dustin Poirier,Dan Hooker
5d000de6fa836f66,Decision - Split,3,5:00,3 Rnd (5-5-5),Ashlee Evans-Smith,Marion Reneau
771d8ce136a12a13,KO/TKO,2,2:15,3 Rnd (5-5-5),Louis Smolka,Jose Quinonez
9bbd45774fb4a6eb,Decision - Unanimous,3,5:00,3 Rnd (5-5-5),Abus Magomedov,Michel Pereira
363b72bf7f75091c,Submission,2,4:55,3 Rnd (5-5-5),Gerald Meerschaert,Oskar Piechota
f87a3fa07f0009c9,Submission,2,3:23,3 Rnd (5-5-5),Anthony Hernandez,Roman Kopylov
08ef2ed7393efd24,Decision - Unanimous,3,5:00,3 Rnd (5-5-5),Katlyn Cerminara,Cynthia Calvillo
b29ed164b3014a42,Decision - Unanimous,5,5:00,5 Rnd (5-5-5-5-5),Cub Swanson,Artem Lobov
413a4c217ee0193f,KO/TKO,1,2:07,3 Rnd (5-5-5),Ryan Spann,Rogerio Nogueira
5ad4c0eae7512878,Submission,1,2:25,3 Rnd (5-5-5),Islam Makhachev,Dan Hooker
bc0155d267fb5892,KO/TKO,1,1:45,3 Rnd (5-5-5),Diego Sanchez,Joe Riggs
7fbf09533c59e43f,KO/TKO,3,3:26,3 Rnd (5-5-5),Phil Rowe,Niko Price
f74e4afdf6ae29d1,KO/TKO,1,0:39,3 Rnd (5-5-5),Sergei Pavlovich,Tallison Teixeira
c68e57c19c82d500,KO/TKO,1,2:15,3 Rnd (5-5-5),Greg Hardy,Dmitrii Smoliakov
cade0268dec56f3d,KO/TKO,2,3:45,3 Rnd (5-5-5),Julio Arce,Andre Ewell
1e176413438fabd5,Submission,1,3:56,3 Rnd (5-5-5),Jon Tuck,Tae Hyun Bang
3eea92e7f26fb05b,Submission,4,3:03,5 Rnd (5-5-5-5-5),Khabib Nurmagomedov,Conor McGregor
826fb989c0e6208e,Decision - Split,3,5:00,3 Rnd (5-5-5),Dominick Reyes,Volkan Oezdemir
2c07f8ba25640237,KO/TKO,3,2:27,3 Rnd (5-5-5),Matt Brown,James Wilks
9c3db86db300119e,KO/TKO,2,0:26,3 Rnd (5-5-5),TJ Dillashaw,Issei Tamura
000da3152b7b5ab1,Decision - Unanimous,3,5:00,3 Rnd (5-5-5),Joshua Burkman,Josh Neer
1b9a127f9dadaad9,Decision - Unanimous,3,5:00,3 Rnd (5-5-5),Taylor Lapilus,Caolan Loughran
4960379abe6ed525,KO/TKO,1,3:25,5 Rnd (5-5-5-5-5),Cristiane Justino,Yana Santos
fb252c420e9830cd,Submission,1,4:00,3 Rnd (5-5-5),Paul Buentello,Kevin Jordan
40a43ffdd1624bed,KO/TKO,3,3:53,3 Rnd (5-5-5),Clint Hester,Bristol Marunde
de12349f334c964e,KO/TKO,2,3:17,3 Rnd (5-5-5),Joaquin Buckley,Vicente Luque
fe9ee00fa47dd7b3,Decision - Split,3,5:00,3 Rnd (5-5-5),Kajan Johnson,Stevie Ray
af0327945c9656e0,Decision - Unanimous,3,5:00,3 Rnd (5-5-5),Thales Leites,Tom Watson
ffd8e8575a551875,Decision - Unanimous,3,5:00,3 Rnd (5-5-5),Sean Strickland,Krzysztof Jotko
c6d56aad93f98249,Decision - Unanimous,3,5:00,3 Rnd (5-5-5),Raoni Barcelos,Ricky Simon
330e67abac6e5ce7,Decision - Unanimous,5,5:00,5 Rnd (5-5-5-5-5),Norma Dumont,Aspen Ladd
7ec86f2af631344f,Decision - Split,3,5:00,3 Rnd (5-5-5),Arnold Allen,Makwan Amirkhani
180128adae7897db,KO/TKO,1,3:35,3 Rnd (5-5-5),Rich Franklin,Edwin DeWees
59363451049c929d,KO/TKO,2,0:59,3 Rnd (5-5-5),Gilbert Burns,Dan Moret
c25a97523bf56e49,TKO - Doctor's Stoppage,3,1:05,3 Rnd (5-5-5),Jonathan Goulet,Jay Hieron
56ce29bdb1fe9abf,KO/TKO,2,3:44,3 Rnd (5-5-5),Josh Thomson,Nate Diaz
20bbf7e139c73e8d,Decision - Unanimous,3,5:00,3 Rnd (5-5-5),Abu Azaitar,Vitor Miranda
90bce37a788afeaa,TKO - Doctor's Stoppage,1,0:48,1 Rnd (10),Don Frye,Sam Adkins
96d33e46267d4eaf,Decision - Unanimous,3,5:00,3 Rnd (5-5-5),Alex Caceres,Steven Peterson
244357514dd89bd6,Decision - Unanimous,3,5:00,3 Rnd (5-5-5),Glover Teixeira,Jared Cannonier
1f9a6f2120835615,Decision - Split,3,5:00,3 Rnd (5-5-5),Randa Markos,Ashley Yoder
3cf3771274a4f8b1,Submission,2,3:00,3 Rnd (5-5-5),Josh Fremd,Sedriques Dumas
5fdf6611815efdfb,Decision - Unanimous,3,5:00,3 Rnd (5-5-5),Devin Clark,Alonzo Menifield
1687e2cd061b7aec,KO/TKO,1,3:09,3 Rnd (5-5-5),Magomed Ankalaev,Marcin Prachnio
6f6158830b01ea27,Submission,2,2:43,3 Rnd (5-5-5),Jon Jones,Jake O'Brien
f8b9b5ee3d4a8ac3,Submission,1,3:43,3 Rnd + OT (5-5-5-5),Tatiana Suarez,Amanda Cooper
9c354bd6ea1bf25a,KO/TKO,1,1:48,3 Rnd (5-5-5),Jon Madsen,Gilbert Yvel
fe143cb868adfded,KO/TKO,2,4:21,5 Rnd (5-5-5-5-5),Israel Adesanya,Alex Pereira
47149f3187661509,Decision - Unanimous,3,5:00,3 Rnd (5-5-5),TIE,TIE
e624d85a0d718578,Decision - Unanimous,3,5:00,3 Rnd (5-5-5),Court McGee,Claudio Silva
c33671cab408184b,KO/TKO,2,4:41,3 Rnd (5-5-5),Jimi Manuwa,Ryan Jimmo
5a440bdee19efaab,Decision - Unanimous,5,5:00,5 Rnd (5-5-5-5-5),Brian Ortega,Chan Sung Jung
eb30c9c975e15436,KO/TKO,1,0:34,3 Rnd (5-5-5),Viktoriia Dudakova,Istela Nunes
108434acbbd75d26,KO/TKO,2,4:52,3 Rnd (5-5-5),Shara Magomedov,Armen Petrosyan
dba710edbc3c29ff,Decision - Split,3,5:00,3 Rnd (5-5-5),Krzysztof Jotko,Misha Cirkunov
374508c76108d7fe,Decision - Unanimous,3,5:00,3 Rnd (5-5-5),Nick Hein,Yusuke Kasuya
dbe6c361530958bc,KO/TKO,2,1:25,3 Rnd (5-5-5),Matt Hamill,Tim Boetsch
35b871e0bdc1415b,KO/TKO,1,9:00,1 Rnd + OT (12-3),Tulio Palhares,Adriano Santos
e083c7ae1548e08a,Submission,1,0:14,5 Rnd (5-5-5-5-5),Ronda Rousey,Cat Zingano
28f31c3fd7afe737,KO/TKO,1,0:43,1 Rnd + OT (12-3),Gary Goodridge,Andre Roberts
795aa42785a46643,KO/TKO,1,3:21,3 Rnd (5-5-5),Kai Kara-France,Cody Garbrandt
81c5c897717a1ef6,Decision - Unanimous,3,5:00,3 Rnd (5-5-5),Chael Sonnen,Michael Bisping
d6b3c56a4cf14c1a,Decision - Unanimous,3,5:00,3 Rnd (5-5-5),Robert Whittaker,Brad Scott
9d6b46a3cf5ec494,KO/TKO,1,2:33,3 Rnd (5-5-5),Dan Hooker,James Vick
8c2fb17981464d8c,TKO - Doctor's Stoppage,2,1:39,3 Rnd (5-5-5),Curtis Blaydes,Aleksei Oleinik
b70dfff154b135bf,Decision - Split,3,5:00,3 Rnd (5-5-5),Ryan Spann,Sam Alvey
7f14be4e45bca6bd,KO/TKO,2,2:59,5 Rnd (5-5-5-5-5),Tatsuro Taira,Alex Perez
4e451881e0e47b05,Decision - Unanimous,3,5:00,3 Rnd (5-5-5),Francisco Figueiredo,Jerome Rivera
7b80dd233e200dd2,Decision - Split,3,5:00,3 Rnd (5-5-5),Justin Ledet,Azunna Anyanwu
f549164690d723bb,Decision - Unanimous,3,5:00,3 Rnd (5-5-5),Virna Jandiroba,Angela Hill
920b6f739a36e721,KO/TKO,3,2:19,3 Rnd (5-5-5),Edson Barboza,Dan Hooker
a23d84f15207e459,KO/TKO,1,4:15,3 Rnd (5-5-5),Alonzo Menifield,Zhang Mingyang
bf59d9f8bd9536f3,Decision - Split,3,5:00,3 Rnd (5-5-5),Max Griffin,Tim Means
1287c631cb74f1d9,Submission,2,2:13,3 Rnd (5-5-5),Nate Diaz,Melvin Guillard
c037cdc1de53de8e,KO/TKO,3,2:46,3 Rnd (5-5-5),Jacare Souza,Chris Weidman
34644c44229e41a1,KO/TKO,1,2:32,3 Rnd (5-5-5),Teruto Ishihara,Horacio Gutierrez
5ae45d20a60dc109,Decision - Unanimous,3,5:00,3 Rnd (5-5-5),Jamie Moyle,Kailin Curran
795c682c30d66c19,Decision - Unanimous,3,5:00,3 Rnd (5-5-5),Matt Lindland,Phil Baroni
b8ca1acdf3dc2f58,Decision - Unanimous,3,5:00,3 Rnd (5-5-5),Robert Whittaker,Marvin Vettori
0697d5520b74a8df,Decision - Unanimous,3,5:00,3 Rnd (5-5-5),Dan Hooker,Al Iaquinta
2418af6da44fd361,KO/TKO,2,4:47,3 Rnd (5-5-5),Joseph Benavidez,Jussier Formiga
a10e2d5416972b9c,Submission,1,2:03,3 Rnd (5-5-5),Sam Patterson,Yohan Lainesse
2ae7404681deb3b3,KO/TKO,3,4:03,3 Rnd (5-5-5),Phil Rowe,Ange Loosa
d5577e3272ef3032,Decision - Unanimous,3,5:00,3 Rnd (5-5-5),Nina Nunes,Claudia Gadelha
0ec579db0efcf0c6,Decision - Unanimous,3,5:00,3 Rnd (5-5-5),TIE,TIE
c9e0aa88afb81dab,KO/TKO,2,2:51,3 Rnd (5-5-5),Tommy Gantt,Artur Minev
01e8868086004dd8,Decision - Majority,3,5:00,3 Rnd (5-5-5),TIE,TIE
721642e7de112e9e,Decision - Unanimous,3,5:00,3 Rnd (5-5-5),Virna Jandiroba,Tabatha Ricci
d3255f2b8ef2b559,Decision - Unanimous,3,5:00,3 Rnd (5-5-5),Darren Elkins,Chas Skelly
faac24c1b3d6368a,Decision - Unanimous,3,5:00,3 Rnd (5-5-5),Jasmine Jasudavicius,Gabriella Fernandes
81f2f2d4b0302590,Decision - Unanimous,3,5:00,3 Rnd (5-5-5),Song Yadong,Marlon Vera
17050a7b673dc49d,Decision - Unanimous,3,5:00,3 Rnd (5-5-5),Ihor Potieria,Robert Bryczek
8545a2495db16538,Decision - Unanimous,3,5:00,3 Rnd (5-5-5),Viviane Araujo,Karine Silva
e54c16d867875738,Submission,1,4:43,3 Rnd (5-5-5),Islam Makhachev,Kajan Johnson
670e4754d8d3d172,Decision - Unanimous,3,5:00,3 Rnd (5-5-5),Garrett Armfield,Brad Katona
07cb64236ae7aaea,KO/TKO,2,3:42,3 Rnd (5-5-5),Maycee Barber,Amanda Ribas
382d626d45c36f14,Decision - Split,3,5:00,3 Rnd (5-5-5),Takeya Mizugaki,Erik Perez
9a3908ab337c5f3f,KO/TKO,1,1:54,3 Rnd (5-5-5),John Dodson,TJ Dillashaw
904e0e46392dff93,Decision - Split,3,5:00,3 Rnd (5-5-5),Mara Romero Borella,Taila Santos
5df4632f6238e612,KO/TKO,1,4:23,3 Rnd (5-5-5),Alan Jouban,Seth Baczynski
e346f2b7af63e804,Decision - Unanimous,5,5:00,5 Rnd (5-5-5-5-5),Vicente Luque,Rafael Dos Anjos
a2e2d0e8b94d8eba,Submission,2,4:42,3 Rnd (5-5-5),Clay Guida,Justin James
586635087cdfbbcc,Submission,1,1:05,3 Rnd (5-5-5),Frank Mir,Roberto Traven
b121f30d7fc9ea6c,Decision - Unanimous,3,5:00,3 Rnd (5-5-5),Matthew Lopez,Mitch Gagnon
182ee320edb1b5ed,Submission,1,2:47,3 Rnd (5-5-5),Ryan Spann,Lukasz Brzeski
3ce9e07f51239edd,KO/TKO,1,5:00,3 Rnd (5-5-5),Igor Pokrajac,Todd Brown
8fe1859721e95ce3,Decision - Unanimous,3,5:00,3 Rnd (5-5-5),Demian Maia,Gunnar Nelson
c4938baf92d2dc31,Decision - Split,5,5:00,5 Rnd (5-5-5-5-5),Dominick Cruz,TJ Dillashaw
2606c3853a8c0b62,Submission,1,3:22,3 Rnd (5-5-5),Gabriel Gonzaga,Carmelo Marrero
dd34dd337e637767,KO/TKO,1,2:35,3 Rnd (5-5-5),Warlley Alves,Mounir Lazzez
512f2d10f92d0d36,Decision - Unanimous,3,5:00,3 Rnd (5-5-5),Brandon Vera,Reese Andy
71170fb7ade3e1f4,KO/TKO,1,2:05,3 Rnd (5-5-5),Jamey-Lyn Horth,Tereza Bleda
6ad594777cce2d7d,KO/TKO,1,4:28,3 Rnd (5-5-5),Dustin Stoltzfus,Marc-Andre Barriault
344d60564cd136ff,KO/TKO,3,0:55,3 Rnd (5-5-5),Lucas Almeida,Michael Trizano
39be68189f2d5074,Submission,1,3:42,3 Rnd (5-5-5),Jim Miller,Fabricio Camoes
cbdf29f36b343f6f,KO/TKO,1,0:18,3 Rnd (5-5-5),Robelis Despaigne,Josh Parisian
b2bb725b17ab51b8,Decision - Unanimous,3,5:00,3 Rnd (5-5-5),Jimi Manuwa,Jan Blachowicz
401a21d881a1f26a,Submission,2,2:49,3 Rnd (5-5-5),Caio Magalhaes,Karlos Vemola
203b3098d892c3b1,KO/TKO,1,2:17,3 Rnd (5-5-5),Tim Means,Dhiego Lima
3e9f3ce3a01bb97f,KO/TKO,2,4:49,3 Rnd (5-5-5),Soa Palelei,Walt Harris
2e2b70a5294012bd,KO/TKO,2,0:15,3 Rnd (5-5-5),Jutaro Nakao,Tony DeSouza
0473ef44197be419,KO/TKO,1,1:23,1 Rnd + OT (12-3),Jack Nilson,Saeed Hosseini
d250a9d1c602e266,KO/TKO,2,1:56,3 Rnd (5-5-5),Diego Sanchez,Brian Gassaway
33d2a1dbb8a7fef5,Decision - Unanimous,3,5:00,3 Rnd (5-5-5),Mounir Lazzez,Abdul Razak Alhassan
a85a0831580696ff,Submission,1,0:46,3 Rnd (5-5-5),Frank Mir,David Abbott
c62ed8a6002b5360,Decision - Unanimous,3,5:00,3 Rnd (5-5-5),Karol Rosa,Nora Cornolle
425e856cac6f521b,TKO - Doctor's Stoppage,2,5:00,3 Rnd (5-5-5),Josh Neer,Keith Wisniewski
747d922b329b7f30,KO/TKO,1,3:34,5 Rnd (5-5-5-5-5),Steve Garcia,David Onama
df8d4014d8206ab1,TKO - Doctor's Stoppage,2,1:34,5 Rnd (5-5-5-5-5),Pat Miletich,Andre Pederneiras
3445246f8e3eba24,KO/TKO,1,0:21,3 Rnd (5-5-5),Nate Marquardt,Demian Maia
a4814d682954e8ab,Decision - Unanimous,3,5:00,3 Rnd (5-5-5),Yana Santos,Ketlen Vieira
ad0bac98558900af,Decision - Unanimous,3,5:00,3 Rnd (5-5-5),Kyoji Horiguchi,Ali Bagautinov
3d38022fdcb3b5c9,Decision - Unanimous,5,5:00,5 Rnd (5-5-5-5-5),Frankie Edgar,BJ Penn
4896b36f1333d25c,Decision - Unanimous,5,5:00,5 Rnd (5-5-5-5-5),Alexandre Pantoja,Brandon Royval
02ec66f311dce539,Decision - Unanimous,3,5:00,3 Rnd (5-5-5),Carlos Ulberg,Volkan Oezdemir
a2e34655a41ba45c,KO/TKO,2,0:21,5 Rnd (5-5-5-5-5),Derrick Lewis,Aleksei Oleinik
8b15591a73aa7eb0,KO/TKO,2,4:17,3 Rnd (5-5-5),Andrei Arlovski,Jake O'Brien
3210723fbb018fa7,Decision - Split,3,5:00,3 Rnd (5-5-5),Eric Shelton,Joseph Morales
59c4fdb3c0673066,Decision - Unanimous,3,5:00,3 Rnd (5-5-5),Ricky Simon,Cameron Smotherman
f67aa0b16e16a9ea,Decision - Unanimous,5,5:00,5 Rnd (5-5-5-5-5),Robert Whittaker,Kelvin Gastelum
0ffbf3096a13b47e,Decision - Split,5,5:00,5 Rnd (5-5-5-5-5),Michelle Waterson-Gomez,Angela Hill
106088694fa0c682,KO/TKO,3,3:51,5 Rnd (5-5-5-5-5),Ryan Bader,Rogerio Nogueira
abf6ea197979e634,Decision - Unanimous,3,5:00,3 Rnd (5-5-5),Brock Larson,Keita Nakamura
47245dd345d9ef7e,Submission,1,3:05,3 Rnd (5-5-5),Cole Miller,Dan Lauzon
04995619538ae939,Decision - Unanimous,3,5:00,3 Rnd (5-5-5),Karo Parisyan,Ryo Chonan
154da5e0d8541508,Decision - Unanimous,3,5:00,3 Rnd (5-5-5),Denis Kang,Xavier Foupa-Pokam
8245791a3d3403c6,Decision - Unanimous,3,5:00,3 Rnd (5-5-5),Gilbert Burns,Stephen Thompson
d5ffdb5388ffabc6,Decision - Unanimous,3,5:00,3 Rnd (5-5-5),Randy Brown,Jared Gooden
380242601a2c5991,KO/TKO,2,1:53,3 Rnd (5-5-5),Reinier de Ridder,Bo Nickal
54fa6e32330a8cca,Decision - Unanimous,3,5:00,3 Rnd (5-5-5),Thiago Moises,Trey Ogden
23692b9936363da3,KO/TKO,1,1:01,3 Rnd (5-5-5),Mairbek Taisumov,Marcin Bandel
3733d100f7bd5590,KO/TKO,1,4:02,3 Rnd (5-5-5),Ignacio Bahamondes,Manuel Torres
71ea7d7985dad804,Decision - Unanimous,3,5:00,3 Rnd (5-5-5),Gilbert Burns,Jorge Masvidal
dd3ea525fe1898f1,Decision - Unanimous,3,5:00,3 Rnd (5-5-5),Urijah Faber,Eddie Wineland
f995ed679ef8bdf4,KO/TKO,1,1:43,3 Rnd (5-5-5),Gregory Rodrigues,Denis Tiuliulin
e0c636beed345e1d,Submission,1,0:16,1 Rnd + 2OT (15-3-3),Frank Shamrock,Kevin Jackson
ac82d28aaa5faaf0,Decision - Unanimous,3,5:00,3 Rnd (5-5-5),Josh Koscheck,Chris Lytle
c62d5962b99938de,KO/TKO,1,3:21,3 Rnd (5-5-5),Quinton Jackson,Wanderlei Silva
6aa873e65d880322,Submission,1,3:00,3 Rnd (5-5-5),Paul Sass,Michael Johnson
d9e86958bcb15c26,Decision - Unanimous,3,5:00,3 Rnd (5-5-5),Matt Hughes,Valeri Ignatov
c5ae278a05b73db9,Submission,2,1:34,3 Rnd (5-5-5),Urijah Faber,Francisco Rivera
23a604f460289271,KO/TKO,2,2:03,5 Rnd (5-5-5-5-5),Mateusz Gamrot,Rafael Fiziev
0d63a7d3e08df3db,Decision - Unanimous,3,5:00,3 Rnd (5-5-5),James Te Huna,Joey Beltran
02d2da0420fbdd39,Decision - Unanimous,3,5:00,3 Rnd (5-5-5),Rich Clementi,Terry Etim
bb7408d59b7279f7,KO/TKO,2,4:40,3 Rnd (5-5-5),Shane Young,Rolando Dy
b4db19e62f087a7f,KO/TKO,1,3:57,3 Rnd (5-5-5),Robbie Lawler,Josh Koscheck
c8a48abe3263f796,KO/TKO,1,1:32,3 Rnd (5-5-5),Yoel Romero,Clifford Starks
10a1947cb3feabc1,Decision - Split,3,5:00,3 Rnd (5-5-5),Alexis Davis,Liz Carmouche
dae856cb00cf5163,Submission,1,0:47,5 Rnd (5-5-5-5-5),Andrei Arlovski,Tim Sylvia
f2c2a49fed32bd75,Submission,1,1:24,3 Rnd (5-5-5),Valter Walker,Louie Sutherland
db1c5b5a710fbdb0,Submission,1,0:41,3 Rnd (5-5-5),Charles Oliveira,Darren Elkins
d1aaef0d7f0c8e8b,Decision - Unanimous,3,5:00,3 Rnd (5-5-5),Sage Northcutt,Enrique Marin
b43dfe6743160a66,Submission,1,2:23,3 Rnd (5-5-5),Brandon Moreno,Louis Smolka
99808befeece3a8a,Decision - Unanimous,3,5:00,3 Rnd (5-5-5),Philipe Lins,Maxim Grishin
36fcfd186a8d6df7,Decision - Unanimous,5,5:00,5 Rnd (5-5-5-5-5),Amanda Nunes,Germaine de Randamie
98a1121ffbc47657,KO/TKO,1,1:08,3 Rnd (5-5-5),Drew McFedries,Marvin Eastman
8515f07911765f89,KO/TKO,2,1:57,3 Rnd (5-5-5),Arman Tsarukyan,Joel Alvarez
911b73db91738da6,KO/TKO,2,2:17,3 Rnd (5-5-5),Ismael Bonfim,Terrance McKinney
c4ea3f6fae702459,Decision - Unanimous,3,5:00,3 Rnd (5-5-5),Joanne Wood,Jessica Eye
f4273b2155fe20fe,Submission,2,1:50,3 Rnd (5-5-5),Francisco Trinaldo,CJ Keith
e4aa608124896794,Decision - Unanimous,5,5:00,5 Rnd (5-5-5-5-5),Arnold Allen,Melquizael Costa
84d633d4a9fbf331,Decision - Split,3,5:00,3 Rnd (5-5-5),Armen Petrosyan,Gregory Rodrigues
4291b38643547fa7,Decision - Unanimous,3,5:00,3 Rnd (5-5-5),Devin Clark,Jake Collier
8aa637fc26a01581,Decision - Majority,3,5:00,3 Rnd (5-5-5),Cyrille Diabate,Tom DeBlass
eb0f7127f22457e9,Decision - Split,3,5:00,3 Rnd (5-5-5),Sergio Moraes,Tim Means
b272e9a4ed7a1b23,KO/TKO,2,3:26,3 Rnd (5-5-5),Tyson Griffin,Hermes Franca
924f982f0d9d2142,Decision - Unanimous,3,5:00,3 Rnd (5-5-5),Loopy Godinez,Emily Ducote
00e8d4b961a65d21,KO/TKO,1,4:34,3 Rnd (5-5-5),Bo Nickal,Kyle Daukaus
d4415f08ba3e017e,Decision - Unanimous,3,5:00,3 Rnd (5-5-5),Joey Beltran,Tim Hague
adac148ee6fa3bf7,KO/TKO,2,0:18,3 Rnd (5-5-5),Miguel Baeza,Matt Brown
fb93d1cafcc6b455,Submission,2,1:38,3 Rnd (5-5-5),Genki Sudo,Leigh Remedios
5355fd4a2598f679,Decision - Split,3,5:00,3 Rnd (5-5-5),Gray Maynard,Nate Diaz
1b5d5af1bc0a34c7,Decision - Unanimous,3,5:00,3 Rnd (5-5-5),Stephanie Luciano,Talita Alencar
6b7033df94818cee,Submission,2,3:48,3 Rnd (5-5-5),Donald Cerrone,Paul Kelly
56f77263c75392f2,Decision - Unanimous,3,5:00,3 Rnd (5-5-5),Christian Wellisch,Anthony Perosh
111e66eb922449e4,Decision - Unanimous,3,5:00,3 Rnd (5-5-5),Kevin Vallejos,Danny Silva
e966de63c8e6b1d5,Submission,2,2:05,3 Rnd (5-5-5),Joe Pyfer,Abdul Razak Alhassan
62fecd327391557e,KO/TKO,2,2:28,3 Rnd (5-5-5),James Krause,Warlley Alves
652a73f4bf7f1932,KO/TKO,1,4:41,3 Rnd (5-5-5),Andrei Arlovski,Travis Browne
16b0e962beb6d15e,KO/TKO,2,1:28,3 Rnd (5-5-5),Shane Roller,Thiago Tavares
f5affe923c640d0e,KO/TKO,3,3:20,3 Rnd (5-5-5),James McSweeney,Darrill Schoonover
4c4e1f7521c27900,Submission,3,2:44,3 Rnd (5-5-5),Joe Lauzon,Jamie Varner
c62a90c19af6a0e2,KO/TKO,1,3:57,3 Rnd (5-5-5),Paul Felder,Stevie Ray
1f5f59924b59408b,Decision - Unanimous,5,5:00,5 Rnd (5-5-5-5-5),Mateusz Gamrot,Arman Tsarukyan
8167bd097a16062f,KO/TKO,1,3:28,3 Rnd (5-5-5),Petr Yan,Teruto Ishihara
58e72b1a38880ba9,KO/TKO,1,0:59,3 Rnd (5-5-5),Christian Aguilera,Anthony Ivy
2e209dc450b7ebe3,Decision - Unanimous,3,5:00,3 Rnd (5-5-5),Marlon Vera,Guangyou Ning
eab6e19a2a2a67f0,Decision - Unanimous,3,5:00,3 Rnd (5-5-5),Albert Tumenov,Nicholas Musoke
558ef0822c8fa5b9,Decision - Unanimous,3,5:00,3 Rnd (5-5-5),Vladimir Matyushenko,Pedro Rizzo
6ef50ed03b116b60,Decision - Unanimous,3,5:00,3 Rnd (5-5-5),Gabriella Fernandes,Julija Stoliarenko
2a702055a79d95a7,Decision - Unanimous,3,5:00,3 Rnd (5-5-5),Bartosz Fabinski,Hector Urbina
d4e3baff532df842,Submission,2,1:19,3 Rnd + OT (5-5-5-5),Kamaru Usman,Hayder Hassan
4d8d1701c43c5fea,Decision - Unanimous,3,5:00,3 Rnd (5-5-5),Ian Machado Garry,Gabe Green
f9e672ec431fed3f,Decision - Unanimous,3,5:00,3 Rnd (5-5-5),Tiago dos Santos e Silva,Akbarh Arreola
e35d878ba90d9769,Decision - Unanimous,3,5:00,3 Rnd (5-5-5),Trevor Smith,Joseph Gigliotti
adc1038ed2e76391,Decision - Split,3,5:00,3 Rnd (5-5-5),Valmir Lazaro,James Krause
d401522de73b7bee,Submission,4,3:47,5 Rnd (5-5-5-5-5),Rafael Dos Anjos,Kevin Lee
18d6df67968bf06b,KO/TKO,2,2:03,3 Rnd (5-5-5),Damir Hadzovic,Marco Polo Reyes
9cad47cdd6351e50,Decision - Unanimous,3,5:00,3 Rnd (5-5-5),Jared Cannonier,Ion Cutelaba
7bb603674999e675,Decision - Unanimous,3,5:00,3 Rnd (5-5-5),Felipe Arantes,Antonio Carvalho
d9834a03626a3c06,Decision - Unanimous,3,5:00,3 Rnd (5-5-5),Francis Carmont,Constantinos Philippou
3387f430abb7e39f,Decision - Unanimous,3,5:00,3 Rnd (5-5-5),Karl Williams,Chase Sherman
7d583e4002622848,KO/TKO,2,2:55,3 Rnd (5-5-5),Gilbert Urbina,Orion Cosce
3f5f6c576046bf77,KO/TKO,1,1:38,3 Rnd (5-5-5),John Moraga,Magomed Bibulatov
46aa72d0ccd2be0a,KO/TKO,3,3:28,3 Rnd (5-5-5),Ali Bagautinov,Marcos Vinicius
1776c84e3d22d7cc,Decision - Unanimous,3,5:00,3 Rnd (5-5-5),Michael Bisping,Chris Leben
fd98843926965cbd,Decision - Split,3,5:00,3 Rnd (5-5-5),Sumudaerji,Mitch Raposo
226884e46a10865d,Decision - Unanimous,3,5:00,3 Rnd (5-5-5),Alex Pereira,Bruno Silva
25215e8c06d7d63f,KO/TKO,1,2:58,1 Rnd + OT (12-3),Evan Tanner,Valeri Ignatov
cd45a78028039f53,Decision - Unanimous,3,5:00,3 Rnd (5-5-5),Paul Kelly,Rolando Delgado
7e6f12a95c14f9de,KO/TKO,3,2:51,3 Rnd (5-5-5),Miles Johns,Kevin Natividad
32b058d82c9e38de,KO/TKO,2,2:45,3 Rnd (5-5-5),Luke Cummo,Josh Haynes
a605d4153c7dbd84,Decision - Split,3,5:00,3 Rnd (5-5-5),Alex Caceres,Roland Delorme
33913e8e56c49a4c,Decision - Unanimous,3,5:00,3 Rnd (5-5-5),Nordine Taleb,Oliver Enkamp
12d9b4a3931be5ec,Submission,2,4:55,3 Rnd (5-5-5),Joe Solecki,Carl Deaton
aacb47949a572f25,Decision - Unanimous,3,5:00,3 Rnd (5-5-5),Movsar Evloev,Dan Ige
454861874ecc52d7,Decision - Split,3,5:00,3 Rnd (5-5-5),Alex Morono,Kyle Noke
21aa163b80e504f9,Decision - Unanimous,2,3:00,1 Rnd + OT (12-3),Dan Henderson,Allan Goes
93a0a19c2c1cfe66,KO/TKO,1,2:41,3 Rnd (5-5-5),Cam Rowston,Andre Petroski
c1e5859053263811,KO/TKO,2,2:22,3 Rnd (5-5-5),Stephanie Egger,Shanna Young
a3b37f8ea171b962,Decision - Unanimous,5,5:00,5 Rnd (5-5-5-5-5),Jose Aldo,Ricardo Lamas
8fd355e482806ca7,Submission,3,3:49,3 Rnd (5-5-5),Leandro Issa,Jumabieke Tuerxun
e0444752d18fda7f,KO/TKO,1,3:16,3 Rnd (5-5-5),Michal Oleksiejczuk,Cody Brundage
b0bb09e4ca8343af,TKO - Doctor's Stoppage,1,5:00,5 Rnd (5-5-5-5-5),Matt Hughes,Gil Castillo
e881ba0a28fffb6e,Decision - Unanimous,3,5:00,3 Rnd (5-5-5),Takeya Mizugaki,Jeff Hougland
90d50fb7e2bf789e,Submission,1,3:04,3 Rnd (5-5-5),Jim Miller,Melvin Guillard
e9d5ffcacf7d8757,Submission,2,1:06,3 Rnd (5-5-5),Mike Malott,Adam Fugitt
9674c37e3a2bc399,Decision - Unanimous,3,5:00,3 Rnd (5-5-5),Pedro Munhoz,Damian Stasiak
65ac65daa51720e2,Submission,1,4:54,3 Rnd (5-5-5),Chris Weidman,Jesse Bongfeldt
32b030138bfd4f88,Submission,1,2:47,3 Rnd (5-5-5),Rose Namajunas,Angela Hill
9a984ea967886979,Decision - Split,3,5:00,3 Rnd (5-5-5),Derrick Lewis,Roy Nelson
ca28f69fa42f88ed,KO/TKO,2,3:48,3 Rnd (5-5-5),Shawn Jordan,Mike Russow
302ce74d8b0d12a6,Decision - Unanimous,3,5:00,3 Rnd (5-5-5),Nik Lentz,Diego Nunes
0ecbb881c74a63f5,Decision - Unanimous,3,5:00,3 Rnd (5-5-5),CB Dollaway,Francis Carmont
13858ffdaaef5671,KO/TKO,1,0:36,3 Rnd (5-5-5),Melvin Guillard,Dennis Siver
6acd1c591170f597,KO/TKO,1,1:06,3 Rnd (5-5-5),Michel Pereira,Andre Petroski
94dcbc64641cbb6e,Decision - Split,3,5:00,3 Rnd (5-5-5),Keita Nakamura,Salim Touahri
b9be472f456cac79,Submission,1,3:06,3 Rnd (5-5-5),Brock Larson,Mike Pyle
c2fd7ee22721846c,Decision - Unanimous,3,5:00,3 Rnd (5-5-5),Kenny Florian,Roger Huerta
36dbc3cee586e53d,Submission,2,3:13,3 Rnd (5-5-5),Matt Lindland,Travis Lutter
5b7b5b01f4dcbd9c,Decision - Unanimous,3,5:00,3 Rnd (5-5-5),Tainara Lisboa,Ravena Oliveira
d98d6b2c13557a87,Decision - Split,3,5:00,3 Rnd (5-5-5),Piera Rodriguez,Ketlen Souza
c4fd59db24f978ec,Decision - Unanimous,3,5:00,3 Rnd (5-5-5),Urijah Faber,Frankie Saenz
8f979d206eaec468,Submission,1,4:33,3 Rnd (5-5-5),Sean Strickland,Robert McDaniel
ebc7ec239faf7b0b,KO/TKO,2,2:43,3 Rnd (5-5-5),Gegard Mousasi,Vitor Belfort
d9499d55f9f53112,Decision - Unanimous,3,5:00,3 Rnd (5-5-5),Joe Riggs,Nick Diaz
1fb62d8192128dc1,Decision - Split,3,5:00,3 Rnd (5-5-5),Yves Jabouin,Ian Loveland
48a2a476d3b59866,Decision - Unanimous,5,5:00,5 Rnd (5-5-5-5-5),Valentina Shevchenko,Joanna Jedrzejczyk
5538d15c4eeac3b3,Decision - Unanimous,3,5:00,3 Rnd (5-5-5),Sergei Pavlovich,Waldo Cortes Acosta
abb8c6c0a057184e,Decision - Unanimous,3,5:00,3 Rnd (5-5-5),Dominick Cruz,Pedro Munhoz
032a61c6f9439b1d,Decision - Unanimous,3,5:00,3 Rnd (5-5-5),Court McGee,Dongi Yang
b7f6d05d3afbb266,Decision - Unanimous,3,5:00,3 Rnd (5-5-5),Cynthia Calvillo,Joanne Wood
8fc8d66ad0074ab0,KO/TKO,1,1:45,3 Rnd (5-5-5),Manuel Torres,Drew Dober
2c7b788effdc1b4c,KO/TKO,1,3:33,3 Rnd (5-5-5),Ottman Azaitar,Teemu Packalen
c1be2b862f737c18,Decision - Unanimous,3,5:00,3 Rnd (5-5-5),Brian Stann,Steve Cantwell
376dddfa82debbf4,KO/TKO,1,4:02,3 Rnd (5-5-5),Manel Kape,Zhalgas Zhumagulov
e640fd983577d349,Decision - Split,3,5:00,3 Rnd (5-5-5),TIE,TIE
83fa3a382acc7bdc,KO/TKO,1,4:59,3 Rnd (5-5-5),Trevor Peek,Erick Gonzalez
0f23c5569204a69b,KO/TKO,2,1:15,3 Rnd (5-5-5),Andrei Arlovski,Wesley Correira
829b3ee4145a1ae6,Decision - Unanimous,5,5:00,5 Rnd (5-5-5-5-5),Rose Namajunas,Joanna Jedrzejczyk
541e5c7a87712fc2,Decision - Unanimous,3,5:00,3 Rnd (5-5-5),Sam Sicilia,Yaotzin Meza
eb277b5ea2a19124,Decision - Split,3,5:00,3 Rnd (5-5-5),Andrei Arlovski,Jake Collier
d3c0dfa57950aefd,KO/TKO,1,1:37,3 Rnd (5-5-5),SeungWoo Choi,Julian Erosa
9d98e1c0d62213cf,DQ,1,4:02,3 Rnd (5-5-5),Brok Weaver,Kazula Vargas
0da43c3ec0e11650,Decision - Unanimous,3,5:00,3 Rnd (5-5-5),Timothy Johnson,Marcelo Golm
ba766bd03090dab9,Submission,2,3:22,3 Rnd (5-5-5),Charles Oliveira,Christos Giagos
008d1123cc90f003,Submission,2,3:22,3 Rnd (5-5-5),Stefan Struve,Pat Barry
802c0e4e228996ac,KO/TKO,1,0:21,1 Rnd (20),Dave Beneteau,Asbel Cancio
2a940fac11da404d,Decision - Unanimous,3,5:00,3 Rnd (5-5-5),Raquel Pennington,Roxanne Modafferi
3d941525f5c623e3,Decision - Unanimous,3,5:00,3 Rnd (5-5-5),Laureano Staropoli,Thiago Alves
20aa994cd23074b9,Decision - Unanimous,3,5:00,3 Rnd (5-5-5),Demetrious Johnson,Norifumi Yamamoto
9cbdbbc414d6dd83,KO/TKO,1,1:29,3 Rnd (5-5-5),Jimmie Rivera,Marcus Brimage
dcfbbebc0aee6ded,Decision - Unanimous,3,5:00,3 Rnd (5-5-5),Macy Chiasson,Marion Reneau
704a089fde021153,KO/TKO,1,4:18,3 Rnd (5-5-5),Alan Belcher,Rousimar Palhares
1789d630e31e9c77,Decision - Unanimous,3,5:00,3 Rnd (5-5-5),Michael Chiesa,Francisco Trinaldo
42957e04417af1d8,KO/TKO,2,0:09,3 Rnd (5-5-5),James Irvin,Terry Martin
c25c2000aa99832c,Submission,1,1:24,3 Rnd (5-5-5),Rony Jason,Mike Wilkinson
07f234a488661125,KO/TKO,1,1:58,3 Rnd (5-5-5),Diego Ferreira,Jared Gordon
2f1f16c86a8cc6e2,Decision - Unanimous,5,5:00,5 Rnd (5-5-5-5-5),Nicco Montano,Roxanne Modafferi
81283a33e907dbbe,KO/TKO,3,3:53,3 Rnd (5-5-5),Nick Osipczak,Matthew Riddle
fa48320affd3b2b4,Submission,1,5:48,1 Rnd + OT (12-3),Ken Shamrock,Brian Johnston
5fa6543868367f4b,Decision - Split,3,5:00,3 Rnd (5-5-5),Sam Hughes,Stephanie Luciano
eed6c9aff2234b7a,KO/TKO,1,0:40,5 Rnd (5-5-5-5-5),Conor McGregor,Donald Cerrone
b1be8b41b1a4fd85,KO/TKO,1,2:38,3 Rnd (5-5-5),Ilia Topuria,Damon Jackson
01432891260084a4,Decision - Unanimous,3,5:00,3 Rnd (5-5-5),Robert Whittaker,Paulo Costa
7e25199be406dd7b,Decision - Unanimous,3,5:00,3 Rnd (5-5-5),Elias Theodorou,Bruno Santos
a41ba2624191bf23,Decision - Split,5,5:00,5 Rnd (5-5-5-5-5),Jake Shields,Demian Maia
c4704eab5e2f51b8,Decision - Unanimous,5,5:00,5 Rnd (5-5-5-5-5),Max Holloway,Frankie Edgar
3bd5dbc1598c409d,Decision - Unanimous,3,5:00,3 Rnd (5-5-5),Dennis Bermudez,Tatsuya Kawajiri
23bc29f1b6baacad,Submission,2,1:40,3 Rnd (5-5-5),Mickey Gall,Sage Northcutt
8104fe27bdc46914,KO/TKO,2,4:40,3 Rnd (5-5-5),Paul Craig,Andre Muniz
8803935990adafc1,KO/TKO,1,0:53,3 Rnd (5-5-5),Olivier Aubin-Mercier,Evan Dunham
0f279b25ccbecc76,Submission,3,4:39,3 Rnd (5-5-5),Michel Pereira,Zelim Imadaev
b80ef7cdc36ab48b,Decision - Majority,5,5:00,5 Rnd (5-5-5-5-5),TIE,TIE
040f227553de7838,Decision - Unanimous,3,5:00,3 Rnd (5-5-5),John Lineker,Rob Font
4b75d3b7738cb278,Submission,1,4:16,3 Rnd (5-5-5),Vitor Petrino,Austen Lane
9f3326195672c2b9,Decision - Unanimous,3,5:00,3 Rnd (5-5-5),Dustin Stoltzfus,Dwight Grant
e1ccf09c055bac01,KO/TKO,2,3:51,3 Rnd (5-5-5),Kyoji Horiguchi,Dustin Pague
a41be337367884e6,Decision - Unanimous,3,5:00,3 Rnd (5-5-5),Mike Pierce,Julio Paulino
2417cc7bc1eea75b,Decision - Unanimous,3,5:00,3 Rnd (5-5-5),Maycee Barber,Karine Silva
fcc1191761e365f9,Decision - Split,3,5:00,3 Rnd (5-5-5),Jack Jenkins,Jamall Emmers
9dd931fd20d6c886,KO/TKO,1,2:07,3 Rnd (5-5-5),TJ Grant,Gray Maynard
cb1f27818d46af0e,Submission,1,2:11,3 Rnd (5-5-5),Terrance McKinney,Fares Ziam
921a8db065cd8cc5,Submission,2,4:06,3 Rnd (5-5-5),Gregor Gillespie,Vinc Pichel
ecbece0cbd60029e,Decision - Unanimous,3,5:00,3 Rnd (5-5-5),Daniel Zellhuber,Francisco Prado
b218d6a420abb67b,KO/TKO,1,4:59,3 Rnd (5-5-5),Anthony Perosh,Nick Penner
edf46d6962be7e8d,Decision - Split,3,5:00,3 Rnd (5-5-5),Bolaji Oki,Timmy Cuamba
18729b11614406bf,Decision - Unanimous,5,5:00,5 Rnd (5-5-5-5-5),Erin Blanchfield,Rose Namajunas
344e6898a381648f,Decision - Split,3,5:00,3 Rnd (5-5-5),Jon Fitch,Diego Sanchez
d3a9aceeb7e23580,Decision - Unanimous,3,5:00,3 Rnd (5-5-5),Tatsuro Taira,Edgar Chairez
959de17703476f44,KO/TKO,2,2:38,3 Rnd (5-5-5),Vitor Miranda,Clint Hester
1ac335f049ed4e5e,KO/TKO,1,2:04,3 Rnd (5-5-5),Terry Martin,Ivan Salaverry
2208b9f471a201d9,Submission,2,4:19,5 Rnd (5-5-5-5-5),Yair Rodriguez,Josh Emmett
e4db3b1669d498c3,Decision - Unanimous,3,5:00,3 Rnd (5-5-5),Alexander Volkanovski,Mizuto Hirota
d7a7ba46c4f075d7,KO/TKO,2,2:24,3 Rnd (5-5-5),Jake Matthews,Andre Fialho
7340b4cbdbac5863,Decision - Unanimous,3,5:00,3 Rnd (5-5-5),Hunter Azure,Cole Smith
1685eecc7ef37fb5,KO/TKO,2,3:06,3 Rnd (5-5-5),Nora Cornolle,Melissa Mullins
e6685759ed2af90d,Decision - Unanimous,3,5:00,3 Rnd (5-5-5),Gaston Bolanos,Cortavious Romious
6163c18411aca830,Decision - Split,3,5:00,3 Rnd (5-5-5),Tagir Ulanbekov,Allan Nascimento
a68672f66e12a3c2,Decision - Unanimous,3,5:00,3 Rnd (5-5-5),Thiago Alves,Patrick Cote
96b1430379c0694a,Submission,2,1:53,3 Rnd (5-5-5),Anthony Hernandez,Rodolfo Vieira
848e7af760788418,Decision - Unanimous,3,5:00,3 Rnd (5-5-5),Tom Duquesnoy,Terrion Ware
69397bbebdfa41d9,Decision - Majority,3,5:00,3 Rnd (5-5-5),TIE,TIE
cd6b799ec79c489a,Decision - Unanimous,3,5:00,3 Rnd (5-5-5),Kennedy Nzechukwu,Darko Stosic
29657325bfc1d590,Decision - Unanimous,3,5:00,3 Rnd (5-5-5),Rory MacDonald,Demian Maia
eb82e95ab678f8bc,Submission,1,2:13,3 Rnd (5-5-5),Dustin Kimura,Jon Delos Reyes
abb6e2169ba580d2,KO/TKO,1,3:32,3 Rnd (5-5-5),Andre Fili,Lucas Almeida
49876b12d440af40,Decision - Unanimous,3,5:00,3 Rnd (5-5-5),Malcolm Gordon,Francisco Figueiredo
7adaf85915993137,KO/TKO,1,0:36,3 Rnd (5-5-5),Johnny Walker,Misha Cirkunov
caf13346cbcfdb03,Decision - Majority,3,5:00,3 Rnd (5-5-5),Dione Barbosa,Melissa Gatto
0405e4446e8f239a,Decision - Split,3,5:00,3 Rnd (5-5-5),Hannah Cifers,Polyana Viana
88455c967a7ef6fc,Decision - Unanimous,3,5:00,3 Rnd (5-5-5),Loopy Godinez,Ariane Carnelossi
2c160a1d1fdbf0b0,KO/TKO,1,2:19,3 Rnd (5-5-5),Marcus McGhee,JP Buys
069df63733dcf697,Decision - Split,3,5:00,3 Rnd (5-5-5),Vanessa Demopoulos,Emily Ducote
98b1ee14ad4ea1c6,Decision - Split,3,5:00,3 Rnd (5-5-5),Kendall Grove,Evan Tanner
bf5a5b23a49fa17c,Decision - Unanimous,3,5:00,3 Rnd (5-5-5),Matt Brown,Stephen Thompson
e8aad69aace1d31f,Decision - Split,3,5:00,3 Rnd (5-5-5),Alexander Hernandez,Austin Hubbard
92dea6ff8f0c1b10,Decision - Unanimous,3,5:00,3 Rnd (5-5-5),Rob Kimmons,Steve Steinbeiss
b7c7707ccea492c7,KO/TKO,1,1:56,3 Rnd (5-5-5),Ben Saunders,Jake Ellenberger
ea006bae605e2a6b,KO/TKO,2,3:44,5 Rnd (5-5-5-5-5),Ciryl Gane,Serghei Spivac
a5a5e24f4dd40fbf,Decision - Split,3,5:00,3 Rnd (5-5-5),Melvin Guillard,Gleison Tibau
b42d4c3c701945bf,Submission,3,4:12,3 Rnd (5-5-5),Martin Kampmann,Thiago Alves
4cff9aeef3ac75c1,KO/TKO,1,0:32,3 Rnd (5-5-5),Themba Gorimbo,Pete Rodriguez
676320a61f800f10,Decision - Unanimous,3,5:00,3 Rnd (5-5-5),David Teymur,Drakkar Klose
32b8c6c4b735d712,Decision - Unanimous,3,5:00,3 Rnd (5-5-5),Austen Lane,Robelis Despaigne
997eda9196aad7f9,KO/TKO,1,1:45,3 Rnd (5-5-5),Luke Cummo,Edilberto de Oliveira
2eb56023c4a54504,Decision - Unanimous,3,5:00,3 Rnd (5-5-5),Derek Brunson,Ian Heinisch
8bc8bb0021337de7,Decision - Unanimous,3,5:00,3 Rnd (5-5-5),Jonathan Micallef,Kevin Jousset
7fec3b1ec923ad24,KO/TKO,2,1:01,3 Rnd (5-5-5),Luke Sanders,Renan Barao
5a9657d4faeea2c5,Decision - Unanimous,3,5:00,3 Rnd (5-5-5),Duane Ludwig,Genki Sudo
e27a9b4b4a46f091,Decision - Unanimous,3,5:00,3 Rnd (5-5-5),Renee Forte,Terry Etim
d2105d00baa3e15e,Decision - Unanimous,3,5:00,3 Rnd (5-5-5),Viscardi Andrade,Richard Walsh
c76fd2ddcbc4713d,Decision - Unanimous,3,5:00,3 Rnd (5-5-5),Petr Yan,Jin Soo Son
18824fa5c15c212f,KO/TKO,2,4:11,3 Rnd (5-5-5),Renato Moicano,Jalin Turner
ecbc282542a395c2,Submission,2,4:22,3 Rnd (5-5-5),Zabit Magomedsharipov,Mike Santiago
0067048aaa2aa2da,Decision - Unanimous,3,5:00,3 Rnd (5-5-5),Zhang Lipeng,Brendan O'Reilly
96cc199d78732d11,Decision - Unanimous,3,5:00,3 Rnd (5-5-5),Martin Buday,Uran Satybaldiev
b87d6f71d901355b,KO/TKO,2,3:16,3 Rnd (5-5-5),Marco Tulio,Tresean Gore
27d98a8ee6608e27,Decision - Split,3,5:00,3 Rnd (5-5-5),Esteban Ribovics,Daniel Zellhuber
c5ce4f39269c842c,KO/TKO,2,4:28,3 Rnd (5-5-5),Geane Herrera,Joby Sanchez
a23b4817f0b773c8,Decision - Unanimous,5,5:00,5 Rnd (5-5-5-5-5),Georges St-Pierre,Jon Fitch
469fba0129c95278,Decision - Unanimous,3,5:00,3 Rnd (5-5-5),Jordan Espinosa,Eric Shelton
bc72dac46f0383f1,Decision - Unanimous,5,5:00,5 Rnd (5-5-5-5-5),Benson Henderson,Nate Diaz
a523ac02533f8b4d,KO/TKO,1,0:45,3 Rnd (5-5-5),Thales Leites,Trevor Smith
e1100fc357e61fba,KO/TKO,2,2:54,3 Rnd (5-5-5),Trevin Giles,James Bochnovic
03aec9073946907f,Submission,3,4:02,5 Rnd (5-5-5-5-5),Tony Ferguson,Kevin Lee
295c2e1ae2d54287,KO/TKO,1,3:01,3 Rnd (5-5-5),Donald Cerrone,Charles Oliveira
8bd1f8cb9aa06dcf,KO/TKO,1,1:17,3 Rnd (5-5-5),Walel Watson,Joseph Sandoval
c2b842fae4e9f1dc,Decision - Unanimous,3,5:00,3 Rnd (5-5-5),Bethe Correia,Sijara Eubanks
3f92025b29e06bfd,Decision - Split,3,5:00,3 Rnd (5-5-5),Neil Magny,Max Griffin
3bc0190fb17ba42f,KO/TKO,2,2:11,3 Rnd (5-5-5),Cody Haddon,Aoriqileng
f18d44292036d5de,Decision - Unanimous,3,5:00,3 Rnd (5-5-5),Chepe Mariscal,Trevor Peek
95ead23dc0c73285,Decision - Unanimous,3,5:00,3 Rnd (5-5-5),Karolina Kowalkiewicz,Randa Markos
30a2c7e5b90e6d74,Submission,2,1:55,3 Rnd (5-5-5),Pedro Munhoz,Justin Scoggins
fd7421f421e802bd,Submission,1,2:44,3 Rnd (5-5-5),Raul Rosas Jr.,Jay Perrin
c79b862be039d9f0,KO/TKO,3,1:44,3 Rnd (5-5-5),Alistair Overeem,Mark Hunt
bd5efa4b53dc1642,Decision - Split,3,5:00,3 Rnd (5-5-5),Ashley Yoder,Amanda Cooper
2b1ac5d8f98639bf,KO/TKO,5,1:10,5 Rnd (5-5-5-5-5),Song Yadong,Ricky Simon
5e13fbe15c887a33,Decision - Split,3,5:00,3 Rnd (5-5-5),John Makdessi,Mehdi Baghdad
5ee83e03aaff5fa1,Decision - Unanimous,3,5:00,3 Rnd (5-5-5),Vanessa Demopoulos,Kanako Murata
02ace8fdd83c6480,Decision - Unanimous,3,5:00,3 Rnd (5-5-5),Alex White,Artem Lobov
b873c116e39c9920,Decision - Unanimous,5,5:00,5 Rnd (5-5-5-5-5),Jack Della Maddalena,Belal Muhammad
ce7744d45a698aa6,Decision - Unanimous,3,5:00,3 Rnd (5-5-5),Arman Tsarukyan,Damir Ismagulov
c5c1deb1607f69b4,Decision - Unanimous,3,5:00,3 Rnd (5-5-5),Rustam Khabilov,Leandro Silva
d4a309663a4da799,Decision - Unanimous,3,5:00,3 Rnd (5-5-5),Francisco Trinaldo,Norman Parke
48f23cc8cc5ad9a9,Decision - Unanimous,3,5:00,3 Rnd (5-5-5),Chad Laprise,Bryan Barberena
7228398a1ab12183,Submission,1,3:18,3 Rnd (5-5-5),Ricardo Lamas,Dennis Bermudez
ee65977baeca3c85,KO/TKO,2,0:38,3 Rnd (5-5-5),Mairbek Taisumov,Anthony Christodoulou
af9927b5589e708b,Submission,2,2:35,3 Rnd (5-5-5),Johnny Munoz,Jamey Simmons
2afaa97901d5587c,Decision - Unanimous,3,5:00,3 Rnd (5-5-5),Louie Sutherland,Tai Tuivasa
03eecf1926d9c77c,KO/TKO,1,2:49,3 Rnd (5-5-5),Jalin Turner,King Green
e35f7504d83b8b07,Decision - Unanimous,3,5:00,3 Rnd (5-5-5),Alexia Thainara,Loma Lookboonmee
5bdaa71a5daebcb5,Decision - Unanimous,3,5:00,3 Rnd (5-5-5),Matt Serra,Jeff Curran
b9b0da84b243213f,Submission,1,4:42,3 Rnd (5-5-5),Amir Albazi,Malcolm Gordon
f4e6f8223d0816fe,Decision - Unanimous,3,5:00,3 Rnd (5-5-5),Georges St-Pierre,Jason Miller
afc86d1076c4c3a9,KO/TKO,3,0:27,3 Rnd (5-5-5),Adrian Yanez,Gustavo Lopez
034ce0af4dedbfd7,Decision - Unanimous,3,5:00,3 Rnd (5-5-5),Jon Fitch,Erick Silva
6049301b4deea035,Decision - Unanimous,5,5:00,5 Rnd (5-5-5-5-5),Max Holloway,Arnold Allen
9a9479663bedf8b4,Decision - Unanimous,3,5:00,3 Rnd (5-5-5),Josh Fremd,Jamie Pickett
eb73b63bbd7b88a7,Decision - Split,3,5:00,3 Rnd (5-5-5),Iasmin Lucindo,Marina Rodriguez
0fad42b9ab3f31be,Decision - Split,3,5:00,3 Rnd (5-5-5),Takanori Gomi,Mac Danzig
031e6624f96aceb8,Decision - Unanimous,3,5:00,3 Rnd (5-5-5),Mike Davis,Mason Jones
2464a75ee75dbf2f,Decision - Split,3,5:00,3 Rnd (5-5-5),Katlyn Cerminara,Irene Aldana
866b2c2e354aa27b,Submission,3,2:23,3 Rnd (5-5-5),Claudio Puelles,Felipe Silva
a71febed166b7d42,Decision - Unanimous,3,5:00,3 Rnd (5-5-5),Marc Diakiese,Frankie Perez
f524520a7fe0a8b8,Decision - Unanimous,3,5:00,3 Rnd (5-5-5),Jared Rosholt,Daniel Omielanczuk
e55b69543aa74907,Submission,1,4:20,3 Rnd (5-5-5),Josh Neer,Melvin Guillard
3b8bfe14b0c297b2,KO/TKO,1,4:59,3 Rnd (5-5-5),Mike Kyle,Wes Sims
ab847a4cf397d7d5,Decision - Unanimous,3,5:00,3 Rnd (5-5-5),Ray Borg,Louis Smolka
0b4ac9bcf5dbb382,Decision - Split,3,5:00,3 Rnd (5-5-5),Amir Sadollah,Jorge Lopez
77785292d4df807c,Submission,1,1:59,3 Rnd (5-5-5),Jim Miller,Charles Oliveira
4785bf265d05d85f,TKO - Doctor's Stoppage,1,5:00,3 Rnd (5-5-5),Diego Brandao,Jimy Hettes
d8f40b82364b6411,Decision - Unanimous,3,5:00,3 Rnd (5-5-5),Alexander Hernandez,Kurt Holobaugh
a08dffad240dc3d4,KO/TKO,1,4:47,3 Rnd (5-5-5),Jared Cannonier,Anderson Silva
ce75f5ecbc0d3dfd,Decision - Unanimous,3,5:00,3 Rnd (5-5-5),Tom Nolan,Alex Reyes
7a8f218c07347c88,Submission,2,2:37,3 Rnd (5-5-5),Jake Matthews,Darrius Flowers
f80143e1f3c3d319,Decision - Split,3,5:00,3 Rnd (5-5-5),Sam Hughes,Viktoriia Dudakova
beed8bc1f800de8f,KO/TKO,1,4:20,3 Rnd (5-5-5),Ramsey Nijem,Beneil Dariush
c94c3e4bbed24421,Decision - Unanimous,3,5:00,3 Rnd (5-5-5),Angela Hill,Ashley Yoder
1a471a1bff47a960,KO/TKO,2,2:11,3 Rnd (5-5-5),Frank Trigg,Renato Verissimo
ca3963b76a38c408,Decision - Majority,3,5:00,3 Rnd (5-5-5),Bryce Mitchell,Tyler Diamond
8cc976ee1a123fb8,Submission,1,1:01,1 Rnd (15),Dan Severn,Paul Varelans
9d2f46b677246e41,KO/TKO,1,1:34,3 Rnd (5-5-5),Francis Ngannou,Bojan Mihajlovic
c32b24a24d946893,Decision - Unanimous,3,5:00,3 Rnd (5-5-5),Brian Stann,Rodney Wallace
75bc89630027c601,KO/TKO,1,1:26,3 Rnd (5-5-5),Magomed Mustafaev,Rafael Fiziev
69b31593175f77ec,KO/TKO,2,3:18,3 Rnd (5-5-5),Mason Jones,Bolaji Oki
6a060498e60756af,Decision - Split,3,3:00,1 Rnd + 2OT (24-3-3),Dan Severn,Ken Shamrock
77a8a6e2c3a09d19,KO/TKO,3,2:45,3 Rnd (5-5-5),Alan Belcher,Jorge Santiago
78736e322574e500,Decision - Unanimous,3,5:00,3 Rnd (5-5-5),Antonio Carlos Junior,Marvin Vettori
1acde2739237c4f8,Decision - Split,3,5:00,3 Rnd (5-5-5),Diego Sanchez,Takanori Gomi
f5f28a8b472b8012,KO/TKO,3,1:28,3 Rnd (5-5-5),Xiao Long,Quang Le
138f719d370e8ba0,Decision - Split,3,5:00,3 Rnd (5-5-5),Norma Dumont,Felicia Spencer
60c62fb7bd17a8b3,KO/TKO,1,0:34,5 Rnd (5-5-5-5-5),Ronda Rousey,Bethe Correia
3cbd3565dd631cc4,Decision - Split,3,5:00,3 Rnd (5-5-5),Rodrigo Nascimento,Tanner Boser
fb7d31b36bebc5af,Decision - Split,3,5:00,3 Rnd (5-5-5),Dan Cramer,Matt Arroyo
6fd7f6f1deaef4e8,KO/TKO,2,3:10,3 Rnd (5-5-5),Sean Strickland,Nordine Taleb
5efd13a12be06706,Submission,2,2:01,3 Rnd (5-5-5),Baisangur Susurkaev,Eric Nolan
e7ace0544d5ab596,Decision - Split,3,5:00,3 Rnd (5-5-5),Jacob Volkmann,Antonio McKee
febbd4eb209b4579,KO/TKO,1,2:42,3 Rnd (5-5-5),Dooho Choi,Thiago Tavares
44502b8c5546fb12,KO/TKO,1,0:30,3 Rnd (5-5-5),Alvaro Herrera Mendoza,Vernon Ramos Ho
70290140b6a8e038,KO/TKO,2,4:57,5 Rnd (5-5-5-5-5),Conor McGregor,Chad Mendes
94b48b98d0292720,KO/TKO,3,0:57,3 Rnd (5-5-5),Jonathan Martinez,Frankie Saenz
2cec230248d7eb97,KO/TKO,2,4:06,3 Rnd (5-5-5),Yazmin Jauregui,Istela Nunes
37008594c087470c,Decision - Unanimous,3,5:00,3 Rnd (5-5-5),Ovince Saint Preux,Rafael Cavalcante
73c97d5c314f1270,KO/TKO,2,1:35,3 Rnd (5-5-5),Song Yadong,Julio Arce
eadb215519406e92,KO/TKO,1,2:38,3 Rnd (5-5-5),Derek Brunson,Roan Carneiro
4d549f33c0711a7a,Decision - Split,3,5:00,3 Rnd (5-5-5),Steven Peterson,Matt Bessette
539732694ab2c8d6,Decision - Unanimous,3,5:00,3 Rnd (5-5-5),Shara Magomedov,Bruno Silva
e7cb3f5cb39c33e6,Decision - Unanimous,3,5:00,3 Rnd (5-5-5),James Wilks,Peter Sobotta
a103b30f6898de7e,Decision - Split,3,5:00,3 Rnd (5-5-5),Jamie Mullarkey,Michael Johnson
7feadf01c5920285,Decision - Split,3,5:00,3 Rnd (5-5-5),Vicente Luque,Mike Perry
256aacb8cb2c4289,Decision - Unanimous,3,5:00,3 Rnd (5-5-5),Maiquel Falcao,Gerald Harris
35e23b1917b59132,Decision - Unanimous,3,5:00,3 Rnd (5-5-5),Kyle Kingsbury,Fabio Maldonado
96740aa476055413,KO/TKO,1,1:36,3 Rnd (5-5-5),Willie Gates,Darrell Montague
4966e9d7479c8d8d,KO/TKO,2,2:20,3 Rnd (5-5-5),Rory MacDonald,Che Mills
0ff019f37961b954,KO/TKO,3,3:00,3 Rnd (5-5-5),Ricco Rodriguez,Jeff Monson
21f7fc538ea646e8,KO/TKO,3,4:51,5 Rnd (5-5-5-5-5),Max Holloway,Jose Aldo
be977e524ef56aa4,Decision - Unanimous,3,5:00,3 Rnd (5-5-5),Jonathan Pearce,Darren Elkins
870a98d6f943d9b7,KO/TKO,1,2:43,3 Rnd (5-5-5),Francisco Trinaldo,Chad Laprise
43b9e58ebf4a75ea,Decision - Unanimous,3,5:00,3 Rnd (5-5-5),Michael Graves,Vicente Luque
851645c373f50e16,Decision - Unanimous,5,5:00,5 Rnd (5-5-5-5-5),Kamaru Usman,Tyron Woodley
8e5ce3308c0e2046,Decision - Unanimous,3,5:00,3 Rnd (5-5-5),Ariane da Silva,JJ Aldrich
adddc6e46da5ca19,Decision - Unanimous,3,5:00,3 Rnd (5-5-5),Phil Davis,Brian Stann
18af785da73b5996,Submission,1,1:24,1 Rnd + OT (12-3),Jerry Bohlander,Rainy Martinez
8ebd6e9d41a51e31,Decision - Unanimous,3,5:00,3 Rnd (5-5-5),Hannah Cifers,Jodie Esquibel
84f60cb00b8d4187,Decision - Unanimous,3,5:00,3 Rnd (5-5-5),Daniel Santos,Johnny Munoz
1afc4f372a125c74,Decision - Split,3,5:00,3 Rnd (5-5-5),Andre Muniz,JunYong Park
9576d9cba5cf5c4e,KO/TKO,1,1:25,3 Rnd (5-5-5),Terrance McKinney,Mike Breeden
23b6ffc0223f8cce,Decision - Unanimous,3,5:00,3 Rnd (5-5-5),Nadia Kassem,Alex Chambers
6d370bfe4248dc88,Decision - Unanimous,3,5:00,3 Rnd (5-5-5),Kuniyoshi Hironaka,Forrest Petz
963631fe3261f8e1,Decision - Unanimous,3,5:00,3 Rnd (5-5-5),Rory Singer,Josh Haynes
1e75ee0da189857b,KO/TKO,2,4:24,3 Rnd (5-5-5),Jared Gordon,Michel Quinones
5b0ebb843af7465e,Decision - Split,3,5:00,3 Rnd (5-5-5),Ildemar Alcantara,Richardson Moreira
790a8cd528233e50,Decision - Split,3,5:00,3 Rnd (5-5-5),Denise Gomes,Eduarda Moura
b96e1222eb1a0faf,Submission,3,2:40,3 Rnd (5-5-5),Charles Oliveira,Andy Ogle
4d6f492092d827cf,KO/TKO,1,2:39,3 Rnd (5-5-5),Cheick Kongo,Pat Barry
35cdd5e50d30f26e,Decision - Unanimous,3,5:00,3 Rnd (5-5-5),Tim Means,Hernani Perpetuo
44e3a7b4f4c7d95d,Decision - Unanimous,3,5:00,3 Rnd (5-5-5),Trevor Smith,Dan Miller
8aa07b6cc40f0cb2,Decision - Unanimous,3,5:00,3 Rnd (5-5-5),Sean Woodson,Alex Caceres
db3e26d02d790c97,Decision - Unanimous,3,5:00,3 Rnd (5-5-5),Norma Dumont,Danyelle Wolf
7690e946d9d81f51,Submission,2,1:38,3 Rnd (5-5-5),Katsunori Kikuno,Sam Sicilia
594435375d641f63,Decision - Unanimous,3,5:00,3 Rnd (5-5-5),Miles Johns,Vince Morales
f269d25146eec937,KO/TKO,3,1:04,3 Rnd (5-5-5),Marcos Vinicius,Wagner Campos
1b1792afe4457e83,KO/TKO,2,1:58,5 Rnd (5-5-5-5-5),Junior Dos Santos,Derrick Lewis
5cd2dd6075fadcce,KO/TKO,1,3:21,3 Rnd (5-5-5),Kaue Fernandes,Harry Hardwick
fa2e2a035b36b9d6,KO/TKO,1,3:26,3 Rnd (5-5-5),Leonardo Santos,Kevin Lee
2aeb3ec2d8c05dc8,Decision - Unanimous,3,5:00,3 Rnd (5-5-5),Amanda Lemos,Mackenzie Dern
9b46a662b8fa1d8d,KO/TKO,1,2:06,3 Rnd (5-5-5),Song Yadong,Marlon Moraes
9c256e94c6b584b6,Submission,1,1:14,3 Rnd (5-5-5),Sara McMann,Gina Mazany
7303ae36077411d9,Decision - Unanimous,3,5:00,3 Rnd (5-5-5),Leon Edwards,Bryan Barberena
da77ead135cb4f17,KO/TKO,1,3:43,1 Rnd (12),Dwayne Cason,Houston Dorr
8238c5f16d0b39c3,KO/TKO,1,3:51,3 Rnd (5-5-5),Dan Hardy,Duane Ludwig
3454f5c7203467aa,KO/TKO,5,2:36,5 Rnd (5-5-5-5-5),Amanda Nunes,Raquel Pennington
7f33fbdc35afd721,KO/TKO,2,4:08,3 Rnd (5-5-5),Mike Davis,Mitch Ramirez
4d5c3ddc740b89ca,KO/TKO,1,1:24,3 Rnd (5-5-5),Shamil Abdurakhimov,Chase Sherman
ad5ef8d8678ff97f,KO/TKO,1,1:30,3 Rnd (5-5-5),Geoff Neal,Mike Perry
3b5e1d6cbf9c8c9f,Submission,1,2:16,3 Rnd (5-5-5),Damian Stasiak,Filip Pejic
1df12710cfdb60f4,KO/TKO,1,1:32,3 Rnd (5-5-5),Matt Brown,Pete Sell
eb5b6287ba73640d,KO/TKO,2,4:30,3 Rnd (5-5-5),Takeya Mizugaki,Cole Escovedo
cda06ff86cfe4f5f,KO/TKO,1,2:16,3 Rnd (5-5-5),Serghei Spivac,Greg Hardy
2704d31de2c2f43b,Decision - Unanimous,3,5:00,3 Rnd (5-5-5),Tim Elliott,Jordan Espinosa
de32c5a78aaf89e9,KO/TKO,1,4:10,5 Rnd (5-5-5-5-5),TJ Dillashaw,Cody Garbrandt
5d2eedd05081ed23,KO/TKO,1,2:28,3 Rnd (5-5-5),Alessandro Costa,Matt Schnell
56ad1de1924984ad,KO/TKO,2,2:52,3 Rnd (5-5-5),Anthony Njokuani,Roger Bowling
1901d27ea35ae733,Decision - Unanimous,3,5:00,3 Rnd + OT (5-5-5-5),Brad Katona,Jay Cucciniello
3bd789bcfb12368d,Decision - Unanimous,2,3:00,1 Rnd + OT (12-3),Dave Beneteau,Carlos Barreto
2eeb1656692bd967,Submission,2,1:01,3 Rnd (5-5-5),Gabriel Gonzaga,Ben Rothwell
76b9a338597fc604,Decision - Unanimous,3,5:00,3 Rnd (5-5-5),Jamall Emmers,Vince Cachero
30aa9b4d266eb622,KO/TKO,1,0:51,3 Rnd (5-5-5),Anthony Johnson,Tommy Speer
44a79a250fdd61cd,Decision - Unanimous,3,5:00,3 Rnd (5-5-5),Chris Leben,Luigi Fioravanti
34c6c06ba60a9ade,Submission,1,1:56,3 Rnd (5-5-5),Tito Ortiz,Ryan Bader
69f8e2ba5d1048d4,Submission,2,2:29,3 Rnd (5-5-5),Michael Chiesa,Anton Kuivanen
0d872527bbb3cd40,Decision - Unanimous,1,18:00,1 Rnd (18),Dan Severn,David Abbott
3fd3b871e83434c5,Decision - Unanimous,3,5:00,3 Rnd (5-5-5),Bevon Lewis,Dequan Townsend
420dd305cd1d062f,Decision - Split,5,5:00,5 Rnd (5-5-5-5-5),Lyoto Machida,Eryk Anders
04193f1fff93ddb1,Decision - Unanimous,3,5:00,3 Rnd (5-5-5),Joseph Benavidez,Ian Loveland
c03d0d781df4ad2a,KO/TKO,1,9:56,1 Rnd + OT (12-3),Tito Ortiz,Guy Mezger
371ed8497799998e,Submission,4,1:39,5 Rnd (5-5-5-5-5),Sean Brady,Leon Edwards
1d8a86d37c7ef3d3,Submission,1,4:12,3 Rnd (5-5-5),Ciryl Gane,Raphael Pessoa
986bc0ce25dac848,Decision - Unanimous,3,5:00,3 Rnd (5-5-5),Charlie Brenneman,Amilcar Alves
ccf3b6eda4c2a564,Decision - Unanimous,3,5:00,3 Rnd (5-5-5),Veronica Hardy,JJ Aldrich
571a3eabff5c7ba7,KO/TKO,2,4:56,3 Rnd (5-5-5),Vinicius Oliveira,Andre Fili
631f0721b3fc56dc,Decision - Unanimous,3,5:00,3 Rnd (5-5-5),Chad Mendes,Nik Lentz
573908b71b361312,Submission,1,2:18,3 Rnd (5-5-5),Marlon Vera,Brian Kelleher
a1e193425e716b42,KO/TKO,3,0:47,3 Rnd (5-5-5),Alden Coria,Alessandro Costa
b948102c6205af63,Decision - Unanimous,5,5:00,5 Rnd (5-5-5-5-5),Marina Rodriguez,Michelle Waterson-Gomez
5632f2364016e879,Decision - Split,3,5:00,3 Rnd (5-5-5),Carla Esparza,Marina Rodriguez
7fce3efc5d2add6e,KO/TKO,3,3:03,3 Rnd (5-5-5),Marion Reneau,Milana Dudieva
a9da6a31229b136c,KO/TKO,1,4:32,3 Rnd (5-5-5),Travis Browne,James McSweeney
3b52291052353eef,KO/TKO,1,0:33,3 Rnd (5-5-5),Drew McFedries,Jordan Radev
3f419fce8ba8aa0e,Decision - Unanimous,5,5:00,5 Rnd (5-5-5-5-5),Alexandre Pantoja,Steve Erceg
59b2bbb251968ca9,Submission,2,2:38,3 Rnd (5-5-5),Erin Blanchfield,JJ Aldrich
dc870fab1e0f15e1,Decision - Unanimous,3,5:00,3 Rnd (5-5-5),Montel Jackson,JP Buys
f3bb58f485dc2008,KO/TKO,1,0:52,3 Rnd (5-5-5),Khalil Rountree Jr.,Daniel Jolly
02615499125b4b5d,Decision - Majority,3,5:00,3 Rnd (5-5-5),Nurullo Aliev,Rafael Alves
7949430ebc47f31b,KO/TKO,1,1:52,3 Rnd (5-5-5),Jon Jones,Vladimir Matyushenko
3e6b5cb3c37bef3b,KO/TKO,2,0:42,3 Rnd (5-5-5),Dustin Poirier,Akira Corassani
b03dd50785e761a0,Decision - Majority,3,5:00,3 Rnd (5-5-5),TIE,TIE
08f5bdfe45082ec5,Decision - Split,3,5:00,3 Rnd (5-5-5),John Howard,Chris Wilson
38d6c2538ce6ec4c,KO/TKO,1,2:15,3 Rnd (5-5-5),Randy Costa,Boston Salmon
6195d3e7c412c8a2,Decision - Unanimous,3,5:00,3 Rnd (5-5-5),Jamahal Hill,Darko Stosic
0434a68809885ea1,KO/TKO,3,4:51,3 Rnd (5-5-5),Shonie Carter,Matt Serra
3b12094dd48c2dc5,KO/TKO,1,0:20,3 Rnd (5-5-5),Zach Reese,Julian Marquez
c3af2b6ab1262fef,Submission,2,1:23,3 Rnd (5-5-5),Bruno Silva,Tyson Nam
7d923267c44dd93b,KO/TKO,1,1:03,3 Rnd (5-5-5),Uros Medic,Gilbert Urbina
7786b5fafee61c36,Decision - Split,3,5:00,3 Rnd (5-5-5),Josh Emmett,Jon Tuck
73a4a092c1850b57,Submission,4,3:54,5 Rnd (5-5-5-5-5),BJ Penn,Kenny Florian
2bdf774dc8b17504,KO/TKO,2,3:02,3 Rnd (5-5-5),Matt Brown,Dhiego Lima
2267d967d1daf08a,Submission,1,4:48,3 Rnd (5-5-5),Alexandr Romanov,Marcos Rogerio de Lima
86f566f142593667,Submission,1,2:00,1 Rnd + OT (12-3),Guy Mezger,Tito Ortiz
6b4c2cc27855506a,KO/TKO,1,4:10,3 Rnd (5-5-5),Shavkat Rakhmonov,Carlston Harris
1f7c1c741b06a3ed,Submission,1,2:24,3 Rnd (5-5-5),Cyrille Diabate,Chad Griggs
ddb4376695f115b9,Decision - Majority,3,5:00,3 Rnd (5-5-5),TIE,TIE
34ab72077963ee74,Submission,3,2:50,5 Rnd (5-5-5-5-5),Carlos Newton,Pat Miletich
f7114bf73eec4022,Decision - Unanimous,3,5:00,3 Rnd (5-5-5),Jeremy Kennedy,Alex Ricci
e24b65cd8721349a,KO/TKO,1,1:04,3 Rnd (5-5-5),Aiemann Zahabi,Aoriqileng
65352762d807cd59,Decision - Split,3,5:00,3 Rnd (5-5-5),Heath Herring,Cheick Kongo
9bc042a700d9a531,KO/TKO,2,1:19,3 Rnd (5-5-5),Nik Lentz,Gray Maynard
b0dfb313364a7c80,Decision - Unanimous,5,5:00,5 Rnd (5-5-5-5-5),Georges St-Pierre,Thiago Alves
49b05e23e3a2af13,Decision - Unanimous,3,5:00,3 Rnd (5-5-5),Thomas Almeida,Tim Gorman
a6cc776330194937,Decision - Unanimous,3,5:00,3 Rnd (5-5-5),Andrew Sanchez,Marc-Andre Barriault
0510d12ad43ede89,Decision - Split,3,5:00,3 Rnd (5-5-5),Dan Hardy,Akihiro Gono
88cc78d2d5d6bcaa,Decision - Unanimous,3,5:00,3 Rnd (5-5-5),Dustin Jacoby,John Allan
9e75fbe17a35f272,Submission,3,2:12,3 Rnd (5-5-5),Luis Henrique,Christian Colombo
e45feb9866eb2da7,Decision - Unanimous,2,3:00,1 Rnd + OT (12-3),Yoshiki Takahashi,Wallid Ismail
ebb758b49e82d0ed,Decision - Unanimous,3,5:00,3 Rnd (5-5-5),Kyler Phillips,Pedro Munhoz
1cb7138b107b93b5,Decision - Unanimous,3,5:00,3 Rnd (5-5-5),Jake Matthews,Rostem Akman
bee780601ad13583,KO/TKO,2,4:44,3 Rnd (5-5-5),Donald Cerrone,John Makdessi
2b7883b304b3df1c,KO/TKO,2,1:22,3 Rnd (5-5-5),Jean Silva,Charles Jourdain
6f31285305881fe3,Decision - Unanimous,3,5:00,3 Rnd (5-5-5),Nate Maness,Jimmy Flick
4f6e7159e77d4215,Decision - Unanimous,3,5:00,3 Rnd (5-5-5),Pat Sabatini,TJ Laramie
6a7892754af30685,KO/TKO,3,3:30,5 Rnd (5-5-5-5-5),Mirko Filipovic,Gabriel Gonzaga
b2625001e0b89369,Submission,2,3:46,3 Rnd (5-5-5),Zabit Magomedsharipov,Brandon Davis
4843f369dc8b5de5,KO/TKO,1,1:00,3 Rnd (5-5-5),Marco Polo Reyes,Matt Frevola
969970fbe24945d0,KO/TKO,2,4:01,3 Rnd (5-5-5),Adam Milstead,Chris de la Rocha
c5bec85a32462995,Decision - Split,3,5:00,3 Rnd (5-5-5),Maurice Smith,Bobby Hoffman
f9a59f7c67fbce01,Decision - Unanimous,3,5:00,3 Rnd (5-5-5),Takeya Mizugaki,Francisco Rivera
7e50ae4dbdd380a1,KO/TKO,1,4:57,3 Rnd (5-5-5),TJ Grant,Kevin Burns
1c91deb42b991d18,Decision - Unanimous,3,5:00,3 Rnd (5-5-5),Rafael Fiziev,Alex White
b38450d9aa0f52b8,Decision - Unanimous,3,5:00,3 Rnd (5-5-5),Shara Magomedov,Michal Oleksiejczuk
012c307c9d446c4d,Decision - Unanimous,3,5:00,3 Rnd (5-5-5),Shara Magomedov,Michel Pereira
3677ce6c1ee06a83,Decision - Split,3,5:00,3 Rnd (5-5-5),Joanne Wood,Maryna Moroz
7fda79ba69b06c0b,Decision - Split,5,5:00,5 Rnd (5-5-5-5-5),Benson Henderson,Josh Thomson
d05cb4c4135ce402,KO/TKO,3,3:07,5 Rnd (5-5-5-5-5),Paddy Pimblett,Michael Chandler
c04274c8caa505dd,Decision - Split,5,5:00,5 Rnd (5-5-5-5-5),Jan Blachowicz,Jacare Souza
1228c4297882e8ba,Decision - Unanimous,3,5:00,3 Rnd (5-5-5),Caol Uno,Yves Edwards
5f900e4437e079b3,Decision - Split,3,5:00,3 Rnd (5-5-5),Mizuki,Wu Yanan
3146e5a47a922976,Decision - Unanimous,5,5:00,5 Rnd (5-5-5-5-5),Merab Dvalishvili,Sean O'Malley
f7bc845ce74f5fe7,KO/TKO,1,1:24,3 Rnd (5-5-5),Junior Tafa,Parker Porter
d95f21817a56eb05,Decision - Unanimous,3,5:00,3 Rnd (5-5-5),Aljamain Sterling,Calvin Kattar
7d60cb78ea70fae0,Decision - Unanimous,5,5:00,5 Rnd (5-5-5-5-5),Frankie Edgar,Urijah Faber
dec301fd5e99ca46,KO/TKO,3,4:32,3 Rnd (5-5-5),Melissa Croden,Tainara Lisboa
f18ea0d8b472dc1e,Decision - Split,3,5:00,3 Rnd (5-5-5),Court McGee,Robert Whittaker
52e4f12eaeffd142,Decision - Split,3,5:00,3 Rnd (5-5-5),Olivier Aubin-Mercier,Anthony Rocco Martin
852223ee1a2d0a74,Decision - Unanimous,3,5:00,3 Rnd (5-5-5),Beneil Dariush,Diego Ferreira
5498622706d8dc17,Submission,1,2:40,3 Rnd (5-5-5),Demian Maia,Ryan Jensen
e22b2f50d7eeed3a,Decision - Majority,3,5:00,3 Rnd (5-5-5),Rashad Evans,Stephan Bonnar
d0d99889c6abd8e1,KO/TKO,1,4:55,3 Rnd (5-5-5),Brunno Ferreira,Phil Hawes
fca7fbd0bafc480c,KO/TKO,1,4:59,3 Rnd (5-5-5),Julianna Pena,Jessica Rakoczy
fe3ff5b1d9135add,KO/TKO,2,2:34,3 Rnd (5-5-5),Ciryl Gane,Junior Dos Santos
389c844a1a56177c,Decision - Unanimous,3,5:00,3 Rnd (5-5-5),Ryan LaFlare,Santiago Ponzinibbio
093ebd3375591101,KO/TKO,2,2:38,3 Rnd (5-5-5),Alan Jouban,Ben Saunders
5b8d693bd1780102,KO/TKO,1,4:10,3 Rnd (5-5-5),Chad Laprise,Galore Bofando
9d8473ae274ed625,Submission,1,4:48,3 Rnd (5-5-5),Rodolfo Vieira,Armen Petrosyan
b23fa678cc65cf5b,KO/TKO,1,1:03,3 Rnd (5-5-5),Uros Medic,Muslim Salikhov
0149e875b31e57f8,KO/TKO,1,5:00,3 Rnd (5-5-5),Modestas Bukauskas,Paul Craig
8edb831924d69dd9,Decision - Unanimous,3,5:00,3 Rnd (5-5-5),Ben Saunders,Court McGee
d5955b81c26230ff,KO/TKO,1,2:47,3 Rnd (5-5-5),Kevin Lee,Gregor Gillespie
7e9cb0c322773157,Decision - Unanimous,3,5:00,3 Rnd (5-5-5),Mickael Lebout,Teemu Packalen
f4363f1317b47213,Decision - Split,3,5:00,3 Rnd (5-5-5),Dominick Cruz,Casey Kenney
7cdc6fdf983fb412,Decision - Unanimous,3,5:00,3 Rnd (5-5-5),Randy Couture,Brandon Vera
28be3fbe5c377380,KO/TKO,1,1:15,3 Rnd (5-5-5),Carlos Ulberg,Tafon Nchukwi
f3ebce624bb154ae,Decision - Split,3,5:00,3 Rnd (5-5-5),Andrei Arlovski,Brendan Schaub
972034fcd94ca83b,Decision - Unanimous,3,5:00,3 Rnd (5-5-5),Dong Hyun Kim,Sean Pierson
08b65f5009c34997,Decision - Unanimous,3,5:00,3 Rnd (5-5-5),Mark Godbeer,Daniel Spitz
f0488a4486a64af0,Decision - Unanimous,3,5:00,3 Rnd (5-5-5),Andreas Gustafsson,Khaos Williams
151c597d2e609a4e,KO/TKO,3,1:50,3 Rnd (5-5-5),Raphael Assuncao,Matthew Lopez
0d5356c506111a57,KO/TKO,2,4:48,5 Rnd (5-5-5-5-5),Justin Gaethje,Michael Johnson
210fc45074fba464,KO/TKO,1,4:59,3 Rnd (5-5-5),Ty Miller,Adam Fugitt
4f07c6724682cd00,Decision - Unanimous,3,5:00,3 Rnd (5-5-5),Chase Sherman,Damian Grabowski
3905e5dc489811d6,KO/TKO,2,1:05,3 Rnd (5-5-5),Mike Perry,Jake Ellenberger
7ec70261afdecda8,Submission,1,2:27,3 Rnd (5-5-5),Mackenzie Dern,Amanda Cooper
1a6e7e7c98886198,Decision - Unanimous,3,5:00,3 Rnd (5-5-5),Patrick Cote,Kyle Noke
926977ec3ed0ebe1,KO/TKO,1,2:48,3 Rnd (5-5-5),Aoriqileng,Cameron Else
dc6f6c8228390ebb,KO/TKO,1,4:56,3 Rnd (5-5-5),Melquizael Costa,Dan Ige
eab7b76e177e1903,Decision - Unanimous,5,5:00,5 Rnd (5-5-5-5-5),Khabib Nurmagomedov,Al Iaquinta
2592954ad51764b0,KO/TKO,2,0:40,3 Rnd (5-5-5),Johny Hendricks,Charlie Brenneman
fa2bed87e5d6c568,Decision - Split,3,5:00,3 Rnd (5-5-5),Jessica Penne,Randa Markos
79dfbbdd14fbbd11,Decision - Unanimous,3,5:00,3 Rnd (5-5-5),Rose Namajunas,Miranda Maverick
bd0622b184ab4f28,KO/TKO,1,4:11,3 Rnd (5-5-5),Calvin Kattar,Chris Fishgold
6265ffd51a18ff21,KO/TKO,2,2:51,3 Rnd (5-5-5),Thiago Tavares,Spencer Fisher
81a18de517a3336a,KO/TKO,3,1:30,3 Rnd (5-5-5),Drew Dober,Rafael Alves
19722043e7eb4e39,Decision - Split,5,5:00,5 Rnd (5-5-5-5-5),Rose Namajunas,Zhang Weili
88295b0ab9868db5,Submission,1,1:14,3 Rnd (5-5-5),Dustin Hazelett,Jonathan Goulet
7072a324a82c4297,KO/TKO,2,1:00,3 Rnd (5-5-5),Lyoto Machida,Vitor Belfort
770c5302e32916ea,KO/TKO,2,1:10,3 Rnd (5-5-5),Ateba Gautier,Ozzy Diaz
ec041009ce404879,Submission,2,3:19,3 Rnd (5-5-5),Akihiro Gono,Tamdan McCrory
431282ab4ee417f6,TKO - Doctor's Stoppage,2,1:39,3 Rnd (5-5-5),Alan Belcher,Kalib Starnes
806761834799c352,Submission,2,4:05,3 Rnd (5-5-5),Brad Pickett,Damacio Page
67f559403a6ec7cb,Decision - Unanimous,3,5:00,3 Rnd (5-5-5),Ramazan Emeev,Stefan Sekulic
a7d42315236560e9,Decision - Unanimous,3,5:00,3 Rnd (5-5-5),Ryan Bader,Carmelo Marrero
ab4862ea4cbd0750,KO/TKO,3,1:14,3 Rnd (5-5-5),Luis Pena,Matt Wiman
7658965c2a700b39,KO/TKO,2,2:17,3 Rnd (5-5-5),Darren Stewart,Charles Byrd
62f487635d7a9bb0,KO/TKO,2,2:29,3 Rnd (5-5-5),Brad Blackburn,James Giboo
66887532be2de5ee,KO/TKO,2,0:30,3 Rnd (5-5-5),Denise Gomes,Elise Reed
03b9922d777e430c,Submission,2,3:15,3 Rnd (5-5-5),Gunnar Nelson,Albert Tumenov
f26c0bdf7689aea2,Decision - Unanimous,3,5:00,3 Rnd (5-5-5),Myktybek Orolbai,Chris Curtis
2b6a75175bbca4e9,Decision - Unanimous,3,5:00,3 Rnd (5-5-5),Navajo Stirling,Tuco Tokkos
300f1489174a3ece,KO/TKO,2,0:44,3 Rnd (5-5-5),Jose Aldo,Renato Moicano
2723f4d275d3f619,Decision - Unanimous,5,5:00,5 Rnd (5-5-5-5-5),Marvin Vettori,Jack Hermansson
dae8ad2e03aa4a9a,Decision - Unanimous,3,5:00,3 Rnd (5-5-5),Joshua Van,Edgar Chairez
9150344ed35f355d,Submission,1,3:14,3 Rnd (5-5-5),Godofredo Pepey,Andre Fili
1e525f9857019a2e,KO/TKO,1,0:45,3 Rnd (5-5-5),Chris Daukaus,Rodrigo Nascimento
cfd47fddbb705f26,Decision - Unanimous,3,5:00,3 Rnd (5-5-5),Brendan Allen,Kyle Daukaus
db845f2e28c22b4c,KO/TKO,1,9:30,1 Rnd + OT (12-3),Don Frye,Amaury Bitetti
1a5378e32e8519ef,Decision - Unanimous,3,5:00,3 Rnd (5-5-5),Matheus Camilo,Viacheslav Borshchev
8ed609d80e135d94,KO/TKO,1,2:46,3 Rnd (5-5-5),Myktybek Orolbai,Jack Hermansson
a40c70d5a1a1be01,Decision - Split,3,5:00,3 Rnd (5-5-5),Roxanne Modafferi,Antonina Shevchenko
9cd343b9d5d87528,TKO - Doctor's Stoppage,1,0:49,5 Rnd (5-5-5-5-5),Vitor Belfort,Randy Couture
8da75fd76a9b8e1d,Decision - Unanimous,3,5:00,3 Rnd (5-5-5),Christos Giagos,Carlton Minus
df7cf7ef41eccbe6,Decision - Unanimous,3,5:00,3 Rnd (5-5-5),Hugo Viana,Ramiro Hernandez
4944437e73071671,KO/TKO,1,1:11,3 Rnd (5-5-5),Ryan Spann,Misha Cirkunov
7e695ad026b2ec66,KO/TKO,4,2:36,5 Rnd (5-5-5-5-5),Santiago Ponzinibbio,Neil Magny
8502f245aabd64ac,Decision - Unanimous,3,5:00,3 Rnd (5-5-5),Themba Gorimbo,Takashi Sato
66a99e85803efd92,KO/TKO,1,3:58,3 Rnd (5-5-5),Hyun Gyu Lim,Pascal Krauss
1d166488129030d0,Submission,2,3:22,5 Rnd (5-5-5-5-5),Brian Ortega,Cub Swanson
4f850f7e35d85bb8,Submission,1,4:23,3 Rnd (5-5-5),Cole Miller,Bart Palaszewski
6e73ebbd089aff5e,KO/TKO,2,2:32,5 Rnd (5-5-5-5-5),Dustin Poirier,Benoit Saint Denis
abfc03893551ae73,KO/TKO,3,0:54,5 Rnd (5-5-5-5-5),Amanda Lemos,Marina Rodriguez
1b52e24d09700dd9,Submission,2,4:02,3 Rnd (5-5-5),Zak Cummings,Alexander Yakovlev
649b2db3709b07fe,Decision - Unanimous,3,5:00,3 Rnd (5-5-5),Francimar Barroso,Elvis Mutapcic
420f7e6530dbc727,KO/TKO,1,0:17,3 Rnd (5-5-5),Jesus Aguilar,Shannon Ross
0e8d5c16eb9cb1cf,Decision - Unanimous,3,5:00,3 Rnd (5-5-5),Raulian Paiva,Zhalgas Zhumagulov
de767dd5216bcad9,KO/TKO,3,3:36,3 Rnd (5-5-5),Joel Alvarez,Elves Brener
8e43d61ca6f2d904,Decision - Unanimous,3,5:00,3 Rnd (5-5-5),Jonathan Martinez,Wulijiburen
2d9d966e0e8df232,Submission,3,3:41,3 Rnd (5-5-5),TJ Brown,Erik Silva
18aff757c54687f1,Submission,3,1:55,3 Rnd (5-5-5),Belal Muhammad,Takashi Sato
c53b0f678fe2f16a,Decision - Split,3,5:00,3 Rnd (5-5-5),Anthony Smith,Ryan Spann
f7cd0a90da3be3b2,KO/TKO,3,0:28,3 Rnd (5-5-5),Anthony Johnson,Kevin Burns
3957d820e11275f7,KO/TKO,2,1:55,3 Rnd (5-5-5),Kurt Pellegrino,Alberto Crane
3d468536e8904b93,KO/TKO,2,1:54,5 Rnd (5-5-5-5-5),Conor McGregor,Dennis Siver
c556a9d615f11483,KO/TKO,2,4:52,3 Rnd (5-5-5),Edimilson Souza,Mark Eddiva
f0b7729fba7e4533,Decision - Unanimous,3,5:00,3 Rnd (5-5-5),Patrick Cote,Scott Smith
9b9ef12603e820ec,Decision - Split,3,5:00,3 Rnd (5-5-5),Adrian Yanez,Davey Grant
033e4538b9014f91,KO/TKO,1,1:20,3 Rnd (5-5-5),Santiago Ponzinibbio,Wendell Oliveira Marques
8aa16cc1ba99aac1,Decision - Unanimous,5,5:00,5 Rnd (5-5-5-5-5),Magomed Ankalaev,Thiago Santos
6d8da45352344964,KO/TKO,1,1:18,5 Rnd (5-5-5-5-5),Rose Namajunas,Zhang Weili
4ec249e549309b16,Submission,2,4:25,3 Rnd (5-5-5),Tagir Ulanbekov,Cody Durden
f722b96ae6862843,Decision - Unanimous,3,5:00,3 Rnd (5-5-5),Joshua Van,Brandon Royval
43c2c904e1574c59,Submission,1,2:55,1 Rnd (20),Todd Medina,Larry Cureton
40e8bf8ce508c436,KO/TKO,1,4:10,3 Rnd (5-5-5),Charles Oliveira,Beneil Dariush
85d9a516c3c6c205,Submission,2,3:07,3 Rnd (5-5-5),Raquel Pennington,Macy Chiasson
1332dc236a3fd3b2,Decision - Unanimous,3,5:00,3 Rnd (5-5-5),Dan Hardy,Amir Sadollah
f20e742e6b0c0b3b,Decision - Split,3,5:00,3 Rnd (5-5-5),Cortney Casey,Angela Hill
855338a9a68e4c9f,Decision - Majority,3,5:00,3 Rnd (5-5-5),TIE,TIE
fa152ada833de1d4,KO/TKO,1,2:02,1 Rnd (20),Guy Mezger,John Dowdy
11e83902f5b8ff63,TKO - Doctor's Stoppage,2,5:00,3 Rnd (5-5-5),Joaquin Buckley,Albert Duraev
786296db3c4749f1,Decision - Split,3,5:00,3 Rnd (5-5-5),Ricky Glenn,Dennis Bermudez
891b2faf1bff38ee,Decision - Unanimous,3,5:00,3 Rnd (5-5-5),Aiemann Zahabi,Jose Aldo
45ec0c5f19c9adbe,KO/TKO,1,0:41,3 Rnd (5-5-5),Ryan Gandra,Jose Daniel Medina
0c418b9cdfd525c9,Submission,2,1:14,3 Rnd (5-5-5),Nathan Fletcher,Zygimantas Ramaska
311156891c7bdf60,Decision - Unanimous,3,5:00,3 Rnd (5-5-5),Justin Scoggins,Ray Borg
4dc5039b21013b3a,Submission,1,4:48,5 Rnd (5-5-5-5-5),Deiveson Figueiredo,Joseph Benavidez
d4ad90ac58429b64,KO/TKO,1,0:07,3 Rnd (5-5-5),Terrance McKinney,Matt Frevola
73f451d894a1d4ca,KO/TKO,1,4:50,5 Rnd (5-5-5-5-5),Carlos Prates,Neil Magny
a22fd3735819d858,Decision - Unanimous,3,5:00,3 Rnd (5-5-5),Sumudaerji,Jesus Aguilar
c151729e47d9122b,Decision - Unanimous,3,5:00,3 Rnd (5-5-5),Forrest Griffin,Stephan Bonnar
6e9cf53cd87e1b7e,Decision - Unanimous,3,5:00,3 Rnd (5-5-5),Ashley Yoder,Syuri Kondo
3640defb8294bd37,Submission,1,2:36,3 Rnd (5-5-5),Mackenzie Dern,Hannah Cifers
a3b972117a3998ee,Submission,3,2:53,5 Rnd (5-5-5-5-5),Josh Barnett,Andrei Arlovski
c48af5eafb532d0a,Decision - Unanimous,3,5:00,3 Rnd (5-5-5),Arnold Allen,Gilbert Melendez
aeb3e4d9710207a4,KO/TKO,1,1:41,3 Rnd (5-5-5),Zhang Mingyang,Brendson Ribeiro
804eff79a58ad250,Decision - Unanimous,3,5:00,3 Rnd (5-5-5),Gray Maynard,Dennis Siver
6ac1478baeddaae8,KO/TKO,2,1:41,3 Rnd (5-5-5),Mark Hunt,Chris Tuchscherer
077667e3aaf314db,KO/TKO,3,3:44,3 Rnd (5-5-5),Brendan Schaub,Mirko Filipovic
5116f9398bfca446,KO/TKO,2,0:33,3 Rnd (5-5-5),Roman Kopylov,Claudio Ribeiro
f75fe8b384b0db11,Submission,2,4:59,3 Rnd (5-5-5),Luana Santos,Tainara Lisboa
10e35a0667d39086,Decision - Unanimous,3,5:00,3 Rnd (5-5-5),Phil Davis,Rodney Wallace
a2f2c64f9fb3fb1c,KO/TKO,5,2:22,5 Rnd (5-5-5-5-5),Anthony Hernandez,Michel Pereira
f24c296256faeff2,Decision - Split,3,5:00,3 Rnd (5-5-5),Rashid Magomedov,King Green
808d47f905e84e7e,Decision - Unanimous,3,5:00,3 Rnd (5-5-5),Gleison Tibau,Jason Dent
24a9fc95a3112f51,Submission,1,2:27,3 Rnd (5-5-5),Mario Bautista,Brian Kelleher
de84ebe3b8cb8cd3,Decision - Unanimous,3,5:00,3 Rnd (5-5-5),Sam Stout,Matt Wiman
b46b27222e62aec1,Decision - Split,3,5:00,3 Rnd (5-5-5),Michinori Tanaka,Joe Soto
53bb7c4a606d60c0,Decision - Unanimous,3,5:00,3 Rnd (5-5-5),Stevie Ray,Jessin Ayari
5b0cc074c657ebd4,Submission,3,3:39,3 Rnd (5-5-5),Max Holloway,Andre Fili
b85ce7371fb18305,Decision - Unanimous,2,5:00,2 Rnd (5-5),Mark Hughes,Alex Stiebling
c97e99ca5422f03b,Decision - Unanimous,3,5:00,3 Rnd (5-5-5),Edson Barboza,Paul Felder
713c9b6d0abe5cfc,TKO - Doctor's Stoppage,2,2:47,3 Rnd (5-5-5),Yushin Okami,Lucio Linhares
ecc41acbd699812a,KO/TKO,1,1:54,3 Rnd (5-5-5),Mac Danzig,Joe Stevenson
2cb34fc074f7a9ae,Decision - Unanimous,3,5:00,3 Rnd (5-5-5),Christian Rodriguez,Raul Rosas Jr.
dc6f69f923744948,Decision - Unanimous,3,5:00,3 Rnd (5-5-5),Marcin Prachnio,William Knight
587d373f18f6c8c0,Decision - Split,3,5:00,3 Rnd (5-5-5),Francisco Trinaldo,Dwight Grant
5655639baecd8f6a,Submission,1,1:07,No Time Limit,Royce Gracie,Jason DeLucia
181429d8227794cb,Decision - Unanimous,3,5:00,3 Rnd (5-5-5),Mairbek Taisumov,Tae Hyun Bang
43baf5b905686ebf,Decision - Split,3,5:00,3 Rnd (5-5-5),Kyle Noke,Jonavin Webb
4ce0a62cdad7bf32,Decision - Unanimous,3,5:00,3 Rnd (5-5-5),Jimmie Rivera,Iuri Alcantara
05065fa2bc3693b4,Decision - Unanimous,3,5:00,3 Rnd (5-5-5),Miesha Tate,Jessica Eye
ba0b95898baad200,Decision - Unanimous,3,5:00,3 Rnd (5-5-5),Shamar Bailey,Ryan McGillivray
e17c7b239e8d6c32,Decision - Unanimous,3,5:00,3 Rnd (5-5-5),Patrick Cummins,Antonio Carlos Junior
5deeecb6aaa5dfd1,Decision - Unanimous,3,5:00,3 Rnd (5-5-5),Mitch Clarke,John Maguire
88a63555728c2025,Submission,2,2:03,3 Rnd (5-5-5),Marcus McGhee,Journey Newson
16d31775a8dcb31d,Decision - Unanimous,3,5:00,3 Rnd (5-5-5),Karol Rosa,Bethe Correia
5d7a720a2e2f4749,Decision - Unanimous,3,5:00,3 Rnd (5-5-5),Jim Miller,Joe Lauzon
2dd0a47f43dfe8f6,Submission,2,2:49,3 Rnd (5-5-5),Adriano Martins,Daron Cruickshank
fb7ebdda8658fa05,KO/TKO,1,0:47,3 Rnd (5-5-5),Alatengheili,Kevin Croom
be5cdd4872fbd0b7,Submission,2,1:12,3 Rnd (5-5-5),Seth Baczynski,Clay Harvison
765a1fde5ee12784,KO/TKO,2,2:44,3 Rnd (5-5-5),Yves Edwards,Rafaello Oliveira
ec2358459ffbe7de,Submission,2,1:31,3 Rnd (5-5-5),Tatiana Suarez,Jessica Andrade
48ff3f1bcefbf965,Decision - Unanimous,3,5:00,3 Rnd (5-5-5),Miles Johns,Cody Gibson
95f052cbeb1d5e65,Decision - Split,3,5:00,3 Rnd (5-5-5),Carmelo Marrero,Cheick Kongo
b57aaf04af8bdd34,KO/TKO,1,1:02,5 Rnd (5-5-5-5-5),Lyoto Machida,CB Dollaway
00c6a2ef07ca51da,TKO - Doctor's Stoppage,3,4:42,5 Rnd (5-5-5-5-5),Joaquin Buckley,Colby Covington
54f9e3e1fad7a589,Submission,1,3:19,3 Rnd (5-5-5),Cynthia Calvillo,Amanda Cooper
e03ec6b24fca2386,KO/TKO,1,0:35,3 Rnd (5-5-5),Igor Pokrajac,Krzysztof Soszynski
daa6b47be304ec86,KO/TKO,1,1:25,3 Rnd (5-5-5),Joe Pyfer,Marc-Andre Barriault
cc444b10ea87c381,KO/TKO,1,1:06,3 Rnd (5-5-5),Thiago Silva,James Irvin
43bbaf06603b0f0c,KO/TKO,1,3:12,3 Rnd (5-5-5),Shamil Gaziev,Thomas Petersen
9c884cbc3791bf60,Decision - Unanimous,5,5:00,5 Rnd (5-5-5-5-5),Dominick Cruz,Urijah Faber
53abea410a0541c8,Decision - Split,3,5:00,3 Rnd (5-5-5),Livinha Souza,Sarah Frota
cdfaa6f4154a0ee9,Decision - Unanimous,3,5:00,3 Rnd (5-5-5),Paul Kelly,Troy Mandaloniz
130e622d4d2aee3e,KO/TKO,1,0:43,3 Rnd (5-5-5),Kyle Daukaus,Michel Pereira
fae99a4089f8abb0,Decision - Unanimous,5,5:00,5 Rnd (5-5-5-5-5),Jon Jones,Dominick Reyes
b55605791a4d72b9,KO/TKO,3,2:08,5 Rnd (5-5-5-5-5),Dustin Poirier,Anthony Pettis
f2916c10b7ecfcee,KO/TKO,1,0:54,3 Rnd (5-5-5),Stipe Miocic,Andrei Arlovski
9a1a57b0abcd4599,Decision - Unanimous,3,5:00,3 Rnd (5-5-5),John Makdessi,Abel Trujillo
8a9c8f1d53d8c664,KO/TKO,1,3:56,3 Rnd (5-5-5),Alonzo Menifield,Vinicius Moreira
4a7d39ebc9dce5db,Submission,2,3:05,3 Rnd (5-5-5),Rich Clementi,Anthony Johnson
82b2b97b85c7225c,Decision - Unanimous,3,5:00,3 Rnd (5-5-5),Matheus Nicolau,David Dvorak
397ace87deeb8697,KO/TKO,3,4:49,3 Rnd (5-5-5),Derrick Lewis,Alexander Volkov
f329bd89e375d6df,Submission,1,4:59,3 Rnd (5-5-5),Karine Silva,Maryna Moroz
e37368ff2a7a71f6,Decision - Unanimous,3,5:00,3 Rnd (5-5-5),Wilson Reis,Ivan Menjivar
c99370e3e54bd5fd,KO/TKO,1,2:24,3 Rnd (5-5-5),Paul Daley,Dustin Hazelett
7736eb6bd5c1ff4a,Submission,3,4:21,3 Rnd (5-5-5),Jasmine Jasudavicius,Priscila Cachoeira
d0ebb0551377a1c1,KO/TKO,1,0:16,3 Rnd (5-5-5),Matthew Semelsberger,Jason Witt
b01e6e97d66681c5,Submission,2,1:40,3 Rnd (5-5-5),Bill Algeo,TJ Brown
a951090fb402fd20,Decision - Unanimous,3,5:00,3 Rnd (5-5-5),Punahele Soriano,Nikolay Veretennikov
53efc226c8eaf768,Decision - Unanimous,3,5:00,3 Rnd (5-5-5),Elizabeth Phillips,Jessamyn Duke
fb57dcc651894ae9,Decision - Unanimous,3,5:00,3 Rnd (5-5-5),Riki Fukuda,Steve Cantwell
357cf8a9b6737625,KO/TKO,1,0:42,5 Rnd (5-5-5-5-5),Zhang Weili,Jessica Andrade
602e8602fe9c9121,Submission,1,4:19,3 Rnd (5-5-5),Zak Cummings,Ben Alloway
5704e73f91b9e7f7,Decision - Unanimous,3,5:00,3 Rnd (5-5-5),Steve Erceg,Alessandro Costa
4de28817db9fc9d8,Submission,2,2:21,3 Rnd (5-5-5),Stefan Struve,Marcos Rogerio de Lima
eb53ec8983cb2a95,Decision - Unanimous,3,5:00,3 Rnd (5-5-5),Timothy Johnson,Marcin Tybura
68cf99b6551dc3b3,Decision - Unanimous,3,5:00,3 Rnd (5-5-5),Trevin Giles,Roman Dolidze
9443197a9e0a22a2,Submission,3,3:11,3 Rnd (5-5-5),Mike Pierce,Amilcar Alves
0a667143584a2d96,Decision - Unanimous,3,5:00,3 Rnd (5-5-5),Germaine de Randamie,Raquel Pennington
9fc85aef42733a16,Decision - Unanimous,3,5:00,3 Rnd + OT (5-5-5-5),Andrew Sanchez,Khalil Rountree Jr.
8da94b2c1c0443d4,Submission,2,4:26,3 Rnd (5-5-5),Rodolfo Vieira,Oskar Piechota
381b2df85ac06615,Decision - Unanimous,3,5:00,3 Rnd (5-5-5),Tony Ferguson,Yves Edwards
0071c5d16e6e07f6,KO/TKO,2,1:31,3 Rnd (5-5-5),Jorge Rivera,Eric Schafer
d40f865aa6be9cd0,KO/TKO,2,5:00,3 Rnd (5-5-5),Khalid Murtazaliev,CB Dollaway
029cd254fe02d4b8,Decision - Unanimous,3,5:00,3 Rnd (5-5-5),Jon Fitch,Chris Wilson
d02ac0447fb2a7a0,Decision - Unanimous,3,5:00,3 Rnd (5-5-5),Scott Jorgensen,Danny Martinez
0fca825e14429c1f,Submission,1,3:14,3 Rnd (5-5-5),Yaroslav Amosov,Neil Magny
002c1562708ac307,KO/TKO,1,4:06,3 Rnd (5-5-5),Tony Ferguson,Katsunori Kikuno
0582b78dc635301b,KO/TKO,1,1:44,3 Rnd (5-5-5),Chris Leben,Jorge Rivera
e842c6f63fa2e27a,Decision - Unanimous,3,5:00,3 Rnd (5-5-5),Ketlen Vieira,Sijara Eubanks
55bd050afe169b34,KO/TKO,1,1:36,3 Rnd (5-5-5),Khalil Rountree Jr.,Gokhan Saki
57785c9be5b4526d,Decision - Unanimous,3,5:00,3 Rnd (5-5-5),Alexander Munoz,Carl Deaton
88ce808e4e604180,Decision - Unanimous,3,5:00,3 Rnd (5-5-5),Leon Edwards,Vicente Luque
5dde61734080ac4a,Decision - Unanimous,3,5:00,3 Rnd (5-5-5),Daniel Rodriguez,Kevin Holland
711fcf95370fa90b,KO/TKO,3,1:56,3 Rnd (5-5-5),Reza Madadi,Yan Cabral
e1eeb61d0669ce45,Decision - Unanimous,3,5:00,3 Rnd (5-5-5),Andre Soukhamthath,Jonathan Martinez
c960184a583f1861,Decision - Unanimous,3,5:00,3 Rnd (5-5-5),Cory McKenna,Cheyanne Vlismas
ee31f081cf576273,KO/TKO,1,2:15,3 Rnd (5-5-5),Alan Jouban,Brendan O'Reilly
9140e6fdeaa7cd3f,Decision - Unanimous,3,5:00,3 Rnd (5-5-5),Omar Morales,Dong Hyun Ma
2e6c21d6bad88346,Submission,1,3:59,3 Rnd (5-5-5),Tony DeSouza,Dustin Hazelett
777c65184aa63894,KO/TKO,2,4:43,3 Rnd (5-5-5),Alexandr Romanov,Jared Vanderaa
4c12c9085200121f,KO/TKO,2,4:36,5 Rnd (5-5-5-5-5),Jan Blachowicz,Dominick Reyes
8d70694ceeb0dc9a,Decision - Unanimous,3,5:00,3 Rnd (5-5-5),Jennifer Maia,Alexis Davis
17bb1e62772ac5af,Decision - Unanimous,3,5:00,3 Rnd (5-5-5),Chris Kelades,Paddy Holohan
ed53922429a19c99,KO/TKO,1,1:33,3 Rnd (5-5-5),Gabriel Gonzaga,Shawn Jordan
2dd864ec1a1a4031,Decision - Unanimous,3,5:00,3 Rnd (5-5-5),Dennis Siver,George Sotiropoulos
a822be2a017f329e,Submission,2,2:12,3 Rnd (5-5-5),Rick Story,Leonardo Mafra
219bd976b8ca745d,Decision - Split,3,5:00,3 Rnd (5-5-5),Rich Clementi,Sam Stout
5ab7629e07da22e6,Submission,3,3:10,3 Rnd (5-5-5),Sergio Moraes,Renee Forte
999a0fad4c82148d,Decision - Unanimous,3,5:00,3 Rnd (5-5-5),Justin Gaethje,Michael Chandler
e0f8e1e8cbdd63da,KO/TKO,2,0:28,3 Rnd (5-5-5),Anthony Johnson,Jimi Manuwa
68137e9ff22d426b,Decision - Split,3,5:00,3 Rnd (5-5-5),Danny Castillo,Anthony Njokuani
a117805ab030b194,Decision - Split,3,5:00,3 Rnd (5-5-5),Gleison Tibau,Rafael Dos Anjos
7d474fbf31894108,Decision - Unanimous,3,5:00,3 Rnd (5-5-5),Caio Borralho,Abus Magomedov
cbb4673397b5e96f,KO/TKO,2,3:34,3 Rnd (5-5-5),Al Iaquinta,Joe Lauzon
79f1c9f97d83ec83,Decision - Unanimous,3,5:00,3 Rnd (5-5-5),Amanda Lemos,Iasmin Lucindo
b3cafb4e6e1b2ad0,Submission,1,8:08,1 Rnd + 2OT (15-3-3),Maurice Smith,David Abbott
fa534aaa5b997a69,Decision - Unanimous,3,5:00,3 Rnd (5-5-5),Luke Riley,Michael Aswell Jr.
da7afd49fefe6a46,Decision - Unanimous,3,5:00,3 Rnd (5-5-5),Shinsho Anzai,Luke Jumeau
72c3e5eacde4f0e5,Decision - Unanimous,5,5:00,5 Rnd (5-5-5-5-5),Amanda Nunes,Julianna Pena
18a1617ee7356352,KO/TKO,2,4:29,3 Rnd (5-5-5),Jared Cannonier,Derek Brunson
d40eae4425092219,KO/TKO,2,2:31,3 Rnd (5-5-5),Tanner Boser,Ovince Saint Preux
e9e6023dbba9a8b0,Submission,1,4:49,5 Rnd (5-5-5-5-5),Ronda Rousey,Liz Carmouche
dc3deae609874677,KO/TKO,2,2:20,3 Rnd (5-5-5),Francisco Rivera,George Roop
eeef3df8adb8acc7,Decision - Unanimous,3,5:00,3 Rnd (5-5-5),Jimy Hettes,Nam Phan
9cd5a54a285653c2,Decision - Unanimous,3,5:00,3 Rnd (5-5-5),Din Thomas,Fabiano Iha
5ba1e6f5519074c9,KO/TKO,1,1:11,3 Rnd (5-5-5),Travis Browne,Gabriel Gonzaga
48ea8a30f7b88cfc,KO/TKO,1,3:52,3 Rnd (5-5-5),Vicente Luque,Jalin Turner
09a7f0979a58e6ea,KO/TKO,2,3:19,3 Rnd (5-5-5),Chepe Mariscal,Jack Jenkins
e2b4130c7b1ff8bc,Decision - Unanimous,3,5:00,3 Rnd (5-5-5),Paige VanZant,Felice Herrig
2554b31a07f34e1a,Decision - Unanimous,3,5:00,3 Rnd (5-5-5),Ailin Perez,Joselyne Edwards
6455d9c54d99b851,Decision - Unanimous,3,5:00,3 Rnd (5-5-5),Merab Dvalishvili,Terrion Ware
eb096b0196a7ff65,Decision - Unanimous,3,5:00,3 Rnd (5-5-5),Jussier Formiga,Deiveson Figueiredo
838bb84a5a976a9c,Decision - Unanimous,5,5:00,5 Rnd (5-5-5-5-5),Rafael Dos Anjos,Renato Moicano
ff389a4326fc9255,KO/TKO,4,3:12,5 Rnd (5-5-5-5-5),Luke Rockhold,Chris Weidman
92975b516e6463b6,Decision - Unanimous,3,5:00,3 Rnd (5-5-5),Gleison Tibau,Josh Neer
c83487136636e9bf,KO/TKO,2,4:06,3 Rnd (5-5-5),Paul Felder,Charles Oliveira
e011819e721c4a2a,KO/TKO,2,3:24,3 Rnd (5-5-5),Mansur Abdul-Malik,Nick Klein
aefca2869c87eb11,KO/TKO,3,2:10,3 Rnd (5-5-5),Ryan Bader,Keith Jardine
420114bb94080b3c,Decision - Unanimous,3,5:00,3 Rnd (5-5-5),Rodrigo Damm,Ivan Jorge
da22d5a717ae9e35,KO/TKO,1,1:06,3 Rnd (5-5-5),Justin Tafa,Parker Porter
b36362f5db72abee,Decision - Split,3,5:00,3 Rnd (5-5-5),Dustin Ortiz,Ray Borg
c4a7f7d8eb8fe484,Submission,1,4:44,3 Rnd (5-5-5),Matt Brown,Tim Means
cd6452a463ec8a28,Decision - Unanimous,3,5:00,3 Rnd (5-5-5),Karl Williams,Justin Tafa
32ad75f6c8ca7e9f,KO/TKO,1,2:30,5 Rnd (5-5-5-5-5),Kelvin Gastelum,Michael Bisping
74f757bacb86a71c,KO/TKO,1,0:20,3 Rnd (5-5-5),Mike Swick,Alex Schoenauer
323dc938d93a849b,TKO - Doctor's Stoppage,2,5:00,3 Rnd (5-5-5),Tony Ferguson,Donald Cerrone
ff467a5f06a91a0f,Decision - Unanimous,3,5:00,3 Rnd (5-5-5),Askar Askarov,Tim Elliott
11e7f12ecb2d1597,KO/TKO,3,2:02,3 Rnd (5-5-5),Edson Barboza,Terry Etim
5027a869467001d3,KO/TKO,1,3:15,3 Rnd (5-5-5),Andrei Arlovski,Marcio Cruz
ffcb47e17eebe6a6,Submission,3,4:42,3 Rnd (5-5-5),Grant Dawson,Mateusz Rebecki
110e1d794443b736,KO/TKO,1,4:15,3 Rnd (5-5-5),Santiago Ponzinibbio,Court McGee
ea674e0285fb77f5,Decision - Unanimous,3,5:00,3 Rnd (5-5-5),Tecia Pennington,Michelle Waterson-Gomez
14c3447726332f2b,Submission,1,1:03,3 Rnd (5-5-5),Dan Miller,Jake Rosholt
426ca5caeb857f1e,KO/TKO,1,4:32,3 Rnd (5-5-5),Neil Magny,Craig White
af5f287198f20eb4,KO/TKO,2,2:32,3 Rnd (5-5-5),Abdul-Kerim Edilov,Bojan Mihajlovic
ad68450307a21ab1,Decision - Unanimous,3,5:00,3 Rnd (5-5-5),Zach Reese,Dusko Todorovic
8baff440b82afd2b,Decision - Unanimous,3,5:00,3 Rnd (5-5-5),Mateusz Gamrot,Rafael Dos Anjos
a602c68147b752b2,KO/TKO,3,1:30,3 Rnd (5-5-5),Carli Judice,Nicolle Caliari
12eec1df1fd078a2,Submission,1,4:46,3 Rnd (5-5-5),Kelvin Gastelum,Jake Ellenberger
049ad6d87b42eba8,Decision - Split,5,5:00,5 Rnd (5-5-5-5-5),Valentina Shevchenko,Taila Santos
12563423bf15e75d,Decision - Unanimous,3,5:00,3 Rnd (5-5-5),Devin Clark,Mike Rodriguez
bc6100e6dd239db7,Decision - Split,3,5:00,3 Rnd (5-5-5),TIE,TIE
41d170c5da83c8be,KO/TKO,1,1:10,3 Rnd (5-5-5),Ben Rothwell,Brendan Schaub
243e5e9b6678f303,Decision - Split,3,5:00,3 Rnd (5-5-5),Yair Rodriguez,Charles Rosa
b71cb011942f3176,Submission,1,7:00,1 Rnd + OT (12-3),Mark Coleman,Gary Goodridge
5135e078b807f9a2,KO/TKO,1,2:07,3 Rnd (5-5-5),Ovince Saint Preux,Cody Donovan
d6e75e0238d3ad9b,Submission,1,3:56,3 Rnd (5-5-5),Ryan Jensen,Steve Steinbeiss
3b561a154aa2bbb2,KO/TKO,1,2:16,3 Rnd (5-5-5),Alexander Volkov,Alexandr Romanov
47e17513aae45a95,Submission,1,2:01,3 Rnd (5-5-5),Brock Larson,Jesse Sanders
2a7909acde26a240,Decision - Unanimous,3,5:00,3 Rnd (5-5-5),Norma Dumont,Ashlee Evans-Smith
1881b1e85cceee13,Decision - Unanimous,3,5:00,3 Rnd (5-5-5),Brandon Moreno,Kai Kara-France
ea43a5fe4ff9a3c4,KO/TKO,1,4:14,3 Rnd (5-5-5),Sodiq Yusuff,Gabriel Benitez
be0507682d0ce713,Decision - Unanimous,3,5:00,3 Rnd (5-5-5),Yves Edwards,Eddie Ruiz
e86f7b7f3a047d2a,Submission,3,4:11,3 Rnd (5-5-5),Siyar Bahadurzada,Brandon Thatch
2270b89b17067838,Decision - Split,3,5:00,3 Rnd (5-5-5),Vladimir Matyushenko,Eliot Marshall
5a5a65d8df176506,KO/TKO,1,4:17,3 Rnd (5-5-5),Alexandre Pantoja,Matt Schnell
0a9f22de8600c762,Decision - Unanimous,3,5:00,3 Rnd (5-5-5),Alexa Grasso,Ji Yeon Kim
20af0f55d226f320,Decision - Unanimous,3,5:00,3 Rnd (5-5-5),Chad Laprise,Yosdenis Cedeno
a409a5381f082e8f,KO/TKO,1,0:39,3 Rnd (5-5-5),Alex Oliveira,Carlo Pedersoli Jr.
fc2585e234e49dee,Submission,1,1:12,3 Rnd (5-5-5),Jon Tuck,Takanori Gomi
a1f4a5fcef50915b,KO/TKO,1,1:35,3 Rnd (5-5-5),Johny Hendricks,TJ Waldburger
50d5a170516de2ad,Submission,2,2:15,3 Rnd (5-5-5),Marlon Vera,Roman Salazar
42ecb9a94bebc24d,KO/TKO,1,0:41,3 Rnd (5-5-5),Randy Costa,Journey Newson
a4d7e8241422ed41,Decision - Unanimous,3,5:00,3 Rnd (5-5-5),Jason High,Anthony Lapsley
56aac937d9f1d13a,Decision - Unanimous,3,5:00,3 Rnd (5-5-5),Diego Sanchez,Joe Stevenson
818b55b087013e64,Decision - Unanimous,3,5:00,3 Rnd (5-5-5),Sodiq Yusuff,Sheymon Moraes
9a92d376fba2379d,KO/TKO,1,1:34,3 Rnd (5-5-5),Jeremiah Wells,Court McGee
61d89b0cb175430c,Decision - Unanimous,3,5:00,3 Rnd (5-5-5),Matthew Riddle,Dante Rivera
ddd9e64d97b095f9,Decision - Unanimous,3,5:00,3 Rnd (5-5-5),Islam Makhachev,Nik Lentz
0dc2fc8d39e226a3,KO/TKO,2,4:17,3 Rnd (5-5-5),Rodolfo Bellato,Ihor Potieria
5b5d7f7ae712c6d8,Decision - Split,3,5:00,3 Rnd (5-5-5),Maria Oliveira,Gloria de Paula
ceb5b0f1f6daddf6,Decision - Unanimous,3,5:00,3 Rnd (5-5-5),Luana Santos,Melissa Croden
10f54096561f587d,Decision - Unanimous,3,5:00,3 Rnd (5-5-5),Miguel Torres,Nick Pace
ad14c502c9c5a7e9,Decision - Unanimous,3,5:00,3 Rnd + OT (5-5-5-5),Dom Mar Fan,Sangwook Kim
dff8e4ef87d69516,Decision - Split,3,5:00,3 Rnd (5-5-5),Muslim Salikhov,Santiago Ponzinibbio
891470d896b1de5a,KO/TKO,2,1:00,3 Rnd (5-5-5),Beneil Dariush,Drakkar Klose
f32f823658478705,KO/TKO,1,0:22,1 Rnd + 2OT (15-3-3),Frank Shamrock,Igor Zinoviev
5067fe22dbc4baff,KO/TKO,2,2:17,3 Rnd (5-5-5),Josh Samman,Kevin Casey
bbe3d2a2ad8d204e,Submission,1,1:57,3 Rnd (5-5-5),Gabriel Gonzaga,Justin McCully
5bcc7204a43cf34e,KO/TKO,1,2:58,5 Rnd (5-5-5-5-5),Roy Nelson,Matt Mitrione
b57345c34f6d2ab3,Decision - Unanimous,3,5:00,3 Rnd (5-5-5),Ramsey Nijem,Joe Proctor
7a91b26b3e231fff,Decision - Unanimous,3,5:00,3 Rnd (5-5-5),Neil Magny,Gasan Umalatov
f208b79b0d78045b,KO/TKO,1,0:49,3 Rnd (5-5-5),Sam Alvey,Daniel Kelly
e1ec8774466db669,Submission,1,2:13,3 Rnd (5-5-5),Vicente Luque,Hayder Hassan
6832e9e62da0f9d3,KO/TKO,2,4:47,3 Rnd (5-5-5),Casey O'Neill,Antonina Shevchenko
77f960d82cda0b76,KO/TKO,1,4:18,3 Rnd (5-5-5),Bogdan Guskov,Nikita Krylov
7a72d7448159fb59,KO/TKO,1,0:41,3 Rnd (5-5-5),Anthony Johnson,Yoshiyuki Yoshida
60949f33201415ca,KO/TKO,1,4:06,3 Rnd (5-5-5),Cub Swanson,Nate Landwehr
62ff1e5deb124ff5,Decision - Unanimous,3,5:00,3 Rnd (5-5-5),Nassourdine Imavov,Brendan Allen
b5be58e7fa1e7439,Decision - Unanimous,3,5:00,3 Rnd (5-5-5),Brad Pickett,Neil Seery
fa520c5834cda94e,KO/TKO,2,3:45,3 Rnd (5-5-5),Ross Pearson,Ryan Couture
f3e2038bfb9b5d9d,Decision - Unanimous,3,5:00,3 Rnd (5-5-5),Scott Holtzman,Jim Miller
8aefe4de7a490de6,KO/TKO,1,2:45,3 Rnd (5-5-5),Bart Palaszewski,Tyson Griffin
9ebb7bba0b45d517,Submission,1,3:23,1 Rnd (20),Marco Ruas,Larry Cureton
637f792270a0c746,Decision - Unanimous,3,5:00,3 Rnd (5-5-5),Shamil Gaziev,Don'Tale Mayes
5da7d95051699adb,KO/TKO,1,0:16,5 Rnd (5-5-5-5-5),Ronda Rousey,Alexis Davis
319f3fad278368e6,Submission,2,4:06,3 Rnd (5-5-5),Brandon Moreno,Dustin Ortiz
a043e279434d5c8c,KO/TKO,3,4:59,3 Rnd (5-5-5),Grant Dawson,Leonardo Santos
a9d8ddb49dbe414b,KO/TKO,2,0:29,3 Rnd (5-5-5),Thomas Almeida,Brad Pickett
f6d6b660e1578744,KO/TKO,1,4:57,3 Rnd (5-5-5),Nikita Krylov,Cody Donovan
20b5de395c0f1375,KO/TKO,2,1:47,3 Rnd (5-5-5),Darren Stewart,Eric Spicely
968cd768ac41e6ee,KO/TKO,3,0:13,3 Rnd (5-5-5),John Lewis,Lowell Anderson
ed94cdc0f2b97e15,Decision - Unanimous,3,5:00,3 Rnd (5-5-5),Arnold Allen,Nik Lentz
24f156a78bd32026,Submission,2,2:38,3 Rnd (5-5-5),Alex Oliveira,Tim Means
9d35723a53749931,Decision - Unanimous,3,5:00,3 Rnd (5-5-5),Roman Kopylov,Marco Tulio
d07dd6239afe1cb0,KO/TKO,1,1:54,3 Rnd (5-5-5),Oskar Piechota,Tim Williams
dbc30717a3efba58,Decision - Unanimous,3,5:00,3 Rnd (5-5-5),Rich Franklin,Yushin Okami
5f617d6c19d3a281,KO/TKO,3,0:32,3 Rnd (5-5-5),Calvin Kattar,Shane Burgos
6ccd10adc968e1f0,Decision - Unanimous,3,5:00,3 Rnd (5-5-5),Serhiy Sidey,Cameron Smotherman
00566b4d89565373,Submission,2,3:22,3 Rnd (5-5-5),Urijah Faber,Michael McDonald
764e5910ac779ae9,KO/TKO,1,0:13,3 Rnd (5-5-5),Anthony Johnson,Chad Reiner
8d4a475e48722fea,KO/TKO,2,3:37,3 Rnd (5-5-5),Jamahal Hill,Ovince Saint Preux
1adee75d6c671cc8,Decision - Unanimous,3,5:00,3 Rnd (5-5-5),Tecia Pennington,Brianna Fortino
2faa7b48b4d51cab,Submission,2,1:52,3 Rnd (5-5-5),Jake Matthews,Vagner Rocha
1733594124569598,Submission,1,2:13,3 Rnd (5-5-5),CB Dollaway,Joe Doerksen
adb35d212e716b8a,Decision - Unanimous,3,5:00,3 Rnd (5-5-5),Justin Salas,Anton Kuivanen
4fe799b4fa1afb76,Submission,1,3:24,3 Rnd (5-5-5),Felicia Spencer,Megan Anderson
423f32dd018ac218,Submission,2,4:42,5 Rnd (5-5-5-5-5),Song Yadong,Deiveson Figueiredo
8bcdcfb0f93f1409,KO/TKO,2,4:15,3 Rnd (5-5-5),Tony Kelley,Randy Costa
d00d5ef4ae0ac01b,KO/TKO,1,3:35,3 Rnd (5-5-5),Bruno Silva,Brad Tavares
85511ab7fd9ed061,KO/TKO,1,0:32,5 Rnd (5-5-5-5-5),Henry Cejudo,TJ Dillashaw
43f0495855470427,KO/TKO,1,3:19,3 Rnd (5-5-5),Jon Jones,Brandon Vera
f1ffe3ba615ad7b9,Decision - Unanimous,3,5:00,3 Rnd (5-5-5),Rich Attonito,Rafael Natal
5cbd93c68225a845,Submission,2,1:05,3 Rnd (5-5-5),Trevor Prangley,Curtis Stout
5f622d812b8f407f,Decision - Unanimous,3,5:00,3 Rnd (5-5-5),Preston Parsons,Matthew Semelsberger
2671de30a1736f51,KO/TKO,1,4:15,3 Rnd (5-5-5),Khama Worthy,Devonte Smith
43d90683078fcee5,Decision - Split,3,5:00,3 Rnd (5-5-5),Ramon Taveras,Serhiy Sidey
8beab5f941dae8e0,Decision - Unanimous,3,5:00,3 Rnd (5-5-5),Mohammed Usman,Junior Tafa
36c929fb1569d4b9,KO/TKO,3,3:12,3 Rnd (5-5-5),Eugene Jackson,Keiichiro Yamamiya
3112430100d2d0be,KO/TKO,1,2:18,3 Rnd (5-5-5),Tai Tuivasa,Cyril Asker
3d9398386c84109b,KO/TKO,2,4:10,3 Rnd (5-5-5),Francisco Trinaldo,Evan Dunham
6a315ef5bf22af29,Submission,2,3:02,3 Rnd (5-5-5),Jan Blachowicz,Devin Clark
62b5ce408c150fa8,Submission,2,4:19,3 Rnd (5-5-5),Mateusz Gamrot,Esteban Ribovics
9fa3623172adb4cd,KO/TKO,1,0:17,3 Rnd (5-5-5),John Phillips,Alen Amedovski
08d4e3864c44f8a5,Decision - Unanimous,3,5:00,3 Rnd (5-5-5),Tyrell Fortune,Marcin Tybura
25e1d17d072227c6,Decision - Unanimous,3,5:00,3 Rnd (5-5-5),Drakkar Klose,Christos Giagos
375c2ecb6fe54cc6,KO/TKO,1,4:52,3 Rnd (5-5-5),Rogerio Nogueira,Patrick Cummins
3be121d4f5460893,Submission,3,2:56,3 Rnd (5-5-5),Damian Stasiak,Davey Grant
99b5010fd25911af,KO/TKO,1,4:30,1 Rnd + OT (12-3),Pedro Rizzo,Tra Telligman
a283975bf9355757,KO/TKO,1,4:23,3 Rnd (5-5-5),Derrick Lewis,Jack May
aa7d691fc6385acb,KO/TKO,1,2:39,3 Rnd (5-5-5),Pedro Munhoz,Bryan Caraway
19d1ae54681bc722,KO/TKO,1,4:05,3 Rnd (5-5-5),Aleksandar Rakic,Devin Clark
f281a6775bccb8df,Decision - Unanimous,3,5:00,3 Rnd (5-5-5),Richard Walsh,Steve Kennedy
62f564662f33692d,KO/TKO,1,1:52,3 Rnd (5-5-5),Devin Powell,Alvaro Herrera Mendoza
8e1feda9141602f1,Decision - Unanimous,3,5:00,3 Rnd (5-5-5),Brendan Allen,Marvin Vettori
65171ae917df102f,KO/TKO,1,0:59,3 Rnd (5-5-5),Rafael Dos Anjos,George Sotiropoulos
5000a0bde6213fd9,Submission,1,1:06,3 Rnd (5-5-5),Ryan Jensen,Jesse Forbes
d0fb381cacbb0446,KO/TKO,1,0:15,5 Rnd (5-5-5-5-5),Curtis Blaydes,Tom Aspinall
8b61a3acdfb007d9,Submission,1,1:49,3 Rnd (5-5-5),Wilson Reis,Hector Sandoval
6114076c689e8457,Decision - Unanimous,3,5:00,3 Rnd (5-5-5),Rinat Fakhretdinov,Carlos Leal
b09ecdc8ef0f0d20,Decision - Split,3,5:00,3 Rnd (5-5-5),Jakub Wiklacz,Patchy Mix
9e62f31318d21a32,TKO - Doctor's Stoppage,1,4:16,3 Rnd (5-5-5),Sean Sherk,Benji Radach
5d4fb748ad246269,Decision - Split,3,5:00,3 Rnd (5-5-5),Michel Pereira,Santiago Ponzinibbio
0eac7075bf3d7ab7,Submission,3,4:19,3 Rnd (5-5-5),Julia Avila,Julija Stoliarenko
e2535e0753954514,Decision - Unanimous,3,5:00,3 Rnd (5-5-5),Ray Borg,Geane Herrera
022bdd58cc6e571d,KO/TKO,2,1:52,3 Rnd (5-5-5),Cub Swanson,Daniel Pineda
03d30a534dee8ac5,Submission,1,2:36,3 Rnd (5-5-5),Rousimar Palhares,Ivan Salaverry
e08479759c296bb1,Decision - Split,3,5:00,3 Rnd (5-5-5),Cody Stamann,Tom Duquesnoy
91bf33ada75d6061,Decision - Unanimous,3,5:00,3 Rnd (5-5-5),Jasmine Jasudavicius,Mayra Bueno Silva
bf614956b28f231c,KO/TKO,3,4:21,3 Rnd (5-5-5),Jessica-Rose Clark,Sarah Alpar
dbb0ca0198ac514a,TKO - Doctor's Stoppage,5,2:18,5 Rnd (5-5-5-5-5),Kevin Lee,Edson Barboza
de2b0b8ef112f3b7,Submission,2,0:39,3 Rnd (5-5-5),Wilson Gouveia,Seth Petruzelli
c8fbe7ade97e2055,KO/TKO,1,3:09,3 Rnd (5-5-5),Antonio Rodrigo Nogueira,Brendan Schaub
1acdcfe32d975f42,Submission,1,0:47,3 Rnd (5-5-5),Cezar Ferreira,Thiago Santos
60de5efe5b439c8b,Decision - Unanimous,3,5:00,3 Rnd (5-5-5),Sage Northcutt,Michel Quinones
e7b3ca036835b7c2,Submission,2,1:49,3 Rnd (5-5-5),Jaqueline Amorim,Polyana Viana
a031f062b7ffefee,KO/TKO,1,3:45,5 Rnd (5-5-5-5-5),Carlos Ulberg,Jiri Prochazka
a2be3b3f9739d0af,Decision - Unanimous,3,5:00,3 Rnd (5-5-5),Stephan Bonnar,Igor Pokrajac
01c9acf719298187,KO/TKO,3,2:16,3 Rnd (5-5-5),Brad Tavares,Krzysztof Jotko
d3f5854d16fc31f9,KO/TKO,1,0:50,3 Rnd (5-5-5),Dan Ige,Mike Santiago
49bd9a2f1fbebd1f,KO/TKO,2,2:37,3 Rnd (5-5-5),Viacheslav Borshchev,Maheshate
51a12878b151d67b,Submission,2,0:44,3 Rnd (5-5-5),Loma Lookboonmee,Elise Reed
88c2da7b33cca8d4,Decision - Unanimous,3,5:00,3 Rnd (5-5-5),Gray Maynard,Teruto Ishihara
ac39c1f00ae31e58,Decision - Unanimous,3,5:00,3 Rnd (5-5-5),Alden Coria,Luis Gurule
6017ccf5fa09da34,Decision - Unanimous,3,5:00,3 Rnd (5-5-5),Seth Baczynski,Neil Magny
50a381c1eb88dbb0,Decision - Unanimous,5,5:00,5 Rnd (5-5-5-5-5),Renan Barao,Urijah Faber
789a8911fcd6de13,Decision - Unanimous,3,5:00,3 Rnd (5-5-5),Gray Maynard,Jim Miller
90715135a543b6e3,Submission,3,4:36,3 Rnd (5-5-5),Gillian Robertson,Cortney Casey
a369d5ca5aef8b25,Submission,1,0:47,3 Rnd (5-5-5),Joe Lauzon,Melvin Guillard
1f0d4572e0facbea,KO/TKO,2,3:44,5 Rnd (5-5-5-5-5),Aljamain Sterling,TJ Dillashaw
25da6035f591c245,TKO - Doctor's Stoppage,2,5:00,3 Rnd (5-5-5),Warlley Alves,Sultan Aliev
28c70663b99560a8,Decision - Unanimous,5,5:00,5 Rnd (5-5-5-5-5),Leon Edwards,Donald Cerrone
711ec0545552455b,Decision - Unanimous,3,5:00,3 Rnd (5-5-5),Chelsea Chandler,Josiane Nunes
5bfaa389a67139fd,Submission,1,3:03,3 Rnd (5-5-5),Claudia Gadelha,Karolina Kowalkiewicz
6eb4b84c4b10854a,KO/TKO,1,3:59,3 Rnd (5-5-5),Alexander Yakovlev,George Sullivan
a7cf716f5d73b558,Decision - Split,3,5:00,3 Rnd (5-5-5),Karl Roberson,Wellington Turman
33658a3ca932d15d,Decision - Unanimous,3,5:00,3 Rnd (5-5-5),Maycee Barber,Katlyn Cerminara
65ce293c20bd25e2,Submission,2,4:20,3 Rnd (5-5-5),Jon Jones,Ryan Bader
834f67e96612cd6f,Decision - Split,3,5:00,3 Rnd (5-5-5),Eryk Anders,Gerald Meerschaert
0da0dc2c7eb29f58,Decision - Unanimous,3,5:00,3 Rnd (5-5-5),Jenel Lausa,Yao Zhikui
fec8b9760d6bb235,Submission,1,4:27,3 Rnd (5-5-5),Alexander Gustafsson,James Te Huna
634dbcef5111f939,Decision - Split,3,5:00,3 Rnd (5-5-5),Al Iaquinta,Jorge Masvidal
043172689e415438,Decision - Unanimous,3,5:00,3 Rnd (5-5-5),Jhonata Diniz,Alvin Hines
49f83168974fb60f,KO/TKO,2,1:09,3 Rnd (5-5-5),Vitor Miranda,Marcelo Guimaraes
63af858a04c1ad79,Submission,3,4:47,3 Rnd (5-5-5),James Krause,Sam Stout
9f428684f3db247f,Submission,2,3:22,3 Rnd (5-5-5),Alex Garcia,Muslim Salikhov
a693622ad8c0d672,Submission,2,3:22,3 Rnd (5-5-5),Shauna Bannon,Puja Tomar
5e794b8ef52c88cb,KO/TKO,2,4:11,3 Rnd (5-5-5),Henrique da Silva,Jonathan Wilson
b6462127cf553ff3,Submission,1,0:53,3 Rnd (5-5-5),Alan Belcher,Sean Salmon
b69d3d55c84f5dd6,Decision - Unanimous,3,5:00,3 Rnd (5-5-5),Drakkar Klose,King Green
c53325be8ce33b8b,Submission,1,6:41,No Time Limit,Jason DeLucia,Scott Baker
0bdb170e1fef36b6,Submission,3,1:22,3 Rnd (5-5-5),Neil Magny,Kiichi Kunimoto
2817a6f9e09eb15f,Decision - Unanimous,3,5:00,3 Rnd (5-5-5),Drakkar Klose,Lando Vannata
66aa57912b5c5170,Decision - Unanimous,3,5:00,3 Rnd (5-5-5),Johny Hendricks,Matt Brown
91aa08e910fb4412,KO/TKO,1,4:00,3 Rnd (5-5-5),Kyle Nelson,Bill Algeo
d16f7ab4e28171ea,Decision - Unanimous,5,5:00,5 Rnd (5-5-5-5-5),Rob Font,Cody Garbrandt
9c9039f921aa86ca,Decision - Unanimous,3,5:00,3 Rnd (5-5-5),Din Thomas,Clay Guida
7dc3ada8f2135477,Decision - Split,3,5:00,3 Rnd (5-5-5),Kevin Holland,Gerald Meerschaert
16369fa06392f6a0,KO/TKO,2,2:58,3 Rnd (5-5-5),Carla Esparza,Yan Xiaonan
2d6182d1d398ed6a,Decision - Unanimous,3,5:00,3 Rnd (5-5-5),Thales Leites,Sam Alvey
cd20dac4daa4f93a,Decision - Unanimous,3,5:00,3 Rnd (5-5-5),Farid Basharat,Da'Mon Blackshear
e4620f3fa451a3a4,Submission,2,1:07,3 Rnd (5-5-5),Nazim Sadykhov,Terrance McKinney
9d3a38cc18807e10,KO/TKO,1,0:59,3 Rnd (5-5-5),Augusto Sakai,Marcin Tybura
85f67de8e9dc5689,Decision - Unanimous,3,5:00,3 Rnd (5-5-5),Myles Jury,Michael Johnson
4a46b63c19cfa932,Decision - Unanimous,3,5:00,3 Rnd (5-5-5),Court McGee,Dominique Steele
e64075c104471ff0,KO/TKO,1,3:22,3 Rnd (5-5-5),Dricus Du Plessis,Markus Perez
579b5770129b328a,Decision - Unanimous,3,5:00,3 Rnd (5-5-5),Alex Morono,Matthew Semelsberger
e4c4c54a10e06973,Decision - Split,3,5:00,3 Rnd (5-5-5),Randa Markos,Carla Esparza
094a77eecd56a27a,KO/TKO,3,2:35,3 Rnd (5-5-5),Mike Russow,Todd Duffee
62ed2b178310306e,KO/TKO,1,4:49,3 Rnd (5-5-5),Gan McGee,Alexandre Dantas
9cd973a0a6c1cd5c,Decision - Unanimous,3,5:00,3 Rnd (5-5-5),Al Iaquinta,Ryan Couture
ce4314886c57718b,Decision - Unanimous,3,5:00,3 Rnd (5-5-5),Vinc Pichel,Joaquim Silva
27868eac1d141498,Decision - Unanimous,3,5:00,3 Rnd (5-5-5),Gray Maynard,Rich Clementi
2e9ad55f2e2f7c56,KO/TKO,1,4:28,3 Rnd (5-5-5),Chris Daukaus,Parker Porter
b25eacaca1499e30,Decision - Unanimous,3,5:00,3 Rnd (5-5-5),Alejandro Perez,Eddie Wineland
a7c63a2b33049ace,Submission,2,3:21,3 Rnd (5-5-5),Rousimar Palhares,Lucio Linhares
2d323659e430bc92,Decision - Unanimous,3,5:00,3 Rnd (5-5-5),Sai Wang,Danny Mitchell
137646de0ffd9c35,Decision - Unanimous,3,5:00,3 Rnd (5-5-5),Marcin Tybura,Maxim Grishin
0b0ba5238399545c,KO/TKO,3,4:55,3 Rnd (5-5-5),John Howard,Dennis Hallman
12bf24fa110513d0,Decision - Unanimous,3,5:00,3 Rnd (5-5-5),Cezar Ferreira,Andrew Craig
3d76ed7e224e9c99,Submission,3,0:42,3 Rnd (5-5-5),Dan Hooker,Marc Diakiese
52db9c816eb99800,KO/TKO,2,2:18,3 Rnd (5-5-5),Gerald Meerschaert,Eric Spicely
50325e08203fedbd,KO/TKO,1,3:16,3 Rnd (5-5-5),Chris Leben,Alessio Sakara
30eaf1650bc359b3,Decision - Unanimous,3,5:00,3 Rnd (5-5-5),Ryan Spann,Luis Henrique
58286d3126cc5263,Decision - Unanimous,3,5:00,3 Rnd (5-5-5),Jose Quinonez,Teruto Ishihara
3b463d688d598a72,Decision - Unanimous,3,5:00,3 Rnd (5-5-5),Mark Munoz,Luke Barnatt
48231fbd1af53674,KO/TKO,1,4:16,3 Rnd (5-5-5),Garrett Armfield,Toshiomi Kazama
aa430402314b4459,KO/TKO,2,4:47,3 Rnd (5-5-5),Eddie Wineland,Grigory Popov
c67473192bda50d8,Decision - Unanimous,3,5:00,3 Rnd (5-5-5),Michael McDonald,Edwin Figueroa
ea76a3af8c5ecc55,Submission,2,2:05,3 Rnd (5-5-5),Jordan Leavitt,Matt Sayles
01d71345ba7ea6f9,Decision - Split,3,5:00,3 Rnd (5-5-5),Keith Jardine,Brandon Vera
eb3093e235f048c8,KO/TKO,1,1:52,3 Rnd (5-5-5),Vitor Belfort,Yoshihiro Akiyama
baf123a5b5fc674c,Decision - Unanimous,3,5:00,3 Rnd (5-5-5),Ramsey Nijem,Danny Downes
0c703bf17c04fee4,Decision - Unanimous,3,5:00,3 Rnd (5-5-5),Cezar Ferreira,Anthony Smith
bc7228d30ff5be46,KO/TKO,3,3:52,3 Rnd (5-5-5),Sam Hughes,Elise Reed
ea0f7fe570c1533f,Decision - Unanimous,3,5:00,3 Rnd (5-5-5),George Sullivan,Mike Rhodes
4abf375aa97364f6,Decision - Unanimous,3,5:00,3 Rnd (5-5-5),Pat Barry,Joey Beltran
318449b3f9346566,Submission,3,3:02,3 Rnd (5-5-5),Anthony Rocco Martin,Felipe Olivieri
c5e71fbf22f669f7,KO/TKO,1,0:35,3 Rnd (5-5-5),Amanda Lemos,Montserrat Conejo Ruiz
5459c3bb88d031f9,KO/TKO,2,3:17,3 Rnd (5-5-5),Don'Tale Mayes,Andrei Arlovski
5868c154789648f0,Decision - Unanimous,3,5:00,3 Rnd (5-5-5),Sodiq Yusuff,Andre Fili
ec8d93ae99a7799d,Decision - Split,3,5:00,3 Rnd (5-5-5),TIE,TIE
443f30a4a856584a,Submission,3,0:22,3 Rnd (5-5-5),Asu Almabayev,Alex Perez
dbdad3eb157703bc,Decision - Unanimous,2,3:00,1 Rnd + OT (12-3),Tsuyoshi Kohsaka,Pete Williams
a652918360fe9a72,Submission,2,3:13,3 Rnd (5-5-5),David Onama,Garrett Armfield
5167a5aec41f8b6d,Submission,1,4:34,No Time Limit,Ken Shamrock,Felix Lee Mitchell
bee95769a221af9a,Decision - Unanimous,3,5:00,3 Rnd (5-5-5),Montel Jackson,Julio Arce
7d3da3c4153717de,Decision - Unanimous,5,5:00,5 Rnd (5-5-5-5-5),Mackenzie Dern,Virna Jandiroba
319b96f615a0a154,Submission,2,4:26,3 Rnd (5-5-5),Joel Alvarez,Marc Diakiese
79dcde3ad50f6165,Decision - Split,3,5:00,3 Rnd (5-5-5),Chris Camozzi,Nick Ring
194f8d501f318ada,Decision - Unanimous,3,5:00,3 Rnd (5-5-5),David Bielkheden,Jess Liaudin
ff4cef86bef2d0aa,KO/TKO,3,2:33,3 Rnd (5-5-5),Anthony Smith,Hector Lombard
058c2724dec1add1,KO/TKO,2,3:09,3 Rnd (5-5-5),Magomed Ankalaev,Anthony Smith
8f1b727757a60c07,Decision - Unanimous,3,5:00,3 Rnd (5-5-5),Andre Ewell,Anderson Dos Santos
483d934c46351c78,Submission,1,4:03,3 Rnd (5-5-5),DaMarques Johnson,Edgar Garcia
282d8651ca34b7f6,Submission,1,4:01,3 Rnd (5-5-5),Rob MacDonald,Kristian Rothaermel
a158e4ff7ea93d43,KO/TKO,4,5:00,5 Rnd (5-5-5-5-5),Georges St-Pierre,BJ Penn
7dc551f8153bd053,Submission,2,3:25,3 Rnd (5-5-5),Marlon Vera,Nohelin Hernandez
9e90800495c1d607,Decision - Unanimous,5,5:00,5 Rnd (5-5-5-5-5),Valentina Shevchenko,Holly Holm
18cfc2f58d20c0f2,Submission,2,1:53,3 Rnd (5-5-5),Dan Miller,John Salter
ca3230227ee700b7,KO/TKO,1,2:37,3 Rnd (5-5-5),Nate Quarry,Shonie Carter
86b8419f22f398c0,Decision - Unanimous,3,5:00,3 Rnd (5-5-5),Efrain Escudero,Phillipe Nover
b972f998103731da,Decision - Unanimous,3,5:00,3 Rnd (5-5-5),Kyle Kingsbury,Jared Hamman
c39da8538d9c0321,Decision - Split,3,5:00,3 Rnd (5-5-5),Jake Collier,Ricardo Abreu
4327fe98e1b6f222,Submission,1,1:13,3 Rnd (5-5-5),Gabriel Bonfim,Trevin Giles
f114929ed709606e,KO/TKO,2,0:27,3 Rnd (5-5-5),Morgan Charriere,Gabriel Miranda
b34c608bdfa655e8,Decision - Split,3,5:00,3 Rnd (5-5-5),Rafael Natal,Uriah Hall
1d8dc0fb5d47357f,KO/TKO,1,4:58,3 Rnd (5-5-5),Alexander Hernandez,Chase Hooper
d40bfa821f2fe46a,Submission,3,3:31,3 Rnd (5-5-5),Hermes Franca,Jamie Varner
6d691b736d8c98b0,KO/TKO,3,3:24,3 Rnd (5-5-5),Eddie Sanchez,Soa Palelei
cbf36e02c68e7719,Submission,1,0:38,3 Rnd (5-5-5),Diego Ferreira,Colton Smith
60e5b2c1bdaa203e,Decision - Unanimous,3,5:00,3 Rnd (5-5-5),Tyrone Roberts,David Dodd
5eebde8fb4d67259,KO/TKO,1,0:18,3 Rnd (5-5-5),Montel Jackson,Da'Mon Blackshear
f594fc5c2bc6237e,KO/TKO,1,3:33,5 Rnd (5-5-5-5-5),Kevin Vallejos,Josh Emmett
4dd3035430a5ed43,Decision - Split,3,5:00,3 Rnd (5-5-5),Enrique Barzola,Bobby Moffett
3b321550c8b4aae6,Decision - Unanimous,3,5:00,3 Rnd (5-5-5),Max Holloway,Jeremy Stephens
56ae02578b1163ee,KO/TKO,2,4:55,5 Rnd (5-5-5-5-5),Anthony Pettis,Stephen Thompson
50f2539c73b98eec,KO/TKO,2,0:26,3 Rnd (5-5-5),Tai Tuivasa,Augusto Sakai
7024385b5107bd4b,KO/TKO,1,2:07,3 Rnd (5-5-5),Ikram Aliskerov,Warlley Alves
ecfe522e5f1e766b,Decision - Unanimous,3,5:00,3 Rnd (5-5-5),Luigi Fioravanti,Brodie Farber
59da727c3ae7b497,Submission,2,1:07,3 Rnd (5-5-5),Jon Fitch,Roan Carneiro
5ea39e0fc3b64e83,Submission,1,4:15,3 Rnd (5-5-5),Davi Ramos,Nick Hein
913d8a35095591d5,Decision - Unanimous,3,5:00,3 Rnd (5-5-5),Tim Elliott,Victor Altamirano
7ec61e2b0728e6d4,KO/TKO,2,2:47,3 Rnd (5-5-5),Melvin Guillard,Mac Danzig
689116759885e4a5,Decision - Split,3,5:00,3 Rnd (5-5-5),Alexander Volkov,Timothy Johnson
fc91f1e448f35797,KO/TKO,1,3:38,3 Rnd (5-5-5),Pat Barry,Christian Morecraft
81c22cfa22002ea4,Decision - Split,3,5:00,3 Rnd (5-5-5),Andrei Arlovski,Jared Vanderaa
99c12cc04b4261bf,Decision - Unanimous,3,5:00,3 Rnd + OT (5-5-5-5),Colton Smith,Mike Ricci
5ab0e805e90d20d5,Submission,2,2:09,3 Rnd (5-5-5),Joe Lauzon,Brandon Melendez
241687ff5fe92331,KO/TKO,1,4:43,3 Rnd (5-5-5),Louis Smolka,Ryan MacDonald
19f615a7a5cfd304,Submission,1,4:27,3 Rnd (5-5-5),Rory MacDonald,Mike Guymon
536c26ef4da9ace7,KO/TKO,2,3:08,3 Rnd (5-5-5),Stephan Bonnar,Krzysztof Soszynski
f5cb6cbb09ee8a16,Submission,3,4:28,3 Rnd (5-5-5),Drew Fickett,Josh Koscheck
eba6055d217d5b99,Submission,2,1:38,3 Rnd (5-5-5),Grant Dawson,Darrick Minner
7036a87673c98a13,Decision - Unanimous,3,5:00,3 Rnd (5-5-5),Iuri Alcantara,Felipe Arantes
8dcfa933877e3a0b,Decision - Unanimous,3,5:00,3 Rnd (5-5-5),Talita Bernardo,Sarah Moras
4a5e5232346993c7,Submission,3,4:46,3 Rnd (5-5-5),Andre Petroski,Hu Yaozong
93b7ae1e0f79d100,Submission,2,1:53,5 Rnd (5-5-5-5-5),Anthony Pettis,Gilbert Melendez
4096b302747d47b3,KO/TKO,3,2:54,3 Rnd (5-5-5),Randy Brown,Bryan Barberena
d83ae4a2e117b775,KO/TKO,1,2:51,3 Rnd (5-5-5),Junior Albini,Timothy Johnson
09f67db0cfaee022,Submission,1,1:54,3 Rnd (5-5-5),Ben Rothwell,Matt Mitrione
923d5041c3b6d763,KO/TKO,5,1:07,5 Rnd (5-5-5-5-5),Alexander Gustafsson,Glover Teixeira
b22eab3aa1522f40,Submission,3,1:02,5 Rnd (5-5-5-5-5),Charles Oliveira,Dustin Poirier
911e151d1907197d,Submission,3,1:22,3 Rnd (5-5-5),Misha Cirkunov,Ion Cutelaba
439905344ee8035e,Decision - Unanimous,3,5:00,3 Rnd (5-5-5),Yaotzin Meza,Damian Stasiak
ff64fc34065565d0,Submission,3,1:10,3 Rnd (5-5-5),Charles Oliveira,Nik Lentz
9fb822537c12d726,TKO - Doctor's Stoppage,2,4:24,3 Rnd (5-5-5),Pedro Rizzo,Tra Telligman
02e3699be1d8daa2,KO/TKO,2,1:25,3 Rnd (5-5-5),Randy Brown,Brian Camozzi
b2ca310c9d0037d3,KO/TKO,2,0:49,3 Rnd (5-5-5),Chase Sherman,Ike Villanueva
77185ff8b4dade6a,KO/TKO,1,2:01,3 Rnd (5-5-5),Kyle Noke,Peter Sobotta
498e7b0800af226c,KO/TKO,2,5:00,3 Rnd (5-5-5),Petr Yan,Douglas Silva de Andrade
8b5c760f34daafe0,KO/TKO,1,0:59,3 Rnd (5-5-5),Cody Stamann,Eddie Wineland
6773055965441b18,Submission,3,4:45,3 Rnd (5-5-5),Forrest Griffin,Mauricio Rua
079308cc2efa2e5d,Decision - Unanimous,3,5:00,3 Rnd (5-5-5),Joseph Benavidez,Dustin Ortiz
7ac1c2f87b795742,Decision - Split,3,5:00,3 Rnd (5-5-5),Marco Beltran,Guangyou Ning
ca16e203eb2bde60,KO/TKO,1,3:11,3 Rnd (5-5-5),Max Holloway,Akira Corassani
c02d44564cb006a9,Decision - Unanimous,3,5:00,3 Rnd (5-5-5),Trey Waters,Josh Quinlan
40ce202eaa78860c,Decision - Unanimous,3,5:00,3 Rnd (5-5-5),Diana Belbita,Hannah Goldy
8b2b2562884821a7,Decision - Split,3,5:00,3 Rnd (5-5-5),Joselyne Edwards,Lucie Pudilova
52e07b6540fad19e,Decision - Split,3,5:00,3 Rnd (5-5-5),Shane Nelson,George Roop
2a03bc4c491b4c9a,Decision - Split,3,5:00,3 Rnd (5-5-5),Gabriel Bonfim,Stephen Thompson
845b8653f9cf839c,Decision - Unanimous,3,5:00,3 Rnd (5-5-5),Sean Brady,Joaquin Buckley
d038ff5ac21094f3,Decision - Unanimous,3,5:00,3 Rnd (5-5-5),Jai Herbert,Rolando Bedoya
6fe8bce03a46350b,KO/TKO,1,1:14,3 Rnd (5-5-5),Ian Heinisch,Gerald Meerschaert
c7cf2194fe5c751f,Decision - Unanimous,3,5:00,3 Rnd (5-5-5),Josh Culibao,Shayilan Nuerdanbieke
1e5c66d12761d4fe,KO/TKO,3,3:50,3 Rnd (5-5-5),Marlon Vera,Brad Pickett
cd9851b8eadb53a9,Submission,1,3:52,3 Rnd (5-5-5),Youssef Zalal,Jarno Errens
e434035be5453be0,Decision - Unanimous,3,5:00,3 Rnd (5-5-5),Jamey-Lyn Horth,Hailey Cowan
a457331c27bce6d5,Decision - Unanimous,3,5:00,3 Rnd (5-5-5),Sergey Morozov,Raulian Paiva
2bb2a2652fe38809,KO/TKO,2,2:32,3 Rnd (5-5-5),Neil Magny,Rodrigo de Lima
67f7163e536d62e2,Decision - Unanimous,5,5:00,5 Rnd (5-5-5-5-5),Roman Dolidze,Marvin Vettori
8adc6266a7c2fd40,KO/TKO,1,1:49,3 Rnd (5-5-5),Macy Chiasson,Gina Mazany
34d38d77c1d3f00e,Decision - Unanimous,3,5:00,3 Rnd (5-5-5),Pannie Kianzad,Alexis Davis
a2af14e9dba37b03,KO/TKO,1,2:07,3 Rnd (5-5-5),Corey Anderson,Johnny Walker
289004336bd71d34,Decision - Unanimous,3,5:00,3 Rnd (5-5-5),Ed Herman,Rafael Natal
a850ba762f3c5334,Decision - Unanimous,3,5:00,3 Rnd (5-5-5),Jacob Malkoun,Abdul Razak Alhassan
ad101f8850eff427,Decision - Unanimous,3,5:00,3 Rnd (5-5-5),Mac Danzig,Efrain Escudero
9d80bd1f92d23dfa,Decision - Unanimous,5,5:00,5 Rnd (5-5-5-5-5),Valentina Shevchenko,Liz Carmouche
ce3d94186567a684,KO/TKO,1,2:33,3 Rnd (5-5-5),Arnold Allen,Dan Hooker
fdfc700e56575d67,Decision - Unanimous,3,5:00,3 Rnd (5-5-5),Oskar Piechota,Jonathan Wilson
54bbc7974df586a1,Decision - Unanimous,3,5:00,3 Rnd (5-5-5),Pannie Kianzad,Bethe Correia
b675fb8f413b59e4,Submission,2,0:31,3 Rnd (5-5-5),Murilo Bustamante,Yoji Anjo
c611e81778c0b1fc,KO/TKO,1,0:21,3 Rnd (5-5-5),Francisco Rivera,Alex Caceres
2eb9b36c09c00d69,Decision - Unanimous,3,5:00,3 Rnd (5-5-5),Diego Sanchez,Nick Diaz
d5e0fd3eec76f7e1,Decision - Unanimous,3,5:00,3 Rnd (5-5-5),Chris Leben,Jay Silva
ad772f626b5dd31d,KO/TKO,1,1:16,3 Rnd (5-5-5),Derek Brunson,Daniel Kelly
d80b0bea0e260b95,Decision - Unanimous,3,5:00,3 Rnd (5-5-5),Yan Xiaonan,Viviane Pereira
e5f9d59d00fe3c73,Decision - Unanimous,3,5:00,3 Rnd (5-5-5),Miranda Maverick,Jamey-Lyn Horth
bdd782059be98dfb,KO/TKO,3,0:39,3 Rnd (5-5-5),Ed Herman,Joe Doerksen
a8cf22bc7d05c0a1,Decision - Unanimous,3,5:00,3 Rnd (5-5-5),Mike Pyle,Ricardo Almeida
ec490d4224d3bc78,Decision - Unanimous,3,5:00,3 Rnd (5-5-5),Cody Garbrandt,Trevin Jones
5bc31abb5842942a,KO/TKO,3,4:13,3 Rnd (5-5-5),Cameron Saaiman,Steven Koslow
61733e5f00f4e194,KO/TKO,1,4:21,3 Rnd (5-5-5),Josh Koscheck,Chris Sanford
6e7eb1720bec2bca,KO/TKO,1,1:54,5 Rnd (5-5-5-5-5),Tim Sylvia,Gan McGee
7253daded133e97c,Decision - Unanimous,3,5:00,3 Rnd (5-5-5),Nate Marquardt,Dean Lister
75926dd5b984aa06,Submission,2,1:20,3 Rnd (5-5-5),Renato Sobral,Chael Sonnen
df9aa51f6ccdfe02,Decision - Majority,3,5:00,3 Rnd (5-5-5),TIE,TIE
3404f9095676a556,KO/TKO,2,5:00,3 Rnd (5-5-5),Rich Franklin,Jason MacDonald
b0474597b2c60482,KO/TKO,1,1:34,3 Rnd (5-5-5),Ketlen Souza,Ariane Carnelossi
c5a8e0098d1024ce,Decision - Unanimous,3,5:00,3 Rnd (5-5-5),Diego Sanchez,Marcin Held
f466cd99d02644e9,KO/TKO,1,1:22,3 Rnd (5-5-5),Silvana Gomez Juarez,Liang Na
ffe4379d6bd1e82b,KO/TKO,2,1:43,3 Rnd (5-5-5),Tim Sylvia,Wesley Correira
eb6a55ee772dd722,Decision - Unanimous,3,5:00,3 Rnd (5-5-5),Claude Patrick,Daniel Roberts
1e9f081a84e7ec18,KO/TKO,1,0:37,3 Rnd (5-5-5),Ricky Glenn,Joaquim Silva
cfbeeffd65101ae1,Decision - Unanimous,3,5:00,3 Rnd (5-5-5),Pete Sell,Joshua Burkman
d764ef3e078c96c8,Decision - Split,3,5:00,3 Rnd (5-5-5),Renato Moicano,Jeremy Stephens
829146a45b3b236b,Decision - Unanimous,3,5:00,3 Rnd (5-5-5),Renato Verissimo,Carlos Newton
b6723b9c6ff4d594,KO/TKO,1,4:33,3 Rnd (5-5-5),Charles Johnson,Jimmy Flick
562d916f55918901,Decision - Unanimous,3,5:00,3 Rnd (5-5-5),Christian Leroy Duncan,Roman Dolidze
b776b08e2cc6aa0c,Decision - Split,3,5:00,3 Rnd (5-5-5),Maurice Greene,Jeff Hughes
47cabf79c3340581,Decision - Split,3,5:00,3 Rnd (5-5-5),Marcelo Guimaraes,Andy Enz
c4b0ef8f42eecbcc,KO/TKO,2,4:44,3 Rnd (5-5-5),Jeremy Stephens,Cole Miller
adf590055f922f5b,KO/TKO,1,3:22,3 Rnd (5-5-5),Dylan Andrews,Jimmy Quinlan
c5c5f678558a0ba2,KO/TKO,2,4:59,3 Rnd (5-5-5),Song Yadong,Felipe Arantes
d5e927306f5d859b,Decision - Unanimous,3,5:00,3 Rnd (5-5-5),Makhmud Muradov,Alessio Di Chirico
5a8f7afc5ea69537,KO/TKO,2,1:44,3 Rnd (5-5-5),Matheus Nicolau,Matt Schnell
e4acc3bb3c3e27d1,KO/TKO,1,2:25,1 Rnd + OT (12-3),Brian Johnston,Scott Fiedler
5464d7ccb4177464,Submission,1,1:45,3 Rnd (5-5-5),Kenny Robertson,Thiago Perpetuo
e6dd15ef9fd7927e,Decision - Unanimous,3,5:00,3 Rnd (5-5-5),Thiago Tavares,Manvel Gamburyan
244aa8f002274344,Decision - Unanimous,3,5:00,3 Rnd (5-5-5),Petr Yan,John Dodson
b3d88eaea611a4a8,Decision - Unanimous,3,5:00,3 Rnd (5-5-5),Jose Aldo,Jonathan Martinez
0c2a634606639d71,KO/TKO,2,2:28,3 Rnd (5-5-5),Patrick Cummins,Roger Narvaez
3dd22a9a0ea68cc6,KO/TKO,1,1:19,3 Rnd (5-5-5),Mike Perry,Alex Reyes
e69f9b4b9cae12a4,Decision - Unanimous,3,5:00,3 Rnd (5-5-5),Umar Nurmagomedov,Mario Bautista
7edf2fe3a8776a44,Decision - Split,3,5:00,3 Rnd (5-5-5),Brendson Ribeiro,Caio Machado
975159720cfd0103,Decision - Unanimous,3,5:00,3 Rnd (5-5-5),Alex Da Silva,Kazula Vargas
989b8d362742f40b,KO/TKO,3,2:21,3 Rnd (5-5-5),Irene Aldana,Macy Chiasson
2c9ddc75869894c5,Decision - Unanimous,3,5:00,3 Rnd (5-5-5),Chuck Liddell,Wanderlei Silva
73a83b2595416f0a,Decision - Split,3,5:00,3 Rnd (5-5-5),Sean Woodson,Youssef Zalal
204932945d332406,Decision - Unanimous,3,5:00,3 Rnd (5-5-5),Matt Hughes,Chris Lytle
9c24c03131d5b49a,KO/TKO,2,2:03,3 Rnd (5-5-5),Michael Johnson,Ottman Azaitar
0b2ae6c368369d1b,Decision - Unanimous,3,5:00,3 Rnd (5-5-5),Joanna Jedrzejczyk,Tecia Pennington
bed03663bc577f02,Decision - Unanimous,3,5:00,3 Rnd (5-5-5),Francisco Trinaldo,Jim Miller
37cb7ce0f0b70640,Decision - Unanimous,5,5:00,5 Rnd (5-5-5-5-5),Dave Menne,Gil Castillo
5c783d455daff573,Decision - Unanimous,3,5:00,3 Rnd (5-5-5),Shane Roller,John Alessio
979318b05efd1ea4,Submission,3,1:20,3 Rnd (5-5-5),Drew Fickett,Kurt Pellegrino
2c84f2cb1bb23ab8,Decision - Split,3,5:00,3 Rnd (5-5-5),Michael Trizano,Luis Pena
976f7f5e7537c62b,Decision - Unanimous,3,5:00,3 Rnd (5-5-5),Kurt Pellegrino,Thiago Tavares
3aa19b85fbf4114c,Submission,1,2:15,3 Rnd (5-5-5),Chris Lytle,Jason Gilliam
8f7a73d05387b159,KO/TKO,1,4:58,5 Rnd (5-5-5-5-5),Donald Cerrone,Yancy Medeiros
6fe21a4cb2d839fd,Decision - Unanimous,3,5:00,3 Rnd (5-5-5),Scott Holtzman,Darrell Horcher
3165b03ddc6d3b6e,KO/TKO,3,3:16,3 Rnd (5-5-5),Kevin Holland,Santiago Ponzinibbio
17f69a241aa952fd,KO/TKO,2,2:01,3 Rnd (5-5-5),Maycee Barber,Hannah Cifers
6f13fe34cb3ca906,Decision - Unanimous,3,5:00,3 Rnd (5-5-5),Waldo Cortes Acosta,Andrei Arlovski
9d7a798f0c20c04a,KO/TKO,1,1:26,3 Rnd (5-5-5),Joe Lauzon,Diego Sanchez
752f19e9c201ea57,Decision - Unanimous,3,5:00,3 Rnd (5-5-5),Sijara Eubanks,Roxanne Modafferi
539e0008bb634f1b,Submission,2,4:54,3 Rnd (5-5-5),Louis Gaudinot,John Lineker
e202f273220aa533,Decision - Unanimous,3,5:00,3 Rnd (5-5-5),Michael Johnson,Artem Lobov
0294253e4a5b4725,KO/TKO,3,2:18,3 Rnd (5-5-5),Colby Covington,Max Griffin
d08a7d4de3c760ec,Decision - Unanimous,3,5:00,3 Rnd (5-5-5),Sean Pierson,Jake Hecht
1521f94cafdfd783,KO/TKO,3,4:54,3 Rnd (5-5-5),Vicente Luque,Bryan Barberena
6d83de8d54f75ffc,KO/TKO,1,1:30,3 Rnd (5-5-5),Ivan Menjivar,Charlie Valencia
49b47b5b5f15c7c0,Decision - Unanimous,3,5:00,3 Rnd (5-5-5),Alexandre Pantoja,Brandon Moreno
20d732758337f0a5,KO/TKO,1,3:37,5 Rnd (5-5-5-5-5),Roy Nelson,Antonio Rodrigo Nogueira
afc021700481ac4e,KO/TKO,2,3:23,3 Rnd (5-5-5),Navajo Stirling,Ion Cutelaba
82f2afc6d7db44f3,KO/TKO,1,1:37,3 Rnd (5-5-5),Rory Markham,Brodie Farber
8fcdfee81cc604e3,Decision - Split,5,5:00,5 Rnd (5-5-5-5-5),Jon Jones,Thiago Santos
131732f248cd2829,Decision - Unanimous,3,5:00,3 Rnd (5-5-5),Clint Hester,Andy Enz
fc4e42a55ba285f6,Decision - Unanimous,3,5:00,3 Rnd (5-5-5),Josh Koscheck,Diego Sanchez
4915c8a588513c22,Decision - Unanimous,3,5:00,3 Rnd (5-5-5),Ketlen Souza,Marnic Mann
3bde8910fabf0dd3,Decision - Unanimous,3,5:00,3 Rnd (5-5-5),Ian Heinisch,Cezar Ferreira
84b3577229880760,Submission,1,3:19,3 Rnd (5-5-5),Court McGee,Tim Means
3e6067763978d862,KO/TKO,2,2:59,3 Rnd (5-5-5),Tabatha Ricci,Amanda Ribas
59695aae245cca73,KO/TKO,1,1:28,3 Rnd (5-5-5),Alonzo Menifield,Misha Cirkunov
17e8ab0065e9085f,Decision - Unanimous,3,5:00,3 Rnd (5-5-5),Caolan Loughran,Angel Pacheco
00b1e95f6aea7027,Decision - Split,3,5:00,3 Rnd (5-5-5),Jessica Eye,Katlyn Cerminara
39f746cee66e8771,TKO - Doctor's Stoppage,2,5:00,3 Rnd (5-5-5),Frankie Edgar,Yair Rodriguez
1ff89e2a9cc2f2d2,Decision - Unanimous,3,5:00,3 Rnd (5-5-5),Shayilan Nuerdanbieke,Sean Soriano
97817609ed46baa0,KO/TKO,3,4:45,3 Rnd (5-5-5),Neil Magny,Mike Malott
3e39aac3e15d75bd,Submission,1,2:39,1 Rnd (15),Marco Ruas,Keith Hackney
f35b859289fba80e,KO/TKO,1,4:15,3 Rnd (5-5-5),Clay Guida,Samy Schiavo
17b2d89ceb879a29,KO/TKO,2,4:03,3 Rnd (5-5-5),Hermes Franca,Spencer Fisher
82a5e1bba6b843be,KO/TKO,3,1:59,3 Rnd (5-5-5),Tom Murphy,Icho Larenas
1258b6f1cb5eed64,Submission,2,2:57,3 Rnd (5-5-5),Dennis Bermudez,Clay Guida
c66bd50ed1e75d2b,Submission,1,2:39,3 Rnd (5-5-5),Brandon Vera,Assuerio Silva
2cf065874bcc4144,Decision - Unanimous,3,5:00,3 Rnd (5-5-5),Demetrious Johnson,Ian McCall
4c54ca018e70ed04,KO/TKO,1,2:28,3 Rnd (5-5-5),Che Mills,Duane Ludwig
a7adbceeff234b61,KO/TKO,2,1:14,3 Rnd (5-5-5),Patrick Cote,Ben Saunders
46cfd4aaa02ce202,Submission,1,4:46,3 Rnd (5-5-5),Donald Cerrone,Mike Perry
a997593977ba8cad,Decision - Majority,3,5:00,3 Rnd (5-5-5),TIE,TIE
6ca856d1950d8f7f,Decision - Split,3,1:55,3 Rnd (5-5-5),Mandy Bohm,Ji Yeon Kim
de2069fea664c4b7,Decision - Unanimous,3,5:00,3 Rnd (5-5-5),Casey Kenney,Nathaniel Wood
6d47170d069df8bb,KO/TKO,2,0:47,3 Rnd (5-5-5),Magnus Cedenblad,Garreth McLellan
6c9bf1d285cf5dd4,Decision - Unanimous,3,5:00,3 Rnd (5-5-5),Alex White,Dan Moret
ffd3e3d37cba32da,Decision - Split,3,5:00,3 Rnd (5-5-5),Darren Elkins,Lucas Martins
9532ebf4d9405e65,Decision - Unanimous,3,5:00,3 Rnd (5-5-5),Curtis Blaydes,Justin Willis
9e1853861f58191f,Decision - Unanimous,3,5:00,3 Rnd (5-5-5),Alex Morono,Song Kenan
41222c4fab03d6f8,Decision - Unanimous,3,5:00,3 Rnd (5-5-5),Matt Serra,Ivan Menjivar
f9ab603b763998f7,KO/TKO,3,4:09,3 Rnd (5-5-5),Ricardo Lamas,Darren Elkins
839c8cd7b1a32c7c,Submission,2,0:47,3 Rnd (5-5-5),John Moraga,Justin Scoggins
dd0c8e9880c6fa24,Decision - Split,3,5:00,3 Rnd (5-5-5),Lauren Murphy,Barb Honchak
07e39fd5f4f23270,Decision - Split,3,5:00,3 Rnd (5-5-5),Trevin Giles,Preston Parsons
d3f9262901219944,KO/TKO,1,2:01,3 Rnd (5-5-5),John Makdessi,Renee Forte
e886e22d31bc96c1,Decision - Unanimous,3,5:00,3 Rnd (5-5-5),Peter Sobotta,Pawel Pawlak
e7225dcc3349ae57,Decision - Unanimous,3,5:00,3 Rnd (5-5-5),Mark Hominick,Jorge Gurgel
10ab34056720b6b4,Decision - Unanimous,3,5:00,3 Rnd (5-5-5),Aaron Pico,Patricio Pitbull
160c17b8fcb0e2a1,KO/TKO,1,3:55,3 Rnd (5-5-5),Joe Pyfer,Alen Amedovski
0e809b7e37681783,KO/TKO,2,4:07,3 Rnd (5-5-5),Ovince Saint Preux,Alonzo Menifield
657b7da9c89352fe,Decision - Unanimous,3,5:00,3 Rnd (5-5-5),Alex Morono,Mickey Gall
e1f9390c465a2988,Submission,1,1:41,3 Rnd (5-5-5),Jason High,James Head
c69c5830064fd591,Submission,3,2:28,3 Rnd (5-5-5),Olivier Aubin-Mercier,Thibault Gouti
97125cd6a94b6394,KO/TKO,1,0:22,3 Rnd (5-5-5),Julia Avila,Gina Mazany
4011cdf1f182804c,Decision - Majority,3,5:00,3 Rnd (5-5-5),Karol Rosa,Lina Lansberg
a2f4acc81f7886a2,Decision - Unanimous,3,5:00,3 Rnd (5-5-5),Molly McCann,Priscila Cachoeira
d37660fceaa8125a,Submission,2,1:39,3 Rnd (5-5-5),Francis Carmont,Karlos Vemola
26202a4bd36d3fd2,Decision - Unanimous,3,5:00,3 Rnd (5-5-5),Merab Dvalishvili,Cody Stamann
39e6cba2480c6d82,Decision - Unanimous,5,5:00,5 Rnd (5-5-5-5-5),Rafael Dos Anjos,Anthony Pettis
b2867869d4eb98ce,Decision - Unanimous,3,5:00,3 Rnd (5-5-5),Matt Hobar,Aaron Phillips
65290fc5216c2a73,Decision - Unanimous,3,5:00,3 Rnd (5-5-5),Nik Lentz,Andre Winner
bbc8e8a69e9bd106,KO/TKO,2,4:57,3 Rnd (5-5-5),Ben Rothwell,Stefan Struve
ca5b6d6a26891f4b,KO/TKO,1,4:33,3 Rnd (5-5-5),Mirko Filipovic,Eddie Sanchez
4eae10815ebe78e3,KO/TKO,1,0:38,3 Rnd (5-5-5),Cody Gibson,Johnny Bedford
f24db9d7c3636a2a,Decision - Unanimous,3,5:00,3 Rnd (5-5-5),Chris Lytle,Paul Taylor
f27e8d63f526d326,KO/TKO,1,3:39,3 Rnd (5-5-5),Ed Herman,Patrick Cummins
e0f49380b9d31de0,Decision - Unanimous,3,5:00,3 Rnd (5-5-5),Marion Reneau,Alexis Dufresne
31362d9ea15127b2,Submission,3,2:44,3 Rnd (5-5-5),Demian Maia,Jason MacDonald
a072ec605bebe5a8,Submission,2,2:10,3 Rnd (5-5-5),Chris Holdsworth,Davey Grant
5e1370a92ce8abb0,Decision - Split,3,5:00,3 Rnd (5-5-5),Joseph Benavidez,Henry Cejudo
f1afa75c8d492550,KO/TKO,2,3:40,3 Rnd (5-5-5),Jack Marshman,Magnus Cedenblad
4bf3010fdeea9d93,Submission,3,2:00,3 Rnd (5-5-5),Dustin Poirier,Michael Chandler
64641156360b1b81,Decision - Unanimous,3,5:00,3 Rnd (5-5-5),Tom Nolan,Viacheslav Borshchev
f682118709b4143e,KO/TKO,1,4:48,3 Rnd (5-5-5),Chidi Njokuani,Dusko Todorovic
0b47788da6de735e,Submission,2,1:46,3 Rnd (5-5-5),Alexandre Pantoja,Brandon Royval
8ead66bc1678519b,Submission,2,1:59,3 Rnd (5-5-5),George Sotiropoulos,George Roop
0f641756e99605ad,Decision - Unanimous,3,5:00,3 Rnd (5-5-5),Seo Hee Ham,Cortney Casey
60e1b3ac3182f5b3,Submission,1,3:43,3 Rnd (5-5-5),Amanda Lemos,Miranda Granger
ab7934f39038ab27,Submission,2,1:48,3 Rnd (5-5-5),Claude Patrick,Ricardo Funch
46c050a827ee83d6,KO/TKO,2,4:25,3 Rnd (5-5-5),Drew Dober,Alexander Hernandez
d4e98b827e3d6918,Decision - Split,3,5:00,3 Rnd (5-5-5),Beneil Dariush,Michael Johnson
86892d114b204bf3,Decision - Unanimous,3,5:00,3 Rnd (5-5-5),Jack Marshman,Ryan Janes
2f9b9ef5f6833aa1,KO/TKO,1,0:26,3 Rnd (5-5-5),Humberto Bandenay,Martin Bravo
419d1e29668b57fb,KO/TKO,2,3:00,3 Rnd (5-5-5),Manon Fiorot,Tabatha Ricci
9232fed045b1f4f9,Decision - Unanimous,3,5:00,3 Rnd + OT (5-5-5-5),Cezar Ferreira,Sergio Moraes
8b52a32f3644f493,Decision - Unanimous,3,5:00,3 Rnd (5-5-5),Edson Barboza,Anthony Pettis
90557b479ce1c2a7,Submission,1,1:36,1 Rnd + OT (12-3),Enson Inoue,Royce Alger
ed9f8f702585ed44,KO/TKO,3,4:22,3 Rnd (5-5-5),Ian Machado Garry,Song Kenan
cd03bff050e53625,Submission,3,4:25,3 Rnd (5-5-5),King Green,Jacob Volkmann
f6472ca263a863d1,Decision - Unanimous,3,5:00,3 Rnd (5-5-5),Don'Tale Mayes,Roque Martinez
753735b48b1c20b9,Decision - Unanimous,3,5:00,3 Rnd (5-5-5),Taylor Lapilus,Cody Stamann
efc865fce64b5848,KO/TKO,3,1:45,3 Rnd (5-5-5),Pedro Rizzo,Andrei Arlovski
82e713f037e37fe9,Decision - Unanimous,3,5:00,3 Rnd (5-5-5),Santiago Ponzinibbio,Sean Strickland
8f5d5dd10a167cc0,Decision - Unanimous,3,5:00,3 Rnd (5-5-5),Ricardo Ramos,Journey Newson
3dd55cca2358a511,Submission,2,2:34,3 Rnd (5-5-5),Johnny Case,Kazuki Tokudome
0c299ce3719d9ea2,Submission,1,3:12,3 Rnd (5-5-5),Christos Giagos,Jorge de Oliveira
ac0a63ad13897564,TKO - Doctor's Stoppage,3,5:00,5 Rnd (5-5-5-5-5),Jorge Masvidal,Nate Diaz
970f083af8368f57,KO/TKO,1,0:21,3 Rnd (5-5-5),Aoriqileng,Cody Gibson
cd6070783f11619b,Submission,3,1:42,3 Rnd (5-5-5),Nick Diaz,Josh Neer
5357dab4d331eb18,Decision - Split,3,5:00,3 Rnd (5-5-5),Charles Rosa,Justin Jaynes
390694c179f05c7f,KO/TKO,1,0:46,3 Rnd (5-5-5),Jamie Mullarkey,Khama Worthy
ee85a66d86490f83,Decision - Unanimous,3,5:00,3 Rnd (5-5-5),Ian Loveland,Tyler Toner
a8bab8884249f634,Decision - Unanimous,3,5:00,3 Rnd (5-5-5),Jorge Gurgel,Diego Saraiva
30ebe705eac7b121,Decision - Unanimous,3,5:00,3 Rnd (5-5-5),Matthew Riddle,John Maguire
dd7920cac66bed25,Decision - Unanimous,3,5:00,3 Rnd (5-5-5),Ben Rothwell,Gilbert Yvel
bb1ac382e0277b3f,KO/TKO,1,4:45,3 Rnd (5-5-5),Bruno Silva,Wellington Turman
37cdf5bd5c975a5d,Decision - Split,3,5:00,3 Rnd (5-5-5),Syuri Kondo,Chan-Mi Jeon
90a83875e1d11238,Decision - Majority,3,5:00,3 Rnd (5-5-5),Justin Gaethje,Rafael Fiziev
2c330a6f7f1e55f0,Decision - Unanimous,3,5:00,3 Rnd (5-5-5),Vitor Petrino,Steven Asplund
ea29714dcfb07ce2,Decision - Split,3,5:00,3 Rnd (5-5-5),Ariane da Silva,Melissa Gatto
4e87af7e5156bbf7,KO/TKO,2,2:32,3 Rnd (5-5-5),Ricardo Lamas,Erik Koch
d2246624da1c4e38,Decision - Unanimous,3,5:00,3 Rnd (5-5-5),Forrest Griffin,Rich Franklin
57dca2ebe96ed622,Decision - Unanimous,3,5:00,3 Rnd (5-5-5),Rashad Evans,Thiago Silva
1bc4996fa543a91a,Decision - Unanimous,3,5:00,3 Rnd (5-5-5),Georges St-Pierre,Karo Parisyan
275c22a93bdd84d8,KO/TKO,1,3:01,3 Rnd (5-5-5),Alessio Sakara,James Irvin
3c683da1924b6c44,Decision - Unanimous,3,5:00,3 Rnd (5-5-5),Brunno Ferreira,Marvin Vettori
894c44c3d04aaf6f,Decision - Unanimous,5,5:00,5 Rnd (5-5-5-5-5),Sean O'Malley,Marlon Vera
52f87252af59e23b,KO/TKO,1,0:55,3 Rnd (5-5-5),Sergei Pavlovich,Derrick Lewis
31cb98ce37fd87dd,Decision - Unanimous,3,5:00,3 Rnd (5-5-5),Johnny Munoz,Liudvik Sholinian
465707233fa9cf7c,Decision - Unanimous,3,5:00,3 Rnd (5-5-5),Ryan LaFlare,Mike Pierce
fcd8e8ec45eb6b9f,Submission,1,5:08,No Time Limit,Royce Gracie,Minoki Ichihara
c33257dd0605c7de,KO/TKO,2,1:02,3 Rnd (5-5-5),Kennedy Nzechukwu,Ion Cutelaba
e30780438191654f,TKO - Doctor's Stoppage,1,5:00,3 Rnd (5-5-5),David Loiseau,Gideon Ray
f93b074dfd47b4b4,Decision - Split,3,5:00,3 Rnd (5-5-5),Serhiy Sidey,Garrett Armfield
ef13ed466e0b42d8,KO/TKO,3,1:18,3 Rnd (5-5-5),Danny Barlow,Josh Quinlan
9ef858837dfc65eb,KO/TKO,1,0:28,3 Rnd (5-5-5),Cory Sandhagen,Frankie Edgar
aef44145740741b3,KO/TKO,1,2:24,3 Rnd (5-5-5),Joselyne Edwards,Priscila Cachoeira
0a444f30cae13d8f,Decision - Unanimous,3,5:00,3 Rnd (5-5-5),Gabriel Benitez,Jason Knight
e9ce3a28eeb83905,Submission,1,0:31,1 Rnd (20),Scott Bessac,David Hood
b4bbc1b7efa770f5,Submission,1,2:02,3 Rnd (5-5-5),Joanderson Brito,Lucas Alexander
bd97a96ac8203457,KO/TKO,1,2:28,3 Rnd (5-5-5),Dan Hooker,Gilbert Burns
b616ec23516b7244,Decision - Split,3,5:00,3 Rnd (5-5-5),Anton Kuivanen,Mitch Clarke
037c68d03c970609,Decision - Unanimous,3,5:00,3 Rnd (5-5-5),Angela Hill,Maryna Moroz
81b84b34f0357fa5,Submission,2,4:55,5 Rnd (5-5-5-5-5),Kayla Harrison,Julianna Pena
3b1461ff02a3f98e,Decision - Unanimous,3,5:00,3 Rnd (5-5-5),Brad Tavares,Dongi Yang
25c4013fc187762a,Submission,3,3:17,3 Rnd (5-5-5),Gavin Tucker,SeungWoo Choi
e89db3b111f92587,Decision - Unanimous,3,5:00,3 Rnd (5-5-5),Thiago Tavares,Naoyuki Kotani
23861a2085ea34a3,Decision - Unanimous,3,5:00,3 Rnd (5-5-5),Takanori Gomi,Isaac Vallie-Flagg
256c9a39386f94a9,KO/TKO,2,4:25,3 Rnd (5-5-5),Rich Attonito,Jamie Yager
0197a61472fc351d,Decision - Unanimous,3,5:00,3 Rnd (5-5-5),Christian Rodriguez,Cameron Saaiman
ae3ab5d1892153ef,Decision - Unanimous,3,5:00,3 Rnd (5-5-5),Chad Mendes,Michihiro Omigawa
6c1fa30e1dd38c0b,Decision - Split,3,5:00,3 Rnd (5-5-5),Robbie Lawler,Rory MacDonald
ba27835ff05df0c9,KO/TKO,1,1:30,3 Rnd (5-5-5),Dong Hyun Ma,Takanori Gomi
bf8164367980fcd3,Decision - Unanimous,3,5:00,3 Rnd (5-5-5),Dan Hardy,Mike Swick
5e1b0e52d2bb1b5c,Decision - Unanimous,3,5:00,3 Rnd (5-5-5),Mike van Arsdale,John Marsh
fd05ac3ac2f7d042,KO/TKO,1,3:29,3 Rnd (5-5-5),Paulo Thiago,Josh Koscheck
95233ca23cdb02e6,Submission,3,2:38,3 Rnd (5-5-5),Michelle Waterson-Gomez,Angela Magana
0e2c7ec02a095813,Submission,1,0:42,3 Rnd (5-5-5),Julija Stoliarenko,Jessica-Rose Clark
d1a93a55c8063ff3,Submission,1,4:00,3 Rnd (5-5-5),Wu Yanan,Lauren Mueller
8bede5047e97d602,Decision - Unanimous,3,5:00,3 Rnd (5-5-5),Neil Magny,Anthony Rocco Martin
528c208293bdef13,Decision - Unanimous,3,5:00,3 Rnd (5-5-5),Jonathan Pearce,Christian Rodriguez
8c540eb4afe8c43e,Submission,2,3:52,3 Rnd (5-5-5),Jean Silva,Bryce Mitchell
69167b996ce7a7e4,Decision - Unanimous,3,5:00,3 Rnd (5-5-5),Jessica-Rose Clark,Joselyne Edwards
ff5a8078ea85bbc7,Decision - Unanimous,3,5:00,3 Rnd (5-5-5),Lukasz Brzeski,Valter Walker
38e3986b7cfff608,KO/TKO,1,4:41,3 Rnd (5-5-5),Jeremy Horn,Daiju Takase
0e16795e385e76a7,KO/TKO,1,0:52,1 Rnd + 2OT (15-3-3),Vitor Belfort,David Abbott
181c3312f14de5a8,Decision - Unanimous,3,5:00,3 Rnd (5-5-5),Bill Algeo,Spike Carlyle
2e43a2f6e9336e2b,Decision - Unanimous,3,5:00,3 Rnd (5-5-5),Tim Sylvia,Brandon Vera
4ffbadfb86284af5,Decision - Unanimous,3,5:00,3 Rnd (5-5-5),Michael Trizano,Ludovit Klein
27bfb9205119f23b,Decision - Split,3,5:00,3 Rnd (5-5-5),Claudia Gadelha,Angela Hill
918c2efc59c1952e,Submission,3,2:53,3 Rnd (5-5-5),Brett Johns,Tony Gravely
fd230ba169b3f2b6,KO/TKO,1,4:24,3 Rnd (5-5-5),Lavar Johnson,Joey Beltran
57622ac93e8d8900,KO/TKO,1,4:01,3 Rnd (5-5-5),Scott Jorgensen,Ken Stone
0f6dd5d9a96ceb9d,KO/TKO,4,3:37,5 Rnd (5-5-5-5-5),Matt Hughes,Carlos Newton
20b70a226f1c13fb,Decision - Unanimous,3,5:00,3 Rnd (5-5-5),Valerie Letourneau,Maryna Moroz
e7833d5728f3ebef,KO/TKO,4,3:01,5 Rnd (5-5-5-5-5),Matt Hughes,Hayato Sakurai
cfa0dbc7534f3545,KO/TKO,1,2:24,3 Rnd (5-5-5),Daniel Rodriguez,Dwight Grant
d1368ca941c1fefc,Decision - Split,3,5:00,3 Rnd (5-5-5),Torrez Finney,Robert Valentin
3e1bd51261cb61df,Decision - Unanimous,3,5:00,3 Rnd (5-5-5),Krzysztof Jotko,Thales Leites
8a8400c6c42df59a,KO/TKO,2,4:15,3 Rnd (5-5-5),Antoni Hardonk,Eddie Sanchez
e9256316716499b8,Submission,3,3:03,3 Rnd (5-5-5),Muhammad Mokaev,Tim Elliott
0f73ee9121ec7539,KO/TKO,2,3:49,3 Rnd (5-5-5),Tim Boetsch,Josh Samman
24411c5356903d11,Decision - Unanimous,3,5:00,3 Rnd (5-5-5),Amanda Cooper,Anna Elmose
2556b7520536ce1d,KO/TKO,2,3:33,5 Rnd (5-5-5-5-5),Israel Adesanya,Robert Whittaker
458e6de1b9ef3500,KO/TKO,3,2:35,3 Rnd (5-5-5),Gerald Harris,David Branch
c6fc43c351b08bda,Submission,2,3:27,3 Rnd (5-5-5),Maryna Moroz,Mariya Agapova
0b89c88d506da083,Decision - Unanimous,3,5:00,3 Rnd (5-5-5),Jose Quinonez,Diego Rivas
16bd47ba50891833,KO/TKO,2,4:04,3 Rnd (5-5-5),CJ Vergara,Daniel Lacerda
8151421edf24a821,KO/TKO,1,4:33,5 Rnd (5-5-5-5-5),Jon Jones,Chael Sonnen
7c7177a028d55964,Submission,1,3:23,3 Rnd (5-5-5),Wilson Gouveia,Wes Combs
18c67631b76c18e5,Decision - Unanimous,3,5:00,3 Rnd (5-5-5),Angela Hill,Ashley Yoder
00a94d5fc7ce55cf,Submission,1,4:15,3 Rnd (5-5-5),Mike Malott,Yohan Lainesse
0599f35e6679de02,Decision - Unanimous,3,5:00,3 Rnd (5-5-5),Darren Elkins,Daniel Pineda
a760d0f5de2e1aaa,KO/TKO,3,3:26,3 Rnd (5-5-5),Don'Tale Mayes,Josh Parisian
426e7a3de68117b0,Decision - Unanimous,3,5:00,3 Rnd (5-5-5),Michael Page,Shara Magomedov
ed64e42263bf50bf,Decision - Split,3,5:00,3 Rnd + OT (5-5-5-5),Ricky Turcios,Brady Hiestand
a6a4be467d12ea5c,Decision - Unanimous,3,5:00,3 Rnd (5-5-5),Chuck Liddell,Murilo Bustamante
e54fe354981fe3e7,KO/TKO,2,0:30,3 Rnd (5-5-5),Mirsad Bektic,Lucas Martins
e38d7761a92e1bf9,KO/TKO,3,1:02,5 Rnd (5-5-5-5-5),Dong Hyun Kim,John Hathaway
f990e8b2a08053db,Decision - Majority,3,5:00,3 Rnd (5-5-5),Josh Stansbury,Cory Hendricks
1d35e4c0941d1397,KO/TKO,2,2:18,3 Rnd (5-5-5),Daniel Marcos,Saimon Oliveira
1cf69de0eea46877,KO/TKO,1,0:49,3 Rnd (5-5-5),Jamall Emmers,Dennis Buzukja
c795c4b7beb89bee,KO/TKO,1,2:42,3 Rnd (5-5-5),John Salter,Jason MacDonald
3542c5c5c5180090,Submission,2,0:20,3 Rnd (5-5-5),Nate Diaz,Manvel Gamburyan
ded18af0e4eae2f7,Decision - Unanimous,3,5:00,3 Rnd (5-5-5),Khabib Nurmagomedov,Gleison Tibau
5d1f24e034772338,Submission,1,3:21,3 Rnd (5-5-5),Glover Teixeira,Karl Roberson
01aa5949ac6851f3,Decision - Unanimous,3,5:00,3 Rnd (5-5-5),Norma Dumont,Karol Rosa
605c2ad801f594b3,Decision - Unanimous,3,5:00,3 Rnd (5-5-5),Rustam Khabilov,Desmond Green
fd1854062406d287,Submission,2,2:37,3 Rnd (5-5-5),Montana De La Rosa,Nadia Kassem
1fc065e1d3243594,Decision - Unanimous,3,5:00,3 Rnd (5-5-5),Mac Danzig,Justin Buchholz
9027e156c6f1988a,Decision - Unanimous,3,5:00,3 Rnd (5-5-5),Denzel Freeman,Marek Bujlo
ba8f219260e212f8,KO/TKO,3,0:49,3 Rnd (5-5-5),Loik Radzhabov,Abdul-Kareem Al-Selwady
3ce634d03af7e14c,KO/TKO,2,3:40,3 Rnd (5-5-5),Brian Kelleher,Hunter Azure
72d69e969eda8679,Decision - Split,3,5:00,3 Rnd (5-5-5),Evan Dunham,Tyson Griffin
029a12d36a4687e1,Submission,1,3:05,3 Rnd (5-5-5),Thiago Moises,Christos Giagos
ae0fdb792308b0f8,Submission,1,1:35,3 Rnd (5-5-5),Daniel Pineda,Justin Lawrence
c27e33ee8ef53866,KO/TKO,2,1:00,5 Rnd (5-5-5-5-5),Justin Gaethje,Dustin Poirier
41cdfea7df63003f,Decision - Unanimous,3,5:00,3 Rnd (5-5-5),Zubaira Tukhugov,Ricardo Ramos
6f836a82a0530884,Decision - Split,3,5:00,3 Rnd (5-5-5),Drakkar Klose,Marc Diakiese
0c37ff69a00c0e74,Decision - Unanimous,3,5:00,3 Rnd (5-5-5),Melvin Guillard,Fabricio Camoes
b90eded8d6b65e8f,Decision - Unanimous,3,5:00,3 Rnd (5-5-5),Cody Pfister,Yosdenis Cedeno
fdb9d29cf0edc16a,Submission,1,4:07,3 Rnd (5-5-5),Christian Rodriguez,Joshua Weems
78c3ca588e55bf31,Decision - Split,3,5:00,3 Rnd (5-5-5),Kevin Holland,Darren Stewart
2059fd17f2ff4e4a,DQ,3,1:30,3 Rnd (5-5-5),Matthew Riddle,Greg Soto
dbc72a4092a0b296,KO/TKO,1,0:48,3 Rnd (5-5-5),Cody Garbrandt,Takeya Mizugaki
2d050cb1f7d8789a,Submission,1,1:29,3 Rnd (5-5-5),Ovince Saint Preux,Nikita Krylov
e294a1e5723011db,Decision - Unanimous,3,5:00,3 Rnd (5-5-5),Tagir Ulanbekov,Clayton Carpenter
e2f4cd4a9a579488,KO/TKO,1,0:23,3 Rnd (5-5-5),Jim Miller,Jesse Butler
47e49e04e32be7e9,KO/TKO,1,1:04,3 Rnd (5-5-5),Da Woon Jung,Mike Rodriguez
f8b32aeb9b628d89,Decision - Unanimous,3,5:00,3 Rnd (5-5-5),Ali Bagautinov,Geane Herrera
e8307c7686c42d8c,KO/TKO,1,1:22,3 Rnd (5-5-5),Waldo Cortes Acosta,Shamil Gaziev
1535fb6549fa8bab,Submission,3,2:05,3 Rnd (5-5-5),Grant Dawson,Mark Madsen
8c34e1e0d842618d,Decision - Unanimous,3,5:00,3 Rnd (5-5-5),Karol Rosa,Joselyne Edwards
031647c36d12788f,Decision - Unanimous,3,5:00,3 Rnd (5-5-5),Desmond Green,Charles Jourdain
4047e98132306cd5,Decision - Unanimous,5,5:00,5 Rnd (5-5-5-5-5),Alexander Volkanovski,Max Holloway
7f663d67422c1b24,Decision - Unanimous,3,5:00,3 Rnd (5-5-5),TJ Dillashaw,John Lineker
37c732554828dcc3,DQ,1,1:45,3 Rnd (5-5-5),Abel Trujillo,Gleison Tibau
ad26bf55ff201f4f,KO/TKO,1,3:38,3 Rnd (5-5-5),Bogdan Guskov,Zac Pauga
bd0497a410822291,Submission,3,0:25,3 Rnd (5-5-5),Warlley Alves,Marcio Alexandre Junior
5a09fd7cb3db9705,Decision - Split,5,5:00,5 Rnd (5-5-5-5-5),Robert Whittaker,Yoel Romero
59d456f0da1159cf,Decision - Split,3,5:00,3 Rnd (5-5-5),Michael Bisping,Matt Hamill
3b83ec99accfd271,KO/TKO,1,1:13,5 Rnd (5-5-5-5-5),Frank Mir,Todd Duffee
2771872dd02e5d19,Decision - Split,3,5:00,3 Rnd (5-5-5),Seth Baczynski,Lance Benoist
2443d8aa86f0070d,KO/TKO,1,3:00,3 Rnd (5-5-5),Adlan Amagov,TJ Waldburger
db51d17ea03da745,Submission,2,4:09,5 Rnd (5-5-5-5-5),Nate Diaz,Jim Miller
4ea4d0a73a90bfb0,Decision - Split,3,5:00,3 Rnd (5-5-5),Loma Lookboonmee,Aleksandra Albu
b2218930b982d9b6,Decision - Unanimous,3,5:00,3 Rnd (5-5-5),Ian Machado Garry,Belal Muhammad
60030b35e276d338,Decision - Unanimous,3,5:00,3 Rnd (5-5-5),Corey Anderson,Justin Jones
546f971f9d8e0a33,Submission,2,2:14,3 Rnd (5-5-5),Bia Mesquita,Irina Alekseeva
8762b96aaefb03af,Decision - Unanimous,3,5:00,3 Rnd (5-5-5),Gil Castillo,Chris Brennan
dbab923a090fe93f,Decision - Split,3,5:00,3 Rnd (5-5-5),Germaine de Randamie,Julie Kedzie
23c7c6ceee34585f,Decision - Unanimous,3,5:00,3 Rnd (5-5-5),Damir Hadzovic,Yancy Medeiros
1a191251620a84ca,KO/TKO,3,1:09,3 Rnd (5-5-5),Roman Kopylov,Alessio Di Chirico
093ca77f7f7219f6,Decision - Split,3,5:00,3 Rnd (5-5-5),Phillipe Nover,Yui Chul Nam
3df422ea531e16c6,KO/TKO,2,0:24,3 Rnd (5-5-5),Gabriel Gonzaga,Fabiano Scherner
88b225f6f1fa5c59,KO/TKO,1,1:53,5 Rnd (5-5-5-5-5),Quinton Jackson,Chuck Liddell
fcb225f454ebf1a1,Decision - Unanimous,3,5:00,3 Rnd (5-5-5),Bojan Velickovic,Alessio Di Chirico
8e41d022b55277ae,Submission,2,3:43,3 Rnd (5-5-5),Michael McDonald,Brad Pickett
22911cbd32370f6c,Submission,2,1:29,3 Rnd (5-5-5),Bob Cook,Tiki Ghosn
3ac61bcb406e1a0c,KO/TKO,1,0:26,3 Rnd (5-5-5),Ode Osbourne,Jerome Rivera
71b81d8199a0fa19,Decision - Unanimous,3,5:00,3 Rnd (5-5-5),Arnold Allen,Sodiq Yusuff
3e0090669d51415f,KO/TKO,2,1:01,3 Rnd (5-5-5),Cory Sandhagen,Iuri Alcantara
19df0d0cb1269fa7,KO/TKO,1,4:27,5 Rnd (5-5-5-5-5),Stipe Miocic,Alistair Overeem
9555d8941df4a998,Decision - Unanimous,3,5:00,3 Rnd (5-5-5),Justine Kish,Ashley Yoder
6c1b38dd918793ff,KO/TKO,2,0:18,3 Rnd (5-5-5),Joaquin Buckley,Jordan Wright
d755a29a49c9ee09,Decision - Unanimous,3,5:00,3 Rnd (5-5-5),Song Yadong,Vince Morales
ad59e2de1ab5c8d2,KO/TKO,1,4:15,3 Rnd (5-5-5),Chelsea Chandler,Julija Stoliarenko
202c47db69768356,KO/TKO,2,3:46,3 Rnd (5-5-5),Alexander Hernandez,Diego Ferreira
8422c70a72eb9291,KO/TKO,2,1:40,5 Rnd (5-5-5-5-5),Martin Kampmann,Jake Ellenberger
e7423a91a253b416,Submission,2,4:13,3 Rnd (5-5-5),Alejandro Perez,Johnny Eduardo
23124e6f3e7aa37d,Decision - Split,3,5:00,3 Rnd (5-5-5),King Green,Josh Thomson
343b016754852c36,KO/TKO,3,4:03,3 Rnd (5-5-5),Yushin Okami,Rory Singer
9cb967c62498ff02,Decision - Unanimous,3,5:00,3 Rnd (5-5-5),Travis Browne,Rob Broughton
17616514e8fdacb9,Submission,1,3:18,3 Rnd (5-5-5),Polyana Viana,Mallory Martin
db7694f4513120d5,Submission,1,4:24,3 Rnd (5-5-5),Ion Cutelaba,Oumar Sy
a815dafc89adf33b,KO/TKO,3,0:26,3 Rnd (5-5-5),Vitor Petrino,Thomas Petersen
3b1438e9ec64990e,Decision - Unanimous,3,5:00,3 Rnd (5-5-5),Asu Almabayev,Jose Johnson
9c74c2758a2c7c2e,Submission,1,5:32,No Time Limit,Royce Gracie,Keith Hackney
87c8e086c29ae543,Decision - Unanimous,3,5:00,3 Rnd (5-5-5),Khaos Williams,Matthew Semelsberger
33a93002fef6c89d,KO/TKO,1,3:18,3 Rnd (5-5-5),Michael McDonald,Miguel Torres
0f20c1d7c44fa5fe,Decision - Unanimous,3,5:00,3 Rnd (5-5-5),Raul Rosas Jr.,Vince Morales
340a08b1f3d1dd36,Submission,1,2:14,3 Rnd (5-5-5),Stephan Bonnar,Mike Nickels
3d35eb2d46bf74de,Decision - Unanimous,3,5:00,3 Rnd (5-5-5),Michel Pereira,Khaos Williams
a95b03e9b5a91e47,Decision - Unanimous,3,5:00,3 Rnd (5-5-5),Michael Johnson,Daniel Zellhuber
c9cef59a5de32219,Decision - Unanimous,3,5:00,3 Rnd (5-5-5),Cody Gibson,Chad Anheliger
bf8f747e57d6d1c7,Submission,3,2:32,3 Rnd (5-5-5),Rani Yahya,Russell Doane
897d9e21c59d0633,KO/TKO,2,4:25,3 Rnd (5-5-5),Phil Hawes,Deron Winn
e61cb905f6152183,Submission,2,4:27,3 Rnd (5-5-5),Brunno Ferreira,Armen Petrosyan
5a3fcd3d3a1e1c38,KO/TKO,4,2:46,5 Rnd (5-5-5-5-5),Chuck Liddell,Jeremy Horn
593f3b051aa82b0f,Decision - Split,3,5:00,3 Rnd (5-5-5),Aleksei Oleinik,Fabricio Werdum
a7cc5dc1a5c1e643,KO/TKO,2,2:55,3 Rnd (5-5-5),Mike Pierce,David Mitchell
29df50b2ea446361,KO/TKO,3,2:33,3 Rnd (5-5-5),Douglas Silva de Andrade,Henry Briones
9c3fb95a1558b38d,Decision - Unanimous,3,5:00,3 Rnd (5-5-5),Sean Woodson,Kyle Bochniak
fb34734f84d0a14d,Decision - Unanimous,3,5:00,3 Rnd (5-5-5),Yana Santos,Marion Reneau
4e6218b6b892b017,Decision - Split,3,5:00,3 Rnd (5-5-5),Damir Ismagulov,Guram Kutateladze
ab4a91a59c01d6b6,Submission,1,2:30,3 Rnd (5-5-5),Edgar Chairez,CJ Vergara
5b97f47cdd355cbe,Decision - Unanimous,3,5:00,3 Rnd (5-5-5),Jordan Leavitt,Yadier del Valle
0ce63c2148e70b4c,Decision - Unanimous,3,5:00,3 Rnd (5-5-5),Erin Blanchfield,Sarah Alpar
7013a95ea4014606,Submission,1,4:37,5 Rnd (5-5-5-5-5),Kevin Lee,Michael Chiesa
405cbbcaa79db24b,KO/TKO,2,2:31,3 Rnd (5-5-5),Matt Brown,Mike Swick
221928c8441779e4,Submission,1,2:58,3 Rnd (5-5-5),Ed Herman,Chris Price
83955de599b2d874,Decision - Unanimous,3,5:00,3 Rnd (5-5-5),Bryce Mitchell,Andre Fili
54c5284c1b792912,KO/TKO,3,2:02,3 Rnd (5-5-5),Yancy Medeiros,Alex Oliveira
0ac5fc42ba039211,Decision - Split,3,5:00,3 Rnd (5-5-5),Elves Brener,Zubaira Tukhugov
e5ac7343b6d45188,Decision - Unanimous,3,5:00,3 Rnd (5-5-5),CJ Vergara,Vinicius Salvador
2cab927474cb6e62,KO/TKO,2,2:06,3 Rnd (5-5-5),Alexander Volkanovski,Yusuke Kasuya
972e17c1b98fca06,KO/TKO,1,0:54,3 Rnd (5-5-5),Sergei Pavlovich,Tai Tuivasa
7ca5604d99220e88,Decision - Unanimous,3,5:00,3 Rnd (5-5-5),David Onama,Jonathan Pearce
582d66ce97309e29,Decision - Unanimous,3,5:00,3 Rnd (5-5-5),Shara Magomedov,Marc-Andre Barriault
d19e010f071a4b45,KO/TKO,3,1:18,3 Rnd (5-5-5),Azamat Murzakanov,Devin Clark
ce5ebaf8caf8c4a7,Submission,3,1:53,3 Rnd (5-5-5),Anthony Hernandez,Marc-Andre Barriault
98cc8f5dd64895c4,TKO - Doctor's Stoppage,4,3:25,5 Rnd (5-5-5-5-5),Rich Franklin,Evan Tanner
3c3a9c1ec0604fc2,Decision - Split,5,5:00,5 Rnd (5-5-5-5-5),TIE,TIE
5550e3d9ff8b965c,Decision - Unanimous,3,5:00,3 Rnd (5-5-5),Robbie Lawler,Aaron Riley
a8dc7400f270a144,Submission,1,1:05,3 Rnd (5-5-5),Stefan Struve,Lavar Johnson
8d9458121f0c4b95,Submission,3,2:50,3 Rnd (5-5-5),Stephanie Luciano,Ravena Oliveira
c53cb796b4a4cdb8,Decision - Unanimous,3,5:00,3 Rnd (5-5-5),Daniel Teymur,Sung Bin Jo
80551dceed42e7ab,KO/TKO,2,4:59,3 Rnd (5-5-5),Guangyou Ning,Royston Wee
a60ba933a7ea898e,KO/TKO,1,2:59,3 Rnd (5-5-5),Matt Mitrione,Tim Hague
b22dbe21c21060b9,Decision - Unanimous,3,5:00,3 Rnd (5-5-5),Chris Gruetzemacher,Abner Lloveras
f9345fa82bf43847,Submission,1,2:11,3 Rnd (5-5-5),Irina Alekseeva,Stephanie Egger
e25875165648162b,KO/TKO,2,2:23,3 Rnd (5-5-5),Chris Barnett,Gian Villante
cb4dd24535ef2d94,TKO - Doctor's Stoppage,1,2:56,3 Rnd (5-5-5),Rogerio Bontorin,Raulian Paiva
16cb0064575e2b0b,Decision - Unanimous,1,10:00,1 Rnd (10),Paul Varelans,Joe Moreira
d1d33be012417f75,TKO - Doctor's Stoppage,1,2:14,3 Rnd (5-5-5),Wesley Correira,David Abbott
e65da830a1928fe6,KO/TKO,1,2:18,3 Rnd (5-5-5),Ryan Bader,Vinny Magalhaes
bfae2fb50efbdb0f,KO/TKO,4,0:33,5 Rnd (5-5-5-5-5),Dustin Poirier,Justin Gaethje
59861c3d19eb46ef,Submission,2,3:38,3 Rnd (5-5-5),Jordan Griffin,TJ Brown
a4c7d59d340794c0,KO/TKO,1,4:40,3 Rnd (5-5-5),Umar Nurmagomedov,Raoni Barcelos
b4622ca7cf0e8506,KO/TKO,1,1:00,3 Rnd (5-5-5),Cheyanne Vlismas,Gloria de Paula
43af7c5772e8198f,Decision - Split,3,5:00,3 Rnd (5-5-5),Pingyuan Liu,Martin Day
57e784028ef2c17d,Decision - Split,3,5:00,3 Rnd (5-5-5),Matt Schnell,Tyson Nam
56ba0c15cf501669,KO/TKO,1,5:00,3 Rnd (5-5-5),Gan McGee,Pedro Rizzo
11706648d34ff3e8,TKO - Doctor's Stoppage,1,5:00,3 Rnd (5-5-5),Uriah Hall,Chris Leben
70e0e57a6755e31e,Decision - Majority,3,5:00,3 Rnd (5-5-5),Mirsad Bektic,Chas Skelly
79f9086932f21016,KO/TKO,1,0:28,1 Rnd + OT (12-3),Ron Waterman,Chris Condo
eafda776967c6444,Decision - Unanimous,3,5:00,3 Rnd (5-5-5),Anthony Rocco Martin,Johnny Case
8c7b5b21b3532027,Decision - Unanimous,3,5:00,3 Rnd (5-5-5),Natalia Silva,Andrea Lee
62454fb3a4fd5737,KO/TKO,1,2:09,3 Rnd (5-5-5),Matt Wiman,Brian Geraghty
c1bfbf5447f21f37,KO/TKO,1,0:43,3 Rnd (5-5-5),Zak Cummings,Dominique Steele
f8896b43f4ecf861,Submission,1,0:55,3 Rnd (5-5-5),Tom Lawlor,CB Dollaway
802eba82d2b6113e,Submission,1,4:59,3 Rnd (5-5-5),Raquel Pennington,Ashlee Evans-Smith
c0be83e56601e7ce,KO/TKO,1,1:18,3 Rnd (5-5-5),Chuck Liddell,Kevin Randleman
dc49373c52eedaa3,Submission,3,1:49,3 Rnd (5-5-5),Gerald Meerschaert,Trevin Giles
6222cdc86b12d251,Decision - Unanimous,3,5:00,3 Rnd (5-5-5),Andrea Lee,Veronica Hardy
9b38456520395242,Decision - Unanimous,3,5:00,3 Rnd (5-5-5),Dennis Siver,Spencer Fisher
934b44ddcb3d95e6,Decision - Unanimous,3,5:00,3 Rnd (5-5-5),Julia Avila,Pannie Kianzad
1b6e5363eb81c409,Decision - Unanimous,3,5:00,3 Rnd (5-5-5),Dan Ige,Jordan Griffin
639013929b61e834,KO/TKO,3,2:57,3 Rnd (5-5-5),Dennis Bermudez,Jimy Hettes
3b44d0179f94726c,KO/TKO,1,3:06,3 Rnd (5-5-5),Mirko Filipovic,Mostapha Al-Turk
cfb189e326553f0a,KO/TKO,1,4:38,3 Rnd (5-5-5),Beneil Dariush,Scott Holtzman
ce0fda34122f3d48,Decision - Majority,3,5:00,3 Rnd (5-5-5),Timur Valiev,Raoni Barcelos
5f1a828f8d4c3b01,Submission,1,4:28,3 Rnd (5-5-5),Markus Perez,James Bochnovic
bb7ce8a6ba7f7cc5,KO/TKO,3,4:31,3 Rnd (5-5-5),Charles Jourdain,Marcelo Rojo
0ad5c6752e679de5,Decision - Split,3,5:00,3 Rnd (5-5-5),Nik Lentz,Danny Castillo
e554e9910cb83d49,Submission,1,3:06,3 Rnd (5-5-5),Paddy Holohan,Josh Sampo
bac178dea57bd545,Decision - Unanimous,3,5:00,3 Rnd (5-5-5),Marvin Vettori,Andrew Sanchez
3406cf3e28e30d1b,KO/TKO,1,0:30,3 Rnd (5-5-5),KJ Noons,Sam Stout
31b3ae9352d9389b,Decision - Unanimous,5,5:00,5 Rnd (5-5-5-5-5),Kamaru Usman,Colby Covington
7c5fc3fc7be4a997,KO/TKO,1,4:39,3 Rnd (5-5-5),Andre Fialho,Miguel Baeza
9c8d5dbd8905a715,Decision - Split,3,5:00,3 Rnd (5-5-5),Donte Johnson,Cody Brundage
58f6248da3cdf3ce,Decision - Unanimous,3,5:00,3 Rnd (5-5-5),Timmy Cuamba,ChangHo Lee
6bdb93f9b4581bf6,Decision - Unanimous,3,5:00,3 Rnd (5-5-5),Miles Johns,Douglas Silva de Andrade
2ae8623ef4156105,KO/TKO,1,2:06,5 Rnd (5-5-5-5-5),Chuck Liddell,Randy Couture
0072df705378477c,Decision - Unanimous,3,5:00,3 Rnd (5-5-5),Tim Boetsch,Todd Brown
f2520dd5457ab293,Decision - Split,3,5:00,3 Rnd (5-5-5),Carla Esparza,Michelle Waterson-Gomez
06eb7492a27bb19a,Decision - Split,3,5:00,3 Rnd (5-5-5),Chris Clements,Keith Wisniewski
d0ac2cc5c57c4e66,Decision - Split,3,5:00,3 Rnd (5-5-5),Veronica Hardy,Jamey-Lyn Horth
ba33d0868b25483b,Decision - Split,3,5:00,3 Rnd (5-5-5),Rustam Khabilov,Kajan Johnson
b8927a3a2735acb0,KO/TKO,1,3:01,3 Rnd (5-5-5),CB Dollaway,Mike Massenzio
3d903bc35023f50a,Decision - Unanimous,3,5:00,3 Rnd (5-5-5),Austin Lingo,Jacob Kilburn
6b956992204ec040,Decision - Unanimous,3,5:00,3 Rnd (5-5-5),Krzysztof Jotko,Gerald Meerschaert
cf8fe599f0b44fd5,Decision - Majority,3,5:00,3 Rnd (5-5-5),Laverne Clark,Koji Oishi
476c31184332698e,KO/TKO,2,0:27,5 Rnd (5-5-5-5-5),Jared Cannonier,Jack Hermansson
89820fae001dd151,Decision - Split,3,5:00,3 Rnd (5-5-5),Martin Kampmann,Rick Story
92049ba4483fc840,KO/TKO,1,4:18,3 Rnd (5-5-5),Walt Harris,Cody East
2116affb9c8f193b,KO/TKO,3,0:45,3 Rnd (5-5-5),Patrick Cummins,Rafael Cavalcante
fac335e6aeff29f5,Submission,2,1:54,3 Rnd (5-5-5),Cole Miller,Sam Sicilia
4e71dbef18157288,KO/TKO,1,1:11,5 Rnd (5-5-5-5-5),Francis Ngannou,Junior Dos Santos
a5a749aa0061fdb4,Decision - Split,3,5:00,3 Rnd (5-5-5),Kai Kamaka III,Dakota Hope
d6d812269487071e,KO/TKO,2,1:10,3 Rnd (5-5-5),Jake Hecht,Rich Attonito
063599b1d4107289,Decision - Unanimous,3,5:00,3 Rnd (5-5-5),Frankie Edgar,Tyson Griffin
92e006a93f983fb5,KO/TKO,3,0:44,5 Rnd (5-5-5-5-5),Robbie Lawler,Nick Diaz
ca263e46051261e2,KO/TKO,2,2:22,3 Rnd (5-5-5),Cub Swanson,George Roop
1c0bf66167c91e01,Decision - Split,3,5:00,3 Rnd (5-5-5),TIE,TIE
7ed98f8d1ffae082,Decision - Unanimous,3,5:00,3 Rnd (5-5-5),Arman Tsarukyan,Olivier Aubin-Mercier
15ce105716441c54,KO/TKO,1,0:12,3 Rnd (5-5-5),Walt Harris,Aleksei Oleinik
0700b74037329215,Submission,1,3:58,3 Rnd (5-5-5),Rob Kimmons,Rob Yundt
8a08b8043f83d245,Decision - Unanimous,3,5:00,3 Rnd (5-5-5),Court McGee,Alex Garcia
7abc4520f63f2c06,Submission,1,4:01,3 Rnd (5-5-5),Jalin Turner,Uros Medic
110a49a43aafe044,Submission,1,0:59,3 Rnd (5-5-5),Manny Bermudez,Davey Grant
d671f436fab2a252,Submission,3,2:13,3 Rnd (5-5-5),Gerald Meerschaert,Deron Winn
bbb67c2ac4453d64,Decision - Unanimous,3,5:00,3 Rnd (5-5-5),Drakkar Klose,Devin Powell
de084f0d65421cfa,Decision - Unanimous,3,5:00,3 Rnd (5-5-5),Alexandr Romanov,Rodrigo Nascimento
3a9e0fed344fd07d,Decision - Split,3,5:00,3 Rnd (5-5-5),Mark Madsen,Clay Guida
e246b6a8cd7853de,KO/TKO,1,3:45,3 Rnd (5-5-5),Roy Nelson,Brendan Schaub
5a09a7a3f2792d1a,Submission,1,1:59,3 Rnd (5-5-5),Felice Herrig,Kailin Curran
dc5e46b2ee0898ec,KO/TKO,2,4:35,3 Rnd (5-5-5),John Dodson,Jussier Formiga
6c67aa7063717a0c,KO/TKO,3,4:51,3 Rnd (5-5-5),Diego Ferreira,Mateusz Rebecki
c61923255389e67c,Decision - Unanimous,3,5:00,3 Rnd (5-5-5),Asu Almabayev,Matheus Nicolau
e3f31cdd33b4ca92,Submission,2,4:12,3 Rnd (5-5-5),Raoni Barcelos,Chris Gutierrez
8cc4c597aecbfef5,Decision - Unanimous,3,5:00,3 Rnd (5-5-5),Arnold Allen,Jordan Rinaldi
6b325792b8fb1f46,KO/TKO,1,3:40,3 Rnd (5-5-5),Elizeu Zaleski dos Santos,Sean Strickland
d333a6c34ff16397,TKO - Doctor's Stoppage,2,5:00,3 Rnd (5-5-5),Austin Hubbard,Max Rohskopf
b3248692dfb954b2,Decision - Unanimous,3,5:00,3 Rnd (5-5-5),Allan Nascimento,Jake Hadley
b1e048825b5bbe1c,Decision - Split,3,5:00,3 Rnd (5-5-5),Casey O'Neill,Roxanne Modafferi
14e7bb7a9d49450d,KO/TKO,2,2:36,3 Rnd (5-5-5),Corey Anderson,Sean O'Connell
cc4a23ed2cbc8aa4,KO/TKO,3,4:55,3 Rnd (5-5-5),Lauren Murphy,Kelly Faszholz
9d8c32c60df0e287,Decision - Unanimous,3,5:00,3 Rnd (5-5-5),Jake Hadley,Caolan Loughran
fa084335b5f87627,Submission,1,4:41,5 Rnd (5-5-5-5-5),Anthony Pettis,Benson Henderson
2fd0c6d914b77205,Submission,2,4:29,3 Rnd (5-5-5),Dmitry Sosnovskiy,Mark Godbeer
90fb826944c46000,Decision - Unanimous,3,5:00,3 Rnd (5-5-5),Lyoto Machida,Kazuhiro Nakamura
5af6a54d7e0f2b7f,Decision - Unanimous,3,5:00,3 Rnd (5-5-5),TJ Grant,Evan Dunham
a571c622ab89b3d9,TKO - Doctor's Stoppage,2,1:58,3 Rnd (5-5-5),Macy Chiasson,Mayra Bueno Silva
1a0bf11582ae518b,Decision - Unanimous,3,5:00,3 Rnd (5-5-5),Maryna Moroz,Cristina Stanciu
0374646197b8e0fa,KO/TKO,2,1:31,3 Rnd (5-5-5),Nick Diaz,Robbie Lawler
c3601529b7a7d489,KO/TKO,3,2:24,3 Rnd (5-5-5),Cub Swanson,Dennis Siver
e1bc211f43378ee7,Decision - Majority,5,5:00,5 Rnd (5-5-5-5-5),Jens Pulver,BJ Penn
a26ca06cce403ce2,Submission,1,4:20,3 Rnd (5-5-5),Tatsuro Taira,Jesus Aguilar
de495aa2ec1f1e91,KO/TKO,1,3:23,3 Rnd (5-5-5),Anderson Silva,Forrest Griffin
0f74449bf6f64616,Decision - Unanimous,3,5:00,3 Rnd (5-5-5),Manvel Gamburyan,Cole Miller
6997693d552600dd,Decision - Unanimous,3,5:00,3 Rnd (5-5-5),Ailin Perez,Lucie Pudilova
94541dd979e0b4bd,KO/TKO,2,2:58,3 Rnd (5-5-5),Bruno Silva,Cody Durden
a5fa3bf3dc91eb88,Decision - Split,3,5:00,3 Rnd (5-5-5),Johny Hendricks,Josh Koscheck
a33ecd2c88154890,Decision - Split,3,5:00,3 Rnd (5-5-5),Luis Pena,Alexander Munoz
0d09e95e85efad69,Submission,2,2:38,3 Rnd (5-5-5),Terry Etim,Justin Buchholz
396214fd188c2549,KO/TKO,3,4:36,3 Rnd (5-5-5),Mauricio Rua,Mark Coleman
2281dea0c5903a2f,KO/TKO,3,0:39,5 Rnd (5-5-5-5-5),Anderson Silva,Patrick Cote
2d0d13dfc6c37ba8,Decision - Split,3,5:00,3 Rnd (5-5-5),Geoff Neal,Santiago Ponzinibbio
6599a94704d56719,Decision - Split,5,5:00,5 Rnd (5-5-5-5-5),Benson Henderson,Gilbert Melendez
64d6d51219e0664c,Submission,2,3:49,3 Rnd (5-5-5),Gabriella Fernandes,Wang Cong
3e6dfafb8aa780f9,Decision - Unanimous,3,5:00,3 Rnd (5-5-5),Manvel Gamburyan,Michihiro Omigawa
63f744d672fbb8b4,Decision - Unanimous,5,5:00,5 Rnd (5-5-5-5-5),Anderson Silva,Demian Maia
036bb5b335e93ca8,Submission,1,4:54,3 Rnd (5-5-5),James Wilks,DaMarques Johnson
45e6eec6b35d7dfe,KO/TKO,1,2:09,3 Rnd (5-5-5),Soa Palelei,Pat Barry
e3acb789f7dcd34c,KO/TKO,3,1:46,3 Rnd (5-5-5),Lauren Murphy,Mara Romero Borella
d03618c86d395b43,KO/TKO,1,3:32,3 Rnd (5-5-5),Felipe Arantes,Godofredo Pepey
e4d831dc318e4e98,KO/TKO,1,1:35,3 Rnd (5-5-5),Tom Aspinall,Alan Baudot
1c7cc3a22ab7d907,KO/TKO,1,4:58,3 Rnd (5-5-5),Edmen Shahbazyan,Andre Muniz
b302e12550278ffd,KO/TKO,1,0:13,5 Rnd (5-5-5-5-5),Conor McGregor,Jose Aldo
fc6d1396755692b4,Submission,3,1:28,5 Rnd (5-5-5-5-5),Antonio Rodrigo Nogueira,Tim Sylvia
9e674a02db6c03c8,Submission,2,0:48,3 Rnd (5-5-5),Brandon Royval,Kai Kara-France
db8df615610f3632,Other,2,5:00,1 Rnd + OT (31-5),TIE,TIE
3af1bdc5a510bba9,Decision - Unanimous,3,5:00,3 Rnd (5-5-5),Kyle Nelson,Matt Frevola
86090172facd6cf7,Decision - Split,2,3:00,1 Rnd + OT (12-3),Pedro Rizzo,Mark Coleman
6017351e164dbca3,Submission,1,3:01,3 Rnd (5-5-5),Claudio Puelles,Clay Guida
a02ffaf1fe462d28,DQ,3,3:09,3 Rnd (5-5-5),Diego Sanchez,Michel Pereira
3e0301367e511512,Submission,2,2:43,3 Rnd (5-5-5),George Sotiropoulos,Joe Lauzon
075dee476361e83e,Decision - Unanimous,2,5:00,2 Rnd (5-5),Jeff Monson,Tim Lajcik
fb5ce6329f243d8b,Submission,4,3:58,5 Rnd (5-5-5-5-5),Benson Henderson,Brandon Thatch
63ee688385bf7c69,Submission,2,3:51,3 Rnd (5-5-5),Chael Sonnen,Brian Stann
cfca30d3ef3c86b9,Submission,2,2:39,3 Rnd (5-5-5),Jake Hadley,Carlos Candelario
676f5091ce2c3c90,Submission,1,4:45,3 Rnd (5-5-5),Paul Sass,Mark Holst
ec03739c836fadc8,Decision - Majority,3,5:00,3 Rnd (5-5-5),TIE,TIE
7a018ddd9239e45f,KO/TKO,2,1:28,3 Rnd (5-5-5),Semmy Schilt,Pete Williams
743a04674ab72ee0,Submission,1,1:55,3 Rnd (5-5-5),Julija Stoliarenko,Molly McCann
2461756d8acd56d2,Submission,2,4:22,3 Rnd (5-5-5),Alexandr Romanov,Roque Martinez
a2523a8565fe4361,KO/TKO,2,3:49,3 Rnd (5-5-5),Steven Asplund,Sean Sharaf
abeaae1a64934178,Decision - Unanimous,5,5:00,5 Rnd (5-5-5-5-5),Calvin Kattar,Dan Ige
cdaf65287d9a0ecb,Decision - Split,3,5:00,3 Rnd (5-5-5),Chris Duncan,Omar Morales
0459297e86a14981,KO/TKO,2,3:28,3 Rnd (5-5-5),Robert Whittaker,Jacare Souza
e2b547e64f6532bb,KO/TKO,2,4:08,5 Rnd (5-5-5-5-5),Wanderlei Silva,Brian Stann
a6097fd4e77cb881,KO/TKO,1,1:55,3 Rnd (5-5-5),Chad Mendes,Yaotzin Meza
d8f64b001cd590fa,Submission,1,4:04,3 Rnd (5-5-5),Steve Cantwell,Razak Al-Hassan
44ab00737c3fb890,Decision - Unanimous,3,5:00,3 Rnd (5-5-5),Marc Diakiese,Joe Duffy
e8c24a1754599237,KO/TKO,1,4:51,3 Rnd (5-5-5),TJ Grant,Matt Wiman
dcd0793ff1a43b68,Decision - Unanimous,3,5:00,3 Rnd (5-5-5),Alonzo Menifield,Ed Herman
dbf786f9808c6a08,KO/TKO,1,1:58,3 Rnd (5-5-5),Jessica Andrade,Karolina Kowalkiewicz
f2d9814936a6eb35,Decision - Unanimous,3,5:00,3 Rnd (5-5-5),Mike Perry,Mickey Gall
9a71dc94152a76ac,KO/TKO,1,1:28,3 Rnd (5-5-5),Mark Hominick,George Roop
60cc0ac9ace28324,Submission,3,1:19,3 Rnd (5-5-5),Anthony Rocco Martin,Jake Matthews
cb2844bb15d22cc6,Submission,1,1:48,3 Rnd (5-5-5),Brian Kelleher,Iuri Alcantara
13a6496a09ae821e,Decision - Unanimous,3,5:00,3 Rnd (5-5-5),Mike Pierce,Carlos Eduardo Rocha
7020840980f723b9,Decision - Unanimous,3,5:00,3 Rnd (5-5-5),Arjan Bhullar,Luis Henrique
1ea9ad3b6e1cba79,Decision - Unanimous,3,5:00,3 Rnd (5-5-5),Beneil Dariush,Renato Moicano
8d12287f672cabd8,Decision - Unanimous,5,5:00,5 Rnd (5-5-5-5-5),Georges St-Pierre,Carlos Condit
756cae177016ebf1,Decision - Unanimous,3,5:00,3 Rnd (5-5-5),Sam Stout,Spencer Fisher
2ab41c5519d0b1b9,Decision - Unanimous,5,5:00,5 Rnd (5-5-5-5-5),Kevin Randleman,Pete Williams
afb9d3476c5caafa,Decision - Unanimous,3,5:00,3 Rnd (5-5-5),Jon Jones,Stephan Bonnar
d67dadf630c36f18,Decision - Unanimous,3,5:00,3 Rnd (5-5-5),Rafael Natal,Tor Troeng
bd7394f07247d9ca,Decision - Unanimous,3,5:00,3 Rnd (5-5-5),Nathaniel Wood,Jose Delgado
6b92396d42918366,KO/TKO,3,4:18,3 Rnd (5-5-5),Gian Villante,Corey Anderson
fd0fd9a2d6ef8c4f,Decision - Split,3,5:00,3 Rnd (5-5-5),Dhiego Lima,Luke Jumeau
42f11b82d67585af,KO/TKO,2,4:49,3 Rnd (5-5-5),Max Holloway,Justin Lawrence
719dbfab71e6c0bd,KO/TKO,2,2:36,3 Rnd (5-5-5),James Irvin,Hector Ramirez
c8f619a71b714ec7,Decision - Split,3,5:00,3 Rnd (5-5-5),Sam Alvey,Rashad Evans
5ba543efdce072f5,Decision - Unanimous,3,5:00,3 Rnd (5-5-5),Michel Pereira,Andre Fialho
c43805df4f45b6e2,Decision - Split,3,5:00,3 Rnd (5-5-5),Joaquim Silva,Nazareno Malegarie
e0a69c1f4a019727,KO/TKO,1,0:23,3 Rnd (5-5-5),Robert Peralta,Jason Young
de9422207df2de64,KO/TKO,2,1:54,3 Rnd (5-5-5),Ode Osbourne,Luis Gurule
c381ad2c0bf34dd9,Decision - Unanimous,3,5:00,3 Rnd (5-5-5),Neil Magny,Carlos Condit
8ea12c7360fa0f6b,Decision - Unanimous,3,4:59,3 Rnd (5-5-5),Carlos Hernandez,Denys Bondar
4c1e7e1765a5438a,Decision - Majority,3,5:00,3 Rnd (5-5-5),Kaan Ofli,Yizha
f4641db74fcb8ab7,Decision - Split,3,5:00,3 Rnd (5-5-5),Rick Story,Jesse Lennox
be38ed9ccfe2ee03,KO/TKO,2,2:07,3 Rnd (5-5-5),Jonathan Goulet,Kuniyoshi Hironaka
c3b8d8e7d256c307,Decision - Unanimous,3,5:00,3 Rnd (5-5-5),Kazula Vargas,Rongzhu
8cf6b22995c9efb8,Submission,1,3:19,3 Rnd (5-5-5),Paul Craig,Vinicius Moreira
f5686732b85adafc,Submission,1,2:03,3 Rnd (5-5-5),Cody McKenzie,Aaron Wilkinson
de4c4997f1429dd1,KO/TKO,1,4:06,3 Rnd (5-5-5),Alex Perez,Jussier Formiga
64542fe846b9aea9,KO/TKO,3,1:28,5 Rnd (5-5-5-5-5),Rory MacDonald,Tarec Saffiedine
7acca0910edd7023,Submission,1,1:35,3 Rnd (5-5-5),Drew Fickett,Josh Neer
37835a0f9bbb4d4e,Submission,1,0:30,3 Rnd (5-5-5),Brett Johns,Joe Soto
0ea087a71863184d,TKO - Doctor's Stoppage,3,1:04,3 Rnd (5-5-5),Krzysztof Soszynski,Stephan Bonnar
329a097e0b53daac,Decision - Unanimous,3,5:00,3 Rnd (5-5-5),Rafael Dos Anjos,Rob Emerson
cd9f95344fe14e37,KO/TKO,1,0:48,3 Rnd (5-5-5),Joe Lauzon,Jens Pulver
c6ca435e24c5f4e4,Decision - Unanimous,3,5:00,3 Rnd (5-5-5),Cody Stamann,Brian Kelleher
a049c12f43914449,KO/TKO,1,0:12,3 Rnd (5-5-5),Carlos Ulberg,Alonzo Menifield
4f99b4a39925cb47,Decision - Unanimous,3,5:00,3 Rnd (5-5-5),Josh Emmett,Shane Burgos
1a28928b8d7b4c11,Decision - Unanimous,3,5:00,3 Rnd (5-5-5),Clifford Starks,Dustin Jacoby
a38ec65ac140fcf8,Decision - Unanimous,5,5:00,5 Rnd (5-5-5-5-5),Jens Pulver,Caol Uno
ef6a0ee848382391,Decision - Split,3,5:00,3 Rnd (5-5-5),John Howard,Tamdan McCrory
9c1d4f57a997a490,KO/TKO,1,0:08,3 Rnd (5-5-5),Makwan Amirkhani,Andy Ogle
78bb2b441917848c,Decision - Unanimous,3,5:00,3 Rnd (5-5-5),Jordan Rinaldi,Jason Knight
69d63c057aebffaf,Submission,1,3:31,3 Rnd (5-5-5),Reinier de Ridder,Kevin Holland
5c962ea13cb9b937,Decision - Unanimous,3,5:00,3 Rnd (5-5-5),Blake Bilder,Shane Young
42eba784becde9ad,KO/TKO,2,4:20,3 Rnd (5-5-5),Francisco Rivera,Edwin Figueroa
b5f70d0c88f12645,Decision - Unanimous,3,5:00,3 Rnd (5-5-5),Brett Johns,Montel Jackson
41385f4e63682b5b,Decision - Majority,3,5:00,3 Rnd (5-5-5),Stevie Ray,Joe Lauzon
fef80c98b2fba70c,KO/TKO,3,1:44,3 Rnd (5-5-5),Ethyn Ewing,Rafael Estevam
02b39d683f027517,KO/TKO,2,0:46,3 Rnd (5-5-5),Johnny Eduardo,Manvel Gamburyan
821bef3a3394dd96,Submission,2,3:24,3 Rnd (5-5-5),Douglas Silva de Andrade,Sergey Morozov
610a640a0cd81ce5,Submission,1,3:56,3 Rnd (5-5-5),Kody Steele,Dom Mar Fan
4339e30a856c1da8,KO/TKO,2,4:26,3 Rnd (5-5-5),Alejandro Perez,Scott Jorgensen
3011439ecaf74180,KO/TKO,2,2:22,3 Rnd (5-5-5),Macy Chiasson,Sarah Moras
51ae1d8a663ae1fe,KO/TKO,3,3:35,3 Rnd (5-5-5),Kevin Burns,Anthony Johnson
8f8f47a728c3127e,KO/TKO,1,2:13,No Time Limit,Guy Mezger,Jason Fairn
816119e4d9d983b1,Decision - Unanimous,3,5:00,3 Rnd (5-5-5),Zubaira Tukhugov,Douglas Silva de Andrade
cfa9bc77c803956e,KO/TKO,2,0:44,5 Rnd (5-5-5-5-5),Murilo Bustamante,Dave Menne
cfefbf79340d3346,Decision - Unanimous,3,5:00,3 Rnd (5-5-5),Joe Proctor,Cristiano Marcello
33e301872e2b5680,Decision - Unanimous,5,5:00,5 Rnd (5-5-5-5-5),Brandon Moreno,Steve Erceg
5b986cd7289a0884,Decision - Unanimous,3,5:00,3 Rnd (5-5-5),Chris Lytle,Matt Serra
58dec0a39cdefa3f,Submission,1,1:35,3 Rnd (5-5-5),Ryan Spann,Ovince Saint Preux
3d1a835c15fd8cb2,Decision - Unanimous,3,5:00,3 Rnd (5-5-5),Tim Boetsch,Kendall Grove
1d9f862a47540785,TKO - Doctor's Stoppage,2,5:00,3 Rnd (5-5-5),Scott Holtzman,Dong Hyun Ma
ac0a1d87e9ff4085,Submission,1,2:02,3 Rnd (5-5-5),Zhalgas Zhumagulov,Jerome Rivera
1669773acd404217,KO/TKO,2,1:00,3 Rnd (5-5-5),Rogerio Nogueira,Sam Alvey
a2fe63d064567d14,KO/TKO,2,4:41,3 Rnd (5-5-5),Louis Smolka,Ben Nguyen
e02fca0d258283ce,Submission,1,2:01,3 Rnd (5-5-5),Jordan Rinaldi,Alvaro Herrera Mendoza
b3e12698e65cf8d0,KO/TKO,2,4:58,3 Rnd (5-5-5),Maxim Grishin,Gadzhimurad Antigulov
c7bc8750e9503805,Decision - Unanimous,3,5:00,3 Rnd (5-5-5),Nad Narimani,Anderson Dos Santos
0027e179b743c86c,KO/TKO,3,3:12,3 Rnd (5-5-5),Jared Rosholt,Josh Copeland
845e38dfbfea6e53,Decision - Unanimous,5,5:00,5 Rnd (5-5-5-5-5),Zhang Weili,Amanda Lemos
127ba4a1ccb3d4a6,KO/TKO,2,2:42,3 Rnd (5-5-5),Diego Lopes,Steve Garcia
ca93e3f69fa3d725,KO/TKO,1,2:20,3 Rnd (5-5-5),Cain Velasquez,Antonio Rodrigo Nogueira
990c2378caec68d4,KO/TKO,1,4:44,3 Rnd (5-5-5),John Castaneda,Eddie Wineland
22307b580e0c8d0d,Decision - Unanimous,3,5:00,3 Rnd (5-5-5),Francisco Trinaldo,King Green
7606f6b6c19f2d73,Decision - Unanimous,5,5:00,5 Rnd (5-5-5-5-5),Valentina Shevchenko,Zhang Weili
80ac36a9dbc4b1a1,Submission,1,2:14,3 Rnd (5-5-5),Brandon Royval,Matt Schnell
961f434fe238f40e,Submission,1,2:18,3 Rnd (5-5-5),Alexandre Pantoja,Yuta Sasaki
06f37329b223b451,KO/TKO,1,3:18,5 Rnd (5-5-5-5-5),Chan Sung Jung,Frankie Edgar
0ae4889892f21738,KO/TKO,2,4:52,3 Rnd (5-5-5),Andrew Craig,Rafael Natal
e0df5f84686586a1,Decision - Unanimous,5,5:00,5 Rnd (5-5-5-5-5),Rashad Evans,Phil Davis
5164f1c4103616fd,Submission,1,4:28,3 Rnd (5-5-5),Antonio Carlos Junior,Tim Boetsch
a829493aa8d25e3c,Decision - Unanimous,3,5:00,3 Rnd (5-5-5),Mike Pyle,John Hathaway
8857bf28823b1b2d,Submission,2,2:41,5 Rnd (5-5-5-5-5),Fabricio Werdum,Antonio Rodrigo Nogueira
1671723154d8e324,KO/TKO,2,3:36,3 Rnd (5-5-5),Paul Craig,Mauricio Rua
33655fd07cfbe034,Decision - Unanimous,5,5:00,5 Rnd (5-5-5-5-5),Umar Nurmagomedov,Cory Sandhagen
8666332154fc6f4a,Decision - Unanimous,3,5:00,3 Rnd (5-5-5),Kazuki Tokudome,Cristiano Marcello
abf5f4d6f777cf7b,Decision - Unanimous,3,5:00,3 Rnd (5-5-5),Bruna Brasil,Shi Ming
569e0ba18701c305,Submission,2,4:23,3 Rnd (5-5-5),Gerald Meerschaert,Bryan Barberena
6ecc59654c2f519f,Decision - Split,3,5:00,3 Rnd (5-5-5),Matthew Riddle,Henry Martinez
36830f6eb3c847f5,Decision - Split,3,5:00,3 Rnd (5-5-5),Brandon Moreno,Ryan Benoit
4403857f545ede75,Decision - Unanimous,5,5:00,5 Rnd (5-5-5-5-5),Joanna Jedrzejczyk,Karolina Kowalkiewicz
4289bcb551b07bc1,Decision - Unanimous,3,5:00,3 Rnd (5-5-5),Javier Vazquez,Joe Stevenson
5948876f1d80c21a,KO/TKO,1,1:00,3 Rnd (5-5-5),Vicente Luque,Hector Urbina
c22f4a7540cffdda,Decision - Split,3,5:00,3 Rnd (5-5-5),Rashad Evans,Brad Imes
1af23e7aa71a1d17,KO/TKO,2,4:19,3 Rnd (5-5-5),Jonathan Martinez,Cub Swanson
f1c3abce15ef053e,Decision - Unanimous,3,5:00,3 Rnd (5-5-5),Daria Zhelezniakova,Montse Rendon
acfcf75f0215b7ab,Submission,3,4:20,3 Rnd (5-5-5),Tainara Lisboa,Jessica-Rose Clark
83ea3c36a6f91cb8,Decision - Split,3,5:00,3 Rnd (5-5-5),Nik Lentz,Tyson Griffin
a8511df8285f5c91,Decision - Unanimous,5,5:00,5 Rnd (5-5-5-5-5),Merab Dvalishvili,Cory Sandhagen
164eb9071caf3fe8,KO/TKO,1,5:00,3 Rnd (5-5-5),James Krause,Jamie Varner
560f1e26c2a6690a,Decision - Split,3,5:00,3 Rnd (5-5-5),Francis Marshall,Dennis Buzukja
c6cc6ae23cbf8a27,Submission,2,2:50,3 Rnd (5-5-5),Daniel Pineda,Tucker Lutz
a187670c5ee1ec5f,Decision - Split,3,5:00,3 Rnd (5-5-5),Jacqueline Cavalcanti,Nora Cornolle
ccb7e2851319345d,Decision - Unanimous,3,5:00,3 Rnd (5-5-5),Sergey Morozov,Journey Newson
7014356795515aea,Decision - Unanimous,3,5:00,3 Rnd (5-5-5),Evan Tanner,Phil Baroni
5f2065f737591226,Decision - Unanimous,3,5:00,3 Rnd (5-5-5),Ian McCall,Iliarde Santos
f32d918ee06cb83b,KO/TKO,1,4:09,3 Rnd (5-5-5),Roman Dolidze,Phil Hawes
431e7931d8be8b5d,Submission,3,4:46,3 Rnd + OT (5-5-5-5),Glaico Franca Moreira,Fernando Bruno
b51163f358495b41,Decision - Unanimous,3,5:00,3 Rnd (5-5-5),Al Iaquinta,Kevin Lee
2dc181c1473eb269,Decision - Unanimous,3,5:00,3 Rnd (5-5-5),Dennis Siver,Diego Nunes
fd2d814a8a23798f,Decision - Unanimous,3,5:00,3 Rnd (5-5-5),Randy Brown,Elizeu Zaleski dos Santos
1394ce1832ddefe0,Decision - Unanimous,5,5:00,5 Rnd (5-5-5-5-5),Rose Namajunas,Tracy Cortez
a45d4327bc82bc28,Decision - Unanimous,3,5:00,3 Rnd (5-5-5),Maycee Barber,Montana De La Rosa
5eb07bffdc8b7acf,KO/TKO,3,2:47,3 Rnd (5-5-5),Jon Tuck,Jake Lindsey
fe9a58e79d54695b,Submission,1,1:30,3 Rnd (5-5-5),Maryna Moroz,Joanne Wood
46181797eb543a0b,Decision - Unanimous,3,5:00,3 Rnd (5-5-5),Cam Rowston,Robert Bryczek
d917c8c7461b9831,Submission,1,4:52,No Time Limit,Frank Hamaker,Thaddeus Luster
3542f9f30926f364,Decision - Unanimous,3,5:00,3 Rnd (5-5-5),Jonathan Martinez,Vince Morales
c1c8b38d315d487b,Decision - Unanimous,3,5:00,3 Rnd (5-5-5),Mark Bocek,John Alessio
f56c6646b54c0662,Decision - Unanimous,3,5:00,3 Rnd (5-5-5),Mairbek Taisumov,Desmond Green
5a82757b553c40fc,Decision - Unanimous,3,5:00,3 Rnd (5-5-5),Muhammad Mokaev,Alex Perez
c0ab927864bb6e98,Decision - Split,3,5:00,3 Rnd (5-5-5),Zak Ottow,Dwight Grant
4df1d3183929d021,KO/TKO,3,4:19,3 Rnd (5-5-5),Belal Muhammad,Augusto Montano
eb4e9ec015533ab4,Decision - Unanimous,3,5:00,3 Rnd (5-5-5),Timur Valiev,Martin Day
30c574f33700010a,KO/TKO,2,4:49,3 Rnd (5-5-5),Wanderlei Silva,Cung Le
075be81e3f92c2bf,KO/TKO,1,3:37,3 Rnd (5-5-5),Brian Stann,Chris Leben
b5c4fbd6e1d94594,Decision - Unanimous,3,5:00,3 Rnd (5-5-5),Evan Tanner,Chris Haseman
d6357dab7ccdf2db,Decision - Unanimous,3,5:00,3 Rnd (5-5-5),Augusto Sakai,Don'Tale Mayes
91e4da6ecf28a7a3,Decision - Unanimous,3,5:00,3 Rnd (5-5-5),John Hathaway,John Maguire
553a788a44b8e794,Submission,1,4:08,3 Rnd (5-5-5),Joseph Benavidez,Tim Elliott
aa91cb7567d6c48a,KO/TKO,1,2:26,3 Rnd (5-5-5),Bryan Barberena,Jake Ellenberger
0339f66f18a3e0bf,Decision - Unanimous,3,5:00,3 Rnd (5-5-5),Corey Anderson,Fabio Maldonado
b1b82605646eb850,KO/TKO,3,1:21,3 Rnd (5-5-5),Cat Zingano,Amanda Nunes
0fa31c9f7495810b,KO/TKO,1,0:56,3 Rnd (5-5-5),Sean O'Connell,Anthony Perosh
1f65f03f1225e061,Decision - Unanimous,3,5:00,3 Rnd (5-5-5),Robert Whittaker,Mike Rhodes
603354ffe9cc0755,Decision - Unanimous,3,5:00,3 Rnd (5-5-5),Andrei Arlovski,Junior Albini
39fa341fb9161d6f,KO/TKO,1,4:52,3 Rnd (5-5-5),Pedro Munhoz,Cody Garbrandt
18cdc16fc7ab7ce1,KO/TKO,2,4:13,3 Rnd (5-5-5),Rob Font,Joey Gomez
764e492b55c0ec40,Decision - Unanimous,2,3:00,1 Rnd + OT (12-3),David Abbott,Yoji Anjo
bb56f4e502512ad0,KO/TKO,1,2:37,3 Rnd (5-5-5),Joe Lauzon,Takanori Gomi
92ea4999f99f55fd,Decision - Unanimous,3,5:00,3 Rnd (5-5-5),Nik Lentz,Rafaello Oliveira
0ae251dd5c0b5304,KO/TKO,1,2:47,3 Rnd (5-5-5),Nate Diaz,Rory Markham
3a8c0158d910546d,Decision - Unanimous,3,5:00,3 Rnd (5-5-5),TJ Brown,Charles Rosa
98dd88d83f57c17a,KO/TKO,2,4:55,3 Rnd (5-5-5),Matt Brown,Ben Saunders
2c73bf152247f25a,Decision - Split,3,5:00,3 Rnd (5-5-5),Vanessa Demopoulos,Jinh Yu Frey
7d947be4c15ebe36,Decision - Split,3,5:00,3 Rnd (5-5-5),Chris Cariaso,Louis Smolka
31b283a5559ad44d,Decision - Unanimous,3,5:00,3 Rnd (5-5-5),Matt Frevola,Jalin Turner
3de326b65aa6245d,KO/TKO,3,2:36,3 Rnd (5-5-5),Uros Medic,Matthew Semelsberger
52f77a9f9eb66ab7,KO/TKO,1,0:56,3 Rnd (5-5-5),Michael McDonald,Alex Soto
7af604e5aa43bb3b,Decision - Split,3,5:00,3 Rnd (5-5-5),Nicolas Dalby,Elizeu Zaleski dos Santos
0a46cb2887890502,KO/TKO,2,1:23,3 Rnd (5-5-5),Paulo Costa,Johny Hendricks
66c029f49d3c5da6,Submission,1,17:45,1 Rnd + OT (30-5),Oleg Taktarov,David Abbott
1c03c1bb62f3aed6,Submission,1,2:17,3 Rnd (5-5-5),Edgar Chairez,Daniel Lacerda
5a2fa552e70958d4,Decision - Unanimous,3,5:00,3 Rnd (5-5-5),Javid Basharat,Mateus Mendonca
0ace7e71f5d66bc9,KO/TKO,1,1:17,3 Rnd (5-5-5),Paulo Costa,Garreth McLellan
864cddd6e165ea2d,Decision - Unanimous,3,5:00,3 Rnd (5-5-5),Neil Magny,Robbie Lawler
e1e31a8dfa9c27f6,Submission,2,1:33,3 Rnd (5-5-5),Mallory Martin,Hannah Cifers
7a1abc0230af730c,Decision - Unanimous,3,5:00,3 Rnd (5-5-5),Devin Clark,Da Woon Jung
c1677875a80c2584,Submission,2,2:00,3 Rnd (5-5-5),Mark De La Rosa,Elias Garcia
57a7767c4255e034,KO/TKO,1,2:43,5 Rnd (5-5-5-5-5),Tim Sylvia,Andrei Arlovski
f29eec19aa5c1303,Submission,1,15:49,No Time Limit,Royce Gracie,Dan Severn
baa2ee0bf7f97079,Decision - Unanimous,3,5:00,3 Rnd (5-5-5),Allan Nascimento,Jafel Filho
94c7e64ce88c9b9e,Decision - Unanimous,3,5:00,3 Rnd (5-5-5),Jeremy Stephens,Gilbert Melendez
f680e6ebe3bdfe3e,Decision - Unanimous,3,5:00,3 Rnd (5-5-5),Belal Muhammad,Randy Brown
334cd8572d9842cb,KO/TKO,1,3:09,5 Rnd (5-5-5-5-5),Tim Sylvia,Ricco Rodriguez
c3a4187fc821bfff,Submission,2,4:45,3 Rnd (5-5-5),Mayra Bueno Silva,Lina Lansberg
1013cdbb6c9a4a2e,KO/TKO,1,0:32,3 Rnd (5-5-5),Marcos Rogerio de Lima,Ben Rothwell
1714950933f88ab9,Decision - Unanimous,3,5:00,3 Rnd (5-5-5),Raoni Barcelos,Cody Garbrandt
93569f4876c20488,Decision - Unanimous,3,5:00,3 Rnd (5-5-5),Donald Cerrone,Benson Henderson
62389e8fb68f93a4,KO/TKO,1,1:29,5 Rnd (5-5-5-5-5),Anthony Smith,Mauricio Rua
031eac0f0f85d0bf,Decision - Unanimous,3,5:00,3 Rnd (5-5-5),Rogerio Nogueira,Rashad Evans
38957d8eb185391c,Submission,3,0:53,3 Rnd (5-5-5),Mariya Agapova,Sabina Mazo
c2ddadfa1a1056be,Submission,1,3:41,3 Rnd (5-5-5),Darren Stewart,Maki Pitolo
a5c57b0f49e9f61c,Submission,3,1:56,3 Rnd (5-5-5),Michael Chiesa,Max Griffin
b705fb146638d859,Decision - Unanimous,3,5:00,3 Rnd (5-5-5),Chris Cariaso,Danny Martinez
2e0ae17a22a6f824,Decision - Majority,3,5:00,3 Rnd (5-5-5),TIE,TIE
ba5005d1116fa45f,Decision - Split,3,5:00,3 Rnd (5-5-5),Chris Curtis,Marc-Andre Barriault
23253ebb1d86d8b4,Submission,1,4:22,3 Rnd (5-5-5),Mirsad Bektic,Russell Doane
e40a5bd62ce710ac,Submission,1,1:29,3 Rnd (5-5-5),Jim Miller,Alex White
531d9676d767da66,KO/TKO,2,1:39,3 Rnd (5-5-5),Jan Blachowicz,Luke Rockhold
81f3d28d30d17378,KO/TKO,2,4:55,3 Rnd (5-5-5),King Green,Daniel Zellhuber
2c58a97f2fe6c985,Submission,1,3:18,3 Rnd (5-5-5),Mario Bautista,Guido Cannetti
6996eb7755709945,Decision - Split,3,5:00,3 Rnd (5-5-5),Karo Parisyan,Nick Diaz
8b10419db5bffe28,Decision - Unanimous,3,5:00,3 Rnd (5-5-5),Josh Emmett,Felipe Arantes
bbade63ca780668f,Decision - Split,3,5:00,3 Rnd (5-5-5),Beneil Dariush,Diego Ferreira
f4af2b4349b7b589,TKO - Doctor's Stoppage,3,1:51,3 Rnd (5-5-5),Chris Camozzi,Nick Catone
8757fbfa0857415f,KO/TKO,1,0:42,3 Rnd (5-5-5),Siyar Bahadurzada,Paulo Thiago
c9c5b2507c6be9e3,KO/TKO,1,4:32,3 Rnd (5-5-5),Yves Edwards,Josh Thomson
7149494344c04258,KO/TKO,1,0:28,1 Rnd (15),Brian Johnston,Reza Nasri
9b3bade95e1dd484,KO/TKO,2,4:08,5 Rnd (5-5-5-5-5),Cory Sandhagen,Deiveson Figueiredo
b2f604f2332cd8af,KO/TKO,1,0:22,3 Rnd (5-5-5),Mike Swick,Gideon Ray
5f2240d94375f907,Decision - Unanimous,3,5:00,3 Rnd (5-5-5),Jon Fitch,Brock Larson
a2a5809ed8a01b45,KO/TKO,1,4:16,3 Rnd (5-5-5),Cesar Almeida,Abdul Razak Alhassan
48d21357134ca51a,Decision - Split,3,5:00,3 Rnd (5-5-5),Said Nurmagomedov,Justin Scoggins
3b9f50f07d9a1601,Decision - Split,3,5:00,3 Rnd (5-5-5),Nathaniel Wood,Losene Keita
7f3763caa99a3486,Decision - Split,3,5:00,3 Rnd (5-5-5),Karolina Kowalkiewicz,Rose Namajunas
3bb7210200d90d90,KO/TKO,1,3:04,3 Rnd (5-5-5),Robert Whiteford,Paul Redmond
4eaf54ad3c82b6fa,Decision - Unanimous,3,5:00,3 Rnd (5-5-5),Manon Fiorot,Rose Namajunas
e4862c4f20117cb8,KO/TKO,1,2:49,3 Rnd (5-5-5),Jimmy Crute,Sam Alvey
0c25bb24dbb63655,Decision - Unanimous,3,5:00,3 Rnd (5-5-5),Clay Guida,Robert Peralta
33116969380185a9,Decision - Unanimous,3,5:00,3 Rnd (5-5-5),Marcos Rogerio de Lima,Adam Wieczorek
3ecccdab76baa59c,Decision - Unanimous,3,5:00,3 Rnd (5-5-5),Manon Fiorot,Jennifer Maia
4b202bae6c87b98b,Submission,1,3:41,3 Rnd (5-5-5),Karl Roberson,Darren Stewart
3509779ebe302d06,Decision - Unanimous,3,5:00,3 Rnd (5-5-5),Gegard Mousasi,Ilir Latifi
468d6da7f097e449,Decision - Split,3,5:00,3 Rnd (5-5-5),Diego Sanchez,Clay Guida
bd1e01de1f24962b,KO/TKO,2,3:42,3 Rnd (5-5-5),Alejandro Perez,Matthew Lopez
0f2983fe7753403f,Decision - Split,3,5:00,3 Rnd (5-5-5),Ricky Turcios,Kevin Natividad
7d2d327fd7580364,Decision - Unanimous,3,5:00,3 Rnd (5-5-5),Robbie Lawler,Chris Lytle
d6dcbf543d7e303d,Submission,2,1:27,3 Rnd (5-5-5),Alex Caceres,Damacio Page
ced0e31df74f27d6,Decision - Unanimous,3,5:00,3 Rnd (5-5-5),John Makdessi,Jesus Pinedo
1e1a09bbedf7781d,Submission,1,3:38,3 Rnd (5-5-5),Hector Urbina,Edgar Garcia
681cd3cc6299d652,Decision - Unanimous,3,5:00,3 Rnd (5-5-5),Austin Hubbard,Michal Figlak
ef3c1a2ac6510d26,KO/TKO,2,3:00,5 Rnd (5-5-5-5-5),Mark Hunt,Roy Nelson
004885f7983f4658,KO/TKO,2,1:00,3 Rnd (5-5-5),Matt Brown,Jordan Mein
60f3232bc7a73b15,Decision - Unanimous,3,5:00,3 Rnd (5-5-5),Anthony Johnson,Dan Hardy
2e0493171c4ee80f,KO/TKO,1,0:30,3 Rnd (5-5-5),Ilir Latifi,Sean O'Connell
4e566bd7094b49da,KO/TKO,1,2:46,3 Rnd (5-5-5),Adrian Yanez,Victor Rodriguez
2dbd0bc3e61ca00b,KO/TKO,2,0:38,3 Rnd (5-5-5),Chuck Liddell,Tito Ortiz
c5479f20e4db357d,Decision - Unanimous,3,5:00,3 Rnd (5-5-5),Thales Leites,Hector Lombard
e52eae4ea46c6010,KO/TKO,1,4:44,3 Rnd (5-5-5),Luigi Fioravanti,Dave Menne
e8ef17c0babcfca5,Submission,2,3:31,3 Rnd (5-5-5),Lauren Murphy,Liliya Shakirova
071d488ec8ccf254,KO/TKO,1,1:40,3 Rnd (5-5-5),Lando Vannata,John Makdessi
43af04881587abbc,Decision - Unanimous,3,5:00,3 Rnd (5-5-5),Pingyuan Liu,Damian Stasiak
a3fe8217502c42a4,Submission,1,6:28,1 Rnd + OT (12-3),Pete Williams,Travis Fulton
fcf632627ce40195,KO/TKO,1,1:41,1 Rnd (20),Mark Hall,Harold Howard
7094c05bf73eee81,KO/TKO,2,2:25,3 Rnd (5-5-5),Uriah Hall,Krzysztof Jotko
78b928a602a81971,Submission,1,4:03,3 Rnd (5-5-5),Martin Kampmann,Jacob Volkmann
a6db8eb1fb3eebf2,Submission,2,3:33,3 Rnd (5-5-5),Bogdan Guskov,Billy Elekana
d98d5a3800cd21fb,Submission,2,4:02,5 Rnd (5-5-5-5-5),BJ Penn,Joe Stevenson
fbbba3da4438cb04,Decision - Unanimous,3,5:00,3 Rnd (5-5-5),Sijara Eubanks,Sarah Moras
65d777a16fce2be8,Decision - Unanimous,3,5:00,3 Rnd (5-5-5),Francisco Trinaldo,Yancy Medeiros
3e610c7a2ab31acd,Decision - Unanimous,3,5:00,3 Rnd (5-5-5),Yan Cabral,David Mitchell
19da5aa17c896a1a,KO/TKO,1,0:17,3 Rnd (5-5-5),Erik Perez,Ken Stone
cda0d9b5ce9b9c12,Decision - Unanimous,3,5:00,3 Rnd (5-5-5),Liz Carmouche,Jennifer Maia
5b0fcecc55bebd5c,KO/TKO,2,0:48,3 Rnd (5-5-5),Shawn Jordan,Derrick Lewis
67ed3ad521ef619c,KO/TKO,1,0:48,3 Rnd (5-5-5),Takashi Sato,Jason Witt
4335683beee93652,Submission,1,2:48,3 Rnd (5-5-5),Geoff Neal,Brian Camozzi
8fd14eb227688467,Submission,3,2:31,3 Rnd (5-5-5),Alexandre Pantoja,Neil Seery
df8391ca39160d8c,Decision - Majority,3,5:00,3 Rnd (5-5-5),TIE,TIE
002cb1bb411c5f60,Decision - Unanimous,5,5:00,5 Rnd (5-5-5-5-5),Rich Franklin,David Loiseau
fc2bdd67c1a056a4,Decision - Unanimous,3,5:00,3 Rnd (5-5-5),Abus Magomedov,Warlley Alves
a5f39e8ff1398269,Decision - Split,3,5:00,3 Rnd (5-5-5),Alex Garcia,Sean Spencer
d172d88fbeb8c6a8,KO/TKO,1,2:49,3 Rnd (5-5-5),Diego Sanchez,Kenny Florian
46b9acec12a35d37,Decision - Unanimous,3,5:00,3 Rnd (5-5-5),Trevin Giles,Louis Cosce
12231c1ca2e09011,KO/TKO,1,2:54,3 Rnd (5-5-5),Thiago Alves,Derrick Noble
a5d2f0fed3ce2899,KO/TKO,1,3:13,3 Rnd (5-5-5),Dustin Jacoby,Da Woon Jung
b9539d5e379b3edc,Decision - Unanimous,3,5:00,3 Rnd (5-5-5),Jonathan Martinez,Said Nurmagomedov
bf878c083a6b30ad,Decision - Unanimous,3,5:00,3 Rnd (5-5-5),Roman Dolidze,Anthony Smith
3832958c913305f0,Decision - Unanimous,3,5:00,3 Rnd (5-5-5),Efrain Escudero,Dan Lauzon
279b4190d9ef1379,Decision - Unanimous,5,5:00,5 Rnd (5-5-5-5-5),Cristiane Justino,Holly Holm
e74e3c2a96fa9c55,Submission,2,4:20,3 Rnd (5-5-5),Kurt Pellegrino,Fabricio Camoes
0b9cd718d7e329e8,Decision - Unanimous,3,5:00,3 Rnd (5-5-5),Alex Morono,Court McGee
6a32cabbcd9b1e42,Submission,1,3:37,3 Rnd (5-5-5),Dennis Siver,Andre Winner
7a635063e5f1699b,KO/TKO,1,2:12,5 Rnd (5-5-5-5-5),Alexander Volkov,Jairzinho Rozenstruik
0b71ada6c9209fc9,Submission,1,3:49,No Time Limit,Royce Gracie,Ron van Clief
99dbe9669f31ed91,Decision - Unanimous,3,5:00,3 Rnd (5-5-5),Arman Tsarukyan,Matt Frevola
688908886d8ac900,Decision - Split,3,5:00,3 Rnd (5-5-5),Giga Chikadze,Brandon Davis
