fighter_id,slpm,sapm,td_avg,sub_avg,weight,reach,stance,dob,wins,losses,draws,str_acc_pct,str_def_pct,td_acc_pct,td_def_pct,height_inches,fighter_name
93fe7332d16c6ad9,0.0,0.0,0.0,0.0,155,,,"Jul 13, 1978",5,3,0,0,0,0,0,,Tom Aaron
15df64c02b6b0fde,3.29,4.41,0.0,0.0,155,,Orthodox,"Jul 03, 1983",4,6,0,38,57,0,77,71,Danny Abbadi
59a9d6dac61c2540,3.0,5.67,0.0,0.0,155,66,Orthodox,"Feb 01, 1994",28,4,0,20,46,0,66,68,Nariman Abbasov
4961467134abd8be,8.44,14.06,0.0,0.0,265,80,Orthodox,"Feb 25, 1993",9,5,0,50,28,0,0,74,Darion Abbey
b361180739bed4b0,1.35,3.55,1.07,0.0,265,,Switch,"Apr 26, 1965",10,15,0,30,38,33,66,72,David Abbott
3329d692aea4dc28,4.27,3.67,3.25,0.0,265,72,Southpaw,"Jan 22, 1993",7,1,,55,51,65,100,74,Hamdy Abdelwahab
8f3837b4c06f3d1e,5.41,6.89,0.0,0.0,115,66,Orthodox,"May 15, 2004",8,0,,57,48,0,0,63,Farida Abdueva
841695e02c99a521,3.28,4.49,1.65,0.3,185,80,Orthodox,"Oct 07, 1997",9,1,1,44,46,41,83,74,Mansur Abdul-Malik
e047d3b541afd4a7,2.56,2.42,2.07,0.0,170,73,Orthodox,"Feb 02, 1997",20,3,0,42,51,33,100,68,Tahir Abdullayev
2f5cbecbbe18bac4,2.41,3.02,1.01,0.1,235,76,Orthodox,"Sep 02, 1981",20,8,0,44,55,23,45,75,Shamil Abdurakhimov
c0ed7b208197e8de,1.71,3.11,0.0,0.0,145,,Orthodox,"Feb 09, 1970",8,15,,36,63,0,33,66,Hiroyuki Abe
5140122c3eecd307,3.8,4.49,0.33,0.0,170,71,Orthodox,"Nov 27, 1991",6,2,0,33,56,50,0,71,Daichi Abe
c9f6385af6df66d7,2.8,3.15,3.47,1.3,185,,Southpaw,"Jun 30, 1978",10,4,0,55,48,57,50,71,Papy Abedi
aa6e591c2a2cdecd,3.79,3.98,2.13,0.7,185,,Orthodox,"Apr 27, 1984",5,1,0,31,68,42,100,71,Ricardo Abreu
7279654c7674cd24,2.05,2.9,0.64,0.0,205,74,Orthodox,"Dec 24, 1992",15,4,,40,55,20,80,72,Klidson Abreu
f689bd7bbd14b392,0.0,0.0,0.0,0.0,,,,"Dec 20, 1980",0,0,0,0,0,0,0,,
1c5879330d42255f,3.52,2.85,0.33,0.0,180,,Orthodox,"Dec 27, 1977",30,18,0,36,62,20,81,68,Daniel Acacio
989b85f6540c86b1,3.9,6.28,0.0,0.0,170,75,Orthodox,"Jun 22, 1991",6,2,0,52,44,0,0,69,John Adajar
2620f3eb21c79614,0.0,0.0,0.0,0.0,225,,Southpaw,,8,1,0,0,0,0,0,72,Scott Adams
83b00f7597e5ac83,7.09,4.06,0.91,0.0,265,80,Orthodox,"Jan 16, 1992",5,3,0,55,34,66,57,77,Juan Adams
a77633a989013265,3.17,5.93,0.0,0.0,185,76,Orthodox,"Jan 13, 1988",8,2,0,41,44,0,0,73,Anthony Adams
acff8cdcfc634cb5,0.0,0.0,0.0,0.0,256,,,"Sep 07, 1997",6,2,0,0,0,0,0,,
79cb2a690b9ba5e8,3.65,3.04,0.0,0.5,125,65,Southpaw,"Jul 29, 1992",4,4,0,40,64,0,100,65,Zarrukh Adashev
1338e2c7480bdf9e,4.03,3.22,0.05,0.1,185,80,Switch,"Jul 22, 1989",24,6,0,48,55,9,76,76,Israel Adesanya
0e9869d712e81f8f,0.0,0.0,0.0,0.0,225,,Orthodox,"Apr 26, 1965",7,20,2,0,0,0,0,75,Sam Adkins
7a846fcbf182a7c8,1.66,0.33,4.97,5.0,170,76,Switch,"May 03, 2000",5,1,0,83,75,50,50,71,Mohamed Ado
ebc5af72ad5a28cb,0.69,4.56,0.0,0.0,155,,Orthodox,"Jan 13, 1979",24,6,0,11,42,0,0,68,Nick Agallar
a08ddd04eaffd81d,4.43,3.62,0.55,0.8,125,68,Southpaw,"Apr 07, 1997",10,5,0,54,52,66,45,66,Mariya Agapova
26f4288e83188c61,0.0,0.0,0.0,0.0,135,,,"Feb 16, 1992",12,3,0,0,0,0,0,,
44aa652b181bcf68,0.0,0.0,0.0,0.0,170,,Orthodox,"Jan 20, 1969",2,3,1,0,0,0,0,70,Marcelo Aguiar
501821d7fb7b95c1,0.0,0.0,0.0,0.0,185,,,"Feb 10, 1988",17,1,0,0,0,0,0,72,
6cadc0a0ba7dc015,0.0,0.0,0.0,0.0,185,,,"Jan 01, 1972",26,19,,0,0,0,0,70,Edwin Aguilar
8f382b3baa954d2a,4.93,7.19,0.94,0.2,115,63,Orthodox,"May 08, 1982",20,8,0,50,53,25,50,63,Jessica Aguilar
cf946e03ba2e7666,3.96,4.81,0.16,0.0,155,73,Orthodox,"Sep 07, 1988",17,5,0,40,52,16,78,67,Kevin Aguilar
c051c2e12d692b8a,2.54,2.29,1.52,1.1,125,62,Orthodox,"Mar 13, 1996",12,4,0,38,61,29,45,64,Jesus Aguilar
ae071698e1a3ccd4,2.54,4.04,0.0,0.0,170,72,Switch,"Nov 25, 1991",14,8,0,37,48,0,60,69,Christian Aguilera
0978385b2bd9ef9b,0.73,2.89,1.16,0.6,135,74,Southpaw,"Jan 15, 1996",7,2,0,33,45,20,33,69,Nick Aguirre
b2efa582adf73604,2.74,2.19,0.0,0.0,125,67,Switch,"Apr 07, 2005",13,2,0,60,59,0,100,69,Agulali
ff584c17bccbae0b,2.47,0.53,6.0,0.0,145,72,Southpaw,"Sep 08, 1998",17,3,0,75,57,46,100,69,Ahejiang Ailinuer
9e3dbb9c68ed5d1a,2.87,6.33,0.0,0.0,155,,Orthodox,"Dec 25, 1980",14,6,,33,59,0,71,69,Mike Aina
49dea784f6cfed71,5.0,11.25,0.0,0.0,135,71,Switch,"Jun 19, 1994",6,2,0,40,25,0,0,68,Ashiek Ajim
2eada40ac8801559,0.59,2.58,0.0,0.5,135,,Southpaw,"Jul 27, 1974",18,10,0,45,55,0,8,64,Hitomi Akano
16690d100f995f8f,2.97,2.84,2.58,0.2,185,73,Orthodox,"Oct 12, 1987",21,6,1,34,55,45,65,72,Omari Akhmedov
b0550072e5f0afa7,3.1,3.62,2.29,1.0,170,75,Orthodox,"Jul 29, 1975",14,6,,41,57,67,92,70,Yoshihiro Akiyama
1fc64507a0cb38cf,1.8,3.97,1.0,0.0,170,72,Switch,"Dec 19, 1991",6,2,0,25,57,40,87,70,Rostem Akman
38b50fd1e1b5b656,3.27,3.14,0.65,0.0,205,,Orthodox,"May 14, 1982",13,5,0,39,60,14,57,74,Razak Al-Hassan
597499ac7a5aac62,4.61,3.43,1.47,0.0,155,69,Orthodox,"Apr 10, 1995",16,4,0,41,60,23,54,68,Abdul-Kareem Al-Selwady
1cf1310684a841f5,1.36,3.61,0.0,0.0,245,77,Orthodox,"Jul 14, 1973",6,6,0,19,53,0,0,74,Mostapha Al-Turk
7578cc6bd750206b,3.84,6.66,2.06,0.0,205,75,Orthodox,"Jun 07, 1991",5,1,0,65,23,50,42,74,Herdem Alacabek
2144954270be834d,0.0,0.0,0.0,0.0,135,,,,0,4,0,0,0,0,0,66,Javi Alanis
1897b7b913736a7c,2.82,5.12,1.74,0.0,135,66,Orthodox,"Dec 14, 1991",17,10,2,32,57,43,75,65,Alatengheili
6d35bf94f7d30241,2.47,3.88,1.18,0.4,125,68,Orthodox,"Oct 27, 1993",17,3,0,33,59,25,62,65,Amir Albazi
9b28292abe3166d5,0.0,0.0,0.0,0.0,225,,,,3,2,0,0,0,0,0,,Brett Albee
7bd94b60d7521e4a,3.05,2.82,0.0,6.1,135,68,Orthodox,"Oct 13, 1986",6,5,0,49,35,0,50,68,John Albert
c482c8605455a213,3.98,6.08,1.54,0.0,264,74,Orthodox,"Mar 15, 1991",14,6,0,51,52,37,100,75,Junior Albini
184b955181bdef52,0.0,0.0,0.0,0.0,188,,Orthodox,,0,1,0,0,0,0,0,70,Wes Albritton
e76d9f656ceb82ab,4.83,5.56,2.27,0.4,115,63,Orthodox,"Jul 14, 1990",3,2,0,47,38,50,77,62,Aleksandra Albu
dd1b90eea08887f6,0.32,3.34,0.0,0.0,185,,Orthodox,,0,3,0,13,25,0,0,,Israel Albuquerque
39f62b833e4cf126,0.0,0.0,0.0,0.0,,,,,1,2,0,0,0,0,0,,Juan Alcain
2f95a3c6d58b2aad,2.72,2.79,1.44,0.8,135,71,Southpaw,"Aug 04, 1980",35,10,,45,49,62,60,69,Iuri Alcantara
7c6e87729e824ef4,1.93,2.63,2.0,0.9,185,78,Orthodox,"Nov 18, 1982",21,11,0,38,50,68,81,74,Ildemar Alcantara
1e38bba6738b7b10,0.0,0.0,0.0,0.0,145,,,"Jun 10, 1970",1,3,1,0,0,0,0,63,Alfonso Alcarez
d26934530dc5b248,2.91,6.26,2.57,0.0,250,,Orthodox,"Aug 25, 1977",6,2,0,54,26,40,33,73,Gilbert Aldana
578ef12674df1e6a,5.19,6.64,0.15,0.2,135,68,Orthodox,"Mar 26, 1988",15,8,0,39,56,50,77,69,Irene Aldana
c487223b0289bda9,3.59,5.08,0.93,0.0,170,72,Orthodox,"Aug 17, 1988",4,3,0,38,59,100,0,71,Hector Aldana
7460ddef986d3144,3.13,3.13,0.0,0.0,135,68,Orthodox,"Sep 14, 1991",14,6,1,44,58,0,57,67,Jose Alday
d0f3959b4a9747e6,3.65,3.81,0.47,0.1,135,70,Orthodox,"Sep 09, 1986",32,10,0,46,60,51,92,67,Jose Aldo
6fd953151d981979,3.92,4.34,0.7,0.0,125,67,Southpaw,"Sep 29, 1992",15,7,0,46,61,25,67,65,JJ Aldrich
103e2e33a60683e1,3.42,5.02,0.38,0.4,135,67,Orthodox,"Jun 27, 1990",5,4,0,38,45,20,50,68,Irina Alekseeva
d35298b6df168456,3.09,3.67,3.01,0.5,115,58,Orthodox,"Oct 17, 1990",8,1,1,36,51,29,66,61,Talita Alencar
fe5a9547479396ab,2.9,4.38,2.26,0.3,145,71,Orthodox,"Oct 14, 1986",13,3,,40,56,41,80,69,Jim Alers
7a15f3694c5cbc02,2.1,2.91,1.85,1.2,155,72,Orthodox,"Jul 05, 1979",35,17,,39,54,38,70,70,John Alessio
0541480fbf719d86,3.06,3.2,1.19,0.0,205,72,Orthodox,"Mar 22, 1972",17,15,,54,52,57,33,72,Houston Alexander
8fd76e1b49c00ae2,0.88,2.2,4.71,0.0,155,,Orthodox,"Sep 25, 1977",7,6,,19,66,26,0,69,Kenneth Alexander
11583163f45c7b31,4.69,2.87,0.0,0.0,145,73,Orthodox,"Jul 28, 1995",8,5,0,57,56,0,60,71,Lucas Alexander
d53482bef23235ba,1.61,2.89,0.35,0.7,185,75,Southpaw,"May 05, 1989",17,4,0,45,42,20,66,72,Marcio Alexandre Junior
b757c73f443d4fca,1.65,4.77,0.37,0.7,170,,Orthodox,"Aug 06, 1974",8,12,0,38,53,7,22,74,Olaf Alfonso
4b37a0bc2ab4cae1,0.0,0.0,0.0,0.0,145,,,"May 09, 1983",9,7,0,0,0,0,0,68,Pablo Alfonso
41b34b7f11f6d085,0.0,0.0,0.0,0.0,,,,,1,7,0,0,0,0,0,,
9abc648e76c4493a,5.88,4.38,1.03,0.1,145,73,Switch,"Jun 09, 1989",18,9,0,51,47,50,55,72,Bill Algeo
669a3cb6e394f515,0.0,0.0,0.0,0.0,199,,Orthodox,"Mar 06, 1965",3,2,0,0,0,0,0,70,Royce Alger
e17770faae3ca54c,0.0,0.0,0.0,0.0,250,,,"Jun 10, 1984",10,1,0,0,0,0,0,75,
e70de1859b7ee78e,1.41,2.2,1.76,0.0,170,74,Orthodox,"Sep 17, 1984",15,3,0,45,56,38,100,71,Sultan Aliev
ca28cdf526d6b6e9,2.72,1.63,2.12,0.3,155,72,Orthodox,"Dec 08, 2000",11,0,0,44,58,43,80,70,Nurullo Aliev
a075a34d7527fadf,2.39,4.06,1.56,0.0,135,65,Orthodox,"Jan 21, 1999",7,4,0,52,46,33,75,63,Kimbert Alintozon
b07aed698fba8624,5.56,4.01,3.82,0.7,185,76,Southpaw,"Dec 07, 1992",18,2,0,60,45,68,100,72,Ikram Aliskerov
6db394bf6c3b017c,6.32,10.11,0.0,0.0,185,74,Orthodox,"Jul 14, 1989",10,2,0,50,38,0,0,72,Leon Aliu
6ebe96a116e79e52,3.56,5.74,1.4,0.8,205,75,Orthodox,"Feb 22, 1993",13,7,,42,52,71,50,73,John Allan
1e13936d708bcff7,0.8,3.1,0.0,0.0,205,,Open Stance,"Jan 13, 1967",13,19,2,38,43,0,50,74,George Allen
040a74bb0a465c54,3.52,3.15,1.24,0.3,145,70,Southpaw,"Jan 22, 1994",21,4,0,43,60,60,73,68,Arnold Allen
2f181c0467965b98,3.75,3.78,1.52,1.1,185,75,Orthodox,"Dec 28, 1995",27,7,0,52,47,41,57,74,Brendan Allen
adf9a901308fb8e3,7.6,5.87,2.0,0.0,155,75,Southpaw,"Aug 10, 1992",5,0,0,51,53,66,100,72,Daniel Allen
c4fe2e9a06ea5bcb,1.28,1.9,0.62,0.0,170,76,Orthodox,"Feb 19, 1981",18,8,0,49,59,50,26,71,Ben Alloway
8d3273573b85be09,2.28,1.94,4.74,1.4,125,65,Orthodox,"Jan 25, 1994",24,3,0,51,53,45,44,64,Asu Almabayev
a4dc0f2b95df4cc1,2.58,4.23,0.0,0.0,135,68,Orthodox,"Oct 08, 1997",12,4,0,39,52,0,59,67,Bekzat Almakhan
088aa1b19b2dc14a,1.92,5.75,0.0,0.0,125,67,Southpaw,"Mar 22, 2004",6,1,0,41,27,0,0,67,John Dave Almanza
91186547a7f3f758,2.02,1.2,3.74,1.2,170,74,Orthodox,"Nov 29, 1976",13,5,0,49,61,38,31,72,Ricardo Almeida
d615d6a10a4704cd,1.67,2.6,0.0,5.0,155,,,"Jun 06, 1985",10,3,,36,41,0,40,72,Magno Almeida
2b074403b7c6cdb4,4.84,4.93,0.17,0.0,145,70,Southpaw,"Jul 31, 1991",22,5,0,43,61,14,75,67,Thomas Almeida
67a992d4cff22466,1.07,3.33,0.5,0.0,115,,Orthodox,"Mar 05, 1989",7,3,0,39,43,33,37,66,Ericka Almeida
f16ddfa31236efed,3.13,6.07,0.0,0.0,125,,Orthodox,"Oct 17, 1988",7,3,0,37,42,0,0,64,Estefani Almeida
41e83a89929d1327,2.23,1.3,5.64,1.7,225,79,Orthodox,"Jun 26, 1991",22,5,0,62,43,55,60,75,Jailton Almeida
710f0f8c5d5c9d41,4.94,5.36,0.0,0.0,145,71,Orthodox,"Jan 31, 1991",15,5,0,39,44,0,53,71,Lucas Almeida
64d47ef881a437a4,3.46,2.03,0.0,0.2,185,74,Orthodox,"Mar 28, 1988",7,2,0,58,46,0,52,73,Cesar Almeida
c6bf75775b278ed8,5.74,1.91,0.0,0.0,170,,,"Feb 27, 1980",13,7,,34,67,0,0,74,
49b130de1da2e1bf,2.36,6.06,1.61,0.4,135,63,Southpaw,"Jun 01, 1991",9,6,0,44,38,26,20,64,Sarah Alpar
e87a13e02c01331d,2.43,1.97,3.5,1.0,135,68,Orthodox,"Sep 23, 1990",8,5,0,42,56,29,60,66,Ali AlQaisi
27a9ce2c04071efe,0.0,0.0,0.0,0.0,155,,,"Jul 01, 2001",8,0,0,0,0,0,0,,
c61b49cec6abd6b9,0.0,0.0,0.0,0.0,170,,,,4,3,0,0,0,0,0,70,Rico Altamirano
dc7927cd622676a7,4.58,3.82,2.88,0.0,125,70,Switch,"Jan 23, 1991",12,5,0,53,53,38,63,68,Victor Altamirano
c11036da9162cb5f,1.56,2.08,0.0,0.0,185,,Orthodox,,1,4,0,20,75,0,0,70,Mike Altman
430c533614d45813,5.83,9.25,0.0,0.0,115,64,Orthodox,"May 08, 1996",9,3,0,31,44,0,0,64,Patricia Alujas
e741536153227386,0.89,3.25,0.0,0.0,235,,Orthodox,"Jul 14, 1971",4,3,0,37,47,0,0,72,Sean Alvarez
33a331684283900f,4.32,4.39,2.92,0.5,155,69,Orthodox,"Jan 11, 1984",29,6,,41,55,36,92,69,Eddie Alvarez
4438482bd1d5a029,2.73,4.53,1.0,0.0,125,69,Orthodox,"Mar 08, 1988",6,1,0,40,56,33,50,68,Jaime Alvarez
58bbef3770bb2dfc,4.53,3.03,0.18,1.1,170,77,Orthodox,"Mar 02, 1993",23,4,0,54,53,33,46,75,Joel Alvarez
31ee470ef5dc8d7f,3.73,3.42,0.71,0.3,170,70,Orthodox,"Oct 03, 1983",23,15,0,41,62,60,63,69,Thiago Alves
bd92cf5da5413d2a,0.0,0.0,0.0,0.0,,,,,1,4,0,0,0,0,0,,Anthony Alves
dc5a6b2fdb27e7dc,0.5,2.02,0.0,0.0,170,,Southpaw,"Aug 08, 1988",15,12,0,46,30,0,53,72,Amilcar Alves
d317a5e2b3f88c5f,3.04,3.95,1.22,0.8,185,72,Orthodox,"Jan 04, 1991",15,8,0,48,50,50,62,71,Warlley Alves
029afd138865d20a,1.85,3.3,0.29,1.5,155,68,Orthodox,"Nov 14, 1990",20,12,0,48,58,25,44,68,Rafael Alves
d156513a19acf856,3.28,3.63,0.06,0.1,185,75,Southpaw,"May 06, 1986",33,18,,44,52,14,82,74,Sam Alvey
f4abf9aeda861283,6.97,2.11,0.0,0.0,170,74,Orthodox,"Dec 27, 1996",7,1,0,62,50,0,100,72,Christopher Alvidrez
86c1441676af2c73,6.0,12.0,0.0,0.0,205,78,Orthodox,"Jan 11, 1994",4,1,0,66,33,0,0,74,Mahamed Aly
20821819c401ced8,2.27,5.91,0.0,0.0,154,,Orthodox,"Oct 09, 1983",6,4,1,24,63,0,20,72,Andre Amado
1e327b281ef6a745,3.29,0.82,5.84,0.0,170,76,Orthodox,"Oct 30, 1986",14,2,1,47,78,56,100,74,Adlan Amagov
247fbbfafea60bb1,5.53,24.47,0.0,0.0,115,,Southpaw,"Jul 11, 1987",7,3,0,35,33,0,100,65,Maiara Amanajas dos Santos
ee0b69e307c857e5,0.0,0.0,0.0,0.0,185,,,,2,0,0,0,0,0,0,,Chris Amarante
c912f676692c353a,0.83,3.76,3.13,0.8,315,,Southpaw,"Jan 26, 1970",17,21,1,29,40,57,100,74,Jimmy Ambriz
d562b12b8fe88336,3.16,6.32,0.0,0.0,170,,Orthodox,"Feb 06, 1987",28,7,,69,33,0,50,70,JJ Ambrose
70fa1c64a2c439ef,0.99,3.85,0.0,0.0,185,74,Orthodox,"Apr 06, 1988",8,4,0,30,46,0,0,70,Alen Amedovski
41cc71cbf210e0fe,5.83,4.04,0.52,0.8,145,70,Switch,"May 28, 1990",11,3,0,52,50,16,65,69,Hyder Amil
6c40705cf6c0d7e2,0.0,0.0,0.0,0.0,145,,,"Jun 15, 2003",9,0,0,0,0,0,0,,
87a1dc546b1c5caf,1.33,2.98,3.96,1.1,145,72,Southpaw,"Nov 08, 1988",17,9,0,44,46,43,35,70,Makwan Amirkhani
bc7d1ad49fcb2d08,2.26,2.06,2.01,4.3,115,68,Orthodox,"Jun 24, 1995",11,2,0,49,54,33,0,63,Jaqueline Amorim
f139d6836efd43dd,2.65,1.38,11.11,3.2,170,75,Orthodox,"Sep 09, 1993",30,1,0,53,60,53,0,72,Yaroslav Amosov
53adf5b845d91e4a,6.75,2.01,0.0,0.0,190,,Orthodox,"May 28, 1966",1,1,0,39,83,0,0,68,Bertrand Amoussou
23a8c33869bf5392,1.47,2.67,0.0,1.0,185,,Orthodox,"Nov 21, 1985",27,7,2,34,54,0,25,71,Karl Amoussou
cad24459b28592ca,3.44,4.03,1.83,0.1,185,75,Southpaw,"Apr 21, 1987",18,9,,47,50,25,80,73,Eryk Anders
8738eacd62e82a32,0.0,0.0,0.0,0.0,230,,Southpaw,"May 29, 1971",14,8,1,0,0,0,0,74,Matt Andersen
9199e0735b83dd32,0.0,0.0,0.0,0.0,240,,,"Jul 16, 1974",0,1,0,0,0,0,0,66,Andy Anderson
1ffc38f67785797b,0.0,0.0,0.0,0.0,160,,Orthodox,,0,1,0,0,0,0,0,66,Lowell Anderson
5e4eec08896c9423,4.43,2.22,4.89,0.0,205,79,Orthodox,"Sep 22, 1989",14,5,0,46,59,50,83,75,Corey Anderson
19ba965651486013,3.97,3.08,0.34,0.0,155,,,"Feb 02, 1990",14,3,,37,61,14,60,72,
a0e75f4a13eb73f1,1.76,3.35,0.52,0.5,145,72,Orthodox,"Feb 11, 1990",11,5,0,46,37,25,53,72,Megan Anderson
b03a0c78ca45facf,3.0,6.53,1.0,0.0,185,75,Orthodox,"Jan 13, 1995",6,3,0,52,31,20,50,75,Liam Anderson
17615148dd4be6f6,0.93,4.93,0.0,0.0,145,68,Southpaw,"Apr 26, 1990",14,4,1,19,50,0,0,64,Tatsuya Ando
1562b12763cc8d67,0.2,2.6,0.0,0.8,200,,Orthodox,"May 14, 1974",10,5,0,36,53,0,25,71,Alex Andrade
6a1901c62ab3870f,6.37,5.58,2.1,0.3,115,62,Orthodox,"Sep 25, 1991",26,15,0,48,54,54,75,61,Jessica Andrade
d221ee27afc7a60e,3.26,2.77,1.93,0.3,170,75,Orthodox,"Mar 08, 1984",19,6,0,42,63,50,66,71,Viscardi Andrade
9bad58fa651d6196,0.0,0.0,0.0,0.0,200,,Orthodox,"Jul 16, 1973",14,4,0,0,0,0,0,67,Jermaine Andre
7977fb0fd9c5955d,0.0,0.0,0.0,0.0,,,,"Oct 24, 1994",0,0,0,0,0,0,0,,
00debc804e2b1cd4,2.21,2.72,2.83,0.4,185,74,Switch,"Nov 15, 1979",18,7,,50,46,50,57,73,Dylan Andrews
46e2ca71fd5089cb,2.87,3.5,0.67,0.0,205,,Orthodox,"Mar 31, 1973",7,3,0,50,58,20,40,72,Reese Andy
d6a3e131ad4ba064,3.56,3.77,0.0,0.0,145,68,Orthodox,"Jan 13, 1989",13,3,0,38,53,0,33,67,Angga
e20ad078a7d63361,4.62,1.86,4.47,1.1,205,,Orthodox,"Jul 23, 1991",5,1,0,78,50,50,60,75,Julius Anglickas
047a91d3d9c79b05,4.59,5.54,2.28,0.0,145,71,Orthodox,"Feb 20, 1993",8,3,0,48,51,66,100,69,Collin Anglin
c7c39e2fb70248b3,3.11,2.76,0.68,0.5,135,64,Orthodox,"Dec 01, 1986",13,8,0,46,53,30,38,66,Chad Anheliger
e06fd1260ac865a7,0.0,3.13,0.0,0.0,205,,Orthodox,"Mar 28, 1967",0,5,1,0,25,0,0,71,Yoji Anjo
d802174b0c0c1f4e,3.65,2.59,0.79,0.0,205,75,Orthodox,"Jun 02, 1992",21,2,,52,56,22,87,75,Magomed Ankalaev
af997f7611673880,2.08,4.21,5.08,1.4,205,70,Orthodox,"Feb 09, 1987",20,8,0,55,40,36,0,71,Gadzhimurad Antigulov
25b31165758402dd,5.73,5.0,0.0,0.0,125,63,Orthodox,"Feb 28, 1982",12,3,0,52,69,0,100,65,Adam Antolin
dbd198f780286aca,1.09,7.64,0.0,0.0,205,,Orthodox,"Oct 04, 1998",1,4,0,50,50,0,0,,Angelo Antonio
cc49ada1ea955b13,5.49,14.27,0.0,0.0,170,72,Orthodox,"Dec 28, 1994",16,7,0,48,43,0,0,72,Vanilto Antunes
78d48d3874dacafd,2.47,2.47,0.65,0.0,251,,Orthodox,"Aug 05, 1981",14,5,0,42,69,100,0,73,Azunna Anyanwu
4665f9f909cd7214,3.23,3.75,1.83,0.0,170,70,Orthodox,"Dec 01, 1985",10,3,0,58,45,16,75,67,Shinsho Anzai
031da10a00c8ccd4,1.73,4.23,3.17,0.6,145,67,Orthodox,"Jan 21, 1997",16,7,1,35,51,35,71,67,Jin Aoi
79ded75550efc139,0.97,1.25,2.54,4.0,154,,Southpaw,"May 09, 1983",39,7,,58,58,41,60,71,Shinya Aoki
7d420039bbfe7c1a,4.4,5.66,1.11,0.2,135,69,Orthodox,"Jun 25, 1993",26,13,,49,46,46,59,67,Aoriqileng
0c1a04afca64e38f,1.35,11.5,0.0,0.0,255,,Southpaw,"Jun 19, 1983",15,7,0,40,32,0,33,70,Josh Appelt
1ccff7f0cfdf85eb,0.0,0.54,0.0,8.1,170,,Orthodox,"Aug 26, 1977",10,3,0,0,81,0,0,72,Erik Apple
269d103c96a4c3a5,8.79,10.29,0.0,0.0,145,,Southpaw,"Oct 05, 1979",15,15,5,27,39,0,0,70,Kenji Arai
73ef22f25d0f70e2,1.8,2.83,2.5,0.0,170,,Orthodox,"Dec 02, 1977",7,1,0,35,50,62,83,70,Romie Aram
71002dbc1743b9a7,2.37,2.66,0.93,0.7,135,73,Orthodox,"Feb 09, 1988",18,10,,45,64,47,41,68,Felipe Arantes
dbea8c1cb327ab3d,1.52,2.86,0.86,0.6,170,77,Orthodox,"Dec 06, 1980",25,9,,42,49,15,22,73,Igor Araujo
36541f1e6c5d4955,3.84,4.83,1.72,0.6,125,68,Orthodox,"Nov 21, 1986",13,7,0,47,55,43,75,64,Viviane Araujo
1291edf2d566a71a,4.36,3.05,0.46,0.3,145,70,Southpaw,"Oct 27, 1989",19,6,0,36,68,28,96,67,Julio Arce
d25e39e74efb0a77,1.53,2.73,0.0,1.0,145,,,"Oct 15, 1981",15,7,0,46,51,0,50,68,
87f8699fdcc2c404,7.0,4.97,1.08,0.2,115,62,Orthodox,"Apr 19, 1992",12,7,0,46,61,50,85,63,Alice Ardelean
9c9455912d917e4e,0.0,0.0,0.0,0.0,155,,,"Mar 06, 1985",7,4,0,0,0,0,0,,Tristan Arenal
db3c4a884d704efe,0.0,0.0,0.0,0.0,170,,,"Jan 29, 1993",0,0,0,0,0,0,0,,
e4ba58725825412d,2.48,3.44,4.36,1.4,135,68,Southpaw,"Aug 13, 1993",9,3,,43,50,35,55,67,Dan Argueta
90063913321e7670,0.0,0.0,0.0,0.0,155,,,,5,0,0,0,0,0,0,,
e0e1801e8721af17,5.07,5.4,1.0,0.0,125,63,Orthodox,"Dec 07, 1998",10,2,2,43,47,50,60,63,Ryoga Arimoto
9a7ffa80766caa51,1.84,8.97,0.0,0.0,185,75,Orthodox,"Sep 11, 1989",6,1,0,44,43,0,50,74,Hashem Arkhagha
3738e68d2261e60f,3.82,3.22,0.37,0.2,240,77,Orthodox,"Feb 04, 1979",34,24,,45,57,35,76,75,Andrei Arlovski
1effd880e1f1bb30,5.35,3.64,1.1,0.6,135,70,Orthodox,"Oct 09, 1996",10,5,0,53,56,50,64,66,Garrett Armfield
30ad2050273d016a,0.0,0.0,0.0,0.0,,,,,5,2,0,0,0,0,0,,Joey Armstrong
bf0e700106d00e55,4.52,6.38,0.44,0.2,145,72,Orthodox,"Oct 22, 1991",16,6,0,41,62,18,57,72,Austin Arnett
05fbfe628658c538,1.66,1.15,2.41,1.2,205,,Orthodox,"Jul 17, 1978",14,5,0,48,57,48,58,71,Ricardo Arona
a90c200c3fbb22c4,8.92,6.49,12.16,0.0,185,72,Orthodox,"Jun 06, 1996",6,1,0,68,38,100,0,70,Eli Aronov
770b9d4813c25902,1.56,1.63,3.05,1.0,205,,Orthodox,"May 28, 1975",7,3,0,34,56,75,37,71,Chalid Arrab
c136b2a8852da5bd,2.32,4.01,1.07,0.4,155,71,Southpaw,"Jan 14, 1983",23,11,1,45,56,100,33,70,Akbarh Arreola
de62052b2ede65ba,1.62,2.01,2.12,5.3,170,72,Orthodox,"Sep 01, 1982",3,3,0,47,58,36,100,70,Matt Arroyo
61fb8098ccf81c7f,2.82,2.02,1.14,0.2,185,73,Orthodox,"Jul 01, 1989",9,5,0,66,50,41,41,75,Antonio Arroyo
2dea80c069847321,0.06,2.45,0.0,0.0,190,,Southpaw,"Dec 23, 1970",1,1,0,10,32,0,0,69,Gilles Arsene
91e3388e69060e69,3.2,1.92,0.0,0.0,125,,,,3,1,0,36,65,0,40,67,
49f78022126bf4a4,5.37,5.2,7.32,2.4,155,,Orthodox,"Jan 31, 1991",8,3,0,45,56,75,0,71,Cesar Arzamendia
d33da8a3d82bdb62,2.53,3.34,0.0,0.0,135,69,Orthodox,"Oct 31, 1993",22,6,0,34,52,0,50,68,Kai Asakura
a373085066dbfb54,7.27,6.8,0.0,0.0,185,73,Switch,"Dec 27, 1989",14,5,0,61,28,0,100,73,Teddy Ash
d26a0988c9dc9886,0.0,0.0,0.0,0.0,125,,,"Jan 14, 1992",11,3,1,0,0,0,0,66,
c739c2995a275314,2.88,4.78,3.24,0.0,155,69,Orthodox,"Mar 31, 1995",8,2,0,50,50,38,64,69,Yanal Ashmouz
8be9deb7d6b36354,0.0,0.0,0.0,0.0,135,,,"Jul 31, 1992",7,6,0,0,0,0,0,66,
2abc414136504554,0.0,0.0,0.0,0.0,145,69,Orthodox,"Aug 19, 1994",11,1,0,0,0,0,0,67,
b1d19449397541dc,3.05,2.8,2.6,0.4,125,67,Orthodox,"Oct 09, 1992",14,1,1,54,57,24,66,66,Askar Askarov
9be6020024133293,3.35,5.82,4.41,0.9,247,74,Orthodox,"Dec 24, 1985",9,4,0,39,35,62,100,72,Cyril Asker
5c10da56d712ac9c,2.0,4.13,0.0,0.0,145,69,Orthodox,"Feb 13, 1995",23,1,0,26,56,0,66,68,Khusein Askhabov
06827d70c53ff0d9,3.03,3.52,0.44,0.7,185,75,Southpaw,"May 20, 1988",14,4,0,46,52,18,65,75,Scott Askham
0b31f87be71ebbb1,3.64,5.66,4.33,0.9,170,73,Orthodox,"Jul 18, 1984",19,2,,49,36,55,0,71,Ben Askren
6e8f1bcdda94ff45,5.75,3.96,0.0,0.0,205,77,Orthodox,"Apr 23, 1996",14,4,0,48,56,0,87,75,Ibo Aslan
399afbabc02376b5,7.63,3.62,2.62,1.3,255,78,Orthodox,"Apr 11, 1993",15,3,,67,56,80,100,77,Tom Aspinall
e56cee1ad697db04,10.05,6.64,0.0,0.0,260,78,Orthodox,"Jul 16, 1998",7,2,0,51,50,0,100,77,Steven Asplund
ff222167cce02919,1.27,3.2,2.0,1.0,185,,Orthodox,"May 23, 1992",8,4,0,43,36,50,66,74,Bruno Assis
d0d7160824278840,3.31,2.06,2.43,0.7,145,72,Orthodox,"Jun 24, 1981",16,6,0,62,44,24,66,69,Junior Assuncao
2f13e4020cea5b38,3.22,2.5,1.65,0.2,135,66,Orthodox,"Jul 19, 1982",28,10,0,42,66,39,78,65,Raphael Assuncao
01c9e4013afce141,7.6,7.03,0.24,0.0,145,69,Orthodox,"Sep 27, 2000",11,5,0,42,52,25,55,68,Michael Aswell Jr.
fd7acf42bd6e7e95,0.87,3.14,1.0,0.0,230,,Orthodox,"Mar 12, 1979",17,1,0,41,49,33,0,73,Bazigit Atajev
210935fd21670f6d,2.28,2.13,0.74,0.0,170,72,Orthodox,"Jun 16, 1977",10,5,0,47,59,37,75,70,Rich Attonito
55ee431411ccf07a,2.48,2.97,2.36,0.5,155,70,Southpaw,"Feb 23, 1989",11,5,0,51,55,33,70,69,Olivier Aubin-Mercier
196ed28337adc630,1.17,4.31,0.8,0.0,155,,Orthodox,"Apr 16, 1986",11,2,1,12,41,50,0,72,Pat Audinwood
4d3b08ab127c7585,0.0,0.0,0.0,0.0,251,,,"Mar 28, 1992",6,2,,0,0,0,0,75,
04643fd03d9159cc,1.42,2.27,1.69,1.3,155,74,Orthodox,"Aug 18, 1973",22,10,0,33,59,27,27,70,Marcus Aurelio
956dcac65e7b34d6,3.33,10.0,0.0,0.0,185,,Orthodox,"Jul 07, 1981",2,1,0,25,57,0,0,69,David Avellan
8753e125f4499816,2.34,3.36,2.37,1.8,170,74,Orthodox,"Jun 30, 1983",8,7,,47,43,80,50,72,Blas Avena
ba5c6eeb8ef45f5c,0.0,0.0,0.0,0.0,170,,,"May 17, 1982",18,15,0,0,0,0,0,73,Levi Avera
033d19259f589457,0.0,0.0,0.0,0.0,145,,,"Dec 29, 1988",13,5,0,0,0,0,0,67,Anthony Avila
4665cbf36b08193b,2.37,4.17,0.0,0.0,145,,Orthodox,"Jan 16, 1993",5,4,0,30,48,0,46,70,Chris Avila
86d9dbe1bfcbade7,2.81,3.28,0.63,0.2,135,68,Orthodox,"May 11, 1988",9,4,0,42,55,37,52,67,Julia Avila
da603332ad41f165,2.13,1.87,0.5,0.5,155,,,"Jun 07, 1983",20,9,0,26,60,16,100,71,Saad Awad
26387c19f32dda0f,0.83,5.0,0.0,0.0,265,,,"Aug 20, 1988",10,5,0,25,33,0,0,73,
6eaec40f724852f4,3.53,3.59,0.0,0.3,155,73,Orthodox,"May 31, 1992",16,6,0,37,58,0,50,72,Jessin Ayari
46d0a888d87d91ac,4.38,4.32,1.0,0.0,185,76,Orthodox,"Mar 10, 1986",14,4,1,43,51,37,42,69,Abu Azaitar
ee18ff42063174df,4.43,4.11,0.0,0.0,155,71,Switch,"Feb 20, 1990",13,3,0,44,52,0,100,68,Ottman Azaitar
063649e21bc9d6d5,2.16,2.76,1.07,0.3,154,,Orthodox,"Jun 10, 1976",15,10,0,39,57,50,45,69,Luiz Azeredo
9bcfb40dbcd50568,0.76,1.97,2.28,0.0,161,,Orthodox,"Jun 25, 1981",17,9,1,45,27,11,0,75,Luciano Azevedo
2af2f2e26c4c0402,3.92,2.08,1.97,1.3,145,69,Orthodox,"Mar 02, 1992",9,2,0,53,58,34,67,68,Hunter Azure
39cc64bf0a269db9,1.12,3.65,2.92,2.2,145,,Orthodox,"Aug 22, 1989",11,3,,41,40,80,72,73,Niklas Backstrom
fd5b6598a3b70c0a,3.08,3.14,0.89,0.8,170,75,Orthodox,"Oct 26, 1981",20,14,0,31,51,16,48,75,Seth Baczynski
968764372c49eab6,0.0,0.0,0.0,0.0,145,,,,13,3,0,0,0,0,0,,
c0ab242c40decc55,2.82,1.39,3.37,0.4,205,74,Orthodox,"Jun 07, 1983",23,5,0,43,71,44,80,74,Ryan Bader
4fcf6e0c4e0e6664,3.74,4.9,1.75,0.0,115,,Orthodox,"Jul 11, 1991",6,3,0,71,32,12,100,65,Izabela Badurek
82d4c957649faf9b,4.09,5.92,0.36,2.0,170,74,Orthodox,"Aug 23, 1992",10,4,0,49,46,22,54,74,Miguel Baeza
3dd92ff9fb0412b3,2.85,3.09,2.51,0.3,125,65,Orthodox,"Jun 10, 1985",15,6,0,42,52,36,65,64,Ali Bagautinov
e4d2564ea0e34e2b,3.13,4.56,0.0,0.0,155,,Orthodox,"Apr 13, 1985",11,5,0,30,46,0,33,73,Mehdi Baghdad
a52bc1e62cf0b7c6,4.98,3.15,0.0,0.0,145,70,Southpaw,"Jan 28, 1992",8,4,0,58,56,0,70,69,Melsik Baghdasaryan
aec185309b4843d0,2.91,3.23,1.32,0.3,170,73,Orthodox,"Apr 17, 1984",24,8,1,40,49,61,62,71,Siyar Bahadurzada
e4a47b07044ddd72,5.99,4.07,0.0,0.6,155,75,Orthodox,"Aug 27, 1997",17,7,0,46,55,0,70,75,Ignacio Bahamondes
8f313e9c3a39c06e,4.02,4.83,1.34,0.0,170,71,Southpaw,"Sep 12, 1997",10,1,1,45,61,66,100,68,Bahatebole Batebolati
e2b8186b618b00c4,1.56,3.91,1.5,0.0,155,75,Southpaw,"Sep 22, 1982",16,11,0,20,69,33,37,69,Shamar Bailey
34dbcd4dbaf21a36,1.74,0.29,4.35,4.3,145,,,,6,3,0,40,0,100,0,69,
7d5b12de1625984e,0.0,0.0,0.0,0.0,210,,,,1,1,0,0,0,0,0,72,Scott Baker
898337ef520fe4d3,1.78,2.83,0.44,0.9,185,,Orthodox,"Oct 13, 1985",18,5,0,52,45,50,37,75,Bryan Baker
371efa53bd0cf669,0.0,0.0,0.0,0.0,155,,,,23,3,0,0,0,0,0,69,
e626e92a8f2a9737,1.4,2.73,2.0,0.0,145,72,Orthodox,"Mar 31, 1992",23,4,0,33,50,20,66,69,Balajin
623f2eed9e1495af,0.0,0.0,0.0,0.0,170,,,"Jan 20, 1995",11,3,0,0,0,0,0,,
3497f4c29654862c,2.31,1.54,0.0,0.0,125,65,Orthodox,"Oct 23, 1992",7,1,0,75,60,0,0,64,Eros Baluyot
04b39f4e8eb59d7c,2.45,2.7,0.94,0.0,185,78,Switch,"Aug 04, 1987",6,4,0,48,55,33,37,71,Oluwale Bamgbose
4c4b44e3cf5815b3,4.2,1.15,0.0,1.9,145,,,"Dec 07, 1990",5,5,0,47,66,0,100,72,
5c2ce761399dc9c5,0.79,5.26,0.0,0.0,155,,Orthodox,"Oct 10, 1989",15,7,0,50,23,0,0,70,Marcin Bandel
2c2caf2f2bab9df5,2.22,4.79,2.9,0.5,145,71,Southpaw,"Sep 04, 1994",14,7,,41,41,46,62,71,Humberto Bandenay
9a2d3567abc02e34,2.72,2.07,0.49,0.5,155,71,Switch,"Apr 15, 1983",18,10,0,38,66,33,57,69,Tae Hyun Bang
c50ea21fe9ef478d,0.0,0.0,0.0,0.0,,,,,2,1,0,0,0,0,0,,Yohan Banks
9c442aaf149ea982,3.85,3.25,0.0,0.5,115,65,Switch,"Oct 23, 1993",7,3,0,44,45,0,47,65,Shauna Bannon
9ddfb3369a3b0394,2.69,3.15,1.62,0.4,135,63,Orthodox,"Sep 23, 1979",20,11,1,33,58,62,86,65,Antonio Banuelos
1c23ec2f1b71be40,11.35,8.65,0.0,0.0,205,73,Orthodox,"Nov 20, 1998",9,0,0,57,52,0,100,72,Iwo Baraniewski
2c99576fefe53c7c,3.78,3.9,1.49,0.5,145,70,Orthodox,"Jan 31, 1987",34,9,,36,57,41,91,66,Renan Barao
06dced58ca24a6bd,4.03,8.46,0.0,0.0,170,,Orthodox,"Jan 25, 1982",9,3,1,33,34,0,0,70,Junior Barata
6a740daf1b279661,4.56,2.78,1.56,0.1,125,65,Switch,"May 18, 1998",15,3,0,53,55,45,51,65,Maycee Barber
a331233f597090a5,5.35,4.59,0.13,0.3,185,72,Southpaw,"May 03, 1989",18,12,0,48,44,22,50,72,Bryan Barberena
d4baaa0630bf5798,3.64,4.55,0.0,0.0,185,79,Orthodox,"Aug 09, 1997",7,1,,40,66,0,0,75,Djani Barbir
27b388f0aab49780,2.21,2.4,2.4,1.7,125,66,Orthodox,"May 08, 1992",9,4,0,45,64,44,63,66,Dione Barbosa
c85bad793cd14e28,7.01,6.65,0.0,0.0,145,70,Orthodox,"May 22, 1998",18,2,0,47,52,0,100,66,Marcio Barbosa
64a50dad704d1d49,4.14,4.68,0.43,0.1,155,75,Orthodox,"Jan 21, 1986",24,14,0,44,55,50,73,71,Edson Barboza
b9f28e7045fdfce7,4.65,4.24,2.51,0.7,135,67,Orthodox,"May 01, 1987",22,5,0,51,60,31,87,67,Raoni Barcelos
e8fe9c15d348e778,4.6,6.93,1.71,0.5,125,66,Orthodox,"Dec 10, 1988",17,8,0,48,50,29,80,66,Daniel Barez
b7c5eb7cdbac6a63,5.81,4.65,0.0,0.0,185,79,Southpaw,"Aug 02, 1995",9,2,0,51,52,0,100,74,Danny Barlow
172c2135e70f87b7,4.43,3.87,0.63,0.4,185,77,Orthodox,"Apr 13, 1988",13,4,0,36,59,42,63,78,Luke Barnatt
c06a5c95f1169c0b,0.57,3.02,1.08,0.0,135,71,Orthodox,"May 28, 1982",14,5,0,34,39,16,40,68,James Barnes
78a5eea49638685d,2.86,8.93,5.36,5.4,170,,,,11,2,0,29,51,100,100,71,
e575b6ff678c1aca,2.32,1.55,0.0,0.0,185,76,Southpaw,"Feb 09, 1987",6,2,1,38,67,0,60,71,Shonte Barnes
ad3f53c454cbbead,3.2,2.11,1.26,1.4,250,78,Orthodox,"Nov 10, 1977",35,8,0,50,57,55,55,75,Josh Barnett
7a5e8c94a86f9895,3.36,6.55,0.0,0.0,261,75,Orthodox,"Jun 14, 1986",23,10,0,47,36,0,35,69,Chris Barnett
91e69a1c3c87325b,0.0,0.0,0.0,0.0,,,,"Oct 25, 1987",2,3,0,0,0,0,0,,Chris Barnhizer
80c0bed43da0e27b,1.17,2.1,0.0,0.7,155,,Switch,"Feb 15, 1973",17,4,1,30,56,0,14,66,David Baron
1652f3213655b935,2.77,3.93,1.46,0.5,170,72,Orthodox,"Apr 16, 1976",15,18,0,45,40,47,60,69,Phil Baroni
f12f979b657ab876,0.8,1.2,1.0,0.0,170,,Orthodox,"Dec 23, 1980",3,1,0,70,28,8,0,69,Dan Barrera
a220be6d41d6f97d,0.0,0.0,0.0,0.0,230,,Orthodox,"Jul 22, 1968",14,9,0,0,0,0,0,76,Carlos Barreto
c32eab6c2119e989,0.0,0.0,0.0,0.0,185,,Southpaw,,0,1,0,0,0,0,0,,Jose Barreto
d21113c9ff3788ae,4.18,4.32,1.39,0.0,145,73,Southpaw,"Aug 10, 1986",11,5,0,61,42,22,66,70,Peter Barrett
8e9eb3fc86db0f7d,5.65,5.94,0.34,0.1,185,74,Orthodox,"Feb 18, 1990",17,11,,47,49,28,68,73,Marc-Andre Barriault
e6015889f50075d2,0.0,0.0,0.0,0.0,145,,,,4,8,0,0,0,0,0,66,David Barrios
8fd1f27e86661ede,0.98,4.05,1.84,0.0,170,,Southpaw,"Nov 19, 1976",22,11,0,40,36,50,100,69,Alexandre Barros
d26394fc0e8e880a,0.0,8.22,0.0,0.0,205,,,"Mar 22, 1976",2,2,0,0,31,0,100,73,Ricardo Barros
b69f24c500d783e7,2.77,3.07,2.22,0.0,205,75,Orthodox,"Feb 28, 1980",19,7,,52,59,24,83,73,Francimar Barroso
658c3465581ae46b,2.72,3.54,0.0,0.2,235,74,Orthodox,"Jul 07, 1979",8,7,0,52,59,0,76,71,Pat Barry
a6f3d15cb84334bb,9.31,4.66,0.0,0.0,170,72,Orthodox,"Jul 03, 1992",4,2,0,40,51,0,100,70,Dean Barry
be0b310a12eb80b4,3.91,2.97,4.2,0.3,145,70,Orthodox,"Apr 28, 1989",17,5,2,41,68,45,66,67,Enrique Barzola
bbab3baf66128ae2,5.18,2.75,1.83,0.1,135,69,Orthodox,"Sep 07, 1995",15,2,,54,63,40,83,69,Javid Basharat
a09ed60aa67a3f67,4.25,2.89,3.34,0.3,135,71,Orthodox,"Aug 02, 1997",15,0,0,52,62,44,54,68,Farid Basharat
d3f89fa685bd8420,1.75,2.34,7.81,1.7,145,70,Orthodox,"Sep 29, 2001",14,1,0,47,48,41,62,66,Austin Bashi
1cecc8fe6748a532,4.87,5.87,0.0,0.0,145,,Orthodox,"Nov 14, 1982",11,2,0,52,55,0,0,69,Stephen Bass
2c733e059462c1dc,0.0,0.0,0.0,0.0,155,,,,0,4,0,0,0,0,0,,Sean Bassett
29508aff4d93cbbe,0.0,0.0,0.0,0.0,135,,,"Sep 07, 1979",6,7,,0,0,0,0,65,Ryan Bastianelli
8ef4a91ac694b7ce,2.49,6.36,0.67,1.3,135,,Orthodox,"Aug 08, 1980",15,11,0,30,51,18,44,67,Shayna Baszler
e1f8beeb6d2d871a,4.44,3.42,2.85,0.9,125,68,Orthodox,"Dec 29, 2000",10,1,0,45,48,30,100,64,Namsrai Batbayar
34218661c44ed55d,0.0,4.03,6.72,0.0,260,,Orthodox,"Apr 20, 1984",4,1,,0,40,50,0,75,Michel Batista
f626118b6da0e020,5.12,4.11,0.77,0.4,185,77,Orthodox,"Sep 21, 1994",13,2,,52,44,17,53,73,Bryan Battle
c9a94278df042f46,5.36,4.82,0.0,0.0,243,79,Orthodox,"Feb 01, 1988",8,3,,58,46,0,62,75,Alan Baudot
bc711b6dd95c1af6,5.3,3.98,1.91,0.8,135,69,Switch,"Jul 01, 1993",17,3,0,48,54,38,55,69,Mario Bautista
55f446032177b119,3.45,3.18,1.6,0.2,125,69,Orthodox,"Aug 06, 1985",10,5,0,35,61,58,78,67,Chris Beal
3a6ac598320ca7f2,0.0,5.77,0.0,0.0,185,78,Orthodox,"Nov 05, 1989",7,2,0,0,28,0,0,74,Donovan Beard
74f13066b1417ef3,1.27,2.53,0.0,0.0,170,,Southpaw,"Jan 19, 1979",16,15,0,29,50,0,0,71,Rudy Bears
4fd76e7ba8313457,4.57,3.83,0.0,0.0,155,,,,5,2,0,31,58,0,66,69,
b96939f2b8d88e82,4.44,4.31,0.0,0.0,125,66,Southpaw,"Sep 16, 1990",4,5,0,34,64,0,0,66,Ariel Beck
b5a379583673510a,1.01,5.82,1.68,0.0,155,71,Orthodox,"Dec 20, 1992",13,6,0,39,26,50,0,70,Jack Becker
93bf96be327fcd98,0.8,0.0,3.43,2.6,145,,Orthodox,"Feb 06, 1970",13,3,0,51,100,66,100,66,Jeff Bedard
ce05955c26c3c090,6.37,8.54,0.0,0.0,239,,,"Sep 11, 1984",6,7,0,35,52,0,0,74,
ffc3e6daaa6da0b7,4.53,1.75,1.83,0.0,135,71,Orthodox,"Jan 06, 1983",21,13,,50,63,62,62,70,Johnny Bedford
40a456a25d52ee65,6.23,5.5,0.0,0.2,155,74,Orthodox,"Jan 13, 1997",14,5,0,47,52,0,75,71,Rolando Bedoya
b16a7e6a627e9789,2.17,1.64,2.49,0.9,135,67,Orthodox,"Mar 29, 1985",24,13,1,38,69,42,41,67,Chase Beebe
babc6b5745335f18,1.98,1.61,2.1,0.3,155,,Southpaw,"Feb 05, 1979",24,3,0,55,54,23,64,70,Lyle Beerbohm
d6ed764f8b78d32a,1.8,7.73,0.0,2.0,135,66,Orthodox,"Nov 23, 1995",7,2,1,40,34,0,25,65,Allan Begosso
3bc3f60b21cddc6a,4.57,6.83,3.48,0.0,185,72,Orthodox,"Dec 30, 1995",20,5,0,52,31,43,62,72,Azamat Bekoev
cbd3e590a85b18c5,2.43,1.8,3.98,0.4,145,70,Orthodox,"Feb 16, 1991",13,4,0,41,57,52,92,68,Mirsad Bektic
d7e40dca3ae125be,6.45,6.55,0.86,0.0,125,68,Orthodox,"Jun 26, 1996",15,10,0,41,51,62,64,67,Diana Belbita
4130a743d9d22163,2.7,3.1,0.44,0.9,185,75,Orthodox,"Apr 24, 1984",18,8,0,41,59,26,55,74,Alan Belcher
0ee783aa00e468f0,1.59,2.83,1.02,0.6,185,74,Southpaw,"Apr 01, 1977",26,14,,46,50,60,53,72,Vitor Belfort
7674b836ce0698a0,6.1,2.17,0.29,0.0,185,79,Orthodox,"Jun 02, 1992",10,3,0,64,63,100,66,78,Yousri Belgaroui
69898645d600abdb,5.37,5.86,1.38,0.2,205,75,Orthodox,"Feb 05, 1996",13,3,,60,46,35,94,75,Rodolfo Bellato
c3f6db17cea09ca7,1.52,4.79,3.5,0.0,155,74,Southpaw,"Jul 21, 1994",12,5,0,61,41,100,50,72,Danilo Belluardo
46baf0f57edfa4df,4.92,5.27,0.48,0.0,185,75,Orthodox,"Dec 08, 1981",17,14,,36,54,18,75,73,Joey Beltran
ec71a892fada28c7,2.07,1.93,0.7,0.2,125,69,Orthodox,"May 18, 1986",8,6,0,37,63,50,46,68,Marco Beltran
80eacd4da0617c57,3.52,2.67,1.41,0.6,125,65,Southpaw,"Jul 31, 1984",28,8,0,34,61,30,62,64,Joseph Benavidez
a71feb7ea7592a71,0.0,3.32,0.0,0.0,215,,Orthodox,"Jul 03, 1966",1,2,0,0,53,0,0,72,Mike Bencic
9fd1f08dd4aec14a,0.0,0.0,0.0,0.0,250,,Orthodox,,6,5,1,0,0,0,0,74,Dave Beneteau
6104730621ff318d,0.0,2.4,0.0,0.0,113,,,"Feb 15, 1979",14,11,,0,57,0,100,63,Karla Benitez
436f970c9ea9169c,5.26,4.49,0.22,0.9,155,71,Southpaw,"Jun 15, 1988",23,13,0,41,63,50,55,68,Gabriel Benitez
8dc4f34c1f50d00d,1.39,1.35,2.02,2.0,155,,Orthodox,"Nov 23, 1979",30,33,2,39,64,100,36,68,Charles Bennett
c3ac8d0da7b05772,2.9,5.8,1.5,0.0,259,,Orthodox,,11,14,0,40,43,100,100,76,Josh Bennett
404ecb2700844072,3.13,3.27,0.0,1.0,125,68,Orthodox,"Nov 18, 1984",8,3,1,58,58,0,0,64,DeAnna Bennett
7030c27fc9778964,4.53,4.53,6.0,0.0,170,73,Switch,"May 08, 1994",7,1,0,54,65,60,0,72,Benjamin Bennett
5431dccc09118234,3.68,2.7,1.5,0.0,170,72,Southpaw,"Aug 26, 1988",7,2,0,51,56,33,61,71,Lance Benoist
a30f6d375dea5f9b,0.0,0.0,0.0,0.0,170,,Orthodox,"Mar 12, 1982",11,4,0,0,100,0,0,69,Joe Benoit
20999e27ddd94bda,2.88,3.65,0.28,0.4,125,68,Orthodox,"Aug 25, 1989",10,8,0,39,58,22,72,65,Ryan Benoit
3138df4d117ebc12,0.0,0.0,0.0,0.0,115,,,"Mar 21, 1995",7,2,0,0,0,0,0,,
a25f3dc0df974597,0.0,0.0,0.0,0.0,155,,,"Jul 14, 1974",3,5,3,0,0,0,0,69,Pat Benson
592d23aed850e652,0.0,0.0,0.0,0.0,155,,,"Nov 30, 1982",10,6,0,0,0,0,0,69,Len Bentley
21b1132949f2a9b0,1.0,3.26,0.84,1.7,170,,Orthodox,"May 20, 1973",21,23,,27,36,40,16,71,Steve Berger
feef5f8f5629e5e7,3.49,10.78,0.0,0.0,170,75,Switch,"Apr 09, 2000",8,4,0,35,33,0,0,71,Theodor Berggren
aa8189053b3a8994,4.56,1.27,0.0,0.0,205,74,Orthodox,"Jun 26, 1989",8,0,,75,28,0,0,74,Kenneth Bergh
2891c9f7b26b26fc,2.78,2.78,4.17,4.2,170,,,"Nov 24, 1973",6,1,1,52,37,100,50,69,Bret Bergmark
e3779ef06e98f185,3.58,4.81,1.76,0.0,205,,Orthodox,"Nov 14, 1985",5,1,,36,62,40,0,72,Keith Berish
6f242453c91a5af0,4.42,3.07,3.89,1.1,155,66,Orthodox,"Dec 13, 1986",17,9,0,46,59,40,82,66,Dennis Bermudez
2dc1bc1a02961656,2.92,2.68,3.06,3.1,145,71,Orthodox,"Jul 16, 1994",14,2,0,61,46,54,0,70,Manny Bermudez
5b2325cd70dbe2ea,3.12,4.04,1.62,0.5,135,68,Orthodox,"Mar 04, 1987",6,4,0,42,55,22,28,64,Talita Bernardo
b3bbe88fecd6a0d2,0.0,0.0,0.0,0.0,,,,,0,1,0,0,0,0,0,,Dave Berry
0b935b9bbbe5fc07,0.27,6.27,0.0,0.0,185,,,"Oct 25, 1987",15,14,,12,28,0,0,73,Keith Berry
0db70ca89e1c7374,0.0,0.0,0.0,0.0,200,,,,0,3,0,0,0,0,0,69,Dieusel Berto
66766984842c13dc,1.76,4.62,5.47,2.7,155,,Orthodox,"Jul 05, 1983",17,12,1,36,47,40,0,66,Edson Berto
aebfb84d1f6d2d8c,0.92,0.92,6.87,3.4,155,,Orthodox,"Aug 25, 1974",4,3,0,80,33,100,0,68,Allen Berube
8ba8e8d7eafa7267,4.4,6.8,2.0,1.0,205,,Orthodox,"Sep 29, 1989",5,1,0,46,67,28,0,74,Anton Berzin
3f24c96753dbd9f9,0.0,0.0,0.0,0.0,245,,,"Oct 05, 1965",4,6,0,0,0,0,0,76,Scott Bessac
0b8d512c79b4baf3,4.36,4.45,0.64,0.3,145,70,Orthodox,"Dec 28, 1984",22,9,,41,58,28,61,70,Matt Bessette
e05f4ce199baca91,6.15,10.0,0.0,0.0,185,76,,"Jul 16, 1988",10,4,0,29,43,0,0,78,Khadzhi Bestaev
a524710c3ef918fa,0.0,0.0,0.0,0.0,170,,,"Mar 10, 1980",7,5,0,0,0,0,0,,Fernando Bettega
7e511f8d842a109d,2.33,3.25,1.73,0.0,245,75,Orthodox,"May 13, 1986",9,1,0,56,59,75,100,73,Arjan Bhullar
9cd047a828dd7515,4.31,5.39,0.0,0.0,185,78,Switch,"Oct 12, 1991",8,2,0,49,45,0,0,76,KB Bhullar
87f19d19f4cb73f8,3.6,1.83,2.85,0.0,125,65,Orthodox,"Aug 22, 1988",14,2,0,51,52,40,75,65,Magomed Bibulatov
1efa064872f089d0,1.11,1.64,2.65,0.0,155,71,Orthodox,"Jun 06, 1979",24,12,0,57,54,63,14,70,David Bielkheden
5095b0920a3602aa,3.81,4.15,0.31,0.6,145,68,Switch,"Jul 12, 1990",8,2,1,48,53,7,71,68,Blake Bilder
ebbf571f349e79d9,3.71,3.36,0.0,0.0,145,75,Switch,"May 22, 1990",9,1,1,60,57,0,100,71,Jonas Bilharinho
b3b6e80b7d5f8f0d,1.6,7.06,0.0,0.0,205,,Orthodox,"Nov 14, 1977",11,2,0,62,35,0,50,69,Jeremiah Billington
53f02bbc41d99432,0.0,0.0,0.0,0.0,170,,,,7,9,1,0,0,0,0,70,
c5a126ace82a6025,3.93,3.67,0.48,0.5,135,69,Orthodox,"May 16, 1986",16,8,0,36,56,14,61,68,Anthony Birchak
8a22c6b4d29880a3,9.35,14.83,0.0,0.0,205,,Switch,"Jun 05, 1987",7,4,0,46,35,0,0,75,Chris Birchler
7b4ae3fd439a05b6,3.91,4.56,2.41,0.0,125,67,Orthodox,"Jun 05, 1995",10,3,0,51,33,37,100,67,Angad Bisht
2b93ebd9f5417ad2,4.33,2.71,1.05,0.3,185,75,Orthodox,"Feb 28, 1979",30,9,0,38,65,43,63,73,Michael Bisping
7a359ef685a304a7,0.0,0.0,0.0,0.0,185,,Orthodox,"Apr 14, 1969",5,2,0,0,0,0,0,69,Amaury Bitetti
a653cb5eb4b39339,0.29,0.57,0.0,0.0,185,75,Orthodox,"May 22, 1991",14,7,0,16,33,0,0,72,Caio Bittencourt
dd6ec6f941c3a414,4.15,1.51,14.15,0.0,135,65,Orthodox,"Oct 12, 1994",14,4,0,66,46,33,0,65,Davi Bittencourt
27ab7257bf6a3b65,0.0,0.0,0.0,0.0,205,,,"Apr 05, 1991",7,1,0,0,0,0,0,,
99df7d0a2a08a8a8,3.55,3.14,0.98,0.4,205,78,Orthodox,"Feb 24, 1983",29,11,2,50,52,48,69,74,Jan Blachowicz
b2f743746e8dcfa2,1.06,2.6,0.48,6.2,155,,Orthodox,"Jul 15, 1972",23,4,1,47,45,33,28,68,Jason Black
7e69a4b0961aa555,4.55,3.59,0.93,0.7,170,73,Orthodox,"May 25, 1977",18,13,,35,65,50,76,70,Brad Blackburn
619d807fa54ae8f7,0.0,0.0,0.0,0.0,,,,,3,3,0,0,0,0,0,,Jason Blackford
2adb11835acd815b,2.91,2.55,0.0,0.0,205,,Orthodox,,10,7,0,61,46,0,75,,Tom Blackledge
0e5c79b3594ff0ad,3.7,3.13,4.0,0.0,155,75,Orthodox,"Aug 16, 1993",5,1,0,49,55,33,42,71,Sherrard Blackledge
da22387a0407a2dc,4.33,4.19,1.48,1.5,135,72,Switch,"Aug 12, 1994",17,8,1,45,52,33,71,70,Da'Mon Blackshear
0f4a536507f33576,4.31,5.39,0.0,0.0,155,71,Orthodox,"Oct 14, 1998",7,4,0,39,55,0,100,70,Chasen Blair
669970f7feba8ecd,5.24,4.25,1.96,0.9,125,66,Orthodox,"May 04, 1999",14,2,0,44,58,34,78,64,Erin Blanchfield
4a1329cc8eb0928a,4.11,3.19,1.85,0.3,145,71,Orthodox,"Oct 16, 1983",12,8,,44,66,36,63,68,Maximo Blanco
ebf298f8ac7e232b,0.0,0.0,0.0,0.0,145,,,,2,0,0,0,0,0,0,67,
fa6796c55d6c5440,4.18,2.76,5.12,0.0,265,80,Orthodox,"Feb 18, 1991",19,6,,52,53,47,35,76,Curtis Blaydes
59c438c81fbf3ece,2.92,2.14,1.72,0.7,125,71,Orthodox,"Nov 30, 2001",7,2,0,51,43,22,83,69,Tereza Bleda
35d6337320a4ae48,2.31,2.1,0.0,0.6,145,,,"Apr 11, 1983",9,6,0,43,43,0,55,65,
ecdf14f4f8643d39,1.82,5.18,0.0,0.0,135,,Orthodox,"Aug 16, 1983",6,3,0,28,50,0,0,68,Byron Bloodworth
046a85108610c0d2,0.0,52.5,0.0,0.0,205,,Orthodox,"Feb 29, 1988",3,1,0,0,12,0,0,72,Dashawn Boatwright
f348d05403fad037,2.06,1.74,2.44,1.6,345,,Southpaw,"Jan 26, 1970",17,9,0,44,34,42,0,74,Dan Bobish
cf9d24e4bd0cf2ce,2.34,2.32,3.65,1.3,155,75,Orthodox,"Oct 24, 1981",12,5,0,43,60,36,31,68,Mark Bocek
c5af5750e8bae4f0,2.63,5.11,1.14,0.0,145,70,Orthodox,"Feb 05, 1987",8,5,0,31,58,15,62,67,Kyle Bochniak
984d15d5dc7bfcf9,0.65,3.64,0.0,0.0,205,81,Orthodox,"Feb 13, 1989",8,3,0,26,21,0,0,76,James Bochnovic
1afd74f8cb0719f3,0.0,0.0,0.0,0.0,,,,,0,2,0,0,0,0,0,,Jeremy Boczulak
c80095f6092271a7,2.93,2.9,1.45,0.8,185,74,Orthodox,"Jan 28, 1981",21,13,0,50,57,34,59,72,Tim Boetsch
8a56ea383fd26e52,3.63,3.63,2.37,0.0,170,72,Switch,"May 22, 1982",5,3,0,45,54,100,50,71,Galore Bofando
53c21779d84ceb75,0.0,0.0,0.0,0.0,145,,,,6,6,0,0,0,0,0,,
d61316139d68dbe3,3.33,4.4,1.0,0.0,155,73,Orthodox,"Dec 15, 1990",10,1,0,42,44,9,50,68,Roman Bogatov
70a1c7626b5e0599,0.0,0.0,0.0,0.0,260,,,,8,5,0,0,0,0,0,76,
93892752c5fc23ca,0.0,0.0,0.0,0.0,199,,Orthodox,"Feb 12, 1974",11,4,0,0,0,0,0,71,Jerry Bohlander
297a2b35444c245b,2.51,3.24,0.72,0.7,125,71,Orthodox,"Jul 30, 1989",8,2,,45,60,18,75,67,Mandy Bohm
d227958e8a0c1466,2.47,2.8,0.0,0.0,154,,Orthodox,"May 27, 1977",25,11,2,42,53,0,0,69,Kotetsu Boku
96924b0019b3aff1,3.91,3.54,0.75,0.0,145,69,Orthodox,"Sep 14, 1992",9,5,0,47,54,75,50,67,Gaston Bolanos
3f773caad71c4131,3.26,7.83,0.0,0.0,125,67,Orthodox,"Dec 25, 2002",6,1,0,29,52,0,0,65,Otgonbaatar Boldbaatar
9d455d5cfe6a0e35,7.27,7.27,0.0,0.0,185,,,,8,4,0,52,45,0,0,74,
2526be54e6a0e62a,4.59,5.16,3.99,0.0,125,69,Orthodox,"Jun 27, 1992",14,5,0,50,56,58,62,66,Denys Bondar
8691881b31c16b88,3.35,2.04,0.0,1.8,205,,,,5,2,2,51,62,0,0,74,
702a72aa7a266d86,0.62,12.62,0.0,0.0,185,,,"Oct 20, 1972",16,3,,33,10,0,0,74,Tony Bonello
01641ba5df0c69b0,4.76,3.61,2.57,1.0,170,72,Orthodox,"Aug 20, 1997",20,1,0,47,64,53,78,73,Gabriel Bonfim
eb393afdbe3293d5,5.51,3.71,1.06,0.0,155,71,Orthodox,"Dec 28, 1995",20,6,0,54,65,33,76,68,Ismael Bonfim
934de214814b8ff4,2.91,1.01,1.51,0.0,185,,Orthodox,"Aug 28, 1980",16,5,1,62,50,33,33,72,Jesse Bongfeldt
d311fbefff44a39b,0.47,0.47,0.0,0.0,145,,,,4,4,0,12,94,0,0,70,
c6a33ff198aaaeeb,2.76,3.01,1.32,1.0,205,79,Orthodox,"Apr 04, 1977",15,9,0,38,52,40,60,76,Stephan Bonnar
07a2bdaa0afdd831,2.63,3.27,2.9,1.0,125,67,Orthodox,"Apr 25, 1992",16,4,,52,50,60,51,65,Rogerio Bontorin
a4de54ea806fb525,1.52,1.93,3.89,1.0,135,63,Orthodox,"Aug 04, 1993",13,5,0,52,48,50,46,64,Ray Borg
0313bf497de9c470,0.0,0.0,0.0,0.0,235,,Orthodox,"May 18, 1964",1,1,0,0,0,0,0,72,Igor Borisov
34b96d52db1d26e6,3.87,5.27,0.0,0.0,125,68,Orthodox,"Dec 06, 1997",11,5,0,42,50,0,72,65,Kevin Borjas
3c85e04b08a05751,0.0,0.0,0.0,0.0,170,72,Switch,"May 24, 1988",7,1,0,0,0,0,0,68,
4126a78111c0855a,3.47,2.61,1.25,0.4,185,75,Southpaw,"Jan 16, 1993",18,2,,56,60,50,76,73,Caio Borralho
b8fdb2903a2582a8,0.0,1.94,0.0,0.0,185,78,Switch,"Jul 18, 1996",3,1,0,0,33,0,0,74,Zachary Borrego
19c591115a58982c,5.1,4.46,0.0,0.1,155,69,Orthodox,"Jan 08, 1992",8,7,1,50,57,0,43,71,Viacheslav Borshchev
04c8b08b16a5b99e,4.82,3.0,0.0,0.0,205,75,Orthodox,"Aug 02, 1991",22,11,1,53,57,0,69,74,Tanner Boser
e023fa2e648ea0f1,5.99,5.38,0.92,0.0,205,72,Orthodox,"Jul 29, 1981",12,2,0,52,50,33,100,71,Steve Bosse
e8fb8e53bc2e29d6,0.0,0.0,0.0,0.0,215,,Orthodox,,1,3,0,0,0,0,0,73,Marcus Bossett
239224bedeb2c7a4,0.0,0.0,0.0,0.0,,,,,6,3,0,0,0,0,0,,Chris Bostick
5c126c6aac3ef364,2.9,2.8,0.85,0.0,125,67,Orthodox,"Dec 15, 1988",8,5,0,58,54,57,76,68,Poliana Botelho
545d549d6bf87187,0.0,1.05,0.0,0.0,260,,Orthodox,"Sep 28, 1968",0,1,0,0,77,0,0,74,Francois Botha
d5e929c26f25f0d3,2.0,1.67,0.0,0.0,185,78,Southpaw,"Nov 13, 1996",7,0,0,47,65,0,100,77,Ilian Bouafia
59851163aaf1aed8,0.27,1.53,0.0,0.0,183,,Switch,"Mar 23, 1978",5,4,0,21,36,0,50,74,Gregory Bouchelaghem
2aaf0181432adf0b,0.0,0.0,0.0,0.0,205,,,,14,8,0,0,0,0,0,72,
611b9c068c9e2c44,0.0,0.0,0.0,0.0,170,,,,1,4,0,0,0,0,0,67,Rich Bouphanouvong
dfdd0c5dd0d4bc23,0.0,0.0,0.0,0.0,275,,Orthodox,"Nov 25, 1968",10,16,,0,0,0,0,72,Mike Bourke
38b1417ec17072da,0.0,0.0,0.0,0.0,155,,,,3,2,0,0,0,0,0,,Jess Bouscal
2efbc83a6b9b7f86,0.0,0.0,0.0,0.0,230,,,,1,1,0,0,0,0,0,71,Tai Bowden
81ca2c245b19b3c5,0.0,0.0,0.0,0.0,225,,Orthodox,"Jul 16, 1969",0,1,0,0,0,0,0,72,Melton Bowen
5488b3c67600333a,2.73,2.05,0.0,0.0,185,73,Orthodox,"Dec 22, 1993",9,5,0,57,40,0,0,75,Kyron Bowen
b26d3e3746fb4024,2.36,2.98,1.39,1.4,135,70,Orthodox,"Jun 22, 1980",10,3,0,26,64,70,54,67,Brian Bowles
3b9f723e2720a238,3.9,3.86,3.09,0.9,155,68,Orthodox,"Dec 05, 1982",12,6,,47,51,43,27,69,Roger Bowling
a95a0504fd73bd3e,0.0,0.0,0.0,0.0,170,,,,2,6,0,0,0,0,0,74,
8a0a35e7c74bebcc,2.43,4.86,0.0,0.0,155,,,"Nov 17, 1976",9,11,0,42,57,0,0,69,Ashe Bowman
4a191f4ea2fce7fc,0.0,7.83,0.0,0.0,145,,Orthodox,"Jan 10, 1989",3,1,0,0,29,0,0,69,Anvar Boynazarov
1433786ac76cf777,0.43,1.73,19.42,0.0,145,,,,0,1,0,25,50,50,100,67,Colley  Bradford
a6959da32f0e6b5d,1.99,3.45,0.65,0.0,155,71,Orthodox,"Aug 19, 1982",19,12,,40,58,50,40,69,Kyle Bradley
c7011de4765d2497,2.26,4.13,1.12,0.0,170,,Orthodox,"Jun 13, 1983",23,8,,32,56,16,100,69,Paul Bradley
45f7cb591c3ab00b,4.08,2.77,3.58,0.8,170,72,Orthodox,"Nov 23, 1992",19,2,0,53,59,51,86,70,Sean Brady
dc950d59dc590aca,2.42,0.42,0.0,0.6,199,,Orthodox,"Apr 14, 1969",13,7,2,50,71,0,90,72,Ebenezer Fontes Braga
3d074044a33825e7,2.29,3.27,1.99,1.6,170,72,Orthodox,"Nov 17, 1992",13,6,0,48,47,34,44,70,Ramiz Brahimaj
3c99bd6cb5d835ef,7.65,8.05,0.0,0.0,135,70,Orthodox,"Mar 24, 1994",13,3,0,45,33,0,100,70,Adam Bramhald
013da757877044a2,2.15,2.8,0.81,0.0,155,,Orthodox,"Aug 23, 1983",7,3,1,31,56,50,50,68,Joe Brammer
d2c55d1d2e67773b,1.66,1.91,2.55,0.0,185,78,Orthodox,"Sep 26, 1981",22,6,0,39,56,32,43,73,David Branch
edae6db2b3453632,2.86,8.57,0.0,0.0,135,65,Orthodox,"Jul 03, 1996",5,2,0,25,40,0,75,66,Billy Brand
c2e3e67b5911bfb7,2.94,3.38,3.21,0.6,145,64,Orthodox,"May 27, 1987",22,11,0,47,62,68,80,67,Diego Brandao
7138a15258dabf20,2.56,3.75,1.23,0.1,115,65,Orthodox,"Sep 07, 1993",11,7,1,57,52,52,57,66,Bruna Brasil
dc63542668295c23,0.0,0.0,0.0,0.0,155,,,,7,4,0,0,0,0,0,,Michael Bravo
9c44f290f5726d95,7.66,5.72,2.6,0.0,145,71,Southpaw,"Sep 21, 1993",11,3,0,39,51,35,85,68,Martin Bravo
37ce890a4670b287,0.0,0.0,0.0,0.0,205,,,,0,1,0,0,0,0,0,,
d80ee110748171ac,5.75,7.28,0.98,0.0,155,70,Orthodox,"Apr 21, 1989",11,6,0,45,42,30,67,70,Mike Breeden
1588b787bda7b540,3.34,2.81,0.0,1.1,185,73,Southpaw,"Sep 26, 1991",12,3,0,50,60,0,70,75,Tom Breese
48a9a128784d53d1,4.76,5.86,0.99,0.0,155,72,Orthodox,"Sep 27, 1997",16,6,0,47,50,16,76,70,Elves Brener
b19fc66613dc75b9,0.6,0.97,0.0,2.1,170,,Orthodox,"Oct 12, 1971",21,13,1,40,50,0,25,68,Chris Brennan
33a8708747b7f943,0.6,2.2,0.0,1.0,155,72,Southpaw,"Jun 03, 2000",11,3,0,25,52,0,33,70,Lucas Brennan
98f6da59d765ec94,1.52,1.55,4.23,0.0,155,70,Orthodox,"Feb 09, 1981",19,8,0,56,46,42,72,70,Charlie Brenneman
e319d6697d41f3cf,2.21,3.5,1.38,0.0,155,,,,3,9,0,46,66,100,50,71,Robert Breslin
106a925d947a0de9,0.0,6.67,0.0,0.0,205,,,,0,1,0,0,36,0,0,,Mack Brewer
11547e29f253fb89,3.07,3.27,0.0,0.0,205,76,Southpaw,"Apr 01, 1996",11,1,0,43,25,0,36,75,Marcos Brigagao
497ba5b12a4bfc47,2.66,1.78,2.37,1.3,205,71,Orthodox,"Jul 07, 1975",22,6,1,40,65,25,25,71,Jason Brilz
81801f57bd0a7c41,3.97,3.64,0.56,0.0,135,71,Southpaw,"Apr 06, 1985",7,7,0,35,56,100,80,64,Marcus Brimage
cf1a88371c8cb690,3.49,5.71,0.0,0.0,205,,Orthodox,"Nov 12, 1974",26,26,,42,57,0,0,75,Aaron Brink
01fcef7e3d051722,3.47,4.68,0.0,0.6,135,69,Orthodox,"Oct 22, 1980",16,8,1,42,53,0,52,68,Henry Briones
3a97fda0de6f1fa4,0.6,3.53,0.0,0.0,170,,Orthodox,"Nov 27, 1977",13,8,0,20,55,0,50,73,Marcelo Brito
791c8437b341fba5,2.38,2.28,3.23,1.2,145,72,Orthodox,"Feb 11, 1995",19,5,1,50,43,67,57,68,Joanderson Brito
b07f14fc0e53f8bd,2.8,3.87,0.0,2.0,170,72,Orthodox,"Mar 26, 1997",16,5,0,38,55,0,55,71,Kaik Brito
06dd61c8d545c63f,0.0,0.0,0.0,0.0,145,,,"Mar 09, 1999",7,1,0,0,0,0,0,,
2833f50b20e96e52,1.46,2.81,1.56,0.0,205,77,,"May 09, 1978",11,6,0,39,44,40,50,73,Antwain Britt
aa571d75f80fde7d,0.0,0.0,0.0,0.0,,,,,16,6,0,0,0,0,0,,
df3c39573d01f55b,1.13,2.54,0.0,0.0,155,,,"Jan 05, 1979",18,9,1,34,37,0,33,72,Mike Bronzoulis
b0a6124751a56bc4,2.69,3.63,1.94,0.3,145,74,Southpaw,"Aug 13, 1985",16,10,0,39,56,17,80,72,Jonathan Brookins
b6e6c3b1dcaae0a1,4.26,2.54,2.08,0.3,155,72,Orthodox,"Oct 08, 1986",18,4,0,59,56,51,82,70,Will Brooks
81d9df19e255b8b6,2.12,1.66,4.54,0.6,125,62,Switch,"May 02, 1993",13,2,0,46,62,57,69,63,Jarred Brooks
a7d687e6ecb30981,2.83,2.54,0.0,3.2,265,74,Orthodox,"Mar 03, 1983",16,7,1,60,51,0,26,74,Rob Broughton
0974d8d4053a7237,0.0,0.0,0.0,0.0,205,,,"Oct 04, 1974",5,3,0,0,0,0,0,73,Lee Brousseau
31123249b0bbf52e,3.76,2.92,1.68,1.3,170,75,Orthodox,"Jan 10, 1981",26,19,0,55,55,46,63,72,Matt Brown
e0b74df14f52cd15,2.98,2.45,3.23,0.6,145,70,Orthodox,"Sep 08, 1975",26,9,0,44,60,40,66,66,Mike Brown
52b3ec072ad497a4,0.0,0.0,0.0,0.0,190,,,"Jun 04, 1982",16,23,0,0,0,0,0,71,Dominic Brown
9b68bf67c5695185,2.15,3.85,0.0,0.0,205,,Orthodox,"Dec 13, 1976",16,4,,45,48,0,50,71,Todd Brown
85df85a4e276c90e,0.0,0.0,0.0,0.0,185,,,"Apr 13, 1983",3,1,0,0,0,0,0,,Terrell Brown
9e2624ac992660c6,0.0,0.0,0.0,0.0,170,,,,10,1,0,0,0,0,0,,Chris Brown
880c6b788266a3ef,0.0,0.0,0.0,0.0,235,,,,3,2,0,0,0,0,0,72,
c6aee362c7a7d482,4.39,3.35,0.71,0.5,170,78,Orthodox,"Jul 08, 1990",20,8,0,47,53,34,74,75,Randy Brown
d024ed963e8bf7ea,3.66,4.86,0.68,0.7,155,68,Orthodox,"Dec 25, 1984",17,12,0,38,50,27,53,70,Damien Brown
d31cbcdd7d69536d,3.37,2.89,3.41,1.3,145,72,Switch,"May 22, 1990",17,11,0,44,49,57,36,69,TJ Brown
e9e7e1c8ff289e1b,1.71,2.19,1.43,0.0,145,,,"Nov 03, 1984",4,6,0,50,62,25,0,70,Humberto Brown Morrison
3236bf606fe9fa5b,2.93,4.31,1.21,0.2,255,79,Orthodox,"Jul 17, 1982",18,7,1,41,42,68,75,78,Travis Browne
d74cba8566291bfa,3.76,1.76,3.53,3.5,155,,Orthodox,"May 12, 1984",5,6,0,48,66,66,0,69,Junie Browning
d1dcd4e96464a53d,0.69,5.52,0.0,0.0,205,,Southpaw,"Aug 16, 1977",1,2,0,50,46,0,0,72,Jules Bruchez
5f8e00c27b7e7410,0.59,5.91,0.0,0.0,170,,Orthodox,"Jul 23, 1974",7,3,0,66,16,0,33,69,Justin Bruckmann
f14f644d41ade29f,2.5,2.95,1.8,0.5,185,72,Orthodox,"May 16, 1994",12,9,,51,50,41,66,72,Cody Brundage
2f3f12002564bb55,0.96,3.38,1.94,0.4,170,,Orthodox,"Nov 03, 1981",15,6,0,52,36,25,46,70,Steve Bruno
b8c0f30ee9a98b69,1.75,1.78,2.02,0.5,145,,,"Feb 24, 1982",15,4,0,39,48,22,56,66,Fernando Bruno
b1a3e0aca758b322,3.51,3.05,3.14,0.6,185,77,Southpaw,"Jan 04, 1984",23,9,0,47,51,33,85,73,Derek Brunson
01f022fa494188e2,1.1,6.1,0.0,0.0,185,,Orthodox,"Apr 23, 1980",15,4,0,20,43,0,0,70,Josh Bryant
3b17353b8002c7d0,10.56,10.56,0.0,0.0,205,,Orthodox,"Oct 18, 1985",5,2,0,59,13,0,0,72,Dennis Bryant
f96856f9d69fd7e4,2.8,4.51,0.36,0.4,185,75,Orthodox,"Jul 04, 1990",18,7,0,37,55,100,71,72,Robert Bryczek
0c25d0a5e8cdbf19,4.9,3.65,0.41,0.4,236,78,Orthodox,"May 17, 1992",9,7,,50,54,33,35,75,Lukasz Brzeski
095854a135e6db55,1.59,2.15,2.02,0.4,255,77,Orthodox,"Jan 08, 1990",5,3,1,50,50,16,0,74,Marcus Buchecha
231926533134ec1f,2.35,4.14,0.0,0.8,155,73,Orthodox,"Aug 22, 1983",15,10,0,26,51,0,33,72,Justin Buchholz
6bbb8dc6e128779e,0.0,0.0,0.0,0.0,170,,,"Sep 27, 1984",17,8,0,0,0,0,0,70,Zak Bucia
3feed7d02711d8b7,1.49,3.24,0.0,0.0,135,,Orthodox,"Mar 19, 1982",12,11,0,28,54,0,33,70,Courtney Buck
b9437600497350f3,3.62,3.1,1.43,0.1,170,76,Southpaw,"Apr 27, 1994",21,8,0,36,58,45,70,70,Joaquin Buckley
8eb046f83e82bf26,4.39,4.49,0.15,0.1,265,77,Orthodox,"Nov 11, 1991",16,2,0,53,55,20,93,76,Martin Buday
dcdc4503b9d49977,2.42,1.18,3.6,0.0,145,67,,"Jul 04, 1983",10,2,0,74,47,57,83,67,Julia Budd
a817e238b2747404,1.06,1.8,1.93,0.4,185,75,Switch,"Jan 14, 2000",7,5,0,38,42,38,76,72,Dylan Budka
b98209144b63ae26,0.65,0.95,0.0,3.4,145,68,Orthodox,"Aug 08, 1974",13,4,0,52,53,0,0,69,Mike Budnik
a72d260b436924c4,0.0,0.0,0.0,0.0,225,,Orthodox,"Dec 23, 1972",5,2,0,0,0,0,0,69,Francisco Bueno
cc8c623cca88f54f,3.52,4.71,0.46,1.3,135,66,Orthodox,"Aug 22, 1991",10,7,,56,51,23,64,66,Mayra Bueno Silva
f0abbb6f3444dae7,3.29,3.83,0.19,0.4,245,77,Orthodox,"Jan 16, 1974",35,17,0,45,52,33,39,74,Paul Buentello
ac0874309da489b9,2.07,3.27,0.0,0.0,265,77,Orthodox,"Oct 10, 1992",6,1,0,38,37,0,0,76,Marek Bujlo
476fe566d2df676e,3.14,3.86,0.23,0.1,205,76,Switch,"Feb 10, 1994",20,7,0,43,50,66,82,75,Modestas Bukauskas
c0342805a1948cbb,0.71,0.0,0.0,0.0,286,,Orthodox,"Oct 12, 1986",0,1,0,14,100,0,0,74,Lee Kwan Bum
9900ab86a4c458bd,0.0,0.0,0.0,0.0,170,,,"May 21, 1981",6,4,0,0,0,0,0,73,Josh Bumgarner
6e9af164ab91a229,0.0,1.55,0.0,0.0,135,,,"Mar 19, 1983",7,3,0,0,55,0,50,65,
53c10176e3bc7416,3.17,4.57,1.08,1.4,125,69,Orthodox,"Oct 29, 1989",14,9,0,46,47,25,40,67,Felipe Bunes
98d961097baaf308,7.4,6.78,0.43,0.4,145,75,Orthodox,"Mar 19, 1991",15,3,0,52,56,44,91,71,Shane Burgos
6da99156486ed6c2,2.69,3.13,2.53,0.3,170,72,Orthodox,"Apr 10, 1980",28,16,,43,51,36,72,70,Joshua Burkman
dadd80ef954e54ed,1.24,3.09,0.0,9.3,170,74,Switch,"May 19, 1997",6,1,0,40,61,0,100,73,Justin Burlinson
69f01b25dfabaf6b,1.28,2.71,3.45,0.4,145,69,Orthodox,"Mar 06, 1994",9,3,0,41,51,47,22,68,Mads Burnell
4c805f5f58a75df0,0.0,0.0,0.0,0.0,170,,Orthodox,"Apr 12, 1974",5,2,0,0,0,0,0,66,Mikey Burnett
a6d8bfe9e0c8153b,2.74,4.3,0.28,0.8,170,74,Orthodox,"Mar 03, 1980",12,7,0,38,52,50,47,70,Kevin Burns
23024fdfc966410a,3.16,3.68,2.04,0.4,170,71,Orthodox,"Jul 20, 1986",22,10,0,48,52,35,53,70,Gilbert Burns
1e092415a7eeaf65,2.4,5.73,0.0,0.0,244,,,"May 15, 1978",8,10,0,48,32,0,100,73,
4f140403000158b5,1.86,5.17,2.94,1.8,145,73,Orthodox,"Feb 02, 1988",11,6,0,36,41,34,66,69,Herbert Burns
2213330f082f82d5,0.0,0.0,0.0,0.0,155,,,"Jun 09, 1980",1,0,3,0,0,0,0,,Derrick Burnsed
2c64c035485906aa,4.83,3.45,0.0,0.3,170,,Orthodox,"Feb 05, 1990",15,7,,47,56,0,52,71,Nah-Shon Burrell
8fc30d8cebb17116,0.0,0.0,0.0,0.0,145,,Orthodox,"Jan 06, 1991",9,0,,0,0,0,0,69,
f0c779dc2ca3816c,6.35,2.31,17.31,0.0,205,,,,5,2,0,64,55,66,0,73,George Bush
132505067f08c54d,0.63,7.01,2.82,0.0,185,,Orthodox,"Jul 24, 1985",8,3,,55,25,50,60,72,Bubba Bush
3033c1c080672475,2.77,4.42,2.4,0.0,155,73,Orthodox,"Jun 09, 1994",8,4,0,38,41,33,0,70,Dakota Bush
85d905f7c4f5a1af,1.33,1.9,2.46,1.2,183,,Orthodox,"Jul 30, 1966",15,8,1,32,60,33,54,74,Murilo Bustamante
51b1ca2a4b064101,0.0,0.0,0.0,0.0,170,,,,5,3,0,0,0,0,0,69,
f273f1b8df04c8a1,2.61,6.22,0.0,0.0,135,,,"Jun 02, 1987",5,3,0,59,35,0,100,68,
30e39145fec48d25,1.82,2.73,13.64,0.0,185,,,"Oct 23, 1984",10,2,0,40,25,50,0,75,
3fed746acfd026dd,0.0,0.0,0.0,0.0,200,,Southpaw,,1,4,0,0,0,0,0,73,Todd Butler
e2d5072048b825b1,0.0,0.0,0.0,0.0,,,,,1,4,0,0,0,0,0,,Goldman Butler
6b8fd98eb52363d1,2.09,6.69,0.0,0.0,155,,,,3,3,,14,36,0,50,68,
f941505e35fb1eae,4.69,0.94,0.0,14.1,261,,,"Jan 04, 1984",9,2,1,45,91,0,100,75,
a75a48bfe776b2c2,2.02,4.62,0.0,0.0,135,73,Orthodox,"May 24, 1992",12,6,0,34,39,0,0,70,Jesse Butler
0b362247806341e5,1.88,3.02,1.55,2.3,135,67,Orthodox,"Apr 30, 1996",9,6,0,39,40,25,25,65,JP Buys
c4d039123e62f6a9,4.21,4.79,0.62,0.2,145,70,Switch,"Oct 01, 1997",12,6,0,43,48,27,75,69,Dennis Buzukja
76ee3d666c648f6b,3.43,2.63,2.5,1.5,185,73,Orthodox,"Oct 11, 1983",10,7,0,55,55,50,40,70,Charles Byrd
43612456979e5d5e,1.2,2.67,3.0,4.0,170,,Orthodox,"Aug 26, 1979",6,1,0,51,27,60,0,72,Steve Byrnes
87f0b37f153cf497,0.0,0.0,0.0,0.0,155,,,"Jul 17, 1990",5,3,0,0,0,0,0,71,Michael Byrnes
7cdd3e5d3aa9cb39,2.02,1.98,2.89,1.2,155,73,Orthodox,"May 13, 1983",13,3,0,47,62,35,37,71,Yan Cabral
601f8439a0277670,0.0,0.0,0.0,0.0,185,,,"Feb 19, 2004",9,1,0,0,0,0,0,,
ce7871949b0ed2bf,1.21,0.61,0.0,0.0,125,,Orthodox,,18,13,0,66,0,0,0,66,Alvin Cacdac
7aa3d6964eff4877,4.21,3.09,0.54,0.7,145,73,Southpaw,"Jun 20, 1988",21,15,,49,62,68,64,70,Alex Caceres
ed2a8cc402173781,3.29,6.51,0.0,0.5,145,68,Orthodox,"Nov 07, 1989",7,4,0,45,43,0,18,66,Vince Cachero
b1e5bcaad32a3cac,4.35,7.45,0.37,0.0,135,65,Orthodox,"Aug 19, 1988",13,9,0,44,45,50,69,67,Priscila Cachoeira
8c457cf7da551d4b,4.8,6.72,0.0,0.0,145,68,Orthodox,"Apr 01, 1992",8,3,0,62,48,0,0,66,Yudi Cahyadi
90d28fee0af74f2d,0.0,0.0,0.0,0.0,145,,Orthodox,,5,1,0,0,0,0,0,68,Travis Calanoc
800feaa25700a85f,0.0,0.0,0.0,0.0,125,,,"Oct 10, 1982",16,2,0,0,0,0,0,69,
8661578c8bb80f51,4.8,15.67,0.0,0.0,155,70,Orthodox,"May 22, 1996",6,2,0,41,39,0,0,68,Lucas Caldas
7d4d7583df7eebf9,4.85,4.98,3.93,0.0,145,71,Southpaw,"Feb 10, 1996",6,3,,42,33,33,0,71,Carlos Calderon
b7dc25ee40ee8334,0.85,0.57,3.41,0.8,135,,,"Dec 19, 1987",10,1,0,34,60,66,100,70,
fc0a4053eb8a3a59,2.88,5.59,3.38,1.0,115,62,Orthodox,"Nov 04, 1996",9,4,0,39,52,29,50,63,Nicolle Caliari
53d471e9bf5f2fc8,0.0,0.0,0.0,0.0,155,,,"May 21, 1991",6,0,0,0,0,0,0,70,
98215d037be5bcb7,4.41,4.12,1.8,0.8,115,64,Orthodox,"Jul 13, 1987",9,6,1,38,64,44,77,64,Cynthia Calvillo
dfb965c9824425db,0.31,5.0,0.0,0.0,155,,Orthodox,"Mar 10, 1972",13,19,3,17,42,0,0,69,Joe Camacho
764342d39cdaa54a,6.56,7.44,1.11,0.0,155,73,Orthodox,"May 18, 1989",22,10,0,46,51,31,73,70,Frank Camacho
71d25689f70e4036,4.08,8.16,0.0,0.0,265,80,Orthodox,"Dec 15, 1992",6,1,0,38,6,0,0,76,Lucas Camacho
72f890c5d421e705,2.22,3.05,4.16,0.6,155,69,Orthodox,"Jan 02, 2001",11,3,0,43,66,53,0,70,Matheus Camilo
7abe471b61725980,1.29,1.85,2.34,1.5,155,71,Orthodox,"Dec 23, 1978",14,9,1,33,61,32,20,70,Fabricio Camoes
6c2030e0a143a94b,3.57,2.96,0.27,0.5,185,75,Orthodox,"Nov 20, 1986",24,13,0,44,56,19,57,74,Chris Camozzi
1999ffb5cebc314f,3.15,6.39,0.0,0.7,170,78,Orthodox,"Jun 24, 1991",7,5,0,26,54,0,0,74,Brian Camozzi
4a99978a0366bb29,0.0,0.0,0.0,0.0,135,,,,11,4,0,0,0,0,0,67,
f5585e675af7afd4,1.4,1.4,5.26,0.0,155,,Southpaw,"Nov 15, 1982",13,4,0,26,63,100,0,69,Mike Campbell
d060014a5a039829,0.0,0.0,0.0,0.0,,,,,3,3,0,0,0,0,0,,Thomas Campbell
784285b7ae7dd85f,3.99,3.19,1.36,0.0,155,71,Orthodox,"Jan 21, 1987",14,6,0,59,55,28,82,72,Shane Campbell
b39f7a6c2be17ee8,5.23,4.17,2.45,0.0,155,72,Orthodox,"Jul 03, 1995",9,3,0,51,55,36,62,72,Charlie Campbell
903ef36a6adc09a3,5.4,2.51,0.94,0.0,170,73,Orthodox,"Jun 26, 1994",16,7,0,53,60,10,50,73,Kitt Campbell
9d51798e61f2e0c7,3.5,2.63,8.76,0.0,145,72,Switch,"Jul 29, 2002",8,1,0,48,51,40,50,69,Kurtis Campbell
31bbd46d57dfbcb7,0.0,0.0,0.0,0.0,235,,Orthodox,,0,1,0,0,0,0,0,69,John Campetella
db6d5f691aea3fd3,1.54,2.53,2.71,0.0,145,,Southpaw,"Jul 31, 1981",12,10,0,41,51,100,0,66,Wagner Campos
aa8dc72b3a1f761c,2.41,10.34,0.0,0.0,155,,,"Apr 01, 1988",19,6,0,23,44,0,0,69,
901cddcbfa079097,2.43,3.82,0.88,0.2,125,70,Orthodox,"May 27, 1986",14,6,0,31,57,45,48,69,Will Campuzano
c2a670b22d2e196f,4.73,4.26,0.46,0.0,205,74,Orthodox,"Sep 25, 1995",6,3,0,57,54,22,50,73,Aleksa Camur
32be4b7f7de1c905,2.58,2.46,0.77,0.4,125,66,Orthodox,"Jan 26, 1985",17,7,,41,64,40,72,66,Chico Camus
2a7afe14b3a0a058,0.0,0.0,0.0,0.0,225,,,,0,1,0,0,0,0,0,70,Asbel Cancio
760a55d5b6098cbe,3.97,5.17,2.28,0.3,125,68,Southpaw,"Jun 04, 1991",8,3,0,46,44,36,53,68,Carlos Candelario
23fbe02caabcd214,1.67,3.87,8.0,5.0,125,,Southpaw,"Apr 24, 1989",6,0,0,42,52,53,0,66,Ronaldo Candido
24b033b3daf1c9df,4.79,5.0,0.56,0.3,185,77,Southpaw,"Apr 24, 1981",17,7,,41,60,28,100,74,Luiz Cane
d05412b513b19621,3.44,2.84,2.27,0.4,135,68,Southpaw,"Dec 19, 1979",10,8,0,55,51,55,64,66,Guido Cannetti
13a0275fa13c4d26,4.42,4.35,0.54,0.0,185,77,Switch,"Mar 16, 1984",18,9,0,49,56,40,64,71,Jared Cannonier
03da33a102d9a45f,0.78,4.68,0.0,0.0,240,,Orthodox,"Jul 02, 1964",0,1,0,10,62,0,0,76,Jose Canseco
23100e8f71f25a4a,0.0,0.0,0.0,0.0,155,,,,1,10,0,0,0,0,0,68,Cody Canterbury
6750e338922a099d,3.16,12.63,0.0,0.0,235,,Orthodox,"Feb 08, 1969",10,10,0,16,0,0,0,74,Bo Cantrell
f1f9e48a0d150757,3.63,5.76,0.65,0.7,185,75,Orthodox,"Dec 08, 1986",7,6,0,34,55,30,80,74,Steve Cantwell
83b8fe74224dd642,0.0,0.0,0.0,0.0,135,,,"Dec 27, 1996",6,0,0,0,0,0,0,67,
bd81a97864acf098,2.93,4.07,1.0,1.0,135,70,Orthodox,"Jun 05, 1992",6,1,0,50,29,8,100,68,Phil Caracappa
44f9c777fed7ca03,0.0,0.0,0.0,0.0,,,,"Feb 16, 1970",2,3,0,0,0,0,0,,Frank Caracci
899eaba48fa864a6,4.5,2.66,1.24,1.6,145,,Orthodox,"Apr 16, 1982",7,1,0,47,64,66,85,68,Gina Carano
155a02a8b4311057,0.77,1.2,0.0,0.0,225,,Orthodox,"May 25, 1977",9,5,0,23,59,0,72,76,Dos Caras Jr.
5ef0088c1b19beeb,2.53,3.61,2.57,0.8,135,68,Orthodox,"Aug 04, 1984",21,9,0,34,54,25,80,68,Bryan Caraway
e5512a6aed150d8f,2.27,1.47,0.0,0.0,135,,,,7,5,0,47,59,0,100,,
f6a7b02c42e9fc5b,2.47,2.0,0.0,2.5,155,,,"Jul 09, 1976",8,5,0,50,57,0,11,71,Phil Cardella
99a86b134dccc166,0.0,0.0,0.0,0.0,145,,,,4,1,0,0,0,0,0,,Edgar Cardenas
b2e3aca4cd363477,3.35,2.23,1.11,0.8,125,64,Southpaw,"May 27, 1981",17,8,0,43,61,39,57,63,Chris Cariaso
cbd022eaf2ac546a,0.0,0.0,0.0,0.0,125,,,,4,2,0,0,0,0,0,,Ronald Carillo
08a7080ff5904661,0.0,0.0,0.0,0.0,245,,Orthodox,,2,1,1,0,0,0,0,80,Rafael Carino
f59a6de8a5dfe297,1.44,7.68,0.0,0.0,170,,,,10,7,0,30,43,0,66,,Don Carlo-Clauss
52e76bb4b3e852f3,1.95,2.14,3.42,0.8,185,79,Orthodox,"Mar 16, 1990",11,5,,42,52,39,53,74,Antonio Carlos Junior
be68b375707dcb85,2.55,3.85,3.34,0.5,145,71,Switch,"May 06, 1993",9,3,0,54,30,36,57,68,Spike Carlyle
3591d0d5d382a381,2.22,1.64,1.79,0.6,205,78,Orthodox,"Oct 11, 1981",25,12,0,42,59,36,73,75,Francis Carmont
51a0c09cbe9b8472,2.78,2.51,2.57,0.3,125,66,Orthodox,"Feb 19, 1984",13,7,0,54,61,51,65,66,Liz Carmouche
1c86754617d9813a,1.46,1.82,3.05,1.4,170,76,Orthodox,"Jun 02, 1978",21,11,0,46,62,42,83,71,Roan Carneiro
c0d5c0c95c59050b,2.68,4.69,1.06,0.2,115,61,Orthodox,"Nov 17, 1992",15,5,0,38,43,50,22,62,Ariane Carnelossi
528b071cf3da7c56,4.65,3.46,0.3,0.6,135,69,Orthodox,"Jun 11, 1993",11,5,0,51,51,37,68,66,Luana Carolina
b80ea4880f25c187,0.59,6.9,0.0,0.0,185,,Orthodox,"Jul 24, 1987",7,1,,50,12,0,0,73,Tim Caron
b62d5280966b2460,3.88,4.47,1.75,1.0,125,66,Orthodox,"Jun 09, 1996",8,3,0,50,49,35,50,66,Clayton Carpenter
89ed44801968b8e3,4.15,1.53,0.0,0.0,135,,,,7,0,0,37,80,0,100,66,
9346efb4bbaedd08,0.0,0.0,0.0,0.0,155,,,,11,16,0,0,0,0,0,70,
064b7dc68d786254,2.72,5.8,0.0,0.0,155,,Orthodox,"Jul 22, 1986",10,3,0,42,51,0,14,68,Cain Carrizosa
572a89dbe1f76761,7.62,10.48,0.0,0.0,170,,,,16,14,0,61,43,0,100,70,
0d49ddc07bd8c747,0.0,0.0,0.0,0.0,155,,,,11,7,0,0,0,0,0,70,Jonny Carson
1e3302f9ab6f549a,0.62,6.22,0.0,0.0,215,,,,4,2,0,66,23,0,0,74,Scott Carson
7b6e40a73b567072,1.62,2.32,0.75,0.0,170,,Southpaw,"May 03, 1972",51,31,,36,47,66,75,70,Shonie Carter
1f592bfefb0d62a3,0.8,3.33,6.0,2.0,135,68,Orthodox,"May 26, 1994",10,1,0,38,29,66,0,69,Jack Cartwright
456c02115efc4a01,0.6,0.93,0.0,4.0,154,,,"Jun 07, 1982",10,5,0,45,53,0,66,68,Bruno Carvalho
fef3d17e27e916e7,3.03,3.62,0.0,0.0,145,70,Orthodox,"May 30, 1979",15,6,0,29,64,0,100,69,Antonio Carvalho
620d8710e89cfeae,1.94,1.84,2.77,0.0,185,,,"Jul 27, 1986",14,1,0,50,54,40,70,75,
68dd7b3783c19f9c,4.38,3.53,1.42,0.0,265,80,Orthodox,"Jan 04, 1975",12,2,0,47,53,33,42,74,Shane Carwin
1f4b04a926ef1287,3.95,2.66,1.7,0.2,155,72,Orthodox,"Jun 28, 1989",22,6,0,38,61,45,72,70,Johnny Case
8d9586726252dbf7,2.27,3.76,0.79,0.4,185,77,Southpaw,"Jun 15, 1981",9,5,,53,46,22,27,71,Kevin Casey
5f179af5fffeb9f6,4.29,4.0,0.39,0.5,125,67,Orthodox,"May 05, 1987",10,10,0,39,55,31,39,67,Cortney Casey
3993f7dcb7caf42a,5.42,0.68,10.17,0.0,255,,Orthodox,,10,4,0,72,33,66,0,77,Brandon Cash
ec7ac09293d26c05,0.74,3.42,0.0,0.0,145,,Southpaw,"Jun 10, 1980",20,14,2,27,54,0,100,65,Bendy Casimir
31c01fbc2586a5eb,0.0,0.0,0.0,0.0,212,,Orthodox,,1,1,0,0,0,0,0,70,Dwayne Cason
2b1c6f28039efe36,4.17,10.83,0.0,0.0,205,,,"Jan 19, 1988",9,1,0,55,23,0,0,75,Joe Cason
5fa2974cbd18e05c,4.95,5.07,1.49,0.1,135,71,Switch,"Dec 18, 1991",21,8,1,51,54,37,75,66,John Castaneda
a0a69dc9914ef6e1,0.0,0.0,0.0,0.0,145,,,,3,2,0,0,0,0,0,68,Eric Castile
31ceaf0e670c1578,0.6,2.22,3.33,0.0,170,,Southpaw,"Oct 21, 1965",8,5,0,45,44,45,50,69,Gil Castillo
d1e7fc58d4225cdf,2.57,1.96,2.95,0.2,155,71,Orthodox,"Aug 25, 1979",17,10,0,42,62,38,63,69,Danny Castillo
feeae92f951f49a9,1.47,3.27,0.0,0.0,185,,Orthodox,,7,1,0,48,60,0,0,71,Raul Castillo
e680418329c84ec4,3.24,2.01,1.68,0.0,125,,,"May 05, 1982",1,0,0,56,57,100,100,62,Jenna Castillo
6ca68b636fbc1f18,0.39,0.77,0.0,0.0,235,,Orthodox,,4,2,0,100,33,0,0,71,Tim Catalfo
f8fe2053d73d7bcf,2.11,2.32,3.71,0.5,185,72,Southpaw,"Sep 01, 1981",10,4,0,44,63,44,83,72,Nick Catone
68d76fd9ecf7431d,1.97,5.07,0.44,0.0,155,,Orthodox,"Nov 30, 1980",17,17,0,28,55,20,85,67,Luke Caudillo
2a74bbba57058f12,1.98,3.11,1.25,1.1,155,71,Orthodox,"Jul 06, 1983",21,10,,35,51,36,66,68,Gesias Cavalcante
5c1ca0c72b599a3c,2.71,3.62,0.6,0.1,205,74,Orthodox,"Apr 14, 1980",12,7,,53,49,40,63,73,Rafael Cavalcante
e3964ece586e0635,5.3,2.98,0.0,0.0,135,70,Orthodox,"Aug 29, 1997",10,2,0,46,68,0,85,68,Jacqueline Cavalcanti
9c3de7f8966326de,3.33,3.6,1.0,0.0,170,79,Orthodox,"Oct 10, 1997",9,1,0,42,48,50,66,71,Igor Cavalcanti
0e21976afc92e4d1,2.38,3.02,2.87,1.0,185,79,Orthodox,"Apr 10, 1982",14,5,0,51,40,64,66,77,Magnus Cedenblad
3e61082025db8137,1.64,1.6,0.0,0.3,155,69,Orthodox,"Feb 12, 1985",10,6,1,29,67,0,31,68,Yosdenis Cedeno
056c493bbd76a918,3.83,3.84,1.78,0.1,135,64,Orthodox,"Feb 09, 1987",16,6,0,47,57,29,72,64,Henry Cejudo
b27b8881d7444114,1.91,2.61,3.92,1.3,170,,,"Jun 26, 1985",6,8,0,42,51,75,50,74,Adam Cella
f21a152aaa3e95c6,2.9,2.69,1.61,0.0,155,74,Orthodox,"Nov 24, 1995",7,2,0,48,62,50,0,73,Vinicius Cenci
025c1ee70b2cedf4,0.0,0.0,0.0,0.0,185,,,"Jan 25, 1995",14,3,0,0,0,0,0,,Vlasto Cepo
e872e9a9a902c045,4.58,4.48,0.31,0.3,125,68,Orthodox,"Dec 28, 1988",18,6,0,34,62,15,50,69,Katlyn Cerminara
09a4447655fd4b7b,1.56,5.05,0.0,0.0,205,76,Southpaw,"Mar 15, 1990",11,4,0,43,36,0,36,75,Rafael Cerqueira
1d00756835ca67c9,4.41,4.48,1.16,1.2,155,73,Orthodox,"Mar 29, 1983",36,17,,46,53,33,73,73,Donald Cerrone
fdf59144e535bc38,0.0,0.0,0.0,0.0,155,,,"Dec 15, 1984",5,2,0,0,0,0,0,70,
9ccf8371fd80d45d,4.16,3.19,0.32,0.3,170,75,Orthodox,"Jun 17, 1993",15,3,1,47,62,12,85,72,Luan Chagas
70186298465de3f3,3.13,3.53,4.0,0.0,145,71,Orthodox,"Dec 31, 1999",11,2,0,26,58,44,100,68,Dagiisuren Chagnaadorj
5ef94841c4bc3f86,3.76,4.71,0.0,1.4,125,71,Orthodox,"Jan 27, 1996",14,6,,46,46,0,47,67,Edgar Chairez
7342fcc41a4817fa,0.68,1.69,0.0,7.6,170,,Orthodox,"Oct 30, 1979",14,5,0,66,54,0,0,69,Ansar Chalangov
26b63bc5c0c1f65d,2.97,5.1,2.31,1.0,115,63,Southpaw,"Oct 25, 1978",5,5,0,54,50,41,53,63,Alex Chambers
4b93a88f3b1de35b,3.91,4.51,1.88,0.5,155,71,Orthodox,"Apr 24, 1986",23,11,0,49,43,37,61,68,Michael Chandler
af9efbfd63d39734,3.52,4.27,0.81,0.3,135,68,Southpaw,"Nov 23, 1990",7,4,0,45,40,60,25,68,Chelsea Chandler
62f3039da2f92a8c,2.47,1.6,5.0,0.0,125,67,Orthodox,"Nov 23, 1995",15,2,0,40,64,83,75,67,Eduardo Chapolin
8788beb528894f33,0.0,0.0,0.0,0.0,178,,Southpaw,,0,1,0,0,0,0,0,71,Donnie Chappell
19ffeb5e3fffd6d5,0.0,0.0,0.0,0.0,260,,Southpaw,,6,13,0,0,0,0,0,73,Joe Charles
32a4f1235f0dad73,2.82,3.51,0.0,0.0,228,,,"Sep 24, 1985",10,6,1,45,44,0,31,74,
5b03b61f9d90125e,4.02,4.51,2.06,0.3,145,69,Orthodox,"Oct 26, 1995",21,12,1,50,53,46,83,68,Morgan Charriere
8061a3136026a673,4.97,4.2,1.5,0.5,125,68,Orthodox,"Feb 02, 1997",8,0,0,56,53,37,62,66,Jeisla Chaves
b406da701c479076,2.79,3.89,0.89,0.0,145,70,Orthodox,"Jun 27, 1983",10,2,0,40,59,33,50,68,Ernest Chavez
84e8920e59ff14a7,2.73,1.53,3.0,0.0,145,,,,12,9,0,48,54,50,0,69,
0de720c0f1d4ab9c,2.86,3.83,1.95,0.0,145,67,Orthodox,"Mar 14, 1987",11,5,1,38,50,60,87,68,Danny Chavez
9c5f7d5c6d084b35,0.0,0.0,0.0,0.0,185,,Switch,"Apr 03, 1986",10,2,0,0,0,0,0,73,
d8d7b24d276c8cb0,1.0,2.6,0.0,0.0,170,,Orthodox,"Feb 07, 1985",7,4,0,41,71,0,0,71,Albert Cheng
78a68f1dade6aaf7,1.35,4.89,0.0,0.0,205,74,Southpaw,"Nov 25, 1994",7,4,0,40,38,0,0,73,Fabio Cherant
c713a845360d604b,0.0,0.0,0.0,0.0,205,,,,1,1,0,0,0,0,0,,
79a193111e3bc99b,3.69,7.37,5.03,0.0,145,69,Orthodox,"May 12, 1986",11,1,0,34,56,50,0,67,Mark Cherico
9cdd2da1a9104a0b,3.21,2.76,1.87,0.4,135,72,Orthodox,"Jul 27, 1991",11,6,0,46,44,35,62,71,Macy Chiasson
c58f51dedb310998,2.02,1.73,3.11,1.0,170,75,Southpaw,"Dec 07, 1987",20,7,0,40,57,47,65,73,Michael Chiesa
9560ff14eb3129f7,3.75,3.47,0.18,0.2,145,74,Orthodox,"Aug 25, 1988",15,6,0,42,59,33,65,72,Giga Chikadze
767755fd74662dbf,4.01,2.98,5.32,1.4,185,75,Orthodox,"May 01, 1994",15,1,0,54,52,58,87,74,Khamzat Chimaev
9f7787e56a6bc0f4,2.4,4.8,0.0,0.0,155,,Orthodox,"Mar 11, 1984",8,1,0,27,46,0,100,71,Sako Chivitchian
371a1c91b24dec2b,1.55,3.65,3.12,1.0,230,,Orthodox,"Jun 27, 1970",12,6,0,49,44,75,60,74,Mu Bae Choi
2c104b7e59a72629,1.32,1.46,0.71,0.0,330,,Orthodox,"Oct 30, 1980",4,5,0,26,36,100,84,86,Hong Man Choi
e93b04e308913c2e,5.0,4.43,1.26,0.5,145,70,Orthodox,"Apr 10, 1991",17,4,1,55,57,53,59,70,Dooho Choi
a68575214ecad140,3.56,3.16,0.83,0.0,145,74,Orthodox,"Nov 03, 1992",11,8,0,38,47,54,70,72,SeungWoo Choi
adccbc19b22e19af,2.69,2.69,1.02,0.0,125,64,Orthodox,"Dec 26, 1996",7,3,0,42,65,27,74,66,SeungGuk Choi
3be16d817b36098b,4.54,3.13,0.46,0.0,125,66,Switch,"Jan 02, 1999",9,0,0,66,58,14,81,65,DongHun Choi
001eb2ab0f30e7ea,3.87,7.33,2.0,0.0,155,69,Orthodox,"Oct 22, 1995",8,1,0,50,33,18,0,68,Mark Choinski
a69a7120cf26669d,15.65,0.0,0.0,0.0,170,72,Orthodox,"Oct 02, 1996",15,3,,54,100,0,0,71,Levan Chokheli
03c9994c5b8958ec,2.65,2.29,1.82,0.4,155,74,Orthodox,"Dec 17, 1983",8,3,0,49,73,31,78,71,John Cholish
55a7b2d4e54ffac9,2.57,2.25,0.61,0.3,170,70,Orthodox,"Oct 08, 1976",22,13,0,43,60,41,39,69,Ryo Chonan
db5dc7cb80d7d418,4.43,9.93,0.0,0.0,145,,Switch,"Sep 08, 1990",34,13,0,27,46,0,0,76,Will Chope
3c4320a1b6106611,2.85,2.46,0.0,0.0,135,67,Switch,"Jul 24, 1998",9,0,0,50,51,0,83,68,Cody Chovancek
2d447cc91bdaa545,3.78,3.29,0.0,0.0,205,76,Orthodox,"Nov 07, 1978",14,6,0,41,46,0,0,75,Joachim Christensen
7e9b36a9847db116,2.19,3.54,0.0,1.9,205,80,Orthodox,"Jan 21, 1995",9,4,0,58,40,0,50,79,Kevin Christian
b369533a577fa97c,4.23,3.88,0.0,1.1,265,,Orthodox,"Apr 26, 1972",20,7,0,51,54,0,37,80,Dan Christison
4f11e9ce318ffbcb,2.19,5.9,0.0,0.0,155,,Orthodox,"Jul 30, 1987",12,7,0,26,45,0,40,69,Anthony Christodoulou
d4a12dfa4067742f,0.85,3.41,8.53,0.0,185,,Orthodox,,8,4,0,16,66,100,0,71,Murad Chunkaiev
f197ce0cbe69996d,4.0,4.93,0.0,1.0,155,72,Orthodox,"Sep 27, 1990",4,1,0,40,50,0,60,71,Cameron Church
eaebaa6801338ea1,0.0,0.0,0.0,0.0,170,,,,4,4,0,0,0,0,0,72,
51b0bb73a1da34bc,0.51,4.62,0.0,5.1,235,,Orthodox,"Oct 28, 1979",19,4,,50,57,0,20,72,Mike Ciesnolevicz
2244d9a2b64b8c3b,4.99,5.39,0.26,0.3,115,62,Orthodox,"Jun 26, 1992",10,7,0,44,52,100,64,61,Hannah Cifers
4e5bbc4566049cbf,0.0,0.0,0.0,0.0,215,,Orthodox,"Oct 03, 1954",0,2,0,0,0,0,0,73,Branko Cikatic
3f3550bf126a5721,0.0,5.88,0.0,0.0,,,Orthodox,,2,6,0,0,16,0,0,,Nikolajus Cilkinas
67f272324a030d00,3.86,3.06,4.15,1.7,205,77,Orthodox,"Feb 27, 1987",15,9,0,51,57,39,76,75,Misha Cirkunov
42611508ba8c3298,0.0,0.0,0.0,0.0,170,,,"Feb 05, 1980",9,6,0,0,0,0,0,71,
c02862a5f6d3fbd0,0.0,0.0,0.0,0.0,170,,,"Nov 25, 2002",8,0,0,0,0,0,0,,
1c2f2571b18791b6,0.0,0.0,0.0,0.0,170,,Orthodox,"Dec 02, 1973",27,21,1,0,0,0,0,71,Laverne Clark
6776260cb0aef647,2.2,1.49,0.31,2.1,185,,Orthodox,"Feb 16, 1985",18,6,0,54,53,100,30,74,Logan Clark
69108cb8b32efe04,5.8,2.9,0.0,0.0,224,,Orthodox,,10,14,0,56,59,0,0,75,Mychal Clark
8a64b3f87ad29d1e,0.0,0.0,0.0,0.0,155,,,"Aug 01, 1985",10,7,0,0,0,0,0,70,Dominic Clark
dd4c16777fb2ccf9,3.69,5.62,0.33,0.3,115,64,Orthodox,"Sep 19, 1980",7,6,0,49,50,4,80,66,Heather Clark
cc7040fe76f0ef91,3.03,3.24,2.17,0.1,205,75,Orthodox,"Apr 12, 1990",14,9,0,54,44,32,58,72,Devin Clark
6c8072b61c276e67,3.73,3.51,1.66,0.3,135,64,Orthodox,"Nov 28, 1987",11,9,,51,58,42,62,65,Jessica-Rose Clark
7ae36b3791e0969a,11.51,20.55,0.0,0.0,125,64,Orthodox,"Jul 07, 1992",5,1,0,58,35,0,0,65,Shannon Clark
a77c71a574132188,0.0,0.0,0.0,0.0,170,,,"Aug 15, 1977",1,1,0,0,0,0,0,,John Clarke
c76ec2bc3a57666a,2.35,3.27,0.64,0.4,155,73,Orthodox,"Nov 24, 1985",11,5,0,34,47,15,50,70,Mitch Clarke
7d21de9c6d7c98b2,1.43,2.29,1.72,1.1,155,72,Southpaw,"Mar 31, 1976",45,23,1,37,60,42,25,69,Rich Clementi
e5ecaf884b6da2bc,3.2,2.37,0.0,0.3,170,70,Orthodox,"Feb 09, 1976",12,6,,49,44,0,32,70,Chris Clements
a221b4812b0e7364,0.0,0.0,0.0,0.0,248,,,"Dec 30, 1997",6,1,0,0,0,0,0,,
8e32bfcff3ec1717,0.0,0.0,0.0,0.0,160,,,,4,3,0,0,0,0,0,,RJ Clifford
60098849c703e389,4.13,2.9,3.5,0.0,125,65,Southpaw,"Nov 06, 1997",9,2,0,59,57,36,46,64,Mark Climaco
48e96d9cea6d4ab0,1.6,2.87,2.0,0.0,145,,Orthodox,"Jul 11, 1981",6,2,1,64,50,66,75,66,Josh Clopton
3138fab619faf4d1,0.0,3.68,5.81,0.0,155,,Orthodox,"Sep 03, 1980",20,9,0,0,55,50,0,71,Brian Cobb
dc6d8256ee3dfba5,0.0,0.0,0.0,0.0,185,,,"Aug 04, 1980",6,8,0,0,0,0,0,69,Darryl Cobb
6dbb1107de9a4a08,0.0,0.0,0.0,0.0,155,,,"May 10, 1973",26,29,1,0,0,0,0,66,Dave Cochran
8fa7e0bc052185ce,2.66,2.66,4.43,0.0,155,,,"May 01, 1986",29,12,0,75,30,33,0,68,
0b77a05bcbd2de74,2.15,1.9,0.82,2.5,145,67,,"Mar 31, 1981",23,8,0,51,67,30,41,69,Marloes Coenen
e90d9d0681270953,0.0,0.0,0.0,0.0,185,,,"Mar 03, 1972",7,5,0,0,0,0,0,,Marc Cofer
8b260672a21d1fd6,2.73,3.43,1.22,0.0,155,,Southpaw,"Apr 29, 1984",8,4,0,41,62,50,64,69,John Cofer
a0c29b13f7a5df32,0.0,0.0,0.0,0.0,,,,,7,10,0,0,0,0,0,,
dbac0a413af64bbe,2.17,4.65,1.88,0.5,145,69,Orthodox,"Mar 31, 1994",10,4,0,45,36,24,43,68,Felipe Colares
2eab7a6c8b0ed8cc,0.57,8.33,4.31,4.3,205,,Orthodox,"Jan 06, 1971",16,25,0,20,27,25,0,73,Wayne Cole
1174782eacde9b0c,3.5,2.14,2.18,0.0,240,,Orthodox,"Oct 01, 1976",20,10,1,55,48,42,66,76,Devin Cole
cecd72feb0d640e3,0.0,0.0,0.0,0.0,185,,,"Apr 24, 1989",4,5,0,0,0,0,0,,Coltin Cole
987b80f57190d6d0,2.68,4.69,0.0,0.0,135,,,"Nov 30, 1990",2,3,0,36,46,0,0,69,
5d8a9c95af50280a,2.45,3.59,0.0,0.0,264,72,Orthodox,"Jan 09, 1995",10,4,0,60,26,0,0,70,Chandler Cole
21b8a0f5c231096f,1.88,2.62,3.89,0.8,205,75,Orthodox,"Dec 20, 1964",16,10,0,52,40,40,50,73,Mark Coleman
ffb20ae0db47ebe6,0.0,0.0,0.0,0.0,185,,,"Jan 28, 1982",13,8,0,0,0,0,0,73,Cortez Coleman
cc900c6a71ed23f3,4.22,5.0,2.81,0.5,145,73,Orthodox,"Mar 10, 1993",14,7,,32,50,39,71,71,Clay Collard
6b64db453edf4c50,3.11,5.66,0.52,1.6,115,65,Orthodox,"Nov 02, 1985",4,1,0,61,33,33,50,63,Jamie Colleen
92fa1401b7927da3,5.8,5.08,0.71,0.6,230,78,Orthodox,"Oct 25, 1988",13,10,0,44,50,33,67,75,Jake Collier
70fc8214822b5a85,5.07,3.87,0.0,3.0,145,71,Orthodox,"Mar 08, 2000",8,0,0,55,34,0,44,69,Shane Collins
9123c54d0a2b72dd,2.76,4.02,0.0,0.0,265,,Orthodox,"Jul 01, 1980",8,3,1,44,42,0,33,77,Christian Colombo
dfc7f0a2d91ad337,0.0,0.0,0.0,0.0,135,72,,"Jun 21, 1986",11,1,0,0,0,0,0,70,
a85998eb79650b2c,2.14,4.73,0.0,0.0,205,,Orthodox,"Jun 18, 1973",20,6,0,48,45,0,0,74,Wes Combs
a76c07e8e4c76e9a,3.07,6.73,0.0,0.0,115,65,Orthodox,"May 13, 1997",7,1,0,28,60,0,0,55,Rose Conceicao
b4ebc1539a08054b,2.73,9.09,0.0,0.0,125,67,Orthodox,"Oct 27, 1999",10,3,0,40,41,0,0,64,Roque Conceicao
f9f07bb5a43535ed,3.66,2.67,0.59,1.0,170,75,Orthodox,"Apr 26, 1984",32,14,0,39,55,46,38,74,Carlos Condit
41e77dc504a192c6,0.0,0.0,0.0,0.0,335,,Orthodox,,0,1,0,0,0,0,0,72,Chris Condo
c44530d3969134a3,5.29,9.71,0.0,0.0,170,75,Switch,"May 21, 1997",7,2,0,35,21,0,100,74,Jack Congdon
2ebfbe72ed703925,3.31,2.96,0.33,0.3,145,68,Orthodox,"Dec 12, 1985",14,8,0,51,50,14,60,70,Tristan Connelly
d450769115a193c2,1.6,9.69,1.84,0.0,220,,Orthodox,"Mar 14, 1982",5,1,0,34,35,14,0,74,Marcos Conrado Jr.
18f5669a92e99d92,1.5,3.25,0.0,7.5,240,,Orthodox,"Jul 19, 1974",11,8,,75,43,0,0,73,Jeremiah Constant
06d4eb8123087123,0.0,0.0,0.0,0.0,155,,,,6,0,0,0,0,0,0,,
1c061eb6e29eaa0a,0.0,0.0,0.0,0.0,170,,Orthodox,,5,0,0,0,0,0,0,69,Bob Cook
3ab0df1ddd5f1dc2,1.72,2.4,1.03,2.1,205,,Orthodox,"Oct 07, 1981",13,13,0,49,46,33,55,73,Mike Cook
e6daf9cdbf0da889,0.0,0.0,0.0,0.0,205,,,"Nov 07, 1979",10,12,0,0,0,0,0,74,Chad Cook
fa238ecfd048f7d8,2.3,3.18,1.01,0.0,205,,,"Sep 08, 1982",13,5,0,47,54,50,0,,TJ Cook
5efaaf313b652dd7,0.0,0.0,0.0,0.0,205,,,"Nov 10, 1974",2,1,0,0,0,0,0,,Dewey Cooper
88ffe9745e218dd8,0.0,0.0,0.0,0.0,170,,Orthodox,"Jul 02, 1987",23,12,0,0,0,0,0,72,Brett Cooper
78bd6940d093fd33,0.0,0.0,0.0,0.0,155,,,"May 05, 1984",2,1,0,0,0,0,0,,Bill Cooper
1b51895e5572cfda,2.87,3.4,0.0,1.0,155,,,,12,7,0,25,59,0,40,73,
d4a31850a7457f1b,3.55,3.2,1.53,1.8,115,64,Switch,"Oct 22, 1991",3,5,0,44,51,38,28,63,Amanda Cooper
ce47f49e5c386a9c,1.18,2.12,0.0,3.5,170,,Orthodox,"Mar 17, 1977",6,7,0,52,35,0,50,72,Kit Cope
8c8c92a12621d7e0,3.96,4.82,0.0,0.0,170,72,Orthodox,"Mar 05, 1983",8,4,0,26,50,0,80,72,Chris Cope
3aa794cbe1e3484b,1.03,3.01,0.0,0.0,265,,Orthodox,"Oct 20, 1982",12,4,0,31,55,0,57,73,Josh Copeland
2b91eff985b532cd,0.8,0.13,0.0,0.0,170,77,Southpaw,"Aug 24, 1989",4,1,0,28,66,0,25,73,Michael Cora
3f52ce18fb98008f,3.25,4.91,0.7,0.0,145,68,Orthodox,"Aug 27, 1982",12,6,,45,50,28,86,68,Akira Corassani
1f9344211ca7fd60,2.02,5.41,0.0,0.4,155,,Orthodox,"May 18, 1978",17,9,0,34,53,0,80,70,Muhsin Corbbrey
5e9ca8dd7d783a75,4.69,2.4,1.75,0.0,125,67,Orthodox,"Apr 24, 1998",12,3,,44,69,50,71,68,Alden Coria
d967f0128c323de6,4.25,2.92,1.83,0.4,235,72,Orthodox,"Mar 20, 1979",22,3,,52,54,44,80,71,Daniel Cormier
f2b3f4ef3f780168,2.73,2.04,0.22,0.2,135,67,Orthodox,"Dec 06, 1989",9,4,0,55,56,11,47,67,Nora Cornolle
fe67cd6423f7a8ad,4.93,5.6,0.0,0.0,155,,,"Jun 15, 1981",2,5,0,32,66,0,66,,Clint Coronel
7cb0946d51b8cde7,4.12,5.84,0.0,0.0,145,,,,13,3,0,41,55,0,69,69,
673ea7dcc786b1b3,4.37,4.93,0.39,0.0,135,64,Orthodox,"Jun 22, 1983",11,6,1,43,56,18,85,65,Bethe Correia
4e9fb05d7e5e61b8,2.6,8.8,0.0,0.0,260,,Orthodox,"Nov 11, 1978",20,16,0,36,40,0,90,75,Wesley Correira
fc08099550072fe4,5.34,3.63,0.4,0.1,260,78,Orthodox,"Oct 03, 1991",17,3,0,48,54,50,73,76,Waldo Cortes Acosta
68d4a891e5cf2029,3.86,3.01,2.15,0.3,125,65,Orthodox,"Dec 10, 1993",12,3,0,48,57,46,59,65,Tracy Cortez
1a7d44196949577c,4.1,7.43,1.5,0.0,135,68,Orthodox,"Jul 31, 1992",7,3,0,45,52,11,100,67,Reyes Cortez Jr.
1267b631db78665a,0.0,0.0,0.0,0.0,255,,,,5,0,0,0,0,0,0,77,
afe8d5b39ff7fca2,4.31,5.35,1.04,0.5,170,71,Orthodox,"Aug 27, 1995",7,2,0,45,47,20,50,69,Louis Cosce
2c010b26a3306969,2.77,4.02,1.92,0.0,170,71,Switch,"Jul 15, 1994",8,2,0,53,44,40,61,71,Orion Cosce
d150c6fbdb7687f4,0.0,0.0,0.0,0.0,205,,,"Feb 18, 1981",1,13,0,0,0,0,0,76,Miguel Cosio
222d6b547de2e035,0.2,3.05,0.0,0.0,155,,Orthodox,"Nov 18, 1980",22,8,,50,50,0,0,67,Jadson Costa
28877eddb1c0b967,0.0,0.0,0.0,0.0,155,,,,7,1,0,0,0,0,0,,
2e5c2aa8e4ab9d82,6.15,5.96,0.3,0.0,205,72,Orthodox,"Apr 21, 1991",16,4,0,59,49,42,77,73,Paulo Costa
325ad0dd9126d3df,6.53,7.58,0.0,0.0,135,73,Switch,"Jul 06, 1994",6,4,0,46,58,0,50,69,Randy Costa
3fa97913cfd205d3,3.86,3.7,0.77,0.4,125,67,Orthodox,"Jan 28, 1996",16,5,0,46,56,26,86,64,Alessandro Costa
20bccc9bb4ceb23e,4.29,3.19,1.53,0.8,145,71,Southpaw,"Sep 14, 1996",26,8,0,47,50,35,50,70,Melquizael Costa
c41cbb5bf944ca54,7.36,9.62,0.0,0.0,185,75,Orthodox,"Sep 19, 2000",8,2,0,54,50,0,0,74,Vitor Costa
f584a6e0b5b74604,0.33,2.47,0.0,1.0,230,72,Orthodox,"Oct 15, 1984",11,3,,41,41,0,60,72,Oscar Cota
9fa3bd637edd9aa2,2.81,3.21,0.68,0.2,170,75,Orthodox,"Feb 29, 1980",23,11,0,48,48,20,43,71,Patrick Cote
3ec1e4ba98c9c85a,0.79,2.75,0.79,0.0,155,,Orthodox,"Nov 04, 1989",17,5,0,25,45,100,50,69,JC Cottrell
8112c9a23dccc759,12.29,6.8,0.0,0.0,145,,Orthodox,"May 17, 1994",4,1,0,57,45,0,75,66,JR Coughran
d1528ac5675558b1,4.82,6.68,0.0,0.0,205,76,Orthodox,"Nov 27, 1981",9,4,0,56,50,0,62,71,Rashad Coulter
79ab17db3b40831a,0.0,0.0,0.0,0.0,170,,,"Feb 08, 1983",20,7,0,0,0,0,0,68,Dave Courchaine
0aa92558424ced9e,2.85,1.53,2.78,0.5,205,75,Orthodox,"Jun 22, 1963",19,11,0,57,59,46,58,73,Randy Couture
84c43f0d25f15b0b,12.12,2.31,0.0,0.0,135,,Orthodox,"Dec 18, 1975",3,8,0,80,69,0,0,68,Kim Couture
46fd223e3ced39b3,3.54,2.87,1.55,1.3,155,73,Orthodox,"Aug 27, 1982",11,5,0,45,54,29,46,70,Ryan Couture
400c7b43c86d27d3,0.0,0.0,0.0,0.0,185,,,"Aug 04, 1969",3,4,0,0,0,0,0,68,Nikk Covert
dc9572dd6ec74859,3.81,3.09,3.64,0.2,170,72,Orthodox,"Feb 22, 1988",17,5,0,38,54,42,68,71,Colby Covington
3c26c420584d912d,2.66,2.92,1.95,0.0,135,67,Southpaw,"Feb 12, 1992",7,5,0,43,40,42,80,68,Hailey Cowan
c9bbf1a0285a8076,0.56,1.69,4.23,0.0,155,,Orthodox,"Aug 02, 1968",10,7,0,25,33,50,80,70,Jeff Cox
15ec018d144710db,3.88,2.4,3.17,0.0,170,69,Southpaw,"Jul 24, 1978",15,7,0,52,61,47,50,70,Nathan Coy
8a70ceb3edbe757b,2.39,3.01,0.53,0.0,170,76,Orthodox,"Jan 15, 1986",9,4,0,40,50,37,72,73,Andrew Craig
eabf206b162b3b83,2.5,3.04,1.43,1.3,205,76,Orthodox,"Nov 27, 1987",17,10,,45,43,18,35,75,Paul Craig
480b702debcb5433,0.97,2.1,0.0,0.5,170,,Orthodox,"Oct 31, 1985",11,4,0,30,31,0,66,74,Dan Cramer
25433871e4eee0f4,0.43,2.61,0.0,4.0,155,,Orthodox,"Jul 14, 1976",15,5,0,25,57,0,50,65,Alberto Crane
89b8d1bf1ff09d1d,3.59,3.13,0.41,3.3,185,75,Orthodox,"Jul 09, 1977",12,4,0,30,57,100,50,75,Tim Credeur
ed73c85164a5f5a4,0.72,4.65,5.37,0.0,155,,Southpaw,"Jun 04, 1970",3,1,0,75,30,37,0,66,Paul Creighton
a8c3ce469cb8b130,0.0,0.0,0.0,0.0,,,,,0,0,0,0,0,0,0,,
15dedd05f8bcb475,0.0,0.0,0.0,0.0,145,,,,8,6,0,0,0,0,0,,Alexander Crispim
8944a0f9b2f0ce6d,0.0,0.0,0.0,0.0,155,,,,0,1,0,0,0,0,0,,Alex Crispin
51e2f44a8dbf6984,4.27,2.13,2.02,0.3,135,68,Orthodox,"Apr 12, 1991",8,3,0,47,59,50,66,69,Melissa Croden
35b3772629e27a49,2.65,3.1,0.48,0.5,135,73,Orthodox,"Jul 15, 1987",21,15,,34,41,5,30,71,Kevin Croom
4729c93ba705a3bf,4.46,5.8,0.0,0.0,170,70,Switch,"Apr 05, 1990",10,6,0,64,46,0,40,71,Kiefer Crosbie
923767209632e08a,2.2,1.4,1.0,0.0,155,72,Southpaw,"Oct 04, 1994",11,3,0,57,55,12,66,72,Ken Cross
98601a40e9d96047,0.93,3.33,5.0,1.0,155,,,,1,1,0,35,54,38,0,,
a9d6e047ce48ab63,2.95,2.95,1.85,1.2,245,76,Orthodox,"Nov 08, 1989",10,4,,51,56,33,100,75,Allen Crowder
5f99b2bafb10305f,2.88,2.98,2.04,0.2,155,72,Switch,"Jun 11, 1985",18,10,,38,57,41,60,68,Daron Cruickshank
22ee260735da0d58,1.72,1.45,4.08,1.3,155,,Orthodox,"Nov 25, 1979",19,4,0,41,58,61,65,67,Richard Crunkilton
70e1f8a821b72c8b,4.15,3.65,4.39,2.0,205,74,Orthodox,"Mar 04, 1996",14,4,2,52,42,52,58,74,Jimmy Crute
6aa1cbc1466e9a0b,2.92,1.51,0.53,1.6,232,,Orthodox,"Apr 24, 1978",8,3,0,46,68,7,37,76,Marcio Cruz
10f3ba6cd2f44a97,3.91,2.61,2.82,0.1,135,68,Orthodox,"Mar 09, 1985",24,4,0,33,70,42,83,68,Dominick Cruz
003d82fa384ca1d0,7.58,8.88,0.0,0.0,145,78,Switch,"Sep 20, 1989",8,4,0,39,58,0,0,72,Aalon Cruz
0e46690e55a8df75,2.88,3.72,1.18,0.0,135,71,Orthodox,"Feb 08, 1999",10,4,0,42,55,31,71,69,Timmy Cuamba
683ea28a198936fe,0.93,4.73,0.0,0.0,155,,Orthodox,"Jul 23, 1986",8,1,0,21,36,0,71,67,Jay Cucciniello
3aeb69b4a13ff0e8,0.0,0.0,0.0,0.0,125,,,,6,1,0,0,0,0,0,,
6751eacd16bd59bc,3.41,3.04,0.0,0.3,145,73,Orthodox,"May 24, 1994",11,4,1,44,59,0,65,70,Josh Culibao
e59b13321562eed3,0.0,0.0,0.0,0.0,145,,,"Mar 25, 1986",20,15,0,0,0,0,0,,Chris Culley
2f8f3c69522db931,1.82,1.23,4.01,2.8,139,,Orthodox,"Apr 21, 1987",20,6,0,40,46,52,0,67,Abel Cullum
4ba8d454f762005d,2.96,2.91,0.62,0.6,205,75,Southpaw,"Aug 02, 1984",25,7,0,35,55,28,66,72,Zak Cummings
05e4be525cb3578c,0.43,4.34,0.0,2.2,205,,,,12,0,0,60,45,0,0,,
e51e5cb722bd47a8,4.26,3.35,4.49,0.1,205,76,Orthodox,"Nov 16, 1980",10,7,0,50,55,41,28,74,Patrick Cummins
93ce4ac89e3d7652,1.74,1.5,0.89,1.4,170,74,Orthodox,"Apr 27, 1980",6,6,0,43,59,55,42,72,Luke Cummo
46a17755f80f63e8,0.6,3.01,0.0,0.0,263,79,Orthodox,"Feb 04, 1993",8,2,0,30,34,0,0,75,Hugo Cunha
305bde44ff664788,3.33,4.94,1.67,0.0,205,77,Orthodox,"Jun 24, 1993",4,2,0,75,20,10,100,74,Alton Cunningham
d1053e55f00e53fe,4.22,6.31,0.0,0.5,135,71,Orthodox,"Sep 07, 1994",11,5,0,29,48,0,46,70,AJ Cunningham
eb49fe2f85ae9526,2.43,14.22,0.0,0.0,145,71,Orthodox,"Aug 31, 1999",8,1,0,17,34,0,0,69,Tommy Cuozzi Jr.
b8b765e320a8db39,1.4,6.07,2.0,0.0,125,62,Southpaw,"Jan 18, 1995",6,2,0,39,34,33,100,63,Santo Curatolo
46f11d15c0134fe3,0.0,0.0,0.0,0.0,240,,Orthodox,,0,2,0,0,0,0,0,74,Larry Cureton
a8ea84cbe1655f0a,1.54,2.48,0.35,1.2,135,69,Orthodox,"Sep 02, 1977",36,18,1,31,60,12,35,66,Jeff Curran
05b43e0ead3df345,3.89,4.75,2.0,0.6,115,65,Orthodox,"Apr 11, 1991",4,5,0,43,53,57,61,64,Kailin Curran
d8291d0dd63da29c,4.7,4.4,2.5,0.0,145,,,"Aug 31, 1987",22,7,0,58,63,62,66,69,
b8ff02d5703eca3a,2.73,5.67,2.0,0.0,185,76,Switch,"Nov 12, 1998",12,4,0,47,44,13,50,75,Will Currie
5442f1bc4b47eaf3,5.52,5.75,0.0,0.0,170,75,Orthodox,"Jul 15, 1987",32,13,,50,54,0,64,70,Chris Curtis
cd13728ae1151f46,4.13,3.42,4.02,0.3,205,75,Southpaw,"Dec 14, 1993",20,12,,43,46,51,76,73,Ion Cutelaba
44a94bbde42246e4,2.99,8.28,0.0,0.0,155,,Orthodox,"Feb 07, 1989",7,4,0,52,59,0,0,69,Gleidson Cutis
ac45450f75d14f16,2.4,0.0,0.0,0.0,145,,,"Dec 13, 1980",11,7,0,33,100,0,100,67,Sarah D'alelio
3b6d84343579fd33,0.0,0.0,0.0,0.0,145,,,"Mar 18, 1973",11,3,0,0,0,0,0,64,Marcos da Matta
b0bd0c5425668b8f,3.89,5.28,0.25,0.2,205,76,Orthodox,"Sep 01, 1989",14,5,0,60,40,14,22,75,Henrique da Silva
6551c64fbcd1a467,4.05,4.4,0.47,0.3,125,67,Orthodox,"Jan 26, 1994",17,11,0,41,50,38,68,66,Ariane da Silva
c3ded6f7155f9ea4,2.14,2.52,1.97,0.3,155,73,Orthodox,"Feb 04, 1996",21,4,0,46,56,43,76,68,Alex Da Silva
0d68c7bfdff1dc34,0.27,0.93,6.0,0.0,145,71,Orthodox,"Jun 20, 1995",8,1,0,22,48,100,100,69,Radley Da Silva
1f8cd7634e8286ff,0.0,0.0,0.0,0.0,240,,,"Mar 08, 1985",5,2,0,0,0,0,0,75,
d28bef63e7d8d536,3.47,6.45,0.0,0.0,155,74,Orthodox,"Sep 08, 1999",6,2,0,38,38,0,0,72,Deni Daffa
9d19d9e4aa2662e8,3.88,3.51,0.9,0.1,170,74,Orthodox,"Nov 16, 1984",24,6,,43,52,26,59,71,Nicolas Dalby
23725c826c481e7f,3.14,2.37,0.91,0.0,170,76,Orthodox,"Feb 21, 1983",39,15,2,47,60,40,64,69,Paul Daley
ddbd0d6259ce57cc,0.0,1.85,0.0,0.0,205,,Orthodox,"Apr 05, 1978",30,19,2,0,50,0,0,74,Dave Dalgliesh
6cd3dfc54f01287f,1.2,3.27,1.0,0.0,205,,Orthodox,"Jul 19, 1977",4,3,1,69,25,11,0,73,Richard Dalton
e50cd77732d39967,2.92,1.4,2.15,0.9,115,64,Orthodox,"Dec 24, 1987",16,6,0,52,55,41,33,62,Aisling Daly
6e9b5c74c0860deb,0.0,0.0,0.0,0.0,170,,,,0,2,0,0,0,0,0,72,
acd870570949d8a2,1.67,4.17,0.0,0.0,170,69,Orthodox,"Aug 30, 1990",10,3,1,23,37,0,50,70,Leonardo Damiani
a20d7dfaba74c067,3.5,5.61,0.44,0.3,155,71,Orthodox,"Feb 03, 1980",13,9,0,36,57,16,80,67,Rodrigo Damm
033343da4c0cff8a,0.0,0.0,0.0,0.0,135,,,,2,13,0,0,0,0,0,64,Carina Damm
3b0a516d2921e0d6,5.38,4.21,0.52,0.0,135,70,Orthodox,"Jul 04, 1989",12,5,0,36,47,50,62,67,Batgerel Danaa
9eef6584fab21fbb,3.13,3.4,5.0,0.0,135,,Orthodox,"Oct 26, 1984",8,3,0,32,58,55,0,67,Cindy Dandois
5f119b24c0f9679c,4.99,6.73,0.0,0.0,135,68,Orthodox,"Sep 01, 2000",8,4,0,52,38,0,62,69,Peter Danesoe
8614b7134913f5d5,3.38,5.25,0.51,0.0,265,74,Orthodox,"Oct 15, 1983",7,1,,50,49,16,100,75,Jarjis Danho
baa9be02c3e3e038,2.13,5.34,0.39,0.0,185,74,Orthodox,"May 17, 1991",11,7,0,36,46,33,27,72,Jose Daniel Medina
fccb0fee256b7b4d,0.0,2.61,0.0,3.0,185,,Southpaw,"Apr 29, 1980",0,1,0,0,38,0,33,74,Raymond Daniels
55a80a9365bc107d,0.0,0.0,0.0,0.0,155,,,"Jun 14, 1978",5,5,0,0,0,0,0,,Marques Daniels
859e0dafd04fe1ca,0.0,0.0,0.0,0.0,185,,,"May 27, 1995",8,0,0,0,0,0,0,,
8dc46e9a7895ce1a,0.21,1.87,0.0,3.1,238,,Orthodox,"Mar 01, 1979",0,3,0,25,60,0,0,74,Alexandre Dantas
676a2e5ec4d7338c,3.33,3.0,4.0,0.0,135,,,"Feb 03, 1989",20,4,0,60,60,23,100,70,
86f582852a5b240a,3.39,3.44,1.2,0.6,155,70,Orthodox,"Jan 02, 1980",21,12,1,48,57,37,46,68,Mac Danzig
d2fa318f34d0aadc,3.43,2.62,2.14,0.0,155,68,Orthodox,"Dec 18, 1986",13,6,0,51,67,75,0,67,Karen Darabedyan
a4555c13e6257539,0.0,0.0,0.0,0.0,170,,,"Nov 13, 1998",7,1,0,0,0,0,0,,
08af939f41b5a57b,3.74,2.63,2.21,0.8,155,72,Southpaw,"May 06, 1989",23,8,1,49,57,38,82,70,Beneil Dariush
a683f9ddb70aa4bd,0.0,0.0,0.0,0.0,175,,,"Dec 04, 1975",0,2,0,0,0,0,0,72,Sean Daugherty
d6c0cdd7e467c440,3.16,2.94,1.97,2.0,185,76,Southpaw,"Feb 27, 1993",17,5,,53,42,25,79,74,Kyle Daukaus
d0aaedcf7ccd0b45,6.05,4.64,0.0,0.0,205,76,Orthodox,"Sep 25, 1989",12,7,0,50,55,0,100,75,Chris Daukaus
42775dc893603154,0.0,0.0,0.0,0.0,145,,,"Nov 22, 1975",13,4,0,0,0,0,0,66,Brian Davidson
2549d63da9c456cb,3.09,6.19,0.0,0.0,155,,Orthodox,,3,1,1,50,64,0,0,69,Rick Davis
b7d524c77c27389b,2.72,2.79,1.6,1.4,170,70,Southpaw,"Aug 24, 1973",22,11,,39,65,48,47,70,Marcus Davis
6dab8ce5e4bffe77,2.04,2.1,2.27,0.2,135,69,Southpaw,"Oct 28, 1980",23,8,0,30,59,46,66,68,LC Davis
902ab9197b83d0db,2.85,1.33,2.99,0.6,205,79,Orthodox,"Sep 25, 1984",17,4,,34,72,38,72,74,Phil Davis
a993ef2dd36cea5f,0.87,1.27,1.0,1.0,170,,Orthodox,,2,6,0,54,55,50,0,68,Lemont Davis
c8661e204c66f325,0.0,0.0,0.0,0.0,,,,,2,0,0,0,0,0,0,,Mike Davis
20697b334f6c0a45,0.0,0.0,0.0,0.0,205,,,"Apr 01, 1983",13,16,0,0,0,0,0,71,Justin Davis
4c2d90e335e6df19,4.63,4.45,0.95,0.7,135,68,Orthodox,"Oct 04, 1984",21,11,0,49,54,44,34,66,Alexis Davis
570d40f993171b19,0.0,0.0,0.0,0.0,170,,,"Jul 28, 1982",13,11,1,0,0,0,0,74,Danny Davis
cc351e408bbb7d43,4.68,4.62,0.74,0.1,135,72,Orthodox,"May 08, 1990",14,10,0,35,58,42,57,70,Brandon Davis
fb3e61720be4690c,4.73,5.23,2.4,0.8,155,72,Orthodox,"Oct 07, 1992",12,3,0,53,54,44,60,72,Mike Davis
2c9d00968f818270,5.45,3.37,0.0,0.0,145,73,Orthodox,"Jul 02, 1991",13,4,1,50,56,0,65,68,Hakeem Dawodu
99bd51917728c25d,3.14,2.14,3.58,1.4,155,72,Switch,"Feb 20, 1994",24,3,1,51,44,39,66,70,Grant Dawson
a6fd2173d5e2d7f0,3.61,3.46,1.13,0.0,185,72,Orthodox,"May 19, 1981",19,12,0,54,47,100,0,72,Jason Day
ea3dcc417c322064,3.97,3.79,0.72,0.5,145,73,Orthodox,"Nov 10, 1988",8,6,0,45,53,60,65,70,Martin Day
4b450aa602611baa,5.68,6.32,0.0,0.0,225,,Orthodox,"May 28, 1985",18,6,0,46,47,0,0,69,Angel De Anda
1eff7bc0f815b270,2.46,3.85,0.0,0.0,250,74,Orthodox,"Dec 19, 1986",6,3,0,43,53,0,77,72,Yorgan De Castro
9cfbfae5fa1fdd93,3.67,2.62,3.0,0.0,135,72,Orthodox,"Sep 30, 1991",12,6,0,52,50,45,59,67,Geraldo de Freitas
6ef65b6a152e49d5,2.3,3.0,3.29,0.6,250,79,Orthodox,"Apr 21, 1986",12,6,,47,37,42,100,77,Philip De Fries
e51ee8ded927fc51,4.08,6.37,2.02,1.0,250,80,Orthodox,"May 15, 1979",5,3,0,45,43,30,33,75,Chris de la Rocha
80d8aed0ca9b00f3,2.9,3.39,1.85,0.8,125,68,Orthodox,"Feb 14, 1995",13,9,1,37,45,33,68,67,Montana De La Rosa
f57dd0bfa8c17813,3.13,5.0,0.54,0.2,135,65,Orthodox,"Aug 31, 1994",11,5,0,35,48,13,40,66,Mark De La Rosa
1971869b7e054261,3.21,4.75,0.36,0.0,145,71,Orthodox,"Sep 22, 1986",14,7,,39,51,16,83,71,Mike de la Torre
a4dc47001f202bcd,1.29,5.5,2.66,1.3,155,,Orthodox,"Mar 12, 1991",8,3,1,33,32,36,0,67,Rodrigo de Lima
afdb76fbd86f6d11,4.12,6.79,0.0,0.0,170,,Orthodox,"Nov 22, 1982",29,15,2,32,61,0,0,72,Edilberto de Oliveira
f9aa6376ae16bfb4,0.51,0.73,1.1,0.6,170,,Orthodox,"Aug 07, 1969",17,15,,34,58,50,44,66,Johil de Oliveira
ddf3e0ea10ea6d8c,1.26,4.84,0.0,0.0,155,,Orthodox,"Jan 22, 1980",9,2,0,31,48,0,22,68,Jorge de Oliveira
f14fbb2e55da044c,3.98,3.45,0.0,0.0,205,69,,"May 09, 1996",6,1,0,60,69,0,0,69,Jair De Oliveira
e0f959f65d0406b4,1.0,2.07,2.0,1.0,125,64,Orthodox,"Sep 04, 1991",5,2,0,35,50,66,0,63,Isabela de Padua
5dd180c8b3196786,4.89,3.77,0.74,0.5,115,67,Orthodox,"Jun 10, 1995",6,5,0,53,66,37,65,65,Gloria de Paula
1d239d571e342453,2.57,2.0,0.0,0.4,135,71,Orthodox,"Apr 24, 1984",10,5,0,46,65,0,65,69,Germaine de Randamie
d549cefc7c54ab78,2.47,2.36,2.56,0.6,185,78,Southpaw,"Sep 07, 1990",21,4,0,48,46,29,40,76,Reinier de Ridder
3746e21bb508391a,0.0,0.0,0.0,0.0,170,,Orthodox,,1,2,0,0,0,0,0,,Crezio de Souza
914a897455693650,1.53,1.85,0.0,0.0,155,69,Orthodox,"Nov 24, 1989",17,7,,31,61,0,50,67,Carl Deaton
0bcfe2513cb3bc39,1.5,4.43,1.0,0.5,185,,Orthodox,"May 14, 1982",9,2,0,35,37,50,28,72,Tom DeBlass
0575068a0f83f963,0.0,0.0,0.0,0.0,125,,,"May 13, 2000",14,3,0,0,0,0,0,,
0e2c2daf11b5d8f2,0.0,0.0,0.0,0.0,145,,,,12,7,,0,0,0,0,,Issac DeJesus
e82b2adcaeff71ec,5.58,0.0,20.93,0.0,225,,,,6,20,0,40,0,100,100,71,Rafael  Del Real
85980f5da429c0a6,3.93,2.97,1.2,2.4,250,,Southpaw,"Sep 23, 1983",11,2,0,60,54,40,16,76,Shane del Rosario
a62f85f6a6c19a4c,1.4,4.73,1.0,0.0,125,67,Orthodox,"Mar 18, 1993",8,2,0,32,40,16,100,64,Wallen Del Rosario
70380ccdc81915b8,4.05,2.16,1.23,2.0,145,69,Southpaw,"Jul 29, 1996",10,1,0,60,55,42,58,69,Yadier del Valle
d7c4956d61ae76a9,8.43,3.5,0.0,0.0,145,70,Orthodox,"Sep 11, 1996",17,3,0,64,68,0,75,68,Jose Delano
bfaf4c87936b4fae,0.0,0.0,0.0,0.0,135,,,"Nov 12, 1989",7,7,0,0,0,0,0,,Humberto DeLeon
37b1696e6d115957,1.56,1.83,1.17,3.5,155,77,Orthodox,"Nov 22, 1981",11,6,1,40,62,22,0,75,Rolando Delgado
01f4bcd26ac08ad5,0.0,0.0,0.0,0.0,155,,,,0,2,0,0,0,0,0,70,
7d6ceff6747f2de2,7.48,4.95,1.51,0.0,145,74,Switch,"Apr 21, 1998",11,2,0,54,50,40,50,71,Jose Delgado
7d8435c56043b0ae,4.28,3.95,0.0,0.0,239,78,Orthodox,"Aug 07, 1990",26,8,0,38,52,0,75,75,Ante Delija
6b453bc35a823c3f,5.32,4.24,0.34,0.1,170,73,Switch,"Sep 10, 1996",18,4,0,51,61,20,64,71,Jack Della Maddalena
173acb3f920082b8,2.28,4.32,2.51,1.6,135,71,Orthodox,"Dec 18, 1983",9,5,,44,40,34,42,69,Roland Delorme
0d0351c20169a499,2.99,4.14,3.2,1.9,125,67,Orthodox,"Aug 19, 1987",8,5,0,38,51,83,55,66,Jon Delos Reyes
6ceff86fae4f6b3b,0.0,0.0,0.0,0.0,190,,Southpaw,"Jul 24, 1969",33,21,1,0,0,0,0,71,Jason DeLucia
985bca5a097fb3f4,0.0,0.0,0.0,0.0,170,,,"Jul 01, 1985",15,7,1,0,0,0,0,,Justin DeMoney
2c483cf443f38ece,3.37,5.39,0.32,0.4,125,59,Orthodox,"Sep 22, 1988",11,8,0,39,41,9,26,62,Vanessa Demopoulos
dfae5da5676e4194,2.25,2.82,2.64,0.0,185,72,Orthodox,"Sep 08, 1987",11,5,0,32,65,23,16,70,Chris Dempsey
e4aaaa34535e32b6,6.54,5.42,2.8,0.0,135,,Orthodox,"Oct 11, 1983",11,3,0,53,36,100,80,67,Nick Denis
a11a6ee8eeb03c18,2.36,4.69,1.48,1.5,170,,Orthodox,"Apr 19, 1971",27,21,1,45,40,17,42,70,Thomas Denny
b72f3cafa6376e35,1.81,0.4,0.0,0.0,155,,,,9,10,0,47,60,0,50,69,Robert Densley
fa8b9e6b0c2269f8,2.01,3.7,0.0,1.4,155,71,Orthodox,"Jun 12, 1980",22,13,0,39,62,0,26,70,Jason Dent
7447e9f28508106a,3.47,3.93,0.93,1.1,115,63,Orthodox,"Mar 24, 1993",16,5,0,41,51,18,37,64,Mackenzie Dern
f2c91b67f71bbeab,0.0,0.0,0.0,0.0,205,,,"Mar 23, 1981",6,5,0,0,0,0,0,74,Booker DeRousse
6ad9058b7c7898b0,1.12,1.57,2.25,1.5,170,70,Southpaw,"Jul 26, 1974",11,4,0,52,41,42,40,72,Tony DeSouza
140567899d98978a,2.11,2.54,0.0,0.0,265,84,Orthodox,"Sep 09, 1988",5,2,0,59,46,0,50,79,Robelis Despaigne
48544433372ecfa6,4.07,4.0,1.07,0.0,185,,Orthodox,"Aug 05, 1984",16,7,0,41,47,12,62,60,Cory Devela
2bcc39af95d6f2e8,1.52,2.28,0.0,0.0,,,,"Jan 17, 1978",6,4,0,18,57,0,0,,John Devine
75bbd2206a15319f,1.53,6.19,2.18,3.3,185,,Orthodox,"Aug 07, 1982",38,17,,33,39,66,0,73,Edwin DeWees
9f8bd85aaeec2f56,4.06,2.39,3.12,0.0,135,69,Switch,"Nov 30, 1998",10,1,0,53,47,25,66,67,Rabindra Dhant
77d7295d1b22c694,3.32,3.44,1.46,0.0,185,74,Orthodox,"Dec 12, 1989",13,7,0,39,61,39,83,72,Alessio Di Chirico
8126e4dff0cdf69e,7.47,5.87,0.0,0.0,115,60,Orthodox,"Dec 29, 1987",7,3,0,40,33,0,37,63,Micol Di Segni
43563a32c3f10e95,4.06,1.78,1.17,0.2,205,81,Southpaw,"Oct 06, 1973",19,10,1,71,60,83,53,78,Cyrille Diabate
8567466ae167216b,4.53,4.53,2.0,0.0,154,,,"Sep 03, 1983",6,6,1,48,63,100,66,73,Thomas Diagne
32c355b04fc57f3a,2.54,2.64,3.29,0.0,155,73,Orthodox,"Mar 16, 1993",17,7,0,40,52,43,66,70,Marc Diakiese
f5f6419c5f00abad,3.4,2.53,3.0,0.0,145,69,Orthodox,"Mar 18, 1991",9,1,0,47,44,75,70,67,Tyler Diamond
9edf2c9082cc2cd8,3.12,2.17,0.0,0.0,170,76,Switch,"Jul 10, 1988",3,3,0,55,48,0,73,71,Blood Diamond
ee5df903f80c6816,0.0,0.0,0.0,0.0,180,,,"Jul 16, 1964",0,1,0,0,0,0,0,71,Eldo Xavier Dias
b5abaa65f87938eb,1.13,2.19,3.17,1.2,145,,Orthodox,"Oct 20, 1979",17,12,2,27,60,47,100,69,Rafael Dias
ed209f6618c82e41,2.08,3.31,2.5,0.5,155,69,Orthodox,"Jun 16, 1984",23,6,1,41,55,39,76,68,Hacran Dias
f7202b3130421d27,2.87,5.8,5.0,0.0,125,69,Orthodox,"Dec 26, 1990",11,3,0,44,55,41,0,66,Victor Dias
33a86e839ad202d8,2.86,2.71,4.52,1.1,185,74,,"Jan 17, 1995",18,5,0,45,55,57,66,70,Luis Felipe Dias
270e84d8174721d2,2.44,7.32,1.41,1.4,135,67,,"Nov 30, 1995",6,2,0,45,50,33,0,65,Magno Dias
f57a8a52ca401ed9,5.71,3.84,1.28,1.0,170,76,Southpaw,"Aug 02, 1983",26,10,,42,59,32,60,73,Nick Diaz
8355922d564b152c,4.57,3.77,1.05,1.3,170,76,Southpaw,"Apr 16, 1985",22,13,0,45,52,30,41,72,Nate Diaz
5e7a48e469770615,0.0,0.0,0.0,0.0,260,,,,1,2,0,0,0,0,0,,Michael Diaz
ceee5dd37253199a,0.0,0.0,0.0,0.0,145,,,"Feb 06, 1979",13,14,0,0,0,0,0,,Ryan Diaz
bfa8f263815cfa2e,0.48,3.84,2.4,0.0,145,,Southpaw,"Apr 26, 1988",11,4,1,42,51,50,0,70,Adrian Diaz
6967153c7edb4d87,5.33,6.52,0.0,0.0,185,79,Orthodox,"Nov 22, 1990",10,4,0,49,61,0,50,76,Ozzy Diaz
74939a16c7b56f33,3.72,3.4,5.5,0.8,135,69,Orthodox,"Jun 03, 1998",16,1,1,41,59,50,0,68,Juan Diaz
2482ef3331a82e75,0.0,0.0,0.0,0.0,145,,,"Jul 19, 1984",11,3,0,0,0,0,0,69,
414bddf0c80c41e1,0.28,8.17,0.0,0.0,246,,,"Oct 09, 1976",15,8,,5,25,0,0,64,Josh Diekmann
31da66df48c0c1a0,1.82,2.08,0.0,0.0,135,,Orthodox,"Apr 29, 1986",5,2,0,45,62,0,0,68,Kyle Dietz
eb42d4febfafefd1,1.45,2.18,0.0,0.9,135,69,Orthodox,"Aug 05, 1980",9,8,0,26,55,0,45,70,Seth Dikun
c849740a3ff51931,5.09,3.47,1.56,0.8,135,67,Orthodox,"Feb 07, 1986",18,5,0,41,62,30,77,66,TJ Dillashaw
b4f7a2d8ecc5e0c3,0.34,0.69,0.0,0.0,205,,Orthodox,,0,2,1,14,60,0,0,74,Ralph Dillon
cc2ad11b1f9d818b,3.7,3.17,0.0,0.0,185,,,,3,4,0,73,20,0,0,,Drew Dimanlig
e0664abaa023fd6f,3.8,4.33,0.5,0.0,170,73,Orthodox,"Sep 27, 1994",35,10,0,45,51,50,0,74,Ding Meng
2d2239d0f6fa83dd,1.08,2.36,0.0,1.8,135,,,"Jan 23, 1984",23,9,1,32,33,0,50,66,Rodolfo Marques Diniz
25f9a5f3e8a52618,3.89,3.62,0.0,0.0,254,79,Orthodox,"Jun 23, 1991",9,2,0,56,56,0,70,76,Jhonata Diniz
8730ab4b1057f925,0.0,0.0,0.0,0.0,,,,,6,1,0,0,0,0,0,,
73eb2a552c92a821,0.6,1.8,0.0,0.0,185,,Orthodox,"Dec 12, 1979",6,3,0,25,62,0,50,77,Helio Dipp
ec7f7263bf36579b,1.71,4.41,0.0,0.0,135,,Orthodox,"Oct 12, 1986",9,2,,33,56,0,0,68,Rico DiSciullo
1db445a4468447d0,1.97,4.56,3.06,0.0,170,75,Switch,"Oct 09, 1995",9,1,0,43,37,30,0,70,Matt Dixon
ad4e9055bf8cd04d,0.0,0.0,0.0,0.0,275,,Orthodox,"Oct 15, 1961",15,22,0,0,0,0,0,72,John Dixson
7c9aeba0c4d4bd78,0.0,0.0,0.0,0.0,125,,,,4,2,0,0,0,0,0,64,
f50d95223751e6ca,1.75,1.68,2.11,0.8,135,70,Orthodox,"Aug 13, 1986",15,8,0,40,53,45,52,67,Russell Doane
519e4fe37ce9ff75,4.48,4.33,0.61,0.1,155,70,Southpaw,"Oct 19, 1988",29,15,,41,53,16,58,68,Drew Dober
122ac9b816d8b71c,3.34,5.2,0.84,0.0,125,69,Orthodox,"Mar 30, 1989",4,5,0,37,50,50,14,66,Shana Dobson
009c4420727149ea,4.29,5.31,1.67,0.3,185,76,Orthodox,"Jan 18, 1992",7,3,,46,46,75,65,73,AJ Dobson
c2a7623f398d9bd7,0.0,0.0,0.0,0.0,200,,Orthodox,"Sep 22, 1973",4,7,0,0,0,0,0,74,David Dodd
99506df1af6c8b3b,3.2,3.58,0.71,0.0,135,66,Orthodox,"Sep 26, 1984",22,12,0,40,61,28,82,63,John Dodson
dbaaf42313af90fa,1.43,2.79,2.02,2.3,185,75,Orthodox,"Oct 09, 1977",51,16,0,42,50,33,33,72,Joe Doerksen
29b5791e51e7e832,0.0,0.0,0.0,0.0,185,,,"Apr 15, 1976",5,10,0,0,0,0,0,71,
327d5f279895110d,3.19,3.71,1.16,0.7,185,76,Orthodox,"Jul 15, 1988",15,5,0,41,48,43,32,74,Roman Dolidze
3bbcd63a016d9715,5.04,2.94,0.0,0.0,155,,Orthodox,"May 12, 1987",11,5,0,38,61,0,0,71,Cameron Dollar
5d7bdab5e03e3216,2.65,2.58,3.55,1.2,185,76,Orthodox,"Aug 10, 1983",17,9,0,47,54,54,62,74,CB Dollaway
4145caa2c999fbac,0.0,0.0,0.0,0.0,145,,,"Mar 17, 1986",7,5,,0,0,0,0,,Dennis Dombrow
1a50e734bb54861a,0.0,0.0,0.0,0.0,,,,,0,1,0,0,0,0,0,,OJ Dominguez
1c610f900f9884ab,1.21,4.22,0.0,0.0,145,,,"Jul 09, 1992",2,2,0,23,51,0,0,68,
70dd69b6a703257e,8.07,2.8,0.58,0.0,170,71,Orthodox,"Aug 04, 2001",15,2,0,62,70,33,75,71,Daniil Donchenko
bad82b681819b272,3.22,3.44,4.0,0.0,115,62,Switch,"Aug 21, 1998",14,4,0,53,65,35,66,63,Dong Huaxiang
7bc96507e4b38d3b,5.61,5.44,1.67,1.7,205,74,Orthodox,"Feb 20, 1981",8,5,0,59,45,28,0,75,Cody Donovan
312f47c3d2f83ffa,0.0,0.0,0.0,0.0,210,,Orthodox,,1,2,0,0,0,0,0,73,Houston Dorr
6a2f7c151031653d,3.48,3.23,1.95,0.6,170,70,Southpaw,"Oct 26, 1984",32,17,0,47,60,35,54,68,Rafael Dos Anjos
63def5a5662a6917,4.49,3.33,0.3,0.1,238,77,Orthodox,"Jan 30, 1984",21,9,0,47,56,50,81,76,Junior Dos Santos
b51f6791c794e289,1.09,8.73,0.0,0.0,264,,Orthodox,"Aug 17, 1980",39,19,0,33,41,0,33,75,Geronimo dos Santos
81b8b3fb019dc69d,5.4,3.94,0.0,0.0,185,,Orthodox,"Jul 21, 1988",6,4,0,51,43,0,100,70,Antonio Dos Santos
bbc9ab95fa766493,2.7,5.37,0.98,0.7,135,70,Orthodox,"Jul 24, 1985",21,9,0,25,49,14,66,65,Anderson Dos Santos
957562fdf68a725a,1.27,1.4,0.0,0.0,205,79,Orthodox,"Sep 29, 1991",14,5,0,41,43,0,31,76,Acacio Dos Santos
02bb48869eb7ac8f,4.57,6.47,0.5,0.0,115,62,Orthodox,"Jun 08, 1995",14,9,0,40,59,14,80,62,Rayanne dos Santos
5cdf5339728f580d,3.75,3.8,0.0,0.5,125,70,Orthodox,"Sep 11, 2000",8,3,,39,41,0,20,67,Felipe dos Santos
8ce87f7e3a9baed2,3.69,4.23,0.63,0.3,145,70,Orthodox,"Apr 12, 1987",20,7,,35,59,11,33,69,Tiago dos Santos e Silva
86cb6f5b1ca98dc0,0.0,0.0,0.0,0.0,125,,Southpaw,"Mar 13, 1990",10,2,0,0,0,0,0,66,
7cf0944b88966118,0.0,0.0,0.0,0.0,155,,,"Aug 16, 1981",9,7,0,0,0,0,0,71,David Douglas
ce3b669e39418414,0.0,0.0,0.0,0.0,170,,,"Aug 16, 1982",4,1,0,0,0,0,0,,Damion Douglas
640a0f838f057a81,8.67,4.82,0.0,0.0,145,72,Orthodox,"Apr 27, 1995",14,5,0,64,63,0,0,69,Lerryan Douglas
5159e6ee100c717e,0.0,0.0,0.0,0.0,170,,,"Aug 13, 1992",2,0,0,0,0,0,0,70,
e780ccc79a209985,0.0,0.0,0.0,0.0,,,,,0,1,0,0,0,0,0,,John Dowdy
0d9312337fdce39a,2.11,2.63,0.0,0.0,170,,,,4,3,0,44,50,0,0,,
a66395395b5f1394,1.66,3.53,0.0,0.5,155,72,Orthodox,"Apr 08, 1986",8,3,0,34,37,0,37,72,Danny Downes
b05086131c6f5dc5,0.32,3.36,2.4,0.0,185,,Orthodox,"Apr 27, 1980",11,4,0,100,12,16,0,73,Derek Downey
0509b954421bb327,3.5,10.51,0.0,0.0,205,,Orthodox,"Nov 21, 1976",11,22,,44,27,0,0,71,John Doyle
f9c7fe2682af3802,1.16,2.39,0.0,0.0,220,,Orthodox,"Aug 29, 1977",11,7,0,40,36,0,55,76,Edson Drago
cb4bf812d9cb78b4,3.8,5.6,1.0,0.0,170,71,Orthodox,"Feb 18, 1995",7,3,,29,65,50,0,70,Jimmy Drago
c2c4052f58f54988,5.8,5.07,0.0,0.0,125,65,Southpaw,"Mar 17, 1994",8,2,0,31,40,0,55,65,Anthony Drilich
e5e148d4363deff8,2.73,2.6,2.0,0.0,145,74,Orthodox,"Sep 23, 1994",12,3,0,32,58,18,0,71,Kyle Driscoll
5fd834edd92c9e50,0.0,0.0,0.0,0.0,145,,,,0,1,,0,0,0,0,68,Chris Drumm
679a9054e2815943,3.29,2.26,3.55,0.4,205,76,Orthodox,"Jan 22, 1982",21,5,1,38,57,60,82,73,Tomasz Drwal
d2a9be6bf2de624c,0.0,0.0,7.32,21.9,205,,Orthodox,"Oct 05, 1981",7,0,,0,0,100,0,75,Robert Drysdale
0d7b51c9d2649a6e,5.18,4.33,2.22,0.7,185,76,Switch,"Jan 14, 1994",23,3,0,48,52,51,34,73,Dricus Du Plessis
706404da0775dcbc,0.0,0.0,0.0,0.0,240,,Orthodox,"Aug 09, 1968",6,3,0,0,0,0,0,72,Hugo Duarte
29b5d32584e02d8d,4.55,4.18,0.0,0.0,135,,,"Mar 10, 1987",19,7,0,40,57,0,60,67,Antonio Duarte
454c3e9d4cd4a1b3,2.27,4.0,3.0,1.0,155,,,"Jan 25, 1977",10,4,0,38,53,50,69,,Joe Duarte
c3d2b9bcb4cead6b,5.65,5.31,1.68,0.0,125,65,Orthodox,"Jul 08, 1996",6,2,,52,42,50,50,64,Yuneisy Duben
ec322adbabbfa6e7,3.93,6.81,0.0,0.0,185,77,Orthodox,"Apr 04, 1995",6,3,0,37,46,0,100,75,Matthieu Duclos
02f8fedc18cbd26c,7.45,7.84,0.2,0.0,115,63,Orthodox,"Jan 01, 1994",13,9,0,52,57,14,94,62,Emily Ducote
6c9b66b43663f2f7,2.87,3.4,2.73,0.0,115,67,Orthodox,"Jan 26, 1999",8,2,0,47,50,35,33,65,Viktoriia Dudakova
072a10e85f7d4bff,0.87,3.43,2.34,0.0,135,,Orthodox,"Aug 04, 1989",11,6,0,31,58,45,0,63,Milana Dudieva
cb6c45b26b0a877a,0.0,0.0,0.0,0.0,145,,,"Jul 02, 1988",6,1,0,0,0,0,0,66,
bda04c573563cc2e,5.93,2.87,0.72,0.0,260,78,Orthodox,"Dec 06, 1985",9,3,,37,56,25,90,75,Todd Duffee
654ae722109a0d31,2.68,3.78,0.96,0.7,155,73,Orthodox,"Feb 18, 1988",16,5,0,34,54,66,64,70,Joe Duffy
cea51876d8a514a0,5.07,2.13,0.0,0.0,125,69,Switch,"Oct 02, 1995",7,1,0,69,52,0,62,67,Jack Duffy
4ae4049426e0161d,1.33,3.33,1.5,0.0,135,,Orthodox,"Aug 31, 1990",6,3,0,27,60,50,50,69,Alexis Dufresne
a7ddae0be8b78147,4.83,4.43,1.27,1.9,135,73,Orthodox,"Jun 24, 1986",3,5,,53,57,36,50,71,Jessamyn Duke
e803242fb2e41112,8.78,4.24,2.2,0.0,170,75,Orthodox,"Aug 02, 1998",12,1,0,54,50,100,100,75,Islam Dulatov
a57cb948c4c70a47,2.99,1.65,4.57,1.8,145,71,Orthodox,"Jul 04, 1996",7,2,0,63,40,50,0,67,Isaac Dulgarian
1a225f04aa6e0739,0.0,0.67,0.0,0.0,155,,Orthodox,"Nov 04, 1977",4,2,0,0,75,0,66,68,Kelly Dullanty
4e6738062d469256,1.97,2.64,1.3,0.2,185,79,Orthodox,"Aug 06, 1995",10,5,,44,53,31,33,74,Sedriques Dumas
d3f5d33d61cd00c9,3.85,2.33,1.43,0.0,135,67,Orthodox,"Oct 01, 1990",13,3,0,50,64,54,71,67,Norma Dumont
fd406a32a6fb3a29,4.83,4.57,2.92,0.6,155,71,Orthodox,"May 10, 1993",15,3,0,45,50,40,55,70,Chris Duncan
a93f94c923c3a9cb,4.43,2.59,0.33,0.0,185,79,Switch,"Jul 24, 1995",14,2,0,57,52,16,63,74,Christian Leroy Duncan
e5c9de15bb58b1c6,5.33,3.54,1.82,1.0,155,70,Southpaw,"Dec 18, 1981",18,9,1,39,61,33,79,70,Evan Dunham
31732a614e7a3d1d,1.94,8.71,0.0,0.0,155,,,,2,2,,31,35,0,50,68,
e979c76341f19b22,3.83,5.3,0.42,0.0,135,68,Orthodox,"Jun 21, 1993",16,2,,45,62,25,46,67,Tom Duquesnoy
6b7c7460855dbbb9,2.99,3.01,1.97,0.6,185,75,Orthodox,"Jan 05, 1989",16,5,0,40,59,29,66,71,Albert Duraev
4417980b3e798abf,3.19,2.61,0.98,0.7,135,71,Orthodox,"Jul 02, 1983",11,7,1,49,50,23,25,67,Reuben Duran
7f6ed67d3ed3c036,3.24,3.94,3.99,0.7,125,67,Southpaw,"Mar 29, 1991",18,10,1,44,50,49,56,67,Cody Durden
2153a7f8396a46cc,3.92,4.8,0.0,0.0,170,,Orthodox,"May 06, 1982",13,6,1,50,41,0,100,71,Luiz Dutra
43db649da89fac4b,4.74,5.95,0.0,0.0,125,,Orthodox,"Sep 03, 1987",11,4,0,54,33,0,83,68,Rilley Dutro
7df4d3c38792b083,0.0,2.4,0.0,0.0,185,,Southpaw,,1,2,0,0,40,0,0,74,Bill Duvall
c03520b5c88ed6b4,4.42,2.8,5.97,0.3,135,68,Orthodox,"Jan 10, 1991",21,5,0,41,54,35,76,66,Merab Dvalishvili
9ada30894bf04e19,3.48,3.29,0.58,0.2,125,68,Orthodox,"Jun 05, 1992",20,6,0,43,59,30,70,65,David Dvorak
8f0d576beba1cfcd,2.57,3.24,0.44,0.0,170,76,Orthodox,"Dec 17, 1989",9,4,0,34,54,10,60,76,Matt Dwyer
55ed59d541f8b90c,3.04,4.47,0.3,0.0,145,69,Orthodox,"Aug 11, 1990",9,7,,37,52,20,68,68,Rolando Dy
cfbb3edab781dfd2,7.71,6.72,0.7,0.0,115,65,Orthodox,"Apr 23, 2001",7,1,0,46,51,8,100,66,Shanelle Dyer
ee457ef1e1c326c1,0.5,0.2,3.0,0.0,170,,Orthodox,,12,3,0,55,33,100,0,68,Ben Earwood
5713c1d2fac539ac,4.15,7.32,3.97,0.0,245,,Orthodox,"Jun 29, 1988",12,3,0,43,40,100,16,75,Cody East
05866d8c3a321856,2.21,3.92,1.38,0.0,185,73,Orthodox,"Jun 08, 1971",18,15,1,35,42,33,81,69,Marvin Eastman
bc7230f231701d66,3.51,4.28,0.75,0.0,135,70,Southpaw,"Jan 25, 1984",13,6,0,37,61,22,66,66,Mike Easton
4acb99524a9a81ab,0.0,0.0,0.0,0.0,135,,,,7,15,0,0,0,0,0,67,Maurice Eazel
ec421d5de0aea624,0.0,0.0,0.0,0.0,155,,,"Dec 07, 1980",9,2,0,0,0,0,0,71,
a5b0bd216d8ba84e,0.74,0.74,3.7,0.0,154,,Southpaw,"May 18, 1975",20,10,,50,62,100,0,69,Ross Ebanez
32ba186f4b0e3267,2.32,2.14,1.7,0.1,170,73,Southpaw,"Nov 27, 1980",51,18,,49,56,23,61,72,Brian Ebersole
20b13e96668caaa4,2.95,2.52,0.0,2.6,125,67,Switch,"Aug 21, 1995",7,1,0,53,57,0,71,65,Roybert Echeverria
40ff198adda94b9f,3.37,2.98,1.45,0.0,145,68,Orthodox,"Feb 16, 1986",6,3,0,45,54,22,63,68,Mark Eddiva
f2688492b9a525a3,3.77,2.82,2.29,0.3,135,68,Orthodox,"Oct 16, 1981",23,11,1,40,65,31,65,66,Frankie Edgar
37e03538c960bac6,10.22,0.13,3.98,2.0,205,,Orthodox,"Nov 25, 1991",17,4,0,61,92,100,0,74,Abdul-Kerim Edilov
528c24b99fbaab79,2.95,3.22,0.22,0.4,135,71,Orthodox,"Aug 03, 1978",28,13,0,39,63,20,58,67,Johnny Eduardo
5f04e3d58d9ce982,2.91,2.34,0.76,0.7,155,73,Southpaw,"Sep 30, 1976",42,22,,42,66,53,69,69,Yves Edwards
e56daf7725a0b5ab,2.68,3.32,2.14,1.0,155,70,Orthodox,"Jan 26, 1983",9,5,0,42,51,26,27,70,Justin Edwards
f1fac969a1d70b08,2.6,2.44,1.25,0.4,170,74,Southpaw,"Aug 25, 1991",22,6,,54,52,37,63,74,Leon Edwards
ef44e4ea9050f2ea,1.5,4.15,0.72,0.0,155,72,Orthodox,"Sep 11, 1990",6,3,0,41,44,100,44,68,Te Edwards
e6904a03a66e711d,0.0,0.0,0.0,0.0,145,,,"Aug 28, 1989",4,1,0,0,0,0,0,,
f9ab66e67240db7b,4.61,3.26,1.29,0.6,135,70,Orthodox,"Sep 29, 1995",18,6,0,53,50,36,62,68,Joselyne Edwards
f5d82eccdea4e2dd,2.4,2.4,0.0,0.0,205,78,Southpaw,"Nov 05, 1998",8,5,0,50,55,0,0,77,Christian Edwards
eae4aec1a5a8ff01,0.0,3.91,0.0,0.0,170,,Orthodox,,7,5,0,0,50,0,28,71,Tom Egan
5e6294b37bbef029,2.2,2.48,2.48,0.6,135,68,Orthodox,"Aug 12, 1988",8,5,0,46,52,42,50,66,Stephanie Egger
27fc9218a3653e3c,2.86,5.66,0.82,0.0,235,,Orthodox,"Jun 28, 1978",19,7,1,43,49,25,50,73,Justin Eilers
0577808d22dfe79c,2.15,3.05,1.73,0.0,253,,Orthodox,"Dec 10, 1975",6,3,0,52,52,55,43,78,Jon Olav Einemo
58bc81376286b3d3,2.07,2.38,2.07,3.6,155,72,Orthodox,"Nov 12, 1980",14,5,1,61,67,11,50,70,Per Eklund
22d80fb67e50ab0b,0.0,0.0,0.0,0.0,,,,,2,0,0,0,0,0,0,,
d9a56ecb6e94f02e,5.66,4.94,0.48,0.5,155,72,Switch,"Apr 11, 1997",10,2,0,50,57,15,40,70,Evan Elder
07a74004d964c7f4,2.71,3.59,0.85,0.8,205,77,Southpaw,"May 28, 1995",10,2,0,56,46,22,0,75,Billy Elekana
e873203fd50542f6,0.0,0.0,0.0,0.0,205,,,,3,1,0,0,0,0,0,76,
1a064688481f66e1,0.4,6.47,0.0,0.0,125,64,Southpaw,"Jan 08, 1995",17,4,,50,20,0,50,63,Joao Elias
e295b96f135d758a,2.07,4.93,2.0,1.0,135,,,"Jul 17, 1985",6,8,0,30,48,100,66,67,
92a9aa9c93192871,3.4,3.34,2.87,1.1,145,71,Orthodox,"May 16, 1984",29,12,0,38,51,34,56,70,Darren Elkins
d81ac739417d7f53,2.47,2.83,2.04,0.4,170,71,Orthodox,"Mar 28, 1985",31,15,0,39,60,47,86,69,Jake Ellenberger
8e8e4487c621aa1c,1.62,3.45,3.17,1.1,155,72,Orthodox,"Mar 28, 1985",15,2,0,47,48,40,0,69,Joe Ellenberger
c96d9178c9ed9e62,3.51,3.0,3.61,1.1,125,66,Southpaw,"Dec 24, 1986",22,14,1,43,56,45,59,67,Tim Elliott
6b56e94a59b7b134,3.62,2.24,1.52,0.0,170,72,Orthodox,"Dec 19, 1997",12,4,0,48,61,40,52,72,Oban Elliott
e60d773a0a42048a,3.4,1.53,4.0,2.0,170,,Orthodox,"Jul 07, 1983",21,16,,69,68,66,50,69,Eddy Ellis
77350fd0e6d1dba8,1.68,2.32,4.19,0.6,115,,,"Nov 15, 1982",15,11,0,48,57,63,50,64,Lisa Ellis
87e4a3a5080ee7ce,1.57,15.13,0.0,0.0,238,78,Orthodox,"Mar 05, 1997",5,2,0,33,40,0,0,72,Elisha Ellison
1536a25e16fc299b,3.68,4.64,0.0,0.0,115,,Orthodox,"Oct 06, 1984",3,2,0,49,56,0,33,63,Anna Elmose
5f3da9a9610d8969,1.99,8.09,0.0,0.0,135,71,Switch,"Apr 27, 1987",10,6,0,40,51,0,0,69,Cameron Else
1741343f0ca34dd5,0.82,0.66,2.47,4.9,135,,,"Mar 18, 1989",5,2,0,15,69,100,50,68,
45c8fed13a62fe92,0.0,0.0,0.0,0.0,135,,,"Jun 26, 1992",3,1,0,0,0,0,0,64,
abd5fb12437eda21,2.53,2.14,2.37,0.7,170,76,Southpaw,"May 23, 1987",20,6,0,45,65,29,66,70,Ramazan Emeev
f54200f1dfb9b5d4,2.75,1.7,2.32,0.9,255,,Orthodox,"Aug 02, 1981",23,7,0,41,65,72,66,78,Aleksander Emelianenko
b8da6f5c80ae2d15,3.18,1.0,2.0,1.9,230,74,Orthodox,"Sep 28, 1976",36,5,,51,63,63,82,72,Fedor Emelianenko
dc0f07928009a127,2.5,2.83,2.02,0.4,155,70,Orthodox,"Jul 30, 1981",18,12,,30,64,52,65,69,Rob Emerson
e00a3dee329a51f7,5.1,3.92,2.59,0.3,145,74,Orthodox,"Jul 24, 1989",22,8,0,49,57,53,81,70,Jamall Emmers
fba03cd6cc28dc41,3.67,4.52,1.07,0.1,145,70,Orthodox,"Mar 04, 1985",19,7,0,35,59,36,43,66,Josh Emmett
e3f443e4cbc3da8f,1.71,0.66,3.94,3.9,155,,,"Oct 16, 1975",3,3,0,34,84,100,0,71,
d2f310b5b072e986,0.0,0.0,0.0,0.0,170,,,,5,1,0,0,0,0,0,74,
4122da4f791b2f4f,2.31,11.54,0.0,0.0,155,69,Orthodox,"Jul 09, 1993",9,4,0,25,40,0,0,70,Kolton Englund
330bafba312face4,2.38,3.55,0.87,0.0,170,77,Switch,"Aug 10, 1991",7,2,0,36,37,16,0,72,Oliver Enkamp
d238217e0f8ea8e1,0.0,0.0,0.0,0.0,145,,Orthodox,"May 27, 1987",14,2,,0,0,0,0,70,
daf9be103c1edbbd,8.41,0.0,5.49,11.0,192,,,,14,15,0,79,100,100,0,74,Kenny Ento
d7adfcfdf7c6c1f8,0.11,7.36,0.0,12.1,135,,Orthodox,"Nov 19, 1986",9,3,0,7,31,0,0,65,Ian Entwistle
993d385f5a475375,3.51,5.32,0.0,0.0,185,78,Orthodox,"Aug 15, 1991",10,4,0,23,57,0,58,75,Andy Enz
bc7cf284c1c2f16e,3.74,3.58,0.0,0.0,160,,Orthodox,,5,5,1,44,46,0,50,67,Won Jin Eoh
919fc4bc3edf4de7,2.67,2.6,0.0,0.0,155,75,Switch,"Oct 19, 1999",11,1,0,71,44,0,60,72,Yuji Ephoevi-Ga
984b0c4c6e773a1c,0.0,0.0,0.0,0.0,130,,,"Aug 23, 1986",6,7,0,0,0,0,0,,Josh Epps
b593cd58b0afffb0,0.0,8.4,0.0,0.0,185,74,Orthodox,"Sep 19, 1996",7,2,0,0,0,0,0,72,Abdellah Er-Ramy
32ab52e5de93092d,4.64,4.07,1.13,0.4,125,68,Orthodox,"Jul 27, 1995",14,4,0,47,55,28,67,68,Steve Erceg
7b9a85e5ff31ef47,0.94,1.87,4.68,6.2,280,,Orthodox,"Jul 06, 1964",9,4,1,47,25,60,100,75,Tom Erikson
22061ff217907c78,1.07,1.83,0.0,0.0,230,,Orthodox,"Jan 31, 1983",9,3,0,36,47,0,70,71,Konstantin Erokhin
902ec2cc48c8ae8a,6.18,6.31,1.73,0.7,145,74,Southpaw,"Jul 31, 1989",31,14,0,48,48,43,61,73,Julian Erosa
082eba4cd80f736f,3.29,3.29,0.0,0.3,145,73,Orthodox,"Nov 17, 1994",14,6,1,44,61,0,33,71,Jarno Errens
64ad3e3b0efa30bb,2.53,4.57,0.93,0.0,205,72,Orthodox,"Nov 15, 1991",15,6,,49,54,37,70,74,Ivan Erslan
74061adb224be3cc,1.34,1.59,1.88,0.0,155,,,"Oct 29, 1968",8,6,0,69,41,50,0,69,Nick Ertl
c26ea30823f37316,4.06,1.13,4.25,1.4,170,,,,5,1,0,54,61,100,50,72,
f7ede18b4ec4ec1f,0.0,0.0,0.0,0.0,130,,,,5,6,0,0,0,0,0,,Bobby Escalante
9ebd666f99ba686b,0.0,0.0,0.0,0.0,155,,,"Feb 18, 1998",9,1,0,0,0,0,0,,
0e4daed84a8f39a6,3.07,1.74,0.0,2.0,350,,Orthodox,"Aug 03, 1968",15,10,1,71,43,0,0,71,Eric Esch
b36874652ed7715d,0.0,0.0,0.0,0.0,205,,,,1,0,0,0,0,0,0,,Pro Escobedo
5df17b3620145578,1.77,4.32,0.43,0.0,135,72,Orthodox,"Aug 30, 1981",17,9,0,43,49,33,13,67,Cole Escovedo
83fd97284f4bb4a4,2.92,2.3,1.31,0.8,155,71,Orthodox,"Jan 15, 1986",28,12,0,44,63,40,66,69,Efrain Escudero
ed220e87bef0cc64,0.0,0.0,0.0,0.0,145,,,"Jul 13, 1978",8,7,,0,0,0,0,,Evan Esguerra
d910665038efc639,2.19,2.87,3.28,0.3,115,63,Orthodox,"Oct 10, 1987",20,8,0,39,54,36,47,61,Carla Esparza
ccf5dc41417e9daf,2.38,1.95,8.93,2.4,255,80,Orthodox,"Oct 09, 1980",11,2,0,70,40,78,50,75,Juan Espino
215a70f073a7b726,4.22,2.94,0.75,0.2,125,69,Orthodox,"Nov 08, 1989",15,9,,52,57,28,70,66,Jordan Espinosa
411539901068522f,4.1,7.37,0.75,0.0,115,64,Orthodox,"May 07, 1986",6,6,0,31,52,21,83,61,Jodie Esquibel
83455a9d17f57dae,2.4,3.9,4.91,0.2,135,69,Orthodox,"Aug 10, 1996",14,1,0,39,45,33,66,68,Rafael Estevam
41f3cfdab0b22236,3.2,3.27,0.0,0.0,155,68,Orthodox,"Mar 11, 1992",7,1,0,43,70,0,0,70,Achilles Estremadura
ea9bfe9c25037bba,0.0,0.0,4.37,0.0,125,68,Switch,"Aug 05, 1993",7,3,0,0,0,100,100,67,Shaun Etchell
33011768c3c4dc9a,2.16,2.53,0.43,1.4,155,73,Orthodox,"Jan 11, 1986",16,5,0,35,67,30,39,73,Terry Etim
8d5daf67983b65ba,0.0,0.0,0.0,0.0,180,,Southpaw,"Oct 12, 1955",1,1,0,0,0,0,0,72,Fred Ettish
74b5736f1df40be3,0.0,0.54,8.04,0.0,135,,,,4,2,0,0,83,100,0,,
4234f0097c83fa62,4.3,3.43,1.9,0.3,125,67,Orthodox,"Apr 27, 1985",8,7,0,43,57,44,66,64,Sijara Eubanks
9766ed20b68c7c33,4.51,3.96,1.6,0.2,155,68,Orthodox,"Oct 07, 1980",13,3,,40,61,19,61,68,Billy Evangelista
ee779c43a8926d52,2.14,2.42,2.98,0.0,205,75,Orthodox,"Sep 25, 1979",19,8,1,37,63,44,73,72,Rashad Evans
d3de4a24f7eefac8,1.79,2.55,3.19,0.6,155,,Orthodox,"Oct 10, 1980",13,10,0,35,55,83,69,69,Doug Evans
fc6e681bf6658faf,4.03,4.59,0.95,0.0,135,67,Orthodox,"Jul 09, 1987",6,6,0,34,53,22,50,68,Ashlee Evans-Smith
dd8aec6de7035943,0.27,3.86,0.0,4.0,250,,Orthodox,"Jun 01, 1974",11,4,0,10,38,0,0,75,Dan Evensen
b12a1d19ee383b7c,1.16,4.02,0.93,0.9,135,70,Orthodox,"Jun 04, 1981",19,8,,42,38,30,33,67,Tonya Evinger
76e2870ffafbe38f,3.91,2.8,4.78,0.2,145,72,Orthodox,"Feb 11, 1994",20,0,0,47,61,52,61,67,Movsar Evloev
5f6f049d54728e88,4.28,4.87,0.36,0.1,145,75,Southpaw,"Jan 21, 1988",17,9,0,40,51,75,72,68,Andre Ewell
54c2576b7f2f1f57,3.4,4.33,0.0,0.0,185,75,Orthodox,"Sep 06, 1993",7,1,0,37,50,0,42,72,Chris Ewert
0798f558681d0eb5,2.27,1.93,5.0,0.0,185,,,"Sep 30, 1985",6,0,0,60,48,62,0,,
d776b5814f2400b4,7.44,4.53,1.68,0.0,135,69,Orthodox,"Feb 19, 1996",10,2,0,55,63,60,100,66,Ethyn Ewing
a1cb266d7f44f35f,2.53,9.73,2.0,0.0,145,68,Orthodox,"May 09, 2000",13,3,0,27,34,40,100,67,Manuel Exposito
f72465a784c1b084,3.86,4.19,0.58,0.5,125,66,Orthodox,"Jul 27, 1986",15,11,,37,55,40,57,66,Jessica Eye
6224e8d0a34264eb,2.28,6.25,1.01,0.0,155,70,Orthodox,"Jul 15, 1984",2,5,0,32,44,25,33,,Edward Faaloloto
78114b7199cef90c,2.65,2.59,1.54,0.8,135,67,Orthodox,"May 14, 1979",35,11,0,40,64,30,58,66,Urijah Faber
8c020156779f7888,4.03,4.0,0.0,0.0,125,66,Orthodox,"Jun 25, 1987",4,4,2,41,62,0,100,66,Melinda Fabian
40389d39a92f5bfa,1.19,0.66,3.44,0.4,145,69,Southpaw,"Jul 14, 1975",16,4,0,38,70,64,100,66,Wagnney Fabiano
e17ac6410c8377f4,2.23,1.46,7.1,0.0,170,75,Orthodox,"Apr 26, 1986",15,5,0,68,51,70,80,72,Bartosz Fabinski
453ee00c3e1ae9dd,0.39,8.9,0.0,0.0,205,,Orthodox,"Aug 16, 1979",33,20,,40,42,0,0,69,Ron Faircloth
adea9f0090aa8e14,0.0,0.0,0.0,0.0,230,,,,4,5,0,0,0,0,0,73,Jason Fairn
862b0b3375aa4b6e,4.55,7.4,0.0,0.0,135,72,Orthodox,"Dec 10, 1983",6,6,0,31,45,0,60,68,Zarah Fairn
8f765fd5775a8873,5.03,3.61,3.91,0.2,170,74,Orthodox,"Sep 28, 1991",24,1,1,52,54,34,91,72,Rinat Fakhretdinov
d58478ded5534695,1.67,0.53,1.0,3.0,185,,Orthodox,"Mar 08, 1981",37,10,,55,86,100,71,71,Maiquel Falcao
f7be1db194e03d7e,3.21,3.39,2.73,0.0,135,66,Orthodox,"Jul 30, 1992",16,5,0,48,50,25,66,66,Pedro Falcao
91d73ee59347ac16,1.69,2.17,0.9,0.9,170,,Orthodox,"Jul 05, 1980",16,7,0,45,53,50,20,73,Brodie Farber
04e9955f33e0c267,6.69,2.09,1.25,1.2,155,,,,1,1,0,64,85,50,0,69,
27b164b0d1833df0,2.23,1.44,1.31,0.7,125,,Switch,"Jul 23, 1986",18,8,1,56,45,66,20,67,Kalindra Faria
431262bbc69215dc,3.8,5.33,0.0,0.0,145,76,Orthodox,"Mar 16, 1993",10,1,0,39,51,0,41,73,Jair Farias
49c7236c737d7e59,0.81,2.21,3.02,0.0,145,,Southpaw,"Sep 11, 1975",8,3,,22,67,100,0,69,Chance Farrar
f89e6e66b9b112de,6.33,7.2,0.0,0.0,170,79,Southpaw,"Jun 19, 1989",7,3,0,41,51,0,20,76,Rico Farrington
9c42a0de8e012870,4.01,3.61,0.0,0.0,135,,Orthodox,"Apr 09, 1985",4,2,0,48,52,0,44,68,Kelly Faszholz
5af26b3201690d29,2.3,1.6,4.5,0.0,215,,Southpaw,"Jan 03, 1975",25,20,,53,54,100,25,72,Rodney Faverus
f36af23639501cdf,0.0,0.0,0.0,0.0,170,,,"Oct 29, 1996",10,1,0,0,0,0,0,,
e5010b1b94ca5755,3.7,3.44,0.29,0.2,155,70,Orthodox,"Apr 25, 1984",17,6,0,44,48,28,64,71,Paul Felder
a2ea77e974c5889f,4.88,5.6,0.0,0.0,245,75,Orthodox,"Jan 12, 1995",11,2,0,45,50,0,72,72,Carlos Felipe
954e3f4e2b0e6510,0.0,0.0,0.0,0.0,170,,,"Apr 28, 1979",4,5,0,0,0,0,0,,JP Felty
86597694317e5e1b,0.0,0.0,0.0,0.0,135,,,,15,9,1,0,0,0,0,,
c940b42df95bbd28,4.3,1.67,0.67,0.0,115,67,Southpaw,"Oct 27, 2001",11,5,0,49,66,100,63,66,Feng Xiaocan
27541033b97c076d,2.3,3.41,3.1,1.2,235,77,Orthodox,"Feb 08, 1974",5,2,,50,38,72,36,74,Kevin Ferguson
15f4550e017f6c7d,0.0,0.0,0.0,0.0,205,,,,3,0,0,0,0,0,0,67,Rhadi Ferguson
22a92d7f62195791,4.91,4.37,0.39,0.9,170,76,Orthodox,"Feb 12, 1984",26,11,0,45,55,35,66,71,Tony Ferguson
b0f316c60f8d3b47,2.13,4.18,0.59,0.0,125,,Orthodox,"May 13, 1988",10,5,0,43,32,11,54,65,Josh Ferguson
979f7edbb6980b0d,0.0,0.0,0.0,0.0,170,,,"Nov 13, 1977",14,8,3,0,0,0,0,74,CJ Fernandes
cbc071cb20ea59c7,2.91,2.02,3.97,0.6,139,,Orthodox,"Mar 30, 1980",20,3,0,40,72,53,77,67,Bibiano Fernandes
a6eb54ae17a551be,3.51,5.31,0.42,0.2,125,66,Southpaw,"Aug 13, 1993",11,4,0,46,53,18,68,66,Gabriella Fernandes
ec13c393d029297d,4.28,1.42,1.18,0.0,155,73,Orthodox,"Mar 17, 1995",11,2,0,55,62,100,76,69,Kaue Fernandes
7ee1babb99f30115,0.0,0.0,0.0,0.0,,,,,0,0,0,0,0,0,0,,
d62e280d0f7b6d6f,8.14,10.17,0.0,0.0,205,76,Orthodox,"Jun 29, 1995",6,1,0,58,36,0,0,73,Luke Fernandez
3df223aeaacecf3f,1.87,4.73,3.0,1.0,185,80,,"Jan 10, 1997",9,2,0,51,38,30,0,75,Lucas Fernando
28ba5f27e473420c,2.57,8.14,0.0,0.0,205,,Orthodox,"Apr 25, 1979",18,6,0,60,42,0,0,67,Alexandre Ferreira
dbc17725b887860a,1.9,2.44,2.69,0.5,185,78,Southpaw,"Feb 15, 1985",13,8,0,42,53,53,84,73,Cezar Ferreira
f53d4f21d1b5f2dc,4.7,3.46,0.82,0.6,155,74,Orthodox,"Jan 18, 1985",19,7,0,39,55,30,57,69,Diego Ferreira
1c2a8915f8431507,1.75,2.75,1.11,1.7,125,70,Orthodox,"May 03, 1991",12,2,0,32,56,100,66,66,Erisson Ferreira
1e719d4b676dc19a,3.27,3.75,1.0,0.6,185,72,Orthodox,"Nov 04, 1992",15,4,0,49,51,22,50,70,Brunno Ferreira
977081bc01197656,0.0,0.0,0.0,0.0,323,,Orthodox,"Apr 26, 1965",4,2,0,0,0,0,0,71,Scott Ferrozzo
8c21eb9fd7c4c203,0.0,0.0,0.0,0.0,205,79,Orthodox,"Jan 18, 1996",8,1,0,0,0,0,0,75,
33efaf2d0941cfcf,3.3,6.26,0.25,0.0,170,74,Orthodox,"Apr 07, 1994",16,8,,41,45,100,66,72,Andre Fialho
d814f5192e58fb2f,2.33,2.29,1.3,2.2,155,70,Orthodox,"Dec 14, 1979",42,21,0,41,57,35,30,70,Drew Fickett
0ec821423baa26bd,0.0,0.0,0.0,0.0,235,,Orthodox,,0,1,0,0,0,0,0,76,Scott Fiedler
6e380a4d73ab4f0e,0.33,2.64,0.0,0.0,200,,Orthodox,"Nov 18, 1974",28,32,1,33,11,0,0,74,Ron Fields
b4c57a8c2b773e82,4.0,4.93,0.5,0.0,155,70,Orthodox,"Aug 15, 1996",8,2,0,39,52,12,57,70,Michal Figlak
aa72b0f831d0bfe5,2.57,3.43,1.61,1.2,135,68,Orthodox,"Dec 18, 1987",25,7,1,53,49,34,57,65,Deiveson Figueiredo
cdadae5363b66eef,2.04,2.59,2.51,0.4,125,68,Southpaw,"Oct 23, 1989",13,5,,61,61,75,76,66,Francisco Figueiredo
daff32bc96d1eabf,2.37,3.77,0.0,0.0,135,,Orthodox,,11,8,1,48,49,0,58,64,Anthony Figueroa
bbfca6d5c27d9cd8,2.57,3.06,0.2,0.6,135,69,Orthodox,"Jul 31, 1984",9,5,0,39,51,100,37,67,Edwin Figueroa
2226445c4a196dc8,0.0,0.0,0.0,0.0,185,,,"Feb 05, 1995",16,1,0,0,0,0,0,,
2abdead94ce73552,1.86,1.67,2.4,1.6,185,,Southpaw,"May 24, 1978",23,6,3,48,66,32,42,68,Paulo Filho
65adf3856c4d9256,1.78,1.76,2.4,1.8,125,68,Orthodox,"May 05, 1993",17,5,0,40,50,47,50,67,Jafel Filho
8fd808923cffff82,3.89,4.55,2.24,0.2,145,74,Orthodox,"Jun 25, 1990",25,14,,37,49,46,71,71,Andre Fili
c32fb8c0f6471a4d,2.11,1.89,0.19,0.3,230,73,Southpaw,"Sep 10, 1974",35,11,,50,63,40,78,74,Mirko Filipovic
997b4f52f76a0b53,1.69,1.69,3.63,3.6,183,,Orthodox,"May 23, 1981",2,3,0,41,61,25,0,72,Brady Fink
0496cdac0bc9edd8,0.0,0.0,0.0,0.0,170,,,"Jul 11, 1974",5,1,0,0,0,0,0,72,Jesse Finney
3317823959d32a05,2.16,8.75,0.77,0.0,135,,Orthodox,"Apr 18, 1980",11,12,0,28,42,11,25,68,Jan Finney
fbb60f24af5d5a02,1.78,3.34,6.86,0.8,185,75,Orthodox,"Oct 24, 1998",11,1,0,54,40,59,75,68,Torrez Finney
9583662df31d943f,2.23,2.21,3.76,0.9,170,70,Orthodox,"Jan 22, 1981",26,15,0,42,69,63,67,68,Luigi Fioravanti
036e96c1c12b8a59,2.83,7.93,2.5,0.0,155,72,Orthodox,"Dec 10, 1997",6,2,0,46,42,45,71,70,Nick Fiore
34ff304266360297,5.66,3.58,1.05,0.0,125,65,Orthodox,"Feb 17, 1990",13,2,0,42,66,29,87,67,Manon Fiorot
16d09e800ad7ec79,1.23,1.22,3.86,0.9,154,,Orthodox,"Mar 18, 1982",19,8,0,50,51,45,20,66,Luiz Firmino
f34312c2ccfa0e00,3.17,3.03,0.67,0.8,155,68,Southpaw,"May 09, 1976",24,9,0,43,64,30,60,67,Spencer Fisher
bebb4ae55ac2bf6f,2.01,2.7,2.59,1.3,145,68,Orthodox,"Jun 06, 1992",18,4,1,32,46,46,44,68,Chris Fishgold
5517bd590dbbe1f8,1.4,1.2,2.0,0.0,145,,,,2,4,0,46,57,25,50,64,
6f018c039b4d5d80,2.61,1.65,3.6,0.8,170,74,Orthodox,"Feb 24, 1978",30,7,,50,54,51,56,72,Jon Fitch
b8dc5fbf8338adc5,0.0,0.0,0.0,0.0,205,,,,6,0,0,0,0,0,0,70,
c814b4c899793af6,4.71,4.81,1.0,0.0,155,71,Switch,"Mar 05, 1993",14,5,0,52,50,71,90,68,Rafael Fiziev
7d09200f6a77b20e,3.1,2.97,0.0,0.0,155,,Orthodox,"Jan 08, 1983",14,8,0,34,62,0,27,74,Colin Fletcher
725b1abc9a39d873,3.36,4.61,1.54,0.9,170,67,Switch,"Feb 18, 1997",10,3,0,49,46,35,33,70,AJ Fletcher
a2d342ffc83913ed,3.41,2.16,3.37,0.7,135,70,Orthodox,"Jan 03, 1998",9,3,0,59,57,38,50,67,Nathan Fletcher
09e62c450e754913,1.67,4.7,2.36,3.5,125,68,Orthodox,"Sep 07, 1990",17,9,0,50,43,33,0,67,Jimmy Flick
b5f44dcb863f595b,1.56,1.88,0.0,1.2,155,73,Southpaw,"Mar 17, 1988",9,2,0,44,60,0,40,72,Luke Flores
4bb0f74d5e26f89a,2.0,7.8,1.0,0.0,205,73,Switch,"Dec 22, 1993",7,3,0,37,25,9,0,75,Ty Flores
d23d5960ac5e117c,3.66,2.02,0.0,0.0,145,73,Orthodox,"Aug 06, 1991",17,3,0,40,54,0,0,70,Alejandro Flores
cb139171ed1b69fe,2.41,1.85,2.22,1.3,145,74,Southpaw,"May 26, 1976",14,6,0,40,63,33,60,70,Kenny Florian
65db4065e2bc107d,3.13,5.35,1.65,0.4,155,71,Orthodox,"Aug 25, 1994",13,8,1,50,42,44,66,69,Darrius Flowers
8164250600b7c91b,0.0,0.0,0.0,0.0,,,,"Jul 18, 1988",2,0,0,0,0,0,0,,Cody Floyd
c97fc5fbf7d32b8a,0.38,0.77,0.0,0.0,170,,,,6,4,0,25,0,0,0,,
01d2ed8c502e3828,2.76,2.83,2.1,0.0,155,74,Orthodox,"Jan 07, 1984",11,6,0,54,54,25,50,69,Caros Fodor
fa534853eb195270,2.86,14.29,0.0,0.0,220,,Orthodox,"Mar 16, 1976",5,5,0,14,54,0,0,67,Mal Foki
5de61b03868035ff,0.0,3.37,0.0,0.0,220,,Orthodox,"Mar 16, 1976",5,4,,0,56,0,0,67,Matt Foki
0adf1aacda5e26ac,0.0,0.0,0.0,0.0,145,,,,5,4,0,0,0,0,0,64,AJ Fonseca
05339613bf8e9808,5.11,3.53,0.7,0.3,135,71,Orthodox,"Jun 25, 1987",22,10,0,45,57,29,37,68,Rob Font
7a82635ffa9b59fe,2.62,10.25,0.0,0.0,185,,Orthodox,,10,15,1,42,28,0,0,65,Claudionor Fontinelle
947eccadb72f4f6f,2.11,4.06,1.79,1.2,185,75,Southpaw,"Oct 24, 1984",15,5,0,24,53,75,66,74,Jesse Forbes
a71ce6ff0b4a9dbb,0.0,0.0,0.0,0.0,155,,,"Mar 12, 1986",15,7,0,0,0,0,0,70,Sterling Ford
5340123d826ceadb,0.0,0.0,0.0,0.0,170,,,"May 13, 1979",11,9,0,0,0,0,0,69,
90390dd1b0791e7f,5.32,12.15,0.0,0.0,170,73,Switch,"Jul 11, 1997",7,2,0,38,42,0,0,71,Raheam Forest
b102c26727306ab6,1.42,2.34,1.82,0.6,125,67,Orthodox,"Apr 14, 1985",23,8,0,39,64,35,87,65,Jussier Formiga
77ba5b2939c4018b,7.8,7.67,0.0,0.0,115,61,Orthodox,"Mar 21, 1997",9,1,0,55,58,0,100,62,Carol Foro
44bc27bfa76dcd9e,2.08,2.12,2.32,0.0,155,71,Orthodox,"Mar 27, 1987",8,4,0,32,63,58,66,67,Renee Forte
b53c46f613f6f248,3.53,3.23,2.5,0.0,115,62,Southpaw,"Aug 04, 1993",9,3,0,41,57,45,66,60,Brianna Fortino
d761b3766e38c5db,3.83,4.52,0.45,0.5,205,74,Orthodox,"Oct 22, 1985",9,3,0,46,64,8,75,73,Marcel Fortuna
bc7f4b2d4c2724a2,2.0,3.13,3.0,0.0,259,75,Orthodox,"Jul 04, 1990",18,3,,50,57,60,100,72,Tyrell Fortune
3dc3022232b79c7a,3.3,1.63,3.67,1.8,170,71,Orthodox,"Apr 03, 1984",27,10,0,39,65,60,37,69,Brian Foster
ec33146e43e58933,1.47,2.5,0.0,0.0,185,,Open Stance,"Jul 03, 1982",32,22,0,43,49,0,16,73,Xavier Foupa-Pokam
d745d4146be48679,0.0,0.0,0.0,0.0,170,,,,2,0,0,0,0,0,0,71,
f65a0eb902f9476b,1.33,4.59,0.0,0.0,145,,Orthodox,"Apr 28, 1979",18,4,0,32,50,0,0,71,Brandon Foxworth
e0ec3c3b6b611f7e,1.78,2.85,1.53,2.4,155,71,Orthodox,"Aug 26, 1974",24,17,,39,55,36,37,66,Hermes Franca
00a3ff40c4b2cf21,2.35,3.46,2.68,0.3,155,77,Orthodox,"Feb 28, 1991",15,5,0,42,47,42,76,72,Glaico Franca Moreira
ecfdbf38681a59ba,0.54,3.51,0.0,6.1,205,,,"Jan 21, 1983",13,5,1,33,27,0,0,72,Francisco France
b9532d815060de7f,1.83,2.59,2.68,0.3,145,67,Orthodox,"Jul 16, 1982",6,2,0,48,48,80,40,66,John Franchi
e564146b9cf6dbef,1.81,2.55,3.02,0.0,205,76,Orthodox,"Jan 22, 2001",10,2,0,50,38,37,87,73,Felipe Franco
d897897060f10a3a,4.1,2.07,1.31,0.7,185,76,Southpaw,"Oct 05, 1974",29,7,,44,62,66,63,73,Rich Franklin
90957a918e26bf9c,3.07,5.27,0.0,0.0,135,66,Southpaw,"Oct 15, 1996",5,1,,33,50,0,100,66,Xavier Franklin
040d3b4c735541aa,0.77,1.64,0.0,0.0,135,,Orthodox,"Dec 10, 1983",13,5,0,31,53,0,57,64,Zoila Frausto
fee02819a271c050,1.43,3.57,0.0,0.0,115,61,Orthodox,"Sep 20, 1990",8,7,0,21,60,0,0,62,Stephanie Frausto
d3711d3784b76255,0.0,0.0,0.0,0.0,250,,Orthodox,,4,11,0,0,0,0,0,77,Zane Frazier
3beeeafcbc8b4cbc,1.5,2.77,0.0,0.0,245,,Orthodox,"Mar 31, 1988",3,3,0,39,46,0,100,72,Gary Frazier
78863e4a28204a6b,1.11,6.11,0.0,0.0,265,75,Southpaw,"Jun 15, 1989",10,3,0,66,4,0,0,72,Justin Frazier
b4bc2e3353a770b5,2.54,3.11,1.44,0.7,225,,Orthodox,"Nov 10, 1966",20,7,1,48,44,40,80,71,Ian Freeman
5870bd1eadf4f322,0.0,0.0,0.0,0.0,225,,,"Sep 02, 1976",6,4,,0,0,0,0,74,Jason Freeman
63d071997c75e3fd,0.0,0.0,0.0,0.0,125,,,"Nov 26, 1996",6,0,0,0,0,0,0,,
b5c19c34f12c917e,2.45,3.4,0.0,0.0,265,77,Southpaw,"Nov 10, 1991",7,2,0,56,50,0,50,73,Denzel Freeman
f1f37d667bcd0d27,1.53,0.93,0.5,0.0,155,,Orthodox,"Jul 28, 1987",26,6,0,37,62,100,73,68,Willamy Freire
90e6dde9113830bd,3.06,3.34,1.26,0.0,155,71,,"Jun 01, 1986",17,8,0,44,69,33,100,67,
a47e9ec288c91067,0.0,8.37,0.0,1.9,205,,,,6,10,0,0,19,0,33,73,Jeremy  Freitag
14b9e0f2679a2205,2.0,8.0,11.25,0.0,205,,Orthodox,,3,6,,29,51,50,0,,Rafael Freitas
9aa56f004b2bca07,2.4,3.2,1.0,0.0,135,,Orthodox,"Jan 20, 1985",6,3,0,27,52,100,26,67,Donavon Frelow
ca43de99b07b6b40,2.52,2.23,0.66,1.1,185,76,Orthodox,"Jan 15, 1994",11,6,0,44,47,25,30,76,Josh Fremd
73321668ff977f1b,1.52,1.27,0.0,0.0,161,,Southpaw,"Oct 07, 1980",19,7,0,50,16,0,100,67,Clay French
756f45905fb20cb5,0.23,2.17,0.0,1.0,145,,,"May 29, 1975",9,10,0,23,42,0,22,70,Mike French
dccb63727f2f5f74,3.3,3.76,2.34,0.8,155,71,Orthodox,"Jun 11, 1990",11,6,1,39,56,41,40,69,Matt Frevola
d05cb1e8d1b885d8,2.97,4.23,1.02,0.3,115,65,Southpaw,"May 20, 1985",11,10,0,43,52,36,90,63,Jinh Yu Frey
ee704df0afd74558,0.0,0.0,0.0,0.0,185,,,"Sep 07, 1991",11,0,0,0,0,0,0,70,
1641ef250e9de19b,4.52,2.57,0.0,0.0,125,69,Southpaw,"Apr 14, 1987",9,2,0,52,55,0,53,66,Sarah Frota
7cec3c4a5e7b6d68,3.25,4.32,0.0,0.0,170,73,Orthodox,"Apr 13, 1994",9,4,0,38,50,0,50,73,Daniel Frunza
271fe91f4ba9d2c5,2.87,3.57,0.91,0.7,219,,Orthodox,"Nov 23, 1965",20,9,,64,37,57,45,73,Don Frye
73a78713bd899f4c,2.2,4.27,0.0,0.0,265,80,Orthodox,"Apr 15, 1998",6,1,0,38,36,0,0,77,Allen Frye Jr.
253de74457bd6374,3.49,6.5,0.0,0.5,185,,Orthodox,"Mar 26, 1971",14,9,1,39,43,0,66,72,Tony Fryklund
a01a62132460a98d,4.88,5.33,1.63,0.0,170,77,Southpaw,"Jan 12, 1989",10,6,0,46,51,22,50,73,Adam Fugitt
c3c38c86f5ab9b5c,1.03,4.91,0.0,0.0,225,,Southpaw,"Jan 28, 1983",2,2,0,33,38,0,25,76,Jesse Fujarczyk
d71d968dc6ecfdaf,4.0,4.43,2.14,2.1,205,,Orthodox,"Aug 15, 1972",9,18,1,50,64,25,50,72,Katsuhisa Fujii
fb6c531726447ff3,2.4,0.0,0.0,12.0,113,,,"Apr 26, 1974",26,3,0,42,100,0,0,63,Megumi Fujii
b1605ea39fba6af6,1.05,1.99,2.78,0.6,235,,Orthodox,"Oct 16, 1970",15,12,0,49,52,36,85,72,Kazuyuki Fujita
ccd58ff71e260ed5,0.73,1.2,0.0,2.5,139,,Switch,"Sep 17, 1982",17,12,5,44,47,0,23,66,Keisuke Fujiwara
7c35f869033901ae,4.24,3.71,2.17,0.0,185,73,Southpaw,"Jan 06, 1981",24,9,,43,64,43,70,72,Riki Fukuda
42189c98d434a413,2.03,1.16,19.61,0.0,115,61,Southpaw,"Jun 03, 2003",11,2,0,60,50,90,100,60,Machi Fukuda
4638cc6479cc0afe,2.46,3.5,0.47,0.0,145,70,Orthodox,"Oct 06, 1986",11,7,0,32,54,33,69,70,Masio Fullen
911fb265462f0d94,0.0,0.0,0.0,0.0,240,,Orthodox,"May 29, 1977",253,53,,0,0,0,0,72,Travis Fulton
1f5f75658551f2d3,0.0,0.0,0.0,0.0,,,,,0,2,0,0,0,0,0,,Sam Fulton
aa3153a9941b4d44,1.82,2.92,0.0,5.5,185,,Southpaw,"Mar 13, 1969",39,13,2,68,35,0,0,72,Masakatsu Funaki
e9e1acc96536bb4f,2.61,3.57,1.24,0.0,170,74,Southpaw,"Aug 14, 1980",9,6,0,65,40,18,60,70,Ricardo Funch
c3e2eca94b2320bc,0.27,2.67,0.0,3.0,168,,,"Nov 10, 1980",1,1,0,10,39,0,0,72,Katsuaki Furuki
fcd8b623892b9a10,0.0,0.0,0.0,0.0,178,,,,6,4,0,0,0,0,0,,James Gabert
fe98f86284a6eeb3,4.06,4.26,0.0,0.0,125,,Orthodox,"Apr 01, 1994",13,1,0,65,46,0,50,66,Gustavo Gabriel
ec34349e7dffcde7,3.31,4.57,3.03,0.7,115,63,Orthodox,"Dec 07, 1988",18,5,0,41,57,42,58,64,Claudia Gadelha
a7a79b8efbceaaac,0.99,0.99,0.0,0.0,185,,Orthodox,"Jun 23, 1982",18,13,1,27,57,0,50,74,Alavutdin Gadjiev
6e344b71421103da,2.89,1.64,3.67,0.0,205,75,Orthodox,"Nov 04, 1993",9,1,0,49,62,73,61,74,Magomed Gadzhiyasulov
9e8f6c728eb01124,6.29,6.83,0.3,0.0,155,70,Orthodox,"Nov 14, 1988",28,5,0,57,50,26,73,71,Justin Gaethje
837d30395faca41e,1.6,2.89,0.0,0.0,135,,Orthodox,"Dec 29, 1989",9,7,0,50,28,0,20,65,Sheila Gaff
a54660deb6a8489c,3.36,2.51,1.57,0.0,135,68,Orthodox,"May 17, 1996",20,7,0,47,55,28,70,67,Muin Gafurov
b8592b4a383696cd,2.76,2.21,1.16,1.9,135,65,Southpaw,"Oct 10, 1984",12,5,0,46,61,25,65,65,Mitch Gagnon
8e6cfbd455f0f9c2,0.0,0.0,0.0,0.0,185,,,"Feb 24, 1982",5,21,0,0,0,0,0,75,Brandon Gaines
8988705468d04ef7,0.0,0.0,0.0,0.0,185,,,"Jun 18, 1998",7,1,0,0,0,0,0,,
06dc1a58663579d2,2.21,3.45,1.33,1.3,170,,Orthodox,"May 18, 1981",18,7,0,40,48,25,0,72,Travis Galbraith
0876d21328cf4a45,1.67,0.53,0.0,2.0,135,,Orthodox,"Jan 12, 1978",5,1,0,69,33,0,14,71,Dave Galera
8a1b4330c7957961,4.86,0.61,1.3,1.3,185,,Orthodox,"Feb 16, 1979",11,9,0,62,66,100,20,74,Zelg Galesic
9e50097a89442158,3.5,4.72,1.15,1.6,170,74,Switch,"Jan 22, 1992",7,7,0,49,49,32,37,74,Mickey Gall
96706c75a2b14164,3.1,6.0,0.0,0.0,265,,,,7,3,0,41,52,0,0,77,
cc81c92fe2254935,3.53,7.07,1.0,0.0,170,,Southpaw,"Sep 23, 1986",19,10,0,26,43,11,0,70,Tom Gallicchio
7e654edcddd71550,0.0,0.0,0.0,0.0,145,,,"Aug 11, 1976",8,6,0,0,0,0,0,63,Turrell Galloway
ad3fdba28a7540cf,0.0,0.0,0.0,0.0,155,,,,0,0,0,0,0,0,0,,Eric Galvan
45fe6765c56d8018,2.34,1.56,2.02,2.8,168,,Orthodox,"Sep 29, 1982",5,2,0,52,58,27,0,67,Andre Galvao
e15d0a2519d6a0b5,1.97,3.86,2.27,1.1,135,,Orthodox,"Jun 23, 1981",18,8,1,32,61,28,88,67,Marcos Galvao
289a3b69b85da7cd,7.57,6.99,0.0,0.0,170,,,,8,4,0,31,45,0,0,,Lucas Gamaza
10559c53de0b950e,2.47,2.53,0.0,0.8,145,,Orthodox,"Oct 26, 1988",9,2,0,35,51,0,42,67,Joey Gambino
cc6f9d1e89f3449a,2.13,2.83,3.26,0.7,135,67,Orthodox,"May 08, 1981",15,10,,41,55,34,69,65,Manvel Gamburyan
72db2a14ffa73ece,3.21,2.81,5.22,0.2,155,70,Southpaw,"Dec 11, 1990",26,4,,51,60,38,83,70,Mateusz Gamrot
0d980975001ae3d8,5.35,3.46,0.0,0.0,205,76,Orthodox,"Aug 09, 1990",14,1,0,48,51,0,50,74,Shamil Gamzatov
e463ce0a2ca474f4,13.02,1.7,0.0,0.0,185,74,Orthodox,"May 08, 1995",9,1,0,50,81,0,100,73,Ryan Gandra
41904fc4d3f5bffc,1.95,2.07,1.88,0.0,205,,Orthodox,"May 07, 1968",7,9,,23,72,66,0,71,Ariel Gandulla
787bb1f087ccff8a,5.4,2.31,0.66,0.6,247,81,Orthodox,"Apr 12, 1990",14,2,,61,60,23,47,76,Ciryl Gane
6d7886b094b471ac,0.0,6.38,0.0,0.0,265,,Southpaw,,2,1,0,0,28,0,50,75,Sean Gannon
de83f920fd302871,2.92,0.85,11.29,1.4,155,76,Orthodox,"Jan 09, 1993",12,0,,75,43,36,100,71,Tommy Gantt
8b27d25ce0221d60,0.0,0.0,0.0,0.0,125,,,,19,12,0,0,0,0,0,,
7bde387d50829adf,3.42,2.36,0.48,0.0,145,70,Orthodox,"May 28, 1989",13,2,0,51,58,100,61,69,Eduardo Garagorri
d8c7c61b176e3994,2.79,3.66,0.85,0.0,135,65,Orthodox,"Jul 07, 1991",15,7,0,40,58,22,81,68,Cody Garbrandt
917e53fa0adea0d3,2.77,4.79,0.3,0.5,145,68,Orthodox,"Jul 14, 1979",18,13,1,24,52,26,42,70,Leonard Garcia
8d49545dadf9b919,3.16,4.23,2.21,0.6,170,71,Orthodox,"Feb 22, 1984",14,5,0,29,60,57,50,70,Edgar Garcia
e5dc36e0aba7e9da,1.22,1.14,8.55,0.0,145,,,"Oct 20, 1980",14,10,,62,65,87,66,67,Alejandro Garcia
a2b12c3f3d60ff69,1.81,3.03,3.72,0.1,170,72,Orthodox,"Jul 14, 1987",15,6,0,31,59,52,66,69,Alex Garcia
8a04d94dfcfab159,0.67,3.03,0.0,5.1,125,,,,8,3,,25,50,0,83,64,
97cf1a2c7c5e7889,5.46,2.22,0.77,0.4,145,75,Southpaw,"May 22, 1992",19,6,0,48,59,40,89,72,Steve Garcia
ac5a7400da3a9a41,1.59,5.05,0.68,1.4,125,67,Southpaw,"Sep 13, 1992",6,2,0,27,50,14,33,65,Elias Garcia
e132d47bd9efbbe0,4.28,4.42,3.22,0.4,155,70,Orthodox,"Aug 05, 1994",19,4,0,44,61,45,77,67,Rafa Garcia
9e92e1ca498d7244,2.04,3.79,0.28,0.6,135,67,Orthodox,"Apr 12, 1992",10,5,0,34,48,50,50,67,Fernie Garcia
4f7e290e71d60f87,2.05,1.45,0.75,0.0,265,,Orthodox,"Aug 16, 1971",1,0,0,25,60,100,100,75,Rulon Gardner
70167689d6a01793,0.17,0.34,0.0,0.0,155,,Orthodox,"May 17, 1977",18,21,0,100,0,0,66,71,David Gardner
8e5bfd4e82352340,3.37,2.7,0.94,1.3,145,73,Orthodox,"Sep 16, 1983",12,4,0,44,50,25,15,73,Pablo Garza
30ba4c2779e68a1e,0.0,0.0,0.0,0.0,185,,,"Oct 23, 1994",23,2,0,0,0,0,0,,
a1b0715c4fd2dbd3,1.24,4.75,1.69,0.0,125,,Orthodox,"Apr 07, 1990",8,3,0,21,53,25,0,66,Azamat Gashimov
e4770d5ed44a3970,0.34,3.65,0.0,0.0,170,,Orthodox,"Aug 07, 1972",29,20,,26,44,0,42,73,Brian Gassaway
8c0580d4fff106c1,3.65,3.52,1.04,0.1,185,71,Southpaw,"Oct 24, 1991",21,11,,42,57,35,60,69,Kelvin Gastelum
6ded9184b2284645,1.8,4.28,0.0,0.4,125,72,Orthodox,"Jan 21, 1987",12,7,0,38,38,0,67,68,Willie Gates
a4a80dd7336ffd59,3.47,2.67,1.77,0.4,125,69,Orthodox,"May 02, 1996",9,3,2,49,54,27,58,65,Melissa Gatto
d758f272d94f5866,5.07,5.8,4.0,0.0,125,64,Switch,"Oct 07, 1996",10,1,0,59,68,44,100,65,Sean Gauci
b72a60a0cadff408,2.34,6.42,0.57,1.1,125,63,Orthodox,"Aug 28, 1984",8,4,,37,48,40,31,63,Louis Gaudinot
2f815ed5f8278ba6,4.32,2.6,0.41,0.0,185,81,Switch,"Apr 10, 2002",11,1,0,43,54,100,93,76,Ateba Gautier
618643d0d5c0631d,0.0,0.0,0.0,0.0,155,,Switch,"Jul 23, 1997",7,0,0,0,0,0,0,68,
6747ccd6d1acd266,2.94,4.92,1.06,0.3,265,78,Orthodox,"Feb 10, 1990",14,3,0,46,45,33,83,76,Shamil Gaziev
effd0b70e6749ab2,2.01,3.24,0.0,1.7,125,,,,0,4,0,42,43,0,0,62,Charlene Gellner
14e797332ea32cdb,1.26,1.11,3.08,1.3,135,68,Southpaw,"Apr 30, 1982",16,8,0,50,65,46,0,66,Chad George
2f1700b3a4a09bc7,2.55,2.34,0.0,0.0,170,,Orthodox,"Sep 22, 1982",6,2,0,40,35,0,0,74,Paul Georgieff
15edcf67ccf5be84,0.47,9.77,0.0,0.0,155,,Orthodox,"Nov 04, 1980",26,18,1,25,36,0,50,67,Brian Geraghty
42883268854b78be,0.0,0.0,0.0,0.0,155,,,,8,5,0,0,0,0,0,72,Derek Getzel
2db0c114414d4f06,1.2,1.8,0.0,0.0,125,63,,"Mar 09, 1989",3,3,0,20,76,0,0,64,Karine Gevorgyan
eb70e786bbdf1d16,2.29,5.14,0.0,0.0,135,69,Orthodox,"Jan 24, 1995",12,3,0,38,35,0,0,69,Yanis Ghemmouri
a24e080000fa7a35,0.0,0.0,0.0,0.0,194,,Orthodox,"Nov 07, 1962",5,6,0,0,0,0,0,68,Darrel Gholar
cb6783c39c01d896,2.78,2.94,0.41,0.0,170,,Orthodox,"Feb 09, 1977",10,7,1,46,58,50,61,70,Tiki Ghosn
de45aaae23dfa392,3.03,3.21,2.84,0.4,155,71,Orthodox,"Jan 23, 1990",20,12,0,41,50,36,52,70,Christos Giagos
946db8a378903cc3,1.93,2.8,1.0,0.0,155,74,Southpaw,"Jul 05, 1995",6,1,0,38,40,16,0,72,Joe Giannetti
96a221341035b701,0.0,0.0,0.0,0.0,155,,,,2,1,0,0,0,0,0,70,Nick Gibbons
f74e037b97917027,1.2,7.08,0.0,0.0,170,,Orthodox,"Jan 06, 1978",13,5,0,27,39,0,0,71,James Giboo
63eedfcc73071d41,1.21,6.44,0.0,0.0,185,,Orthodox,"Nov 20, 1970",4,5,0,75,20,0,0,69,Lance Gibson
69db199087a1a792,0.0,0.0,0.0,0.0,155,,,"Jun 20, 1976",12,4,0,0,0,0,0,67,Lee Gibson
700a674c042b7a96,3.63,3.22,2.12,0.6,135,71,Orthodox,"Sep 11, 1987",22,12,0,46,57,37,69,70,Cody Gibson
09439946214993bc,3.13,6.4,0.0,0.0,155,72,Orthodox,"Feb 07, 1990",9,5,0,54,52,0,0,70,Chase Gibson
07bc580bdf3eb9c8,2.4,4.24,1.67,0.0,155,72,Switch,"Feb 02, 1995",10,2,0,45,56,66,75,69,Lance Gibson Jr.
db8b800176d26f6e,0.0,0.0,0.0,0.0,155,,,"Jan 24, 1985",12,7,0,0,0,0,0,71,Kenny Giddens
e7f51d9f9e9259e7,3.97,6.45,0.5,0.0,155,75,Orthodox,"Jul 26, 1992",14,9,,37,37,33,33,73,Thomas Gifford
83825fad27ab3581,1.04,2.92,1.56,0.8,185,,Orthodox,"Aug 13, 1993",7,2,0,39,45,100,50,71,Joseph Gigliotti
6bb1d2b714d4b3bc,0.61,4.44,0.0,0.0,155,,Orthodox,"Jun 05, 1976",2,3,0,42,31,0,0,71,Joey Gilbert
b27a1fcb56a3035a,3.17,2.39,1.07,0.3,170,74,Orthodox,"Aug 06, 1992",16,7,0,54,58,50,72,72,Trevin Giles
42c96a9c4802e2e1,1.14,0.4,1.71,0.0,154,,Orthodox,"Mar 24, 1979",12,8,0,50,41,66,38,72,Kultar Gill
160b931119c1bf91,0.0,0.0,0.0,0.0,185,,,,3,2,0,0,0,0,0,,Jesse Gillespie
84ff027394f7e470,3.74,2.3,6.86,0.8,155,71,Orthodox,"Nov 13, 1986",14,1,0,52,57,48,100,67,Gregor Gillespie
91720876db0ee468,0.79,3.14,0.0,0.0,170,,Orthodox,"Oct 31, 1972",14,9,0,33,42,0,0,72,Jason Gilliam
ce175eaafe867d1f,2.04,3.02,0.0,0.0,170,72,Orthodox,"Mar 28, 1987",6,5,0,57,43,0,50,71,Micheal Gillmore
10ccdcd14c3dfcf1,0.0,0.0,0.0,0.0,,,,,0,1,0,0,0,0,0,,Krishaun Gilmore
762c69860eef65d8,6.8,12.29,2.17,2.2,145,,Orthodox,"Mar 26, 1992",11,1,0,54,42,25,0,67,Alex Gilpin
c96518b7f6881004,0.0,0.0,0.0,0.0,200,,Orthodox,,5,7,0,0,0,0,0,75,Bob Gilstrap
6a311920edd73c85,3.21,9.64,0.0,0.0,256,75,Orthodox,"Apr 14, 1993",6,2,0,42,47,0,0,74,Max Gimenis
bad8ed7d714f1493,0.0,0.0,15.52,0.0,135,64,Orthodox,"Nov 30, 1995",6,1,0,0,100,100,0,64,Eperaim Ginting
a58114c6dd0add64,0.0,0.0,0.0,0.0,185,,,,0,1,0,0,0,0,0,71,
c1ea31a904fe08a9,1.27,2.02,0.87,1.7,125,,,"Aug 20, 1985",9,5,0,40,52,12,100,68,
3e03cec9767d37e6,0.0,0.0,0.0,0.0,,,,,1,2,0,0,0,0,0,,He-Man Gipson
4b4f6abdce986be6,0.0,0.0,0.0,0.0,155,,,"Jan 16, 1974",19,5,0,0,0,0,0,68,
81f1810f72df8f25,2.5,1.92,5.76,0.0,155,,,"Mar 06, 1985",14,7,0,60,47,100,100,67,
fda067e842b07466,4.34,0.43,4.34,4.3,230,,,,3,2,0,54,40,100,0,72,
ed133185689088b3,0.0,0.0,0.0,0.0,205,,,"Oct 09, 1977",5,6,0,0,0,0,0,,Mike Glenn
814ff3018127e8fc,3.79,4.3,0.72,0.4,170,70,Southpaw,"Apr 12, 1989",22,9,2,42,51,13,69,72,Ricky Glenn
057a241e4ba90c4d,0.0,0.0,0.0,0.0,205,,,"May 10, 1996",5,0,0,0,0,0,0,,
ad56b3f00ca38dfd,3.97,3.3,0.0,0.0,240,77,Orthodox,"Nov 22, 1983",13,4,0,53,54,0,28,76,Mark Godbeer
bd85ca0bb4f26cfc,0.57,0.96,0.85,0.0,135,,Southpaw,"Oct 21, 1982",13,3,0,31,65,25,50,66,Clint Godfrey
8e5d953bdb9ae5e7,4.43,3.94,2.99,0.8,115,61,Orthodox,"Sep 06, 1993",14,6,0,49,62,42,76,62,Loopy Godinez
5ca158b1cc9cb242,0.0,0.0,0.0,0.0,230,,Orthodox,"Jan 01, 1964",16,16,0,0,0,0,0,74,Jason Godsey
e62b36885ecdac27,0.64,1.35,1.75,2.6,205,,Orthodox,"Apr 20, 1971",10,5,2,52,41,40,0,72,Allan Goes
fa07345cc9db5cc9,7.51,5.02,1.75,0.0,170,72,Switch,"Jun 18, 1998",9,4,0,46,59,16,66,70,Billy Ray Goff
5d1636b6c1688502,1.64,0.82,0.0,0.0,170,74,Switch,"Dec 09, 1997",14,3,0,66,0,0,0,73,Amiran Gogoladze
e86af30738a5452a,0.0,0.0,0.0,0.0,155,,,,3,4,0,0,0,0,0,71,Jonny Goh
26e3f3928b1891d9,5.19,4.67,0.66,0.2,115,61,Orthodox,"May 18, 1992",6,4,0,47,50,12,54,64,Hannah Goldy
ac29d508d78384c9,4.27,4.3,0.45,0.5,249,75,Orthodox,"Sep 15, 1992",6,3,0,58,45,50,87,75,Marcelo Golm
cffb87059e645bd1,4.43,3.16,1.45,0.7,115,63,Orthodox,"Dec 30, 1999",12,3,0,49,51,34,66,62,Denise Gomes
b3db81defb03d7af,0.0,0.0,0.0,0.0,145,,,"Jul 10, 2000",12,2,0,0,0,0,0,,
af1e5c64b8663aa0,1.5,1.16,2.57,0.0,155,,Orthodox,"Apr 29, 1982",10,3,0,42,56,66,31,66,Sergio Gomez
a0a680fe2f6cc8e6,1.52,0.79,1.14,0.8,135,67,Orthodox,"Mar 31, 1986",10,6,0,48,66,60,70,70,Frank Gomez
0a66de3a797cf73a,0.0,0.0,0.0,0.0,155,,,,2,0,0,0,0,0,0,,Alan Gomez
489413d3be819647,0.0,0.0,0.0,0.0,155,,,"Aug 08, 1983",1,2,0,0,0,0,0,,David Gomez
1e35aa8955794580,2.72,3.57,0.0,0.0,125,,Orthodox,"May 25, 1983",9,5,0,25,68,0,0,66,Ulysses Gomez
0778f94eb5d588a5,2.44,4.46,0.62,0.0,135,73,Orthodox,"Jul 21, 1986",6,2,0,28,55,100,50,70,Joey Gomez
513e84bfe65ff509,1.57,4.03,4.48,0.0,145,68,Orthodox,"Jan 28, 1995",4,1,0,33,55,50,33,67,Luis Gomez
3a28e1e641366308,3.73,3.33,2.0,0.0,155,71,Orthodox,"Aug 29, 1989",7,1,0,49,50,28,0,70,Joey Gomez
e90f4291f93708e6,2.66,8.78,0.0,0.0,170,69,Switch,"Feb 23, 1991",6,2,0,32,45,0,0,68,Edson Gomez
b4880ef2f838d4e1,4.26,4.04,0.0,0.0,115,65,Orthodox,"Dec 06, 1984",11,5,0,32,61,0,30,63,Silvana Gomez Juarez
3be081c29bf734d9,3.81,3.52,1.23,0.8,155,70,Southpaw,"Sep 22, 1978",35,14,,41,60,65,63,67,Takanori Gomi
e1d40e8782d80bc2,3.2,2.6,0.73,0.3,145,73,Southpaw,"Jun 13, 1997",15,4,0,48,61,38,77,72,William Gomis
b2acebbef8da14ea,2.18,2.67,1.01,0.5,170,68,Switch,"Oct 07, 1974",35,21,8,48,63,84,46,67,Akihiro Gono
270b89c00ef0c55c,2.12,2.94,2.8,1.1,242,76,Orthodox,"May 18, 1979",17,11,0,45,57,39,66,74,Gabriel Gonzaga
94535f76f43b466a,6.67,0.87,14.0,0.0,145,72,Orthodox,"Apr 28, 1991",6,0,0,80,43,73,100,69,Justin Gonzales
be5aab761c40ef35,4.47,4.03,0.86,1.4,170,68,Southpaw,"Sep 15, 1983",26,14,0,47,65,33,43,69,Fernando Gonzalez
28d8638ea0a71908,0.59,2.35,0.0,0.0,155,,Orthodox,"Mar 03, 1981",17,12,,20,33,0,50,66,Nick Gonzalez
69c071bc2621e8b0,3.9,4.39,0.0,0.0,135,,,,2,1,0,48,51,0,66,70,
2ff2e6e5abea3e53,1.4,1.87,2.0,0.0,170,,Orthodox,"Sep 19, 1987",11,3,0,37,41,33,62,70,Lewis Gonzalez
e45cfa47f504033a,3.06,3.13,0.0,1.0,155,74,Southpaw,"Feb 28, 1990",11,5,0,39,58,0,30,74,Jason Gonzalez
1ebdcb7488d0ebee,2.23,4.07,1.04,0.5,115,,Orthodox,"Aug 12, 1986",6,3,0,37,57,11,0,64,Pearl Gonzalez
ff175a137b395e2b,0.0,0.0,0.0,0.0,205,76,Orthodox,"Feb 29, 1984",16,4,0,0,0,0,0,74,
de47c33e48b0ce38,0.91,14.55,0.0,0.0,155,74,Orthodox,"Aug 13, 1985",7,2,0,16,11,0,0,71,Mikey Gonzalez
a2ccf35a88346a91,2.4,8.08,6.0,0.0,155,75,Orthodox,"Jan 20, 1992",14,8,0,36,40,55,50,71,Erick Gonzalez
4f1a48f4e6ffb007,0.0,0.0,0.0,0.0,125,,,"Mar 22, 1986",13,5,0,0,0,0,0,62,
1bda4867f1baceac,0.0,0.0,0.0,0.0,155,,,"Apr 21, 1986",2,7,0,0,0,0,0,,Kier Gooch
4e0692ad070976e4,5.34,4.01,0.27,0.0,170,74,Orthodox,"May 26, 1985",21,6,,48,63,100,75,72,Lyman Good
c730a0be691dc081,4.4,6.74,0.91,0.4,170,77,Orthodox,"Dec 05, 1993",23,10,0,48,45,45,65,72,Jared Gooden
fbbde91f7bc2d3c5,1.84,2.14,0.4,0.8,249,,Orthodox,"Jan 17, 1966",23,22,1,56,48,100,53,75,Gary Goodridge
7f98d9d5a10fa25c,0.0,0.0,0.0,0.0,155,,,,0,0,0,0,0,0,0,,Jordan Goodwin
279093302a6f44b3,0.0,0.0,0.0,0.0,216,,Orthodox,"Mar 30, 1959",2,2,0,0,0,0,0,77,Gerard Gordeau
8cad40a75e5c97f5,2.03,2.57,1.93,0.0,185,76,Orthodox,"Jul 22, 1983",8,4,0,32,60,83,63,72,Eddie Gordon
7026eca45f65377b,5.57,4.11,1.91,0.0,155,68,Orthodox,"Sep 06, 1988",21,9,,53,55,34,60,69,Jared Gordon
68c4ca70067bf282,3.53,49.41,0.0,0.0,265,,Orthodox,"Jul 19, 1988",3,1,0,16,22,0,0,73,Tebaris Gordon
dee294e9717012c2,2.5,2.0,1.72,1.0,125,71,Switch,"May 19, 1990",14,8,0,45,43,35,26,67,Malcolm Gordon
147e70aa6cc48cfc,3.41,7.0,1.91,1.0,185,75,Switch,"Jun 21, 1994",7,4,0,49,40,72,83,72,Tresean Gore
803bebcfb6d6f506,0.67,2.27,0.0,0.0,155,74,Switch,"Aug 11, 1995",6,1,0,32,38,0,54,74,Alex Gorgees
40f3cb27fc7305a1,2.7,1.75,4.52,0.4,170,77,Orthodox,"Jan 23, 1991",14,7,0,56,51,62,73,73,Themba Gorimbo
c10eb2f12c489f6d,2.73,5.57,1.0,0.0,135,,Southpaw,"Apr 29, 1983",9,4,0,31,46,9,33,65,Tim Gorman
052ceb8976695342,3.6,6.03,3.12,1.0,265,,Orthodox,"Aug 11, 1983",14,6,,42,44,42,0,75,Chase Gormley
fb1538b46877a695,1.61,2.01,4.17,0.6,170,73,Orthodox,"Jul 13, 1979",23,12,,41,46,70,45,72,Jonathan Goulet
51e86de150ee8be6,3.68,5.64,1.23,0.3,155,72,Orthodox,"Feb 27, 1987",12,5,0,34,50,80,83,70,Thibault Gouti
af5b208e97f5d382,3.02,4.06,0.9,2.2,185,76,Orthodox,"Oct 03, 1978",14,8,0,39,56,66,57,73,Wilson Gouveia
c44acf87e376c62b,0.52,2.93,1.57,0.0,205,,Orthodox,"Sep 25, 1974",9,5,0,23,42,33,50,73,Todd Gouwenberg
2391a73686200c5d,0.0,0.0,0.0,0.0,,,,,0,1,0,0,0,0,0,,Hugo Govea
ae954fd497025462,0.0,0.0,0.0,0.0,145,,,,5,5,0,0,0,0,0,,
3f11b5d4bd76a6d9,4.0,7.65,0.0,0.0,241,75,Orthodox,"May 12, 1980",20,5,0,36,51,0,0,73,Damian Grabowski
4e163b53d1de1fbc,0.0,0.0,0.0,0.0,205,,,"Nov 12, 1995",5,1,0,0,0,0,0,,
429e7d3725852ce9,0.88,1.13,0.0,0.8,175,,Southpaw,"Dec 12, 1966",15,2,3,41,37,0,66,73,Royce Gracie
52d92050a046bc17,1.69,1.54,3.46,0.6,190,,Orthodox,"Jul 18, 1979",2,2,0,37,60,85,50,69,Crosley Gracie
82d6a9ae41aac3f7,1.9,1.33,0.36,2.1,225,,Orthodox,"Jun 28, 1972",5,4,1,38,59,100,80,74,Daniel Gracie
a9c45a8b21eabadc,0.86,1.72,0.0,4.0,183,,Orthodox,"May 25, 1971",6,1,0,37,31,0,25,69,Ralph Gracie
aae0897825336b1a,1.71,1.67,1.13,0.8,185,,Orthodox,"Mar 11, 1967",13,7,,41,55,20,40,70,Renzo Gracie
194fc025f9355db6,0.0,0.0,0.0,0.0,185,,Switch,"Nov 20, 1958",11,0,0,0,0,0,0,70,Rickson Gracie
36877f0e62b25b96,1.34,0.86,1.49,0.4,183,,Orthodox,"Apr 11, 1975",6,2,1,51,46,50,75,72,Rodrigo Gracie
b807814d977682eb,0.0,0.0,0.0,0.0,150,,Southpaw,"Dec 06, 1965",5,5,1,0,0,0,0,68,Royler Gracie
0c3838c8f7c620c2,0.82,0.5,2.83,0.9,200,,Orthodox,"Aug 14, 1974",5,2,0,61,40,75,25,69,Ryan Gracie
84283233ec42be5f,1.61,1.05,2.5,1.7,210,,Orthodox,"Oct 04, 1985",3,1,0,46,55,75,0,74,Ralek Gracie
e4a9dbade7c7e1a7,2.3,3.38,2.3,0.0,242,,Orthodox,"Jul 14, 1978",8,4,0,32,55,10,0,76,Rolles Gracie
079488710f012779,0.0,17.14,0.0,0.0,181,,Orthodox,,0,1,0,0,50,0,0,70,Cesar Gracie
a6bbd3df469c6bea,1.78,1.79,1.87,1.9,185,79,Orthodox,"Sep 26, 1981",8,2,0,35,61,53,60,76,Roger Gracie
722b870449243083,1.86,0.99,3.72,3.7,170,,,"Feb 04, 1980",5,4,0,60,50,50,0,71,Igor Gracie
12d855d12a624da2,0.77,0.38,5.77,5.8,170,,,,6,0,0,100,75,100,0,72,
242d36d241b43c12,2.95,5.73,0.35,0.7,145,70,Southpaw,"Jul 11, 1988",5,3,0,42,51,25,0,69,Kron Gracie
fb37795db81f93f3,4.06,5.06,4.22,0.0,145,70,Orthodox,"Sep 28, 1995",15,4,0,51,49,40,75,68,Bogdan Grad
3e514f437c51ce0a,0.0,0.0,0.0,0.0,290,,Orthodox,,2,1,0,0,0,0,0,73,Steven Graham
6e4acc2c115215b5,0.91,2.27,0.0,0.0,185,,Orthodox,,3,1,0,42,28,0,0,76,Scott Graham
7559395ad833c074,2.79,2.57,0.0,0.0,115,68,Orthodox,"Apr 13, 1992",7,3,0,47,57,0,33,67,Miranda Granger
a26198ba5093147e,3.95,3.21,1.63,0.6,155,72,Orthodox,"Feb 26, 1984",21,5,0,54,56,43,36,70,TJ Grant
113df4fde64735c6,5.58,4.04,0.95,0.2,135,69,Orthodox,"Dec 18, 1985",18,8,0,45,54,38,65,68,Davey Grant
8be158ca1e5ea6a0,3.29,2.66,0.61,0.0,185,76,Switch,"Sep 14, 1984",11,6,0,36,60,100,66,73,Dwight Grant
e8b731feff72294b,4.11,3.71,0.4,0.7,125,66,Orthodox,"Aug 09, 1993",17,5,1,41,58,35,54,65,Alexa Grasso
601964f9654f911a,3.82,4.47,5.4,0.3,135,69,Orthodox,"Sep 28, 1991",23,9,0,48,44,41,52,65,Tony Gravely
3f1d23b01c552a13,1.25,1.47,4.8,0.4,170,71,Orthodox,"Jan 08, 1991",6,0,1,54,58,52,66,70,Michael Graves
642862d6d63605cd,2.19,0.81,4.86,0.0,255,76,Southpaw,"Oct 23, 1985",7,3,0,69,33,57,0,74,Shelton Graves
2db65fc038c0018e,2.61,18.26,0.0,0.0,135,,Orthodox,"Oct 25, 1987",4,1,0,50,44,0,0,69,James Gray
bb0d290026d7681d,3.45,4.48,0.0,0.0,125,67,Orthodox,"May 03, 1985",9,4,0,62,66,0,0,64,Kevin Gray
6d12031661db8ac8,2.4,1.33,0.0,1.0,205,,Orthodox,"May 03, 1967",3,1,1,75,53,0,25,74,Sam Greco
887961364be5ceb3,6.46,3.55,1.33,0.3,155,71,Orthodox,"Sep 09, 1986",35,17,,53,62,43,72,70,King Green
f046d724d2a84ac5,3.7,2.51,1.62,0.0,155,73,Southpaw,"Oct 11, 1989",23,8,0,46,69,50,75,70,Desmond Green
5eb50529a8418b77,5.6,6.19,0.71,0.5,155,73,Switch,"May 02, 1993",12,5,0,45,47,50,50,70,Gabe Green
068f8a189a47fea6,3.28,3.61,0.0,0.4,258,80,Orthodox,"Jul 05, 1986",9,7,0,45,45,0,27,79,Maurice Greene
bfc2fc38a0e20211,4.09,2.69,2.19,0.5,145,70,Orthodox,"Jul 29, 1981",15,5,0,53,56,37,82,68,Matt Grice
fcffee71cff5530e,4.38,2.81,1.05,0.7,205,77,Orthodox,"Mar 16, 1979",19,7,0,36,61,48,57,75,Forrest Griffin
20205040232ed0f3,3.71,2.3,1.87,0.9,145,68,Orthodox,"Apr 20, 1984",16,8,0,41,65,46,59,66,Tyson Griffin
b0d6a1d8ac3d563d,3.7,3.69,1.44,0.2,170,76,Orthodox,"Nov 29, 1985",20,13,0,47,58,41,69,71,Max Griffin
ebef46976554f975,2.52,3.02,1.45,1.9,145,73,Southpaw,"Feb 28, 1990",18,9,0,46,50,35,42,70,Jordan Griffin
fdf18227faa596dd,2.67,2.22,1.51,0.0,205,73,Orthodox,"May 15, 1978",11,3,0,50,46,66,41,73,Chad Griggs
68b8ebdfce9dbb61,2.62,3.97,2.62,0.0,135,67,Orthodox,"Mar 31, 1992",8,5,0,48,46,80,90,67,Charalampos Grigoriou
7fb4234670271505,0.71,3.29,0.0,0.0,205,,Orthodox,"Aug 15, 1972",23,10,0,16,46,0,66,78,Chuck Grigsby
dde70a112e053a6c,0.48,4.81,0.0,9.6,205,,Orthodox,,7,9,0,23,52,0,0,71,Rodrigo Gripp de Sousa
950d0ef5c17157c5,3.26,2.27,0.21,0.0,205,78,Orthodox,"May 02, 1984",32,10,2,52,58,16,66,75,Maxim Grishin
60ba33c3f555a7a3,1.44,3.71,1.97,2.2,145,74,Orthodox,"Oct 14, 1988",14,5,0,41,50,36,16,71,Josh Grispi
6741218640534d8b,2.39,1.67,0.0,0.0,155,,Orthodox,"Aug 08, 1988",11,7,0,45,46,0,52,69,Garrett Gross
234f3767ff0e5701,2.31,2.4,0.49,1.7,185,79,Orthodox,"Nov 12, 1982",23,17,,41,54,45,56,78,Kendall Grove
36a432f22144843e,0.0,0.0,0.0,14.3,265,,Orthodox,"Jan 18, 1971",12,8,1,0,0,0,100,78,Neil Grove
feaf00f3373435d6,6.18,4.96,0.21,0.0,155,68,Orthodox,"Jun 16, 1986",15,5,0,57,52,50,65,68,Chris Gruetzemacher
1e7483dbff40b84b,2.24,3.39,1.18,0.4,170,73,Orthodox,"Feb 06, 1977",6,6,0,48,41,33,26,71,Vik Grujic
56fcb2c4d99f9d1b,2.09,4.45,4.06,0.4,145,72,Orthodox,"Jan 03, 1987",12,4,0,45,56,28,50,67,Mike Grundy
dd12382f28296f7b,4.73,3.27,0.0,0.0,145,71,Orthodox,"Mar 14, 1986",20,1,1,43,60,0,0,69,Wang Guan
dc052ab64be66e1d,7.5,41.25,0.0,0.0,233,72,Orthodox,"Feb 26, 1994",3,1,,28,35,0,0,74,Anthony Guarascio
1abfb658cd4f8533,3.62,3.16,0.0,0.0,230,,,"Dec 20, 1975",11,5,1,56,33,0,42,75,Nandor Guelmino
2963369e327e1979,1.87,2.2,2.0,0.0,145,,,"Jul 24, 1990",21,5,,31,67,50,0,70,
8300a47f6fd6fe4f,0.65,0.87,3.27,0.0,125,65,Orthodox,"May 13, 1992",5,2,0,33,50,100,0,66,Rainn Guerrero
9f1641c08cf8fbe2,1.25,1.88,2.13,3.4,155,71,Orthodox,"Dec 30, 1981",15,7,0,39,58,27,50,70,Shannon Gugerty
6266abf6e4245c72,0.0,0.0,0.0,0.0,155,,,"Oct 18, 2000",9,2,0,0,0,0,0,,
c47df9303d318c67,2.63,3.0,3.1,0.6,155,70,Orthodox,"Dec 08, 1981",38,22,0,33,61,35,66,67,Clay Guida
ce25b4ed82b1811b,1.87,3.33,1.0,1.0,214,,,"Aug 04, 1977",19,28,,40,52,14,50,70,Jason Guida
ccd1299e0345e0ce,2.96,1.85,1.3,0.2,155,71,Orthodox,"Mar 30, 1983",32,18,,40,66,63,61,69,Melvin Guillard
da0f33e4255f99eb,0.82,1.91,0.0,0.0,240,,Orthodox,"Dec 09, 1972",13,16,0,27,36,0,0,72,Chris Guillen
aabf33d691f64d61,0.0,0.0,0.0,0.0,185,,,"Apr 12, 1997",7,1,0,0,0,0,0,,
0c9c0a43d3f3f49d,4.67,4.41,1.99,0.0,185,73,Orthodox,"Jun 25, 1983",9,2,1,51,62,13,0,72,Marcelo Guimaraes
cc98d857b148e33a,2.35,2.99,0.0,1.0,185,,Orthodox,"Apr 15, 1982",11,5,,56,44,0,52,72,Leonardo Guimaraes
4d74641fac830182,0.0,0.0,0.0,0.0,170,,Orthodox,,10,6,,0,0,0,0,71,Brad Gumm
a0c139b34f11421a,1.04,1.71,1.67,2.0,155,69,Orthodox,"Jan 05, 1979",35,16,2,27,58,33,11,69,John Gunderson
3956bdc8ab2e54b3,1.65,3.72,7.08,0.0,155,72,Orthodox,"Nov 24, 1985",5,1,0,37,46,42,0,69,John Gunther
04d5718ed2661e8c,3.37,3.62,0.81,0.5,155,69,Orthodox,"Jan 25, 1977",14,10,0,32,62,23,60,67,Jorge Gurgel
8377c5572cb356f3,0.0,0.0,0.0,0.0,205,,Orthodox,"Jan 18, 1970",3,2,0,0,0,0,0,72,Fabio Gurgel
29162be25ebef5f0,5.44,5.35,0.64,0.2,125,64,Orthodox,"Nov 16, 1993",11,4,0,43,57,15,60,65,Luis Gurule
ef5dcb10d2bd4b0f,4.57,4.09,0.0,0.7,205,76,Orthodox,"Sep 12, 1992",18,3,1,55,44,0,57,75,Bogdan Guskov
e34e3b1fffa13a6a,0.88,6.18,0.0,0.0,135,68,Orthodox,"Mar 03, 1990",8,4,0,27,41,0,33,67,Gugun Gusman
cc300e9aa3063431,2.79,3.28,0.0,0.0,205,,Orthodox,"May 19, 1977",6,3,0,43,60,0,60,72,Andre Gusmao
3c6976f8182d9527,4.03,3.53,1.53,0.4,205,79,Orthodox,"Jan 15, 1987",18,8,0,40,51,39,83,77,Alexander Gustafsson
2caf993f53541fa1,5.82,3.63,6.19,0.0,170,73,Orthodox,"Feb 20, 1991",12,3,0,71,45,58,100,73,Andreas Gustafsson
a789defa9086da46,0.16,3.74,2.44,4.9,170,,,"Jan 19, 1981",18,9,0,33,14,25,0,73,
cd85b48dc880fabd,0.86,2.91,0.0,0.0,145,,,"Sep 15, 1990",4,3,0,26,46,0,50,70,Horacio Gutierrez
45f0cc9d18f35137,4.4,2.65,0.3,0.1,135,67,Orthodox,"Apr 22, 1991",22,7,2,57,63,30,67,69,Chris Gutierrez
5f33ae0620e050c5,0.8,1.33,1.0,1.0,135,70,Southpaw,"Feb 24, 1997",7,2,0,75,50,100,40,66,Mando Gutierrez
eaea0fc7b76525a8,2.75,0.79,1.87,1.2,170,74,Orthodox,"Sep 17, 1974",15,6,1,65,66,37,54,72,Mike Guymon
184b7a36d50dcc5e,2.58,4.85,0.0,0.0,125,66,Switch,"Aug 16, 1998",3,1,1,51,46,0,57,64,Chelsea Hackett
bf12aca029bfcc47,0.0,0.0,0.0,0.0,200,,Sideways,"Apr 15, 1958",2,2,0,0,0,0,0,71,Keith Hackney
8e6654e9f0461b8f,8.84,2.72,2.96,0.6,135,69,Orthodox,"Sep 08, 1998",9,1,0,56,62,35,83,67,Cody Haddon
60a42bf82447c919,3.8,4.16,0.33,1.1,135,70,Southpaw,"Aug 03, 1996",11,4,0,43,61,11,54,67,Jake Hadley
99793cf88c5adeee,0.0,0.0,0.0,0.0,170,,,,3,0,0,0,0,0,0,68,Steve Hadsel
38c626ca912c7bac,3.34,3.74,0.91,0.1,155,70,Orthodox,"Aug 08, 1986",14,8,0,47,59,54,34,69,Damir Hadzovic
f4d92416da98804b,3.71,5.68,2.21,0.0,170,72,Orthodox,"Jan 31, 1992",9,4,1,38,41,24,50,71,Bassil Hafez
219a254e15d60135,2.79,4.14,1.72,0.9,260,76,Orthodox,"May 09, 1983",21,13,0,47,46,33,85,76,Tim Hague
8a213af406eb2dd4,0.0,28.33,0.0,0.0,185,77,Orthodox,"Aug 23, 1996",6,1,0,0,0,0,0,74,Theo Haig
4955c524c2a71469,1.54,17.44,0.0,0.0,145,,Orthodox,"Sep 04, 1992",6,1,0,25,44,0,100,69,Yazan Hajeh
206a7d47eb62170e,0.0,0.0,0.0,0.0,,,,"Oct 18, 1979",5,3,0,0,0,0,0,72,Stoney Hale
439d4bbefd4e6940,0.87,0.87,3.0,2.0,205,,,,6,4,0,59,64,100,0,74,
18524b46c570730b,0.0,0.0,0.0,0.0,190,,Orthodox,"Jan 26, 1961",5,6,0,0,0,0,0,72,Mark Hall
65578a75fa7900e3,3.23,3.85,0.54,0.1,185,79,Orthodox,"Jul 31, 1984",18,11,0,48,54,38,64,72,Uriah Hall
8866c6f509c19089,2.38,1.33,0.22,2.2,145,70,Southpaw,"Feb 22, 1985",9,2,0,50,65,9,0,70,Ryan Hall
8a8a84b743ae7699,1.12,1.96,1.79,2.1,155,72,Orthodox,"Dec 02, 1975",53,20,,44,43,30,25,69,Dennis Hallman
a3be148af5c7b088,3.98,3.17,2.55,0.4,155,71,Orthodox,"Aug 25, 1987",18,6,0,45,58,44,70,69,Piotr Hallmann
bad28b7b34f334de,0.0,0.0,0.0,0.0,300,,Orthodox,"Jan 06, 1963",0,4,0,0,0,0,0,75,Tony Halme
e763679f15326ae1,1.74,0.87,4.98,1.2,185,,,"Sep 16, 1986",9,3,0,47,65,53,100,72,
88c8f47241d90040,2.94,5.29,0.0,2.0,155,,Southpaw,"Sep 08, 1972",16,8,,43,47,0,66,69,John Halverson
165c244bcca3ed26,4.2,5.15,0.0,0.2,115,62,Southpaw,"Mar 08, 1987",17,8,0,39,61,0,66,62,Seo Hee Ham
c3c23c99477c041b,0.0,0.0,0.0,0.0,,,,,1,0,0,0,0,0,0,,Frank Hamaker
1b4d6971bb18b82c,1.7,0.91,0.0,0.0,185,,Southpaw,"Oct 24, 1978",5,7,1,37,60,0,50,72,Kazuhiro Hamanaka
a59017211b775b5d,3.87,3.4,0.0,0.0,170,71,Orthodox,"Apr 25, 1991",13,3,0,51,50,0,50,73,Rami Hamed
98b80a717b9bda17,3.69,3.8,3.0,0.0,205,76,Orthodox,"Oct 05, 1976",12,8,0,42,61,34,91,73,Matt Hamill
7ada6ea792a34424,0.0,0.0,0.0,0.0,185,,,"Nov 14, 1984",9,2,0,0,0,0,0,,Jeremy Hamilton
c727c7d31c50c4cf,3.91,3.02,2.62,0.0,260,76,Orthodox,"Apr 14, 1980",15,9,0,65,45,42,78,77,Anthony Hamilton
7da5839b223f3728,2.47,3.93,0.0,0.0,125,68,Switch,"Oct 07, 1986",11,4,0,31,58,0,62,67,CJ Hamilton
23459ee7e373b98f,5.15,3.93,1.57,0.0,185,75,Orthodox,"Mar 07, 1982",14,6,0,42,55,46,30,75,Jared Hamman
1f77fce698e80488,1.93,4.13,2.0,1.0,185,,Orthodox,"Nov 29, 1983",6,3,0,30,44,50,100,75,James Hammortree
24e9d6b0a24cff9d,7.97,1.94,1.71,1.7,155,,,,2,1,0,63,67,33,75,,
98533a2738124a0d,0.73,1.47,0.0,1.0,185,74,Orthodox,"Apr 20, 1990",9,3,0,47,33,0,71,76,Chad Hanekom
86e388ed20761ad9,2.01,2.04,2.21,1.9,150,,Southpaw,"May 26, 1979",23,14,1,43,58,58,34,67,Joachim Hansen
4100c7a09497ad41,3.01,3.19,1.83,0.8,115,63,Orthodox,"Aug 14, 1999",7,6,0,50,51,22,37,62,Kay Hansen
b7b84ccd221be298,6.36,6.0,0.34,0.0,155,72,Southpaw,"Aug 22, 1995",18,6,0,45,63,20,86,70,Nasrat Haqparast
05b17ae24e6bba81,2.02,1.84,12.32,0.0,145,68,Switch,"Nov 27, 1998",8,2,,63,43,51,0,65,Shin Haraguchi
b9c3ee342eb72100,0.0,0.0,0.0,0.0,135,,,,2,3,0,0,0,0,0,,
69b69c0178c4004d,3.4,3.07,0.0,0.9,245,78,Orthodox,"Feb 05, 1976",8,6,0,61,46,0,40,76,Antoni Hardonk
f55a6807b6bb853d,3.6,4.6,0.0,0.0,155,72,Orthodox,"Dec 06, 1996",12,2,0,38,71,0,83,70,George Hardwick
2dbc60c52de126d8,5.47,8.54,0.0,0.0,145,71,Switch,"Sep 29, 1994",13,5,1,42,44,0,0,68,Harry Hardwick
473ce3aa581251a2,2.46,3.44,0.73,0.4,170,74,Orthodox,"May 17, 1982",25,10,,35,51,35,35,72,Dan Hardy
4798e823ada58fe9,3.06,3.24,0.82,0.3,125,64,Southpaw,"Oct 30, 1995",10,5,1,45,50,41,51,64,Veronica Hardy
85073dbd1be65ed9,4.79,3.31,0.2,0.0,265,80,Orthodox,"Jul 28, 1988",7,5,,50,55,33,64,77,Greg Hardy
4d1e92b61bcef308,0.0,0.0,0.0,0.0,,,,"Jan 13, 1994",12,3,0,0,0,0,0,,
848809f3986b4977,0.0,0.0,0.0,0.0,265,,,"Oct 24, 1977",1,2,0,0,0,0,0,,Baru Harn
14a433bccba87016,1.3,4.98,3.25,0.0,185,,Orthodox,"Apr 14, 1972",12,7,0,54,47,100,0,72,Scott Harper
e5864a42c80294f6,2.32,10.94,0.0,0.0,170,68,Southpaw,"Nov 13, 1998",11,1,0,50,29,0,0,67,Josiah Harrell
30cd319d39ee689b,0.0,0.0,0.0,0.0,270,,Orthodox,,1,4,0,0,0,0,0,80,Gerry Harris
c4b81cdecd5d6abe,1.41,1.58,2.96,0.0,185,77,Southpaw,"Nov 19, 1979",23,5,0,29,62,54,72,71,Gerald Harris
ba043b03eb799063,2.34,3.16,1.76,0.0,125,65,Orthodox,"Sep 04, 1983",22,12,,26,68,21,60,64,Phil Harris
03f982ca3735070c,3.05,3.33,0.29,0.1,250,77,Southpaw,"Jun 10, 1983",13,10,,39,54,28,70,77,Walt Harris
0e96af5220d27ed4,0.0,0.0,0.0,0.0,257,,,"Aug 04, 1977",2,0,,0,0,0,0,,
0e98b05d3cf6d271,1.73,0.43,0.0,6.5,145,,,,2,2,0,50,75,0,50,66,Trevor Harris
a53d30163304aa6e,3.34,3.5,1.13,0.5,170,76,Orthodox,"Jul 09, 1987",19,8,0,42,51,20,55,72,Carlston Harris
1af1170ed937cba7,4.29,1.1,2.84,0.9,135,66,Southpaw,"Jul 02, 1990",19,1,0,62,66,37,100,68,Kayla Harrison
16bf6a73bdd302cd,6.33,7.53,2.0,0.0,185,,Orthodox,"Oct 12, 1989",6,3,1,44,51,16,50,73,Collin Hart
6412da484125716b,4.53,4.53,0.0,0.0,170,79,Orthodox,"Jun 24, 1997",6,2,0,34,45,0,40,75,Joey Hart
058e4e08a1ad8aba,1.14,1.55,1.22,2.5,155,69,Orthodox,"Apr 04, 1979",6,3,0,35,66,100,25,70,Dale Hartt
34f3869747bf8fa9,0.0,0.0,0.0,0.0,,,,,0,1,0,0,0,0,0,,Luke Hartwig
83a477a7dba1ca58,3.29,3.91,0.66,1.3,170,74,Orthodox,"Sep 25, 1980",13,6,0,48,58,100,68,73,Clay Harvison
5182316da3c1d891,0.0,0.0,0.0,0.0,125,,,"Jul 16, 2001",8,0,0,0,0,0,0,,
c88f8a9c1ea7165d,1.4,1.0,17.0,0.0,170,74,Orthodox,"Aug 01, 1995",6,0,0,51,70,62,0,71,Farman Hasanov
2a2eeee20ef049cf,0.0,0.0,0.0,0.0,170,,,"Jul 13, 1978",19,20,6,0,0,0,0,69,Hidehiko Hasegawa
5bd533d50c8e7b8a,0.93,4.67,0.0,2.0,205,,Orthodox,"Jun 02, 1969",20,17,0,70,28,0,40,71,Chris Haseman
ae4343d29c68e9d0,2.84,6.56,0.0,0.0,135,,Orthodox,"Oct 02, 1977",15,6,1,26,61,0,0,64,Takayo Hashi
a890f9a791ed615d,0.0,11.67,0.0,0.0,250,,Orthodox,"Aug 16, 1977",1,4,0,0,30,0,0,72,Tomohiko Hashimoto
77940e45bc86208e,1.51,2.65,1.62,0.8,170,,Orthodox,"Aug 30, 1979",7,6,0,33,54,40,52,70,Justin Haskins
cf615eb4b7862c76,2.11,3.16,0.0,0.0,170,,,"Oct 20, 1982",6,3,0,46,48,0,25,70,Hayder Hassan
bf7a64d9ae343e86,3.16,4.42,2.43,1.2,155,75,Orthodox,"Nov 20, 1996",11,3,0,39,38,19,0,73,Ahmad Hassanzada
c76ceda100ac0fad,1.44,1.42,0.67,0.7,139,,Orthodox,"Aug 24, 1982",17,11,7,39,55,100,35,66,Daiki Hata
28f3c2258a1d8874,3.4,1.8,2.61,0.9,170,75,Orthodox,"Jul 23, 1987",17,2,0,40,62,43,60,73,John Hathaway
547afe1017e72dbe,5.33,3.72,2.11,0.2,185,77,Orthodox,"Jan 08, 1989",12,6,0,59,55,34,90,72,Phil Hawes
5c7fc58e782b6842,0.0,3.41,0.0,0.0,205,,,"Jan 13, 1979",6,9,0,0,37,0,0,71,Justin Hawes
9460c867aae1987e,0.0,0.0,0.0,0.0,205,,,"Dec 20, 1985",5,10,0,0,0,0,0,73,Chris Hawk
885e7f70dcac0007,1.15,2.01,0.0,0.0,135,,Orthodox,,22,17,0,27,46,0,0,65,Del Hawkins
0871254cd790c250,1.48,2.05,3.42,0.0,145,,Southpaw,"Mar 11, 1986",11,3,0,27,55,33,66,69,Tommy Hayden
0cfbbfa0ba6d9855,4.87,1.47,0.0,4.0,230,,Orthodox,"Oct 16, 1980",20,12,2,55,77,0,75,76,Mike Hayes
a620638435de0628,0.0,0.0,0.0,0.0,,,,,7,6,0,0,0,0,0,,
7d6a3546c988cdc0,0.0,0.0,0.0,0.0,,,,"Oct 29, 1980",8,11,0,0,0,0,0,70,Gerric Hayes
6ef58dabef8beb15,1.25,4.03,0.94,0.0,170,,Orthodox,"Jul 30, 1977",14,11,0,22,52,18,42,69,Josh Haynes
a149d6bc670cdb60,2.24,3.51,0.55,4.1,170,76,Orthodox,"Apr 29, 1986",12,7,0,40,46,50,25,73,Dustin Hazelett
19a8cce18a1cef9e,2.75,3.11,0.41,0.8,170,73,Orthodox,"Feb 09, 1984",9,4,0,48,49,100,66,73,James Head
50d2f0018bcf9eef,2.57,2.57,3.08,1.1,155,72,Orthodox,"Jul 20, 1983",34,23,,36,50,37,55,72,Pat Healy
f3eb664db7fb1df3,1.67,3.0,3.0,1.0,155,,Orthodox,"Jul 20, 1983",25,14,1,35,38,50,40,73,Ryan Healy
d85cf12439945941,0.0,0.0,0.0,0.0,185,,,,1,0,0,0,0,0,0,71,Spencer Hearns
4f95f74620a6b7a4,1.48,5.16,0.33,1.0,205,72,Orthodox,"Feb 10, 1976",18,7,0,30,49,50,57,71,David Heath
bad8be5827ea1bf1,1.08,2.67,3.39,0.7,155,,Orthodox,"Nov 24, 1987",9,4,,45,52,50,100,69,Chris Heatherly
e57fdbea1b828202,3.26,2.76,2.04,0.0,170,73,Orthodox,"Feb 09, 1984",11,4,0,47,56,37,40,72,Jake Hecht
1004099ab87faa8d,2.7,1.77,3.12,0.0,185,76,Orthodox,"Mar 21, 1997",6,1,0,47,61,33,42,71,Donavon Hedrick
2816ced060a21be3,2.65,3.61,0.86,0.0,155,66,Southpaw,"Apr 24, 1984",14,5,,35,59,33,83,66,Nick Hein
2e585c701f72fe55,3.25,2.98,1.02,0.7,185,72,Orthodox,"Aug 05, 1988",14,5,0,50,59,17,59,71,Ian Heinisch
bf43fed8f29e1671,1.41,2.02,2.46,1.3,155,71,Orthodox,"Jan 18, 1992",23,7,0,34,47,46,37,69,Marcin Held
970beed85bc46b63,0.69,4.83,0.0,0.0,185,,Orthodox,"Nov 16, 1977",29,10,0,75,19,0,0,71,Delson Heleno
cacfd51b8e97ace0,0.0,0.0,0.0,0.0,155,,,,1,1,0,0,0,0,0,,
0971be7d94e109e1,0.0,0.0,0.0,0.0,135,,Orthodox,"Feb 06, 1983",0,4,0,0,0,0,0,66,Elisha Helsper
1ccf4e7caff270df,2.44,2.7,1.52,0.3,185,74,Orthodox,"Aug 24, 1970",32,15,0,47,51,52,57,71,Dan Henderson
2676b28836a5a836,2.93,1.79,2.4,0.8,170,70,Southpaw,"Nov 16, 1983",24,7,0,45,63,45,63,69,Benson Henderson
498f0d066396ec59,2.53,3.6,1.0,0.0,125,,,,4,3,0,25,48,20,0,70,
7649c4c95b824488,0.98,11.8,0.0,0.0,235,,Southpaw,"Aug 28, 1976",19,11,,20,29,0,0,74,Josh Hendricks
0941df56f6ac954b,3.49,3.99,3.83,0.3,185,69,Southpaw,"Sep 12, 1983",18,8,0,45,53,46,63,69,Johny Hendricks
9ab9912e0f8fa6d6,3.13,4.07,0.0,0.0,205,,Switch,"May 10, 1988",3,1,0,39,42,0,100,75,Cory Hendricks
e5bda12faabfc850,1.81,2.22,3.09,1.0,243,74,Orthodox,"Aug 21, 1993",10,5,,43,47,36,50,74,Luis Henrique
3fe8ad7e1594537a,0.93,1.87,0.0,0.0,125,69,,"Jul 03, 2002",12,2,0,32,61,0,50,67,Paulo Henrique
1649770c649db6a5,2.53,3.27,0.0,0.0,185,,Orthodox,"Aug 22, 1986",8,4,,57,30,0,63,74,Diego Henrique da Silva
f7d73e452b064bf2,5.2,4.16,0.74,2.2,145,73,Orthodox,"Jul 17, 1988",12,4,0,51,45,33,50,72,Danny Henry
eb8d8c2a95cfccb8,7.17,5.19,1.04,0.3,135,68,Switch,"May 04, 1987",25,7,,53,48,42,81,67,Victor Henry
e1acbb6352ca3551,0.73,0.13,2.0,0.0,155,,,,4,2,0,37,81,40,60,67,
4c88a1db5a46c6a4,3.19,3.34,0.42,0.0,155,77,Orthodox,"May 13, 1988",14,6,1,41,52,21,66,73,Jai Herbert
06f36cf4bd97ec77,3.31,3.71,1.96,1.0,205,77,Orthodox,"Oct 02, 1980",27,16,,48,42,47,59,73,Ed Herman
cbd6f1abf955e628,4.98,3.78,1.49,0.0,242,77,Orthodox,"Oct 03, 1984",22,6,0,60,48,100,58,76,Dave Herman
0a1942069c9ad6b6,5.15,3.72,1.48,0.4,170,77,Orthodox,"Jun 10, 1988",24,10,0,45,56,29,80,73,Jack Hermansson
df2cf66d8c0123db,0.0,0.0,0.0,0.0,,,Orthodox,,5,5,0,0,0,0,0,,Noe Hernandez
4a76daef28549957,0.0,0.0,0.0,0.0,,,,,0,1,0,0,0,0,0,,
915c8d39d4a0e7d1,2.72,5.51,0.0,0.0,135,,Orthodox,"Jul 22, 1986",19,9,0,28,64,0,0,69,Ramiro Hernandez
262a7d06203657e6,4.23,4.45,1.05,0.1,155,72,Orthodox,"Oct 01, 1992",18,9,0,40,59,35,68,69,Alexander Hernandez
093e1f5bb73850be,4.57,3.1,5.88,1.6,185,75,Orthodox,"Oct 18, 1993",15,3,,60,51,48,68,72,Anthony Hernandez
f97c5433c77522d3,1.32,2.63,0.71,0.0,135,71,Orthodox,"Mar 01, 1994",9,4,0,34,52,50,37,70,Nohelin Hernandez
798e48f9e7f6ba22,3.83,3.5,1.56,0.2,125,67,Orthodox,"Oct 25, 1993",10,5,0,45,50,21,65,68,Carlos Hernandez
fc8610cc15674ae2,3.6,2.53,0.0,0.0,115,64,Orthodox,"Dec 29, 1997",4,2,0,58,55,0,54,63,Leslie Hernandez
5dad1e8a516e6477,0.0,0.0,0.0,0.0,185,,,"Aug 22, 1996",7,0,0,0,0,0,0,,
440c9dbab63528fb,0.0,0.0,0.0,0.0,185,,Orthodox,"Feb 21, 1964",1,1,0,0,0,0,0,70,Paul Herrera
f71028a6e5128856,2.04,3.35,1.8,0.0,185,,,,3,2,1,37,48,100,100,70,
c169545ab0825f44,1.51,5.07,0.83,0.6,125,66,Orthodox,"May 27, 1990",9,3,0,31,52,37,38,65,Geane Herrera
74d35fbc9c6a61bd,1.89,3.4,0.0,1.1,155,74,Orthodox,"May 14, 1990",9,6,0,38,55,0,33,72,Alvaro Herrera Mendoza
b6850671a008bf9a,3.84,5.19,1.08,0.8,115,65,Orthodox,"Sep 18, 1984",14,10,0,37,48,28,75,64,Felice Herrig
7450525c7ba032a0,2.37,1.77,1.22,0.7,250,78,Orthodox,"Mar 02, 1978",28,16,,50,54,50,32,76,Heath Herring
32a3025d5db456ae,0.0,0.0,0.0,0.0,295,,,,1,1,0,0,0,0,0,79,Jon Hess
92b62174c175ce19,3.36,3.44,1.02,0.0,205,77,Orthodox,"Nov 21, 1986",11,6,0,42,56,35,60,74,Clint Hester
13150cf89a5b81e0,3.53,0.4,4.0,0.0,205,,,,3,0,0,53,68,80,0,73,
893d51aaf024eddd,3.47,3.5,5.2,1.4,145,71,Southpaw,"Jun 09, 1987",11,3,0,57,57,44,61,69,Jimy Hettes
fdb02029556ff4ed,2.92,3.66,2.45,0.3,155,,Orthodox,"Feb 11, 1979",9,5,0,36,54,31,33,70,Conor Heun
e69c5ce12f4e762b,1.42,3.06,2.7,4.0,155,64,Southpaw,"Nov 25, 1975",10,4,,43,61,53,25,66,Marcus Hicks
5bb0a618ad03ac64,1.66,1.89,4.05,1.0,170,75,Orthodox,"Jul 29, 1976",23,7,0,32,61,60,66,72,Jay Hieron
7af33fc4435017f1,2.7,3.75,4.8,1.1,135,71,Orthodox,"Apr 30, 1999",9,2,0,50,51,46,42,68,Brady Hiestand
88432fe79d5091d9,1.02,3.68,0.0,0.0,155,,,"Jul 14, 1980",2,1,0,26,40,0,0,,Lee Higgins
e5d03e4d966126bd,1.28,1.56,2.36,2.8,155,73,Southpaw,"Oct 12, 1981",21,6,0,42,48,63,37,68,Jason High
318e629d1eb7aa49,4.62,6.92,3.46,0.0,170,,Orthodox,"Nov 26, 1974",8,4,,35,21,100,100,68,Richie Hightower
2af2d675f7d847e3,0.29,1.74,0.0,0.0,145,,,,4,3,0,100,60,0,0,70,
abbc737317f66b81,3.57,1.61,3.02,0.0,155,80,Orthodox,"Oct 03, 1978",6,9,0,46,70,80,100,76,Corey Hill
86b30a86664cb6e4,4.84,0.97,0.0,14.5,155,,,,5,7,,50,80,0,66,70,Isaiah Hill
f0feeb2192937424,5.46,5.0,0.76,0.2,115,64,Orthodox,"Jan 12, 1985",19,16,0,50,60,30,72,63,Angela Hill
006efbb0c1621fd7,3.64,5.33,0.0,0.0,170,,Switch,"Aug 10, 1991",8,2,0,39,47,0,0,75,Tyler Hill
5444c5a201d3ee5a,6.19,4.03,0.0,0.0,205,79,Southpaw,"May 19, 1991",12,4,,51,44,0,73,76,Jamahal Hill
bc7efc037c5f6550,2.6,4.8,3.0,0.0,185,77,Southpaw,"Dec 01, 1994",4,1,,53,37,42,0,73,Kailan Hill
ab2a4b5e04dc5fe9,5.47,7.47,1.0,0.0,265,74,Orthodox,"Oct 20, 1991",7,1,0,31,38,10,0,74,Alvin Hines
06f0ffa6446c5b6d,2.61,3.91,4.34,4.3,235,,Orthodox,"Jul 29, 1973",17,11,,69,26,57,66,75,Branden Lee Hinkle
ef7fa30364cbe7f2,2.42,2.12,2.55,0.6,145,73,Orthodox,"Jul 18, 1983",29,10,2,42,65,56,54,71,Hatsu Hioki
483b3170b3c05cf0,0.0,0.0,0.0,0.0,135,,Orthodox,"Apr 04, 1986",14,5,4,0,0,0,0,65,
9d4522df6fc49a47,1.98,3.01,1.91,0.6,168,70,Orthodox,"Jun 17, 1976",23,9,0,40,54,30,25,70,Kuniyoshi Hironaka
35faad160d346839,3.36,3.5,1.36,0.1,155,67,Orthodox,"May 05, 1981",18,10,2,40,54,50,58,67,Mizuto Hirota
8332a607df696345,0.0,0.0,0.0,0.0,185,,,"Sep 18, 1971",16,22,6,0,0,0,0,70,
6c9384138c82962f,1.95,2.81,1.72,0.0,125,66,Switch,"Sep 27, 2000",6,2,0,35,55,25,16,66,An Tuan Ho
c13042265355a290,3.29,3.45,0.78,0.0,135,,Switch,"Jun 18, 1989",9,2,0,41,47,100,26,65,Kwan Ho Kwak
b57edace7b647f07,3.23,4.27,3.66,0.0,135,70,Southpaw,"Jan 07, 1987",9,3,0,42,52,44,50,70,Matt Hobar
afaad7d6a581e307,2.02,1.32,1.17,1.2,245,,Orthodox,"Oct 28, 1968",36,10,,70,19,50,0,74,Bobby Hoffman
33fb306278dbb3e5,4.78,4.63,3.42,0.0,170,72,Orthodox,"Nov 18, 1989",9,2,0,45,35,42,0,72,Chris Hofmann
84a067c46306a737,1.07,2.25,1.12,1.3,205,,Orthodox,"Jun 28, 1980",10,4,0,25,57,38,29,74,Sam Hoger
955da1675ad58a50,9.29,5.28,3.73,0.4,235,73,Orthodox,"Nov 12, 1997",10,0,0,64,48,47,77,73,Josh Hokit
66ab58d0b3783607,2.2,3.0,0.85,2.1,155,70,Southpaw,"Feb 06, 1986",12,3,0,49,54,18,10,71,Andrew Holbrook
acbb9c76f5894e36,2.4,0.6,5.0,2.0,170,,,"Sep 17, 1984",5,2,0,59,59,83,0,70,
fc60ecf0671b9489,1.85,1.94,3.38,2.0,135,,,"Oct 24, 1987",6,0,0,29,58,62,100,71,Chris Holdsworth
3a46b268013afede,4.24,3.21,0.79,0.6,170,81,Orthodox,"Nov 05, 1992",29,15,,49,50,36,57,75,Kevin Holland
27d65e9d0fba61ea,1.83,6.47,1.0,0.0,205,,Orthodox,"Oct 08, 1978",13,5,0,47,34,28,30,71,Roger Hollett
150ff4cc642270b9,6.91,4.61,0.23,0.3,155,69,Orthodox,"Dec 04, 1991",27,9,0,48,58,53,81,71,Max Holloway
e30715382f42b772,0.7,3.07,3.0,1.0,145,,,"Apr 15, 1990",6,5,0,42,34,35,16,63,
ee28aa7f1043756c,0.81,0.51,0.0,0.0,170,,,"Sep 29, 1984",8,3,0,50,79,0,0,72,
634e2fb70bde3fd5,3.13,2.92,0.87,0.1,135,69,Southpaw,"Oct 17, 1981",15,7,,40,55,30,76,68,Holly Holm
b5ea750025697880,2.75,7.25,0.0,0.0,205,,Southpaw,,4,2,0,34,40,0,100,75,Rex Holman
8d20d76af3f213ce,2.88,3.08,1.49,0.8,185,80,Orthodox,"Jul 04, 1995",8,4,0,53,54,40,50,76,Joseph Holmes
f295d50c56339ab6,4.72,8.76,0.0,0.0,185,74,Orthodox,"Feb 05, 1997",5,1,0,45,50,0,50,74,Brandon Holmes
a7151778b3381036,4.58,4.24,0.65,0.8,155,70,Orthodox,"Sep 08, 1986",22,10,,44,49,33,38,71,Kurt Holobaugh
6e7c758f5cdec01a,2.13,2.81,2.88,1.3,125,69,Orthodox,"May 03, 1988",12,2,1,46,46,47,71,70,Paddy Holohan
6070f16bcfd89fcf,0.0,0.0,0.0,0.0,155,,,,4,0,0,0,0,0,0,71,Ben Holscher
c11f50e9c1513ce9,0.25,1.67,0.76,2.3,155,,Orthodox,"Aug 14, 1985",12,6,0,19,47,100,60,72,Mark Holst
df1eb4354d18a906,4.32,3.66,1.88,0.2,155,69,Orthodox,"Sep 30, 1983",14,6,0,47,55,56,67,69,Scott Holtzman
71f048adbfed5b49,4.98,6.91,2.8,0.0,170,72,Orthodox,"Oct 19, 1988",11,8,0,48,47,50,66,72,Sabah Homasi
0a97691039c4bbfb,4.08,4.18,0.25,0.9,145,68,Orthodox,"Jul 22, 1982",20,12,0,42,69,66,71,68,Mark Hominick
472f6f6e6d962f40,4.04,4.67,0.0,1.3,125,65,Orthodox,"Aug 30, 1979",10,4,0,30,66,0,0,64,Barb Honchak
4d2e3320d815f687,2.99,1.41,3.4,0.0,170,73,,"Jul 25, 1988",9,1,,44,66,45,75,70,
b24666e26bd750a3,2.1,2.3,0.0,0.0,145,69,Orthodox,"Dec 18, 1990",13,8,1,39,48,0,35,69,JunYoung Hong
10d4575f497face4,6.57,8.76,0.0,0.0,155,69,Orthodox,"Nov 28, 1989",9,2,,55,47,0,0,67,SeongChan Hong
d2b1c1317a39f6c6,0.0,0.0,0.0,0.0,205,,Orthodox,"May 19, 1968",4,6,3,0,0,0,0,73,Satoshi Honma
5af480a3b2e1726b,0.0,0.0,0.0,0.0,200,,,,1,3,0,0,0,0,0,72,David Hood
7f9abc4db2d05764,2.64,4.66,0.0,0.0,265,80,Southpaw,"Mar 02, 1989",14,5,,61,11,0,100,75,Lorenzo Hood
193b9d1858bc4df3,4.82,4.94,0.68,0.6,155,75,Switch,"Feb 13, 1990",24,14,0,48,49,33,77,72,Dan Hooker
971246648e162f0d,4.5,3.02,2.43,2.1,155,74,Southpaw,"Sep 13, 1999",16,5,1,49,39,32,55,73,Chase Hooper
6142edbd477d20c9,7.07,7.0,1.0,0.0,155,68,,"Jan 29, 1997",11,2,0,41,33,33,100,66,Dakota Hope
18e8b7070228e728,2.05,4.21,0.35,0.7,155,70,Southpaw,"Jul 28, 1987",13,4,0,44,39,50,47,70,Darrell Horcher
baf942f4bcb09894,0.0,0.0,0.0,0.0,230,,Orthodox,"Mar 23, 1964",1,6,0,0,0,0,0,76,Moti Horenstein
3fa7688bfe48a493,2.76,5.65,0.0,0.0,145,70,Orthodox,"May 10, 1995",8,2,0,49,48,0,0,68,Yoshinori Horie
98aa60cf58071fd6,3.64,2.08,1.67,0.1,125,63,Orthodox,"Oct 12, 1990",36,6,,47,64,40,61,64,Kyoji Horiguchi
f6c1ce7cfd600662,3.73,5.0,2.0,2.0,125,67,Switch,"Sep 22, 1997",9,5,0,30,35,16,0,66,Yuma Horiuchi
8d26912cd2aeb366,1.19,1.99,1.83,1.1,185,74,Orthodox,"Aug 25, 1975",91,22,,39,55,38,29,73,Jeremy Horn
21632ba272c0785a,0.0,0.0,0.0,0.0,125,,,"Aug 18, 1976",20,25,,0,0,0,0,64,Matt Horning
e29cf523ebd155c5,4.59,3.16,1.52,0.9,155,69,Orthodox,"Sep 24, 1987",21,7,,41,65,55,37,69,Chris Horodecki
5c637af9472ae7cc,3.8,2.64,0.98,0.2,125,66,Orthodox,"Mar 30, 1990",9,3,0,47,63,42,80,67,Jamey-Lyn Horth
049d698d773eb3e1,1.11,2.16,0.33,2.7,185,,Orthodox,"Oct 02, 1978",30,25,1,62,38,9,28,73,Matt Horwich
57591bbf1623574e,1.11,1.52,0.0,0.0,135,,Southpaw,"Nov 13, 1980",18,8,1,38,45,0,46,70,John Hosman
21f2974fd08085e3,0.0,0.0,0.0,0.0,,,,,0,1,0,0,0,0,0,,Saeed Hosseini
97a8f39186f489db,1.86,3.46,0.86,1.1,135,68,Orthodox,"Aug 02, 1978",10,6,0,48,47,18,0,67,Jeff Hougland
c6668eeb261588d3,0.0,0.0,0.0,0.0,185,,,"Jun 08, 1988",11,4,0,0,0,0,0,71,Trey Houston
4b1896310a907656,0.0,0.0,0.0,0.0,185,,,,3,0,0,0,0,0,0,,
36fbaa49a09ff997,1.9,3.67,0.95,0.0,185,,Orthodox,"Apr 26, 1981",4,6,0,35,53,100,87,74,Brian Houston
a2b06ca02bca14c0,0.0,0.0,0.0,0.0,240,,Orthodox,,1,3,0,0,0,0,0,74,Harold Howard
fc31f896cde2bc2e,2.15,3.08,2.7,0.4,170,72,Orthodox,"Mar 01, 1983",24,13,0,50,51,49,53,67,John Howard
a7de976620f2ed13,1.27,2.55,0.0,0.0,125,,Orthodox,"Nov 28, 1983",13,10,0,32,42,0,20,68,Shane Howell
f1175ea3aafbf351,3.35,5.09,0.0,0.4,185,72,Orthodox,"Apr 07, 1995",3,3,0,48,35,0,33,75,Hu Yaozong
225def29ecfe0fc1,2.1,4.8,0.0,0.0,135,67,Southpaw,"Jun 04, 1996",10,5,1,21,50,0,66,64,Carlos Huachin
1ec1b6a7a29ffc71,4.62,10.77,0.0,0.0,135,69,Orthodox,"Dec 16, 1992",11,2,0,37,30,0,0,69,Brady Huang
1c8b9f4d89b92e1b,0.0,0.0,0.0,0.0,145,,,"Jul 04, 2000",13,0,0,0,0,0,0,,
e71c75f533a30daa,0.0,0.0,0.0,0.0,115,65,Orthodox,"Mar 12, 1994",14,8,0,0,0,0,0,65,
d2cd7a69cc55e7ed,3.97,4.1,1.63,0.1,155,71,Orthodox,"Dec 22, 1991",17,10,0,42,55,28,68,70,Austin Hubbard
f372a848d250e006,2.05,2.73,10.23,20.4,185,76,Orthodox,"Sep 29, 1994",8,2,0,60,42,100,0,75,Collin Huckbody
8b9197746bd3e005,2.47,2.59,0.0,0.9,254,,,"Aug 11, 1986",6,2,0,42,67,0,0,79,
daf1b84aebd6602b,3.64,2.33,2.13,0.5,155,70,Orthodox,"May 20, 1983",23,9,,36,56,46,52,69,Roger Huerta
737d93a42b8c2e94,0.0,0.0,0.0,0.0,185,,,,3,1,0,0,0,0,0,75,Casey Huffman
621a6c59f88a44fe,2.14,1.36,2.95,1.2,170,73,Switch,"Oct 13, 1973",45,9,0,53,53,50,35,69,Matt Hughes
d62bb4d84a7267ba,0.9,0.4,3.0,4.5,205,,Southpaw,"Oct 13, 1973",6,2,0,47,42,50,0,69,Mark Hughes
6a11e325aa60ad02,3.95,3.67,0.71,0.0,250,77,Orthodox,"May 17, 1988",10,4,,51,60,50,45,74,Jeff Hughes
e94085e821bd81de,4.41,4.69,1.12,0.2,115,64,Orthodox,"Jun 28, 1992",11,7,0,47,58,29,63,65,Sam Hughes
f264ba50b007f39e,3.27,2.95,0.81,1.2,135,71,Orthodox,"Nov 22, 1992",25,5,0,44,56,33,73,67,Victor Hugo
b0718335e9868cfd,0.0,0.0,0.0,0.0,170,,,"Sep 07, 1980",22,10,0,0,0,0,0,70,David Hulett
e4cbc82c36e47299,0.0,0.0,0.0,0.0,185,,,"Jan 03, 1996",8,1,0,0,0,0,0,,
b9c75e7fc910f587,0.0,0.0,0.0,0.0,265,,,,6,2,0,0,0,0,0,,Bryan Humes
cb1b4d237b0079e6,1.45,3.83,1.41,3.8,205,,Orthodox,"May 27, 1977",7,3,0,40,46,37,33,71,Abongo Humphrey
15e0d2df09025bda,0.0,0.0,0.0,0.0,170,,,"Sep 20, 2000",4,0,0,0,0,0,0,,
f703250471acaf96,3.54,6.53,0.0,2.0,205,75,Orthodox,"Jan 03, 1989",7,6,0,52,42,0,0,74,Harry Hunsucker
eef9b891edbd4604,2.81,2.9,0.51,0.2,265,72,Orthodox,"Mar 23, 1974",13,14,,43,51,55,64,70,Mark Hunt
baa5358456803df8,0.0,0.0,0.0,0.0,226,,Orthodox,,2,0,0,0,0,0,0,69,Alex Hunter
edc9eb3051f444fa,0.0,0.0,0.0,0.0,185,,Orthodox,"Oct 16, 1983",7,1,0,0,0,0,0,73,
21b54430c8eeb9cc,1.12,3.35,0.0,0.0,155,,,"Jun 24, 1978",12,5,0,45,56,0,20,68,Joe Hurley
0e6bc8d1d6c0ad90,0.0,0.0,0.0,0.0,135,,,"Aug 02, 1997",15,2,0,0,0,0,0,,
155bfc7ed36622df,2.59,2.59,3.53,0.0,185,,Southpaw,"Aug 31, 1972",11,7,,39,64,100,0,71,Solomon Hutcherson
8588d14c4952b9fa,0.0,0.0,0.0,0.0,135,,,"Sep 02, 1988",8,5,0,0,0,0,0,69,
1c01d986283e6acb,2.47,6.2,0.0,0.0,185,74,Orthodox,"Jan 18, 1994",8,2,0,46,44,0,50,71,In Su Hwang
031c06c8210e357c,0.0,0.0,0.0,0.0,135,,,"Oct 26, 2000",4,0,0,0,0,0,0,,
59279a7c978f7da0,4.06,4.53,0.63,0.2,155,70,Orthodox,"Apr 30, 1987",14,7,1,40,61,18,74,70,Al Iaquinta
c3218c810959d279,3.55,4.26,0.97,0.3,205,78,Orthodox,"May 21, 1995",8,4,0,49,47,30,80,75,Khadis Ibragimov
4565d435005319c0,0.0,0.0,0.0,0.0,178,,Orthodox,"Jun 30, 1968",0,1,0,0,0,0,0,67,Minoki Ichihara
30cad5a751adcb48,2.51,2.64,3.25,0.0,125,68,Orthodox,"Oct 22, 1994",11,1,,44,60,31,66,66,Alibi Idiris
82a5152216251682,3.6,3.56,0.93,0.2,145,71,Orthodox,"Aug 06, 1991",19,11,0,45,56,26,56,67,Dan Ige
7b6ce3a9460565b5,0.0,0.0,0.0,0.0,170,,Orthodox,,1,2,0,0,0,0,0,69,Valeri Ignatov
df9e9c1f65805d29,0.35,3.25,0.0,0.0,210,,Orthodox,"Oct 13, 1971",0,1,0,50,42,0,0,69,Sergey Ignatov
263ebd4a669e1e98,1.73,2.49,2.88,2.9,155,,Orthodox,"Jul 28, 1970",9,5,0,47,42,40,50,68,Fabiano Iha
81f38d1640c4e70d,2.59,3.74,1.23,0.0,168,,Orthodox,"Aug 24, 1975",21,19,5,32,57,26,60,71,Seichi Ikemoto
b71667c778b6d9e5,0.16,2.95,0.0,7.0,205,,Orthodox,"Nov 21, 1966",30,11,1,20,26,0,0,69,Mikhail Iloukhine
7f0f171414d0a287,2.91,4.35,0.38,0.0,170,76,Orthodox,"Jan 25, 1995",8,3,0,36,43,50,60,72,Zelim Imadaev
3abe2b6b2d9b7efc,0.0,0.0,0.0,0.0,125,,,"Aug 10, 1999",12,4,0,0,0,0,0,,
2ce6541127b0e232,0.18,1.83,2.75,0.0,220,,Orthodox,"Aug 08, 1976",2,6,0,50,52,50,0,68,Yusuke Imamura
a4dd5c9a75763295,0.55,1.74,0.0,2.1,139,,Southpaw,"Feb 10, 1976",36,16,2,30,57,0,0,64,Masakazu Imanari
881bf86d4cba8578,4.28,3.17,0.74,1.0,185,75,Orthodox,"Mar 01, 1996",17,4,,54,58,32,81,75,Nassourdine Imavov
4908c5ee68a50ee5,2.73,4.24,1.72,1.0,265,,Orthodox,"Mar 13, 1977",13,7,0,31,49,71,0,79,Brad Imes
59e52d56bab2b1ee,1.93,2.67,1.0,1.0,135,66,Switch,"Sep 01, 1989",12,7,0,48,60,12,0,67,Michael Imperato
bb56173e2275e622,1.65,4.19,1.65,0.0,135,69,Southpaw,"Mar 24, 1999",12,5,0,33,33,20,0,70,Rui Imura
d5b7fac960e58920,1.31,4.32,0.75,1.5,170,,,"Apr 22, 1987",6,4,0,30,43,50,50,70,Chris Indich
f0a381ba65d2a933,0.0,0.0,0.0,0.0,,,,,1,0,0,0,0,0,0,,
e7fe5315b1efeb92,4.13,2.92,0.67,0.7,205,,Orthodox,"May 29, 1986",7,4,0,66,54,33,66,75,Guto Inocente
0cf935519d439ba6,1.7,1.88,0.0,0.0,210,,Orthodox,"Apr 15, 1967",12,8,0,63,30,0,33,70,Enson Inoue
37a6c95201592fea,1.66,3.31,0.0,0.0,190,,Southpaw,"Jul 04, 1965",13,8,0,36,57,0,0,69,Egan Inoue
b5882371e2a3900d,3.41,12.89,0.0,0.0,168,,Southpaw,"Aug 10, 1979",19,9,4,24,51,0,66,69,Katsuya Inoue
a61a0cd2829e5d4e,2.54,3.32,0.0,0.0,145,,,"Mar 18, 1980",23,10,0,44,61,0,47,68,Takeshi Inoue
199eb7cf6ae90294,3.67,3.37,0.0,2.5,125,71,Orthodox,"Jun 14, 1997",11,1,0,35,60,0,60,69,Naoki Inoue
1e75e6c9de99fa76,0.0,0.0,0.0,0.0,205,,,,4,3,0,0,0,0,0,73,Jorge Interiano
05a0556072931f01,1.2,2.07,3.59,1.2,161,,Southpaw,"Dec 30, 1979",19,9,1,25,51,75,0,69,Jason Ireland
a7f4d0902bb64092,2.03,3.86,0.0,0.5,205,75,Orthodox,"Sep 12, 1978",17,10,,48,35,0,36,74,James Irvin
a47c2a6e24757932,3.27,4.47,4.0,0.0,155,,,"Jan 10, 1986",11,4,0,42,36,30,33,68,
e9095aeb36f2aeb8,1.93,5.78,0.0,0.0,155,70,Orthodox,"Oct 22, 1989",10,3,0,36,40,0,0,69,Issa Isakov
82f5c81f4e3c3eb5,1.46,1.13,4.76,0.7,154,,Southpaw,"Dec 29, 1978",20,8,1,41,61,53,33,66,Mitsuhiro Ishida
88cd34d836b4ebcd,3.26,3.63,0.5,0.0,135,69,Southpaw,"Jul 23, 1991",10,7,2,44,53,16,30,67,Teruto Ishihara
c8a49ff2acb6f3c5,1.41,1.58,3.47,1.6,240,,Orthodox,"Dec 19, 1986",15,8,1,36,63,52,100,71,Satoshi Ishii
119ebea97e914dcf,1.07,8.57,0.0,0.0,205,,Orthodox,"Feb 08, 1967",0,2,0,28,11,0,50,71,Yuki Ishikawa
eb89dc31949a1427,1.2,4.07,1.0,0.0,170,,,"Oct 12, 1979",29,24,3,29,60,9,0,70,Eiji Ishikawa
f3155a94ca420126,1.34,2.99,2.74,0.0,185,,Orthodox,"Aug 05, 1968",1,5,1,30,59,18,0,72,Tokimitsu Ishizawa
135d124172a0bea3,3.36,2.44,1.0,0.0,155,74,Orthodox,"Feb 03, 1991",24,3,0,42,61,28,70,70,Damir Ismagulov
da6dfd09cca1d705,0.92,0.83,1.85,0.5,205,,Orthodox,"Feb 23, 1968",9,3,0,31,44,28,0,67,Wallid Ismail
d1e1fdcea7c8a90a,2.08,3.17,2.38,1.2,135,69,Orthodox,"Sep 19, 1983",13,6,0,37,58,22,50,67,Leandro Issa
f647247f0d9f3b50,3.4,3.13,0.0,1.0,135,66,Orthodox,"Oct 07, 1996",17,9,1,39,55,0,62,65,Kuya Ito
1788eee370f077b7,3.25,4.2,0.69,0.1,250,73,Southpaw,"Oct 09, 1986",19,6,,40,53,40,61,71,Blagoy Ivanov
3c5005b66696d790,2.5,4.57,4.69,0.0,185,74,Orthodox,"Jan 23, 1990",8,4,0,42,51,20,100,74,Anthony Ivy
ac5f67109accb482,1.0,3.0,0.0,0.0,155,,Orthodox,"Feb 07, 1977",9,6,2,20,70,0,0,63,Tomomi Iwama
243b07fc65ccbb16,0.79,8.68,0.0,0.0,205,,Orthodox,"Jun 20, 1969",0,1,0,100,38,0,0,69,Tatsuya Iwasaki
5b08af4fbc987f9c,1.99,7.08,0.0,0.0,185,73,Orthodox,"Jul 07, 1997",9,2,0,33,32,0,0,73,Taiga Iwasaki
de26d906f2874dd4,1.33,1.73,4.0,0.0,170,74,,"Sep 03, 1994",22,3,0,58,58,40,100,72,Saygid Izagakhmaev
afc2a7ce0c763bd5,2.93,1.4,0.0,0.0,155,,Southpaw,"Jan 09, 1984",10,4,0,52,26,0,50,71,Yoislandy Izquierdo
53e4e21f4c688801,1.95,2.65,3.35,0.5,205,,Orthodox,"Jun 22, 1982",4,2,0,37,66,70,100,,Hiroshi Izumi
b4eeac608fc82f88,3.06,2.93,1.94,0.1,135,68,Orthodox,"May 30, 1979",20,11,0,41,62,60,82,67,Yves Jabouin
13b2f59210dda9cc,0.0,0.0,0.0,0.0,199,,Switch,"Nov 25, 1964",4,2,0,0,0,0,0,70,Kevin Jackson
ce783bf73b5131f9,2.19,3.44,1.91,2.3,185,,Orthodox,"Sep 23, 1966",15,9,1,33,32,71,16,68,Eugene Jackson
ffc088e64fab57e9,3.25,2.51,1.52,0.1,205,73,Orthodox,"Jun 20, 1978",37,12,0,54,55,56,73,73,Quinton Jackson
ad32471f01e7b1a5,0.71,2.03,1.52,0.0,170,,Orthodox,"Sep 19, 1982",9,5,0,27,25,40,58,70,Jeremy Jackson
29af297d9f1de0f8,2.96,3.47,2.3,1.2,155,71,Switch,"Aug 08, 1988",23,8,,42,49,32,37,71,Damon Jackson
56c5132870a526d5,0.0,0.0,0.0,0.0,185,,,,4,3,0,0,0,0,0,72,
0641c21bec209472,4.49,3.73,0.71,0.0,170,74,Orthodox,"Mar 22, 1985",1,2,,57,62,33,88,74,Mike Jackson
ca8da445dfa82d56,2.24,1.31,0.0,0.0,170,78,Orthodox,"Oct 30, 1990",7,2,0,48,56,0,0,73,Jason Jackson
cc1a8b4b38b92c6d,3.02,1.4,2.71,0.3,135,75,Southpaw,"Apr 24, 1992",15,4,0,52,60,63,67,70,Montel Jackson
ba17afef01ed78b6,0.0,0.0,0.0,0.0,155,,,,1,9,0,0,0,0,0,,Eric Jacob
46f557bd44da630e,0.88,3.94,3.28,0.0,260,75,Orthodox,"Sep 28, 1993",6,1,1,44,51,100,100,76,Richard Jacobi
e4277e87a789d687,5.4,3.92,0.32,0.0,205,76,Orthodox,"Apr 04, 1988",22,9,1,48,57,25,62,75,Dustin Jacoby
1ea8df62b3f8fea6,1.34,2.68,0.0,1.6,155,,Orthodox,"Nov 08, 1976",13,7,0,36,50,0,50,70,Justin James
a34fecf2f4e5a317,1.33,2.67,0.0,0.0,185,,,"May 29, 1978",14,8,1,42,28,0,44,72,Nate James
7dda2cf308f24a02,2.27,2.86,3.13,1.4,115,64,Orthodox,"May 30, 1988",23,4,0,41,55,39,72,63,Virna Jandiroba
b59037262c8fe060,7.69,5.53,0.35,0.0,185,76,Orthodox,"Aug 22, 1981",10,3,0,48,59,100,58,75,Ryan Janes
c7b0081edfef4bc7,2.53,4.13,2.0,0.0,170,72,Orthodox,"Nov 04, 2002",7,2,0,41,51,50,90,72,YunSeong Jang
dfcadfcbd3a3f097,0.0,0.0,0.0,0.0,155,,,"May 03, 1997",19,3,0,0,0,0,0,,
8f7380fb0916dc77,0.0,0.0,0.0,0.0,185,,Orthodox,"Sep 25, 1980",8,1,0,0,0,0,0,71,
335ad945324c3a2e,2.94,3.67,2.79,0.9,155,73,Orthodox,"Aug 21, 1979",20,4,0,33,58,28,38,69,Dave Jansen
805ad1801eb26abb,2.2,1.47,0.0,0.0,205,,Southpaw,"Aug 02, 1969",38,18,,60,56,0,25,73,Jaime Jara
99d5cf1eda8b25c1,2.26,2.71,0.0,0.0,145,,,,6,9,0,57,51,0,66,69,Gigo Jara
b9d0fd83bb8a147a,3.25,2.98,1.18,0.7,185,76,Orthodox,"Oct 31, 1975",17,11,2,36,59,45,62,74,Keith Jardine
64959f90b6dd9759,1.06,3.34,0.0,0.8,170,,Orthodox,"Jul 10, 1985",12,6,0,30,56,0,14,71,Brock Jardine
32e8e0e8498f03c2,0.0,0.0,0.0,0.0,,,,,1,4,0,0,0,0,0,,Josh Jarvis
b71ce838b01f2cad,2.04,3.14,0.59,0.8,145,73,Orthodox,"Mar 21, 1984",14,7,,44,53,30,36,67,Rony Jason
a9e260472d321361,3.47,3.46,2.63,0.5,125,68,Orthodox,"Mar 01, 1989",15,4,0,44,51,46,75,67,Jasmine Jasudavicius
0e8744ded08ee5fb,0.0,0.0,0.0,0.0,170,,,,4,2,0,0,0,0,0,67,
40cb680ae1cd331f,6.64,5.25,0.0,0.0,115,64,Orthodox,"Feb 28, 1999",11,2,0,39,54,0,100,63,Yazmin Jauregui
304a21d0595e1a08,3.34,5.33,0.75,1.1,145,68,Orthodox,"Aug 10, 1989",16,8,0,44,62,40,20,67,Justin Jaynes
3d6749c4267da18f,6.28,3.25,0.27,0.1,115,65,Orthodox,"Aug 18, 1987",16,5,0,48,62,62,80,66,Joanna Jedrzejczyk
ccdcb20370be62a3,3.1,4.46,0.0,0.0,185,73,Orthodox,"Nov 14, 1992",10,3,0,45,34,0,50,74,Aaron Jeffery
02fc8f50f56eb307,0.0,0.0,0.0,0.0,185,,,,0,4,0,0,0,0,0,74,Trent Jenkins
5e841bb3752b6e86,2.41,1.58,7.23,0.0,145,,,"Feb 05, 1988",11,4,0,37,67,68,100,67,
dae85a6a83f53215,0.0,0.0,0.0,0.0,145,,,"Jul 22, 1981",19,6,0,0,0,0,0,68,
6a8928652fc01bee,2.93,8.05,0.0,0.0,155,71,Switch,"Sep 30, 1991",15,9,0,41,33,0,27,72,Brandon Jenkins
a9da3158dd2c2b5a,4.48,2.95,1.98,0.2,145,68,Switch,"Nov 03, 1993",14,4,0,61,59,60,71,67,Jack Jenkins
ad047e3073a775f3,0.0,0.0,0.0,0.0,215,,Orthodox,"Sep 23, 1963",2,3,0,0,0,0,0,70,Steve Jennum
aae99701b21554e4,2.84,2.99,1.55,1.9,185,76,Orthodox,"Sep 20, 1977",21,8,0,39,59,50,31,73,Ryan Jensen
aec273fcb765330d,0.0,0.92,6.92,6.9,170,,Orthodox,"Jul 20, 1979",4,11,2,0,60,100,0,69,Kyle Jensen
24174a3f44ce8e03,6.23,7.77,0.0,0.0,115,,Orthodox,"Aug 28, 1997",5,2,0,31,55,0,0,65,Chan-Mi Jeon
6b5b9be990774f0e,2.29,1.39,0.0,0.9,155,,Southpaw,"Jan 31, 1981",12,3,0,45,66,0,42,72,Maciej Jewtuszko
b9e871af730f826c,1.45,3.01,1.81,0.0,170,,Orthodox,"Sep 21, 1970",24,26,2,57,50,100,100,71,Ronald Jhun
8677e67a75d65b8e,1.61,2.62,1.73,0.2,145,71,Orthodox,"Nov 24, 1995",18,7,0,35,52,38,78,69,Baergeng Jieleyisi
59d36ddfcb27b7dc,0.0,0.0,0.0,0.0,155,,,,8,12,,0,0,0,0,,
1c02b964466c10e4,14.22,2.43,5.2,0.0,145,73,Southpaw,"Jan 16, 1999",11,0,0,65,82,100,100,69,Ramiro Jimenez
a5c53b3ddb31cc7d,0.0,0.0,0.0,0.0,196,,Orthodox,"Aug 04, 1963",0,1,0,0,0,0,0,73,Art Jimmerson
bc3ec52ef70fc155,3.12,2.77,0.45,0.0,205,73,Orthodox,"Nov 27, 1981",19,5,0,66,46,28,87,73,Ryan Jimmo
4eccb78d628b2238,2.0,10.0,0.0,0.0,155,69,Orthodox,"Jul 10, 1988",36,11,0,50,0,0,0,66,Jinensibieke Asikeerbai
c14a683dac2ebc4c,2.7,2.53,2.26,0.0,125,68,Southpaw,"Dec 09, 2000",17,4,0,44,48,53,50,68,Jiniushiyue
6e0e977beb909837,1.4,2.67,1.0,1.0,145,72,Orthodox,"Jul 17, 1992",9,1,0,33,51,33,83,72,Sung Bin Jo
2a4200ead401a9ce,1.74,3.93,1.37,0.0,125,71,Southpaw,"Aug 28, 1996",6,2,0,37,44,33,66,65,Carls John De Tomas
a8fa0c4e95512806,1.2,1.8,0.0,0.0,170,,Southpaw,"Oct 22, 1968",30,14,1,66,50,0,50,62,Phil Johns
ec52462a1b41f714,2.86,3.84,4.92,1.0,135,71,Orthodox,"Feb 21, 1992",17,2,0,49,53,49,58,67,Brett Johns
46e0d677f91bacc0,3.36,2.99,1.22,0.0,135,68,Orthodox,"Mar 30, 1994",15,5,,44,65,26,77,67,Miles Johns
365fee2da473b177,3.25,1.83,2.43,0.6,205,78,Orthodox,"Mar 06, 1984",22,6,0,47,60,57,77,74,Anthony Johnson
322a56923b396b4d,2.11,3.75,1.18,0.7,170,75,Orthodox,"Jun 28, 1982",15,15,0,37,51,55,19,73,DaMarques Johnson
22f4b6cb6b1bd7fd,0.0,0.0,0.0,0.0,,,,,1,1,1,0,0,0,0,,Devin Johnson
443835675e8fc6ca,0.0,0.0,0.0,0.0,205,,,,0,1,0,0,0,0,0,,Travis Johnson
fa2fca260beeb9c0,1.83,6.3,0.0,0.0,145,,Orthodox,,10,6,0,25,36,0,0,68,Ricky Johnson
3641a0d117e9bc6c,4.0,3.67,0.0,0.0,205,76,Orthodox,"May 02, 1983",7,2,0,92,22,0,90,74,Tony Johnson
e6c5908910cc26e4,5.39,2.54,0.61,0.6,240,82,Orthodox,"Jun 11, 1977",18,10,0,55,55,66,54,76,Lavar Johnson
8a304bfd6bf04a57,3.43,1.66,3.35,0.5,125,66,Orthodox,"Aug 13, 1986",27,3,1,54,67,56,65,63,Demetrious Johnson
511e82663651438d,4.27,3.78,0.57,0.0,155,73,Southpaw,"Jun 04, 1986",25,20,0,39,58,38,81,70,Michael Johnson
bf97ad31eae89429,2.27,6.67,0.0,0.0,167,,,"Nov 15, 1970",6,9,0,41,43,0,0,,Deshaun Johnson
633a45d131192ffe,2.47,1.59,1.54,0.2,155,75,Orthodox,"Apr 21, 1984",23,13,1,42,64,37,62,71,Kajan Johnson
36207c58e854cae5,1.01,3.83,0.85,0.8,145,,Orthodox,"Jan 25, 1988",9,2,0,69,35,33,63,67,Dashon Johnson
cc900af167fbedfd,3.43,3.08,1.09,0.0,265,77,Southpaw,"Mar 13, 1985",12,4,0,45,44,24,69,75,Timothy Johnson
a45bab49951a45cd,2.0,4.73,2.0,0.0,265,,,,11,3,0,53,31,22,0,73,
99bcdf5eac39898f,3.45,2.64,3.25,1.2,205,79,Orthodox,"Nov 18, 1988",10,0,0,47,53,42,100,74,Jordan Johnson
552b09cbf13b6328,5.09,1.13,8.49,0.0,185,74,Switch,"Nov 09, 1990",5,1,0,60,33,100,100,72,Taylor Johnson
6ce9a012e4c6020c,5.92,7.8,0.0,0.0,230,80,Orthodox,"Jul 22, 1986",6,2,0,68,40,0,0,74,Chad Johnson
84f727cf0166d6f2,2.27,1.61,0.69,0.7,125,71,Orthodox,"May 20, 1995",16,10,0,57,53,60,41,72,Jose Johnson
814e5233e2acf2ee,4.54,3.88,0.47,0.4,125,70,Switch,"Jan 10, 1991",19,9,0,49,55,16,66,69,Charles Johnson
ad5cb64af10fc946,3.11,2.0,2.0,0.7,185,74,Southpaw,"Jan 25, 1999",8,0,0,48,61,100,75,68,Donte Johnson
1c3f5e85b59ec710,0.0,0.0,0.0,0.0,230,,Orthodox,"Jul 28, 1968",5,5,0,0,0,0,0,75,Brian Johnston
3261aa79bf6caa64,1.01,1.01,2.54,0.0,185,76,Orthodox,"Oct 11, 1990",5,2,0,75,29,100,100,76,Ben Johnston
eebc23626e38f5dc,2.42,5.32,1.71,1.3,125,62,Orthodox,"Mar 22, 1995",8,5,0,30,54,66,50,64,Liana Jojua
a6aa3157e1a1d104,0.0,0.0,0.0,0.0,170,,,"Sep 11, 1994",16,0,,0,0,0,0,,
eeabcd4dc6619129,1.32,3.39,2.83,0.0,205,75,Orthodox,"Sep 03, 1984",5,3,0,46,44,33,50,73,Daniel Jolly
f341f9551ba744e2,0.0,0.0,0.0,0.0,199,,Orthodox,"Jun 16, 1963",11,1,1,0,0,0,0,69,Paul Jones
07f72a2a7591b409,4.38,2.24,1.89,0.5,248,84,Orthodox,"Jul 19, 1987",28,1,,58,64,45,95,76,Jon Jones
f54fb3b9c4228142,0.0,0.0,0.0,0.0,345,,Orthodox,"Aug 21, 1970",0,1,0,0,0,0,0,83,Nathan Jones
8fa2b06572365321,1.94,2.71,8.71,2.9,265,,Orthodox,"Aug 15, 1973",4,2,0,52,58,75,0,78,Marcus Jones
f117c3e8c1aa7b9e,2.32,3.58,4.02,2.7,225,,Orthodox,,1,4,0,41,56,50,57,73,Carlton Jones
bc0f994de0521926,0.0,0.0,0.0,0.0,170,,,,2,1,0,0,0,0,0,69,Jesse Jones
7b223a22a6c26868,0.0,0.0,0.0,0.0,145,,Southpaw,"Jul 31, 1981",11,8,0,0,0,0,0,68,Tito Jones
be8dfcf0442812b1,0.0,0.0,0.0,0.0,205,,,"Oct 26, 1983",7,5,0,0,0,0,0,,Roy Jones
9b75954db8db2a08,1.7,3.17,1.0,0.5,185,,Orthodox,"Sep 06, 1987",9,2,0,36,45,15,46,71,Justin Jones
329aff8e958a2997,0.0,0.0,0.0,0.0,185,,,,4,4,,0,0,0,0,,
04f0471f221db717,0.0,0.0,0.0,0.0,145,,,,1,3,0,0,0,0,0,,
509319d35664369e,0.0,0.0,0.0,0.0,149,,,"Nov 16, 1981",10,5,0,0,0,0,0,69,
8a9f54b9056b07f5,0.0,0.0,0.0,0.0,135,,,,2,6,0,0,0,0,0,68,
1dda22d0ac3d1271,1.78,3.11,0.0,0.0,205,75,Orthodox,"Jan 31, 1988",7,5,0,80,65,0,0,72,Jamelle Jones
f1fd494586ab8d5f,7.5,30.0,0.0,0.0,185,,Orthodox,"Apr 12, 1985",6,1,0,55,42,0,0,71,Antonio Jones
ec23c1be628d8057,2.13,4.29,0.62,0.2,135,70,Southpaw,"Aug 04, 1990",13,10,,37,39,15,60,67,Trevin Jones
f6ad6a1e4d600e0d,5.98,4.45,3.48,0.2,155,74,Orthodox,"Apr 26, 1995",18,2,,42,50,55,73,70,Mason Jones
e947b563eb744a21,0.0,0.0,0.0,0.0,205,,,"Jul 17, 1991",0,0,0,0,0,0,0,,
08b01ed84044c6bc,5.87,7.6,0.0,0.0,155,72,Orthodox,"May 24, 1996",6,2,0,46,48,0,33,69,Jacobi Jones
1a98c9dbb7fc3959,2.96,4.83,0.34,0.0,115,64,Orthodox,"Oct 04, 1985",6,4,0,31,56,25,81,67,Jocelyn Jones-Lybarger
02e52b3a595f0786,2.0,1.91,0.0,0.6,245,,Orthodox,"Dec 31, 1970",11,9,0,40,55,0,77,75,Kevin Jordan
712c4db78b9373d1,1.85,4.27,0.0,0.0,155,,Orthodox,"Jul 27, 1978",49,14,2,25,59,0,66,66,Joe Jordan
ca2efc9d7d523c43,2.87,3.3,1.97,0.1,260,75,Southpaw,"Oct 21, 1984",19,8,0,50,47,38,76,72,Shawn Jordan
19db7ac26308178f,3.41,2.91,1.56,0.6,155,73,Orthodox,"Nov 07, 1980",27,7,0,49,59,16,75,69,Ivan Jorge
0b64d0fed453ef7f,3.37,3.41,2.61,0.7,135,66,Orthodox,"Sep 17, 1982",15,12,0,40,65,45,59,65,Scott Jorgensen
8ecb9f42da5ef5ac,0.0,0.0,0.0,0.0,205,,,"Sep 28, 1984",9,5,0,0,0,0,0,,Gareth Joseph
34ca93f1791a5c50,2.6,2.87,1.0,1.0,135,,Switch,"Aug 16, 1989",5,0,0,52,55,20,20,66,Dwight Joseph
388abbf8832b5adf,2.17,1.57,0.5,0.5,170,,Orthodox,"Apr 30, 1975",5,3,0,39,65,33,64,72,Jeff Joslin
4e06913c91da5200,2.98,2.23,1.33,0.1,185,77,Southpaw,"Aug 19, 1989",24,6,0,42,57,39,82,73,Krzysztof Jotko
cf65d56b0755ed3b,5.67,3.77,0.51,0.3,170,73,Southpaw,"Nov 25, 1981",17,7,0,50,60,44,58,72,Alan Jouban
f1d64ae34e088832,5.36,4.11,0.38,0.6,135,69,Switch,"Nov 27, 1995",18,8,1,49,56,21,46,69,Charles Jourdain
91cd52cb92dfdd52,7.32,2.44,0.0,1.4,135,69,Orthodox,"Mar 13, 1997",9,3,0,49,54,0,66,69,Louis Jourdain
dda15dbfafb792df,6.61,6.49,0.69,0.3,170,75,Orthodox,"May 02, 1993",10,4,0,51,50,40,100,74,Kevin Jousset
35080a7f406f9ab3,0.57,1.71,0.78,2.3,155,,Southpaw,"Jul 18, 1985",11,8,0,33,47,33,0,66,Mike Joy
791367e8c35cfb6a,3.28,5.63,0.0,0.0,244,78,Orthodox,"Oct 14, 1985",5,0,,53,47,0,0,78,Dustin Joynson
97f3692d5444a80a,0.89,10.34,4.43,0.0,155,,,,1,12,0,25,38,100,66,,Tony Juarez
cd039ff136d89ded,1.71,2.87,2.69,0.0,170,,Orthodox,"May 08, 1981",23,12,0,48,52,33,50,73,Jesse Juarez
410898e8dd6ca9b6,4.21,6.23,0.0,0.0,145,70,,"Jan 12, 1998",8,1,0,51,55,0,25,68,Ernie Juarez
a72a2a769fa5a2be,6.42,5.72,0.81,0.4,155,69,Switch,"Jan 13, 1995",7,2,0,46,50,18,63,72,Anshul Jubli
f1ab6f37492c630a,9.32,6.62,0.52,0.0,125,68,Southpaw,"Mar 02, 1999",6,2,0,50,57,25,80,67,Carli Judice
6ece1d2ab1bed31d,0.0,0.0,0.0,0.0,230,,Orthodox,,0,2,0,0,0,0,0,71,Steve Judson
4c288a2b250bb576,2.93,3.17,0.25,0.0,170,72,Orthodox,"Feb 12, 1988",13,5,0,43,58,100,86,71,Luke Jumeau
b35d1650c78c2948,0.63,1.85,1.1,1.5,154,,Orthodox,"May 26, 1978",0,4,0,36,56,75,0,67,Bu-Kyung Jung
c451d67c09c55418,3.93,4.52,0.7,0.6,145,72,Orthodox,"Mar 17, 1987",17,8,0,41,52,44,72,67,Chan Sung Jung
13104eaed3ae96c3,0.53,2.79,0.0,2.0,139,,Orthodox,"Oct 27, 1985",4,8,0,9,63,0,0,68,Young Sam Jung
74f9448b97bf8bec,3.24,4.23,1.59,0.2,205,78,Orthodox,"Dec 07, 1993",15,6,1,40,49,47,75,76,Da Woon Jung
9e6cd25e0bd05e3d,0.0,0.0,0.0,0.0,170,,,"Feb 10, 1999",11,1,0,0,0,0,0,,
ac70a4f1db1b8c40,5.13,1.81,0.0,0.0,265,,Orthodox,"Dec 17, 1978",8,3,,60,45,0,0,73,Scott Junk
08e908ed6d18d6a0,2.94,2.16,2.16,0.3,145,73,Orthodox,"Oct 31, 1988",17,4,0,42,66,55,50,70,Myles Jury
634bb0de2eb043b4,7.28,2.25,0.66,0.4,145,68,Orthodox,"Jul 09, 1985",21,2,,52,64,55,94,68,Cristiane Justino
b180f05acb24d430,4.4,0.53,0.0,0.0,185,,,,1,2,0,67,50,0,50,69,Patrick Kaase
c1ea9d56cd953586,2.6,5.29,1.86,0.0,115,,,"Jul 14, 1981",3,3,0,36,38,14,50,63,Emily Kagan
00a35c92b03992b0,0.85,4.93,0.0,0.0,135,70,Orthodox,"Nov 04, 1984",16,1,0,37,36,0,40,68,Oron Kahlon
0565706b1e7f7e7c,3.73,4.72,1.41,0.0,145,71,Switch,"Oct 16, 1995",15,7,0,42,54,26,92,68,Kaiwen
2525a853486ee670,3.57,4.63,4.0,0.0,135,,Orthodox,"Oct 03, 1989",12,5,0,41,62,42,83,65,Sirwan Kakai
50a28b9f8314e008,2.05,0.88,6.63,1.9,135,69,Orthodox,"Nov 14, 1995",10,3,0,51,58,48,83,68,Saidyokub Kakhramonov
304fcd812f12c589,0.0,0.0,0.0,0.0,200,,,,4,9,0,0,0,0,0,73,Geza Kalman
9336e86cfd4ceaa1,9.47,12.63,0.0,0.0,170,,Orthodox,,12,20,,60,0,0,100,71,Bryson Kamaka
eee0ef3e2b14816b,5.4,5.67,1.51,0.2,145,69,Orthodox,"Jan 05, 1995",18,7,1,59,56,53,55,67,Kai Kamaka III
a46ab6c64d321c2d,0.0,0.0,0.0,0.0,265,,,"Oct 25, 1998",4,0,0,0,0,0,0,,
a46fa1c7972548d0,3.83,4.9,1.5,0.5,135,68,Switch,"Apr 12, 1993",13,2,1,54,47,15,0,65,Shuya Kamikubo
a497e228cce8a64f,1.69,4.5,5.07,0.0,155,68,Southpaw,"Apr 19, 1999",6,1,,53,35,27,100,68,Daichi Kamiya
8b69839f3555a67b,3.22,3.28,1.86,2.0,170,72,Orthodox,"Apr 17, 1982",20,7,0,42,62,41,78,72,Martin Kampmann
b42d3a1469dab722,3.63,2.9,2.0,0.0,145,75,Southpaw,"Dec 20, 1995",12,5,0,41,53,18,100,69,Koya Kanda
efd2b3e9bb7965a4,0.7,1.88,0.0,0.0,135,72,Orthodox,"Jun 20, 1987",5,3,0,10,72,0,0,67,Bharat Kandare
eda579d906cf0ca2,0.76,4.39,0.0,0.4,200,,Orthodox,"Oct 05, 1970",19,27,5,22,40,0,40,70,Hiromitsu Kanehara
f3a078277b3b8ff4,1.88,1.63,1.44,0.9,135,67,Orthodox,"Nov 19, 1982",26,12,5,49,62,50,63,67,Masanori Kanehara
5345f86680378fc1,0.0,0.94,0.0,3.5,161,,Orthodox,"Oct 19, 1976",0,3,0,0,42,0,0,72,Ken Kaneko
3c241737a6069b9f,2.27,1.65,2.51,1.2,185,77,Orthodox,"Sep 17, 1977",35,16,,35,67,65,38,71,Denis Kang
a7897d200692ab64,3.13,3.32,1.97,0.8,135,73,Orthodox,"Sep 09, 1987",19,11,,47,54,50,68,69,Kyung Ho Kang
5d1b7e3dd9e11074,4.68,3.88,0.36,0.2,125,68,Southpaw,"Nov 14, 1993",23,7,0,55,57,30,78,65,Manel Kape
5669b828e7e11329,2.88,4.32,4.88,0.7,155,,Orthodox,"Nov 16, 1979",3,4,0,46,67,43,0,67,David Kaplan
853eb0dd5c0e2149,4.46,3.24,0.56,0.0,125,69,Orthodox,"Mar 26, 1993",25,12,,40,64,30,83,64,Kai Kara-France
43292ecf0e72c143,4.49,5.0,1.41,1.9,145,,,"May 29, 1985",26,7,1,39,54,50,33,68,Georgi Karakhanyan
e361e5c858af6ff1,2.57,2.39,2.7,0.9,155,66,Orthodox,"Sep 20, 1977",10,6,0,42,54,45,86,68,Alex Karalexis
e4faa79383c9f214,7.28,6.47,0.75,0.0,125,71,Orthodox,"Jul 05, 1998",6,2,1,42,49,60,81,69,Ernesta Kareckaite
257b0c8d6f199895,4.96,3.66,1.75,0.2,170,75,Orthodox,"Jan 17, 1994",9,2,0,48,58,58,66,71,Impa Kasanganay
4a9120fa47bafef0,0.21,7.37,3.16,6.3,155,71,Southpaw,"Aug 12, 2001",4,2,0,50,25,100,0,67,Jinnosuke Kashimura
6e7506127408aa9e,3.13,4.48,0.46,2.8,125,66,Southpaw,"Nov 15, 1995",5,2,0,41,48,33,40,65,Nadia Kassem
3058888c33149a53,2.17,4.34,1.36,0.0,155,,Southpaw,"Nov 16, 1989",9,3,0,44,48,33,0,67,Yusuke Kasuya
542db012217ecb83,1.2,2.1,2.0,0.5,155,,Orthodox,"Dec 05, 1977",20,10,0,29,70,57,80,,Tetsuji Kato
ebf1c247b2cba375,2.8,1.72,1.62,0.0,185,,,"Sep 17, 1982",8,2,0,48,68,100,0,72,
7b433309b0fd12aa,4.81,4.75,1.86,0.0,135,64,Orthodox,"Dec 19, 1991",16,5,0,52,50,34,61,66,Brad Katona
751de04455cfaac0,4.41,6.55,0.34,0.1,145,72,Orthodox,"Mar 26, 1988",23,10,0,37,54,29,77,71,Calvin Kattar
36df8e119aec6175,6.65,4.0,0.38,0.0,135,66,Orthodox,"Sep 20, 1985",18,4,,46,62,57,81,65,Sarah Kaufman
bb2c3c3a466224af,4.13,3.49,1.12,0.2,125,67,Orthodox,"Jun 09, 1999",10,1,0,48,56,45,94,66,Lone'er Kavanagh
fa2320781bfe4f49,2.87,3.93,0.0,0.0,255,,,"Aug 14, 1980",18,12,0,47,50,0,72,72,Yusuke Kawaguchi
58d42b9e920b25fc,2.83,4.59,0.0,0.0,145,71,Southpaw,"Aug 26, 1997",6,2,,51,36,0,100,72,Canaan Kawaihae
80d918336163b80c,2.04,2.01,3.63,1.1,145,69,Orthodox,"May 08, 1978",36,11,2,44,50,48,63,67,Tatsuya Kawajiri
9e91d7fd2720e241,0.6,3.93,0.0,0.0,205,,Orthodox,"Jun 29, 1981",18,9,4,16,39,0,6,71,Ryo Kawamura
49f4171f14f54220,2.54,3.79,11.67,0.0,145,69,Orthodox,"Jan 30, 1995",10,4,0,41,41,55,100,66,Masuto Kawana
547c5611bd366988,0.0,0.0,0.0,0.0,,,,,0,0,0,0,0,0,0,,
148bb103cfbf123e,1.49,4.56,1.94,1.0,135,69,Orthodox,"May 15, 1997",11,5,0,53,38,16,66,67,Toshiomi Kazama
981ab7a0576f76a0,2.9,3.18,1.14,0.0,135,,Orthodox,"Mar 18, 1981",16,13,0,36,46,23,78,65,Julie Kedzie
a72b20136239ba39,0.0,0.0,0.0,0.0,170,,,"Jun 15, 1985",6,2,0,0,0,0,0,70,Ryan Keenan
5b43d68174b6e2ab,3.47,4.47,0.0,0.0,145,72,Orthodox,"Dec 30, 1997",16,2,0,43,62,0,100,67,Losene Keita
c0eecd851dbf3146,0.86,1.82,0.0,0.0,155,,Orthodox,"Aug 09, 1986",8,4,0,50,50,0,62,72,CJ Keith
56c9acc4e86046a2,2.4,2.64,1.04,0.3,125,68,Orthodox,"Feb 21, 1981",9,3,0,43,48,18,53,67,Chris Kelades
7be14eaed4c74856,3.31,4.59,1.68,0.7,135,66,Switch,"Aug 19, 1986",24,16,0,41,54,41,60,66,Brian Kelleher
c788481ae19e798d,1.94,2.9,0.0,0.0,135,,Orthodox,"Jul 07, 1981",7,1,0,22,62,0,0,65,Mayana Kellem
1a08b01fdabb6ae2,5.55,4.85,0.0,1.4,135,70,Switch,"Jan 21, 1987",8,3,0,47,45,0,52,69,Tony Kelley
aac5ac38148f0528,3.22,2.61,1.34,1.5,155,70,Orthodox,"Sep 12, 1984",14,5,0,37,59,60,30,69,Paul Kelly
ace83095105dd205,0.0,0.0,0.0,0.0,170,,,"Aug 02, 1978",5,4,0,0,0,0,0,69,John Kelly
bdcbb976816fd256,3.62,4.64,1.86,0.3,185,70,Southpaw,"Oct 31, 1977",13,4,0,38,61,34,78,72,Daniel Kelly
3c660c90d48fc80d,2.78,1.84,2.58,0.7,185,74,Orthodox,"Sep 01, 1979",18,6,0,47,62,35,70,71,Tim Kennedy
185fb0200a4605e6,2.28,5.52,2.51,0.0,170,,Orthodox,"Mar 07, 1983",24,8,0,35,45,33,0,71,Steve Kennedy
68f6e96c5fa6e044,2.22,2.58,5.73,0.0,145,71,Orthodox,"Sep 16, 1992",11,1,0,46,47,52,66,71,Jeremy Kennedy
9b8a73b59be8d786,0.0,0.0,0.0,0.0,185,,,,6,2,0,0,0,0,0,72,Waylon Kennell
e7bba7ce4d6c7b07,4.85,4.67,1.09,0.4,135,68,Southpaw,"Mar 20, 1991",16,4,1,42,58,35,61,67,Casey Kenney
772022b989534f0d,1.47,1.67,1.0,0.0,135,66,Orthodox,"Mar 18, 1991",26,11,0,52,37,33,84,66,Maimaitituoheti Keremuaili
c1e4ae143cce7398,1.26,8.21,0.0,0.0,,,Orthodox,,11,22,0,16,31,0,0,,Aurelijus Kerpe
a7b48e18ca27795d,0.28,0.89,2.92,0.4,266,,Switch,"Dec 21, 1968",15,11,,41,28,77,0,75,Mark Kerr
ef61d9f5176b3200,1.91,6.22,0.0,14.3,155,69,Orthodox,"Oct 21, 1982",9,3,0,42,33,0,0,70,Will Kerr
b84f34b425dfd24b,0.0,2.05,0.0,7.7,185,,,"Apr 17, 1980",11,9,0,0,60,0,100,,Ron Keslar
9b7694d064a8a0ad,1.98,2.16,3.95,0.1,155,73,Orthodox,"Nov 04, 1986",24,4,0,34,65,41,61,68,Rustam Khabilov
1aba18b5f15d4956,0.0,0.0,0.0,0.0,170,,Orthodox,"Apr 16, 1984",6,0,0,0,0,0,0,72,
90da09db03e41748,3.41,2.37,0.76,0.0,170,74,Orthodox,"May 19, 1992",28,6,1,41,60,28,61,73,Sergey Khandozhko
0693b2eab79198ea,3.9,3.03,1.16,1.0,245,,Orthodox,"Aug 18, 1980",26,6,0,44,54,53,70,72,Sergei Kharitonov
3929efe0c0a83d07,6.14,6.38,3.54,0.0,135,70,Orthodox,"Jul 17, 1988",8,3,0,42,40,25,0,68,Alfred Khashakyan
a072b512b6f4fc42,2.6,2.8,0.0,0.0,155,72,Orthodox,"Sep 25, 1993",21,7,0,61,61,0,85,71,Aziz Khaydarov
4bbd1e5c77ef3c2f,2.8,2.6,2.0,0.0,155,68,Orthodox,"Apr 15, 1992",10,0,0,38,38,14,100,70,Mansher Khera
7ab478c397cd68ef,6.01,4.38,5.64,3.8,185,74,Southpaw,"Aug 24, 1990",14,0,,64,61,60,100,69,Aliaskhab Khizriev
aaeb55084b198a39,6.73,4.21,0.73,0.0,155,73,Orthodox,"Feb 11, 1991",18,9,0,50,55,20,50,71,WonBin Ki
91dac5e69e28d5b5,4.88,4.09,0.41,0.1,135,66,Orthodox,"Dec 08, 1991",17,9,0,49,51,33,65,67,Pannie Kianzad
9c37681096c6f3a9,3.67,0.4,2.0,0.0,155,,Orthodox,"Jul 23, 1978",16,4,0,56,14,40,100,68,Akira Kikuchi
44470bfd9483c7ad,2.64,2.47,1.88,0.8,145,66,Orthodox,"Oct 31, 1981",24,8,2,40,61,75,76,68,Katsunori Kikuno
e4bde462b043d3e1,0.7,0.9,1.6,1.8,200,,Orthodox,"Sep 10, 1971",31,9,,45,52,63,25,69,Sanae Kikuta
637bd06c32219f0b,2.56,6.78,0.51,0.5,145,72,Orthodox,"Jun 28, 1995",8,4,0,33,35,5,20,69,Jacob Kilburn
9bcf8603ceb25680,2.12,1.89,2.93,0.6,170,76,Southpaw,"Nov 17, 1981",22,4,,49,58,43,71,74,Dong Hyun Kim
8d04923f2db59b7f,5.06,8.43,0.0,0.0,205,,Orthodox,"Dec 12, 1979",0,4,0,25,50,0,66,69,Jin Oh Kim
354808cf38d9d73c,1.75,2.51,3.43,0.0,180,,Orthodox,"Nov 01, 1979",11,7,0,32,36,42,0,71,Dae Won Kim
380e8b023290d091,0.0,0.0,0.0,0.0,240,,,,13,23,0,0,0,0,0,73,
9e0f28d1f639ad73,0.84,3.28,2.81,0.0,139,,Orthodox,"Nov 20, 1976",0,1,0,15,63,100,0,67,Jong Won Kim
831b937811804dad,0.87,3.48,0.0,0.0,255,,Southpaw,"Jan 22, 1975",3,7,0,100,20,0,0,73,Min Soo Kim
dba230fe33011201,1.33,3.0,0.0,0.0,139,,Orthodox,"Mar 03, 1978",23,11,,21,60,0,0,67,Jong Man Kim
a20f234df70f2182,5.37,5.41,0.0,0.1,125,72,Orthodox,"Oct 18, 1989",9,7,2,36,56,0,50,67,Ji Yeon Kim
6343a95f1d9e6a33,0.0,0.0,0.0,0.0,135,72,Orthodox,"Jul 21, 1993",10,2,0,0,0,0,0,68,
2bc47c7cc6c05bd7,5.79,5.68,0.0,1.7,170,73,Southpaw,"Jun 19, 1990",13,6,0,42,52,0,50,73,HanSeul Kim
5a9f7b5ffebdd6e7,6.77,6.32,3.87,0.0,155,71,Orthodox,"Jan 29, 1992",11,4,0,46,63,40,100,69,KyeungPyo Kim
a264d4e9a4d6bfe4,5.11,5.82,1.77,1.2,155,71,Orthodox,"Oct 17, 1993",13,4,0,55,44,22,72,72,Sangwook Kim
e9712cad24948ce1,3.18,3.73,0.69,0.0,145,69,Orthodox,"Sep 01, 1993",10,6,1,57,58,25,72,69,SangWon Kim
e7ecfab8fd86d3e1,1.53,0.87,0.0,0.0,125,69,Orthodox,"Nov 05, 1992",12,6,0,53,69,0,33,71,KyuSung Kim
864c07a7ff90caae,0.0,0.0,0.0,0.0,115,,,"May 25, 1997",8,1,0,0,0,0,0,,
917a5cb9821df261,2.81,3.84,1.41,0.0,205,72,Switch,"Jan 03, 1991",15,8,0,46,49,20,50,72,Jeremy Kimball
054defd5420a551f,1.86,4.79,2.08,2.4,185,73,Orthodox,"Jan 30, 1981",25,9,0,48,38,46,25,70,Rob Kimmons
fe91d254db77a7fc,1.33,3.82,0.93,2.2,135,71,Orthodox,"May 21, 1989",11,3,0,21,51,37,50,67,Dustin Kimura
c7ac79839e86ce33,2.71,1.33,0.0,0.0,185,,Orthodox,"Jul 08, 1970",6,3,0,60,52,0,55,71,Taiei Kin
564c2f5f9eb45d67,4.44,1.29,1.75,3.5,185,,,"Aug 04, 1983",5,1,0,58,72,25,40,75,Mike King
b959e8c7fd8390d2,2.97,3.81,2.64,0.0,205,79,Orthodox,"Mar 22, 1982",11,6,,40,51,41,52,76,Kyle Kingsbury
21b5c82c1b89dab1,4.65,5.12,0.0,0.0,170,71,Southpaw,"Aug 21, 2000",6,3,0,50,51,0,50,72,Yusaku Kinoshita
c7d7fda69ec410d3,3.22,5.87,1.5,1.2,155,75,Switch,"Apr 13, 1994",12,6,0,50,40,26,47,70,Kamuela Kirk
51d2aaaca56e5b40,4.88,0.0,0.0,0.0,185,,Orthodox,"Jul 29, 1976",5,4,0,87,0,0,50,68,Yurij Kiseliov
928ae2e5b5f7a9ec,4.51,4.59,0.87,0.1,125,64,Orthodox,"Apr 13, 1988",7,4,0,48,57,33,50,65,Justine Kish
2a6f8136da1e52c0,0.0,0.0,0.0,0.0,350,,Southpaw,"Oct 12, 1963",1,2,0,0,0,0,0,79,Koji Kitao
e2ac5bb645f33088,0.68,2.15,0.62,2.1,154,,,"Feb 04, 1980",40,14,9,33,45,10,27,66,Satoru Kitaoka
e065b4a42a6c2c79,4.47,3.23,2.72,0.0,125,67,Southpaw,"Aug 15, 1992",9,5,0,59,66,85,74,65,Top Noi Kiwram
5b86d491d63890c5,3.76,3.48,1.37,0.0,155,72,Southpaw,"Feb 22, 1995",24,5,1,53,53,51,76,67,Ludovit Klein
7eaa5e31c2dd86aa,2.51,3.41,5.79,1.9,185,77,Orthodox,"Sep 08, 1995",6,3,0,56,39,35,66,73,Nick Klein
8ad022dd81224f61,2.55,2.42,0.98,0.0,185,,,"Jul 25, 1973",8,4,0,33,40,25,90,74,Seth Kleinbeck
bc3876891e155bb5,0.82,3.84,0.0,0.0,185,,Orthodox,,6,1,0,50,58,0,0,,Stefan Klever
745fa7b605f8e2da,5.01,2.71,2.02,0.0,115,67,Orthodox,"Jul 12, 2000",9,1,0,50,57,58,50,66,Fatima Kline
8276f28f1ad087de,0.0,0.0,0.0,0.0,170,,,,7,0,0,0,0,0,0,72,
7cbf7c78d3b34218,4.25,3.65,1.49,0.0,155,70,Orthodox,"Mar 09, 1988",16,3,1,55,49,26,69,69,Drakkar Klose
02f0e04acf102ea9,0.0,0.0,0.0,0.0,220,,Orthodox,"Feb 27, 1984",18,22,3,0,0,0,0,74,Michael Knaap
1fac46d466abd5b8,0.0,15.56,0.0,0.0,170,,Orthodox,"Jul 05, 1984",12,7,1,0,22,0,100,70,Kevin Knabjian
bb1a2cdad6ff34db,2.95,3.02,1.31,1.7,145,71,Orthodox,"Jul 14, 1992",20,5,0,33,51,31,47,70,Jason Knight
5da33b8fbfa5ee95,2.62,3.3,1.78,0.4,205,73,Orthodox,"Apr 03, 1988",11,5,0,56,35,40,48,70,William Knight
971dba22c622af12,4.24,2.13,1.6,0.0,115,60,Orthodox,"Jan 16, 1996",8,1,0,51,54,72,35,63,Josefine Knutsson
4a07b1988477502c,2.73,1.42,4.0,0.3,170,71,Southpaw,"Sep 24, 1993",13,2,0,59,58,63,75,70,Seokhyeon Ko
a02652d063ef5baa,1.01,1.66,2.17,0.0,145,,,"Oct 28, 1988",21,4,4,33,45,100,100,68,
c398235fcaf8d71d,2.33,4.11,1.67,0.0,135,,Orthodox,"Feb 25, 1983",19,3,1,21,59,11,0,66,Kelly Kobold
99bd87a300079ed9,2.33,2.82,1.02,1.0,170,71,Southpaw,"Oct 04, 1988",16,6,0,42,47,42,81,70,Erik Koch
6d8ef8706781c49e,0.0,0.0,0.0,0.0,205,,,,4,1,0,0,0,0,0,73,
44c233770075cea1,0.0,0.0,0.0,0.0,135,,,,1,0,0,0,0,0,0,66,Shingo Kohara
13c4313ed0f744f3,0.0,0.0,0.0,0.0,220,,Orthodox,"May 26, 1964",12,15,0,0,0,0,0,69,Brad Kohler
5717efc6f271cd52,0.81,4.31,0.0,4.0,155,,Orthodox,"Jul 16, 1976",8,4,1,33,46,0,0,69,Charlie Kohler
b76ed59283d3559c,1.88,4.41,1.32,0.4,225,,Orthodox,"Mar 06, 1970",27,19,2,38,54,20,33,71,Tsuyoshi Kohsaka
33de378ce1734638,1.12,4.49,10.11,0.0,205,73,Orthodox,"Oct 17, 1992",10,1,0,45,42,60,0,74,Kaloyan Kolev
5f6038bcdb95e3e4,0.21,0.85,0.0,0.0,185,,Orthodox,"Nov 26, 1974",15,9,0,20,50,0,0,71,John Kolosci
1fe7adb23b3eedfb,1.14,2.57,0.76,0.5,183,,Southpaw,"Jul 17, 1975",60,33,9,42,51,41,37,71,Yuki Kondo
a851c35f58199231,5.4,7.22,0.0,0.3,115,66,Orthodox,"Feb 08, 1989",6,3,0,44,58,0,83,64,Syuri Kondo
3cc506f115cbb9d5,4.97,1.3,2.8,0.9,185,75,Orthodox,"Jul 17, 1999",9,1,0,65,57,60,91,74,Mantas Kondratavicius
1eacf73d6a0055dc,3.33,1.28,2.3,0.2,240,82,Orthodox,"May 17, 1975",27,10,2,56,54,56,52,76,Cheick Kongo
dd39f1ca787a3d9d,0.33,4.31,0.0,0.0,265,,Orthodox,"Jul 16, 1965",6,11,0,66,40,0,0,74,Andrei Kopylov
9d83f6da776ff7d6,4.54,5.08,1.12,0.0,185,75,Southpaw,"May 04, 1992",15,5,0,50,53,50,88,72,Roman Kopylov
6c011be66326ad97,2.12,3.96,0.0,0.0,135,65,,"Jun 28, 1991",7,3,0,34,42,0,25,66,Bruno Korea
000774e57404d8c7,6.78,4.56,10.0,1.7,135,67,Orthodox,"Feb 01, 1998",8,2,0,54,39,46,0,66,Chungreng Koren
aee885b8ca29ab4f,2.84,1.92,4.8,0.0,170,,,"Aug 23, 1990",19,2,0,39,63,53,0,72,
dd37fd509af89f15,1.79,2.27,2.46,0.4,170,73,Orthodox,"Nov 30, 1977",17,11,0,36,63,48,64,70,Josh Koscheck
84512339473dd300,0.77,3.73,5.28,1.1,125,69,Switch,"Jan 22, 1997",6,1,0,37,40,55,0,67,Steven Koslow
bc8f6b42767e28df,1.02,2.89,0.83,0.8,155,66,Southpaw,"Dec 08, 1981",34,14,7,31,50,16,46,68,Naoyuki Kotani
a68d57ae177a5815,3.94,4.38,6.57,6.6,170,,,,1,2,0,40,44,100,100,,
c6becb722706c7d8,0.67,4.92,0.0,0.0,235,,Orthodox,"Dec 21, 1969",7,4,1,38,15,0,25,74,Iouri Kotchkine
8fbcd82bf7f352bf,1.47,4.87,1.0,0.0,244,,Orthodox,"May 09, 1981",12,16,0,22,44,25,0,72,Matt Kovacs
ad0e42800a0d8977,0.0,0.0,0.0,0.0,135,,,"Mar 29, 1977",3,1,1,0,0,0,0,,Marcus Kowal
d7c3816669784109,5.54,5.77,0.36,0.2,115,64,Orthodox,"Oct 15, 1985",16,10,0,42,56,23,74,63,Karolina Kowalkiewicz
716538be58c6c5e1,0.0,0.0,0.0,0.0,185,,,"Jul 09, 2002",6,0,0,0,0,0,0,,
fc36e2352dccf2a4,3.9,4.36,2.34,0.0,155,,,,8,0,0,39,50,100,100,,
714e1e0681ddb703,2.07,4.03,3.18,0.8,170,72,Orthodox,"Jan 13, 1988",22,12,0,37,50,50,0,70,Derrick Krantz
8f6a18831a120817,4.79,4.11,0.96,0.9,170,73,Orthodox,"Jun 04, 1986",28,9,0,49,61,18,59,74,James Krause
a01e84abefd85ec0,5.45,3.88,1.53,0.9,170,,Orthodox,"Apr 19, 1987",11,2,0,47,59,50,60,73,Pascal Krauss
db05271715bb4874,0.82,2.47,0.0,4.1,170,,Orthodox,"Jan 03, 1970",5,1,0,100,60,0,66,68,Rene Kronvold
8a81a0707350c4a8,0.0,0.0,0.0,0.0,185,,,"Jun 19, 1995",8,3,0,0,0,0,0,,
ca36633b80be4a78,5.67,5.71,2.74,2.1,155,73,Orthodox,"Apr 04, 1991",15,3,,50,46,100,75,72,Kaynan Kruschewsky
6071d786f6187810,0.0,0.0,0.0,0.0,205,,,"May 08, 1974",5,0,0,0,0,0,0,74,
1091d4d957141094,4.36,2.59,2.05,1.2,205,77,Orthodox,"Mar 07, 1992",31,11,0,54,47,37,53,75,Nikita Krylov
ab16537dd1e5e81d,0.93,3.4,4.0,2.0,185,75,Southpaw,"Oct 04, 1989",8,1,0,45,39,100,0,75,Mariusz Ksiazkiewicz
66579081831db7b0,2.11,6.97,0.0,0.0,170,74,Orthodox,"Dec 23, 1997",7,1,0,50,37,0,100,69,Eliezer Kubanza
487c170da059857d,1.85,4.44,0.0,0.0,135,,Orthodox,"Mar 24, 1983",10,7,2,71,33,0,0,,Junya Kudo
a272656ad662ac53,0.0,0.0,0.0,0.0,170,,,"Oct 12, 1982",1,2,0,0,0,0,0,,John Kuhner
b7f38813485745da,3.28,3.62,2.3,0.0,185,73,Orthodox,"Jun 07, 1989",15,5,0,54,54,55,79,72,Michael Kuiper
706f8e2b34e8e18b,2.27,1.63,1.2,0.4,155,72,Orthodox,"May 01, 1984",24,10,0,38,67,100,71,68,Anton Kuivanen
4e77d070239699e2,2.5,5.5,0.0,0.0,135,,,"Feb 24, 1986",6,3,0,40,36,0,50,,Maiju Kujala
a0a625221e0dd339,2.8,4.67,6.0,0.0,125,66,Orthodox,"Sep 09, 2000",8,1,0,24,46,30,60,65,Sumit Kumar
e2ccd9a9ace60de7,3.67,2.83,0.25,0.0,170,70,Orthodox,"May 02, 1984",20,2,0,44,63,33,80,68,Aleksei Kunchenko
739fd4fbb5d862f4,3.94,2.33,0.98,0.0,240,76,Orthodox,"Mar 10, 1992",13,3,,54,48,75,93,76,Rizvan Kuniev
782a2a17d3e38fdf,0.17,1.99,4.97,2.5,235,,Orthodox,,3,2,0,10,57,40,100,72,Keigo Kunihara
71df36d6d8cf0d74,1.87,3.92,1.59,0.3,170,71,Orthodox,"May 01, 1981",18,7,,44,41,20,28,70,Kiichi Kunimoto
2694c4997a51ed01,0.0,0.0,0.0,0.0,185,,,"Jul 14, 1999",10,0,0,0,0,0,0,,
6905d45bd71b50a9,1.68,3.8,1.99,0.7,155,,Orthodox,"Oct 03, 1983",18,4,1,32,45,25,33,70,Leo Kuntz
780a2897055e3ee3,0.73,1.33,0.0,1.0,170,77,Switch,"Jan 23, 1989",8,4,0,73,31,0,69,77,Korey Kuppe
b6a73e6f11a8835c,11.67,9.13,1.0,0.0,170,73,Orthodox,"Aug 23, 1996",8,0,0,67,54,14,0,73,Ramazan Kuramagomedov
032b65d5fff611b2,0.0,12.0,0.0,0.0,185,,Orthodox,"Jul 13, 1973",10,8,2,0,50,0,0,70,Tsuyoshi Kurihara
4c78fc005a53831d,0.47,3.72,0.0,0.0,235,,Orthodox,"Apr 16, 1972",0,1,0,20,60,0,0,66,Eldari Kurtanidze
b490def93478ae29,1.31,2.95,1.23,2.5,170,,,,7,5,0,36,52,20,0,,
7772b283d288dbe2,3.53,4.22,0.61,0.0,155,72,Orthodox,"Jan 08, 1992",13,5,0,45,54,15,75,71,Guram Kutateladze
aeb2bcd4371f40d5,5.53,4.94,3.53,0.0,170,71,Orthodox,"Jul 18, 1991",17,2,0,48,55,40,0,72,Vadym Kutsyi
843dd76c50cae0f6,2.31,12.12,0.0,0.0,135,,Orthodox,,0,3,0,30,19,0,0,69,Lina Kvokov
2545c7f47a65bca3,0.0,0.0,0.0,0.0,155,,,"Aug 01, 1970",11,16,0,0,0,0,0,67,Kaleo Kwan
849d15ed7e3a0e97,0.53,4.4,8.0,2.0,185,,,,2,2,0,50,32,50,0,68,Jarrod Kwitty
56b8b24f65f9f057,3.93,3.35,1.33,0.8,205,77,Orthodox,"Mar 31, 1980",22,14,,51,49,62,50,76,Mike Kyle
edbc609a3b0d2aba,4.67,4.4,0.0,0.0,125,64,Orthodox,"Nov 17, 1993",7,2,0,41,47,0,33,65,Lisa Kyriacou
b3fb8d2293e17a59,0.75,1.1,3.0,0.8,215,,Orthodox,"Apr 24, 1978",7,4,0,39,46,100,0,75,Achmed Labasanov
5108b169b5fe1f86,2.53,5.33,0.0,0.0,145,,,,11,6,0,36,44,0,71,70,Josh LaBerge
4fe1d105af549845,0.0,0.0,0.0,0.0,135,,,,11,5,0,0,0,0,0,70,
31bb0772f21cabd8,3.95,8.28,2.32,1.2,125,70,Switch,"Jun 05, 1996",11,6,,45,34,50,0,66,Daniel Lacerda
6fc506e1099afe20,4.06,6.15,2.82,0.6,135,71,Orthodox,"Jan 07, 1993",13,4,0,42,49,39,66,67,Luan Lacerda
eb84192d1a97f69e,0.0,0.0,0.0,0.0,170,,,,3,2,0,0,0,0,0,,
d4691518d012b9e7,3.78,4.65,1.56,0.6,135,66,Orthodox,"Mar 01, 1995",9,3,0,47,47,47,62,66,Aspen Ladd
4c7781da8c6cae93,2.89,1.86,2.13,0.2,170,74,Southpaw,"Oct 01, 1983",14,3,0,40,63,44,58,73,Ryan LaFlare
fbe9f4efc2153be2,3.16,1.89,3.16,0.0,125,65,Orthodox,"May 25, 1989",8,5,0,68,47,100,33,64,Corinne Laframboise
b40e65d71a8d4ce5,0.0,0.0,0.0,0.0,185,,,"Sep 04, 1986",6,5,0,0,0,0,0,74,Ben Lagman
9f755fb04cc21499,2.79,1.47,2.37,2.4,145,69,Orthodox,"Jun 08, 1984",11,2,0,46,63,26,16,69,Noad Lahat
e5ca2bc2451a5956,1.93,4.67,0.0,0.0,115,,Orthodox,"May 28, 1988",5,1,0,20,57,0,16,62,Tina Lahdemaki
f998f5c102250d6e,2.22,3.38,0.94,0.5,170,76,Orthodox,"Aug 14, 1992",9,3,0,41,58,28,72,73,Yohan Lainesse
c7e9d15cfce52f1d,0.0,0.0,0.0,0.0,225,,Orthodox,"Jun 21, 1965",7,6,1,0,0,0,0,73,Tim Lajcik
7d06092326c52528,0.0,0.0,0.0,0.0,145,,Orthodox,,2,1,0,0,0,0,0,67,Todd Lally
e62ce041bb7aeb1f,5.34,7.23,0.0,0.0,170,,Orthodox,"Nov 04, 1990",7,3,0,39,30,0,0,72,Sean Lally
3974fa35c917af1d,3.13,2.87,1.84,0.9,145,71,Orthodox,"May 21, 1982",20,8,0,47,57,33,46,68,Ricardo Lamas
5be86bb2f78fef2f,3.21,1.84,1.35,2.4,185,75,Orthodox,"Jun 03, 1975",26,13,0,58,50,36,28,75,Jason Lambert
7e062824c175f975,0.99,0.77,2.2,2.2,170,,Orthodox,"Sep 09, 1973",29,16,0,40,43,80,40,71,Jose Landi-Jons
583ee11abddfc581,5.55,5.96,0.73,0.7,145,72,Orthodox,"Jun 06, 1988",18,8,0,45,51,41,71,69,Nate Landwehr
be9bdec19b7e9ffe,2.7,2.45,1.5,0.0,205,80,Orthodox,"Nov 09, 1987",13,8,,50,39,28,33,78,Austen Lane
d73e856f150744b2,0.0,0.0,0.0,0.0,155,,,"Aug 26, 1986",5,1,0,0,0,0,0,,Aaron Lanfranco
09422812370fbdfe,1.13,1.41,4.22,4.2,205,,Southpaw,"May 11, 1975",21,2,0,50,42,60,0,71,Jeremy Lang
b8980dd7e8fc5976,0.0,0.0,0.0,0.0,205,,,"Aug 31, 1980",5,1,0,0,0,0,0,,Lionel Lanham
2eeaefbfc7f9fcff,2.69,3.87,0.52,0.1,135,65,Orthodox,"Mar 13, 1982",10,8,0,55,44,27,47,67,Lina Lansberg
8b1ed83b02303075,4.59,2.61,0.27,0.3,135,73,Southpaw,"Apr 08, 1992",21,4,0,48,62,33,77,66,Taylor Lapilus
c03a5022f8439f2a,4.78,3.59,1.05,0.0,170,71,Orthodox,"Jul 23, 1986",13,4,0,42,65,54,78,70,Chad Laprise
f3a853544e4413c4,0.53,0.58,0.0,0.0,170,,Southpaw,"Feb 13, 1980",23,7,,34,66,0,20,69,Anthony Lapsley
cd2e5a390821fb48,1.49,2.64,1.44,0.0,145,66,Orthodox,"Oct 15, 1997",12,5,0,50,38,33,40,66,TJ Laramie
62a72adeb0227603,5.4,5.07,2.0,0.0,125,64,Orthodox,"Oct 01, 1998",6,0,0,52,56,40,50,63,Joseph Larcinese
49efbdc6c9f650c4,0.17,2.5,0.0,0.0,235,,Orthodox,"Mar 12, 1980",6,5,0,15,28,0,14,75,Icho Larenas
9450848a71d53776,3.53,2.74,0.27,0.1,170,72,Orthodox,"Sep 03, 1986",18,6,,46,63,42,79,71,Lorenz Larkin
c3bd649a9194e50c,4.87,5.75,2.49,0.0,145,70,Orthodox,"May 18, 1984",8,5,0,48,57,33,0,70,Jeremy Larsen
5eedbf1e9601be35,1.39,1.5,2.67,2.0,170,71,Southpaw,"Aug 23, 1977",42,10,0,46,55,34,43,71,Brock Larson
7107e53ebd7435fb,0.0,0.0,0.0,0.0,170,,,"Dec 30, 1980",6,2,0,0,0,0,0,,Ryan Larson
b0826525fa17231d,3.1,0.76,11.47,0.0,255,78,Orthodox,"Jul 16, 1976",15,2,0,63,63,70,0,75,Bobby Lashley
e9a3aeb207578eea,2.05,2.93,2.11,0.3,230,73,Orthodox,"Jul 28, 1982",17,9,,45,56,35,100,70,Ilir Latifi
5898357a45a73674,0.0,0.0,0.0,0.0,215,,,,1,0,0,0,0,0,0,72,Sione Latu
09224b76d27007ee,3.4,7.07,0.0,0.0,205,76,Orthodox,"Feb 17, 1991",6,2,0,51,31,0,100,75,Phillip Latu
ec664422b22d9787,1.44,3.53,0.55,0.8,125,68,Orthodox,"Aug 01, 1988",7,5,0,42,53,66,51,65,Jenel Lausa
3bad7ef643840f67,2.84,5.39,2.39,2.0,155,71,Orthodox,"May 22, 1984",28,16,0,39,54,45,54,70,Joe Lauzon
4c8d6fde2dde07c4,1.34,4.09,1.63,2.7,155,,Orthodox,"Mar 30, 1988",17,6,0,25,61,33,80,70,Dan Lauzon
aa6da8cb3a26da04,0.87,2.67,0.0,0.0,115,66,Orthodox,"May 03, 1994",10,3,0,37,34,0,33,67,Sandra Lavado
5449dcccd972ff83,0.0,0.0,0.0,0.0,170,,,"May 24, 1976",9,7,0,0,0,0,0,68,Chatt Lavender
e3162dbdbfd78287,0.0,0.0,0.0,0.0,145,,,"Mar 24, 1995",9,2,0,0,0,0,0,,
a571770c4016736f,3.79,1.61,5.96,0.0,205,78,Southpaw,"Jan 11, 1981",21,6,,52,66,75,87,72,Muhammed Lawal
f2925e6db404bf1d,3.85,4.67,0.65,0.0,170,74,Southpaw,"Mar 20, 1982",30,16,,47,59,64,65,71,Robbie Lawler
4d44f37107f01b9b,2.5,2.41,2.46,1.4,205,74,Southpaw,"May 15, 1983",10,6,,42,60,32,57,72,Tom Lawlor
879f6cae48d25baa,3.84,2.83,0.72,0.0,145,67,Orthodox,"May 15, 1990",10,4,0,35,67,28,73,68,Justin Lawrence
ce039df1994b18f0,5.87,9.8,1.0,0.0,145,74,Orthodox,"Jun 26, 1993",4,1,0,50,24,100,50,73,Lance Lawrence
e7e01e266a9d4342,2.78,1.75,6.75,0.2,135,68,Switch,"Jun 13, 1992",8,2,,56,52,77,45,68,Ronnie Lawrence
38e5d9dcb0fddc42,1.58,1.97,8.88,3.0,185,,Orthodox,"Feb 12, 1981",9,5,0,57,44,42,0,72,Eric Lawson
e43eefb10d440cb0,0.07,1.6,0.0,0.0,265,77,Orthodox,"Nov 13, 1991",4,2,0,8,44,0,0,72,Jimmy Lawson
777dea713da2441d,4.87,4.09,1.33,0.0,155,73,Orthodox,"Aug 15, 1985",15,5,0,37,61,40,96,72,Valmir Lazaro
41498c2d1a87b154,4.2,6.13,0.0,0.0,135,69,Orthodox,"Oct 25, 1991",13,1,0,39,51,0,0,66,Zviad Lazishvili
49ee5024966efc0d,7.49,5.42,1.8,0.0,170,76,Orthodox,"Nov 16, 1987",11,3,0,55,53,57,71,73,Mounir Lazzez
d4f364dd076bb0e2,4.36,2.98,1.37,0.3,185,70,Southpaw,"May 25, 1972",9,3,0,48,66,71,88,69,Cung Le
882b3f5a0774d575,1.97,1.82,0.0,0.0,145,74,Orthodox,"Aug 28, 1985",6,1,0,40,70,0,100,69,Thanh Le
32feae6d9a1e5047,2.82,4.59,2.9,0.4,135,70,Orthodox,"Oct 18, 1991",9,3,0,38,49,33,100,67,Quang Le
28d421729451c8ca,8.75,7.78,0.43,0.0,170,74,Orthodox,"May 04, 1994",23,7,0,47,48,11,90,71,Carlos Leal
ac026518a9b4dc0f,2.18,1.57,2.97,1.2,145,71,Southpaw,"Jun 02, 1995",13,4,0,58,59,30,30,69,Jordan Leavitt
2d0b10789feafddb,0.92,1.03,0.0,0.0,265,,Southpaw,"Dec 26, 1972",3,2,0,35,37,0,50,75,Jerome LeBanner
d43a048a880efdff,2.87,2.87,1.14,0.8,185,73,Southpaw,"Jul 21, 1980",22,11,0,42,52,41,53,71,Chris Leben
cd0dfd9846bd03b9,1.69,2.96,0.0,0.0,185,74,Southpaw,"Jan 21, 1992",10,3,0,66,46,0,0,74,Julien Leblanc
a3dda21be645be93,4.77,3.72,2.79,1.9,170,72,Switch,"Jan 27, 1999",10,2,0,61,53,30,0,71,Jean-Paul Lebosnoyani
c575ab451e3c5b1d,2.6,2.98,0.0,0.0,155,73,Orthodox,"Aug 16, 1987",16,7,,34,54,0,60,71,Mickael Lebout
56ec58954158966a,1.2,1.6,5.0,0.0,145,,Orthodox,"Jun 30, 1982",8,3,0,38,57,45,100,69,Stephen Ledbetter
ba1e6cb3d43f7430,3.35,4.82,0.23,0.2,205,80,Orthodox,"Sep 28, 1988",9,4,,39,49,50,42,76,Justin Ledet
863d06a7ef8bc98c,1.4,3.72,13.95,7.0,205,,Southpaw,"Sep 22, 1973",15,3,,42,27,50,0,71,James Lee
8caca5857ce0e30b,1.49,3.31,0.0,0.0,155,,Orthodox,"Apr 12, 1978",12,10,0,50,42,0,50,70,David Lee
4985113c0928aa62,0.0,0.0,0.0,0.0,,,,,0,1,0,0,0,0,0,,Jackie Lee
39c568f8c579913e,0.0,3.05,0.0,0.0,215,,Orthodox,"Mar 07, 1982",17,4,,0,60,0,50,73,Eun Soo Lee
de99da2c0d18d34a,1.37,3.89,5.15,0.0,295,,Orthodox,"Jan 17, 1975",1,2,0,31,54,100,0,78,Tae Hyun Lee
806975e1b4f47b27,0.0,0.3,4.57,0.0,145,,Orthodox,"Jan 20, 1977",25,6,,0,75,33,0,67,Tommy Lee
d9e3743bae8d703d,0.0,9.68,0.0,0.0,155,,Orthodox,"Jul 09, 1971",14,10,1,0,21,0,0,71,Matt Lee
0802be3516ef8f66,0.0,0.94,0.0,0.0,,,Orthodox,"Jul 17, 1977",2,4,0,0,33,0,0,,Imani Lee
8bb6f4479685bbcc,3.47,2.07,0.81,1.0,125,66,Orthodox,"Oct 15, 1982",14,13,1,47,70,33,72,66,Vaughan Lee
ee9ebceabfd16fa7,3.88,3.6,3.18,0.8,170,77,Orthodox,"Sep 04, 1992",18,8,0,42,50,43,75,69,Kevin Lee
0d1c163b206e8c5f,2.47,5.33,1.0,0.0,145,,Orthodox,"Apr 08, 1987",3,2,0,51,44,10,33,69,Rocky Lee
05fa626cb33d15b8,4.62,3.91,1.65,0.6,125,69,Orthodox,"Feb 11, 1989",13,11,0,45,61,52,53,66,Andrea Lee
d008d785f6347dc2,3.38,3.82,0.63,0.3,145,73,Orthodox,"Nov 13, 1995",11,3,0,49,50,66,72,70,JeongYeong Lee
b6033505c245e28b,4.27,6.2,0.0,0.0,125,65,Orthodox,"Sep 10, 2002",8,1,0,39,38,0,64,65,JungHyun Lee
117a06469813e4ef,3.88,2.13,3.2,0.3,135,69,Orthodox,"May 09, 1994",11,2,0,66,37,34,40,68,ChangHo Lee
9fd299c8356cbf0f,0.87,2.13,0.0,1.0,135,75,Orthodox,"Jan 06, 1999",9,1,0,44,50,0,63,73,Macksom Lee
e6666480a830f764,2.73,5.73,0.0,0.0,185,72,Orthodox,"Jan 01, 2000",8,2,0,40,47,0,0,72,YiSak Lee
5817df778cc27274,1.07,1.53,5.0,0.0,170,,,"Dec 21, 1985",14,4,0,41,60,41,0,68,Ricky Legere Jr.
4f670b7972fa0a2e,2.86,2.08,5.19,0.0,155,,Southpaw,"Oct 27, 1978",21,6,0,51,47,80,33,68,Sherron Leggett
98cbbc06074c68a4,1.87,3.2,2.0,0.0,135,73,Orthodox,"Mar 15, 1994",6,0,0,28,53,33,71,68,Cheyden Leialoha
90550a08f0b02b6f,1.27,1.73,1.0,1.0,135,64,Orthodox,"Nov 04, 1996",8,3,0,47,57,25,0,63,Claudia Leite
cfb65863d5099327,2.13,2.99,2.1,1.1,185,78,Orthodox,"Sep 06, 1981",28,9,0,40,52,27,30,73,Thales Leites
182a73d5b4e57871,1.6,0.6,1.0,1.0,259,75,Orthodox,"Mar 15, 2002",11,2,0,75,43,100,55,76,Jovan Leka
d56bb6dff2ae77eb,2.4,6.17,0.0,0.0,215,,Orthodox,"Jun 03, 1974",0,3,0,43,68,0,0,74,Stefan Leko
fd4578cac86d75ca,0.82,6.03,0.0,0.0,155,,Orthodox,,13,9,0,35,45,0,0,68,Gabe Lemley
3df5493bb279226f,2.75,3.01,1.02,0.7,115,65,Southpaw,"May 22, 1987",15,6,1,55,45,64,63,64,Amanda Lemos
f37822d5b3e47517,0.0,0.0,0.0,0.0,247,75,Orthodox,"Jun 23, 1989",6,0,0,0,0,0,0,75,
7269329bd87eb479,0.0,0.0,0.0,0.0,200,,Southpaw,,3,4,0,0,0,0,0,72,Christophe Leninger
3ae10ac4df3df05c,2.69,3.2,1.22,0.3,170,72,Orthodox,"Mar 10, 1982",14,4,0,32,64,66,63,69,Jesse Lennox
e60201cfab7d656d,1.13,0.27,0.0,0.0,185,,Orthodox,"Nov 29, 1972",16,17,3,34,60,0,33,72,Jean Francois Lenogue
6fb1ba67bef41b37,3.44,3.25,3.3,1.2,145,68,Orthodox,"Aug 13, 1984",30,12,,47,50,32,43,68,Nik Lentz
6e02c318762f52f1,0.0,0.0,0.0,0.0,238,,,,0,1,0,0,0,0,0,68,Alberta Cerra Leon
9dedfdd91070ddd8,3.22,4.81,1.57,0.0,125,64,Orthodox,"Feb 16, 1990",9,7,0,38,47,27,71,65,Victoria Leonardo
86b9b51a81e9c339,1.94,2.52,1.72,0.0,135,,Orthodox,"May 27, 1987",15,8,0,53,56,18,0,66,Anthony Leone
657d0ed181f04215,0.0,0.0,0.0,0.0,170,,,"Feb 19, 1980",9,4,0,0,0,0,0,72,Chad Leonhardt
08ae5cd9aef7ddd3,0.76,2.12,4.55,2.3,235,,Orthodox,"Jan 05, 1968",10,7,1,83,30,100,0,75,Kimo Leopoldo
f1fd8ec1023c89b3,0.0,6.47,0.0,0.0,,,,"Nov 18, 1973",0,1,0,0,45,0,0,,Michael Lerma
5a8e30ed38a5bc6f,0.0,0.0,0.0,0.0,170,,,"Nov 05, 1981",8,3,0,0,0,0,0,,Lukasz Les
513c6f1715e547a8,3.53,2.11,3.9,0.5,265,81,Orthodox,"Jul 12, 1977",5,3,,72,50,55,60,75,Brock Lesnar
edd8d5d8089a35f8,2.18,3.82,0.0,0.0,170,,Orthodox,"Jun 10, 1984",11,6,,36,53,0,0,71,Frank Lester
46a2f24feb258ae0,4.51,5.4,0.77,0.3,115,68,Orthodox,"Apr 29, 1983",8,6,0,37,58,45,66,67,Valerie Letourneau
8cb78f3a6c2a08f7,3.06,3.84,0.51,0.0,145,71,Southpaw,"Aug 21, 1992",5,3,0,41,52,50,76,67,Leah Letson
8c3f3c43c8ceb778,1.24,3.15,1.69,5.1,185,,Orthodox,"Apr 18, 1980",10,7,0,47,37,50,33,71,Justin Levens
182f2b78582de3d8,2.55,3.7,3.89,0.6,155,70,Southpaw,"Jul 17, 1982",22,7,0,64,37,36,83,69,Marcus LeVesseur
49590e0508b2c19f,0.0,0.0,0.0,0.0,275,,,,1,3,0,0,0,0,0,77,David Levicki
81ddc98fceb30086,0.0,0.0,0.0,0.0,,,,,0,3,0,0,0,0,0,,Kyle Levinton
a29db9cd4f9ccea5,3.7,3.19,5.03,0.5,155,71,Southpaw,"Sep 30, 1991",8,2,0,52,58,58,41,69,Natan Levy
4a01dc8376736ef5,0.0,4.0,0.0,0.0,155,,Southpaw,,3,4,3,0,66,0,0,72,John Lewis
d3df1add9d9a7efb,2.41,2.79,0.53,0.0,260,79,Orthodox,"Feb 07, 1985",29,14,,48,38,25,51,75,Derrick Lewis
899923ff6ab13917,3.73,2.67,0.0,0.0,185,79,Orthodox,"May 05, 1991",7,3,0,43,54,0,66,75,Bevon Lewis
6623cb1c27025634,2.17,3.63,1.0,0.0,135,70,Orthodox,"Aug 02, 1997",6,2,0,29,53,15,20,64,Brandon Lewis
f60dbe6e05489c4f,4.16,5.66,3.98,0.0,155,75,Orthodox,"Mar 04, 1996",6,2,0,45,40,40,50,72,Malik Lewis
a307a10414d0ad00,0.0,0.0,0.0,0.0,243,,,"Aug 10, 1983",7,0,,0,0,0,0,81,
e64b96c07d7ce999,4.46,3.95,1.19,0.0,170,71,Orthodox,"Mar 20, 1988",19,9,0,42,56,41,60,72,Li Jingliang
4c7afd56ef1947ac,0.53,2.55,0.0,0.0,135,68,Orthodox,"Mar 08, 1999",9,5,0,29,35,0,50,68,Li Yunfeng
ec0dcceace7d25a3,1.99,3.95,3.6,0.5,125,67,Orthodox,"Jul 27, 1996",19,8,0,42,36,58,25,65,Liang Na
a8aba6fd8a463043,2.46,2.76,3.28,1.6,170,72,Orthodox,,20,11,0,51,41,53,30,69,Jess Liaudin
a390eb8a9b2df298,2.97,2.71,0.44,0.0,205,76,Orthodox,"Dec 17, 1969",21,8,0,35,56,75,81,74,Chuck Liddell
11b5a809c3120e27,0.97,0.0,0.0,0.0,155,73,Orthodox,"Jul 07, 1989",12,3,0,50,100,0,50,71,Rodrigo Lidio
421ccfc6ddb17958,0.82,7.36,0.0,0.0,,,,"Nov 26, 1983",12,10,0,60,51,0,66,,Sam Liera
5d7c18191b8aa432,0.81,1.9,1.36,0.0,170,,Orthodox,"Feb 06, 1974",9,11,0,33,48,100,0,68,Zach Light
998c8890a8dde1eb,2.91,4.24,0.0,0.0,205,,,"Oct 15, 1978",6,2,0,21,49,0,0,74,Scott Lighty
0e31bfd26cc8c503,0.29,1.44,0.0,0.0,185,,Orthodox,,15,10,0,33,0,0,50,69,Chris Liguori
a1bf037613180253,2.25,1.75,2.5,1.2,170,,Orthodox,,17,7,0,41,65,28,0,69,Donnie Liles
bbb15f301e4a490a,2.43,4.05,12.16,0.0,170,,Orthodox,"Nov 09, 1979",17,6,0,50,37,100,100,69,Jae Suk Lim
203c957eac95dd87,4.45,5.07,0.23,0.2,170,77,Orthodox,"Jan 16, 1985",13,7,1,41,51,100,73,75,Hyun Gyu Lim
a53657e43b00614e,0.53,2.47,0.0,1.0,145,74,Southpaw,"Jul 27, 2001",5,2,0,42,24,0,53,74,GwanWoo Lim
75a6a390fd5dca46,1.94,2.11,1.72,0.0,115,65,Orthodox,"Mar 15, 1982",9,5,0,44,55,31,70,65,Juliana Lima
e9213f53ddeca978,3.12,3.88,1.26,0.6,170,75,Orthodox,"Jan 31, 1989",17,9,0,39,58,34,73,74,Dhiego Lima
264111bf62662fbf,1.92,2.84,0.6,0.0,170,,,"Jan 05, 1988",29,6,0,36,60,100,46,73,
6135fd9665fbb74e,3.07,5.67,0.0,0.0,135,,Orthodox,"Jan 25, 1994",7,1,0,63,44,0,100,62,Mabelly Lima
b1f21ce050035d58,3.94,2.66,1.11,0.9,125,67,Orthodox,"Feb 04, 1999",11,1,0,56,58,60,75,67,Andre Lima
9256f591b30c073e,2.86,2.91,2.18,0.7,135,68,Orthodox,"May 07, 1998",14,2,0,45,64,27,85,66,Felipe Lima
18c49685296c60e6,6.51,8.84,0.0,0.0,,,,,2,4,0,50,36,0,0,,Miguel Linares
a4ef92274a45143d,1.17,3.59,0.0,0.0,145,72,Orthodox,"Apr 21, 1997",8,2,0,28,26,0,33,68,Emiliano Linares
0e041d43a47d2e4b,2.62,1.56,3.01,1.3,185,74,Southpaw,"May 17, 1970",22,9,0,50,52,48,60,72,Matt Lindland
33e00249ef08d3a4,3.44,4.01,0.65,0.0,155,,Switch,"Jun 21, 1986",12,7,0,52,46,33,50,71,Jake Lindsey
c268b2cfebccf652,5.36,4.27,0.56,0.6,135,67,Orthodox,"Jun 12, 1990",31,9,0,40,56,58,67,63,John Lineker
305d73ede05e31ad,3.86,4.86,0.43,0.0,145,70,Orthodox,"Jul 10, 1994",9,3,0,37,57,66,75,70,Austin Lingo
a780d16cf7eed44d,0.99,3.47,1.86,1.9,185,,Orthodox,"Dec 08, 1973",19,8,0,22,34,50,50,74,Lucio Linhares
53c943c873cffe90,3.8,3.59,1.65,0.0,205,78,Orthodox,"Aug 17, 1985",18,5,0,49,46,33,100,74,Philipe Lins
2c5f5749569eef66,2.01,2.88,1.67,0.3,135,67,Orthodox,"Mar 02, 1991",7,4,0,44,45,31,53,67,Tainara Lisboa
68c6cd5287b473a7,1.26,1.89,1.58,1.1,185,75,Orthodox,"Feb 13, 1976",13,7,0,35,61,15,50,73,Dean Lister
008c6e1a25751575,0.0,0.0,0.0,0.0,205,,,,4,8,0,0,0,0,0,76,Wesley Little
a9936818d709e2d7,0.0,0.0,0.0,0.0,205,,,"Sep 04, 1996",3,1,0,0,0,0,0,,
515890922fe9ce96,0.36,1.08,0.0,0.0,155,71,Orthodox,"Aug 15, 2001",6,1,0,33,0,0,60,74,Adam Livingston
93b2b7caa457cbea,5.57,4.12,0.0,0.0,155,73,Orthodox,"Aug 02, 1999",14,5,0,41,57,0,54,72,James Llontop
6448e57a9533b7e4,6.27,6.87,2.0,0.0,155,,,"Sep 04, 1982",20,9,1,49,43,20,0,71,Abner Lloveras
7abce81b72fbbd9b,3.87,0.0,0.0,0.0,155,,Orthodox,"Jan 22, 1976",6,10,3,42,0,0,66,67,Brian Lo-A-Njoe
31652c9267606d54,0.0,0.0,0.0,0.0,199,,Orthodox,"Feb 26, 1968",5,9,4,0,0,0,0,71,John Lober
02f2a9702ba3d167,3.52,4.82,0.39,0.0,145,65,Southpaw,"Aug 11, 1986",13,15,,41,50,25,52,69,Artem Lobov
9caa254991a5a698,1.31,3.31,2.31,1.2,145,72,Orthodox,"May 19, 1992",6,2,0,53,52,40,28,69,Dylan Lockard
d5bab53a1a603aac,5.1,2.46,1.37,1.4,185,76,Southpaw,"Jun 05, 1991",8,3,0,69,50,14,100,74,Ryan Loder
d3d1ff3f3dfa0931,0.0,0.0,0.0,0.0,185,,Orthodox,"May 23, 1982",31,5,0,0,0,0,0,75,
4ab36d70d1b28b58,5.27,6.93,0.0,2.0,155,77,Southpaw,"Jan 24, 1995",4,2,0,49,44,0,0,74,Christian Lohsen
22e47b53e4ceb27c,1.59,3.64,0.43,0.1,185,76,Orthodox,"Dec 17, 1979",23,11,0,44,43,42,36,72,David Loiseau
db1f2ed63b54b9a7,3.02,3.35,1.69,0.5,185,71,Southpaw,"Feb 02, 1978",34,10,,46,53,48,77,69,Hector Lombard
6d6b9a6cb063b60d,1.47,2.63,2.5,0.0,170,72,Orthodox,"Apr 03, 1990",11,2,,62,31,21,60,72,Michael Lombardo
10e04e5e81f391a0,0.0,0.0,0.0,0.0,145,,,"Feb 18, 1978",21,37,1,0,0,0,0,,Rocky Long
989be26791d0aad4,0.0,0.0,0.0,0.0,145,,Orthodox,,6,1,0,0,0,0,0,69,Thomas Longacre
4e30e4250cb08b61,3.58,2.45,1.76,0.1,115,61,Orthodox,"Jan 18, 1996",10,5,0,55,53,50,70,61,Loma Lookboonmee
1497e735d9f2560a,5.46,6.59,2.53,0.2,170,74,Orthodox,"Mar 18, 1993",10,5,,46,52,39,83,70,Ange Loosa
1f70dd67ad507990,0.0,0.0,0.0,0.0,185,,,"Oct 05, 1979",29,19,0,0,0,0,0,74,Lucas Lopes
8270c00fae24c922,2.37,3.33,2.5,1.5,135,,,"Sep 26, 1984",19,3,0,36,53,31,100,65,Dileno Lopes
f166e93d04a8c274,3.79,4.65,0.82,1.3,145,72,Orthodox,"Dec 30, 1994",28,8,0,47,46,46,68,71,Diego Lopes
0abcf6bc47191219,2.88,4.21,1.93,0.0,205,74,Orthodox,"Apr 24, 1993",14,3,0,43,54,21,100,74,Bruno Lopes
2aa481e98185e261,9.74,14.87,0.0,0.0,234,77,Southpaw,"Feb 17, 1993",6,2,0,41,45,0,0,74,Arthur Lopes
0db9d2486d564a3c,0.9,2.24,0.0,0.0,135,,Southpaw,,14,3,1,26,65,0,30,66,Ivan Lopez
6085ceb59087514b,1.39,2.69,0.0,0.0,155,,Orthodox,"Jul 30, 1984",13,6,1,24,62,0,37,71,Steve Lopez
9681e0ce67dc978b,1.78,5.35,0.0,0.0,139,,Orthodox,"Jan 04, 1984",10,6,0,23,30,0,0,64,Federico Lopez
ee624ee2a18f2a43,2.47,2.57,3.5,0.0,170,,Orthodox,"Nov 21, 1988",11,5,0,59,50,41,81,70,Jorge Lopez
5148a665aa527865,0.0,0.0,0.0,0.0,170,,,"Jan 30, 1986",9,1,,0,0,0,0,70,
2fc7e9701642ca38,3.13,3.73,3.32,1.3,135,69,Southpaw,"Jan 21, 1987",10,4,0,50,55,60,71,67,Matthew Lopez
773f7feacf96153e,4.39,5.18,0.0,0.3,135,73,Switch,"Apr 06, 1994",10,2,0,45,56,0,73,70,Benito Lopez
93b62c5f2ba18e51,2.48,3.87,1.74,0.7,135,67,Orthodox,"Jun 27, 1989",12,6,1,40,57,41,31,65,Gustavo Lopez
e3fc6c1fab298561,0.0,0.0,0.0,0.0,,,,"Sep 30, 1999",7,1,0,0,0,0,0,,
92b5f4ee9ff40321,2.0,32.0,0.0,0.0,205,77,Orthodox,"Jan 25, 1997",6,2,0,33,11,0,0,74,Alik Lorenz
1c01e9a0c44e3128,0.0,0.0,0.0,0.0,125,,,"Dec 07, 2000",7,1,0,0,0,0,0,,
b788862dd1c11eac,6.23,6.7,1.5,0.0,145,70,Switch,"Dec 05, 1989",17,3,0,63,53,30,92,70,Brendan Loughnane
cbf94e4c4af4ff6d,1.81,4.11,0.0,2.1,185,,Orthodox,"Jul 28, 1980",11,2,0,40,59,0,0,74,Nate Loughran
42ac4020cba261ad,4.73,5.2,3.0,0.0,135,68,Orthodox,"May 18, 1996",10,2,0,42,52,34,87,66,Caolan Loughran
e601d71cf8e5be22,0.0,0.0,0.0,0.0,155,,,,4,1,0,0,0,0,0,,
eea0274e153256a0,2.71,2.36,1.0,0.3,145,,Orthodox,"Sep 07, 1983",18,10,0,40,64,37,69,68,Ian Loveland
ad044be25c94dcfd,0.0,9.43,0.0,0.0,205,,Orthodox,"Dec 28, 1979",11,4,0,0,35,0,0,75,Jakob Lovstad
28f62d866c59c709,1.88,2.4,4.47,0.3,145,,Southpaw,"Oct 31, 1980",16,7,,55,53,55,83,67,Waylon Lowe
78ac94d54aa7f378,0.0,0.0,0.0,0.0,155,,,,2,1,0,0,0,0,0,,
86248c84834238e7,3.97,4.25,0.0,0.0,155,73,Orthodox,"Dec 12, 1989",9,2,0,34,63,0,0,71,Joe Lowry
a2d23e684b3db732,3.76,5.51,2.62,2.6,145,69,Orthodox,"Mar 01, 1994",8,5,,43,55,50,100,69,Lu Kai
dc1bfd47c3b21ad3,0.0,0.0,0.0,0.0,125,,,,12,7,0,0,0,0,0,,
96087e90d900f0ef,0.0,0.0,0.0,0.0,245,,,,0,1,0,0,0,0,0,74,Robert Lucarelli
668222c99c5c311d,1.27,3.93,1.0,0.0,205,,,"Dec 27, 1973",15,3,0,48,40,10,0,73,Matt Lucas
9bdebbf2735d14c2,0.0,0.0,0.0,0.0,155,,,,14,6,0,0,0,0,0,66,
1b35af4d1529adf6,5.2,3.04,1.3,0.3,115,65,Orthodox,"Dec 16, 1999",7,2,1,42,64,71,80,66,Stephanie Luciano
abcf2cc6efc42031,3.22,2.8,2.28,0.1,115,66,Orthodox,"Jan 08, 2002",18,6,0,45,62,55,68,63,Iasmin Lucindo
84ac950d4c1722dd,4.62,3.05,0.43,0.1,170,70,Orthodox,"Aug 04, 1978",21,14,0,44,57,25,59,70,Duane Ludwig
a1ad35b98a9136e5,3.72,3.32,5.3,0.0,135,72,Orthodox,"Aug 04, 1996",8,1,0,39,60,40,100,67,Lawrence Lui
e26882820f9e8df5,2.48,4.84,1.18,0.6,145,,Orthodox,"Jul 24, 1979",8,3,0,36,40,11,0,68,Mike Lullo
1fd9f744105024a8,3.27,3.0,0.0,0.0,125,72,Orthodox,"Aug 20, 1995",12,1,0,31,65,0,0,67,Juan Andres Luna
5b1effb0db45273a,0.65,6.2,0.0,0.0,125,62,Orthodox,"Jul 05, 1999",5,3,0,50,17,0,0,62,Paula Luna
faf317c665546a36,4.74,2.76,2.3,0.9,135,74,Orthodox,"Aug 06, 2004",8,1,0,53,67,71,57,69,Santiago Luna
ce632027bf2a871b,3.07,3.93,2.14,0.0,185,76,Orthodox,"Jul 31, 1987",11,6,0,45,52,45,77,68,Dalcha Lungiambula
4887e5bc4dbb73ff,3.61,7.22,0.0,0.0,385,,Orthodox,"Sep 03, 1974",14,4,0,66,40,0,0,72,Alexandru Lungu
6d4b63c767106d3a,4.8,5.24,0.89,0.7,185,75,Orthodox,"Nov 27, 1991",24,12,1,50,51,48,59,71,Vicente Luque
505934897b8b4824,0.0,0.0,0.0,0.0,210,,,,0,1,0,0,0,0,0,75,Thaddeus Luster
622f015c81a9b13a,0.41,2.42,1.95,0.7,185,75,Orthodox,"May 12, 1973",10,6,0,32,42,24,30,71,Travis Lutter
12630a4aa0894da8,0.0,0.0,0.0,0.0,185,75,Orthodox,"Nov 05, 1992",38,9,,0,0,0,0,73,
7832f2f62f04178f,3.74,3.25,1.99,0.2,145,72,Orthodox,"Jul 12, 1994",12,4,0,46,44,44,69,68,Tucker Lutz
5a4913108a3b9190,0.0,0.0,0.0,0.0,145,67,Switch,"Jun 25, 1993",16,6,0,0,0,0,0,68,
710d93f1508f7104,2.47,7.06,0.0,0.0,170,,Orthodox,,5,2,0,25,41,0,0,70,Stevie Lynch
edfe95e3c33a4bf8,1.47,6.95,0.0,0.0,155,,Orthodox,"Nov 16, 1977",17,10,,63,10,0,50,70,Adam Lynn
91acd6910b802a9e,3.76,3.03,0.7,2.4,170,68,Orthodox,"Aug 18, 1974",31,18,5,45,58,55,55,71,Chris Lytle
98a6b2361045898f,2.84,4.1,1.27,0.0,155,70,Orthodox,"Sep 09, 1988",16,11,3,41,54,53,33,71,Dong Hyun Ma
450bacdacd706bcd,0.89,2.98,0.0,0.0,155,70,Orthodox,"Apr 06, 1986",7,3,1,44,43,0,0,67,Pawan Maan
ed74afc8b5b47a61,4.92,3.96,1.85,0.0,170,75,Orthodox,"Jul 01, 1991",9,3,0,54,65,45,78,71,William Macario
2be6596a9db33bf5,1.55,2.7,1.43,2.0,185,80,Orthodox,"Jun 03, 1975",25,16,0,52,46,16,35,75,Jason MacDonald
f3388d2cf7ab3f64,1.8,2.04,7.19,5.4,205,78,Orthodox,"Sep 05, 1978",5,4,0,50,46,80,80,75,Rob MacDonald
cbd5d3cdd862e90e,3.75,2.8,1.77,0.4,170,76,Orthodox,"Jul 22, 1989",19,4,0,42,62,47,88,72,Rory MacDonald
35e1f9984ed64206,2.28,6.49,0.0,0.0,135,71,Switch,"Mar 18, 1993",10,2,0,29,45,0,0,71,Ryan MacDonald
39831e62d12e7ad1,1.33,1.82,1.05,0.0,170,,,,4,1,0,52,55,33,37,,
8cf90e41646491fd,4.13,2.93,0.0,1.0,125,,,,6,0,0,43,65,0,50,64,
a1a91dbf41a029c4,2.4,2.87,0.0,0.0,115,63,Orthodox,"May 06, 1996",8,3,,32,64,0,76,64,Valesca Machado
89839250eb25c9c1,5.82,2.87,0.0,0.0,250,78,Southpaw,"Jul 20, 1994",8,4,1,53,63,0,82,76,Caio Machado
442c9011034ae1fd,4.78,2.86,0.92,0.4,170,74,Orthodox,"Nov 17, 1997",17,1,0,54,52,31,80,75,Ian Machado Garry
f7a7f7118d4b01b6,2.59,1.57,1.21,0.4,185,74,Southpaw,"May 30, 1978",24,8,0,53,61,65,75,73,Lyoto Machida
cd7bafbeee1f29a0,2.32,3.17,1.16,0.0,170,,Orthodox,"Nov 30, 1981",14,5,0,60,43,50,40,71,War Machine
dedc3bb440d09554,0.0,0.0,0.0,0.0,185,,Switch,"Feb 09, 1969",26,18,0,0,0,0,0,69,Anthony Macias
e88b83dea18f5d31,0.8,4.6,2.0,0.0,115,64,Southpaw,"Jun 27, 1988",4,1,0,29,42,18,0,64,Pauline Macias
e25bcbcdaf6537a1,2.51,3.31,3.17,0.5,155,73,Orthodox,"Jun 20, 1978",14,6,0,46,66,33,89,71,Reza Madadi
68c7ad953455c73f,2.08,0.74,2.22,0.7,155,72,Southpaw,"Nov 12, 1990",9,3,1,52,67,25,80,72,Don Madge
a8d521d913df4e31,0.0,3.35,0.0,0.0,170,,Orthodox,,5,3,0,0,47,0,0,72,Ryan Madigan
cc63a5f0089d8ba9,2.31,9.56,0.0,0.0,135,71,Orthodox,"Aug 16, 1990",15,5,0,38,50,0,0,67,Victor Madrigal
7691a80e6ca3e55b,2.46,1.18,1.32,0.0,240,72,Orthodox,"Feb 12, 1980",8,2,0,41,81,71,70,72,Jon Madsen
da0995f19b749cfa,3.56,3.97,2.86,0.0,155,72,Orthodox,"Sep 23, 1984",12,2,0,49,52,66,62,68,Mark Madsen
a4bf17bd3ba3423b,2.36,2.55,2.93,0.7,139,68,Southpaw,"Oct 31, 1981",35,16,5,33,63,51,50,67,Yoshiro Maeda
8bbc0cfc01bc1ba1,4.55,4.38,2.12,0.4,155,70,Orthodox,"Apr 25, 1989",13,4,0,48,43,83,69,70,Leonardo Mafra
88a9bc81271ccd89,2.14,3.97,1.55,0.8,205,75,Orthodox,"Jul 02, 1984",14,9,,24,68,44,66,75,Vinny Magalhaes
1b583c64c23f0c7f,0.0,0.0,0.0,0.0,145,,,"Jul 30, 1971",2,1,0,0,0,0,0,,Vinicius Magalhaes
0c5c66ddd1886b83,2.27,2.78,1.05,1.6,185,73,Orthodox,"Dec 14, 1987",10,3,0,40,56,15,58,73,Caio Magalhaes
7a613f78dd7ee8f8,1.8,3.37,0.0,0.5,155,,Orthodox,"Apr 08, 1981",13,4,0,27,68,0,0,69,Bernardo Magalhaes
8db1b36dde268ef6,0.0,0.0,0.0,0.0,,,,,1,1,0,0,0,0,0,,Eric Magana
2015c944226ad2df,0.0,0.0,0.0,0.0,170,,Orthodox,,6,2,0,0,0,0,0,,Brandon Magana
bd878a638e0e3be3,1.53,4.92,0.4,0.4,115,65,Orthodox,"Aug 02, 1983",11,9,0,28,42,25,28,61,Angela Magana
84b3e7d38f2d2ec5,3.4,2.44,2.17,0.3,170,80,Orthodox,"Aug 03, 1987",31,15,0,46,51,39,55,75,Neil Magny
d16373b3568678d4,4.07,4.75,0.0,0.0,170,75,Orthodox,"Jun 10, 1990",10,2,0,41,41,0,0,73,Raimond Magomedaliev
e7e970d508529bf3,0.26,3.86,0.0,0.0,250,,Orthodox,"Jun 08, 1975",22,8,1,4,42,0,0,72,Ibragim Magomedov
7ea1f74cef32f906,4.4,3.05,0.67,0.2,155,70,Orthodox,"Nov 29, 1984",20,2,0,49,54,57,89,69,Rashid Magomedov
369e1ce458ef50a6,4.02,1.47,0.33,0.0,242,78,Orthodox,"Nov 26, 1986",14,1,0,47,66,100,88,75,Ruslan Magomedov
36b8f265bcd1b7a4,3.06,3.34,2.5,0.6,185,78,Orthodox,"Sep 02, 1990",29,7,1,48,56,59,100,74,Abus Magomedov
06734ca9d88dec3a,5.55,3.62,0.0,0.0,185,73,Orthodox,"May 16, 1994",17,1,0,62,45,0,73,74,Shara Magomedov
d436f5d55156a521,4.83,2.07,5.17,5.2,145,70,Orthodox,"Aug 26, 1999",11,0,0,48,81,50,0,69,Murtazali Magomedov
87aa9fb63d6b51a1,4.89,3.0,5.22,0.8,145,73,Orthodox,"Mar 01, 1991",18,1,0,48,64,56,77,73,Zabit Magomedsharipov
1a7745388839e52b,1.41,2.44,2.8,1.1,155,69,Southpaw,"May 19, 1983",24,9,0,41,65,46,77,69,John Maguire
fb0b6593cec84356,1.71,6.92,2.44,0.0,,,,,10,4,1,29,40,40,0,,Lolohea Mahe
118463dd8db16e7f,0.0,0.0,0.0,0.0,145,,,,1,2,0,0,0,0,0,,Michelle Maher
8c1ca54b5089d199,3.96,5.96,0.0,0.0,155,71,Orthodox,"Dec 01, 1999",10,5,0,31,51,0,47,72,Maheshate
ae58685caf8e4a0d,1.54,3.59,0.0,3.9,200,,Orthodox,"Feb 01, 1967",20,7,,85,17,0,0,75,Bill Mahood
7a9c1bb08a743d7f,1.53,1.02,3.83,7.7,125,,,"Nov 30, 1986",8,3,0,42,63,100,0,69,
427b5953ac8e3a27,1.8,2.07,2.49,1.0,170,72,Southpaw,"Nov 06, 1977",28,11,0,43,63,24,61,73,Demian Maia
8e1f36476ef02a6a,4.35,4.52,0.42,0.1,125,64,Orthodox,"Oct 06, 1988",21,10,1,38,55,27,58,64,Jennifer Maia
03b1b79b34eaf217,0.6,3.33,1.0,1.0,125,66,Orthodox,"Jul 25, 1990",7,1,1,36,43,33,0,65,Nayara Maia
b301292b1bc92bdb,0.0,0.0,0.0,0.0,135,,,,6,3,0,0,0,0,0,,
938ad489fb7a1f31,2.87,2.07,3.67,0.0,145,68,Orthodox,"Jan 07, 1989",15,2,1,54,61,42,85,68,Levan Makashvili
c21a036b4e012f1c,5.52,4.15,0.0,0.0,155,68,Orthodox,"May 03, 1985",18,9,0,49,68,0,86,68,John Makdessi
275aca31f61ba28c,2.45,1.45,3.1,1.0,170,70,Southpaw,"Oct 27, 1991",28,1,0,58,61,56,91,70,Islam Makhachev
3d481aa374c954a1,1.12,2.24,2.1,0.0,195,,Southpaw,"Feb 13, 1970",0,1,0,30,36,50,0,66,Aliev Makhmud
57ab4d7c0bc09a30,1.94,2.24,3.71,0.3,125,64,Southpaw,"Apr 19, 1983",20,8,0,43,62,30,56,64,Zach Makovsky
7f1bf0c255ec8756,2.75,4.25,3.5,0.2,125,70,Southpaw,"Feb 02, 1995",15,3,0,27,52,31,85,67,Azat Maksum
110404b505fb562c,0.0,0.0,0.0,0.0,155,,,"Mar 05, 1987",4,2,0,0,0,0,0,71,Jeremy Malaterre
1fb80f46d3c105d9,5.29,4.31,0.44,0.6,205,75,Orthodox,"Mar 17, 1980",23,11,0,58,53,57,61,73,Fabio Maldonado
e5ce754b01f922be,0.87,3.47,0.0,0.0,135,,,,2,4,,56,43,0,20,66,
b60c980f79b87ce8,6.84,6.96,0.0,1.1,135,74,Orthodox,"Aug 23, 1991",4,1,0,46,62,0,78,69,Bea Malecki
d38e8c6ae2dfc051,3.87,3.27,1.0,0.0,155,,,"May 16, 1986",28,4,0,34,69,33,0,68,Nazareno Malegarie
a314687f372b2cec,0.0,0.0,0.0,0.0,200,,Orthodox,"Jan 25, 1970",6,4,0,0,0,0,0,71,Carl Malenko
d4270315cbcf2569,4.23,2.33,5.39,0.8,185,73,Orthodox,"Aug 26, 1995",10,3,0,56,55,42,55,69,Jacob Malkoun
dd6103dd7127db1d,4.02,3.09,1.63,0.7,170,73,Orthodox,"Nov 07, 1991",14,2,1,48,56,50,57,73,Mike Malott
eefc73b53d4a05d7,0.0,0.0,0.0,0.0,,,,,0,0,0,0,0,0,0,,
725a834930c2b5bf,3.52,4.71,3.1,0.0,170,,Orthodox,"Feb 01, 1980",3,2,0,56,63,66,57,69,Troy Mandaloniz
6e9f40c706f91f32,3.14,3.88,0.68,0.7,125,72,Orthodox,"Jun 27, 1991",16,3,0,50,42,75,80,70,Nate Maness
9297ce6eee046f7a,1.94,4.52,19.35,0.0,155,,,,0,3,0,33,46,50,100,,
1c0ffc63d8ec8f45,0.0,0.0,0.0,0.0,135,,,,15,3,0,0,0,0,0,67,
122ae3b34275fbb2,1.36,0.27,0.0,1.6,145,69,Switch,"Aug 19, 2003",9,1,0,54,76,0,33,68,George Mangos
e5767ed355a937c2,3.52,2.64,0.33,0.0,185,,Orthodox,"May 11, 1976",30,14,,48,51,25,78,69,Melvin Manhoef
b6c6d1731ff00eeb,1.58,5.79,0.0,0.0,154,,Southpaw,"Dec 27, 1976",2,4,0,54,15,0,0,65,Melchor Manibusan
a0602dd050bebefc,1.13,4.33,1.0,0.0,170,,Orthodox,"Jul 07, 1986",9,4,0,20,45,7,20,73,Jon Manley
0eef1bf99afd4ff2,3.18,0.66,1.64,0.0,170,,,,12,5,0,70,57,100,60,73,
b6203e0492a9336c,1.47,5.08,1.9,0.4,115,64,Southpaw,"Mar 05, 1993",6,3,0,41,31,33,25,60,Marnic Mann
e192ebb85b68fa9e,4.69,4.76,0.0,0.0,155,73,Orthodox,"Nov 19, 1992",8,4,0,62,55,0,76,73,Dylan Mantello
a23e63184c65f5b8,2.53,2.67,1.0,0.0,135,,Orthodox,"Jul 21, 1987",9,7,2,40,66,20,100,69,Chris Manuel
1e1dbd1cc5a7469e,3.43,3.97,0.53,0.4,205,79,Orthodox,"Feb 18, 1980",17,6,0,54,49,18,70,73,Jimi Manuwa
530af2900b5a1693,3.43,2.31,1.84,0.3,155,75,Orthodox,"Mar 19, 2000",9,3,0,56,44,50,62,71,Dom Mar Fan
ff4c3ab594c7fac3,2.56,3.61,0.44,0.9,155,72,Orthodox,"Dec 03, 1977",13,6,0,33,58,11,20,69,Cristiano Marcello
850266b3dc4e506e,4.9,3.79,1.35,0.1,135,69,Orthodox,"Mar 07, 1993",18,1,,53,61,52,85,67,Daniel Marcos
b35ba64b6a2bbcb3,3.2,3.98,2.32,2.3,125,,Orthodox,"Jan 04, 1982",37,7,,53,52,27,33,65,Jose Maria
72e5e5a6edfa8223,0.25,2.11,0.0,0.0,155,76,Switch,"Oct 12, 1986",6,6,0,27,43,0,28,73,Marcos Mariano
23a6e307077c6ccc,1.43,3.0,2.5,1.0,170,,,"Sep 02, 1986",10,4,0,33,50,38,60,70,Enrique Marin
e0c6edcb5b5d0b90,4.14,2.66,2.34,0.2,145,69,Orthodox,"Oct 27, 1992",18,7,,55,52,39,59,67,Chepe Mariscal
bd21a1e3d41c97ee,2.17,2.43,3.13,0.5,185,75,Orthodox,"Apr 21, 1988",17,5,0,53,45,40,100,73,Ronny Markes
23a16ebe733e3041,1.98,10.27,0.0,0.0,170,71,Orthodox,"Mar 25, 1982",17,6,0,21,45,0,0,72,Rory Markham
4a57ebb14315b251,2.97,3.1,1.12,0.2,115,63,Orthodox,"Aug 10, 1985",11,12,1,43,58,28,52,64,Randa Markos
c7be22a47a58365a,5.0,3.0,7.5,0.0,125,69,Orthodox,"Nov 08, 1985",8,9,0,58,64,100,0,67,Christina Marks
d7fe8c6b7d2872e5,0.41,5.7,0.0,0.0,145,70,Orthodox,"Jan 12, 1996",8,3,0,50,28,0,0,69,Brendon Marotte
a8e6a69796280f17,2.71,2.32,1.87,0.8,185,74,Orthodox,"Apr 20, 1979",35,19,2,49,55,51,70,72,Nate Marquardt
687c15b2eddfaa63,1.44,2.52,3.93,0.8,205,77,Orthodox,"Dec 26, 1985",11,4,0,79,52,28,0,78,Danilo Marques
d0e1b42d41dab603,5.06,5.35,0.0,2.6,185,72,Orthodox,"May 08, 1990",9,6,0,45,50,0,54,74,Julian Marquez
aa03a3ca00ac6827,0.84,2.04,3.21,0.9,205,73,Orthodox,"Jan 26, 1981",16,6,,34,54,36,36,72,Carmelo Marrero
e8efeb9cf33b1941,0.0,0.0,0.0,0.0,,,,,3,2,0,0,0,0,0,,Cesar Marscucci
b6b12014698cc345,0.83,2.23,0.43,0.4,265,,Orthodox,"Sep 15, 1970",8,7,0,42,40,100,54,72,John Marsh
4c91eb190d5e0dd9,0.0,0.0,0.0,0.0,,,,,5,7,0,0,0,0,0,,
a08d909a5be6f410,1.93,2.39,0.47,0.9,205,77,Orthodox,"Jul 07, 1980",10,4,0,27,67,33,79,74,Eliot Marshall
0c1773639c795466,6.99,4.02,0.0,2.4,205,,Orthodox,"Sep 09, 1975",18,8,0,46,60,0,66,70,Doug Marshall
0a2813f89a758ff7,0.0,0.0,0.0,0.0,170,,,"Aug 24, 1984",8,4,0,0,0,0,0,74,David Marshall
5d495dec23d7c68e,3.19,3.45,2.71,0.5,155,72,Orthodox,"Mar 03, 1999",10,3,0,34,55,47,88,69,Francis Marshall
045f25b3a4c08e81,2.74,4.19,0.0,0.0,185,73,Orthodox,"Dec 19, 1989",23,10,0,25,56,0,20,72,Jack Marshman
6a92caba39b64752,2.82,3.13,3.1,0.0,185,71,Orthodox,"Oct 10, 1980",23,11,0,43,54,42,92,68,Terry Martin
abbc4fc02e0d84b3,0.0,0.0,0.0,0.0,,,,,0,1,0,0,0,0,0,,Eric Martin
3da19339ee7051d5,0.0,0.0,0.0,0.0,185,,,,4,3,0,0,0,0,0,72,Justin Martin
92c96df8bdab5fea,0.0,0.0,0.0,0.0,205,,,,0,2,0,0,0,0,0,72,Dave Martin
325550dab63fb25a,0.73,2.4,0.0,0.0,170,,,,6,8,0,40,45,0,16,69,Joe Martin
5331b25a60417ffb,2.68,2.59,0.71,1.0,170,73,Orthodox,"Dec 11, 1989",17,6,0,37,58,27,68,72,Anthony Rocco Martin
19b7738321cfae42,4.42,6.64,2.28,0.3,115,63,Orthodox,"Jan 29, 1994",7,5,0,48,55,43,25,64,Mallory Martin
9acf42aebe9bb895,2.45,4.29,0.0,0.0,230,,Southpaw,"Apr 19, 1990",7,1,0,53,51,0,0,74,Michal Martinek
e3b30b573e7f0d19,8.8,9.3,2.0,0.0,135,71,Orthodox,"Aug 20, 1995",17,2,0,58,47,33,100,68,Adrian Luna Martinetti
577ec7e108b94be3,0.0,0.0,0.0,0.0,199,,Orthodox,,0,2,0,0,0,0,0,72,Rainy Martinez
8a9c6c4301f6d088,2.73,3.77,3.0,0.0,125,67,Orthodox,"Jun 14, 1985",21,8,0,28,63,45,36,66,Danny Martinez
feffee4fc6da3aa3,3.07,7.33,0.0,0.0,155,,,"Apr 22, 1984",42,20,1,27,52,0,0,70,Alonzo Martinez
76729a829623e266,2.79,4.01,0.0,0.0,155,69,Southpaw,"Aug 07, 1983",9,4,0,25,60,0,80,67,Henry Martinez
f2477cf43c4975cc,4.44,4.09,0.38,0.1,135,70,Southpaw,"Apr 20, 1994",19,6,0,49,56,35,68,68,Jonathan Martinez
8851bb0418d27d28,2.88,2.16,1.54,9.2,145,,,"Aug 19, 1983",29,11,0,50,51,33,50,69,Poppies Martinez
f8c2aba4815876b5,3.4,2.3,1.5,0.0,215,,,,9,6,0,31,47,50,0,69,Andrew Martinez
c0386644627a7ee5,4.33,4.94,0.72,0.5,135,70,Orthodox,"Mar 25, 1996",10,4,0,48,50,42,25,70,Mana Martinez
3e708ce33b6b18e6,7.53,7.75,0.67,0.0,155,70,Orthodox,"Jul 17, 1991",13,7,0,51,52,33,80,67,Victor Martinez
2c5a0b8317f8f27a,3.28,4.9,0.38,0.4,250,72,Orthodox,"Mar 04, 1986",15,8,2,53,56,50,53,70,Roque Martinez
3f4c3bc822bea45d,3.78,5.21,0.35,0.0,115,66,Southpaw,"Aug 18, 1997",8,2,0,47,53,50,50,62,Melissa Martinez
f77afa72da84c9a8,2.53,3.6,5.0,0.0,115,62,Orthodox,"Sep 14, 2004",8,0,0,44,41,45,100,61,Julieta Martinez
9a97acbfd5a08bfa,4.82,2.9,0.6,0.0,135,67,Orthodox,"Aug 03, 1998",14,1,0,46,69,25,100,65,David Martinez
563d051c9e769b24,1.91,5.43,2.2,0.0,390,,Orthodox,"May 19, 1978",9,8,,37,42,100,100,79,Wagner da Conceicao Martins
7dcf06c1967801c1,1.8,2.14,0.83,0.4,155,72,Southpaw,"Dec 16, 1982",28,9,0,38,65,80,81,70,Adriano Martins
7413b80dbb0f8f9f,2.87,4.14,0.0,0.5,145,72,Southpaw,"Nov 11, 1988",19,3,0,35,60,0,76,72,Lucas Martins
69d3fa376ff2595e,0.0,0.0,0.0,0.0,155,,,,1,1,0,0,0,0,0,,Max Martyniouk
a17322f99ddfd8e9,1.42,4.4,1.6,0.0,170,75,Orthodox,"Apr 20, 1982",16,10,0,21,47,33,14,73,Bristol Marunde
c046100aea0dba9a,1.4,0.27,0.0,0.0,139,,Orthodox,"Apr 24, 1983",12,9,1,63,55,0,54,67,Shoji Maruyama
aa1a873d05acc7eb,3.83,2.23,4.79,0.0,155,72,Orthodox,"Jul 19, 1992",11,7,0,41,53,33,100,71,Kazuma Maruyama
6dedfe07640a9acc,0.68,3.88,0.0,0.0,205,74,Southpaw,"Jun 07, 1996",3,1,0,20,15,0,100,72,Islem Masraf
5b2d7906aa894274,2.08,3.59,2.74,1.4,185,73,Southpaw,"Nov 01, 1982",13,9,0,45,54,24,50,74,Mike Massenzio
883922e5cd6d8473,1.91,2.62,0.67,0.7,145,72,Orthodox,"Sep 12, 1984",26,9,0,54,55,15,50,70,Jameel Massouh
ca743f96dd2063d5,3.53,2.58,3.06,0.0,115,65,Orthodox,"Jul 31, 1994",2,1,0,62,50,60,0,63,Tiffany Masters
47b9e0e7703a4868,4.05,3.05,1.38,0.3,170,74,Orthodox,"Nov 12, 1984",35,17,0,47,64,59,72,71,Jorge Masvidal
eec3fe66a8b11a26,7.84,6.7,0.0,0.0,205,67,Orthodox,"Feb 23, 1994",8,3,0,46,58,0,0,68,Al Matavao
3a524c6700addc24,3.2,3.43,0.0,0.0,125,,Orthodox,"Feb 27, 1986",13,8,0,34,69,0,16,67,Tateki Matsuda
4c33b3d37955aa85,1.83,2.67,1.5,0.5,115,64,Orthodox,"Dec 15, 1994",8,1,0,51,52,37,0,63,Arisa Matsuda
cd42bbe8887bba90,0.84,1.69,1.83,0.4,200,,Orthodox,"Dec 05, 1972",13,29,7,45,55,30,43,69,Daijiro Matsui
56cc76c55cee8410,0.0,0.0,0.0,0.0,125,65,Orthodox,"Sep 08, 1999",6,1,0,0,0,0,0,66,
2fb6f197d1fbc779,1.9,3.5,0.0,0.0,145,,,"Mar 07, 1986",15,3,1,26,31,0,0,67,Koichiro Matsumoto
ffd3224638c01b57,5.35,5.29,2.85,0.5,135,68,Orthodox,"Sep 09, 1999",18,2,0,38,49,42,56,66,Jean Matsumoto
5ad226da6c74a48e,2.7,2.83,9.0,0.0,145,66,Orthodox,"Oct 08, 1992",13,6,0,47,59,52,33,67,Koyomi Matsushima
990060b2a68a7b82,3.3,2.2,1.5,0.0,155,,Orthodox,"Mar 31, 1976",12,16,11,32,63,100,0,66,Naoki Matsushita
18e4f61f16f458c6,5.11,4.96,0.0,0.0,185,,,"Jan 23, 1988",8,7,0,52,51,0,100,71,AJ Matthews
a845f0735bc67405,3.36,2.58,1.36,0.7,170,73,Orthodox,"Aug 19, 1994",23,8,0,44,60,41,66,71,Jake Matthews
36e78278a77006d4,4.82,6.06,3.24,0.7,145,71,Switch,"May 31, 1992",7,4,0,43,55,55,46,68,Connor Matthews
6e2b1d631832921d,0.0,3.53,0.0,0.0,185,,Orthodox,,5,4,0,0,0,0,0,,Claudio Mattos
c933d423ebdbbbdb,0.0,0.0,0.0,0.0,400,,Orthodox,,1,4,0,0,0,0,0,74,John Matua
d3b5ad3b15a64a18,0.0,0.0,0.0,0.0,,,,,0,1,0,0,0,0,0,,Francesco Maturi
ccdd90bd1fc7dab6,1.9,1.62,3.25,0.1,205,74,Orthodox,"Jan 04, 1971",27,8,0,44,59,46,70,72,Vladimir Matyushenko
f29a6350c69f4a33,3.22,2.25,2.16,0.4,125,65,Southpaw,"Jul 01, 1997",17,6,0,44,61,40,45,63,Miranda Maverick
12585614e0ed2626,1.93,2.64,4.16,0.2,185,76,Southpaw,"Dec 23, 1997",8,2,0,45,46,45,35,72,Nick Maximov
a16ce18149021139,2.07,2.4,0.0,1.0,145,,Orthodox,"Dec 16, 1978",7,4,0,60,53,0,50,68,Elaina Maxwell
c32fdfe75cda5b22,0.0,0.0,0.0,0.0,185,,,"Oct 23, 1986",13,10,,0,0,0,0,73,
2c6e81426dd7573c,1.52,3.29,0.91,0.0,255,,Switch,"Apr 14, 1981",9,3,0,38,33,33,20,80,Jack May
1a9480fc288e55d7,3.22,3.61,0.59,0.0,260,81,Orthodox,"Jan 16, 1992",11,9,,43,46,38,46,78,Don'Tale Mayes
7d96bc577e5178b2,1.92,2.64,2.91,0.7,155,70,Orthodox,"May 09, 1979",13,7,,32,66,47,81,69,Gray Maynard
1b41c21d947d6f2f,1.92,3.2,3.2,2.1,125,,,,0,1,0,34,63,60,0,67,
016a8d958883167c,3.73,3.52,4.34,0.2,125,68,Southpaw,"Aug 19, 1988",7,6,0,50,50,52,33,66,Gina Mazany
70d2329a92864fdb,6.1,4.35,0.65,0.2,125,70,Orthodox,"Mar 25, 1997",9,4,0,43,57,80,59,67,Sabina Mazo
7b3c13fe33556a21,1.83,0.75,3.23,0.0,205,75,Orthodox,"Sep 23, 1997",4,1,0,44,65,50,0,75,Francesco Mazzeo
7e7d81bf162a5ec1,0.0,1.33,0.0,0.0,155,,Orthodox,"Aug 23, 1983",14,7,0,0,50,0,0,68,Scott McAfee
ef6f45095119d416,2.56,1.03,0.0,7.7,,,Orthodox,,1,3,0,83,50,0,33,,Bobby McAndrews
443f60bec7c3c3d5,4.08,5.85,1.85,1.2,155,,Orthodox,"Mar 09, 1986",8,3,0,48,40,42,30,73,Michael McBride
701e057d63c124d9,3.59,3.25,2.08,0.0,125,64,Orthodox,"May 07, 1984",13,5,1,39,67,30,88,65,Ian McCall
51018a31ddf31eb2,5.28,4.65,1.78,0.5,115,62,Orthodox,"May 04, 1990",14,8,0,49,62,36,38,64,Molly McCann
da97d6c97d09c030,0.18,4.03,2.67,2.7,185,71,Orthodox,"Aug 06, 1980",10,5,0,12,56,60,0,70,Charles McCarthy
9508cc6184cb2450,2.92,3.05,0.64,0.0,185,77,Southpaw,"May 09, 1990",11,4,1,46,45,100,68,72,Eric McConico
008dc37cca279def,0.85,2.48,2.12,4.2,265,81,Orthodox,"Jul 17, 1976",17,7,0,44,52,40,33,79,Sean McCorkle
2a9f9db24cd032ba,6.93,4.53,6.0,2.0,125,62,Southpaw,"Mar 15, 1990",9,2,0,51,60,42,50,64,Danni McCormack
b43620395f655046,6.2,2.47,1.0,0.0,185,73,Switch,"Dec 09, 1997",7,1,0,55,53,50,0,75,Paddy McCorry
e431ed30fc027c77,0.0,0.0,0.0,0.0,155,,,"Sep 07, 2001",8,1,0,0,0,0,0,,
baed16f18348908e,2.69,2.57,2.88,0.0,170,76,Orthodox,"Sep 24, 1981",8,5,0,45,54,55,38,72,Kris McCray
eff47295daf721a6,2.07,1.6,2.28,2.5,185,76,Switch,"Nov 05, 1986",14,5,0,49,46,50,33,76,Tamdan McCrory
11e3fd7546359fc5,2.47,2.84,0.46,0.0,155,69,Orthodox,"May 26, 1977",19,8,0,36,59,100,68,69,Rob McCullough
75f871836d41f90f,1.58,2.02,1.28,0.0,225,73,Orthodox,"Feb 18, 1976",11,5,2,37,46,44,43,73,Justin McCully
5cafbc97dba2e797,1.64,1.98,0.93,1.4,185,75,Southpaw,"May 03, 1983",28,10,0,44,56,50,50,75,Robert McDaniel
d52ef694108f8235,0.0,0.4,0.0,0.0,205,,Orthodox,"Feb 06, 1965",1,1,0,0,50,0,0,71,Michael McDonald
08ae3100bf2100ed,0.0,0.0,0.0,0.0,,,,,1,0,0,0,0,0,0,,
d0314416a7f26527,2.69,2.76,1.09,1.4,135,70,Orthodox,"Jan 15, 1991",17,4,0,42,57,66,52,69,Michael McDonald
b507a76087e3ed9f,0.8,3.4,9.0,0.0,185,,,,9,5,,57,33,50,0,,Josh McDonald
a3f8356ace5e3eb5,5.1,4.0,0.0,1.0,115,,,"Aug 13, 1991",2,1,0,45,43,0,100,67,
49c29e57d4e2be6f,4.59,12.79,0.0,0.0,205,,Orthodox,"Jan 04, 1980",6,4,0,26,41,0,0,78,Justin McElfresh
1fd4fbdcc67de844,5.13,4.56,1.42,0.7,185,72,Southpaw,"Jul 27, 1978",12,7,0,51,52,100,56,72,Drew McFedries
e4e0993befecdaf8,1.28,1.92,0.51,2.5,205,,,"Oct 04, 1982",12,2,0,48,50,100,0,78,
d90b630e0561818b,2.2,2.31,0.65,0.0,265,,Orthodox,"Nov 20, 1976",13,5,0,29,59,25,83,82,Gan McGee
523fa774700d7d3f,4.5,3.65,1.78,0.5,170,75,Orthodox,"Dec 12, 1984",23,14,0,36,60,24,70,71,Court McGee
c0ac37a4a1133da9,5.44,3.64,0.24,0.2,135,69,Orthodox,"May 07, 1990",11,2,0,43,56,11,90,68,Marcus McGhee
1f9c371c93dfd3a9,1.27,2.2,0.0,0.0,170,,,"Sep 27, 1986",12,0,1,20,52,0,44,71,Ryan McGillivray
856ec65948b7d234,2.22,2.22,0.0,0.0,185,,Orthodox,"Jan 17, 1980",13,7,0,29,57,0,0,72,Ryan McGivern
237187ed9f419285,0.0,0.0,0.0,0.0,,,Orthodox,,1,4,0,0,0,0,0,,Jack McGlaughlin
f4c49976c75c5ab2,5.32,4.66,0.67,0.1,155,74,Southpaw,"Jul 14, 1988",22,6,0,49,54,55,66,69,Conor McGregor
00a905a4a4a2b071,0.79,1.36,5.09,0.0,155,,Orthodox,"Apr 21, 1980",6,4,0,30,41,50,0,70,Greg McIntyre
3414b50b08a10600,1.37,0.74,1.47,0.0,155,,Southpaw,"Mar 12, 1970",29,6,2,45,74,33,57,68,Antonio McKee
f3ec0214794a699e,2.75,0.92,11.01,11.0,145,,,,8,0,0,32,80,100,100,70,
f748267c4ab6c127,4.71,7.15,0.0,0.0,170,78,Orthodox,"Sep 10, 1995",14,7,1,40,47,0,47,74,Rhys McKee
3351aa64aa83c4d9,2.94,3.68,2.0,0.4,115,58,Orthodox,"Jul 11, 1999",8,4,0,38,46,47,75,63,Cory McKenna
9ca265dfe8323db3,1.37,2.96,0.0,2.1,185,74,Orthodox,"Jul 21, 1982",14,9,0,54,44,0,28,72,Tim McKenzie
7be63795363029e8,1.74,2.5,2.5,2.5,155,72,Switch,"Dec 16, 1987",16,10,0,34,67,25,14,72,Cody McKenzie
809bd1a871491508,6.53,3.45,3.31,2.1,155,73,Switch,"Sep 15, 1994",18,8,0,55,43,40,72,70,Terrance McKinney
6488729da7ac1c79,0.0,0.0,0.0,0.0,155,,,"May 12, 1984",6,2,0,0,0,0,0,69,Brian McLaughlin
8336d7a85ce45481,0.0,0.0,0.0,0.0,145,,,"Jun 03, 1977",6,7,0,0,0,0,0,65,Jason McLean
f215cfbd4ba3c270,3.56,2.94,1.15,0.9,185,72,Southpaw,"Sep 01, 1982",13,6,0,54,45,22,34,73,Garreth McLellan
7be74a12d7352df2,2.26,1.92,4.38,0.5,135,66,Orthodox,"Sep 24, 1980",13,6,0,46,47,65,50,66,Sara McMann
6b0a6def604de298,9.87,5.54,0.0,0.0,145,74,Orthodox,"Dec 15, 1997",10,0,0,53,58,0,83,72,Tommy McMillen
cac08b8685387ca5,3.94,4.33,0.52,1.1,230,77,Switch,"Oct 24, 1980",15,15,0,55,42,33,100,76,James McSweeney
acd8a53f7c0ce85e,0.0,0.0,0.0,0.0,,,,,3,0,0,0,0,0,0,,Charles McTorry
3eeec2f53cebdf12,6.51,3.37,0.0,1.2,185,77,Southpaw,"Mar 25, 1999",7,2,0,69,23,0,0,76,Jackson McVey
7b03d9df5910917d,3.36,0.0,0.0,21.6,185,,,"Jan 14, 1983",15,37,0,77,0,0,100,73,Daniel McWilliams
4b47e71384a9522f,5.04,3.65,1.14,0.2,170,75,Orthodox,"Feb 20, 1984",33,17,,49,60,40,64,74,Tim Means
813550bc53b15fb0,4.36,5.67,0.33,0.7,155,75,Orthodox,"Sep 07, 1987",15,8,,37,47,50,73,70,Yancy Medeiros
2937cb502dda0808,3.64,5.0,0.0,0.0,145,,Orthodox,"May 01, 1988",19,10,0,44,47,0,0,66,Anistavio Medeiros
263af068bd986548,2.06,0.29,4.41,4.4,115,,,,8,5,0,70,83,100,0,63,
e2be0c1a9b886d92,5.46,4.58,0.23,0.0,155,69,Orthodox,"Nov 30, 1996",11,1,1,58,52,8,82,70,MarQuel Mederos
681399317dbf4701,5.59,3.42,0.34,0.0,170,71,Southpaw,"Apr 25, 1993",13,3,0,60,56,50,55,73,Uros Medic
b60391da771deefe,0.0,0.0,0.0,0.0,193,,Southpaw,"Apr 30, 1970",11,9,,0,0,0,0,70,Todd Medina
f53fb9d9e57cc38e,0.0,0.0,0.0,0.0,180,,,,21,15,1,0,0,0,0,69,Jason Medina
103b06d8707895a9,2.52,2.53,0.25,1.0,170,74,Switch,"Aug 20, 1988",9,5,,39,38,33,47,71,Emil Meek
27c59ac201539d10,0.71,4.47,7.06,0.0,265,75,Orthodox,"Apr 05, 1994",1,1,0,42,38,25,0,77,Sanford Alton Meeks
6ac9bc2953c47345,2.95,3.44,1.7,1.5,185,77,Southpaw,"Dec 18, 1987",37,22,0,45,53,29,40,73,Gerald Meerschaert
c0a93b52096b7682,1.14,5.32,0.0,0.0,185,,Southpaw,,2,3,0,21,54,0,0,70,Frank Megallon
6c7dafd03b6cc3f8,1.93,4.53,1.0,0.0,205,,,"May 30, 1985",19,9,0,14,48,16,0,76,Derrick Mehmen
41dca66f9dadfc86,0.33,7.29,0.0,0.0,205,,Orthodox,,3,5,0,12,24,0,0,,Miika Mehmet
2aa49b3766a59bcd,3.35,2.55,1.56,0.2,170,73,Orthodox,"Oct 10, 1989",31,12,0,44,69,58,66,72,Jordan Mein
6eae26c44e505775,3.49,6.98,0.0,0.0,170,,,,3,1,0,62,50,0,0,73,
eee7dafac7d672b5,4.18,3.64,2.02,0.0,170,,Orthodox,"May 28, 1982",7,3,0,49,64,100,66,68,Brian Melancon
2b06b6ad5db63348,0.84,0.56,0.0,0.0,155,,Southpaw,"Mar 24, 1983",25,25,0,26,63,0,25,71,Brandon Melendez
aa5b4eff51bdc7d1,3.44,2.53,1.64,0.2,145,73,Orthodox,"Apr 12, 1982",22,8,0,33,63,41,71,69,Gilbert Melendez
64b8561624d3b15e,0.0,0.0,0.0,0.0,155,,,"Aug 08, 1997",11,0,0,0,0,0,0,66,
672ef06fd9f41f7d,0.0,0.0,0.0,0.0,170,,Southpaw,,1,0,0,0,0,0,0,67,Marcelo Mello
8a028648f3f0761d,0.86,3.94,0.0,0.0,155,,Southpaw,"Jun 28, 1975",11,8,0,35,50,0,0,65,Fabio Mello
9b7dfb3b7d99926a,3.48,6.13,0.0,0.0,135,65,Orthodox,"Mar 27, 1988",11,8,0,30,59,0,71,65,Vanessa Melo
3795fca327cbcf23,1.34,6.85,2.51,0.0,205,77,Southpaw,"Apr 19, 1981",18,13,0,47,22,50,100,75,Antonio Mendes
b5b684eac99ae0a3,2.78,2.35,4.13,0.3,145,66,Orthodox,"May 01, 1985",18,5,0,49,67,55,100,66,Chad Mendes
3d5b1ce6097dbb49,2.42,3.91,1.75,0.0,135,65,Orthodox,"Mar 03, 1983",6,2,0,34,56,33,80,66,Augusto Mendes
49e49b54e5901d0d,1.71,3.43,0.0,0.0,185,,,"Jan 16, 1984",8,3,,33,11,0,0,70,Eddie Mendez
48812daf291a4e23,1.66,4.14,2.54,0.4,125,71,Orthodox,"Jan 17, 1999",10,3,0,40,30,27,55,66,Mateus Mendonca
28200bc87367614f,0.0,0.0,0.0,0.0,155,,,,0,1,0,0,0,0,0,,Luis Mendoza
2d85fcb4468c30d7,3.47,2.67,3.0,0.0,115,62,Orthodox,"Mar 29, 1996",23,8,0,50,53,100,100,64,Meng Bo
869d68b5383131fd,0.0,0.0,0.0,0.0,125,68,Southpaw,"Feb 15, 1988",13,0,0,0,0,0,0,67,
a495f599e787614f,3.84,3.81,0.48,0.2,205,76,Orthodox,"Oct 18, 1987",18,6,1,53,51,31,78,72,Alonzo Menifield
5755960ebd0b16f6,2.78,2.76,0.56,1.0,145,64,Orthodox,"May 30, 1982",25,12,0,37,65,28,38,66,Ivan Menjivar
275cafc9de131c83,1.84,1.99,0.46,2.5,170,,Orthodox,"Jul 29, 1974",45,17,2,44,42,50,57,70,Dave Menne
3bc27ec15facbcf3,0.0,9.51,0.0,0.0,185,,Orthodox,"Dec 06, 1977",9,13,,0,42,0,0,71,Steve Mensing
36120738148f203f,0.0,0.0,0.0,0.0,185,,,"May 17, 1982",3,3,0,0,0,0,0,74,Buck Meredith
c1135a6892e916db,2.63,2.11,7.89,7.9,170,,,,5,3,0,50,55,100,100,74,
2f6dc878d653c442,0.0,0.0,0.0,0.0,,,,,0,0,0,0,0,0,0,,
e82d5f54daa85a7e,1.53,0.73,0.0,0.0,170,,Orthodox,"Mar 07, 1984",7,2,0,58,66,0,68,72,Joe Merritt
eff9074bc066f0f2,4.52,1.27,3.57,3.6,135,67,Orthodox,"Apr 07, 1991",8,0,0,57,71,75,0,64,Bia Mesquita
5bdcbd8dd681a257,1.74,0.27,4.02,2.0,185,,Orthodox,"Jul 09, 1981",13,7,0,59,60,66,100,73,Jeremiah Metcalf
5823ceab56741617,3.47,1.43,0.58,0.0,170,,Switch,"Aug 04, 1987",8,1,0,50,69,33,58,75,Jonathan Meunier
3623bd267a2eef2e,1.43,1.62,1.06,1.4,145,71,Orthodox,"Feb 04, 1981",21,11,,41,64,20,18,69,Yaotzin Meza
946f341df6472ee0,2.3,1.36,0.39,0.0,200,,Orthodox,"Jan 01, 1968",30,14,2,32,72,50,88,73,Guy Mezger
8f003ef7e0d9a139,5.67,7.53,2.0,1.0,145,70,Orthodox,"Jun 25, 2004",7,1,0,44,48,16,100,69,David Mgoyan
f782f953bfe7b5f2,3.85,3.64,1.08,0.7,170,77,Southpaw,"Mar 05, 1999",10,1,0,43,56,42,66,72,Jonathan Micallef
f5e4ce11afbdfb61,0.0,0.0,0.0,0.0,185,,,"Nov 20, 1982",4,14,0,0,0,0,0,69,Brandon Michaels
79325a3c1a5c3bf4,2.9,3.57,1.12,0.0,170,76,Orthodox,"Jul 18, 1988",13,6,0,51,44,27,50,72,Andreas Michailidis
49f4b511932f71e9,3.25,4.45,2.53,0.7,155,,Orthodox,"Nov 10, 1988",11,3,0,43,54,58,77,69,David Michaud
f903967fd320da38,3.03,9.7,0.0,0.0,145,,Orthodox,"Jul 10, 1983",30,21,,27,48,0,0,69,Chris Mickle
a36a14985a57a1c6,5.56,4.72,0.7,0.0,155,74,Southpaw,"Aug 21, 1976",15,3,0,53,54,12,100,72,Zachary Micklewright
5b5b9c6f6f270369,0.7,2.89,0.0,0.0,220,,Orthodox,"Jul 30, 1974",6,10,0,43,49,0,0,73,Kristof Midoux
f62850b3c7480db9,0.0,0.0,0.0,0.0,185,,,,0,5,0,0,0,0,0,68,Keith Mielke
2b284840ca89876a,1.6,1.73,2.0,1.0,185,,,"Feb 14, 1988",5,3,0,61,48,28,0,73,Chris Mierzwiak
a6fa5dd90528e9f7,0.0,0.0,0.0,0.0,170,,,,9,9,0,0,0,0,0,68,
d6285cba1d1052e0,1.23,5.95,0.0,0.0,205,73,Orthodox,"Mar 30, 1980",10,6,0,35,47,0,33,71,Bojan Mihajlovic
3c48019bc387b80c,0.0,1.25,0.0,0.0,170,,Orthodox,"Apr 28, 1978",2,2,0,0,33,0,0,70,Billy Miles
cedfdf8d423d500c,1.79,1.66,1.96,1.0,170,,Orthodox,"Mar 09, 1968",29,7,2,45,63,100,54,70,Pat Miletich
f1928a52590c5532,3.86,2.95,0.43,0.0,170,76,Orthodox,"Dec 01, 1987",17,5,0,46,61,100,57,74,Curtis Millender
18aecaf50f52e4c3,1.61,1.93,3.62,0.6,185,,Orthodox,"Feb 20, 1979",16,0,0,54,50,25,100,71,Phillip Miller
b2f88c04c4dd43ce,1.83,2.3,1.31,1.3,185,,Orthodox,"Dec 24, 1980",23,10,,43,49,28,43,73,Jason Miller
d0c29452d3272603,2.03,3.06,1.67,1.8,185,74,Orthodox,"Jun 30, 1981",14,8,,36,49,54,47,73,Dan Miller
d1941565abf50b16,2.92,3.43,1.49,1.7,155,71,Southpaw,"Aug 30, 1983",39,19,,42,56,45,47,68,Jim Miller
282fa667ff9c51ed,3.0,3.88,0.6,1.8,145,73,Orthodox,"Apr 26, 1984",21,11,,33,59,36,38,73,Cole Miller
45a2ba3ef82b9700,1.25,2.16,0.55,0.0,270,,Southpaw,"Jul 16, 1969",6,16,,36,54,25,60,67,Henry Miller
3ff0d0dc7a14bb50,1.33,2.15,0.98,2.0,145,,Orthodox,"Feb 14, 1987",20,8,,33,54,37,21,72,Micah Miller
a4d055f1435d6d75,0.0,0.0,0.0,0.0,145,,,,14,10,,0,0,0,0,69,
39019970ac8543e9,1.87,1.33,4.0,0.0,135,72,Orthodox,"Aug 10, 1992",6,0,0,45,60,80,0,68,Mo Miller
aa0c573da7119292,2.65,4.14,2.16,1.2,125,66,Orthodox,"May 07, 1996",5,4,0,39,44,29,44,67,Juliana Miller
0859524157a19045,7.16,4.65,0.0,0.0,170,77,Orthodox,"Jun 04, 2000",7,0,,38,64,0,75,74,Ty Miller
2b6a37a97541a4fd,2.11,11.23,0.0,0.0,185,72,Orthodox,"Oct 31, 1995",8,3,0,20,48,0,0,69,Trent Miller
f2c934689243fe4e,0.0,3.36,0.0,7.2,185,,,"Aug 04, 1967",0,2,0,0,22,0,0,73,Eddy Millis
6cadfd8f1d9e7685,2.08,2.87,1.18,0.0,170,76,Orthodox,"Sep 29, 1982",16,10,,52,43,66,58,73,Che Mills
eabece0edc2d62ca,0.0,0.0,0.0,0.0,135,,,"Aug 08, 1996",8,1,0,0,0,0,0,,Nina Milosevic
72ffecf712673af1,3.85,4.79,0.0,0.0,205,76,Orthodox,"Jul 03, 1987",8,4,0,46,43,0,64,75,Adam Milstead
4b1d46a1b5c0fd11,3.23,3.7,1.85,0.0,170,77,Orthodox,"May 02, 1982",13,1,0,38,47,20,50,72,Alberto Mina
56c975c4a2b357a5,0.0,0.0,0.0,0.0,249,,,"Feb 06, 1985",20,0,0,0,0,0,0,74,
9f2c07bd65fde55c,1.45,5.38,0.0,0.0,135,65,Orthodox,"Sep 10, 2000",6,1,,52,36,0,53,65,Yunosuke Minami
20d37922ba85e6fc,1.02,3.57,0.0,0.0,155,69,Orthodox,"Sep 27, 2003",7,1,0,61,26,0,64,69,Artur Minev
1ccaeae54725d897,1.62,6.49,0.0,0.0,185,78,Orthodox,"Oct 28, 1998",7,1,0,33,52,0,0,75,Mario Mingaj
34e516ab361afb1c,2.63,2.28,2.4,2.7,145,69,Orthodox,"Apr 28, 1990",26,14,0,65,35,72,66,67,Darrick Minner
c8aa3541bec4042e,0.0,0.0,0.0,0.0,,,,,0,0,0,0,0,0,0,,
ce6065baef021cf3,0.88,1.66,1.82,1.9,181,,Orthodox,"Jan 12, 1976",60,42,8,40,49,41,5,69,Ikuhisa Minowa
40d8b74488743800,3.5,4.97,0.0,0.0,170,75,Orthodox,"Apr 26, 1993",10,3,,40,50,0,58,70,Carlton Minus
d28dee5c705991df,4.67,4.01,1.74,0.0,240,80,Orthodox,"Aug 19, 1982",20,5,0,52,52,34,65,76,Stipe Miocic
1ff9589f9065a9ed,2.18,3.84,2.02,2.0,264,79,Southpaw,"May 24, 1979",18,11,0,47,38,40,54,75,Frank Mir
be8ad887e4d674b0,0.0,0.0,0.0,0.0,155,,,,7,5,0,0,0,0,0,,Juan Miranda
df2bf09c99594848,1.96,2.46,1.02,0.0,185,74,Orthodox,"Jul 12, 1979",14,7,0,54,36,60,54,75,Mario Miranda
4bcb6eb12b4ad4aa,2.98,2.95,0.95,0.2,185,77,Orthodox,"Mar 10, 1979",12,5,0,45,58,55,50,73,Vitor Miranda
b909a9a9688b5284,3.23,6.01,4.75,1.9,145,71,Orthodox,"Mar 25, 1990",17,8,0,43,37,38,0,71,Gabriel Miranda
d458266c796643e2,0.0,0.0,0.0,0.0,185,,,"Jan 03, 1999",9,2,0,0,0,0,0,,
992c82450d96f726,0.84,9.86,0.0,0.0,185,,Orthodox,"Aug 02, 1974",9,4,0,50,35,0,0,72,Damir Mirenic
5e7a28f20927d64a,2.85,2.74,0.72,0.6,183,,Orthodox,"Apr 25, 1976",25,11,,40,63,38,51,68,Kazuo Misaki
3f87218a7aca84c4,3.27,7.73,0.0,0.0,145,,Southpaw,"Mar 07, 1988",9,5,0,40,46,0,0,68,Toby Misech
b14a68c533f4a4aa,1.06,1.22,2.47,1.4,155,,Southpaw,"Apr 19, 1972",21,7,2,41,52,40,25,67,Dokonjonosuke Mishima
6cbb7661c3258617,0.0,0.0,0.0,0.0,,,Orthodox,,2,7,0,0,0,0,0,,Felix Lee Mitchell
8f3df4c579cfbb69,1.74,2.06,0.66,2.0,170,75,Orthodox,"Oct 24, 1979",22,7,0,32,55,50,29,72,David Mitchell
c06d554ce1713fd3,2.53,2.53,0.0,3.0,170,,Orthodox,"Aug 08, 1986",19,9,1,49,52,0,100,74,Danny Mitchell
7263e0dc082adc87,1.15,4.2,0.0,1.9,145,,,"Oct 10, 1974",4,2,,33,52,0,100,71,
3d960455f880bb25,1.63,0.0,0.0,4.1,185,,,,1,2,0,85,0,0,100,74,
d9c6f19f958643e9,2.19,1.51,3.12,1.3,135,70,Southpaw,"Oct 04, 1994",19,4,0,59,58,36,38,70,Bryce Mitchell
568bebed6366b667,3.8,3.54,0.0,0.0,145,,Orthodox,"Jun 29, 1987",11,2,0,55,60,0,100,69,Maurice Mitchell
f3ca6908f78efebe,2.21,8.85,3.69,0.0,135,74,Orthodox,"Dec 30, 1989",14,4,0,34,41,50,0,70,Terrence Mitchell
2961be02cfb0d2c1,0.26,2.7,1.93,1.9,170,,Orthodox,"Sep 04, 1978",8,3,0,16,43,100,25,70,Roman Mitichyan
ba280572acfba13f,3.55,2.79,0.0,0.7,265,82,Switch,"Jul 15, 1978",12,5,0,50,64,0,55,75,Matt Mitrione
2b4faacc16d66898,1.49,2.26,2.3,1.6,145,,Southpaw,"Jan 01, 1976",18,9,2,49,45,36,20,67,Eiji Mitsuoka
509697e08673d2e5,2.12,2.12,2.23,0.6,170,71,Orthodox,"Sep 22, 1981",12,7,0,34,58,50,69,69,Hiromitsu Miura
f64e4ecd214c6378,0.0,0.0,0.0,0.0,168,,,"Nov 09, 1980",7,4,0,0,0,0,0,72,Jonathan  Mix
2cfba6c837c03ed0,5.3,7.3,2.5,0.0,135,70,Southpaw,"Aug 16, 1993",20,3,0,43,43,62,0,71,Patchy Mix
f1a9c0998c683782,4.56,6.78,0.0,0.0,135,68,Orthodox,"Jan 27, 1998",7,1,0,60,45,0,53,70,Ryuho Miyaguchi
c9885b1b7c7055a0,1.67,0.93,4.0,2.0,139,,Southpaw,"Jul 20, 1981",17,9,7,65,33,80,0,67,Tomoya Miyashita
af70d268e5352186,2.04,1.82,4.31,0.0,139,,Orthodox,"Jan 29, 1976",15,9,0,52,63,46,68,68,Kazuyuki Miyata
9649d75defe0dedb,1.23,3.91,0.0,0.0,168,,Southpaw,"Apr 23, 1985",7,3,0,28,61,0,0,71,Motoki Miyazawa
48e093ea1f43a053,3.37,3.27,1.46,0.1,135,69,Orthodox,"Dec 16, 1983",21,11,2,37,57,57,70,67,Takeya Mizugaki
43a59ce3bb40449e,4.45,4.65,0.75,0.0,115,65,Orthodox,"Aug 19, 1994",16,6,0,52,49,33,80,63,Mizuki
478c8706bdb92440,2.25,3.52,1.19,3.6,205,,Southpaw,"Jun 02, 1981",16,12,1,37,53,25,40,73,Tatsuya Mizuno
4498b382c65a7faa,3.35,5.7,1.35,0.1,125,69,Orthodox,"Sep 24, 1982",25,21,0,30,51,23,30,67,Roxanne Modafferi
d76ad9a08c4408ff,3.41,3.15,2.74,1.4,145,73,Orthodox,"Jun 01, 1990",13,5,,39,61,66,66,70,Bobby Moffett
65239fccecd03404,0.0,0.0,0.0,0.0,135,,,,1,1,0,0,0,0,0,,
04c15b52c3cc1cab,3.79,2.5,0.45,0.0,155,72,Orthodox,"Mar 03, 1983",9,7,0,41,74,50,71,69,Nate Mohr
b6452706b373eea1,4.1,3.55,1.68,0.6,155,72,Orthodox,"May 21, 1989",21,7,1,49,59,40,64,71,Renato Moicano
d945aae53e3e54e6,2.52,4.4,1.37,1.1,155,70,Orthodox,"Mar 23, 1995",19,10,0,42,52,29,52,69,Thiago Moises
75353550928a7921,1.61,1.35,5.29,0.8,125,70,Orthodox,"Jul 30, 2000",13,0,,45,57,41,25,67,Muhammad Mokaev
e9bc5748e6a76bb6,1.95,3.66,0.54,0.0,125,67,Southpaw,"Sep 15, 1985",13,3,0,43,43,16,33,66,Ashkan Mokhtarian
192520689012c7e4,2.21,6.85,0.0,0.0,145,72,Orthodox,"Jun 13, 1992",8,5,0,43,48,0,0,68,Suman Mokhtarian
606136dee6f6ecea,0.0,5.58,0.0,20.9,216,,,"Jun 14, 1984",13,9,0,0,60,0,0,70,Dan Molina
008ea710276c9606,7.25,5.04,0.0,0.0,125,69,Orthodox,"Jul 17, 1997",11,2,0,48,55,0,66,66,Jeff Molina
02d276b7d62b3472,0.0,0.0,0.0,0.0,195,,Orthodox,"May 17, 1973",0,3,0,0,0,0,0,70,Rudyard Moncayo
a8e133139286df84,1.67,9.76,0.0,0.0,168,,Orthodox,"Oct 23, 1973",18,11,4,25,34,0,0,72,Hidetaka Monma
cbfd1d34356a004c,0.97,2.87,1.06,0.7,247,74,Orthodox,"Jan 18, 1971",60,26,1,30,59,12,66,69,Jeff Monson
bffeb123b21c9aad,1.92,5.38,0.72,1.4,125,67,Southpaw,"Nov 03, 1987",13,5,0,25,52,25,33,66,Darrell Montague
ca80d72da81d7224,2.77,2.47,3.5,0.0,135,68,Southpaw,"Nov 25, 1993",8,0,0,48,41,53,0,69,Michelle Montague
72c9c2eadfc3277e,0.0,0.0,0.0,0.0,185,,,,9,12,1,0,0,0,0,,Andrew Montanez
4e30f2761b6bd3b5,0.0,0.0,0.0,0.0,265,,,"Aug 25, 1996",6,1,0,0,0,0,0,,
94508d80e1f885fc,3.46,2.66,0.0,0.0,170,73,Orthodox,"Oct 25, 1984",15,3,0,46,56,0,66,73,Augusto Montano
8163cd7de0342652,2.79,2.06,2.29,0.0,170,73,Orthodox,"Nov 19, 1985",7,5,0,44,64,36,66,72,Erick Montano
1de9ad94de18eeaf,5.6,4.43,2.25,0.4,135,65,Southpaw,"Dec 16, 1988",5,3,0,41,64,54,69,65,Nicco Montano
3e38b1ea16bd4d86,3.93,8.33,1.0,1.0,145,70,Orthodox,"Jul 02, 1995",17,5,,49,33,33,66,67,Antonio Monteiro
8b1b051038354655,4.27,5.67,1.0,0.0,125,67,Orthodox,"Jun 18, 1999",6,2,0,40,48,25,100,66,Sofia Montenegro
a112097ad877a48f,5.26,4.44,0.0,6.8,145,69,Orthodox,"May 31, 1994",12,1,0,60,60,0,77,67,Alberto Montes
6e92eb1242b46636,4.85,4.12,0.0,0.0,185,,Southpaw,"Dec 19, 1990",9,5,0,39,47,0,64,76,Steve Montgomery
c06a9b48d4132c8e,2.39,3.86,0.0,0.2,170,71,Switch,"Apr 10, 1988",9,5,0,48,40,0,79,70,James Moontasri
e56df3c1d8b4b1cc,0.68,0.68,5.07,0.0,205,,Orthodox,"Nov 27, 1971",26,9,2,50,0,66,0,70,Homer Moore
e31502e3f79d00c5,1.83,2.3,0.78,0.0,170,71,Southpaw,"Dec 30, 1983",16,7,0,26,57,14,54,69,Todd Moore
518e5202a91980d4,2.21,2.87,1.23,0.0,170,,,"Apr 06, 1983",8,4,0,25,42,16,25,72,Nate Moore
831de97afe326478,0.0,0.0,0.0,0.0,125,,,,0,2,0,0,0,0,0,64,
26927dab41dbd5fc,0.2,2.07,0.0,0.0,135,70,Southpaw,"Oct 16, 1993",10,5,0,75,42,0,25,70,Taylor Moore
1bcaac2d99b90fce,2.42,3.73,1.2,0.4,170,72,Orthodox,"Jul 23, 1982",14,6,1,42,59,38,75,72,Sergio Moraes
fea79f9bc8c68769,3.37,4.53,0.87,0.3,135,67,Orthodox,"Apr 26, 1988",23,10,1,40,54,41,46,66,Marlon Moraes
0d62719b1dcf7c40,3.0,3.64,0.0,0.0,145,72,Orthodox,"Oct 11, 1990",11,4,0,42,63,0,53,68,Sheymon Moraes
92437c6775b3f7d1,2.57,2.55,0.62,1.1,125,66,Orthodox,"Mar 20, 1984",19,7,0,43,56,23,44,66,John Moraga
2dc7f1762dc0a7ef,2.86,2.39,0.0,0.0,270,,Orthodox,"Feb 26, 1967",10,4,1,37,53,0,0,80,Ricardo Morais
45230be0641f3f53,2.05,2.05,0.0,0.0,135,,Southpaw,"Dec 22, 1992",6,2,0,47,58,0,62,68,Leonardo Morales
544d7460b3e44393,3.81,3.96,0.91,0.2,135,72,Orthodox,"May 25, 1991",7,4,1,35,56,35,70,69,Albert Morales
2fe9032955c2e013,2.0,2.05,1.14,3.0,125,69,Switch,"Aug 22, 1994",15,2,0,40,57,42,26,66,Joseph Morales
37098a6e6c27fb66,3.54,3.91,0.71,0.5,135,70,Orthodox,"Nov 12, 1990",16,11,0,37,54,47,63,67,Vince Morales
a0e6753c42698f13,3.42,3.18,0.46,0.0,155,73,Orthodox,"Oct 17, 1985",11,4,0,40,58,100,63,71,Omar Morales
c32aeb1a59e6272d,5.68,3.26,1.04,0.0,170,79,Orthodox,"Jun 24, 1999",19,0,0,49,53,41,89,72,Michael Morales
abe2e048a04d22cf,0.0,0.0,0.0,0.0,125,,,"Feb 04, 1996",14,3,0,0,0,0,0,,
539ed332b3078821,2.28,3.58,0.67,0.8,135,67,Orthodox,"Apr 30, 1988",6,8,0,34,50,21,33,67,Sarah Moras
80779d7441af1b52,2.82,2.46,3.26,2.2,260,81,Orthodox,"Sep 08, 1986",8,3,0,34,46,66,50,78,Christian Morecraft
df85d6ec3493d120,0.0,0.0,0.0,0.0,195,,Southpaw,"Jul 03, 1961",2,2,0,0,0,0,0,71,Joe Moreira
9147679e1a4ad4a3,1.17,1.83,0.0,0.0,185,,Orthodox,"Mar 31, 1984",7,4,0,28,67,0,100,74,Richardson Moreira
6a125ba3ec37e27e,5.93,6.33,4.0,0.0,135,,Orthodox,"Jan 14, 1981",8,3,0,42,48,57,0,66,Gisele Moreira
acb36c908d415c4a,3.15,5.07,1.97,1.3,205,76,Orthodox,"Feb 28, 1989",9,5,0,59,43,18,0,76,Vinicius Moreira
2e2cdb6e9eb84bb9,1.26,2.08,5.56,0.0,145,,Orthodox,"Nov 09, 1979",9,1,0,40,48,100,100,67,Jesse Moreng
792be9a24df82ed6,3.84,3.64,1.36,0.4,125,70,Orthodox,"Dec 07, 1993",23,10,2,44,59,39,65,67,Brandon Moreno
bb2eee4fb3259c01,1.27,1.07,0.0,0.0,185,,,,6,5,0,51,58,0,44,72,Mike Moreno
66e98b3bb5fc5250,2.67,3.56,1.25,0.4,155,73,Southpaw,"Nov 21, 1986",13,6,0,43,43,27,45,72,Dan Moret
2067a177a2842fbf,1.05,3.74,1.43,0.5,170,,Orthodox,"Sep 28, 1981",18,12,0,22,40,20,0,70,Sammy Morgan
92b36014314b028b,2.27,8.2,0.0,0.0,135,,,"Dec 16, 1979",4,4,0,23,33,0,50,73,Peggy Morgan
938ea36fe9c269f0,3.71,2.78,0.0,0.0,145,71,Orthodox,"May 14, 1991",11,5,0,44,47,0,0,70,Alexander Morgan
cdb96af67d096b1e,4.9,4.88,0.32,0.3,170,72,Orthodox,"Aug 16, 1990",24,13,,39,55,24,47,71,Alex Morono
b4192a975027aab6,4.42,4.89,0.7,0.6,125,67,Orthodox,"Sep 08, 1991",11,6,0,33,51,24,42,67,Maryna Moroz
2f6a993c7f547c13,3.01,2.97,3.63,0.0,135,67,Orthodox,"Jun 14, 1989",19,5,0,43,61,31,68,66,Sergey Morozov
6803d4d6908354ac,0.5,6.95,0.0,0.0,205,,Orthodox,"Nov 01, 1979",10,6,0,62,27,0,0,74,Brad Morris
be9d259be012e8a4,0.0,0.0,0.0,0.0,210,,Orthodox,,2,1,0,0,0,0,0,70,Scott Morris
dab0e6cb8c932162,1.7,0.49,0.0,0.0,145,,Orthodox,"Mar 29, 1984",20,12,,33,80,0,50,67,Anthony Morrison
38fccd44d669bb2f,0.0,19.31,0.0,0.0,205,,,,0,3,0,0,40,0,0,71,Jack Morrison
4dc496aa0cfc0d95,0.0,0.0,0.0,0.0,275,,Orthodox,,6,12,0,0,0,0,0,77,Harry Moskowitz
b15862fcd6ded451,0.8,1.13,0.0,1.0,125,69,Orthodox,"Apr 15, 1995",8,2,0,41,54,0,50,64,Carlos Mota
a5fa51a81d0c5ed9,1.27,4.2,3.0,1.0,115,63,Southpaw,"May 18, 1994",8,5,0,27,57,30,0,62,Miki Motono
5da4e8dc02e50ac0,0.0,0.0,0.0,0.0,190,,Switch,"Dec 07, 1965",3,4,0,0,0,0,0,72,Juan Mott
37f560436d745c18,4.13,5.28,0.0,0.0,155,70,Orthodox,"Feb 08, 1993",15,6,,38,52,0,83,69,Nikolas Motta
ab35634d1a8c7a11,0.67,0.0,0.0,0.0,183,,Open Stance,"Jan 26, 1976",19,7,0,16,0,0,0,71,Flavio Luiz Moura
de594b35c45c2e9a,2.57,2.5,3.58,0.4,125,67,Orthodox,"Feb 28, 1994",12,2,0,37,58,34,80,66,Eduarda Moura
232c582f29f8f65e,3.75,1.21,1.59,1.1,185,76,Orthodox,"Aug 01, 1985",42,6,2,50,68,60,59,74,Gegard Mousasi
9c27f3217891f3f0,3.35,9.36,0.0,0.0,135,68,Southpaw,"Aug 09, 1992",14,8,0,33,30,0,30,67,Kris Moutinho
ae922e7d9e852d7a,2.3,1.93,1.67,1.7,135,,,,8,3,0,33,62,42,50,65,
882d62561063a927,4.51,4.0,1.0,0.0,115,65,Orthodox,"Mar 17, 1989",4,3,0,51,65,21,50,61,Jamie Moyle
e92901944ce91909,0.43,4.07,0.0,0.0,205,74,Orthodox,"Oct 26, 1994",19,13,0,18,13,0,33,75,Askar Mozharov
d0c325dfefdde31f,0.0,0.0,0.0,0.0,135,,,"Jan 29, 1989",3,3,0,0,0,0,0,69,
f923e012414c883e,4.08,3.77,0.7,0.0,125,67,Orthodox,"Nov 15, 1991",5,3,0,41,58,50,71,65,Lauren Mueller
b1b0729d27936f2f,4.36,3.92,1.98,0.1,170,72,Orthodox,"Jul 09, 1988",24,6,,42,55,35,90,71,Belal Muhammad
2252b2c892397f0d,0.54,0.0,0.0,8.0,135,,,,4,2,0,16,100,0,0,,
16af2d5a6f28bee2,1.48,2.09,1.36,0.0,155,,Orthodox,"Sep 20, 1984",18,4,0,28,51,20,33,75,Quinn Mulhern
8d5350fa18b79e9a,2.4,3.47,0.0,0.0,243,73,Orthodox,"Feb 20, 1988",11,2,0,31,42,0,25,70,James Mulheron
af9f42e6894047fc,4.1,4.28,2.46,0.1,155,74,Orthodox,"Aug 17, 1994",18,9,0,46,54,30,70,72,Jamie Mullarkey
1a49e0670dfaca31,0.0,0.0,0.0,0.0,215,,Southpaw,,0,2,0,0,0,0,0,73,Jim Mullen
bd532e9a2b93870c,3.67,4.15,2.2,0.0,135,68,Orthodox,"Jul 23, 1991",7,3,0,49,53,46,85,67,Melissa Mullins
a59bc10f5e9f5fbb,6.1,5.96,0.0,2.1,145,70,Switch,"Sep 18, 1998",9,3,0,44,52,0,100,65,Ananias Mulumba
6bd02119599741a4,5.38,6.29,0.48,0.5,135,65,Orthodox,"Sep 07, 1986",20,10,,41,55,16,82,66,Pedro Munhoz
886264a0c9f4ea5e,2.08,2.46,3.98,1.1,185,78,Southpaw,"Feb 17, 1990",24,8,0,48,51,48,35,73,Andre Muniz
179f1948dc234f1f,3.12,2.26,3.17,0.6,185,71,Orthodox,"Feb 09, 1978",14,6,0,51,57,29,57,72,Mark Munoz
f8f1ec513bcfef43,3.7,4.73,3.0,0.0,155,72,Switch,"Feb 27, 1990",7,2,0,42,55,40,100,69,Alexander Munoz
f6bcbd91b114ff58,2.44,2.66,2.4,1.8,135,71,Orthodox,"Feb 16, 1993",12,4,0,36,55,25,45,69,Johnny Munoz
fd0b4e3eb18eafb7,2.6,2.87,1.0,0.0,185,,,,15,2,0,76,32,20,42,69,
c3dd69333eb8085a,2.6,2.2,1.0,0.0,145,72,Southpaw,"Dec 21, 1993",6,0,0,36,61,100,55,70,Olivier Murad
ea7e5bc78d9de658,4.21,2.57,3.03,0.2,185,75,Orthodox,"Feb 08, 1990",26,8,,43,61,66,77,74,Makhmud Muradov
cfbccfed4e4796fe,0.0,0.0,0.0,0.0,220,,Orthodox,"Nov 29, 1973",5,5,0,0,0,0,0,73,Kazunari Murakami
e3a6c6d6d0ac0815,0.84,1.89,4.74,3.2,183,,Orthodox,"Aug 27, 1976",8,3,1,36,50,50,100,68,Ryuichi Murata
e0b0cf71e0d69dd0,2.15,2.4,3.38,0.8,115,62,Orthodox,"Aug 10, 1993",12,3,0,56,53,56,100,61,Kanako Murata
9b6dcc335ad03696,0.0,0.0,0.0,0.0,155,,,,9,2,0,0,0,0,0,,
3a51f8d30900b580,5.38,1.45,6.54,1.1,135,65,Orthodox,"May 15, 2001",8,0,0,63,47,46,0,64,Kasib Murdoch
4b90384d7c3519b8,1.21,7.17,0.0,0.0,145,64,Orthodox,"Mar 21, 1991",12,4,,21,40,0,0,66,Vince Murdock
6f4d199c0adc06f5,1.5,0.5,6.01,1.5,170,75,Orthodox,"Aug 28, 1999",11,0,0,75,44,66,0,73,Samandar Murodov
62918a2118de08b2,2.5,0.17,7.51,2.5,227,,Southpaw,"Nov 19, 1974",8,0,0,71,84,85,0,74,Tom Murphy
de25520d54eab12d,0.0,1.93,4.13,0.0,185,,Orthodox,"Jun 14, 1985",1,1,0,0,30,100,0,73,Ian Murphy
1b5c146ee7b86e34,3.93,8.85,0.0,0.0,260,,Orthodox,"Aug 09, 1977",6,4,0,66,43,0,0,75,Jon Murphy
729d4bd5a6cd0a97,3.94,5.19,1.09,0.2,125,67,Orthodox,"Jul 27, 1983",16,7,0,38,56,24,67,65,Lauren Murphy
eca7e064746c161a,3.4,0.8,0.0,1.0,170,,,,5,3,0,66,42,0,50,72,Patrick Murphy
396fe87b84ac2e1c,4.34,2.65,1.2,0.5,145,73,Orthodox,"Jul 22, 1991",17,1,1,51,60,54,44,69,Lerone Murphy
32016899d0a222a3,0.36,3.28,0.9,1.8,185,,Orthodox,"Sep 12, 1977",8,2,,15,32,100,42,75,Lee Murray
d0147e906106cd2e,2.38,7.72,0.0,0.0,205,78,Orthodox,"Jan 26, 1993",8,4,0,28,43,0,0,75,Jesse Murray
231cae8b77fbbcc1,4.8,0.4,7.5,0.0,185,76,Orthodox,"Jul 15, 1993",14,2,0,69,78,100,33,72,Khalid Murtazaliev
e90a2f22417af68e,4.4,3.2,0.68,0.2,205,71,Southpaw,"Apr 12, 1989",16,1,0,56,56,20,88,70,Azamat Murzakanov
723b64c0e9a8f348,3.19,4.39,0.9,0.5,135,74,Southpaw,"Oct 10, 1998",8,2,0,45,36,50,81,68,Josias Musasa
ae81a3ac7b260411,1.84,1.74,2.3,0.0,155,69,Orthodox,"Dec 15, 1989",23,6,0,46,50,60,50,69,Tofiq Musayev
8b5f9ea38184ded3,3.56,3.8,1.16,0.2,170,75,Orthodox,"Apr 05, 1986",13,5,,35,57,19,82,72,Nicholas Musoke
d0d43cb9b14f231c,0.0,10.59,0.0,0.0,242,,Orthodox,,11,5,0,0,35,0,0,75,Andre Mussi
31d7446b184e3305,2.59,2.68,3.31,0.4,155,71,Orthodox,"Aug 02, 1988",14,4,0,58,41,50,23,68,Magomed Mustafaev
f4c40f8a64d3151d,8.2,13.0,0.0,0.0,155,,Orthodox,"Nov 07, 1987",6,3,0,50,45,0,0,72,Max Mustaki
28c55b4087a6f136,3.41,4.27,0.0,0.0,185,72,Orthodox,"Jul 19, 1986",15,6,1,40,38,0,81,72,Elvis Mutapcic
062e57ca1a3c95a8,1.44,5.45,0.0,0.0,145,,,"May 13, 1977",6,3,0,27,34,0,0,64,Fiona Muxlow
2719f300b0439039,3.16,3.16,0.0,0.0,168,,Orthodox,"Nov 01, 1986",13,5,1,16,83,0,0,71,Ho Bae Myeon
d5ae8074631762fc,1.05,1.5,0.98,0.0,154,,Southpaw,"Oct 31, 1973",6,7,3,19,63,28,28,67,Katsuhiko Nagata
e49c2db95e572dc8,1.45,14.46,0.0,0.0,225,,Orthodox,"Apr 24, 1968",0,2,0,40,4,0,0,72,Yuji Nagata
342422bb6ced1e8d,0.41,2.69,0.0,1.2,210,,Orthodox,"Oct 18, 1983",1,3,0,50,37,0,0,73,Greg Nagy
47e0b5833e6bc91a,1.93,2.27,0.0,0.0,185,,,"Jun 20, 1989",1,1,0,51,39,0,37,,
8d11d9c13e2ccdf7,2.51,3.35,1.49,0.2,145,70,Orthodox,"Aug 07, 1994",13,4,0,40,44,30,68,69,Muhammad Naimov
7be328bb3c2ea22e,1.54,5.13,0.0,0.0,205,,Orthodox,"Feb 28, 1977",15,6,2,33,60,0,0,73,Yukiya Naito
50c469e0cb73be10,1.22,5.33,1.67,0.0,185,74,Orthodox,"Apr 26, 1996",6,1,0,44,28,9,0,72,Yura Naito
7a9ca95a92d7b64c,2.68,1.9,0.0,0.4,185,,Orthodox,"Mar 12, 1983",5,4,2,44,57,0,72,73,Andrews Nakahara
f9ae6914f604aa9f,1.57,3.9,3.0,0.5,135,,Orthodox,"Oct 22, 1986",19,2,1,33,60,18,75,61,Rin Nakai
b034747dc1d15491,1.56,1.83,1.73,0.6,205,70,Orthodox,"Jul 16, 1979",21,13,0,37,59,36,42,71,Kazuhiro Nakamura
65ddc8a9ac4e8531,2.23,3.2,1.65,0.3,170,73,Southpaw,"May 22, 1984",34,10,,36,58,48,63,71,Keita Nakamura
a196332ee4aa8a82,0.94,1.38,0.46,3.6,154,,Orthodox,"Jun 10, 1980",28,19,1,30,61,40,30,67,Daisuke Nakamura
03e8df49c4a059ba,1.72,3.67,0.0,0.0,145,,,"Jun 21, 1986",14,4,1,45,55,0,83,65,Yusaku Nakamura
d8c811df0386d5e8,3.27,1.72,2.58,1.4,135,68,Southpaw,"Mar 23, 1995",10,1,0,52,63,81,100,67,Rinya Nakamura
3618e0632ecdba9c,4.48,4.28,0.0,0.0,145,70,Southpaw,"Dec 02, 1998",8,1,0,41,63,0,78,70,Keiichiro Nakamura
eb9446a4f44e19cf,1.1,1.57,3.0,0.0,135,66,Orthodox,"Jul 28, 1996",12,4,0,44,45,37,0,66,Tokitaka Nakanishi
95eb112a85601a0a,0.53,1.06,0.38,0.0,170,,Southpaw,"Nov 30, 1970",25,19,4,38,44,50,56,69,Jutaro Nakao
e18012194473e8b0,1.73,2.06,2.69,0.5,220,,Southpaw,"Jun 25, 1972",9,3,,35,64,46,0,72,Yoshihiro Nakao
8f4528c10bd34fab,8.26,5.03,0.0,0.0,155,75,Orthodox,"Jul 26, 1989",14,4,,58,54,0,100,72,Mandel Nallo
a00ec21cfbba17b6,3.53,2.0,1.33,0.3,145,,Orthodox,"Jul 16, 1981",18,8,1,51,48,16,57,69,Yui Chul Nam
6e00cfffd54653c4,3.87,4.97,0.0,0.0,125,68,Orthodox,"Oct 06, 1983",21,14,1,33,65,0,87,67,Tyson Nam
47b63240018d5d86,3.5,3.38,1.47,0.3,125,65,Orthodox,"Jun 29, 1992",15,8,0,41,63,48,62,65,Rose Namajunas
6083f497c22cc075,0.14,3.65,2.11,4.2,205,,Orthodox,"Oct 27, 1974",25,16,4,50,38,25,0,69,Yasuhito Namekawa
776a58a67665a171,3.33,3.0,1.92,0.0,145,70,Orthodox,"Apr 14, 1987",12,4,0,42,58,41,70,68,Nad Narimani
3a12a2f096a6d975,2.12,3.32,0.0,0.9,185,,Southpaw,"Sep 09, 1983",8,3,0,37,64,0,50,75,Roger Narvaez
307064d3e0f036c2,2.94,4.63,0.0,0.8,185,,Orthodox,"Mar 18, 1981",11,6,0,38,55,0,55,70,Fabio Nascimento
253076a23d03dcd0,3.2,2.53,1.04,0.9,125,69,Orthodox,"Sep 11, 1991",22,7,0,51,53,20,41,68,Allan Nascimento
d31a5546c0e9b213,3.71,4.34,1.02,0.5,246,80,Orthodox,"Nov 26, 1992",11,3,,47,44,37,60,74,Rodrigo Nascimento
4b85abc5abbe657c,2.42,2.56,0.0,0.0,170,70,Orthodox,"Nov 19, 1998",13,1,0,48,57,0,66,68,Jefferson Nascimento
7dfb56f24fe5ddea,3.42,3.95,2.37,1.6,170,74,Orthodox,"Mar 26, 1990",8,4,0,37,51,33,100,72,Bobby Nash
d41937647eae9a34,0.0,0.0,0.0,0.0,205,,Orthodox,,0,1,0,0,0,0,0,71,Reza Nasri
769fa803bf9d2e3b,1.03,0.29,2.2,0.0,205,71,Orthodox,"Oct 06, 1991",9,1,0,87,75,50,40,72,Nasrudin Nasrudinov
154a6b3ffae264cd,1.3,1.73,3.0,1.5,230,,Southpaw,"Jun 26, 1970",5,6,0,43,50,60,0,72,Pawel Nastula
0dba4df5f34d5ff0,3.1,2.48,2.55,0.5,185,77,Orthodox,"Dec 25, 1982",21,9,1,47,57,34,77,72,Rafael Natal
0c258d1d8e16e5f1,2.68,4.29,3.66,0.0,135,70,Orthodox,"Apr 02, 1993",9,4,0,34,47,50,83,66,Kevin Natividad
6a96ad1bc34fb113,3.66,1.75,1.48,0.2,185,74,Orthodox,"Aug 18, 1996",25,8,0,52,64,40,73,70,Ismail Naurdiev
618f72750ec50b05,3.83,4.62,2.17,0.0,155,,,"May 27, 1983",17,7,0,32,57,25,100,70,
52f7d300738961ac,0.0,0.0,0.0,0.0,155,,,"Sep 17, 1978",14,14,0,0,0,0,0,72,
6aae253467e8f9ce,5.57,4.11,0.76,0.0,185,77,Orthodox,"Oct 14, 1994",6,4,0,52,54,57,64,72,Tafon Nchukwi
e503aa5c252a1b4d,2.08,2.66,0.0,1.7,145,69,,"Sep 12, 1986",25,21,,32,56,0,0,69,Dustin Neace
0b534765dca35e71,0.0,0.0,0.0,0.0,185,,,,5,11,0,0,0,0,0,72,Josh Neal
5751267660c734cb,1.87,3.8,0.0,0.0,135,,,"Jul 29, 1986",6,2,0,19,66,0,0,66,
b997be68943010fc,5.02,5.5,0.54,0.1,170,75,Southpaw,"Aug 28, 1990",16,8,0,50,57,45,87,71,Geoff Neal
1d4bbaabd8b60173,3.33,5.39,2.77,0.0,205,71,Orthodox,"Dec 09, 1981",12,2,,43,43,41,0,71,Stanislav Nedkov
d1a1314976c50bef,3.29,3.63,1.09,1.3,170,72,Orthodox,"Mar 24, 1983",36,16,1,46,58,34,46,71,Josh Neer
8c57c7b8c3bab0eb,3.58,5.56,1.02,0.0,205,78,Orthodox,"Sep 04, 1994",13,2,0,41,39,28,62,72,Nicolae Negumereanu
13e62d766b709aa6,0.0,0.0,0.0,0.0,240,,Orthodox,,2,1,0,0,0,0,0,72,Steve Nelmark
2db7fa8db6bc9632,1.38,2.84,1.31,1.6,155,70,Southpaw,"Nov 29, 1984",16,7,0,31,61,18,54,69,Shane Nelson
3f7c14c7eca7195d,2.18,4.79,1.14,0.1,263,73,Orthodox,"Jun 20, 1976",22,14,0,36,46,27,65,72,Roy Nelson
fd55393021a8c255,1.77,3.06,2.0,1.0,170,72,Switch,"Jul 28, 1988",19,6,1,61,48,52,68,71,Gunnar Nelson
31f8081c7600da93,3.6,4.58,1.18,0.5,155,71,Switch,"Apr 20, 1991",17,7,1,45,53,23,66,71,Kyle Nelson
f4db63258ecf0613,0.0,0.0,0.0,0.0,145,,,"Aug 05, 1987",6,4,0,0,0,0,0,62,
1209b5134401ca53,1.89,1.89,2.84,0.0,229,,Orthodox,,13,5,0,50,70,100,0,72,Mario Neto
fae67903c4fe636b,1.36,3.92,3.07,0.5,185,77,Orthodox,"Oct 29, 1987",9,3,,33,45,37,0,75,Antonio Braga Neto
1d688fa375d9431c,7.69,6.15,5.77,0.0,263,78,Orthodox,"Mar 16, 2000",7,2,0,65,55,66,0,74,Eduardo Neves
195d0d3e14a2e256,1.98,4.81,1.06,0.0,145,,,"Apr 25, 1994",33,1,0,35,51,25,76,68,
f562238becb9ec50,3.53,4.07,0.0,0.0,155,,Southpaw,"Mar 17, 1986",14,2,0,46,36,0,33,70,Nick Newell
78f485f851891d68,2.64,2.57,0.56,0.3,135,67,Orthodox,"Mar 07, 1989",10,5,,32,64,16,43,65,Journey Newson
94609dd91731d428,0.28,1.41,0.0,8.5,205,,Sideways,"Dec 11, 1966",4,2,0,20,52,0,0,74,Jeff Newton
952f6fa06f25a0ec,0.65,1.55,2.47,0.9,170,,Orthodox,"Aug 17, 1976",16,14,0,41,44,70,43,69,Carlos Newton
fbbbc68d368832fa,1.92,1.35,2.02,0.0,205,,,"Jan 02, 1984",26,12,1,49,51,100,0,73,
8d03ce87ca14e778,2.33,2.16,0.76,0.3,250,83,Orthodox,"Sep 05, 1986",17,3,0,41,41,62,71,76,Francis Ngannou
fd08d6536b7b91f0,3.84,1.83,0.0,0.0,135,68,Orthodox,"May 15, 1999",6,2,0,54,71,0,90,67,Nghiem Van Y
840d2c82ea68b9aa,3.51,3.01,0.25,1.0,125,65,Switch,"Aug 03, 1988",16,8,0,40,59,33,63,65,Ben Nguyen
69037fc7730e4225,7.47,7.1,0.24,0.0,145,73,Switch,"May 19, 1993",10,2,0,42,60,100,88,71,Steven Nguyen
2b6d855c6e280fb1,4.12,4.65,0.0,0.5,185,77,Orthodox,"May 02, 1990",7,4,0,43,47,0,50,76,Alex Nicholson
35673bf5204524ee,3.36,1.93,3.12,2.3,185,76,Southpaw,"Jan 14, 1996",9,1,0,61,60,57,100,73,Bo Nickal
330ec26453c44a59,4.44,1.11,11.11,2.8,205,,Orthodox,"Dec 13, 1971",9,5,0,52,64,80,0,76,Mike Nickels
1a31ef98efce7a79,3.31,2.98,1.22,0.8,125,66,Orthodox,"Jan 06, 1993",19,6,1,51,65,43,90,66,Matheus Nicolau
2bd98ab77a8daa75,3.63,5.84,1.63,0.0,125,65,Orthodox,"Apr 11, 1996",8,3,0,39,49,11,28,65,Stewart Nicoll
3edf45e1717fa764,1.67,8.73,1.79,0.0,125,,Orthodox,"Oct 28, 1984",7,4,0,53,33,16,0,65,Jaimelene Nievera
52a003d768f10d91,0.0,5.73,0.0,0.0,125,,,,6,10,0,0,44,0,0,62,
5fceb45939fc0c8a,1.91,2.31,2.97,0.5,145,69,Orthodox,"Jul 25, 1982",22,8,1,54,58,46,33,69,Tom Niinimaki
22aa91e402d0fe1f,3.05,1.62,5.32,1.1,155,75,Orthodox,"Apr 01, 1988",9,6,0,44,62,62,55,71,Ramsey Nijem
4956f60b7fa57c1a,0.0,0.0,0.0,0.0,250,,Switch,"Oct 23, 1959",9,7,0,0,0,0,0,72,Hans Nijman
346f789951e85f3f,0.0,0.0,0.0,0.0,,,,,0,0,0,0,0,0,0,,
53e533db1b8e9712,0.0,0.0,0.0,0.0,,,,,2,6,0,0,0,0,0,,Jack Nilson
a9bcf8717dd12532,2.99,5.62,3.87,2.3,170,,Orthodox,"Dec 05, 1983",11,4,1,39,63,83,44,73,Mats Nilsson
2c1170b825f58e57,2.66,1.91,1.09,0.3,145,64,Southpaw,"Dec 15, 1981",5,4,1,41,61,50,62,64,Guangyou Ning
6810d8d2dd557cf9,0.0,0.0,0.0,0.0,320,,Orthodox,"Mar 02, 1967",5,10,1,0,0,0,0,71,Soichi Nishida
5cde96e0a1a1fffe,1.72,5.59,0.0,0.0,205,,Orthodox,"May 15, 1973",0,5,0,37,56,0,0,69,Yosuke Nishijima
7beecbe0a08cf002,0.0,0.0,0.0,0.0,155,,Orthodox,"Dec 06, 2002",21,3,6,0,0,0,0,67,
6c9383ffab2725a5,1.59,1.26,0.0,0.3,139,,Southpaw,"Aug 08, 1983",13,8,1,57,57,0,52,68,Akiyo Nishiura
6bf5a7d3e081ade2,3.94,2.41,0.5,0.2,155,75,Orthodox,"Mar 01, 1980",16,12,,46,65,45,53,73,Anthony Njokuani
c68c68efaa5ca6ef,5.16,3.32,0.0,0.1,170,80,Orthodox,"Dec 31, 1988",25,12,,61,57,0,75,75,Chidi Njokuani
21321cdfba797c52,6.21,3.79,0.0,0.0,170,,Southpaw,"Aug 14, 1978",27,15,1,40,59,0,0,69,Derrick Noble
4acf03bdec2025d7,0.0,0.0,0.0,0.0,243,,,"Dec 26, 1989",11,2,0,0,0,0,0,74,
e983c62faf677ab2,1.37,9.16,0.0,0.0,135,,,"Feb 13, 1986",18,4,,30,35,0,0,65,Pedro Nobre
9bff1b4c37ebbede,0.0,0.0,0.0,0.0,205,,,"Jul 29, 1980",3,11,,0,0,0,0,,Jacob Noe
ee9d73f4fee9cbdd,1.95,2.4,1.3,2.4,240,77,Orthodox,"Jun 02, 1976",34,10,,42,55,29,36,75,Antonio Rodrigo Nogueira
73e09f837f3b5ecc,2.43,2.34,0.64,0.8,205,75,Southpaw,"Jun 02, 1976",23,10,0,35,59,44,62,74,Rogerio Nogueira
4c27ca8c8481f79a,0.6,4.18,0.0,0.0,145,,Orthodox,"Jan 15, 1978",18,6,3,20,57,0,0,67,Alexandre Franca Nogueira
a3d1d060f9af97fe,0.0,0.0,0.0,0.0,145,,,"Oct 13, 1985",6,0,0,0,0,0,0,70,
7339d340aa2889cb,3.23,2.09,1.53,0.8,170,76,Southpaw,"Mar 18, 1980",22,10,1,50,64,54,66,73,Kyle Noke
6c3b2525436cf5d4,4.84,3.74,1.08,1.4,155,73,Southpaw,"Mar 08, 2000",11,1,0,45,48,26,58,75,Tom Nolan
64b12fe31be7560c,1.68,2.59,0.0,0.0,170,74,Orthodox,"Sep 13, 1997",8,5,0,34,44,0,44,74,Eric Nolan
d665de9b4da87c22,0.0,0.0,0.0,0.0,170,,,"Mar 04, 1981",5,4,0,0,0,0,0,72,Nick Nolte
b7ffa72aa148599a,3.68,3.78,0.08,0.0,155,70,Orthodox,"Dec 07, 1982",13,9,,35,65,20,68,70,KJ Noons
ed9d8ee3a4239b1c,3.58,1.96,1.81,0.6,170,71,Orthodox,"Mar 01, 1996",11,2,0,52,58,34,41,72,Sage Northcutt
bd4389b71fdc0ce2,3.32,4.5,0.0,2.9,310,,Southpaw,"Apr 11, 1975",2,6,0,51,32,0,66,73,Jan Nortje
f21a3d68fb9df387,0.67,0.34,2.52,0.0,170,,Orthodox,"Mar 15, 1973",7,1,0,30,60,25,0,70,Scott Norton
6b0e83b094f816ac,1.52,2.17,2.23,3.6,135,68,Switch,"Oct 19, 1997",12,5,2,37,52,17,14,66,Shohei Nose
9e8e5c529057fe60,0.0,0.0,0.0,0.0,170,,,"Mar 02, 1981",13,5,0,0,0,0,0,71,Jonatas Novaes
459e4dc69ec669b2,1.73,3.55,0.7,0.0,155,,Orthodox,"Jun 08, 1979",11,3,1,24,66,33,100,72,Jason Novelli
64360e618823a8e4,1.79,2.48,0.99,0.7,145,72,Orthodox,"Feb 03, 1984",11,8,1,35,56,28,44,69,Phillipe Nover
0a73acff6325c1e2,1.95,2.64,3.3,0.2,145,69,Orthodox,"May 04, 1994",39,12,0,45,50,35,28,68,Shayilan Nuerdanbieke
b37321c0bb9e8570,0.6,1.6,4.0,0.0,234,77,Orthodox,"Jan 01, 1994",13,2,1,56,25,44,0,72,Azamat Nuftillaev
3a24769a4855040a,2.72,2.59,1.18,0.6,145,67,Orthodox,"Nov 30, 1982",19,7,0,43,58,44,65,66,Diego Nunes
80fa8218c99f9c58,4.55,2.62,2.73,0.7,135,69,Orthodox,"May 30, 1988",23,5,0,51,57,54,82,68,Amanda Nunes
d343df8ba11f4c4e,4.39,3.47,0.24,0.5,125,64,Orthodox,"Dec 03, 1985",11,7,0,45,55,33,73,65,Nina Nunes
efc67b07eed39794,4.28,4.07,0.0,0.0,115,66,Orthodox,"Jul 23, 1992",6,6,,47,59,0,47,64,Istela Nunes
68d35296f566792b,5.65,5.76,0.0,0.0,135,67,Southpaw,"Dec 23, 1993",10,4,0,43,51,0,58,62,Josiane Nunes
709fadb644ee3f51,4.52,2.81,1.37,0.0,205,74,Southpaw,"Apr 22, 1997",11,2,0,59,61,75,80,74,Diyar Nurgozhay
032cc3922d871c7f,4.1,1.75,5.32,0.8,155,70,Orthodox,"Sep 20, 1988",29,0,0,48,65,48,84,70,Khabib Nurmagomedov
0fd5f4b838e890cc,3.08,2.05,0.86,1.1,135,70,Orthodox,"Apr 05, 1992",18,5,0,48,55,15,63,68,Said Nurmagomedov
029e1293e609fd74,2.78,2.61,1.25,0.0,170,72,Orthodox,"Nov 13, 1989",17,4,1,53,65,22,88,71,Abubakar Nurmagomedov
2b6fc1c02736833d,3.86,1.86,4.03,0.2,135,69,Orthodox,"Jan 03, 1996",20,1,0,56,61,46,79,68,Umar Nurmagomedov
689502703bbfe5f2,0.0,0.0,0.0,0.0,155,,,"Aug 02, 1997",13,2,0,0,0,0,0,,
8667caa0451d245b,4.96,4.58,0.5,0.2,236,83,Southpaw,"Jun 13, 1992",14,6,1,46,51,45,80,77,Kennedy Nzechukwu
20bcc9966affb19c,1.31,1.92,6.39,0.2,205,76,Orthodox,"Sep 25, 1984",15,4,0,31,69,54,25,75,Jake O'Brien
d25b93992f285953,3.77,4.78,0.94,0.0,155,,Orthodox,"Jan 01, 1987",20,8,0,46,57,100,0,74,TJ O'Brien
cb52f9490c2dc069,5.46,6.77,0.0,0.5,205,74,Orthodox,"Sep 02, 1983",17,9,0,48,45,0,30,73,Sean O'Connell
69ea0119f6f0dfe0,4.0,5.1,0.0,0.0,115,,,"Nov 17, 1982",6,6,,56,54,0,100,64,
46effbd1135423c5,8.28,22.76,0.0,0.0,270,,Orthodox,"Feb 25, 1971",4,2,0,57,21,0,0,77,Sean O'Haire
b50a426a33da0012,5.98,3.4,0.23,0.2,135,72,Switch,"Oct 24, 1994",20,3,,60,59,42,60,71,Sean O'Malley
338fda4ec7034c5d,1.15,7.5,0.0,0.0,260,,,"Oct 25, 1977",13,25,0,40,23,0,0,68,
56bc9ccb609df534,3.13,4.4,0.0,0.0,170,,,"Sep 22, 1985",17,9,0,37,72,0,0,74,Chuck O'Neil
04835018f90b118c,7.89,5.53,1.4,0.7,125,69,Orthodox,"Oct 07, 1997",11,2,0,52,57,34,70,66,Casey O'Neill
494b0bfdbac74502,1.9,2.77,2.22,0.6,170,69,Orthodox,"Jun 24, 1987",6,3,,47,39,43,36,67,Brendan O'Reilly
7139cd2ae4bf6a29,0.23,1.82,0.0,0.0,200,,Southpaw,"Aug 14, 1976",5,7,1,25,69,0,0,68,Takahiro Oba
6e3282d57d2467a0,0.63,2.53,0.5,0.5,145,,Orthodox,"Jan 15, 1981",12,5,1,28,55,50,41,68,Nobuhiro Obiya
88be62d6c1e6dadb,5.16,2.99,0.3,0.9,125,67,Southpaw,"Dec 31, 2000",9,2,,47,58,25,65,67,Jose Ochoa
2d6d6ffe5a446ea2,1.73,5.27,0.0,0.0,135,69,Orthodox,"Feb 05, 1996",2,1,0,53,34,0,63,68,Christian Ocon
629bac37f70891fb,2.07,1.93,4.0,0.0,125,63,Orthodox,"Feb 13, 1998",8,3,0,62,38,100,25,65,Kaito Oda
f43907e75f8d9baa,0.0,0.0,0.0,0.0,265,,Orthodox,"May 08, 1975",13,3,0,0,0,0,0,77,
0845c81e37d3bcb3,4.99,4.19,0.5,0.1,205,75,Orthodox,"Sep 19, 1989",21,8,0,48,55,29,80,74,Volkan Oezdemir
7facc9c45d792985,2.49,3.17,0.34,0.7,145,66,Orthodox,"Jun 19, 1993",15,4,1,47,56,7,0,67,Kaan Ofli
4b2390cfaceb91d8,2.41,1.66,1.25,1.2,255,,Orthodox,"Mar 31, 1968",7,2,0,42,47,100,66,76,Naoya Ogawa
cfc3e7bb44685289,3.2,3.49,1.89,0.7,155,72,Orthodox,"Nov 14, 1989",18,7,,50,55,32,100,71,Trey Ogden
b6c4451cb13c9303,2.24,2.23,1.44,0.0,145,69,Orthodox,"Feb 16, 1989",9,6,0,44,50,26,58,68,Andy Ogle
5c020ee6ab450870,0.0,0.0,0.0,0.0,155,,,"Jul 20, 1993",7,2,1,0,0,0,0,,
6a8a06b542e1516d,0.28,3.13,0.0,0.0,205,,Orthodox,"Nov 15, 1967",0,2,0,29,48,0,33,70,Michiyoshi Ohara
01daf32100ed7517,1.43,17.86,0.0,0.0,170,,Orthodox,"May 31, 1977",25,10,10,9,43,0,0,68,Koji Oishi
32541eb5d12668b4,0.0,0.0,0.0,0.0,290,,Orthodox,"May 08, 1973",3,3,2,0,0,0,0,73,Takayuki Okada
acff437707625fc7,2.06,2.25,1.98,0.5,170,75,Southpaw,"Jul 21, 1981",34,12,0,38,60,39,84,74,Yushin Okami
aa40fe6038db56cb,6.93,5.27,0.0,0.0,155,76,Orthodox,"Nov 04, 1990",7,1,0,55,50,0,100,71,JJ Okanovich
4bdedbdeedff7d1d,6.42,5.12,1.02,0.0,155,73,Orthodox,"Nov 15, 1995",10,4,0,45,61,57,75,70,Bolaji Oki
33454ad90754cb49,1.53,1.97,0.51,2.0,175,,Orthodox,"Jun 30, 1979",7,9,0,38,46,25,36,71,Kazuki Okubo
02a65a55f25fb4f3,0.0,4.27,0.0,4.3,,,,"Jan 16, 1976",8,5,0,0,34,0,0,,Masakatsu Okuda
98c23cb6da5b3352,3.29,3.8,1.82,1.9,240,80,Orthodox,"Jun 20, 1977",60,17,1,48,44,46,37,74,Aleksei Oleinik
0d65c432720accb9,5.73,4.45,0.99,0.0,185,74,Southpaw,"Feb 22, 1995",22,10,,52,60,42,52,72,Michal Oleksiejczuk
084532da3d25f3b8,1.99,0.77,5.77,0.0,185,75,Southpaw,"Jan 06, 2000",17,3,0,86,47,85,100,75,Cezary Oleksiejczuk
15b1b21cd743d652,2.19,3.38,2.49,1.6,155,71,Orthodox,"Jan 26, 1982",17,8,0,33,59,36,11,68,Rafaello Oliveira
07225ba28ae309b6,3.23,3.05,2.29,2.6,155,74,Orthodox,"Oct 17, 1989",37,11,,55,48,39,54,70,Charles Oliveira
bec2746f033802c3,0.0,0.0,0.0,0.0,205,,,,5,3,,0,0,0,0,73,Jorge Oliveira
acd9513399a8b09b,1.03,1.8,0.0,0.0,205,,Orthodox,"Feb 19, 1984",17,3,,22,52,0,42,77,Ednaldo Oliveira
57b10fca4f9c9a7a,2.99,2.55,2.35,0.6,170,76,Orthodox,"Feb 21, 1988",22,12,,51,46,38,63,71,Alex Oliveira
37d752ec41ed84bb,5.03,5.76,0.95,0.0,115,69,Orthodox,"Dec 12, 1996",13,7,0,38,44,44,47,66,Maria Oliveira
1e85912c9bab7e2b,3.44,4.92,0.0,0.0,205,80,Orthodox,"May 02, 1984",8,2,0,33,54,0,0,76,Bruno Oliveira
72ea1984c52019b5,2.62,3.87,1.18,1.2,135,72,Orthodox,"Apr 21, 1991",18,7,0,42,45,28,36,64,Saimon Oliveira
18d01f7f8338ae72,5.44,2.86,1.27,0.2,145,70,Switch,"Nov 30, 1995",24,4,0,47,58,43,71,69,Vinicius Oliveira
4948e412fa6ab67d,1.91,3.72,0.88,0.0,115,65,Orthodox,"Feb 20, 1997",7,4,1,30,46,50,46,65,Ravena Oliveira
037cfd34a27d59e9,8.4,3.36,0.0,0.0,170,78,Orthodox,"Jan 21, 1998",9,0,0,51,66,0,100,73,Michael Oliveira
32c03df3c9760069,3.77,4.4,0.0,0.0,170,,Orthodox,"Jun 01, 1983",29,10,0,47,47,0,100,70,Wendell Oliveira Marques
948880beac71f028,6.68,4.6,0.0,0.0,155,,Orthodox,"Apr 12, 1985",14,5,,58,57,0,71,69,Felipe Olivieri
e96d8538d3f9d0ed,2.36,0.32,0.68,0.0,154,,Orthodox,"Jun 12, 1983",3,1,0,57,85,100,80,72,Andy Ologun
dfbb95ca0c143988,0.0,0.0,0.0,0.0,145,,,"Dec 17, 1980",5,2,0,0,0,0,0,67,Shana Olsen
7613773461b276f4,2.48,0.0,3.54,1.8,145,,Orthodox,,14,5,0,60,100,57,100,67,Casey Olson
8e0709784259402d,1.02,5.27,2.77,0.0,170,,,,14,11,0,42,38,40,0,72,
5a9104718439ef44,3.13,2.2,3.0,1.0,205,75,Orthodox,"Nov 22, 1989",7,3,,47,57,42,100,73,Cameron Olson
684d3aee255a3d09,1.8,2.2,1.35,0.5,170,71,Switch,"Feb 24, 1993",13,2,0,39,39,30,60,73,Gadzhi Omargadzhiev
f2ad06f1007c481a,3.49,2.21,1.69,0.0,145,,Orthodox,"Sep 14, 1988",20,5,0,55,64,42,66,70,Alan Omer
470fedbc8563ac47,3.09,3.29,0.56,0.1,247,74,Southpaw,"Aug 31, 1982",19,8,,57,47,26,68,72,Daniel Omielanczuk
9f842be1a5337be6,2.01,3.06,1.19,1.5,145,68,Orthodox,"Dec 19, 1975",17,14,1,39,64,36,49,66,Michihiro Omigawa
ffe9703408fb5964,5.07,4.89,1.05,0.5,145,74,Orthodox,"Jun 07, 1994",14,3,0,50,51,30,52,71,David Onama
318572f6f74b760d,1.89,5.86,0.0,0.0,155,74,Switch,"Jul 04, 1991",11,9,0,41,31,0,30,74,Charlie Ontiveros
887e09328cd63df1,5.6,3.4,0.0,0.0,185,,Orthodox,"Apr 18, 1994",5,0,0,55,52,0,100,75,Chibwikem Onyenegecha
bf2c8e01b07d3eb1,2.78,2.7,8.77,0.5,170,74,Orthodox,"Feb 10, 1998",16,2,1,50,51,59,40,70,Myktybek Orolbai
6b8db407d49c6e4b,7.68,1.44,3.6,0.0,170,,,"Jun 17, 1985",13,3,0,56,70,33,100,74,Sam Oropeza
def8166ff24bd237,3.84,6.38,0.93,0.9,155,69,Switch,"Feb 21, 1991",16,5,,37,49,25,54,68,Brian Ortega
2f732dd9210d301f,2.59,2.88,2.47,0.6,205,74,Orthodox,"Jan 23, 1975",19,12,1,46,60,35,54,75,Tito Ortiz
9c5828c6fd9dc948,3.53,2.8,0.0,0.0,185,,Orthodox,,18,9,,58,73,0,0,72,Jorge Ortiz
f53c1f4ceeed8c08,2.94,2.17,3.01,0.1,125,65,Orthodox,"Dec 25, 1988",19,8,0,44,56,36,52,65,Dustin Ortiz
8eb239a52fc4ec14,2.34,2.14,0.91,0.7,135,66,Orthodox,"Nov 04, 1976",20,11,2,35,63,58,68,67,Kenji Osawa
6d68c1afe954f121,2.94,3.24,0.94,0.4,125,73,Southpaw,"Jan 09, 1992",13,9,,40,49,29,66,67,Ode Osbourne
f84dfc5a8d178403,0.0,0.0,0.0,0.0,185,,,,4,1,0,0,0,0,0,,Kurt Osiander
5b407acfe0ef9b76,2.83,3.77,1.2,1.0,170,76,Orthodox,"Dec 30, 1984",6,3,0,50,50,45,71,74,Nick Osipczak
d632d156c0549e07,3.15,2.9,0.63,1.3,185,,Orthodox,"May 01, 1981",12,4,0,58,41,12,42,74,Nissen Osterneck
01784fbc27c68b14,2.54,3.97,2.03,0.8,125,62,Orthodox,"Feb 25, 1991",4,6,0,43,57,83,66,63,Rachael Ostovich
4512e46543b960ad,0.0,0.0,0.0,0.0,245,,Orthodox,"Dec 17, 1967",19,8,0,0,0,0,0,75,Pedro Otavio
865aa315ea62c511,0.9,1.16,1.51,0.8,205,,Orthodox,"Jul 17, 1971",5,13,0,55,51,43,53,73,Alexander Otsuka
6b8f28da9a483049,1.29,2.12,1.64,0.0,139,,Orthodox,"Aug 22, 1986",22,13,2,27,67,27,65,66,Takafumi Otsuka
7ce21433c2a53168,0.0,0.0,0.0,0.0,155,72,Orthodox,"Oct 22, 1992",12,3,0,0,0,0,0,72,
47cd337b86b1af92,2.63,2.73,0.97,0.4,170,72,Orthodox,"Dec 22, 1986",17,7,0,36,58,29,57,71,Zak Ottow
1ef0eae31904e534,1.2,1.67,3.0,0.0,154,,Orthodox,"Feb 27, 1979",9,6,0,33,82,75,33,67,Artur Oumakhanov
871ce0b4a01922b6,0.13,0.8,3.0,3.0,170,74,Orthodox,"Apr 11, 1992",8,4,0,33,71,75,0,68,Sidney Outlaw
b4ad3a06ee4d660c,3.67,2.44,1.42,0.8,265,80,Orthodox,"May 17, 1980",47,19,,64,57,55,73,76,Alistair Overeem
20e403a1acfef130,0.93,1.49,1.86,4.7,230,,Orthodox,"Aug 17, 1976",30,32,0,34,58,50,0,75,Valentijn Overeem
4bb9d7a32d02a03e,0.0,0.0,0.0,0.0,155,,,"Feb 14, 1973",0,3,0,0,0,0,0,69,Craig Oxley
47b7e4e60813b7b2,0.64,1.96,1.07,0.5,185,,Southpaw,"Apr 11, 1974",14,19,0,25,57,57,62,71,Shungo Oyama
8997ee20b6a43d76,1.2,1.07,0.0,0.0,135,68,Orthodox,"Dec 15, 2001",6,1,2,35,55,0,36,67,Ren Ozaki
e18a19001a3f7c7d,3.81,5.72,4.21,0.0,125,65,Orthodox,"Mar 27, 1986",9,5,0,32,59,58,75,65,Alptekin Ozkilic
373be586f370d400,1.71,3.42,0.0,0.0,135,,,"Oct 14, 1990",6,5,0,56,46,0,18,67,Raquel Pa'aluhi
8cb76103cd8a1562,1.48,3.14,2.52,0.5,135,68,Orthodox,"Apr 17, 1987",8,3,0,34,57,43,54,67,Nick Pace
4652b685fa11e7fd,0.0,0.0,0.0,0.0,185,,,"Apr 09, 1996",7,2,0,0,0,0,0,,
16b89be2f5c16fba,1.21,4.14,0.0,0.0,135,,Orthodox,"Sep 07, 1994",10,2,0,19,55,0,0,67,Larissa Pacheco
07797f10b9569cfc,7.58,10.56,0.33,0.0,135,70,Orthodox,"Jan 13, 1992",7,4,0,36,41,50,16,68,Angel Pacheco
8f4eeaf7a0df7c1a,2.57,3.91,2.31,1.5,155,75,Orthodox,"May 22, 1987",8,3,0,54,47,25,100,73,Teemu Packalen
c51da79b0346b5b7,4.69,2.68,5.03,5.0,135,,,"Jul 28, 1984",10,5,0,53,63,100,100,67,
856c4d2668a875f9,0.0,0.0,0.0,0.0,155,,,"Jan 23, 1978",3,3,0,0,0,0,0,71,Cyrillo Padilha
01dd4cdc2446f665,2.2,2.0,0.0,0.0,205,,,"May 04, 1980",12,6,0,27,76,0,50,71,Gary Padilla
d2f43cfaf8ca3560,6.07,5.74,0.0,0.6,145,76,Orthodox,"Dec 15, 1996",16,6,0,40,52,0,100,73,Fernando Padilla
06626b6287e1ae1e,6.19,4.88,1.13,0.3,155,74,Orthodox,"Sep 14, 1995",17,6,1,54,49,28,80,69,Chris Padilla
c96e2ae6021144a1,2.05,2.47,2.63,0.9,135,66,Orthodox,"Sep 30, 1982",19,10,0,38,51,64,23,66,Damacio Page
a67d071163962af8,2.28,1.51,0.19,0.0,170,79,Switch,"Apr 07, 1987",25,3,0,58,62,16,70,75,Michael Page
0e75cd3ba8274cea,0.0,0.0,0.0,0.0,145,,,"Jun 19, 1997",10,2,0,0,0,0,0,,
55f80a8aeffcdb33,1.65,2.96,1.03,2.6,135,74,Orthodox,"Aug 05, 1987",12,11,0,53,41,44,55,69,Dustin Pague
1e12c1dbbb1e2dda,0.0,0.0,0.0,0.0,125,,,"Apr 05, 1991",8,2,0,0,0,0,0,66,
82b4e942781b1046,4.14,5.01,0.65,0.2,135,69,Orthodox,"Oct 17, 1995",21,5,0,42,48,23,77,68,Raulian Paiva
ad3a5e465c76e499,2.6,2.73,0.0,0.0,145,71,Southpaw,"May 26, 1988",13,8,0,41,67,0,81,69,Dinis Paiva Jr.
320edfb0332b7073,1.71,2.31,0.62,2.2,145,66,Orthodox,"May 13, 1979",10,5,,54,62,11,10,66,Fredson Paixao
e530df53922f413e,6.03,8.2,0.0,0.0,145,69,Orthodox,"Dec 18, 1994",8,2,0,57,52,0,66,70,Luis Pajuelo
de20ffb3fc2e7629,2.67,1.0,0.0,1.7,145,,Orthodox,"Nov 10, 1982",3,2,0,70,79,0,50,69,Jose Palacios
797ddccda75f169f,7.73,3.27,0.0,0.0,145,,Orthodox,"Jul 05, 1987",10,1,0,53,59,0,100,66,Ricky Palacios
4304992c2acc187b,2.67,3.97,0.65,0.5,145,70,Orthodox,"May 30, 1983",36,17,0,32,57,31,53,69,Bart Palaszewski
a6c20202c701e5ca,6.69,5.44,0.72,0.0,170,72,Switch,"Mar 15, 1989",6,4,0,53,52,100,70,73,Sasha Palatnikov
60029bcf496bd707,2.47,2.68,2.2,0.0,265,81,Orthodox,"Jul 12, 1977",22,5,0,57,48,47,66,76,Soa Palelei
8ddf9c51c5fdea75,1.75,2.04,3.93,4.1,170,71,Orthodox,"Feb 26, 1980",19,8,0,51,59,45,0,68,Rousimar Palhares
e8c170a64dc920ac,0.0,0.0,0.0,0.0,180,,,,2,16,0,0,0,0,0,,Tulio Palhares
ab7c212de9f66af0,0.0,0.0,0.0,0.0,143,,,"Jan 29, 1967",11,7,1,0,0,0,0,64,Stephen Palling
f31c0905045fa100,0.0,0.0,0.0,0.0,170,,,"Feb 20, 1973",16,4,0,0,0,0,0,71,Eduardo Pamplona
2742f028399bf8c7,2.53,5.6,1.0,0.0,125,67,Southpaw,"Dec 07, 1996",6,2,,51,46,20,50,65,Ruel Panales
36d811b015635b67,3.65,2.55,2.64,0.0,185,72,Orthodox,"Aug 30, 1996",9,1,0,50,60,57,36,73,Yuri Panferov
a0f0004aadf10b71,4.38,3.88,2.79,1.0,125,67,Orthodox,"Apr 16, 1990",30,6,0,50,49,47,69,65,Alexandre Pantoja
edad57b3dddf2168,3.33,3.81,0.0,0.0,135,67,Southpaw,"Feb 01, 1988",20,13,,39,44,0,50,68,Jared Papazian
bd381cde8426077a,1.0,4.27,0.0,0.0,115,63,Orthodox,"Apr 28, 1993",3,2,0,23,43,0,0,63,Kathryn Paprocki
74fefd43f073cd2f,0.0,0.0,0.0,0.0,210,,Southpaw,,4,6,0,0,0,0,0,73,Joe Pardo
56116537d71a578c,1.11,4.59,4.75,0.0,205,,Orthodox,"Oct 22, 1968",13,16,0,36,45,40,33,73,Bryan Pardoe
749685d24e2cac50,0.0,0.0,0.0,0.0,260,,Southpaw,"May 23, 1969",9,6,,0,0,0,0,75,Remco Pardoel
7573d25a078b5732,0.0,2.86,0.0,0.0,155,,Orthodox,"Aug 31, 1978",13,6,0,0,45,0,0,68,Ido Pariente
b5da8f7d05e85a55,4.55,4.88,0.98,0.2,265,79,Orthodox,"Jun 28, 1989",15,8,0,48,41,33,46,76,Josh Parisian
349aaa3da11eb587,2.49,2.19,5.27,1.0,170,72,Orthodox,"Aug 28, 1982",24,11,,41,58,59,59,70,Karo Parisyan
9df394db5ca103eb,2.6,2.2,0.0,0.0,154,,Orthodox,"Dec 16, 1986",11,7,,43,47,0,0,71,Won Sik Park
285ae0b4a68221f4,4.64,3.82,1.69,0.8,185,73,Orthodox,"Feb 27, 1991",19,7,0,51,51,42,54,70,JunYong Park
b709b534b6873744,3.77,7.21,0.0,0.0,155,70,Orthodox,"Mar 22, 1986",12,3,0,50,33,0,0,72,Harvey Park
b671bdf981ad527d,3.38,3.14,1.5,1.8,125,66,Orthodox,"Nov 04, 1995",10,2,0,41,55,31,47,67,HyunSung Park
fe1595732dfb08fc,1.75,1.36,2.31,0.4,155,73,Orthodox,"Dec 10, 2001",8,4,0,67,45,85,22,68,JaeHyun Park
f79e7f138bf50cc0,3.78,3.92,0.0,0.0,145,71,Orthodox,"Dec 26, 2001",9,2,1,40,47,0,0,72,EoJin Park
504d3a11e4408253,4.07,2.67,1.0,0.0,115,61,Orthodox,"May 14, 1999",9,3,0,34,58,50,75,62,BoHyun Park
14ff46596ad80609,3.06,2.88,1.98,0.0,155,70,Southpaw,"Dec 22, 1986",23,6,1,35,64,26,77,71,Norman Parke
6a0b80a24f22e152,0.0,0.0,0.0,0.0,235,,Southpaw,,0,1,0,0,0,0,0,75,Ryan Parker
c0231720fe516994,0.0,0.0,0.0,0.0,205,,Orthodox,"Aug 15, 1963",13,6,1,0,0,0,0,71,Larry Parker
64be3dc99eaa42b6,1.5,9.0,0.0,0.0,115,,Orthodox,"Sep 18, 1989",4,5,0,22,14,0,0,65,Tyra Parker
0d5cc0170c1a7e71,4.7,4.13,1.38,0.2,265,79,Orthodox,"Oct 02, 1995",10,1,0,50,58,46,50,76,Mick Parkin
86ad0ae839331bd7,0.0,0.0,0.0,0.0,185,,,"Nov 04, 1983",5,2,0,0,0,0,0,70,Willie Parks
8b2a18d3c6735083,3.29,2.37,1.54,1.0,145,,,"Aug 26, 1990",11,2,0,40,60,21,50,69,
9fe7af8b3fbe00a0,3.54,3.25,3.46,2.3,170,71,Orthodox,"Jul 15, 1995",11,6,0,51,54,36,71,71,Preston Parsons
2975297f505e9447,4.65,4.89,0.0,0.0,170,69,Orthodox,"Sep 06, 1991",9,3,0,44,60,0,66,69,Jonny Parsons
96d173b7f92aa520,0.0,0.0,0.0,0.0,200,,,,2,1,0,0,0,0,0,71,Onassis Parungao
3eb4dc9a7d4ac906,3.87,8.43,1.81,0.0,135,66,Southpaw,"Sep 23, 1988",6,5,0,57,46,19,100,67,Ramona Pascual
15b1f83a90302adf,0.0,0.0,0.0,0.0,205,,,,3,0,0,0,0,0,0,,
e5a59983f4603621,0.65,5.22,0.0,4.9,125,66,Switch,"Aug 07, 1991",10,3,0,20,48,0,0,65,Billy Pasulatan
ba15006c804a8de0,2.7,2.03,0.0,0.0,265,81,Orthodox,"Apr 20, 1994",6,1,0,61,51,0,100,78,Guilherme Pat
12954cff4025a427,0.0,0.0,0.0,0.0,170,,,"Aug 18, 1995",19,4,1,0,0,0,0,,
6b16024d44eb03a2,2.88,6.13,2.7,0.0,185,75,Switch,"Aug 29, 1990",6,4,0,53,33,100,0,73,Jhonoven Pati
66d42e9503fa108e,0.31,7.64,0.0,0.0,155,71,Southpaw,"Jul 19, 1993",8,1,0,50,31,0,0,66,Windri Patilima
c8cca8f3de5be4b4,1.33,3.14,0.54,0.0,170,,Orthodox,"Aug 05, 1973",38,19,,30,53,25,50,68,Jorge Patino
eafedba0617ced81,0.0,0.0,0.0,0.0,145,,,"Sep 30, 1984",6,4,0,0,0,0,0,69,Russell Patrick
56116a79e4deed06,1.8,0.89,2.32,1.7,170,75,Orthodox,"Jun 14, 1980",14,2,0,55,69,53,84,71,Claude Patrick
cd7763bcadb5d4c8,1.82,2.95,3.01,0.3,155,74,Southpaw,"Jul 19, 1983",15,4,,40,43,33,43,71,Alan Patrick
83d0de122f2f9664,1.65,5.53,0.0,0.0,205,,Orthodox,,12,4,0,28,55,0,0,72,Michael Patt
2dc7c49cfaeb867c,0.0,0.0,0.0,0.0,170,,,"Dec 07, 1985",9,3,0,0,0,0,0,70,
8b6e5dc2ba1edbe7,2.62,3.06,0.82,1.6,170,78,Orthodox,"Apr 30, 1996",14,3,1,37,50,50,33,75,Sam Patterson
56f7d7ee06be4aab,4.46,2.73,0.38,0.0,205,76,Orthodox,"Feb 25, 1988",7,3,0,62,58,7,100,74,Zac Pauga
60c72f7459827881,0.97,1.87,0.0,0.5,170,,Orthodox,"Dec 04, 1975",23,5,0,27,48,0,37,72,Julio Paulino
dda67d7d3df6b406,7.33,8.67,0.0,0.0,155,67,Orthodox,"Oct 15, 1994",11,4,0,33,64,0,0,67,Thomas Paull
f14cf73e51b29254,4.49,3.58,0.47,0.0,257,84,Southpaw,"May 13, 1992",21,3,0,44,56,25,75,75,Sergei Pavlovich
9310418684bc896f,1.67,2.22,1.0,0.0,170,73,Orthodox,"Feb 08, 1989",12,3,0,33,53,37,70,72,Pawel Pawlak
b4ce04f082391b54,0.0,0.0,0.0,0.0,155,,,"Aug 04, 1995",10,1,0,0,0,0,0,,
d0a5ef38a7778ac2,4.25,3.58,0.36,0.4,145,,Orthodox,"Mar 14, 1982",16,12,,42,57,100,60,70,Estevan Payan
748d4e35f846a029,0.29,2.06,0.0,0.0,115,,,,1,4,0,16,30,0,0,64,
2e04a3b4a2011b97,0.0,0.0,0.0,0.0,205,,Orthodox,,0,1,0,0,0,0,0,69,Roland Payne
87c0b1c696ddfb43,5.12,3.32,5.02,0.8,145,71,Switch,"May 01, 1992",14,7,0,54,54,50,55,72,Jonathan Pearce
122806b56775a53a,0.59,3.51,0.0,4.4,145,,Orthodox,"Mar 28, 1978",45,30,1,18,33,0,0,70,Joe Pearson
4f732e58ed907eff,3.68,4.09,0.74,0.0,155,69,Orthodox,"Sep 26, 1984",20,16,,40,62,35,75,68,Ross Pearson
bba678d312590087,0.0,0.0,0.0,0.0,155,,Orthodox,"Mar 22, 1967",1,1,2,0,0,0,0,68,Andre Pederneiras
198994b47f395af0,4.17,4.12,2.91,0.0,170,75,Southpaw,"Jun 08, 1993",11,3,0,37,61,44,0,71,Carlo Pedersoli Jr.
f354c50b8d63d9b3,0.0,0.0,0.0,0.0,,,,,3,1,0,0,0,0,0,,Matt Pedro
49e96ff8ab781589,2.9,2.39,0.76,0.8,205,79,Orthodox,"Sep 17, 1991",10,5,0,59,56,30,50,75,Tyson Pedro
0bc697c5936a2d0a,4.39,3.88,1.45,0.0,145,70,Switch,"Jan 09, 1995",9,3,,53,43,50,52,69,Trevor Peek
e7bfdb5e0112891e,0.0,0.0,0.0,0.0,220,,Orthodox,"Oct 26, 1965",9,10,1,0,0,0,0,69,Willie Peeters
38ed5a2299230227,0.0,0.88,0.0,0.0,135,,Orthodox,"Jul 21, 1992",12,2,2,0,33,0,0,68,Filip Pejic
aa1952ec0b3dd8e1,2.45,1.94,2.9,0.8,155,70,Orthodox,"May 07, 1979",16,7,0,43,63,54,69,68,Kurt Pellegrino
bfe95ec546692b13,0.59,0.89,4.43,0.0,205,,Orthodox,"Mar 20, 1980",11,13,0,25,66,100,0,71,Yan Pellerin
3253b16d38ae087d,3.1,2.56,1.7,0.8,135,69,Orthodox,"Aug 19, 1989",13,6,0,44,57,54,24,66,Julianna Pena
2844b047183a1adb,3.66,3.12,1.17,1.2,155,75,Southpaw,"Jul 05, 1993",9,3,0,46,51,33,48,75,Luis Pena
566ff9546fc29acd,0.0,0.0,0.0,0.0,,,,"Oct 19, 1991",0,0,0,0,0,0,0,,
abd64006fd37298d,1.28,2.55,0.0,0.0,185,83,Southpaw,"Oct 14, 1996",6,1,0,33,33,0,0,75,Matej Penaz
e670f8cc2969a789,1.23,3.08,4.62,0.0,235,,Orthodox,"Aug 01, 1967",11,18,,36,16,100,0,73,Sherman Pendergarst
34b634cb2471bdde,0.0,0.0,0.0,0.0,145,,,"Dec 08, 1983",5,0,0,0,0,0,0,,Drew Pendleton
99c7610aa74995d3,2.49,3.01,2.46,0.4,170,75,Orthodox,"Sep 02, 1987",17,4,1,44,55,23,83,73,Cathal Pendred
73c7cfa551289285,2.76,3.2,1.19,0.5,155,70,Orthodox,"Dec 13, 1978",16,14,2,48,56,55,74,69,BJ Penn
c742287ed86a09bc,2.63,5.05,1.29,0.5,115,67,Orthodox,"Jan 30, 1983",14,9,0,33,45,18,36,65,Jessica Penne
879b8df81523d91b,1.25,4.6,0.0,0.0,205,,Southpaw,"Mar 26, 1980",11,3,0,30,38,0,40,76,Nick Penner
0699c4b2a7c3c76f,0.0,0.0,0.0,0.0,,,,,3,3,0,0,0,0,0,64,Justin Pennington
fc169c387b4b465d,4.1,3.32,0.83,0.6,135,67,Orthodox,"Sep 05, 1988",16,10,0,49,61,27,62,67,Raquel Pennington
31ef8b67e13495b3,4.73,3.48,0.56,0.1,115,60,Orthodox,"Aug 16, 1989",15,8,0,48,61,14,62,61,Tecia Pennington
a2ac473d74eb157c,0.0,0.0,0.0,0.0,170,,,"May 04, 1982",4,3,0,0,0,0,0,72,Jerron Peoples
fa37628269132d1a,2.32,3.23,0.37,1.5,145,73,Orthodox,"Jul 02, 1987",13,6,0,38,47,7,35,67,Godofredo Pepey
9a70f67ad2187fa3,0.18,2.39,0.0,0.0,170,,Orthodox,"Jul 02, 1975",13,22,0,25,32,0,33,70,Ray Perales
960d6cae8879ba2b,3.76,2.97,0.59,0.0,145,71,Orthodox,"Mar 14, 1986",18,8,,44,53,66,65,68,Robert Peralta
d50382dc0565a9e1,2.7,4.48,0.25,0.2,115,63,Orthodox,"Aug 28, 1993",13,2,0,30,58,100,28,61,Viviane Pereira
595db60957de51d3,4.28,4.32,1.11,0.6,185,73,Orthodox,"Oct 06, 1993",32,15,,51,50,52,75,73,Michel Pereira
e5549c82bfb5582d,5.01,3.72,0.11,0.2,205,79,Orthodox,"Jul 07, 1987",13,4,0,61,52,50,80,76,Alex Pereira
44f46b0592ca0814,0.0,0.0,0.0,0.0,185,,,"Dec 13, 1990",9,2,0,0,0,0,0,70,
d7ee49bf3c779fa6,0.0,0.0,0.0,0.0,125,,Orthodox,"Jan 09, 2001",13,1,0,0,0,0,0,,
81d2c551886bd5a1,2.83,3.11,0.0,0.0,135,71,Orthodox,"Dec 20, 2005",7,1,0,36,66,0,75,68,Alice Pereira
4a9e305633f3ef47,4.23,4.83,0.0,0.0,135,,Orthodox,,7,5,2,36,63,0,100,68,Rolando Perez
eee8efec7b951d84,1.36,0.68,10.23,10.2,155,,Southpaw,,7,5,,100,66,100,0,65,Philip Perez
af62f99eb7606308,3.16,2.09,3.16,0.2,135,68,Orthodox,"Nov 19, 1989",17,6,0,40,66,55,69,68,Erik Perez
80daefbed11ce998,3.45,3.18,0.54,0.3,135,67,Orthodox,"Sep 02, 1989",23,9,1,35,61,22,70,66,Alejandro Perez
96c336b463e0662c,1.64,2.17,1.75,0.3,155,73,Orthodox,"May 11, 1989",10,4,0,41,54,41,50,71,Frankie Perez
89578ae236ee04e9,0.0,0.0,0.0,0.0,,,,,1,0,0,0,0,0,0,,
ab2b4ff41d6ebe0f,4.22,3.24,2.07,0.8,125,65,Orthodox,"Mar 21, 1992",26,10,,45,58,45,74,66,Alex Perez
2ac4628c08ec5125,2.6,3.72,0.81,1.0,185,73,Orthodox,"Jun 22, 1988",12,5,0,47,52,25,77,73,Markus Perez
06e4245d16fc5315,2.88,1.58,4.9,0.2,135,66,Switch,"Oct 05, 1994",13,2,0,56,56,49,72,65,Ailin Perez
d84033157714ee94,1.31,3.23,3.46,1.1,155,72,Orthodox,"Aug 17, 1999",13,2,0,44,41,37,100,69,Cristian Perez
8d3b4a630b1bf1e6,0.0,32.0,0.0,0.0,205,76,Orthodox,"Jan 08, 2002",5,1,0,0,0,0,0,73,Rafael Pergentino
d0fd0d9ee560dae7,11.0,4.26,0.0,0.0,245,79,Orthodox,"Aug 03, 1994",7,1,0,57,58,0,71,77,Brando Pericic
4b4753d19489297f,2.27,3.77,2.03,1.1,205,75,Orthodox,"Oct 05, 1972",15,10,0,43,53,22,33,75,Anthony Perosh
c1a5d3843596df92,5.39,3.51,2.82,0.0,170,,Orthodox,"Dec 14, 1987",9,4,1,69,51,50,66,70,Thiago Perpetuo
575360be653ad6a6,2.73,4.37,0.0,0.5,170,,Orthodox,"May 24, 1985",18,5,,29,55,0,37,72,Hernani Perpetuo
01fed6f61ebea01f,3.71,3.9,2.83,0.0,135,67,Switch,"Jun 15, 1993",10,7,0,46,44,52,58,67,Jay Perrin
f2b6fdb20675b11c,4.32,5.16,0.81,0.2,170,71,Orthodox,"Sep 15, 1991",14,8,0,47,52,40,78,70,Mike Perry
41f90012b86a11bf,2.16,3.43,0.0,0.0,262,78,Orthodox,"Mar 09, 1989",10,2,0,26,42,0,100,75,Raphael Pessoa
202b0467521c9d6f,1.58,2.54,3.29,0.0,240,77,Orthodox,"Jul 15, 1990",10,4,0,36,56,28,100,75,Viktor Pesta
f3743d8ef5dde970,0.0,24.62,0.0,0.0,135,,Orthodox,"Jan 15, 1984",0,2,0,0,44,0,0,66,Leiticia Pestova
c61f66d8c3fd5f07,0.0,0.0,0.0,0.0,196,,Orthodox,"Nov 08, 1966",2,3,1,0,0,0,0,71,Tony Petarra
7aabd61419f747d1,0.0,0.0,0.0,0.0,155,,,,2,3,0,0,0,0,0,,Tommy Petersen
764d39074a352e33,3.1,2.61,3.01,0.4,250,74,Southpaw,"Mar 30, 1995",11,4,0,59,54,43,87,73,Thomas Petersen
5df10509264586e5,2.17,6.51,0.0,0.0,400,,Orthodox,"Feb 04, 1979",2,1,0,60,40,0,0,83,Cory Peterson
b93c06d09d1c4ac0,4.76,5.94,1.42,0.7,145,70,Orthodox,"May 29, 1990",19,11,0,40,53,26,64,70,Steven Peterson
71171fc96445bf65,3.24,2.71,2.6,0.7,225,77,Orthodox,"Aug 28, 1997",14,2,0,48,51,46,79,74,Vitor Petrino
5f61780fe5e9b6d0,2.75,2.99,3.13,1.2,185,73,Switch,"Jun 12, 1991",13,6,0,49,51,52,86,72,Andre Petroski
369ea36e450ae62a,5.84,3.31,0.17,0.0,185,71,Orthodox,"Nov 03, 1990",9,5,0,53,53,33,41,75,Armen Petrosyan
38c5817ade8a8014,1.91,2.05,2.12,0.8,125,70,Southpaw,"Jun 11, 1994",7,3,0,41,56,38,61,68,Ivana Petrovic
2e1f3640443272ad,0.0,0.0,0.0,0.0,185,,,"Mar 29, 1997",15,1,0,0,0,0,0,,
93b9496275bbbf80,2.17,2.08,0.46,2.3,205,76,Orthodox,"Dec 03, 1979",14,8,0,41,55,50,47,72,Seth Petruzelli
7ea5d60d2e6a8ad0,2.61,8.24,0.0,0.0,145,72,Southpaw,"Dec 20, 1990",5,3,,29,48,0,0,71,Peter Petties
cbb682f5fcc44bfc,3.05,3.44,0.61,1.1,155,72,Orthodox,"Jan 27, 1987",24,10,0,47,54,50,60,70,Anthony Pettis
de75d1c45a39e221,3.88,2.91,0.85,0.4,125,69,Orthodox,"Aug 18, 1993",18,5,0,37,65,40,67,66,Sergio Pettis
e86bc32f5997a8f7,2.27,2.2,1.3,0.0,170,71,Orthodox,"Sep 22, 1975",26,10,0,29,57,100,66,69,Forrest Petz
81b57acd6975ac06,0.66,3.28,0.0,0.0,205,,Orthodox,,1,3,0,30,31,0,0,,Dino Pezao
5904b0b38dc6718d,1.41,2.8,2.82,0.0,155,73,Orthodox,"Jul 12, 1990",13,6,1,25,51,30,0,70,Cody Pfister
80dbeb1dd5b53e64,4.52,6.55,0.18,0.2,135,70,Orthodox,"Mar 13, 1983",21,17,0,37,59,18,60,66,Nam Phan
05560764359161e4,2.19,2.73,0.4,0.3,185,73,Orthodox,"Nov 29, 1979",13,5,,35,54,42,65,71,Constantinos Philippou
09a82bd51ff61376,0.0,0.0,0.0,0.0,185,,,"Jun 17, 1983",7,7,0,0,0,0,0,,Wayne Phillips
99020eeb8cd5689d,0.0,2.0,0.0,10.0,185,,Orthodox,"Jan 12, 1980",13,7,0,0,25,0,0,72,Dave Phillips
34c2b3656f88f7ef,1.51,3.66,0.86,0.6,135,71,Southpaw,"Aug 05, 1989",12,5,0,53,43,50,44,69,Aaron Phillips
dcbf01d605681ad1,2.6,3.07,0.75,0.2,135,65,Orthodox,"Aug 20, 1986",6,6,0,33,58,25,53,66,Elizabeth Phillips
e9ac7bfb65c25497,1.72,4.03,0.0,0.0,185,75,Southpaw,"Jun 09, 1985",22,11,,34,49,0,7,71,John Phillips
60425d07ef4b91a7,4.75,3.83,2.82,0.3,135,72,Orthodox,"Jun 12, 1995",12,5,0,43,58,47,75,68,Kyler Phillips
44f234a36324e6c8,1.35,1.16,18.87,0.0,265,73,Orthodox,"Apr 06, 1998",8,0,0,73,40,50,50,69,Mario Piazzon
7922e8269adcc25a,0.0,0.0,0.0,0.0,185,,,,5,1,0,0,0,0,0,70,
a5cb1c29461853ca,3.2,6.03,8.0,0.0,125,66,Orthodox,"Dec 16, 1996",7,1,0,43,42,44,100,66,Nick Piccininni
fa399f7f6e17f7f5,4.61,2.83,2.96,3.0,155,,,"Oct 23, 1988",9,0,0,50,71,60,100,71,
c77a953488e5607d,3.78,3.17,2.5,0.2,155,72,Orthodox,"Nov 23, 1982",14,5,0,46,54,51,31,70,Vinc Pichel
c945adc22c2bfe8f,3.02,4.63,2.47,0.4,135,68,Orthodox,"Sep 24, 1978",25,14,0,31,55,44,58,66,Brad Pickett
830f60497fab345a,2.65,3.62,1.26,0.1,185,80,Orthodox,"Aug 29, 1988",13,11,0,47,50,40,67,74,Jamie Pickett
5537efc6e496dd84,6.16,3.11,6.54,0.0,145,70,Orthodox,"Sep 23, 1996",14,5,0,53,45,50,0,68,Aaron Pico
9561eb5f0d63ffcc,0.0,0.0,0.0,0.0,115,,,"Jan 04, 1994",5,0,0,0,0,0,0,,
1cf7ccf64a5bf24e,3.3,3.93,0.61,1.5,185,76,Southpaw,"Jan 24, 1990",11,3,,52,51,40,38,72,Oskar Piechota
df7d386a54e07446,0.0,0.0,0.0,0.0,145,,,,12,7,1,0,0,0,0,70,
236a37d96d476164,2.62,2.36,3.08,0.2,170,71,Orthodox,"Sep 01, 1980",17,7,0,42,62,42,71,68,Mike Pierce
9a967e8e43dcef63,0.76,4.56,0.0,0.0,155,,Switch,"Dec 11, 1971",4,1,0,14,33,0,0,73,Joao Pierini
1c7308d2957a12d2,0.4,0.87,0.0,3.0,170,73,Orthodox,"Mar 03, 1996",9,3,,42,31,0,36,71,Jonathan Piersma
0d506315895efffc,3.84,3.73,0.39,0.4,170,76,Southpaw,"Mar 10, 1976",14,6,0,39,64,18,66,72,Sean Pierson
4bf6b225ff6099c4,1.31,2.96,1.2,0.8,135,73,Southpaw,"Jan 05, 1990",8,3,,47,40,42,54,72,Domingo Pilarte
7826923b47f8d72a,5.49,3.89,0.69,1.2,155,73,Orthodox,"Jan 03, 1995",23,4,0,52,42,21,44,70,Paddy Pimblett
fdd22e895a70e4a8,7.5,3.75,0.0,0.0,185,79,Orthodox,"Mar 12, 2002",9,1,0,56,56,0,100,73,Damian Pinas
361d49960a196976,2.85,3.26,1.42,1.5,145,69,Orthodox,"Aug 06, 1985",28,17,,49,45,24,54,67,Daniel Pineda
25af5e832f17b474,3.23,4.37,2.5,0.0,155,,Southpaw,"Jun 22, 1996",16,5,1,38,52,100,100,70,Jesus Pinedo
31bbd39c0a075d4e,2.36,2.99,0.25,1.0,135,72,Orthodox,"Feb 13, 1993",13,7,0,33,54,20,56,66,Pingyuan Liu
a3a542074109b347,3.29,4.06,2.33,0.2,115,62,Orthodox,"Nov 18, 1992",11,5,0,39,60,37,71,62,Luana Pinheiro
39d309957c5c210d,2.85,1.93,2.38,0.9,265,79,Orthodox,"Mar 14, 1998",12,0,0,69,58,26,100,77,Mario Pinto
8765559b6a29a421,0.99,2.44,0.0,0.0,135,65,Orthodox,"Apr 29, 1992",15,7,1,55,42,0,30,67,Gaetano Pirrello
98a58c26c5b1ed17,2.77,4.61,1.26,0.5,145,67,Orthodox,"Jul 07, 1987",37,9,0,45,55,33,74,66,Patricio Pitbull
c549573c0df4d676,4.1,3.93,2.24,0.8,185,75,Orthodox,"Nov 24, 1990",13,9,0,44,55,52,50,70,Maki Pitolo
30b7ef4026bd7c15,0.0,0.0,0.0,0.0,205,,,"Sep 14, 1997",11,4,0,0,0,0,0,,
9756095cb76b67c3,0.0,0.0,0.0,0.0,237,,,"Jun 11, 1985",24,5,,0,0,0,0,75,
f41b9f5efc7162d6,3.57,3.97,2.0,0.0,205,77,Orthodox,"Dec 01, 1995",11,5,0,46,49,46,70,75,Jamal Pogues
7215953cd5c6254d,2.62,2.77,1.19,0.0,170,,Orthodox,"Feb 18, 1980",6,17,0,23,58,100,0,68,Ross Pointon
029eaff01e6bb8f0,5.24,4.57,1.15,1.2,155,72,Southpaw,"Jan 19, 1989",30,10,,50,52,35,64,69,Dustin Poirier
53278852bcd91e11,2.25,4.26,0.87,0.2,205,74,Orthodox,"Jan 02, 1979",28,13,,45,40,29,51,72,Igor Pokrajac
b18fb36a4aa00093,2.6,2.83,0.0,0.7,155,,Orthodox,"Jun 21, 1981",2,2,0,26,50,0,87,70,John Polakowski
abb68e3c7ca128f2,6.22,5.18,0.62,0.3,115,63,Orthodox,"Mar 05, 1998",14,6,0,56,59,80,57,62,Julia Polastri
543cd2258f4fa339,0.43,0.0,0.0,0.0,125,,,,1,1,0,50,0,0,0,,
3bb030257966b022,2.0,1.33,0.0,0.0,285,,Orthodox,"Dec 27, 1965",1,1,0,38,57,0,0,76,Mike Polchlopek
6d1bffff14897645,4.78,4.68,0.6,0.0,170,73,Orthodox,"Sep 26, 1986",31,9,0,41,61,27,71,72,Santiago Ponzinibbio
d3fa5c5955397532,3.63,4.2,0.0,0.0,135,68,Switch,"Apr 18, 1984",13,3,0,37,55,0,45,67,Grigory Popov
56bf3ed155bd0fcd,4.01,9.81,0.0,0.0,205,,Orthodox,"Apr 06, 1992",9,3,0,57,33,0,0,74,Alexander Poppeck
303e017a9074f3aa,0.0,0.0,0.0,0.0,170,,,"Nov 23, 1987",9,2,0,0,0,0,0,,Felipe Portela
ac40f7e3cbecdda4,6.55,6.32,1.35,0.5,265,75,Orthodox,"Apr 22, 1985",14,9,0,50,51,26,66,72,Parker Porter
260bd4cef10b033f,4.44,4.96,0.73,0.0,185,75,Southpaw,"May 29, 1996",20,8,0,50,50,18,66,75,Ihor Potieria
8fc9ae9c7527dfcb,3.18,4.72,3.29,0.0,170,72,Orthodox,"Jun 09, 1984",18,9,0,50,58,66,100,72,Callan Potter
61e47575b24a06bf,3.1,5.78,0.0,1.1,225,77,Switch,"Jan 14, 1995",10,6,0,48,46,0,33,74,Dylan Potter
7e208569469c8bc8,0.85,5.92,0.75,2.3,247,75,Orthodox,"Feb 23, 1978",11,6,0,37,22,16,33,74,Ruan Potts
065eb44700e641a4,2.88,3.67,0.0,0.6,155,73,Orthodox,"Mar 01, 1988",9,4,0,41,51,0,0,72,Devin Powell
6370c1c1e12723d5,5.52,3.15,0.14,0.0,205,73,Orthodox,"Jul 14, 1988",17,9,0,54,54,20,53,75,Marcin Prachnio
7f6ef4e1227600bc,1.72,3.06,0.0,0.0,205,74,Southpaw,"Dec 30, 1986",12,3,,40,50,0,22,72,Wagner Prado
3920d0cc288f9b0d,3.68,4.31,0.76,0.8,170,69,Orthodox,"Jun 16, 2002",12,5,0,43,54,19,40,70,Francisco Prado
f5ff7bcdcfeba3ad,2.59,2.02,3.38,1.0,185,75,Orthodox,"Aug 24, 1972",34,11,2,60,48,55,74,73,Trevor Prangley
b51d0ed3782a1bf5,2.21,7.83,0.0,0.0,238,78,Orthodox,"Jun 02, 1990",10,2,0,57,37,0,0,79,Ricardo Prasel
4f853e98886283cf,2.03,4.07,0.43,1.7,155,72,Switch,"Jun 25, 1981",31,18,1,47,35,9,57,71,Carlo Prater
7ee0fd831c0fe7c3,4.41,4.3,0.18,0.0,170,78,Switch,"Aug 17, 1993",24,7,0,54,47,100,77,73,Carlos Prates
e51fcd9cd84c0b93,2.38,2.51,3.94,0.6,170,67,Orthodox,"Jul 25, 1981",26,4,0,47,57,36,47,66,Michel Prazeres
6597b611f1c32555,0.8,0.7,0.0,0.0,205,,Orthodox,,10,14,0,72,63,0,0,68,Philip Preece
873626e5547b5235,3.25,5.69,0.0,0.0,155,70,Southpaw,"Aug 30, 1989",18,10,0,34,48,0,45,70,Kyle Prepolec
ee4b670e159f4a33,0.0,0.0,0.0,0.0,170,,Southpaw,"Aug 20, 1977",8,5,0,0,0,0,0,75,Dorian Price
0597a4528ebd1307,1.44,2.59,0.0,2.2,185,,Southpaw,"Nov 09, 1982",19,4,0,66,48,0,33,74,Chris Price
d8da10db80131bec,5.11,5.57,1.06,0.6,170,76,Orthodox,"Sep 29, 1989",16,11,,43,48,30,50,72,Niko Price
5114f1b5ad4cdf72,0.83,2.25,1.78,0.0,205,,Orthodox,"Jul 30, 1984",5,5,0,26,62,20,0,75,Shane Primm
46caf130099206cd,1.73,2.27,5.0,2.0,155,,,"Apr 12, 1985",8,0,0,39,59,38,0,70,
009341ed974bad72,5.61,5.67,0.49,0.2,205,80,Orthodox,"Oct 14, 1992",32,6,1,55,45,60,68,75,Jiri Prochazka
e99821959a840bb8,5.64,6.5,3.15,0.3,125,67,Orthodox,"Nov 14, 1995",7,2,0,58,47,47,50,64,Lara Procopio
a36556bb1565e32d,3.39,3.93,0.0,1.8,155,72,Orthodox,"Aug 10, 1985",11,5,0,36,59,0,70,70,Joe Proctor
2a470ad41c22c25a,1.47,2.72,2.4,1.0,145,68,Orthodox,"Jan 17, 1981",6,2,,44,43,50,83,69,Cole Province
66e0a70352fef46a,2.77,1.17,1.21,9.0,235,,Orthodox,"Oct 09, 1981",8,0,0,68,38,50,81,75,Daniel Puder
3cf66c62d9069f43,3.6,4.07,0.7,0.6,125,67,Orthodox,"Jun 13, 1994",14,10,0,37,50,31,67,68,Lucie Pudilova
d747eb273a40a920,1.54,2.62,3.29,1.0,155,72,Southpaw,"Apr 21, 1996",13,5,0,46,48,33,60,70,Claudio Puelles
fdba548aff9763d9,1.27,1.27,1.0,0.0,125,71,Southpaw,"Jan 20, 1988",23,6,0,39,67,100,0,69,Juan Puerta
44f95ae20a6238e5,0.0,0.0,0.0,0.0,145,,,"Sep 17, 1996",5,1,0,0,0,0,0,,
6cf2352cdb3de59d,2.87,2.6,4.0,0.0,185,,,,3,3,0,67,23,57,80,70,
85d0fafb8b75d634,4.91,7.17,0.0,0.0,145,,Orthodox,"Apr 23, 1989",11,4,0,23,51,0,0,69,Juan Manuel Puig
308279bd246c211f,4.47,3.27,4.0,0.0,155,,,,6,3,0,63,57,66,69,72,
16867810070dc520,0.0,0.0,0.0,0.0,145,,,"Mar 16, 1983",17,8,0,0,0,0,0,70,Josh Pulsifer
44260175069b6276,2.12,3.13,0.22,0.3,145,70,Southpaw,"Dec 06, 1974",27,19,1,37,56,33,63,67,Jens Pulver
22e07d3da1aa3475,3.6,2.94,0.27,0.0,185,78,Southpaw,"Sep 10, 1997",10,5,0,55,55,16,56,76,Andrey Pulyaev
a8c9d16fe2a14d72,1.1,4.87,0.87,0.0,170,73,Orthodox,"Oct 26, 1978",0,1,,23,40,11,0,73,CM Punk
c1085e1701b13eca,3.52,3.22,1.45,0.9,185,75,Orthodox,"Sep 17, 1996",16,3,0,44,52,30,62,74,Joe Pyfer
f5990c11974d8e9c,2.74,2.84,1.8,1.5,170,74,Orthodox,"Sep 18, 1975",27,14,1,45,60,35,70,72,Mike Pyle
4fd140eea593526e,3.12,4.56,0.0,0.0,170,73,Orthodox,"Apr 24, 1989",9,2,0,56,22,0,33,72,Pat Pytlik
126bdc1710a8cbf4,3.51,1.78,0.67,0.0,125,66,Southpaw,"Jul 08, 1997",16,9,0,46,67,18,68,68,Qiu Lun
d365ee924f5cc3fc,0.0,0.0,0.0,0.0,145,,Orthodox,"Sep 04, 1979",19,10,1,0,0,0,0,63,Bao Quach
f7b4cbe93f3bac06,0.0,0.0,0.0,0.0,143,,,"Apr 11, 1971",3,5,0,0,0,0,0,68,Gary Quan
aa171d55d4b5208f,7.44,5.83,1.47,1.0,145,70,Orthodox,"Dec 08, 1988",18,7,0,54,42,24,61,70,Billy Quarantillo
52cae54377b433b7,4.96,2.8,0.25,0.0,185,72,Open Stance,"Mar 18, 1972",12,4,0,44,66,33,60,72,Nate Quarry
2a8502954f49e682,3.67,4.1,5.07,0.7,220,,Orthodox,"Aug 29, 1983",8,4,0,51,41,70,100,79,Vinicius Queiroz
ddbe4fa2ea573393,2.08,5.94,4.46,0.0,185,,Orthodox,"May 25, 1986",3,1,1,70,16,25,0,72,Jimmy Quinlan
876f478f796495f7,3.57,6.38,0.34,0.0,170,72,Orthodox,"Feb 06, 1993",6,3,,42,53,11,71,72,Josh Quinlan
cc23ed51619421a3,2.31,1.67,0.0,1.9,145,,,,13,7,1,41,48,0,0,68,
5e84a859c6a82288,2.91,5.98,0.0,0.0,155,73,Orthodox,"Dec 22, 1984",8,3,0,29,48,0,36,70,Michel Quinones
267f4a6568abe245,6.77,7.7,0.5,0.0,155,70,Southpaw,"Nov 21, 1995",7,3,1,40,55,33,100,69,Landon Quinones
36549928f90f1d36,3.6,3.0,2.7,0.6,135,69,Southpaw,"Jul 28, 1990",9,5,0,45,64,47,42,68,Jose Quinonez
7debc13b36343605,3.67,3.71,3.14,0.6,135,70,Orthodox,"Apr 26, 1996",19,5,0,43,56,55,85,68,Cristian Quinonez
2b13dba37724eb87,0.0,0.0,0.0,0.0,205,,,"Apr 21, 1997",8,0,0,0,0,0,0,,
01b39decaf0abf6a,2.62,2.31,1.06,0.4,185,,Orthodox,"Apr 05, 1979",21,7,,49,51,41,71,70,Benji Radach
45bc8f98d62bd096,1.35,2.38,0.0,0.0,185,,Southpaw,"Sep 28, 1976",23,5,0,23,66,0,80,67,Jordan Radev
feedf3053472fe56,2.5,2.45,1.99,0.5,170,72,Orthodox,"Jul 09, 1990",12,5,0,53,54,44,100,69,Charles Radtke
8c169fbe1ac33637,2.89,3.76,4.65,0.0,155,69,Orthodox,"Sep 17, 1990",18,6,1,44,46,57,42,71,Loik Radzhabov
6cc25d19a891f435,0.0,7.46,4.86,0.0,155,,,,1,3,0,0,37,100,0,68,Gilbert Rael
ff2c606c8bc365e3,0.6,3.6,0.0,9.0,170,,Orthodox,"Jan 06, 1981",9,8,0,33,50,0,0,72,Josh Rafferty
6eedb757f13b9978,7.75,5.9,0.0,0.8,145,72,Orthodox,"May 10, 2002",9,0,0,52,57,0,100,68,Marwan Rahiki
bc7f7f0ba3db74d2,0.67,0.0,0.0,0.0,205,,Orthodox,"Dec 07, 1974",11,10,0,25,100,0,50,72,Amir Rahnavardi
9b1e3fb4f8cbd5b7,2.55,2.62,0.95,0.0,170,77,Switch,"Jun 29, 1983",12,6,0,48,46,18,55,73,Ricky Rainey
01afe0916a40c7c5,3.25,2.17,1.4,1.2,170,77,Orthodox,"Oct 23, 1994",19,0,0,60,51,25,85,73,Shavkat Rakhmonov
63ff619c52ff7976,0.0,0.0,0.0,0.0,125,,,"Jun 21, 1998",4,1,0,0,0,0,0,,
333b9e5c723ac873,4.13,2.86,0.64,0.1,205,78,Orthodox,"Feb 06, 1992",14,6,0,50,51,21,85,76,Aleksandar Rakic
ffdeb4fbea09ce75,2.5,3.55,0.75,0.8,115,,Orthodox,"Apr 14, 1977",1,5,,44,64,20,0,67,Jessica Rakoczy
641ca2c2ed91b93c,0.96,2.25,0.0,2.4,145,71,Orthodox,"Dec 27, 1996",9,3,0,60,30,0,33,71,Zygimantas Ramaska
ea398c802d9998ee,0.0,0.0,0.0,0.0,410,,Sideways,,0,1,0,0,0,0,0,73,Thomas Ramirez
d1759b2b7be9be56,2.27,4.6,2.3,0.5,205,,Orthodox,"Mar 28, 1976",10,6,1,41,56,55,66,72,Hector Ramirez
96c05ba5ab9eccaf,3.03,0.67,2.53,0.0,125,,,,2,3,0,50,75,16,100,65,
4311e9d23604205c,0.0,0.0,0.0,0.0,125,,,,5,2,0,0,0,0,0,67,
ac31f869959860bc,4.93,2.07,1.0,0.0,135,,,"Jun 14, 1990",5,4,0,51,69,33,0,,
e99eb0ef25885de5,3.51,3.98,0.59,0.0,155,71,Orthodox,"Nov 03, 1992",8,3,0,44,37,33,25,71,Mitch Ramirez
3b5f2faaa2f2c1f6,0.0,0.0,0.0,0.0,160,,,,4,4,0,0,0,0,0,73,
abc8e1423cf5b74e,0.0,0.0,0.0,0.0,185,,,"Jul 22, 1985",7,8,0,0,0,0,0,72,Ian Rammel
7bc475b0fc2020ab,2.4,5.6,1.5,0.0,170,,Orthodox,"Jan 18, 1981",20,10,2,35,42,20,100,68,Luis Ramos
1ae8f3c723aacff4,2.91,3.97,2.51,1.0,145,72,Orthodox,"Aug 01, 1995",17,8,0,36,54,57,67,69,Ricardo Ramos
0052de90691d4a93,2.64,3.44,1.95,0.6,155,70,Orthodox,"Nov 05, 1986",10,4,0,37,56,40,83,66,Davi Ramos
fa4dcb2c8de482ee,2.3,2.67,1.82,0.0,145,70,Orthodox,"Dec 31, 1993",8,3,0,52,47,25,33,68,Dorian Ramos
30b577b112bef42d,4.0,8.0,0.0,0.0,170,,Orthodox,"Jun 03, 1992",3,1,0,25,55,0,0,66,Vernon Ramos Ho
6859f67468ba8489,1.26,1.12,2.0,0.8,205,,Orthodox,"Aug 10, 1971",17,16,0,54,57,56,30,70,Kevin Randleman
ed069a95aaaf4f56,2.01,6.75,0.0,0.0,195,,Orthodox,,0,1,0,16,60,0,0,68,Raou Raou
0be6776db31d98ec,1.91,2.92,1.98,0.0,125,64,Switch,"Oct 16, 1998",11,3,0,38,60,36,68,65,Mitch Raposo
9d61d8cb1c354867,0.0,0.0,0.0,0.0,135,,,,2,3,0,0,0,0,0,66,Hussain Rasouli
31e1ea6fe6b682f8,0.0,0.0,0.0,0.0,155,,,,2,3,0,0,0,0,0,67,David Rasouri
8c90c1563972e44d,2.71,2.96,0.28,0.0,155,71,Orthodox,"Mar 05, 1983",7,3,0,38,63,16,53,70,Ed Ratcliff
56370b594d5fe0b3,0.0,0.0,0.0,0.0,185,,,"Sep 27, 1998",13,3,1,0,0,0,0,,
907e60fd13407e1e,4.48,5.66,0.71,0.4,125,64,Orthodox,"Feb 11, 1989",7,8,0,42,57,40,68,66,Bec Rawlings
ea3ef6206c7907d5,2.08,2.58,1.49,0.0,185,,Southpaw,"May 27, 1973",17,15,1,40,53,100,0,70,Gideon Ray
d92e6e17f637fe4d,0.0,0.0,0.0,0.0,170,,,"Dec 17, 1984",13,0,0,0,0,0,0,,Joe Ray
31a13532e724ca2b,3.73,2.93,0.75,0.6,155,70,Southpaw,"Mar 25, 1990",23,9,0,44,54,46,55,70,Stevie Ray
bdd16cd6b29cb499,0.0,0.0,0.0,0.0,165,,,,3,3,0,0,0,0,0,,
a303588c33d8c5ae,1.2,1.4,2.0,0.0,145,,,"Dec 23, 1984",2,1,,42,53,50,75,63,
eae431e70064e046,3.64,4.01,0.84,0.2,185,73,Orthodox,"Aug 11, 1985",12,7,,49,54,33,51,70,Abdul Razak Alhassan
c36e1f4fa755ffb4,2.89,5.42,0.0,0.0,205,,Orthodox,"Jul 15, 1976",33,15,0,28,42,0,100,72,Antony Rea
849c5d9979df5357,4.79,4.36,3.05,0.4,155,66,Southpaw,"Oct 03, 1992",20,5,0,46,54,48,53,67,Mateusz Rebecki
972197a8c61ac413,2.19,3.29,2.82,0.5,135,67,Orthodox,"Oct 16, 1980",9,4,0,32,58,33,75,65,Rafael Rebello
49d78120e0a4f607,2.61,2.92,0.0,0.0,240,73,Southpaw,"Jun 13, 1982",24,8,0,39,58,0,0,72,Greg Rebello
3f56b99447f00607,0.72,2.99,0.0,0.0,145,,Orthodox,"Oct 20, 1986",12,7,0,34,41,0,50,70,Paul Redmond
4a35913bd9aa4161,0.0,0.0,0.0,0.0,205,,Orthodox,"Sep 11, 1969",45,62,1,0,0,0,0,,Dennis Reed
11337d069261bf3a,2.04,3.84,1.06,0.0,205,78,Orthodox,"Oct 27, 1988",6,1,0,44,38,22,53,75,Karl Reed
ac7c765882f2c68c,3.41,3.26,0.46,0.0,115,63,Orthodox,"Dec 05, 1992",8,5,0,53,51,60,53,63,Elise Reed
fb4ca5c7e4448645,0.0,0.0,0.0,0.0,155,,,,11,6,0,0,0,0,0,68,
3ba3b5cc94498437,3.29,0.84,1.15,0.0,170,,Orthodox,"Oct 21, 1982",13,5,,64,47,25,50,72,Johnny Rees
e9ec08ebb3f92aa3,0.0,0.0,0.0,0.0,155,,,"Dec 21, 1980",11,10,0,0,0,0,0,69,James Reese
23dec7c47cb418f8,4.48,3.92,2.8,1.3,185,77,Switch,"Mar 24, 1994",10,3,,54,43,61,52,76,Zach Reese
be5fd2ae27d20842,3.53,3.13,0.0,0.0,145,69,Orthodox,"Feb 28, 2001",11,2,0,41,73,0,55,68,Regezhen
24d98df7556ac8af,1.41,4.93,3.52,0.0,185,76,Orthodox,"Aug 05, 1991",9,4,0,60,23,100,0,71,Stephen Regman
d8022d5526b1d937,0.53,1.97,0.99,2.0,170,,Orthodox,"Jun 29, 1981",33,18,0,20,46,33,25,71,Chad Reiner
02500fb9fd79a974,0.51,4.07,1.91,0.0,135,,Orthodox,"Oct 31, 1969",20,3,0,40,43,12,50,66,Jason Reinhardt
5aedf14771ca82d2,1.83,3.04,5.15,0.6,125,65,Southpaw,"Jan 06, 1985",23,10,0,29,55,42,47,64,Wilson Reis
ee7b7768a4e6dc45,1.8,1.53,7.0,0.0,185,,,"Jun 27, 1987",17,2,1,46,54,43,0,75,
132f860d02953f4c,1.69,2.69,1.69,1.1,205,81,Southpaw,"Mar 20, 1984",15,8,0,37,59,50,33,75,Goran Reljic
918db42c3637916f,0.75,1.36,0.0,0.0,155,,Orthodox,"Jan 13, 1976",18,10,2,41,68,0,33,67,Leigh Remedios
b2d9758cdd124143,4.67,5.32,0.0,1.4,155,69,Orthodox,"Feb 07, 1998",9,4,0,64,36,0,66,69,Ren Yawei
01dfb60661153735,4.89,5.18,0.0,0.0,205,73,Orthodox,"Jan 25, 1994",12,3,0,45,56,0,100,72,Paulo Renato Junior
1ddb480b601cefb1,1.1,3.62,1.35,0.3,170,75,Southpaw,"Dec 31, 1986",14,4,0,20,49,26,16,74,Chance Rencountre
60193e707634e560,2.95,3.65,1.91,0.3,135,68,Orthodox,"Mar 16, 1989",7,2,0,27,57,37,85,68,Montse Rendon
c7d297714d9ab1a4,3.2,3.52,0.62,0.8,135,68,Orthodox,"Jun 20, 1977",9,8,1,41,59,63,50,66,Marion Reneau
ce6b5b93a96dd15b,5.2,3.53,2.0,0.0,170,72,Switch,"Feb 05, 1997",8,2,0,44,61,50,100,69,Solomon Renfro
1507214bbc7a79e2,0.0,0.0,0.0,0.0,190,,Orthodox,"Dec 31, 1972",18,28,,0,0,0,0,72,John Renken
f57cf3d54a641385,0.0,0.0,0.0,0.0,215,,Switch,"Dec 31, 1968",1,3,0,0,0,0,0,72,Herman Renting
edd02825c29028fe,6.0,5.52,0.0,0.0,155,71,Orthodox,"Nov 07, 1984",8,7,0,37,59,0,46,71,Marco Polo Reyes
2e19380f34871c6a,4.99,3.4,0.25,0.2,205,77,Southpaw,"Dec 26, 1989",16,5,0,53,49,28,82,76,Dominick Reyes
dc07493a87dc0a6e,4.46,6.92,1.5,0.0,155,73,Orthodox,"Oct 02, 1986",13,5,0,46,48,28,0,71,Alex Reyes
7333d6e0f6428acb,0.0,0.0,0.0,0.0,145,,,,15,7,0,0,0,0,0,68,
4a574b8512fc1b30,6.28,3.06,1.27,0.0,145,73,Orthodox,"Oct 13, 1993",23,6,0,47,41,50,50,67,Javier Reyes
e9bbcc6530e4cbe6,5.8,4.75,0.0,0.0,170,74,Southpaw,"Aug 05, 1986",11,5,,63,42,0,100,71,Victor Reyna
64db35f7782fe274,7.79,3.9,0.0,11.7,145,,,"Nov 11, 1986",6,2,,62,44,0,0,72,
7631e2ba8e1ab9a5,0.0,0.0,0.0,0.0,115,,,"Aug 28, 2003",9,1,0,0,0,0,0,,
319fa1bd3176bded,0.0,0.0,0.0,0.0,210,,Orthodox,,2,1,0,0,0,0,0,72,Johnny Rhodes
b7ad576b8ae115e6,3.2,4.13,0.96,0.5,170,74,Orthodox,"Dec 04, 1989",10,5,0,39,64,33,75,73,Mike Rhodes
042cc07ad5a53a33,4.07,4.4,1.0,0.0,125,,Orthodox,"Jun 24, 1992",8,2,0,46,45,33,0,66,Lucrezia Ria
beecb672a279223e,4.26,3.29,2.05,0.6,115,66,Orthodox,"Aug 26, 1993",13,7,0,39,60,52,82,64,Amanda Ribas
a757c06bbdba61d2,1.0,1.95,1.58,1.2,154,,Orthodox,"Feb 24, 1979",20,5,0,28,48,26,100,68,Vitor Ribeiro
8f4616698508f24d,1.83,1.64,1.15,2.9,135,,Orthodox,"Feb 17, 1983",10,2,0,28,74,100,50,68,Will Ribeiro
972c456ff38b2015,3.59,4.9,0.56,0.0,185,77,Orthodox,"Jul 17, 1992",11,5,0,51,30,50,66,73,Claudio Ribeiro
49edd0d90f60fb7d,3.04,3.91,0.85,0.6,205,81,Orthodox,"Sep 08, 1996",17,10,,42,53,42,21,75,Brendson Ribeiro
323d4ca260dfa0ba,7.27,5.83,0.35,0.2,155,69,Orthodox,"Apr 27, 1996",15,3,0,43,54,66,66,70,Esteban Ribovics
3c921b1a30fdcbdd,1.8,1.64,0.67,0.0,155,76,Southpaw,"Mar 18, 1986",11,5,0,32,65,100,54,72,Mike Ricci
bf9bc96336922271,2.48,2.53,0.0,0.0,155,,Orthodox,"Jul 21, 1982",10,5,0,41,64,0,64,71,Alex Ricci
d25240135aee03e5,4.0,4.83,2.51,0.1,115,61,Orthodox,"Feb 21, 1995",12,4,0,37,57,37,65,61,Tabatha Ricci
343d57cde1a14338,3.7,4.8,1.0,0.0,155,,,"Mar 11, 1987",6,1,0,44,47,22,81,,Matt Ricehouse
b3e5a460b6851080,0.0,0.0,0.0,0.0,205,,,"May 22, 1982",3,5,1,0,0,0,0,,John Richard
ad23903ef3af7406,17.65,5.29,0.0,0.0,265,,,"Oct 17, 1980",7,2,0,58,72,0,0,77,Rex Richards
d6a740cf6e898e27,4.06,3.49,0.0,0.0,135,,,"Jun 23, 1985",18,7,0,44,43,0,76,68,
98b76850b5f1e836,4.29,5.53,0.0,0.0,155,,,"Jan 05, 1989",18,4,,59,42,0,25,71,
d8a58e797518f011,0.0,0.0,0.0,0.0,,,,"Jul 25, 1993",0,0,0,0,0,0,0,,
37ed1ab2f8b819f4,4.71,3.53,1.77,0.0,155,71,Orthodox,"Sep 30, 1991",10,4,0,53,53,36,63,67,Brad Riddell
d023ae89a2a4a41e,3.01,2.74,3.51,0.5,170,76,Southpaw,"Jan 14, 1986",8,3,,42,54,50,89,73,Matthew Riddle
d512d9f204059f57,2.41,1.69,2.45,0.6,185,70,Southpaw,"Sep 23, 1982",44,17,,51,57,55,62,72,Joe Riggs
f1a9ad7485e5024a,0.0,0.0,0.0,0.0,185,,,"Dec 17, 1982",7,8,0,0,0,0,0,72,Jeremiah Riggs
f2c8ebbeafd45f2b,3.45,3.78,1.18,0.1,155,69,Southpaw,"Dec 09, 1980",30,14,1,34,61,34,60,68,Aaron Riley
995af04c697d78b7,0.0,9.68,0.0,0.0,245,,,"Sep 22, 1975",10,7,0,0,33,0,50,78,Jason Riley
b1de86d835638319,5.56,3.32,0.0,0.0,145,69,Orthodox,"Jun 30, 1999",13,0,0,57,64,0,37,69,Luke Riley
9be3728f3f7badb2,0.8,1.0,1.0,0.0,205,,Orthodox,"Apr 20, 1977",23,11,3,34,71,50,37,70,Moise Rimbon
c07efc18b231f170,1.56,2.32,1.45,1.2,145,72,Orthodox,"Sep 25, 1987",14,7,0,35,59,35,20,70,Jordan Rinaldi
b13da0b1a3aed3e7,3.52,3.48,1.36,0.3,185,74,Southpaw,"Feb 10, 1979",14,4,0,42,62,36,52,72,Nick Ring
fa9746fa5d23c202,5.11,9.15,4.04,0.0,145,68,Orthodox,"Jul 14, 2000",6,1,0,38,38,33,0,69,Robbie Ring
af90b10c785ced3e,1.68,2.99,2.58,1.0,155,70,Orthodox,"Jul 06, 1981",10,5,0,39,53,27,0,70,Mike Rio
868a78f2e810a837,0.0,0.0,0.0,0.0,145,,,,13,6,0,0,0,0,0,68,Albert Rios
2f5754b48eab1486,0.0,0.0,0.0,0.0,150,,,,4,2,0,0,0,0,0,,Rafael Rios
9ec12134b1515f12,2.93,4.13,2.0,0.0,125,,,"May 31, 1983",2,3,0,34,56,50,100,65,
1c7cce2f5c17160d,1.0,6.0,0.0,0.0,190,,Orthodox,"Sep 27, 1970",56,83,,100,50,0,0,69,Shannon Ritch
09f579be4520394a,1.37,2.14,1.79,0.9,145,69,Orthodox,"Nov 11, 1991",10,2,0,40,52,60,64,68,Diego Rivas
cb46dface0e28a2c,3.16,2.64,0.84,0.1,185,73,Orthodox,"Feb 28, 1972",20,9,0,48,54,50,63,73,Jorge Rivera
288aaa8f82040e02,2.27,4.0,0.0,0.0,185,,Southpaw,"Dec 08, 1974",16,7,0,53,25,0,16,73,Dante Rivera
0f7210aa8d61af8d,0.0,8.41,0.0,0.0,170,,,,6,8,0,0,20,0,0,70,Mario Rivera
7ea4a9f07df33a45,4.07,3.16,1.01,0.6,135,70,Orthodox,"Oct 08, 1981",11,7,,41,68,63,68,68,Francisco Rivera
145df84ea4dfd904,4.36,3.9,0.0,0.0,155,,,,4,2,0,49,60,0,0,,
9c907996820d2d69,4.03,3.9,0.88,0.1,135,68,Orthodox,"Jun 29, 1989",23,5,0,40,60,27,92,64,Jimmie Rivera
06a80a685ea98573,3.36,5.07,1.0,0.0,135,67,Southpaw,"Feb 14, 1989",10,6,0,44,57,16,70,66,Irwin Rivera
c9587d81e1d33925,3.21,2.6,0.0,0.0,125,72,Southpaw,"Apr 22, 1995",10,6,0,33,51,0,40,70,Jerome Rivera
73ab2872b8633322,0.0,0.0,0.0,0.0,170,,,"Feb 24, 1992",13,4,0,0,0,0,0,,
60917f79b7271d83,1.82,2.42,0.0,0.0,105,,,"Jun 12, 1985",9,10,0,20,78,0,0,63,Nicdali Rivera-Calanoc
b44f39a5c6596953,1.93,3.02,0.26,0.0,241,,Orthodox,"May 03, 1974",20,11,0,34,50,28,78,73,Pedro Rizzo
8aabef76351401d0,5.93,8.4,2.0,0.0,145,65,Orthodox,"Aug 10, 1994",5,1,0,48,40,40,0,67,Theo Rlayang
3b2485c8d5c8b580,0.67,3.2,0.0,0.0,135,,,"Jul 29, 1980",14,18,1,37,47,0,0,65,Justin Robbins
610caee730f9b89e,3.73,9.4,2.0,0.0,115,63,Orthodox,"Jul 05, 1984",6,3,0,46,44,33,0,63,Kali Robbins
37d5b176d438d2a5,2.57,2.42,0.72,0.5,205,74,Southpaw,"Oct 04, 1990",9,6,0,51,57,40,40,73,Karl Roberson
a54a35a670d8e852,0.0,0.0,0.0,0.0,345,,Orthodox,"Feb 24, 1965",14,2,1,0,0,0,0,74,Andre Roberts
775bad6d700d2302,0.0,0.0,0.0,0.0,170,,Orthodox,"Nov 15, 1975",5,8,0,0,0,0,0,73,David Roberts
c058823a2595ab09,0.0,0.0,0.0,0.0,200,,,"Nov 11, 1977",4,3,0,0,0,0,0,74,Joey Roberts
d1e6a6536ee62517,0.0,0.0,0.0,0.0,185,,Orthodox,"Jul 14, 1972",43,12,1,0,0,0,0,69,Tyrone Roberts
35dc6220b113b7ec,0.0,22.5,0.0,0.0,155,,Orthodox,"Jul 16, 1978",21,12,,0,45,0,0,66,Ryan Roberts
c5ec23983dc2d8f4,0.0,0.0,0.0,0.0,170,,,,3,12,0,0,0,0,0,71,Taylor Roberts
22edaf53ad59a967,0.73,2.27,2.46,2.5,170,74,Southpaw,"Aug 05, 1980",15,7,0,20,46,44,40,70,Daniel Roberts
b2a2da86546ddb19,2.17,2.08,0.0,0.7,185,,Orthodox,"Oct 17, 1982",12,3,0,34,70,0,76,74,Buddy Roberts
a6cba6bb66c1a8c9,3.18,3.73,0.24,0.2,170,74,Southpaw,"Jul 14, 1987",18,8,0,39,50,9,57,73,Danny Roberts
37c5366d18ed6c05,2.84,3.1,1.18,0.7,155,73,Orthodox,"Feb 11, 1994",12,6,,43,52,26,50,74,Roosevelt Roberts
6e0273f9478be71e,3.72,3.02,1.37,0.8,170,74,Orthodox,"Feb 14, 1984",15,5,0,47,52,26,57,70,Kenny Robertson
38c7f72747f4f712,2.71,2.86,2.76,0.9,115,63,Orthodox,"May 17, 1995",17,8,0,48,56,40,38,65,Gillian Robertson
b2aa1e07b5b3306e,0.0,0.0,0.0,0.0,135,,,"Aug 18, 1975",13,2,0,0,0,0,0,64,Chad Robichaux
4604ab1de9058474,0.0,5.8,0.0,0.0,265,,Orthodox,,1,0,,0,13,0,0,72,Mark Robinson
1a1a4d7a29041d77,6.19,7.91,2.58,5.2,243,,Orthodox,"Nov 27, 1968",10,12,0,69,37,100,50,76,Colin Robinson
cbe79765d44bd172,1.57,1.29,1.24,1.2,155,68,Southpaw,"Jul 16, 1982",15,9,0,50,51,50,25,69,Alvin Robinson
2782235b078b72a7,0.0,0.0,0.0,0.0,155,77,,"Jun 10, 1995",6,1,1,0,0,0,0,72,
d403b1a6f278c95e,2.64,4.5,1.4,1.9,155,73,Orthodox,"Jun 06, 1982",14,4,0,42,48,33,50,70,Vagner Rocha
4f736494fc733095,1.24,1.85,0.0,1.4,170,73,Orthodox,"Jul 12, 1981",9,4,0,34,55,0,52,70,Carlos Eduardo Rocha
5921fd3f889afa3b,0.0,0.0,0.0,0.0,,,,,1,0,0,0,0,0,0,,
e0d3d9b564f95635,5.09,3.67,1.64,0.0,125,64,Orthodox,"Aug 12, 2000",18,2,0,49,56,75,76,63,Lucas Rocha
52b6bf4528130e86,3.03,4.4,1.0,0.0,155,73,Southpaw,"Nov 05, 1993",12,3,1,39,49,13,88,71,Shem Rock
c75b99887c8c3f5a,1.13,0.21,4.63,4.6,185,,Orthodox,"Aug 28, 1965",12,4,1,73,66,75,100,72,Keith Rockel
00e11b5c8b7bfeeb,4.1,2.68,0.7,1.0,185,77,Southpaw,"Oct 17, 1984",16,6,0,49,53,29,65,75,Luke Rockhold
1abf785143f8d5ec,2.64,2.38,0.0,0.0,145,,,,15,16,,30,60,0,50,71,Kevin Roddy
d1c65d2cf2925ddd,5.53,4.78,1.9,0.4,185,75,Orthodox,"Feb 17, 1992",19,6,0,51,50,34,75,75,Gregory Rodrigues
102a8fdf8cbf7467,4.58,2.29,0.6,0.6,135,67,Orthodox,"Oct 22, 1995",8,4,0,57,53,22,53,65,Kleydson Rodrigues
19388069e19ec6b9,0.0,0.0,0.0,0.0,185,,,"Jan 13, 1999",6,1,0,0,0,0,0,,
48e43b65f7838878,0.0,0.0,0.0,0.0,185,,,"Oct 09, 2003",7,1,0,0,0,0,0,,
9ac4e43ed56429ed,4.5,2.1,0.0,0.0,205,76,Orthodox,"Oct 15, 1996",6,0,0,78,22,0,100,72,Levi Rodrigues Jr.
26eddcda9d6b2ffe,0.84,1.68,0.0,0.0,155,,Orthodox,"May 18, 1975",10,9,2,100,68,0,50,67,Paul Rodriguez
50cc91ce2982785d,1.85,1.15,2.3,1.0,265,,Orthodox,"Aug 19, 1977",53,25,,51,61,39,40,76,Ricco Rodriguez
5a6e4d2f0c76a242,0.81,3.23,9.09,0.0,170,,Orthodox,"Apr 25, 1985",11,5,0,33,38,75,0,69,Manuel Rodriguez
cbf5e6f231b55443,4.65,3.78,0.71,0.6,145,71,Orthodox,"Oct 06, 1992",21,6,,46,52,29,59,71,Yair Rodriguez
18b602842a24f7c5,4.35,4.24,0.0,0.0,205,82,Southpaw,"Nov 28, 1988",11,7,,53,41,0,37,76,Mike Rodriguez
cd2c4d30c6e13b47,4.51,3.01,0.27,0.3,115,65,Orthodox,"Apr 29, 1987",17,6,2,46,55,50,61,66,Marina Rodriguez
8a1f3b5c526cd6e6,7.2,5.4,0.51,0.1,170,74,Southpaw,"Dec 31, 1986",20,5,0,49,57,50,64,73,Daniel Rodriguez
90e0985df05e51bc,0.9,3.89,1.42,0.0,135,70,Orthodox,"Dec 10, 1987",16,8,0,27,40,50,44,67,Ray Rodriguez
f2900678e98f6d6a,2.71,3.8,1.09,0.8,125,65,Orthodox,"May 07, 1999",17,3,0,43,44,36,64,66,Ronaldo Rodriguez
dc3b9cf7641b7ab6,3.37,4.4,2.93,0.7,135,69,Orthodox,"Jun 16, 1996",7,3,0,36,58,66,75,68,Drako Rodriguez
f6e5972c9d16c40e,1.59,6.11,0.0,0.0,125,67,Switch,"Sep 05, 1992",7,4,0,37,50,0,0,65,Victor Rodriguez
e375cb5caf4717b6,4.04,3.13,4.04,0.0,115,63,Orthodox,"Nov 11, 1992",12,2,0,46,53,50,81,63,Piera Rodriguez
5ec591b78349ba7e,3.9,2.94,1.81,1.1,145,71,Orthodox,"Dec 17, 1997",13,4,0,50,56,40,67,67,Christian Rodriguez
776d4262c4da38bf,9.28,12.83,0.0,0.0,170,71,Switch,"Nov 13, 1996",5,2,0,43,42,0,100,69,Pete Rodriguez
6e8349a0a0476d60,5.71,2.42,1.3,0.0,125,64,Orthodox,"Nov 15, 1999",7,0,0,55,58,33,0,64,Imanol Rodriguez
7195e2a932686f82,2.31,6.92,0.0,0.0,205,,Orthodox,"Jul 06, 1987",7,1,0,17,44,0,0,74,Nick Roehrick
ab943cd2c3c17825,3.7,2.9,1.4,0.5,253,75,Orthodox,"Jun 25, 1985",22,10,1,57,51,45,59,73,Marcos Rogerio de Lima
9141bb39310773c7,3.17,3.2,0.0,0.0,265,81,Orthodox,"Feb 17, 1981",17,10,,44,46,0,58,77,Brett Rogers
f304aff405c4a8fa,4.79,5.76,1.22,0.6,185,,,"Feb 15, 1984",14,9,0,38,58,50,100,71,Brian Rogers
36f3d235493d35ad,0.66,1.71,0.0,0.0,145,,,,2,4,0,15,65,0,0,72,
59a27d2e6d0802ac,1.7,5.8,3.0,1.5,155,71,Orthodox,"Sep 27, 1994",5,1,0,31,42,33,0,73,Max Rohskopf
2804ce8dadab5770,4.92,6.42,0.46,0.0,145,71,Orthodox,"Jul 02, 1988",16,10,0,39,55,50,66,68,Marcelo Rojo
75e0d3cc2262b732,2.04,2.65,2.46,1.9,155,72,Orthodox,"Jul 14, 1979",11,7,0,34,60,33,42,70,Shane Roller
c4b6099f0d25f75e,3.33,2.41,2.5,1.2,170,,Orthodox,"Jan 26, 1977",8,4,0,57,39,50,50,69,Jared Rollins
3b83fec860a45ca1,0.6,2.4,1.0,0.0,170,,,"Jun 08, 1985",3,4,0,40,40,100,16,73,
c0badf3243907e59,3.78,2.13,4.49,0.9,262,75,Southpaw,"Dec 11, 1990",18,3,0,51,54,55,28,74,Alexandr Romanov
744e098e065cfdbe,2.17,4.77,1.63,3.3,205,76,Orthodox,"Apr 15, 1978",11,3,0,55,46,10,100,72,Ricardo Romero
f77c68bb4be8516d,3.44,3.05,1.57,0.0,185,73,Southpaw,"Apr 30, 1977",13,5,0,49,60,30,78,72,Yoel Romero
6f81399074fcdbba,5.87,4.0,2.0,0.0,155,70,Orthodox,"Feb 25, 1997",8,0,0,52,65,22,100,71,Anthony Romero
33df417d0017eb0c,2.6,3.27,1.0,1.0,145,69,Switch,"Apr 19, 1996",6,2,0,48,50,8,0,70,Kaleio Romero
15ea371202eb25e1,4.56,6.44,0.0,0.0,145,70,Orthodox,"Jan 30, 2000",8,5,1,49,44,0,71,68,Roberto Romero
82cbb809d5ee565c,2.54,2.48,1.83,0.2,125,69,Orthodox,"Jun 03, 1986",12,9,,37,71,44,66,66,Mara Romero Borella
8173f134396cb971,1.91,3.46,2.29,0.8,135,68,Southpaw,"Jan 06, 1994",9,4,0,38,39,66,64,64,Cortavious Romious
4a043165cf47cab2,2.18,2.18,2.72,0.0,125,64,Southpaw,"Feb 17, 1995",4,2,0,30,63,33,0,63,Juancamilo Ronderos
a13d755965a4ec9f,6.05,5.38,1.34,0.1,155,70,Orthodox,"Mar 07, 2000",28,6,0,51,53,62,84,69,Rongzhu
5580771f383e141f,3.54,3.39,0.46,0.5,155,70,Southpaw,"Dec 24, 1985",21,12,,47,57,28,57,70,Jesse Ronson
3c0437fbeda06962,3.43,2.47,1.05,0.1,135,72,Orthodox,"Nov 10, 1981",15,13,1,34,60,57,59,73,George Roop
0f6528b461e47462,0.0,0.0,0.0,0.0,155,,Orthodox,"Jul 22, 1971",7,2,4,0,0,0,0,66,Joao Roque
11f8860028b68fcf,4.03,4.41,0.36,0.4,205,77,Orthodox,"May 28, 1983",18,6,0,47,45,33,85,76,Aaron Rosa
40093d1d2d78394e,3.08,3.86,1.67,1.0,145,69,Switch,"Aug 24, 1986",14,8,0,36,47,35,38,69,Charles Rosa
351c4ec637380ad5,5.47,4.28,1.08,0.1,135,67,Orthodox,"Dec 30, 1994",19,8,0,55,49,48,72,65,Karol Rosa
f7faf5b19e0dec2e,7.19,10.66,1.12,0.6,155,74,Orthodox,"Jul 28, 1995",13,7,0,46,44,18,50,71,Jacob Rosales
fe2babf95de24fb1,1.34,1.24,6.1,0.9,135,67,Switch,"Oct 08, 2004",12,1,0,42,52,54,25,69,Raul Rosas Jr.
b9163ec845c3bfc8,2.33,6.13,0.0,0.0,115,63,Orthodox,"Nov 11, 1992",4,2,0,33,44,0,100,63,Hilarie Rose
4f2fcbefb668689d,2.68,2.33,6.51,1.8,185,,Orthodox,"Feb 09, 1982",12,5,,53,49,68,0,73,Jake Rosholt
91ea901c458e95dd,2.08,1.52,1.83,0.1,265,75,Orthodox,"Aug 04, 1986",14,4,0,46,59,41,66,74,Jared Rosholt
598a58db87b890ee,0.0,0.0,0.0,0.0,275,,Orthodox,,2,6,0,0,0,0,0,76,Kevin Rosier
208b6926916867c7,0.0,14.21,0.0,0.0,243,,,,3,2,0,0,25,0,0,,
51c655162e462ceb,5.96,7.39,0.0,0.0,125,66,Switch,"May 12, 1989",13,9,0,39,55,0,100,66,Shannon Ross
ff3a915256b899c0,2.8,4.33,0.0,0.0,205,,,"Nov 18, 1981",26,19,1,35,35,0,100,77,Nick Rossborough
af49a6c491ca22a3,0.75,2.49,0.0,0.0,205,,Open Stance,"Jan 31, 1972",4,3,0,50,41,0,0,72,Kristian Rothaermel
bd58d34e39b7b12a,3.71,4.63,0.68,0.4,265,78,Orthodox,"Oct 17, 1981",39,14,0,42,47,34,70,76,Ben Rothwell
872b018076f831b0,0.53,1.06,0.0,0.0,207,,Southpaw,"Jun 03, 1966",4,6,0,33,33,0,50,72,Rick Roufus
749f572d1d3161fb,3.88,4.33,0.0,0.1,205,76,Southpaw,"Feb 26, 1990",15,7,,40,49,0,58,73,Khalil Rountree Jr.
8bdac25ce0bb874d,4.17,4.14,6.26,4.8,135,66,Orthodox,"Feb 01, 1987",12,2,0,52,44,68,50,67,Ronda Rousey
cba3a2dfbc06ce79,0.54,3.22,2.69,0.0,185,,Orthodox,,2,1,0,21,28,33,0,68,Ray Routh
9d7fbf438766791f,0.87,3.0,0.0,0.0,145,,,,4,1,0,46,26,0,100,68,
8e382b585a92affe,3.51,4.15,0.46,0.2,170,80,Orthodox,"Jul 18, 1990",11,7,0,49,50,36,53,75,Phil Rowe
8ebc3a8da015d70c,4.6,2.12,1.34,0.3,185,78,Orthodox,"Jan 19, 1995",15,3,0,48,52,44,33,75,Cam Rowston
712aa894b3a344df,0.0,1.63,0.0,4.1,185,,,,2,2,0,0,14,0,0,,
09f8c233de88998d,0.0,0.0,0.0,0.0,135,,,,1,2,0,0,0,0,0,,Brad Royster
6e15f63b6c2e2c15,5.54,4.25,0.65,1.1,125,68,Southpaw,"Aug 16, 1992",17,9,0,41,43,75,45,69,Brandon Royval
2cd428e9606856fd,3.48,2.63,0.0,0.0,242,78,Orthodox,"Mar 17, 1988",15,6,0,48,52,0,72,74,Jairzinho Rozenstruik
140745cbbcb023ac,3.57,2.79,2.01,0.7,205,76,Orthodox,"Nov 25, 1981",27,14,1,50,54,48,49,73,Mauricio Rua
90e7447d8b7f3f35,2.48,1.85,1.97,1.2,185,,Orthodox,"May 22, 1980",20,13,1,45,53,45,37,71,Murilo Rua
597db668b01c442c,0.0,0.0,0.0,0.0,210,,Orthodox,"Jan 23, 1961",9,4,2,0,0,0,0,73,Marco Ruas
94070f6544c4b2a5,1.28,7.0,0.0,0.0,185,,Orthodox,"Oct 06, 1977",4,5,,35,41,0,0,70,Rodrigo Ruas
c4731f43693b96b8,1.13,1.0,2.0,0.0,145,,Orthodox,"Jan 29, 1987",10,16,1,36,62,33,33,65,Rodolfo Rubio Perez
92aed9d16794f42b,3.37,5.2,1.0,0.0,145,72,Switch,"May 15, 1998",11,3,0,34,45,22,71,68,Robert Ruchala
ccba80d4820ef557,1.7,5.16,2.04,0.0,155,,Orthodox,"Aug 29, 1977",18,8,0,31,41,11,28,70,Gabe Ruediger
9c393e836a852f30,4.19,3.83,0.0,0.0,155,75,Orthodox,"Jun 17, 1996",14,2,0,57,59,0,86,71,Mauricio Ruffy
7b9aa973e5c04624,0.2,1.4,2.0,0.0,155,,Orthodox,"Jun 10, 1967",1,1,0,25,47,12,0,67,Eddie Ruiz
657c21cb133f1445,2.56,1.67,1.43,0.0,205,,Orthodox,"Nov 03, 1977",33,22,0,64,28,31,21,74,Anthony Ruiz
babc0b19e89cec6e,1.4,1.4,0.0,20.9,135,,,"Jun 23, 1987",7,4,0,33,75,0,100,66,
1235b31de15d0c6e,2.21,6.19,1.75,0.6,115,61,Southpaw,"Feb 03, 1993",10,5,0,29,44,50,44,60,Montserrat Conejo Ruiz
353de740bb6c7e75,1.55,2.9,4.66,0.7,255,73,Orthodox,"Sep 11, 1976",15,3,,47,59,43,0,73,Mike Russow
03688dc3c3af3ac1,5.59,2.06,0.0,0.0,205,,Orthodox,"Feb 24, 1965",28,4,1,61,79,0,0,73,Bas Rutten
e5a898f2a1afec67,0.0,0.0,0.0,0.0,155,67,Orthodox,"Feb 16, 1996",20,4,1,0,0,0,0,68,
49d2a08964c5eb11,2.38,2.68,1.36,0.3,185,76,Orthodox,"Nov 19, 1993",37,9,,46,49,80,33,77,Nursulton Ruziboev
5b1b383265433f51,0.0,0.0,0.0,0.0,185,,,"Jun 27, 1987",7,3,0,0,0,0,0,,Casey Ryan
99223fbb4a05326b,0.0,0.0,0.0,0.0,155,,,"Nov 23, 2001",10,0,0,0,0,0,0,,Damian Rzepecki
b1669a810fae4220,0.57,0.96,5.73,1.0,135,,,"Mar 31, 1985",16,4,,45,66,60,0,66,Yusup Saadulaev
3c8a5200436e19f3,5.3,4.14,0.89,0.7,135,67,Southpaw,"Dec 20, 2000",9,3,0,46,51,28,47,68,Cameron Saaiman
7956f026e2672c47,0.0,0.0,0.0,0.0,135,,,,3,15,0,0,0,0,0,,Pete Sabala
633f0800d178dd21,0.0,0.0,0.0,0.0,255,,,"Jun 14, 1998",4,0,0,0,0,0,0,,
cb7ee07982de2a28,2.07,0.2,3.0,1.0,135,71,Orthodox,"Mar 31, 1993",9,1,0,57,25,75,100,70,Danny Sabatello
b8bbdeff718dbb7d,1.69,1.16,4.27,1.3,145,70,Orthodox,"Nov 09, 1990",22,5,0,54,54,41,50,68,Pat Sabatini
2650e2f846a30f64,4.71,3.55,0.57,0.3,170,75,Orthodox,"Aug 27, 1980",6,5,0,46,60,27,60,70,Amir Sadollah
ff62013d2fce6d13,4.69,5.42,1.08,0.2,155,69,Southpaw,"May 16, 1994",11,3,1,48,49,45,72,70,Nazim Sadykhov
9ba2226646046b63,3.94,3.5,1.74,0.1,135,66,Orthodox,"Aug 12, 1980",13,7,0,47,52,31,61,66,Frankie Saenz
a78f7a9135eb6249,3.82,3.82,0.0,0.0,125,67,Orthodox,"May 30, 1995",8,2,0,40,52,0,0,66,Terrance Saeteurn
88d7b6d8230e1f3f,4.03,2.96,2.52,0.0,185,78,Orthodox,"Oct 14, 1986",9,3,0,48,47,41,33,73,Saparbeg Safarov
0749d968e932df53,4.05,3.06,0.52,0.1,170,70,Switch,"Sep 06, 1986",16,7,0,47,62,36,84,70,Tarec Saffiedine
4ac1ecf8ce59ef23,2.5,2.94,2.33,0.0,155,71,Orthodox,"Nov 23, 1985",12,4,0,39,52,40,23,71,Jason Saggo
296a120cb880477b,4.05,2.64,0.92,0.5,125,73,Orthodox,"May 28, 1995",12,3,0,52,41,33,50,70,Kiru Sahota
cc4e571964b084d4,6.67,9.91,0.0,0.0,155,73,Orthodox,"Sep 18, 1990",11,5,0,44,43,0,66,72,Tatsuya Saika
96c76dd695eb3b88,0.91,2.74,0.0,0.0,125,68,Orthodox,"May 09, 1997",8,1,0,28,36,0,0,67,Mridul Saikia
6a6c4709ebc5499a,0.81,5.35,0.0,1.2,135,71,Orthodox,"Dec 11, 1997",5,1,0,28,41,0,33,70,Kaushik Saikumar
c2299ec916bc7c56,5.62,4.09,4.19,1.8,155,73,Southpaw,"Dec 18, 1995",17,3,,58,42,35,72,71,Benoit Saint Denis
50db8711c70196cd,3.03,3.33,1.09,0.5,205,80,Southpaw,"Apr 08, 1983",27,18,0,47,47,36,67,75,Ovince Saint Preux
fb41432b622992a9,2.06,3.88,1.01,0.0,155,71,Orthodox,"Nov 27, 1990",13,3,0,35,57,25,66,68,Lukasz Sajewski
94a5aaf573f780ad,0.3,2.4,4.5,9.0,185,,Orthodox,"Jul 26, 1973",6,7,0,25,50,100,0,69,Yukio Sakaguchi
441eacbe20e0e80b,4.6,3.83,0.23,0.0,265,77,Orthodox,"May 09, 1991",16,5,1,49,48,40,56,75,Augusto Sakai
7f955f71fa2ce7ac,3.96,2.8,2.18,0.0,185,72,Orthodox,"Sep 02, 1981",19,11,,47,59,78,62,72,Alessio Sakara
d7907a9a968e4d29,1.11,2.08,0.0,0.0,195,,Southpaw,"Mar 11, 1973",11,14,0,61,31,0,0,69,Wataru Sakata
4690d47bf725fd98,7.09,4.57,0.0,0.0,205,73,Orthodox,"Oct 19, 1983",1,2,0,58,53,0,100,72,Gokhan Saki
9b5b5a75523728f3,1.26,2.03,1.26,1.7,185,,Southpaw,"Jul 14, 1969",26,17,,41,51,31,48,72,Kazushi Sakuraba
85e26e2468b4e82f,2.45,1.94,1.87,0.3,168,,Orthodox,"Aug 24, 1975",38,13,2,49,59,69,56,67,Hayato Sakurai
ff9578cdbfabd323,1.8,3.44,0.52,1.6,183,,Orthodox,"Sep 18, 1971",24,24,6,48,58,100,36,67,Ryuta Sakurai
9b198c73e3d0d289,3.42,2.96,2.43,0.0,155,70,Southpaw,"Mar 13, 1982",12,7,0,43,68,20,0,68,Justin Salas
394f55ebca199124,3.01,1.19,0.49,2.5,185,,Orthodox,"Jan 11, 1971",14,9,0,47,76,18,36,72,Ivan Salaverry
72c4b253d2f5ebf2,1.95,2.89,1.77,0.0,135,,Orthodox,"Feb 21, 1988",10,6,,39,57,18,50,67,Roman Salazar
12e0fdc606f7e274,5.16,3.65,0.64,0.2,145,73,Orthodox,"Jan 27, 1991",16,7,1,50,60,17,44,71,Luis Saldana
3e36811b7bc1f6ad,0.99,1.86,0.0,0.0,170,,,,4,8,1,50,40,0,50,70,John Salgado
447f9858ae78f921,3.37,2.96,1.07,0.0,170,70,Orthodox,"Jun 09, 1984",22,6,0,49,62,32,72,71,Muslim Salikhov
74d5f71eeb0c66c7,0.0,0.0,0.0,0.0,245,,,"Nov 20, 1984",5,2,1,0,0,0,0,73,Gabriel Salinas-Jones
a049aa06508b9c7b,2.88,6.08,0.0,0.0,170,,,"Jan 28, 1986",8,6,0,40,20,0,57,70,Brandon Saling
17734443a833cdf7,5.01,3.03,7.25,0.8,155,75,Orthodox,"Dec 28, 1999",12,1,0,57,45,35,80,72,Quillan Salkilld
7c0847d3854a95f2,1.49,2.03,4.06,0.0,185,,Southpaw,"Sep 11, 1977",18,21,0,33,65,50,0,70,Sean Salmon
98e946879ba20c0f,4.13,7.75,0.0,0.0,135,69,Southpaw,"Nov 20, 1990",6,3,0,37,59,0,100,69,Boston Salmon
010986ee359fb863,1.68,1.68,2.85,0.5,185,74,Southpaw,"Mar 21, 1985",14,3,0,32,68,46,66,73,John Salter
65cdf4ec31143d86,5.48,6.5,0.36,0.0,135,70,Southpaw,"Jul 24, 1996",14,7,0,43,48,11,86,67,Vinicius Salvador
a7a3fb5f6c67b122,4.34,11.57,0.0,0.0,155,69,Southpaw,"May 20, 1993",5,2,0,37,46,0,0,69,Dylan Salvador
9deff9e3e8d94d47,2.08,2.47,1.09,0.4,185,79,Orthodox,"Mar 14, 1988",13,4,0,52,34,33,33,75,Josh Samman
b23388ff8ac6637b,1.32,2.64,9.89,9.9,170,,Orthodox,"Sep 11, 1975",3,1,0,40,50,50,0,68,Johnny Sampaio
f65dcb22dada2223,1.99,2.96,1.06,2.1,125,64,Orthodox,"Jul 24, 1984",11,5,0,36,55,33,40,64,Josh Sampo
983e281d257c24dc,0.0,0.0,0.0,0.0,135,,,,8,3,0,0,0,0,0,70,
438d497617ecb16e,5.95,0.0,0.0,0.0,155,74,Orthodox,"Jan 28, 2003",11,1,0,75,100,0,100,70,Samuel Sanches
82e7929bf6c2b689,2.69,3.02,1.51,0.8,170,72,Southpaw,"Dec 31, 1981",31,13,0,37,56,24,46,70,Diego Sanchez
7f0b4a75ef3039a3,3.45,3.3,1.13,0.0,230,74,Orthodox,"Nov 04, 1982",15,8,0,43,43,26,42,74,Eddie Sanchez
c6da1c24fe473418,0.0,0.0,0.0,0.0,300,,Orthodox,,0,1,0,0,0,0,0,75,Julian Sanchez
6a0047ac8c99fece,0.0,0.0,0.0,0.0,155,,Orthodox,"Dec 15, 1989",10,35,0,0,100,0,100,67,Bobby Sanchez
bb140b121283acbb,0.58,1.16,0.0,0.0,145,,,"Aug 18, 1984",31,17,0,50,55,0,50,70,Donald Sanchez
b12fc8a41e82d3a2,3.22,2.82,0.95,0.4,135,68,Orthodox,"Jun 24, 1991",11,4,0,36,63,71,51,66,Joby Sanchez
243a336eaa2d2eb4,4.45,4.17,0.25,0.5,145,71,,"Aug 11, 1990",15,3,0,35,55,6,16,69,
ef3663798164adf0,0.0,0.0,0.0,0.0,145,,,"Oct 04, 1990",8,3,0,0,0,0,0,70,
fccf811c1e8b01c7,4.3,5.1,2.55,0.0,185,74,Orthodox,"Apr 08, 1988",13,7,0,43,50,36,100,73,Andrew Sanchez
546f8599a63c29da,0.96,1.78,3.61,0.7,125,66,Orthodox,"Mar 05, 1986",8,2,0,40,46,62,50,66,Robert Sanchez
acdefc52a4b6c576,0.0,0.0,0.0,0.0,155,,,"Nov 15, 2001",9,1,0,0,0,0,0,,
59aaf2730b84698a,0.0,6.45,0.0,0.0,170,,Orthodox,,23,7,0,0,35,0,50,72,Jesse Sanders
96428b9e9bd048ea,6.61,4.37,0.71,0.2,135,67,Southpaw,"Dec 12, 1985",13,5,0,52,50,30,72,66,Luke Sanders
12f1b140e248bdb9,0.88,1.14,2.2,1.6,135,72,Orthodox,"Oct 01, 1979",16,3,,64,46,33,50,68,Jerrod Sanders
65f09bacd3957381,4.86,3.47,1.15,0.2,135,70,Switch,"Apr 20, 1992",18,6,0,45,56,34,56,71,Cory Sandhagen
9d51bcc281aa0514,0.0,0.0,0.0,0.0,135,,,,2,3,0,0,0,0,0,,Hugo Sandoval
f9ad10f6a49e5452,0.0,0.0,0.0,0.0,130,,,,3,3,0,0,0,0,0,,Raul Sandoval
696002b59f09d73b,1.82,12.12,0.0,0.0,135,,Southpaw,"May 11, 1986",7,7,0,42,60,0,0,67,Joseph Sandoval
449c890bd90f3374,3.31,2.33,3.49,1.4,125,64,Orthodox,"Jul 19, 1986",14,4,0,52,65,25,71,62,Hector Sandoval
29f935654825331b,0.23,3.22,0.0,3.5,185,,Orthodox,"Mar 12, 1968",5,1,0,50,17,0,0,71,Chris Sanford
57887765f831e228,2.71,2.15,1.94,0.0,125,,Orthodox,"Dec 04, 1990",4,2,0,46,51,60,68,64,Roldan Sangcha'an
4c12aa7ca246e7a4,0.0,0.0,0.0,0.0,243,,Orthodox,"Feb 02, 1965",0,4,0,0,0,0,0,71,Yuhi Sano
16a64f93f6678b7b,4.0,12.0,0.0,0.0,170,75,Orthodox,"May 30, 1991",4,3,1,33,40,0,0,71,Martin Sano
3143e5daff9e5b71,3.6,2.53,0.0,0.0,125,,,,3,4,0,51,74,0,80,69,
d6ead04919a894b1,6.01,2.72,6.44,0.0,145,73,Orthodox,"Jan 10, 1996",3,1,0,39,73,60,0,67,Duda Santana
19809d475ed832d5,0.82,1.65,0.0,2.8,155,75,Orthodox,"Jun 04, 1991",6,1,0,42,40,0,0,73,Shaheen Santana
86989ee8fe97884d,1.67,2.0,0.0,0.0,185,76,Orthodox,"Jul 10, 1996",7,3,1,34,52,0,0,74,Neemias Santana
39792c2f42c9f527,0.0,0.0,0.0,0.0,125,,,"Oct 25, 1984",17,6,,0,0,0,0,65,
f8dc544e7077d014,1.69,2.62,0.58,0.8,170,75,Orthodox,"Oct 09, 1980",25,12,0,35,56,30,52,73,Jorge Santiago
bc656db347f31e19,3.44,3.58,2.66,1.1,145,69,Orthodox,"Jul 28, 1989",19,12,0,49,36,50,53,70,Mike Santiago
4920292f5d9b76df,1.47,5.53,1.0,0.0,185,,Orthodox,"Feb 08, 1983",9,5,0,39,56,50,100,67,Will Santiago
9f95d6b5b459cc6b,3.87,4.87,0.0,0.0,135,67,Southpaw,"Oct 10, 1992",7,2,0,49,42,0,25,67,Richie Santiago
8299206ccebc44a7,0.0,0.0,0.0,0.0,155,,,"Jan 18, 1980",10,3,0,0,0,0,0,,Jose Santibanez
012fc7cd0779c09a,1.4,7.31,0.0,0.0,185,,,"Oct 26, 1972",18,8,0,12,52,0,100,74,Art Santore
c6e6926a81adcd00,0.0,0.0,0.0,0.0,,,,,0,1,0,0,0,0,0,,Adriano Santos
7ca4c3f8aa8bacae,0.0,0.0,0.0,0.0,,,,,0,3,0,0,0,0,0,,Paulo Santos
99bf06f20491cb54,3.94,6.01,0.78,0.4,170,76,Orthodox,"Dec 12, 1977",21,18,0,36,49,100,50,70,Evangelista Santos
7701377be464d2ef,4.4,4.0,0.0,0.0,170,,Southpaw,"Jan 02, 1980",63,10,,57,64,0,0,73,Luis Santos
14aa21bc82cac57d,3.0,6.1,1.66,0.0,125,67,Orthodox,"Sep 25, 1980",30,13,,30,57,23,83,65,Iliarde Santos
9c65736747ca92ec,2.82,3.4,0.88,0.2,155,75,Orthodox,"Feb 05, 1980",18,7,1,46,54,25,86,72,Leonardo Santos
dea070ed4a2a8281,3.72,2.57,0.88,0.1,205,76,Orthodox,"Jan 07, 1984",22,11,0,48,53,33,65,74,Thiago Santos
da1d8d76404bb6b5,1.18,2.27,3.0,0.3,185,,Orthodox,"Jul 17, 1987",15,2,0,46,56,37,66,69,Bruno Santos
5b5b78116d1fc3eb,2.77,4.17,2.5,0.0,170,,,,38,10,0,34,41,29,75,72,
d12ee718fb35c35c,3.4,4.4,0.0,0.0,145,,,"Aug 20, 1988",33,7,0,31,64,0,75,69,
3143bf892608139a,4.41,3.12,0.78,0.1,135,68,Orthodox,"Nov 11, 1989",17,8,,57,52,47,51,66,Yana Santos
f7467152fd9f18a2,3.39,2.64,2.0,1.1,125,68,Orthodox,"Jun 22, 1993",19,3,0,48,58,76,86,66,Taila Santos
4cb79988b2a9bd07,4.4,4.07,1.0,1.0,125,,Orthodox,"Dec 12, 1992",10,3,0,54,53,100,66,64,Marilia Santos
78719f6663ad9160,1.55,7.09,0.0,0.0,248,78,Orthodox,"May 03, 1992",12,3,,48,26,0,25,76,Edivan Santos
b67d6bacc68d4c92,5.15,5.38,2.6,0.0,145,67,Orthodox,"Mar 12, 1995",14,3,0,40,50,33,73,67,Daniel Santos
f2f140ce7532e327,4.35,4.31,3.8,1.2,145,70,Orthodox,"Nov 28, 1996",12,2,0,60,45,54,87,69,Gabriel Santos
5078e1dacf9d25f4,2.53,2.45,2.14,1.0,135,67,Orthodox,"Apr 16, 2000",11,2,0,53,64,37,85,66,Luana Santos
312f7d7b2b2f7de4,6.64,6.35,0.51,0.0,185,75,Orthodox,"Aug 01, 1997",11,3,0,42,48,28,85,72,Djorden Santos
480779d7f9a424d3,3.33,2.24,0.0,0.0,145,72,Orthodox,"Jun 10, 2000",18,1,0,48,65,0,69,67,Mairon Santos
1d147d4163a6989b,0.0,0.0,0.0,0.0,190,,,"Jan 16, 1963",1,1,0,0,0,0,0,69,Nick Sanzo
9f3d6ddef3d3cccc,3.19,1.88,0.58,0.0,350,,Orthodox,"Sep 22, 1974",11,20,0,55,49,100,72,77,Bob Sapp
7e47047d0971d566,2.23,3.1,0.36,0.7,185,73,Orthodox,"Aug 21, 1982",10,6,0,46,58,7,53,69,Daniel Sarafian
57186c150c645200,2.75,2.82,2.17,0.5,145,69,Orthodox,"Jan 01, 1995",14,5,0,50,40,80,66,68,Jeka Saragih
4f4dac51adc1af4f,1.64,3.58,1.33,0.7,155,,Orthodox,"Apr 23, 1982",22,20,1,32,62,40,0,66,Diego Saraiva
1a97a3ef4c758fae,5.87,6.18,0.0,0.0,265,75,Orthodox,"Feb 28, 1991",12,2,0,47,38,0,100,75,Gokhan Saricam
026b4f7049085842,0.84,3.46,2.36,0.0,155,,Orthodox,"Sep 09, 1983",36,26,0,25,36,60,57,69,Harris Sarmiento
2097b1a5ff47dfb0,1.43,2.06,0.0,0.0,155,,,"Jan 17, 1989",35,6,0,66,42,0,75,71,
e5c38954c006f15c,1.09,1.2,0.43,0.0,185,,Orthodox,"Sep 12, 1976",25,22,2,43,57,100,66,74,Yuki Sasaki
23bd78c3f89bdb54,0.33,0.93,0.0,0.0,183,,Southpaw,"Oct 07, 1979",3,7,4,45,46,0,0,67,Kyosuke Sasaki
7c3c48cf54a2848e,2.16,2.5,3.03,1.2,125,71,Southpaw,"Oct 07, 1989",21,6,2,41,50,43,41,70,Yuta Sasaki
7b143a54451263d9,0.53,1.9,0.53,7.4,155,73,Orthodox,"Aug 04, 1988",14,2,0,26,51,16,33,72,Paul Sass
b7bcf6dfbbb7c16c,2.76,2.42,3.76,1.9,145,69,Switch,"Sep 30, 1994",11,3,1,49,48,40,61,65,Keisuke Sasu
f4a031ac205ac580,1.4,3.76,0.0,0.0,220,,Orthodox,"Aug 17, 1965",1,8,1,35,41,0,58,73,Masaaki Satake
276c60b14b571dd4,0.46,12.92,0.0,0.0,170,,Southpaw,"Jun 08, 1985",19,11,,33,9,0,0,70,Takenori Sato
8abac218746e04ca,2.21,3.73,0.76,0.0,170,73,Southpaw,"Jun 09, 1990",16,7,0,41,44,37,60,70,Takashi Sato
c982b98d33825763,2.14,25.71,0.0,0.0,170,66,Southpaw,"Jun 08, 1993",5,1,,25,29,0,0,67,Shogo Sato
02f484417a6fa69d,2.14,3.66,0.0,1.7,205,79,Orthodox,"Aug 10, 1994",9,1,0,25,44,0,50,76,Uran Satybaldiev
f6f9d41669dd3eaa,0.66,0.82,2.47,2.5,135,,,"Mar 05, 1991",8,5,0,30,84,50,0,66,
36ab6af06e312b41,0.0,0.0,0.0,0.0,263,,,"Nov 11, 1970",25,12,0,0,0,0,0,73,Tom Sauer
20bd6c3e03c46ee6,0.0,0.0,0.0,0.0,170,,Orthodox,,0,2,0,0,0,0,0,65,Townsend Saunders
484acc7b0f856ce9,3.23,3.58,0.2,1.3,170,77,Orthodox,"Apr 13, 1983",22,13,2,50,51,40,66,74,Ben Saunders
4fe9492959834bf7,0.0,0.0,0.0,0.0,170,,Orthodox,,7,2,0,0,0,0,0,70,Chad W. Saunders
b35a159f525764eb,1.48,2.96,3.7,0.0,155,,,"Mar 11, 1986",16,8,0,22,75,100,0,68,Chris Saunders
67f0d1b1b0b39bec,1.39,6.95,0.0,0.0,170,72,Orthodox,"Aug 29, 1992",10,2,1,45,23,0,12,71,Christien Savoie
402ea3b5ee233852,2.54,2.37,7.63,2.5,185,,,"Jun 30, 1978",6,5,0,41,48,75,0,72,Lumumba Sayers
5b8ba8f5512893b1,4.83,2.81,0.36,0.7,155,68,Orthodox,"Feb 21, 1994",8,4,0,41,61,16,81,67,Matt Sayles
72b7c071910990b1,0.0,0.0,0.0,0.0,265,,,"Apr 23, 1981",5,1,0,0,0,0,0,77,
22a1f83edb865aee,2.27,3.03,0.0,0.0,205,71,Orthodox,"Oct 05, 1996",13,3,0,28,52,0,100,72,Mikheil Sazhiniani
771b60ff889661c8,2.2,3.33,3.0,2.0,170,,Orthodox,,9,2,0,35,48,75,25,69,Mark Scanlon
f59f1d3a2ff13edd,1.89,3.38,1.81,1.8,185,76,Orthodox,"Sep 20, 1977",14,8,2,34,56,36,50,75,Eric Schafer
030f08370fd1c2bb,0.94,4.84,0.0,0.0,265,,Orthodox,"Aug 09, 1971",24,13,,11,63,0,0,74,Kerry Schall
66e981516e2476d1,1.43,1.07,3.0,1.0,185,,Orthodox,"Apr 22, 1978",15,6,0,42,54,42,0,71,Eric Schambari
89a407032911e27e,2.92,2.22,2.32,0.4,245,78,Orthodox,"Mar 18, 1983",10,5,0,37,57,46,72,76,Brendan Schaub
a296ad1d238d97df,1.33,3.0,0.0,0.0,205,75,Orthodox,"Nov 04, 1992",14,7,0,36,47,0,100,74,Matheus Scheffel
a3244e3238541482,0.72,2.12,1.31,0.4,205,,Orthodox,"Jun 01, 1974",5,5,0,26,55,40,0,69,Antonio Schembri
0bc7e61d204f2137,1.31,3.2,1.09,0.0,257,,Orthodox,"Jun 30, 1972",11,10,,31,38,33,40,75,Fabiano Scherner
1208ffc5be6e31ad,1.68,2.62,0.94,0.9,155,,Orthodox,"Dec 24, 1975",10,6,0,34,38,50,66,68,Samy Schiavo
de12bd65e2f46478,1.87,8.24,0.0,0.0,145,,Orthodox,"Aug 28, 1988",5,2,0,26,52,0,0,68,Pat Schilling
f41fad444939056b,2.84,2.64,0.0,0.0,185,,,,2,5,0,52,48,0,44,75,
d5ed14b2153c6ed2,1.2,1.31,0.0,1.1,265,,Orthodox,"Oct 27, 1973",26,14,1,50,53,0,47,82,Semmy Schilt
89ea01f5a7ada40c,0.0,0.0,0.0,0.0,155,,,"May 19, 1983",10,6,0,0,0,0,0,68,Adam Schindler
b701f095e6ccb149,3.23,7.9,0.0,0.0,145,71,Orthodox,"Dec 28, 2000",4,3,0,30,45,0,0,72,Ollie Schmid
bd02e222a6166d50,0.0,0.0,0.0,0.0,185,,,,2,3,0,0,0,0,0,,Daniel Schmitt
aa943b9bc00cb0ed,2.17,2.5,2.5,0.0,135,,,"Mar 12, 1982",11,7,0,48,50,50,60,,Colleen Schneider
67c1d46f4ed16f9e,4.05,4.18,0.59,1.2,125,70,Orthodox,"Jan 15, 1990",17,11,,40,54,45,43,68,Matt Schnell
fdfef29ba17ee525,1.22,2.27,0.0,4.9,185,,Orthodox,"May 05, 1976",15,10,0,40,42,0,22,75,Alex Schoenauer
b0353e7f5038dd09,0.0,9.86,0.0,0.0,265,76,Orthodox,"Sep 22, 1997",5,1,0,0,53,0,0,75,Bailey Schoenfelder
5a558ba1ff5e9121,1.2,4.35,0.0,1.1,220,,Orthodox,"Jul 18, 1985",14,8,0,33,38,0,50,74,Darrill Schoonover
d86e913c548c07c2,0.0,0.0,0.0,0.0,240,,Orthodox,"Mar 03, 1965",20,17,1,0,0,0,0,72,Bob Schrijber
040426baba8a45e8,0.0,0.0,0.0,0.0,230,,,"Jun 02, 1973",11,10,0,0,0,0,0,73,Nate Schroeder
e44c679c30403cba,0.0,0.0,0.0,0.0,125,,,"Jul 16, 1988",11,10,0,0,0,0,0,63,Lacey Schuckman
c1684f00c626f4c0,0.0,0.0,0.0,0.0,200,,Orthodox,"Oct 26, 1960",1,1,0,0,0,0,0,69,Mark Schultz
b4443fae47e7eb9d,2.91,3.11,2.39,3.6,185,77,Orthodox,"Aug 09, 1996",9,3,0,46,43,21,0,73,Wes Schultz
99c80d2bd5dbe5a9,1.27,0.87,0.0,1.0,170,,Orthodox,,1,1,0,44,45,0,50,75,Brian Schwartz
79cbdf233e5e0496,0.0,0.0,0.0,0.0,205,,,,2,0,0,0,0,0,0,,Eric Schwartz
9fa568ad2bf2cb0b,3.56,2.16,3.42,0.5,125,66,Southpaw,"May 02, 1992",11,5,0,51,55,63,82,67,Justin Scoggins
34e552520a934063,3.52,4.31,0.32,0.7,170,76,Orthodox,"Jun 24, 1989",11,6,0,41,57,15,63,73,Brad Scott
0b235384fe23fc9c,3.9,7.79,11.69,0.0,145,,,,3,4,0,55,37,100,0,69,
4327506eb9ee342f,5.35,0.81,2.43,0.0,135,70,Orthodox,"Feb 26, 2000",10,0,0,58,71,66,100,68,Louis Lee Scott
03dee485905dbc9f,2.4,8.8,0.0,0.0,170,74,Orthodox,"Mar 09, 1996",7,1,0,37,68,0,0,75,Zachary Scroggin
0c01568b1ac77bff,5.5,3.33,0.0,0.0,185,,Orthodox,"Jul 30, 1977",13,15,,68,50,0,33,76,Mike Seal
b9af9f8834e39d3e,1.5,5.25,0.0,0.0,145,74,Orthodox,"Jul 07, 1993",10,3,0,40,22,0,60,73,Demba Seck
d1ce40aca99a9b70,0.51,0.81,3.03,3.0,170,,,"Sep 26, 1986",8,4,0,20,50,100,0,72,
55e94a9b525dcf45,3.21,1.28,0.0,14.4,185,,Orthodox,"Oct 21, 1980",4,7,0,66,0,0,40,72,Kenneth Seegrist
49a74b9fb2e45fdf,3.56,3.79,0.78,1.6,125,64,Orthodox,"Aug 30, 1979",16,13,0,41,58,27,53,64,Neil Seery
d6b68eaf4b68b160,0.0,0.43,0.0,0.0,225,,Orthodox,"Apr 10, 1972",0,2,0,0,0,0,0,69,Rony Sefo
646d5dbe509accd4,0.86,1.71,0.0,0.0,240,,Orthodox,"Feb 15, 1971",2,2,0,31,72,0,66,72,Ray Sefo
e4bb7e483c4ad318,2.6,0.6,5.0,0.0,185,,,"Jul 03, 1976",23,19,1,45,84,62,100,72,Brendan Seguin
5e1062e066c601e6,0.0,0.0,0.0,0.0,155,,,"Feb 08, 1994",14,8,1,0,0,0,0,70,
348dff4e03bd18c6,1.83,2.83,2.0,0.5,170,75,Southpaw,"Feb 12, 1992",12,4,0,50,64,33,25,72,Stefan Sekulic
0359313549d230a1,2.6,3.65,0.91,0.9,170,75,Orthodox,"Aug 05, 1982",10,7,0,42,51,21,47,71,Pete Sell
4aa58269d0664b5b,3.77,4.24,1.01,0.4,170,75,Switch,"Nov 23, 1992",11,8,0,42,54,57,45,73,Matthew Semelsberger
5f2f0da6fd6a84fd,0.78,2.44,1.74,0.4,185,,Orthodox,"Jun 17, 1977",34,9,2,15,60,80,55,72,Andrei Semenov
51b1e2fd9872005b,2.91,3.48,2.14,2.1,145,72,Orthodox,"Nov 03, 1980",8,4,,45,46,50,50,69,Mackens Semerzier
3ed134d85dfbd7b4,0.0,0.0,0.0,0.0,205,,,"May 21, 1981",2,2,0,0,0,0,0,71,
762572d67204fadb,1.07,2.4,0.5,0.0,115,63,Orthodox,"Mar 20, 1992",7,4,0,27,58,20,42,63,YeDam Seo
0505e27a5d00704a,4.91,3.35,0.0,0.0,145,67,Orthodox,"Aug 22, 1990",7,3,1,63,41,0,0,67,DongHyun Seo
88b250ba222c3a98,0.87,5.19,0.0,0.0,145,,Orthodox,"Oct 10, 1980",3,6,0,37,60,0,0,66,Kim In Seok
2f04c4183523be2e,5.29,17.65,0.0,0.0,246,,,"Jun 23, 1979",8,9,0,27,41,0,0,75,Ray Seraille
b23fca14c7b79935,0.86,5.33,0.0,0.0,205,,Orthodox,,12,4,0,26,29,0,0,72,Ivan Serati
253d3f9e97ca149a,4.94,3.1,1.84,1.8,170,74,Orthodox,"May 24, 1980",8,5,0,48,46,55,67,74,Alex Serdyukov
efab191f204ffa17,4.38,3.94,0.0,0.0,170,,,,1,1,0,55,59,0,0,,
86dfed7cc24a9fa7,1.98,2.64,2.05,0.9,170,68,Orthodox,"Jun 02, 1974",11,7,0,39,46,20,38,66,Matt Serra
1975c2272ba40e71,0.0,1.73,1.0,2.0,170,,Orthodox,"Mar 27, 1978",7,3,0,0,43,10,0,69,Nick Serra
e7ec11096eac0282,0.0,0.0,0.0,0.0,170,,,"Dec 23, 1963",56,29,4,0,0,0,0,68,Adrian Serrano
0ccab7c889ede9ea,1.58,1.89,2.84,0.0,125,65,Orthodox,"Sep 22, 1979",3,2,0,26,61,25,84,63,Fredy Serrano
dadaeb402526dca5,0.0,3.33,0.0,0.0,255,,Orthodox,"Jun 15, 1983",10,8,0,0,75,0,0,73,Carl Seumanutafa
6ad8e4296f7522d9,7.17,4.33,9.69,0.0,125,69,Orthodox,"Apr 21, 2003",8,1,0,52,47,71,50,67,Igor Severino
c670aa48827d6be6,0.0,0.0,0.0,0.0,250,,Southpaw,"Jun 08, 1958",101,19,1,0,0,0,0,74,Dan Severn
5dfe71ade71f3a4b,3.31,7.42,0.75,0.0,135,,Orthodox,"Jul 16, 1977",13,5,0,39,41,10,80,63,Rosi Sexton
c06d6b18862f9a53,2.25,8.76,3.37,0.0,170,71,Orthodox,"Dec 11, 1997",9,2,0,27,42,25,66,69,Rodrigo Sezinando
5c38639f860a5542,2.4,0.53,0.0,3.0,145,,Orthodox,,0,1,0,67,50,0,72,67,Scott Shaffer
4144798612ef96e5,4.06,3.87,1.43,0.4,185,74,Orthodox,"Nov 20, 1997",16,6,0,48,50,36,66,74,Edmen Shahbazyan
9eed2bcc9e0b92af,6.1,8.45,1.41,0.0,170,74,Orthodox,"Nov 18, 1995",12,5,0,52,33,50,0,76,Leon Shahbazyan
da4628f173337902,3.42,5.87,0.97,1.9,145,67,Orthodox,"Sep 16, 1990",12,5,0,50,31,25,20,66,Don Shainis
f300763147320d12,2.7,2.58,0.0,0.0,125,65,Orthodox,"Oct 24, 1991",8,2,0,30,74,0,0,64,Liliya Shakirova
ece280745f8727b8,3.06,2.99,2.07,0.0,155,68,Orthodox,"Aug 27, 1972",9,5,2,32,70,50,80,68,Kamal Shalorus
63b65af1c5cb02cb,1.47,4.3,0.94,2.5,205,72,Orthodox,"Feb 11, 1964",28,17,2,46,39,60,44,73,Ken Shamrock
fcaae0385b514f11,4.75,4.66,0.35,1.1,185,,Orthodox,"Dec 08, 1972",23,10,2,53,57,50,37,70,Frank Shamrock
5a7350645bc9bd6e,1.27,1.27,2.0,0.0,125,63,Orthodox,"Mar 15, 1986",32,8,0,32,60,100,0,67,Shang Zhifa
0f3a990526c5e706,7.41,15.0,0.93,0.0,252,77,Orthodox,"Jul 11, 1993",4,2,0,43,42,11,0,75,Sean Sharaf
5f23eaf9e9c34667,1.33,3.2,0.0,0.0,115,59,Orthodox,"Aug 29, 1991",5,2,0,16,40,0,55,61,Priya Sharma
285e32e41f61a5b1,0.0,0.0,0.0,0.0,205,,,,3,3,0,0,0,0,0,,Jason Sharp
a0c64f272b65d441,2.57,1.88,2.83,0.2,125,68,Orthodox,"Feb 02, 1991",12,6,0,42,63,51,46,66,Eric Shelton
029880cdbf5ca089,2.17,2.71,4.09,0.4,155,67,Orthodox,"Aug 05, 1973",36,4,1,35,55,46,56,66,Sean Sherk
01b352b6a9074d5c,6.04,6.65,0.09,0.0,250,78,Orthodox,"Nov 16, 1989",16,12,0,45,52,50,74,76,Chase Sherman
132deb59abae64b1,3.04,2.0,2.65,0.3,125,66,Southpaw,"Mar 07, 1988",26,4,1,52,63,61,76,65,Valentina Shevchenko
d7338bcb141abd2c,3.86,2.93,0.43,0.4,125,67,Southpaw,"Nov 20, 1984",10,4,0,55,52,42,53,68,Antonina Shevchenko
d683f4870742b273,3.09,2.92,1.02,0.2,115,60,Orthodox,"Nov 14, 1994",18,6,0,37,52,36,60,62,Shi Ming
d4da8995fc91e7ef,2.06,2.4,0.49,0.7,168,,Orthodox,"Nov 17, 1979",4,11,1,35,53,50,53,72,Katsuyori Shibata
fe435e440b5de0ff,2.45,1.8,2.83,1.2,170,72,Orthodox,"Jan 09, 1979",31,9,,36,56,29,35,72,Jake Shields
5d1700cfbaafbe06,3.6,6.0,0.0,0.0,185,72,Orthodox,"Jun 22, 1989",13,4,1,33,16,0,50,71,Henrique Shiguemoto
10657c60ce349e0f,0.14,4.68,0.0,0.0,135,,Orthodox,"Jan 31, 1985",30,18,,33,30,0,0,65,Shunichi Shimizu
b94ac19bad67a389,0.0,0.0,0.0,0.0,135,,,,6,1,0,0,0,0,0,,
a9a314cc77d90b6e,4.29,2.14,0.0,0.0,245,,Orthodox,"Feb 09, 1975",11,5,0,86,0,0,75,75,Wade Shipp
d9e1942637bd57a4,0.0,0.0,0.0,0.0,145,,,"Oct 07, 1986",18,11,1,0,0,0,0,66,
a79bfbc01b2264d6,1.02,4.07,0.0,0.0,168,,Orthodox,"Apr 02, 1980",26,14,2,100,55,0,0,68,Yuya Shirai
ad863b0d57952c57,0.0,0.0,0.0,0.0,,,,"Mar 08, 1977",7,1,0,0,0,0,0,80,Wes Shivers
ed3ea649b34ddb6c,4.36,1.71,0.0,0.0,185,,,"May 20, 1984",56,9,,60,63,0,0,71,
1d36f1ac66cf689d,1.4,1.75,0.0,0.8,155,,Orthodox,"Nov 15, 1989",11,4,0,33,60,0,61,73,Josh Shockley
821cd80aab70d5f9,0.87,0.87,0.0,0.0,235,,Southpaw,"Dec 29, 1980",6,3,0,32,58,0,23,76,Josh Shockman
b0c95dc8e858452c,1.03,2.63,1.79,0.4,195,,Orthodox,"Jan 31, 1974",14,17,5,34,53,73,82,68,Akira Shoji
1a54231796e24a3f,2.5,5.67,0.0,0.0,135,71,Orthodox,"Jan 20, 1990",9,4,1,30,55,0,66,70,Liudvik Sholinian
b8a85389d115e35a,3.6,2.31,3.22,0.6,145,71,Orthodox,"Feb 06, 1995",17,3,0,58,56,39,74,68,Jack Shore
35cc17760b06f36d,0.0,0.0,0.0,0.0,185,,,"Jun 14, 1976",11,19,1,0,0,0,0,72,Landon Showalter
1f4b1d7d12601c5f,0.0,0.0,0.0,0.0,205,74,Orthodox,"Jun 09, 1988",15,0,1,0,0,0,0,72,
585f9ffdb0cd0466,0.68,1.36,0.0,10.2,155,,Orthodox,"Feb 01, 1976",7,6,0,33,0,0,0,67,Brandon Shuey
762226efa2b01654,0.63,6.17,0.0,0.0,125,71,Southpaw,"May 05, 1996",7,1,0,66,25,0,25,67,Ronal Siahaan
b8aef0faf4ce9b31,2.46,3.55,1.45,0.9,145,67,Orthodox,"Feb 01, 1986",15,8,0,33,59,43,70,68,Sam Sicilia
cf772fb504842dc3,2.87,4.48,0.0,0.0,230,,,"Aug 17, 1988",11,4,0,28,61,0,0,71,Kiril Sidelnikov
1a2bf44edb8055b6,4.49,4.26,1.58,1.3,135,72,Switch,"Jul 04, 1996",12,2,0,39,54,25,20,71,Serhiy Sidey
d188a3b817860ec6,3.21,2.96,0.47,1.6,145,70,Orthodox,"Feb 15, 1987",29,16,0,41,54,21,55,71,Steven Siler
3cf68c1d17f66af7,1.08,1.96,1.47,0.0,290,,Orthodox,"Oct 08, 1970",12,5,0,26,50,50,80,73,Siala Siliga
9a08c2753184ac6d,1.02,1.53,3.83,0.0,125,,,"Jun 06, 1994",5,5,0,36,57,100,0,65,
e091482fa6648261,1.42,4.2,2.66,1.8,241,,Orthodox,"Jun 18, 1974",16,8,,46,54,34,25,70,Assuerio Silva
1f454354805b6f75,3.05,2.05,0.5,0.8,185,77,Southpaw,"Apr 14, 1975",34,11,,61,60,77,69,74,Anderson Silva
a1f6999fe57236e0,2.79,2.19,0.97,0.6,205,74,Orthodox,"Jul 03, 1976",35,13,,40,60,53,62,71,Wanderlei Silva
2924886ee9c4c527,3.92,2.55,1.03,0.7,205,74,Orthodox,"Nov 12, 1982",19,6,,50,67,47,70,74,Thiago Silva
55b8dc4e54fe2c59,0.4,2.72,0.42,0.4,385,,Orthodox,"Jul 21, 1963",2,6,0,15,47,100,16,89,Paulo Cesar Silva
9211aae062b799d6,0.73,2.93,0.0,0.0,160,,Orthodox,"Oct 08, 1977",19,12,,22,52,0,0,66,Jean Silva
a1153013cb5f628f,2.69,5.37,0.0,0.0,205,,Orthodox,,14,12,,14,50,0,0,,Edson Silva
a6c32678efd4f434,2.86,3.3,3.3,0.0,170,,Southpaw,"Feb 27, 1972",8,4,0,65,34,100,0,75,Sidney Silva
53bb0d40905b87c0,1.13,3.07,0.0,1.0,185,,Southpaw,"May 25, 1981",10,11,1,34,40,0,38,74,Jay Silva
8349d55cdecd393a,2.89,3.09,0.82,0.8,264,82,Orthodox,"Sep 14, 1979",19,12,1,45,50,29,66,76,Antonio Silva
2ba479b409011527,0.09,5.9,0.0,0.0,205,,Orthodox,"Mar 31, 1982",1,8,0,11,38,0,0,71,Fabio Silva
5866fc86183a9fb8,2.5,4.18,0.85,1.4,170,74,Orthodox,"Jun 21, 1984",19,9,,48,49,35,56,72,Erick Silva
159da492e000afbf,2.39,2.08,1.76,0.4,155,72,Orthodox,"Nov 11, 1985",20,6,,48,63,37,65,69,Leandro Silva
6f7c616b98e18c29,2.48,3.0,2.85,1.1,170,71,Southpaw,"Sep 06, 1982",14,4,0,42,46,26,44,71,Claudio Silva
fb79582c410d049e,1.69,2.87,0.0,0.0,170,,Orthodox,"Feb 07, 1987",6,3,0,29,65,0,58,72,Wagner Silva
a31358d90d4bb40a,0.67,0.73,0.0,1.0,135,,,"Mar 20, 1985",28,6,0,50,67,0,25,67,
ae7fe94f117f98cf,3.43,4.17,0.34,0.8,155,69,Southpaw,"Feb 05, 1989",14,6,0,43,53,50,70,68,Joaquim Silva
1b38a2b897f6209c,5.4,1.8,1.0,0.0,155,77,Orthodox,"May 08, 1984",8,2,0,50,59,100,71,72,Felipe Silva
b19aecbfbb5508cc,6.33,5.93,0.0,0.0,135,,Orthodox,"Aug 27, 1990",7,4,0,51,57,0,42,67,Dayana Silva
294aa73dbf37d281,3.95,4.72,1.94,0.2,125,65,Orthodox,"Mar 16, 1990",15,9,,51,51,24,72,64,Bruno Silva
12ebd7d157e91701,3.86,5.35,0.77,0.0,185,74,Orthodox,"Jul 13, 1989",23,13,0,48,41,22,74,72,Bruno Silva
002ca196477ce572,1.3,3.47,1.5,0.5,135,71,Orthodox,"Aug 26, 1994",8,2,0,34,45,25,38,66,Gabriel Silva
f6f2ea21a67be3a7,4.17,4.92,1.51,0.0,125,67,Orthodox,"Feb 23, 1988",6,4,0,44,56,100,66,65,Jacob Silva
262d32ebda89efc4,4.81,2.36,0.43,0.0,125,65,Southpaw,"Feb 03, 1997",20,5,1,45,66,30,90,64,Natalia Silva
0d09efd31eb9fadf,0.46,2.32,0.0,0.0,185,67,Orthodox,"May 30, 1995",7,2,0,40,33,0,0,74,Jansey Silva
4408865b4e65e374,3.0,1.13,2.0,0.5,115,64,Orthodox,"Dec 19, 1995",8,1,0,57,62,100,55,63,Maria Silva
9d62c2d8ee151f08,2.24,2.74,1.93,1.6,125,67,Orthodox,"Dec 02, 1993",19,7,0,38,52,50,26,65,Karine Silva
21b813b919776d90,2.06,1.52,3.26,0.0,145,71,Orthodox,"Mar 16, 1987",9,4,0,67,40,80,60,69,Erik Silva
4784a5b4a452464a,0.0,1.5,0.0,0.0,115,60,Orthodox,"Feb 16, 1992",5,1,0,0,62,0,0,61,Janaina Silva
4e33534d1e036444,4.86,9.85,0.0,0.0,125,66,Orthodox,"Apr 24, 1997",8,2,0,52,44,0,0,65,Jhonata Silva
52ef95b5860fb28c,4.82,4.5,1.2,0.6,145,69,Orthodox,"Dec 27, 1996",17,3,0,51,53,60,78,67,Jean Silva
d964a59c48381cb6,6.35,7.1,2.06,0.2,145,69,Switch,"Jan 30, 1997",11,2,0,54,61,36,75,67,Danny Silva
79f60d34ad48d7a3,0.0,0.0,0.0,0.0,125,,,"Aug 25, 2004",7,1,0,0,0,0,0,,
04e0507b94014dbb,2.58,8.61,0.0,0.0,155,72,Orthodox,"Jan 02, 1996",13,5,1,27,37,0,0,72,Samuel Silva
3a314d9fa7c6825d,3.54,4.09,0.54,0.2,145,68,Orthodox,"Jun 22, 1985",29,7,,38,56,42,71,67,Douglas Silva de Andrade
28e088bbcaaa6366,1.07,0.54,24.11,0.0,185,,Orthodox,"Apr 23, 1992",12,4,0,40,50,50,0,74,Leonardo Silva de Oliveira
f717b6002486f73f,0.0,0.0,0.0,0.0,242,,Orthodox,"Dec 09, 1964",6,4,,0,0,0,0,75,Marcus Silveira
52ba464d9068d871,3.67,2.97,1.62,0.2,155,73,Orthodox,"Sep 22, 1986",13,3,0,49,51,38,85,71,Elias Silverio
79e2cb1e813f881b,2.85,3.64,3.49,0.0,135,67,Orthodox,"Sep 06, 1997",7,2,0,42,55,25,100,66,Sim Kai Xiong
f0fad0e9f3b65752,0.79,1.92,0.0,0.0,135,70,Orthodox,"Sep 11, 1992",7,4,0,21,74,0,50,66,Jamey Simmons
5987b2458f4b5290,3.03,3.9,4.49,0.3,135,69,Orthodox,"Aug 31, 1992",22,7,1,42,61,41,76,66,Ricky Simon
d5f820c11a121050,3.6,2.53,3.78,0.5,170,73,Orthodox,"Jul 20, 1974",12,5,0,52,56,34,83,72,Aaron Simpson
e0f7c4f3f67bc808,0.98,2.95,0.0,2.3,260,,Orthodox,"Aug 04, 1979",24,14,,51,37,0,40,82,Wes Sims
9eedac48b497de5a,0.0,0.0,0.0,0.0,170,,,"Jan 18, 1974",3,4,0,0,0,0,0,,Marlon Sims
57bad6a84230f0c9,1.81,0.76,0.71,0.7,155,70,Southpaw,"Oct 14, 1985",12,4,0,63,65,50,50,71,Tony Sims
59c6d5af765df641,0.81,2.19,0.0,1.2,260,77,Southpaw,"Sep 04, 1988",4,1,0,66,30,0,42,77,Everett Sims
265589bdd93e7ce5,2.72,6.17,0.0,0.0,185,,Orthodox,"May 07, 1973",15,9,0,42,57,0,75,69,Lodune Sincaid
3b65c9dd39741bc4,1.2,1.73,0.0,0.0,155,,,"Feb 20, 1980",13,5,0,33,73,0,50,68,
546015aa2ad945fd,2.55,2.42,0.39,0.8,185,77,Orthodox,"May 28, 1976",11,9,0,39,63,25,64,74,Rory Singer
254ed71756cfd18c,0.0,9.05,0.0,0.0,135,69,Orthodox,"May 09, 1997",11,2,0,0,27,0,0,70,Rana Rudra Pratap Singh
f985ca2370a37078,0.0,19.51,0.0,0.0,115,65,Orthodox,"Jul 25, 2000",7,4,0,0,23,0,0,61,Kiran Singh
817e0bdf08efce2e,1.13,4.6,0.0,1.2,205,77,Orthodox,"Feb 13, 1971",7,11,2,37,53,0,0,75,Elvis Sinosic
71ef1111bf829b82,5.5,9.98,1.53,0.0,245,,Orthodox,"Apr 09, 1996",4,1,0,56,46,20,0,74,Mitchell Sipe
a46fdda658fee832,0.8,3.41,0.0,0.0,170,74,Orthodox,"Jun 23, 1994",19,5,0,100,19,0,0,73,Gian Siqueira
e6679e38e7fab7a8,2.21,7.73,0.0,0.0,135,66,Orthodox,"Jun 28, 1994",14,4,0,25,38,0,0,67,Jamie Siraj
a7ac3b1b0c4146db,2.8,7.37,0.0,0.0,125,63,Orthodox,"Jul 27, 1991",6,3,0,42,29,0,75,62,Jeremia Siregar
fce9b4056a8ef559,0.0,0.0,0.0,0.0,135,,,,1,2,0,0,0,0,0,67,
436cdea7bdfdc016,0.0,0.0,0.0,0.0,143,,,"Dec 25, 1974",0,1,0,0,0,0,0,67,Yokthai Sithoar
44a1dd0ef4373edc,0.0,0.0,0.0,0.0,125,,,,3,1,0,0,0,0,0,65,Jeri Sitzes
5f87a5c00b3d17ed,3.87,2.67,0.87,0.3,145,70,Orthodox,"Jan 13, 1979",23,11,,32,65,32,65,66,Dennis Siver
4bd6b4800070b069,2.01,3.21,1.74,2.3,145,72,Orthodox,"May 11, 1985",19,3,,40,49,34,39,71,Chas Skelly
caced97768818230,0.0,0.54,0.0,0.0,265,,Orthodox,"Jan 23, 1967",0,1,0,0,0,0,66,75,Matt Skelton
c337c3c85b1871e0,0.53,2.4,5.0,1.0,145,,Orthodox,,10,11,0,50,32,27,100,66,Zach Skinner
9db861c26b63daa8,4.0,1.85,9.23,0.0,185,,,,9,9,1,48,70,100,100,68,Brian Sleeman
80e6d71e14c1d356,0.0,0.0,0.0,0.0,199,,Orthodox,"Oct 17, 1977",16,5,3,0,0,0,0,72,Joe Slick
a2d1d3d144fed708,0.0,0.0,0.0,0.0,205,,,"Jul 14, 1985",8,1,0,0,0,0,0,73,
1979c80150f630c4,4.95,5.05,1.55,1.6,200,,Orthodox,"Apr 08, 1976",24,8,2,52,54,50,100,70,Kestutis Smirnovas
33e33d51f289d2a1,0.41,0.47,0.89,0.9,221,,Orthodox,"Dec 13, 1961",12,14,0,46,60,50,20,74,Maurice Smith
46c8ec317aff28ac,0.0,0.0,0.0,0.0,225,,Orthodox,"Aug 28, 1963",20,17,0,0,0,0,0,74,Patrick Smith
3410cf010558dc8b,1.9,5.87,0.12,0.5,185,70,Orthodox,"May 21, 1979",18,11,,27,50,6,58,72,Scott Smith
9114c8ded5ccd71d,0.0,0.0,0.0,0.0,,,Southpaw,,1,1,0,0,0,0,0,,Eric Smith
f626aa1c85f8af03,0.73,1.4,0.0,2.0,155,,Orthodox,"Jul 02, 1982",9,8,0,28,54,0,57,72,Josh Smith
e955046551f8c7dd,0.0,0.0,0.0,0.0,155,,,,5,1,0,0,0,0,0,,David Smith
754968e325d6f60d,0.0,0.0,0.0,0.0,,,,,0,3,0,0,0,0,0,,Adam Smith
ffee353f55e3aa2c,0.0,0.0,0.0,0.0,170,,,"Jan 07, 1984",0,0,0,0,0,0,0,72,Dillon Smith
f797f0c57a83353e,3.29,3.31,1.7,0.7,185,75,Orthodox,"Jan 05, 1981",15,10,0,55,51,32,60,75,Trevor Smith
d4c9dcd330403612,3.19,5.04,0.44,0.6,205,76,Orthodox,"Jul 26, 1988",38,22,0,49,44,22,50,76,Anthony Smith
2e25c1d983c26311,1.64,2.3,4.09,1.4,155,71,Orthodox,"Aug 14, 1987",7,4,0,41,51,36,25,72,Colton Smith
54ed8dc6f8c31207,1.09,2.73,3.51,1.2,185,,Southpaw,"Oct 19, 1981",12,6,0,41,35,60,0,69,Gilbert Smith
76984112f697631f,7.56,8.41,0.0,0.0,135,66,Orthodox,"Aug 17, 1982",10,7,1,40,51,0,62,69,Leslie Smith
207773daeb4afa7b,4.55,3.91,0.35,0.3,155,76,Orthodox,"Jul 30, 1993",11,4,0,53,49,25,85,69,Devonte Smith
56709e66f1c6008f,1.78,1.96,1.67,1.7,135,67,Orthodox,"Apr 05, 1989",7,2,0,35,49,33,45,71,Cole Smith
0bbb69f69c9a2eea,1.28,2.04,0.0,2.3,125,69,Switch,"Apr 09, 1995",6,1,0,38,35,0,33,66,Nate Smith
eaa9402e5a7990ad,6.46,11.54,0.0,0.0,257,72,Orthodox,"Jan 01, 1990",5,2,0,48,32,0,100,71,Braxton Smith
7478b7f959ba61f5,4.18,2.96,2.98,1.1,135,71,Orthodox,"Sep 05, 2002",10,1,0,48,46,53,53,69,Elijah Smith
85497ffd934ecf7e,6.89,2.78,7.78,0.7,170,72,Southpaw,"Jan 17, 1996",12,0,0,67,47,91,100,70,Jacobe Smith
c3217a727e43b0cd,0.0,0.0,0.0,0.0,155,,,"Oct 27, 1998",8,1,0,0,0,0,0,,
625b65b45c1c6888,2.95,3.53,2.16,0.0,135,,,,4,5,,36,68,33,57,68,
c5776fa8f4bf77aa,0.0,0.0,0.0,0.0,145,,,,10,7,1,0,0,0,0,,
75afb06215a07341,1.44,3.81,0.0,0.0,253,74,Switch,"Aug 05, 1982",9,3,0,42,55,0,75,74,Dmitrii Smoliakov
d2bc285ead803db0,4.67,4.11,1.69,1.8,135,68,Orthodox,"Jul 16, 1991",17,9,0,47,53,35,32,69,Louis Smolka
5c84f673b7bb7c15,3.97,3.57,0.0,0.0,135,69,Orthodox,"Sep 17, 1997",12,7,0,37,58,0,62,69,Cameron Smotherman
1b0491ef0f9c965e,3.52,8.67,3.52,0.0,170,74,Orthodox,"Aug 22, 2000",8,2,0,34,56,33,50,74,Shimon Smotritsky
f75c5ca0d91b9115,1.98,2.26,8.49,0.0,155,68,Orthodox,"Aug 17, 1991",3,1,1,77,65,66,0,69,Richie Smullen
7684c8137b4545ba,2.6,6.73,4.0,0.0,170,72,Switch,"Jul 21, 1995",4,2,0,68,25,26,100,70,Devin Smyth
03b1e846b09f721d,0.0,5.45,0.0,0.0,216,,Orthodox,"Aug 26, 1975",4,7,0,0,33,0,0,75,Denis Sobolev
1fcfc3709fe58151,2.14,2.9,1.53,0.5,170,75,Southpaw,"Jan 11, 1987",17,7,1,40,58,32,77,72,Peter Sobotta
d468288756ae3982,2.23,1.53,2.48,2.6,205,75,Orthodox,"Sep 07, 1975",37,11,0,45,57,42,65,73,Renato Sobral
d1152823307d7e7c,2.26,2.61,1.93,0.9,205,78,Orthodox,"Apr 18, 1984",18,18,0,45,56,47,78,70,Rameau Thierry Sokoudjou
1d2d98ddd05b38fb,4.07,5.29,2.22,0.0,155,74,Southpaw,"Sep 17, 1997",11,1,1,45,61,36,0,72,Axel Sola
f1451d605bad178e,1.16,1.35,1.45,0.0,250,75,Orthodox,"Jun 10, 1993",14,4,0,60,26,50,50,74,Alexander Soldatkin
af65aa688d13eedf,1.97,1.85,2.06,1.4,155,70,Orthodox,"Aug 27, 1993",13,6,0,53,50,48,14,69,Joe Solecki
324c7a749128df8d,0.0,2.8,0.0,0.0,155,,,,0,0,0,0,37,0,33,71,Chris Solomon
83b743fedde154fb,0.0,0.0,0.0,0.0,236,,Orthodox,"Nov 22, 1970",0,4,0,0,0,0,0,64,Joe Son
9775eabcb1be1a00,0.0,0.0,0.0,0.0,185,,,"Jan 20, 1987",2,2,0,0,0,0,0,,Paul Song
32490e80ddab1e5a,4.49,5.82,0.42,0.0,170,71,Orthodox,"Mar 10, 1990",22,9,0,46,51,30,73,72,Song Kenan
efb96bf3e9ada36f,4.34,3.81,0.82,0.2,135,67,Orthodox,"Dec 02, 1997",23,9,,43,55,41,73,68,Song Yadong
0efb0d4ebb950fcb,2.66,2.2,0.0,0.6,145,70,Orthodox,"Jan 03, 1996",10,1,1,56,52,0,50,68,YoungJae Song
c5dc1bf9b78f262c,0.0,0.0,0.0,0.0,135,,,"Apr 23, 2002",8,1,0,0,0,0,0,,
fe759b24e344d7eb,1.47,1.73,5.0,0.0,145,71,Orthodox,"Jun 26, 1992",14,5,0,46,48,21,0,70,Emrah Sonmez
48d1f690b763934c,3.08,1.1,3.81,0.4,205,73,Southpaw,"Apr 03, 1977",29,15,1,43,62,59,66,73,Chael Sonnen
3324129f3745b300,0.0,0.0,0.0,0.0,205,,,,3,7,0,0,0,0,0,69,
7c9c6a884be167fe,5.1,7.63,1.5,0.0,135,69,Orthodox,"Apr 01, 1993",9,4,0,36,52,25,100,66,Jin Soo Son
b6c37948cb226e8c,4.39,4.69,2.43,0.8,135,66,Orthodox,"Sep 25, 2000",13,3,0,58,52,60,76,66,Benardo Sopaj
4c9b84d559822830,4.79,4.79,0.0,8.3,205,,Orthodox,"Feb 15, 1991",16,7,0,50,48,0,100,74,Emiliano Sordi
bd5403efbaa445c0,3.18,2.14,1.33,0.0,145,70,Orthodox,"Oct 06, 1989",14,8,0,61,56,55,52,69,Sean Soriano
64facb6cc564262d,4.42,3.31,1.97,0.1,170,72,Southpaw,"Nov 22, 1992",13,4,0,53,47,51,48,71,Punahele Soriano
ec3bd30378d63dd1,4.53,2.5,2.0,1.0,135,70,Orthodox,"Aug 25, 1995",15,1,0,47,61,36,69,69,Hecher Sosa
85ff1b9471d35238,2.95,2.53,3.16,3.2,240,77,Orthodox,"Jul 06, 1989",11,0,0,70,35,66,100,75,Dmitry Sosnovskiy
326f94d6cfb1bf25,2.31,4.3,0.0,0.0,265,72,Southpaw,"Dec 10, 1989",7,3,,31,47,0,0,72,Ben Sosoli
59583ff832fe9d68,3.37,3.13,0.52,1.0,205,77,Open Stance,"Aug 02, 1977",26,12,1,39,58,25,71,73,Krzysztof Soszynski
896c322f56b8be5a,2.61,2.52,2.32,1.6,155,71,Orthodox,"Jul 09, 1977",14,7,0,27,67,31,53,70,George Sotiropoulos
9c669abd35b2522f,3.21,2.61,1.49,1.0,170,73,Orthodox,"Jun 03, 1986",9,4,0,63,52,27,44,71,Greg Soto
d18dbcb0f8e2b55d,2.95,5.02,2.82,0.0,135,,Southpaw,"Feb 15, 1984",8,3,1,25,59,30,0,68,Alex Soto
a4e85a58fbce64b2,3.36,5.37,0.85,1.9,135,65,Orthodox,"Mar 22, 1987",18,7,0,41,67,21,70,66,Joe Soto
cac3aaa66c20bee1,1.43,5.23,0.0,0.0,145,,,,7,2,0,23,42,0,0,72,
d0e50a3d1b250708,2.77,4.31,1.25,0.2,135,70,Orthodox,"Oct 23, 1988",13,8,0,44,49,53,58,69,Andre Soukhamthath
72782745eb47161a,2.82,2.99,0.52,0.5,185,79,Orthodox,"Oct 20, 1996",15,3,0,50,28,25,37,75,Mario Sousa
5870c541798124ae,4.15,3.71,0.0,1.6,155,70,Orthodox,"Jun 04, 1997",14,1,0,45,51,0,60,69,Manoel Sousa
aee8eecfc4bfb1e7,0.99,1.38,3.98,1.3,205,,Orthodox,"Dec 16, 1969",10,6,,39,65,78,64,74,Bobby Southworth
7a703c565ccaa18f,2.53,2.83,2.57,1.3,185,72,Orthodox,"Dec 07, 1979",26,10,,47,62,39,57,73,Jacare Souza
6c7020b859c7a3ce,4.65,2.91,0.0,0.0,145,74,Orthodox,"Oct 17, 1984",15,5,0,44,58,0,50,72,Edimilson Souza
dab8cfbb6b1db10a,1.75,3.6,2.54,1.4,115,63,Orthodox,"Mar 11, 1991",14,4,0,45,56,45,40,63,Livinha Souza
0e5c4e72237461bb,3.73,5.3,0.5,0.0,145,70,Orthodox,"Mar 07, 1996",10,3,0,39,45,16,60,70,Bruno Souza
20a0e4cc5227c117,4.24,4.86,0.0,0.0,170,79,Orthodox,"May 23, 2002",9,1,0,45,49,0,0,75,Jose Souza
8bd4200561c77a62,4.11,3.89,0.45,0.2,115,63,Orthodox,"Aug 18, 1994",17,6,0,57,53,13,53,63,Ketlen Souza
22b43be04d7454d0,1.62,1.62,0.0,0.0,185,73,Orthodox,"Dec 15, 1994",9,2,1,33,50,0,0,71,Heraldo Souza
c278e8843b8abfec,0.0,0.0,0.0,0.0,155,,,"Mar 11, 1988",14,26,0,0,0,0,0,69,Charon Spain
411d012af19ecb59,1.83,1.95,0.0,0.9,170,,Orthodox,"Nov 26, 1987",6,3,0,36,60,0,50,74,Chris Spang
b9eb5b4ed07d1525,0.0,0.0,0.0,0.0,185,,,"Nov 07, 1978",9,3,0,0,0,0,0,73,Andreas Spang
a67f5afa8d6a1b80,3.11,3.92,1.21,1.7,205,79,Orthodox,"Aug 24, 1991",24,11,0,39,43,34,59,77,Ryan Spann
743fd9080892501d,0.0,0.0,0.0,0.0,265,,,,8,3,0,0,0,0,0,77,
5847c1a960bb23af,0.0,0.0,0.0,0.0,115,,,"Jul 11, 1994",7,1,0,0,0,0,0,,
1411c630ba711b64,2.56,5.12,2.02,0.0,170,71,Orthodox,"Aug 20, 1984",21,7,0,51,35,33,33,70,Tommy Speer
ae4650eb56ab6a11,0.0,0.0,0.0,0.0,170,,Orthodox,,7,3,0,0,0,0,0,73,Patrick Speight
ab850a77a0fa487d,4.24,4.02,0.14,0.0,170,74,Orthodox,"Jun 25, 1987",12,6,0,32,60,33,68,70,Sean Spencer
39d91e95949de3d9,3.21,4.54,1.18,0.2,145,68,Orthodox,"Nov 29, 1990",9,3,0,48,45,18,27,66,Felicia Spencer
221b2a3070c7ce3e,3.27,3.27,1.75,1.8,185,,Orthodox,"Apr 04, 1976",9,5,0,62,54,11,75,71,Sam Spengler
7d68f3bec89e08ec,1.4,1.4,0.0,0.0,135,,,,3,4,0,25,66,0,0,,
5f2197acaba7d5ef,2.81,1.53,2.09,1.4,205,,Orthodox,"Sep 28, 1966",13,4,0,52,47,42,71,74,Mario Sperry
b9664eae2ac75262,3.71,5.72,1.31,1.0,185,73,Orthodox,"Sep 29, 1986",12,6,0,45,55,20,75,73,Eric Spicely
71caa995674203aa,10.0,10.0,0.0,0.0,170,,,"Jan 01, 1976",12,13,,100,0,0,0,68,Waachiim Spiritwolf
f86cb5f25d545e0e,2.6,5.3,0.74,0.0,245,82,Orthodox,"Jul 31, 1990",6,3,0,35,46,66,0,79,Daniel Spitz
e2f6b2769aaedd6c,3.57,4.23,3.82,0.5,260,78,Orthodox,"Jan 24, 1995",18,6,0,47,52,59,63,75,Serghei Spivac
87f3bbf52e6c9dc9,2.42,1.6,0.0,2.5,205,79,Southpaw,"Oct 12, 1984",15,6,0,49,53,0,28,76,Daniel Spohn
c3ea8deeba00462b,1.63,1.33,0.3,0.3,170,,Orthodox,"Jan 09, 1971",25,23,0,48,55,100,46,69,Pete Spratt
37cc294027f55e4d,3.54,3.15,3.37,0.8,145,71,Orthodox,"May 12, 1987",12,4,0,57,41,40,100,68,Austin Springer
6506c1d34da9c013,3.78,1.4,4.16,1.1,185,76,Orthodox,"May 19, 1981",26,2,0,53,72,74,83,71,Georges St-Pierre
6436029b50a9c255,1.0,2.89,7.48,0.0,155,,Orthodox,,8,3,0,20,34,45,100,69,Bobby Stack
69a400af4420cd6a,2.83,4.74,1.55,0.0,170,,Orthodox,"May 20, 1988",10,4,0,37,57,66,80,71,Andreas Stahl
6dd758d34da8d254,3.22,3.26,0.0,0.0,170,75,Southpaw,"Jan 25, 1983",14,8,,60,51,0,71,74,Ron Stallings
bf7ad5628363eec9,4.32,3.91,2.17,0.0,135,64,Orthodox,"Nov 09, 1989",21,8,1,46,60,37,76,66,Cody Stamann
175852708cb55776,2.5,3.07,0.85,1.7,115,,Orthodox,"Mar 29, 1994",5,2,0,50,52,100,40,63,Cristina Stanciu
579fcdfcabd23a7b,3.28,2.65,0.12,0.3,205,74,Orthodox,"Sep 24, 1980",12,6,0,42,59,12,60,73,Brian Stann
30ea504870f8597b,3.22,3.54,0.0,1.0,205,74,Orthodox,"Nov 19, 1984",4,8,0,54,54,0,87,74,Josh Stansbury
289a57039d742bfe,1.09,5.0,0.0,0.0,235,,Orthodox,"Jun 09, 1978",35,14,0,37,47,0,33,73,Dion Staring
93e4754d0984c82f,1.6,3.2,12.0,0.0,155,,,,1,5,0,25,66,100,0,,Lucas Stark
5abf827d62f98fee,1.94,2.49,1.94,0.0,185,78,Orthodox,"Apr 25, 1981",13,3,0,33,58,100,60,72,Clifford Starks
c8136ab8aa32c974,2.71,4.43,1.46,0.6,185,74,Orthodox,"Jan 06, 1975",17,11,1,48,53,33,25,75,Kalib Starnes
a12a8314adc1c1c9,3.31,3.73,0.83,0.0,185,71,Orthodox,"Feb 27, 1993",9,5,0,34,54,26,48,73,Laureano Staropoli
42a7e90605df3c8a,1.86,3.1,2.64,0.6,135,70,Orthodox,"Feb 20, 1990",10,6,0,36,52,35,43,65,Damian Stasiak
16044bd8762cf794,0.0,0.0,0.0,0.0,170,,,,0,1,0,0,0,0,0,,Adam Steele
68c11c27d4d56572,2.32,2.42,2.95,0.0,170,74,Orthodox,"Jan 27, 1988",14,9,0,49,50,42,76,70,Dominique Steele
09a6ed4ee97a5606,4.07,2.93,0.0,0.0,135,74,Orthodox,"May 26, 1988",6,0,0,70,50,0,91,69,Ricky Steele
aebaa8cec15b083d,3.85,6.2,1.07,0.5,155,71,Orthodox,"Apr 21, 1995",8,1,0,32,52,25,100,69,Kody Steele
377bc9dc0b2745f9,0.0,0.0,0.0,0.0,155,,,"Jun 22, 1983",5,1,0,0,0,0,0,,Eric Steenberg
0b5b6876c2a4723f,3.92,1.86,0.44,0.0,185,75,Orthodox,"May 05, 1981",9,4,0,55,49,50,58,75,Steve Steinbeiss
6000b5ae6c462142,0.0,0.0,0.0,0.0,170,,Orthodox,"Sep 12, 1979",14,7,0,0,100,0,0,71,Ray Steinbeiss
738acab0c6934dd8,0.0,0.0,0.0,0.0,217,,Orthodox,,0,1,0,0,0,0,0,75,Dmitri Stepanov
18968f97ad34f15c,3.13,3.25,1.1,0.4,155,71,Orthodox,"May 25, 1986",29,23,,40,57,38,61,69,Jeremy Stephens
cb696ebfb6598724,4.26,2.15,2.54,0.6,145,71,Orthodox,"Jul 31, 1989",26,5,0,52,59,32,44,67,Aljamain Sterling
310c4d4b2b32796b,0.45,1.79,0.0,0.0,155,,,"May 28, 1985",21,10,0,26,46,0,0,69,Marc Stevens
79899ecf62020f6d,2.05,2.44,2.75,2.2,145,70,Orthodox,"Jun 15, 1982",33,16,0,44,60,44,39,67,Joe Stevenson
2fee10d5cf86bfca,1.57,3.13,3.91,0.0,115,62,Orthodox,"Mar 19, 1982",6,5,0,54,33,100,50,64,Maia Stevenson
f7e856a73c96048e,0.0,0.0,0.0,0.0,249,,Orthodox,"May 31, 2000",3,0,0,0,0,0,0,,Gable Steveson
27b1a406ac171b19,3.75,2.34,3.75,1.9,170,,Orthodox,,6,3,0,56,53,33,50,71,Luke Stewart
a17ad5a5048e8c3f,3.05,3.29,1.75,0.1,205,74,Orthodox,"Dec 30, 1990",12,8,,45,48,45,67,72,Darren Stewart
bb61823f76361297,1.41,2.42,1.32,0.0,170,76,Orthodox,"Jan 31, 1989",11,3,0,35,43,20,60,72,Kyle Stewart
df5a77121ba84a5d,1.77,1.45,0.35,0.7,205,,Southpaw,"Dec 26, 1976",19,11,,42,52,66,66,74,Alex Stiebling
2cf520143e76cd2e,2.8,4.6,0.5,0.5,170,,,"Jan 17, 1986",30,10,0,23,56,100,0,75,Tyler Stinson
b4b496ec2197ee3e,6.24,2.62,0.86,0.0,205,79,Orthodox,"Nov 07, 1997",10,0,0,54,58,26,71,76,Navajo Stirling
cc3147b49c7d7d92,2.97,4.42,0.78,0.0,170,,Orthodox,"Nov 17, 1980",12,5,0,46,37,100,100,73,Dan Stittgen
4d25497994da569c,1.82,1.97,0.0,0.0,145,68,Southpaw,"Mar 22, 1989",12,5,0,29,59,0,0,67,Lazar Stojadinovic
a421465acbe59c77,1.51,6.06,0.0,1.0,245,,Orthodox,"Feb 02, 1980",13,3,,23,36,0,80,72,Denis Stojnic
a78a87d8c2bbb1cb,2.74,4.45,0.78,1.4,125,66,Orthodox,"Apr 08, 1993",11,10,2,38,46,20,54,67,Julija Stoliarenko
71505842fb6455c3,3.3,3.23,2.08,1.1,185,75,Orthodox,"Nov 15, 1991",16,8,0,45,47,37,46,72,Dustin Stoltzfus
62f7097c04311193,2.12,2.25,0.66,0.7,155,74,Switch,"Dec 28, 1992",12,6,0,48,49,100,55,73,Niklas Stolze
fbf0947399d14323,3.85,2.9,1.24,0.6,135,71,Southpaw,"Oct 08, 1982",11,4,0,49,48,33,60,68,Ken Stone
8d477c3fbe001f9d,2.53,2.53,0.0,0.0,170,,Southpaw,"Feb 03, 1977",8,1,0,36,71,0,0,69,Ryan Stonitsch
61dd409cb40d1a55,0.0,0.0,0.0,0.0,185,,,,7,9,0,0,0,0,0,70,George Stork
5b5307450405abf0,3.8,2.17,2.53,0.9,170,71,Southpaw,"Aug 28, 1984",19,9,0,41,62,48,63,69,Rick Story
025f0b1b58fbad01,2.61,4.04,3.42,0.0,205,76,Orthodox,"Feb 09, 1992",13,4,0,45,58,50,83,72,Darko Stosic
91181b29be041f1c,0.0,0.0,0.0,0.0,220,,Southpaw,,0,1,0,0,0,0,0,67,Greg Stott
e09dbbd5fe3f0fe2,0.69,3.2,0.0,0.0,185,,Southpaw,"Nov 07, 1973",11,12,1,67,29,0,20,73,Curtis Stout
501b07aec9b8fc2d,4.17,4.08,0.63,0.1,155,70,Orthodox,"Apr 23, 1984",20,12,1,28,57,38,77,69,Sam Stout
e1a4568fec1fc24f,0.0,0.0,0.0,0.0,185,,,"Feb 09, 1979",12,10,0,0,0,0,0,71,Tim Stout
8c39367b53eadf8a,5.03,5.28,3.87,0.0,135,70,Orthodox,"May 29, 1991",5,3,0,51,47,57,100,67,Jesse Strader
495add4fbede0a44,0.0,0.0,0.0,0.0,,,,,0,1,0,0,0,0,0,,Gennaro Strangis
980b4e712489098e,3.04,1.88,0.72,0.0,170,,Orthodox,"Jul 13, 1969",25,8,0,45,59,33,33,70,Dave Strasser
15347cd4cdf01b03,4.76,2.99,0.84,1.1,145,71,,"Jul 27, 1984",24,7,,43,57,15,81,67,
04f9fe830cf13482,0.0,4.0,0.0,16.4,155,,Orthodox,"Mar 01, 1979",9,7,0,0,38,0,0,69,Gerald Strebendt
0d8011111be000b2,5.98,4.53,0.66,0.1,185,76,Orthodox,"Feb 27, 1991",31,7,0,42,60,62,68,73,Sean Strickland
ef1182eb28c17d4e,1.4,4.07,0.0,0.0,145,70,Southpaw,"Jun 23, 1988",18,4,,45,40,0,66,68,Mark Striegl
523f6ad11dbe9b53,3.16,2.84,2.4,0.0,205,,Orthodox,"Jul 06, 1987",22,8,3,61,41,36,62,75,Hans Stringer
ebc1f40e00e0c481,3.12,4.04,0.56,1.7,265,84,Orthodox,"Feb 18, 1988",33,13,0,47,46,46,55,83,Stefan Struve
601cf40c09090853,0.0,0.0,0.0,0.0,160,,,,1,4,0,0,0,0,0,69,Josh Stuart
c0c36a5b3d5bbdd5,3.34,8.85,1.59,0.8,170,,,"Aug 01, 1986",11,4,0,43,47,25,33,70,Mike Stumpf
d30415ec5e8783cd,0.0,0.0,0.0,0.0,225,,Switch,"Feb 01, 1963",0,1,0,0,0,0,0,75,Kyle Sturgeon
b08012bbe542592a,2.86,1.63,4.52,0.7,115,66,Southpaw,"Dec 19, 1990",13,1,0,60,44,45,57,65,Tatiana Suarez
3a7513372f79c8c8,1.8,1.2,0.0,0.0,183,,Orthodox,,22,11,3,50,63,0,60,69,Masanori Suda
99dd0147dc4ef80c,1.55,2.23,3.58,4.2,155,,Orthodox,"Mar 08, 1978",15,4,2,39,33,60,50,69,Genki Sudo
b160e4f251283d70,5.7,4.89,0.0,0.0,205,75,Orthodox,"Jun 15, 1993",8,1,0,67,28,0,100,76,Lucasz Sudolski
8215e4fe24e8e81b,0.0,0.22,3.27,3.3,160,,Orthodox,"Oct 12, 1980",10,8,1,0,80,50,0,66,Daisuke Sugie
06c60fc2c8dcd7bd,1.37,2.08,1.33,0.0,225,,Southpaw,"May 31, 1970",1,3,0,40,53,66,0,71,Takashi Sugiura
b205d4f2ff44bc89,2.59,2.45,2.05,0.0,105,,,"Feb 03, 1978",12,5,0,48,71,100,66,61,Naho Sugiyuma
1dd1a3aacde66f72,3.96,3.2,0.0,0.0,135,66,Southpaw,"Jul 17, 2005",10,4,0,48,62,0,72,69,Sulangrangbo
6c7e25571490aa3b,3.53,2.42,1.37,0.7,170,73,Orthodox,"Mar 13, 1981",17,7,,39,57,20,38,72,George Sullivan
7aa88401f93ce836,1.98,2.19,0.27,0.3,183,,Orthodox,"Jul 01, 1976",24,7,0,37,70,100,88,69,Amar Suloev
fe1fdc6be470f773,0.0,2.4,9.0,9.0,185,,Southpaw,"May 11, 1984",18,6,0,0,42,100,0,74,Magomed Sultanakhmedov
31f9a1f56cbb6ac5,2.68,7.64,2.87,0.0,185,80,Southpaw,"Nov 16, 1989",7,3,0,48,34,100,0,74,Justin Sumter
3cf18e01cb6cbde3,4.4,2.29,0.76,0.5,125,72,Southpaw,"Jan 20, 1996",19,7,,50,63,37,73,68,Sumudaerji
6d537248fe7cccf1,2.2,3.53,1.0,0.0,125,66,Southpaw,"Nov 07, 1991",8,4,0,42,48,11,0,65,Rama Supandhi
22af3546bd967280,0.0,0.0,0.0,0.0,155,,,,6,4,0,0,0,0,0,70,
d1feea7a4bdcd503,5.74,4.45,2.09,0.8,185,79,Orthodox,"Jan 08, 2001",12,0,0,54,58,26,100,74,Baisangur Susurkaev
cdb7b38b1b357f26,1.81,2.03,4.95,0.0,264,76,Orthodox,"Feb 08, 1994",11,5,0,68,30,42,0,75,Louie Sutherland
cc5834a495d1ea08,2.07,4.97,0.0,0.0,210,,Orthodox,"Aug 07, 1973",0,1,0,83,36,0,0,72,Jason Suttie
a6a9ab5a824e8f66,0.0,0.0,0.0,0.0,205,,Orthodox,"Jul 07, 1969",2,4,1,0,0,0,0,71,Joel Sutton
556347e2b0e33979,0.0,0.0,0.0,0.0,185,,,"Aug 07, 1982",2,2,0,0,0,0,0,73,Chad Sutton
3d99e5aa85d7576a,4.09,11.73,0.0,0.0,260,,Orthodox,"Dec 04, 1991",9,2,0,55,51,0,0,72,Danilo Suzart
81d59c1e07478361,7.83,3.26,3.26,0.0,125,68,Southpaw,"Sep 08, 2004",8,1,0,47,70,100,0,67,Takaya Suzuki
bcad7223af3c19da,2.02,5.91,0.0,0.0,155,,,"Apr 25, 1985",15,6,0,38,38,0,0,73,Martin Svensson
cc39185f2d7d89e4,0.8,3.2,0.0,6.0,145,70,Orthodox,"Jan 30, 1991",20,10,1,44,40,0,0,69,Daniel Swain
d247691a6c0e9034,4.84,3.99,1.0,0.4,145,70,Orthodox,"Nov 02, 1983",31,14,0,51,59,50,63,68,Cub Swanson
9fe85152f351e737,2.36,2.29,1.06,0.6,170,77,Orthodox,"Jun 19, 1979",15,6,0,37,54,50,61,73,Mike Swick
5330fe7e4c3af81c,0.78,1.57,0.0,0.0,185,,Orthodox,"Aug 24, 1976",12,3,0,42,40,0,33,72,Floyd Sword
46e2011d92463b7e,3.41,1.87,2.45,0.3,205,83,Orthodox,"Nov 21, 1995",12,2,0,48,66,35,66,76,Oumar Sy
9f5e3c20ce40b344,7.27,5.5,0.41,0.0,135,69,Orthodox,"Dec 30, 1998",8,2,0,48,56,12,40,68,Klaudia Sygula
abd2109bc4cb0291,1.3,1.73,0.0,0.0,125,,Orthodox,"Dec 22, 1982",5,1,0,18,79,0,75,64,Bentley Syler
9094a881a7513de3,5.6,4.03,1.0,2.0,155,71,Switch,"Jul 29, 1993",10,1,0,69,48,40,77,69,Kevin Syler
58a36b4ccf5dc30e,0.0,6.58,0.0,0.0,205,,Orthodox,"Sep 03, 1973",10,16,0,0,27,0,0,71,Leo Sylvest
87b7df65c30008c4,0.0,10.12,0.0,0.0,225,,Southpaw,"Jan 27, 1978",11,3,0,0,12,0,0,73,Tony Sylvester
2a542ee8a8b83559,4.23,2.61,0.11,0.1,265,80,Orthodox,"Mar 05, 1976",31,10,,41,61,100,75,80,Tim Sylvia
d2d05dda5f887f87,1.13,8.07,0.0,0.0,260,77,Orthodox,"Dec 30, 1994",11,2,0,28,30,0,0,77,Kevin Szaflarski
f201f21cf2c79eb2,4.94,2.2,0.51,0.0,145,66,Orthodox,"Feb 03, 1994",10,2,0,41,65,20,84,66,Sebastian Szalay
224050896306f00c,2.7,3.52,0.0,0.0,205,73,Orthodox,"Sep 18, 1997",8,3,1,33,47,0,0,76,Bartosz Szewczyk
e7bc606d269896aa,0.0,0.0,0.0,0.0,300,,Orthodox,"Sep 12, 1963",0,4,0,0,0,0,0,77,Osamu Tachihikari
bb01bc3c57f39b04,0.0,0.0,0.0,0.0,115,,,,1,3,0,0,0,0,0,,
f70144caea5c4c80,0.0,0.0,0.0,0.0,160,,Orthodox,"Aug 17, 1963",2,3,,0,0,0,0,68,Eugenio Tadeu
6751b11102b6adfe,0.0,0.0,0.0,0.0,170,,,"Apr 12, 1992",13,3,1,0,0,0,0,,
e13abac8089a801a,4.05,5.11,0.0,0.0,264,74,Southpaw,"Dec 13, 1993",7,5,,54,47,0,53,72,Justin Tafa
c15fa95b9a12fde4,3.53,2.7,0.0,0.0,205,75,Orthodox,"Sep 21, 1996",7,6,0,52,52,0,72,75,Junior Tafa
b4537562f88ac582,2.64,4.12,0.0,0.2,135,69,Orthodox,"Feb 15, 1992",13,5,,32,46,0,61,65,Khalid Taha
9bf126927843e184,4.18,4.55,5.45,1.4,135,,,"Jun 27, 1984",23,7,1,42,59,40,100,64,
4461d7e47375a895,2.87,3.1,3.57,1.3,125,70,Orthodox,"Jan 27, 2000",18,2,0,54,44,43,46,67,Tatsuro Taira
8f5c8850b2484173,2.98,3.03,1.34,0.0,155,73,Orthodox,"Aug 08, 1988",27,6,0,39,64,63,88,69,Mairbek Taisumov
7498b3ac79a3b948,9.82,5.01,1.47,0.0,170,75,Southpaw,"Jan 12, 2001",12,1,,53,58,33,100,74,Taiyilake Nueraji
34fbfc3f65b64645,3.13,4.27,3.0,0.0,135,71,Orthodox,"Aug 14, 1999",11,3,0,39,62,42,60,68,Ryo Tajima
a25b71fe5e31fa97,0.31,1.92,1.15,0.0,220,,Southpaw,"Apr 12, 1962",2,6,2,24,39,20,0,72,Nobuhiko Takada
6420efac0578988b,2.26,6.47,0.0,2.3,199,,Southpaw,"Mar 13, 1969",30,27,,51,44,0,66,71,Yoshiki Takahashi
01f86e2d604e2f3c,5.11,8.78,0.0,0.0,150,,,"Apr 20, 1973",15,12,2,54,48,0,0,68,Yoko Takahashi
4f74c8be51db8a37,0.49,1.64,0.84,1.2,170,,Southpaw,"Apr 20, 1978",12,15,2,30,47,17,21,72,Daiju Takase
0d16bdb7d32e88e9,3.18,3.16,0.9,0.0,139,,Orthodox,"Jun 10, 1977",21,14,2,33,60,45,66,66,Hiroyuki Takaya
d856a0080ac09ed7,3.4,5.69,0.67,0.0,280,,Orthodox,"Sep 19, 1968",1,4,0,54,29,33,55,77,Yoshihiro Takayama
a7724f51e32e763e,1.37,1.71,1.48,1.1,205,,Southpaw,"Dec 08, 1979",6,5,0,39,55,50,25,67,Makoto Takimoto
1dc56b59cb28425d,0.0,0.0,0.0,0.0,210,,Orthodox,"Aug 26, 1967",17,5,2,0,0,0,0,72,Oleg Taktarov
6e743a33d56bdaa4,6.62,3.41,0.78,0.2,135,70,Switch,"Sep 09, 1998",11,1,0,56,46,44,77,70,Payton Talbott
49858bf46dabf6fb,3.66,2.62,1.94,0.0,170,74,Orthodox,"Jun 10, 1981",15,7,0,51,66,76,73,73,Nordine Taleb
6aab5c20395ee722,4.29,7.09,0.0,0.0,205,74,Orthodox,"Jul 10, 1996",7,2,0,57,31,0,100,72,Murtaza Talha
eaa0a728cc91ef60,0.0,26.67,0.0,0.0,220,,Orthodox,"Jul 16, 1966",0,3,0,0,50,0,0,72,Tsuyoshi Tamakairiki
bfd4d50591033a1f,0.0,0.0,0.0,0.0,135,,,"Aug 22, 1985",10,0,0,0,0,0,0,67,
30e8b4505f5ccf92,2.44,1.44,0.58,0.2,185,,Southpaw,"Dec 17, 1969",32,13,3,53,60,60,45,71,Kiyoshi Tamura
c95fbc085e17a532,3.73,1.94,0.0,1.0,135,70,Orthodox,"May 31, 1980",21,18,2,43,78,0,20,69,Akitoshi Tamura
57bf89d42364d39e,1.89,4.58,0.92,0.0,135,63,Orthodox,"Mar 12, 1984",10,8,0,53,44,25,33,65,Issei Tamura
ad3041e61896b975,0.69,7.37,0.0,0.0,170,,Orthodox,"Dec 17, 1981",5,3,0,29,18,0,0,70,Jason Tan
1bf49bf829964144,0.19,2.05,5.59,0.0,,,Southpaw,"Mar 09, 1983",2,2,0,50,38,66,0,,Akihito Tanaka
64788ee44b062ded,1.97,1.99,2.4,0.2,135,67,Orthodox,"Oct 04, 1990",11,3,0,37,50,38,43,65,Michinori Tanaka
8f2d9ee27f206f1f,3.05,2.64,2.55,1.3,185,74,Orthodox,"Feb 11, 1971",32,8,0,59,56,43,25,72,Evan Tanner
078b732efa497f49,6.6,6.67,2.0,0.0,135,69,Orthodox,"Jan 11, 1992",6,1,0,50,63,33,0,67,Kasey Tanner
b9124c308671e303,4.2,4.2,4.5,0.0,145,70,Orthodox,"Apr 09, 1998",10,2,0,68,49,36,85,69,Otari Tanzilovi
0eec866a077889f0,2.69,4.74,0.49,0.2,135,67,Orthodox,"Mar 14, 1981",12,14,1,21,58,40,66,65,Manny Tapia
37ac9e0f4fc86171,0.0,0.0,0.0,0.0,185,,,"Sep 02, 1979",8,3,0,0,0,0,0,67,Gary Tapusoa
9f5609dba6584ab2,7.6,7.0,1.0,0.0,135,66,Southpaw,"Oct 19, 2004",8,0,0,47,57,33,50,67,Regina Tarin
b96619b3acd7d9da,2.62,3.05,1.97,1.2,135,65,Orthodox,"Aug 18, 1986",20,10,0,44,51,30,56,66,Miesha Tate
7abf7f8778472b7b,4.85,5.0,0.89,0.0,125,66,Switch,"Aug 21, 1993",11,1,0,44,60,18,64,64,Aaron Tau
ef927e4fe2117ab8,2.13,1.82,2.0,0.3,145,68,Southpaw,"Aug 28, 1977",17,5,0,43,59,28,50,69,Deividas Taurosevicius
8a59d346dc976a10,2.0,2.31,3.83,1.5,145,70,Orthodox,"Nov 08, 1984",21,7,1,40,62,42,62,67,Thiago Tavares
681d07e328798ec0,0.0,0.0,0.0,0.0,135,,,,1,6,0,0,0,0,0,,Jeremy Tavares
0c6d9ea8306c029e,3.41,3.32,0.7,0.0,185,74,Orthodox,"Dec 21, 1987",21,13,0,43,54,26,80,73,Brad Tavares
c5ccd878231c5407,4.07,6.45,0.0,0.0,145,70,Southpaw,"Jan 09, 1994",10,4,0,43,54,0,72,68,Ramon Taveras
9b74de674c355425,4.44,4.47,0.27,0.5,155,72,Orthodox,"Dec 15, 1979",11,6,,47,55,25,56,72,Paul Taylor
dd992d569aaebee6,1.94,0.55,7.28,3.1,170,73,Orthodox,"Jan 02, 1983",31,15,0,65,38,50,100,72,Jesse Taylor
88e53ec16b801740,0.0,0.0,0.0,0.0,155,,,"Oct 11, 1987",13,8,1,0,0,0,0,67,Torrance Taylor
49bddfee9ed54cf3,2.06,1.24,2.48,0.0,185,,Orthodox,"May 12, 1979",13,4,0,32,68,28,100,71,Louis Taylor
637a4d8825464c62,0.0,0.0,0.0,0.0,145,,,,1,3,0,0,0,0,0,67,
b76c6268dc1d3c05,2.75,3.31,0.2,0.2,115,60,Orthodox,"Oct 25, 1989",9,4,0,29,71,20,70,60,Danielle Taylor
17c6e35e4da505b0,3.17,3.7,3.96,7.9,,,,,7,7,0,80,26,100,0,70,J.T Taylor
f5431394fb284bb9,4.04,2.99,2.75,0.2,185,75,Orthodox,"Sep 29, 1981",16,9,0,51,62,37,58,74,James Te Huna
b47c9ea5f2895d6e,5.7,18.44,0.0,0.0,145,69,Orthodox,"Feb 13, 1998",9,2,0,28,32,0,0,70,Cam Teague
5bb70ebd65075c5c,1.4,13.31,0.0,0.0,265,,Orthodox,"Feb 13, 1992",5,2,0,42,21,0,0,77,Shawn Teed
7ff97850e8c32bda,3.73,4.43,2.11,0.9,205,76,Orthodox,"Oct 28, 1979",33,9,0,49,51,33,60,74,Glover Teixeira
86061eaba822bfea,3.36,3.2,1.0,0.7,145,,Orthodox,"Nov 18, 1986",21,2,2,35,63,27,71,67,John Teixeira
de9e331b3e6bae70,2.0,3.22,0.0,0.0,242,,,"Feb 13, 1982",3,1,0,39,35,0,33,73,
17923f676f100e16,4.85,4.1,2.4,0.0,258,83,Orthodox,"Dec 07, 1999",9,2,0,62,41,30,0,79,Tallison Teixeira
1dab0d1d81dd06db,1.83,3.02,0.87,0.0,233,,Orthodox,"Feb 07, 1965",7,5,1,35,56,100,80,74,Tra Telligman
7d0a1968b38ca439,4.37,3.93,0.84,0.0,125,63,Orthodox,"Jan 31, 1997",19,3,0,40,59,50,100,64,Ramazan Temirov
87911d22a79d3203,5.67,3.4,0.0,0.0,145,70,Orthodox,"Jun 15, 1989",5,1,0,55,71,0,100,67,Taneisha Tennant
61d6368013f8637f,0.0,0.0,0.0,0.0,170,,,"Sep 27, 1989",15,3,1,0,0,0,0,,Herman Terrado
b9aa0024f295609e,2.62,2.8,3.28,0.0,170,,Southpaw,"May 10, 1978",7,7,0,43,48,38,100,68,Dave Terrel
4123fd4dcc1fe937,2.34,2.71,5.54,5.5,185,,Southpaw,"Jan 09, 1978",6,2,0,63,37,50,0,73,David Terrell
5befa793316d3469,3.23,4.77,3.31,0.0,170,,Orthodox,"Mar 16, 1981",19,9,0,32,64,36,75,70,James Terry
60f86c449cd31e23,1.09,9.27,0.0,0.0,205,,,,2,3,0,50,19,0,100,74,Jeff Terry
2747c60e42d9d75f,4.69,3.53,0.94,0.0,155,73,Southpaw,"May 01, 1989",8,2,0,43,55,33,77,69,David Teymur
fbf0537e420e698e,3.08,3.93,0.56,0.3,145,69,Orthodox,"Feb 03, 1988",7,4,0,46,56,18,60,65,Daniel Teymur
d34636a85f0f4c90,0.87,2.8,1.5,0.5,135,,Southpaw,"Aug 29, 1987",28,12,7,23,51,11,0,67,Motonobu Tezuka
f0264252e191da22,0.63,17.05,0.0,0.0,185,,Orthodox,"Aug 18, 1975",0,1,0,33,32,0,0,70,Jason Thacker
545092d13c67aa49,4.62,2.46,4.54,1.8,115,67,Orthodox,"Nov 20, 1995",14,1,0,43,59,57,100,64,Alexia Thainara
638cfec7ec559d6e,2.7,3.63,1.36,0.7,170,74,Switch,"Jul 11, 1985",11,5,0,42,52,66,50,74,Brandon Thatch
34f88592c0ab7a54,4.19,2.39,1.27,0.0,185,75,Orthodox,"May 31, 1988",16,3,0,42,53,28,59,73,Elias Theodorou
ca936c67687789e9,0.0,5.48,0.0,4.8,185,,Orthodox,,6,2,0,0,19,0,0,,Nik Theotikos
30a09e43f15f1d75,1.71,1.99,1.42,1.2,170,74,Orthodox,"Jan 25, 1981",18,9,0,39,63,31,63,71,Paulo Thiago
ed7d329d7c29428d,3.24,2.93,0.67,1.7,135,69,Orthodox,"Jun 23, 1999",9,1,0,41,54,7,33,67,Colby Thicknesse
40a604761ca7d64d,1.85,2.6,1.38,1.2,155,,Orthodox,"Sep 28, 1976",26,9,,37,59,52,76,69,Din Thomas
b732b326c362fb62,2.01,4.17,5.59,2.2,170,,Orthodox,"Nov 05, 1984",20,8,0,36,30,33,0,72,Ryan Thomas
319c15b8aac5bfde,0.44,4.99,0.0,1.3,135,,Orthodox,"Mar 27, 1981",14,7,0,13,33,0,0,69,Noah Thomas
2b33e57c4d0a4502,0.0,0.0,0.0,0.0,170,,,,5,2,0,0,0,0,0,70,Joel Thomas
ed5f04f833459877,0.0,0.0,0.0,0.0,145,,,,10,6,0,0,0,0,0,68,
7d3caf0f96f1b33d,1.87,1.8,1.06,2.6,170,74,Orthodox,"Jun 23, 1981",38,14,1,42,49,100,35,73,Nick Thompson
9e30f69cc0869301,5.13,3.19,3.14,1.3,265,,Orthodox,"Dec 16, 1978",20,16,,52,41,36,53,77,James Thompson
dcdd511ff757f15c,1.66,5.31,0.0,0.5,242,75,Orthodox,"Jan 02, 1980",17,10,0,46,46,0,50,73,Oli Thompson
4a28cb716c19157a,4.05,3.0,0.23,0.0,170,75,Orthodox,"Feb 11, 1983",17,9,1,46,54,35,63,72,Stephen Thompson
a566371ba2ad7152,2.59,2.12,1.92,1.3,155,71,Orthodox,"Sep 21, 1978",22,9,,47,64,39,54,70,Josh Thomson
5d8006587d6a6711,1.4,2.2,4.0,0.0,145,69,,"May 03, 2002",9,3,0,44,42,80,33,70,Isaac Thomson
fea8acf9bfcf09ec,3.85,3.85,1.12,1.7,170,79,Orthodox,"Mar 14, 1984",17,6,1,43,64,40,50,73,Simeon Thoresen
083e15da67d9b0fa,1.2,3.13,2.0,2.0,170,,,"May 24, 1984",8,8,0,50,38,66,42,72,Josh Thornburg
3848cd6cac73e091,4.27,3.13,2.0,0.0,135,69,Orthodox,"May 08, 2001",18,7,0,37,60,40,57,67,Ti Haitao
75e5fec9f72910ef,1.95,2.51,4.08,0.8,155,71,Southpaw,"Oct 07, 1983",33,14,0,31,63,53,92,70,Gleison Tibau
1d1b85389a05df69,1.07,1.13,1.0,2.0,155,,,"Feb 01, 1982",9,9,0,40,43,25,20,69,Chris Tickle
9eb069062a0cfc13,2.57,2.53,0.0,0.0,125,,Orthodox,"May 17, 1988",4,3,0,47,67,0,60,66,Nolan Ticman
9ce6d5a03af801b7,2.3,3.31,0.55,0.0,185,74,Southpaw,"Dec 24, 1992",18,5,1,46,56,46,69,72,Darren Till
7b461ccae8270207,0.0,0.0,0.0,0.0,145,,,,0,0,0,0,0,0,0,,Brett Tillis
c830bc2eb134b646,0.0,2.11,0.0,0.0,125,66,Switch,"Feb 09, 2000",8,1,0,0,69,0,0,64,Rio Tirto
0112352cb32f5026,3.61,5.23,0.96,0.0,185,77,Orthodox,"May 17, 1988",10,10,,41,38,42,72,73,Denis Tiuliulin
57481f1f10530c61,0.0,0.0,0.0,0.0,155,,,,3,3,0,0,0,0,0,,
d6a8edb7410223a0,2.77,5.81,2.4,1.6,205,74,Orthodox,"Mar 20, 2003",14,2,0,36,35,33,100,74,Rafael Tobias
274ca7b799b402cc,0.0,0.0,0.0,0.0,185,,Switch,"Nov 30, 1987",8,0,0,0,0,0,0,72,
866fd7b1a6c90e7f,4.73,4.4,1.77,0.3,185,74,Orthodox,"May 19, 1994",13,6,0,57,48,21,42,73,Dusko Todorovic
3e8118c1ab52f211,2.59,3.7,2.87,0.6,205,76,Orthodox,"Jun 30, 1990",11,6,0,41,46,36,33,76,Tuco Tokkos
2d5fbe2103f97053,1.78,2.01,0.87,2.3,135,,Orthodox,"Aug 22, 1977",34,29,2,37,65,34,44,67,Hideo Tokoro
679ae8c4fd022c6b,3.51,0.54,2.03,0.0,185,,,"Feb 17, 1990",25,2,0,72,66,100,100,70,
3a89481e3a9d47c0,1.16,2.03,0.0,2.2,115,63,Southpaw,"Aug 01, 2005",6,2,1,50,39,0,10,62,Anelya Toktogonova
c4af2feb4b58bc3b,2.26,3.63,2.0,0.0,155,73,Southpaw,"Mar 04, 1987",18,7,1,41,53,38,78,71,Kazuki Tokudome
19f8a2f6eecd92ac,5.27,5.42,0.0,0.0,115,59,Southpaw,"Dec 05, 1993",9,6,0,49,46,0,75,61,Puja Tomar
8e893f269d5696b2,2.95,2.13,0.0,0.4,145,70,Orthodox,"Mar 31, 1983",15,7,,52,62,0,54,68,Tyler Toner
d10b35152277cf98,0.0,2.41,0.0,0.0,220,,Orthodox,"Aug 24, 1968",0,1,0,0,27,0,0,69,James Toney
9de7c97e1c0d7927,0.16,1.09,0.0,0.0,185,,Orthodox,"May 25, 1973",1,2,0,5,36,0,0,68,Masanori Tonooka
5ee87e0432205755,0.0,0.0,0.0,0.0,,,,"Mar 15, 1972",3,3,0,0,0,0,0,,Carl Toomey
54f64b5e283b0ce7,4.82,3.97,1.73,0.9,155,69,Orthodox,"Jan 21, 1997",17,1,0,50,62,57,95,67,Ilia Topuria
4a6dff1b260bcf61,2.93,2.57,1.5,0.0,135,68,Orthodox,"Jan 28, 1996",7,1,0,55,68,33,100,67,Aleksandre Topuria
918d9d89d4d52acc,3.54,7.52,0.0,2.2,170,,Orthodox,"Jul 31, 1978",5,3,0,48,45,0,100,68,Anthony Torres
33b2f68ef95252e0,3.98,1.86,0.0,1.6,135,76,Orthodox,"Jan 18, 1981",44,9,0,43,74,0,17,69,Miguel Torres
cce79e827569f26e,0.87,1.93,4.0,0.5,155,,Orthodox,"Aug 13, 1975",35,5,0,26,57,47,16,67,Ronys Torres
1ff10dee2f7ae60c,0.0,0.0,0.0,0.0,125,,,,0,0,0,0,0,0,0,,Haven Torres
e4e0f310b3cf23a8,2.47,2.73,2.0,0.0,145,,Orthodox,"May 29, 1988",5,4,0,37,69,22,50,70,Alex Torres
e175a261a280f7cb,0.0,0.0,0.0,0.0,170,,,"Oct 29, 1982",4,3,0,0,0,0,0,70,
d2036f31c035e0d1,4.37,9.84,1.28,0.0,125,65,Orthodox,"Aug 02, 1992",8,1,0,36,50,33,75,64,Jose Torres
971aebf56267de20,4.8,11.78,0.0,0.0,135,69,Orthodox,"Jan 06, 1997",7,2,0,64,48,0,100,66,Desmond Torres
2e7878927067fdca,6.57,4.24,1.32,0.7,155,73,Switch,"Mar 25, 1995",17,4,0,56,50,66,76,70,Manuel Torres
01762e1d4ff4dc51,0.79,8.29,5.92,0.0,145,66,Southpaw,"Oct 19, 1997",12,4,0,22,53,50,0,67,Justice Torres
c8d46028907bcece,1.1,1.24,2.06,0.0,135,70,Orthodox,"Apr 26, 1995",16,2,0,34,65,33,50,67,Eduardo Torres Caut
cbf1c7ba5408a66f,2.6,2.87,0.0,0.0,170,72,Orthodox,"Sep 28, 1989",10,4,0,46,58,0,83,70,Salim Touahri
3f7dab21b6c971bc,1.23,3.92,0.0,0.0,205,79,Orthodox,"May 11, 1986",21,12,0,34,38,0,46,75,Dequan Townsend
04076783ca83d6ae,0.0,0.0,0.0,0.0,195,,Southpaw,"Jun 12, 1978",2,5,0,0,0,0,0,71,Minoru Toyonaga
ff2ec83f44000f78,0.0,0.0,0.0,0.0,235,,,"May 09, 1993",5,0,0,0,0,0,0,75,
20ec0061400178ca,0.92,2.77,0.0,0.0,227,,Orthodox,"Sep 16, 1968",6,4,1,50,57,0,0,75,Roberto Traven
008cf84faae9c7a5,2.33,3.93,2.0,0.0,155,,,"Apr 11, 1983",15,4,0,48,55,28,63,,Bryan Travers
00b8dd0fbe2fbfd9,0.0,0.0,0.0,0.0,155,,,"Dec 28, 1994",7,0,0,0,0,0,0,,
73abb7a5c57fb443,0.0,0.0,0.0,0.0,170,,,,7,7,0,0,0,0,0,,Alexander Trevino
97a6bbe6e6566a94,2.65,2.42,0.97,0.0,155,70,Orthodox,"Dec 17, 1981",13,3,0,42,64,22,41,69,Francisco Trevino
0cf9f5518d6063bb,5.19,3.9,0.0,0.0,170,,Switch,"Jun 10, 1993",7,3,0,54,47,0,100,71,Angelo Trevino
d2d37e8eeb3abc8d,2.79,1.9,2.35,0.8,170,71,Southpaw,"May 07, 1972",21,9,0,46,56,47,75,69,Frank Trigg
a8283a4f415e1eb9,3.13,2.67,0.98,0.5,170,70,Southpaw,"Aug 24, 1978",28,9,0,45,60,42,60,69,Francisco Trinaldo
cb1c09c8126dbee0,0.0,0.0,0.0,0.0,165,,,"Aug 23, 1979",7,6,0,0,0,0,0,71,
5bf31a46becc1204,3.63,4.4,0.36,0.5,145,71,Orthodox,"Dec 31, 1991",11,3,0,53,50,66,72,71,Michael Trizano
6d48a2df51749d91,1.27,5.3,0.88,0.4,185,80,Orthodox,"Dec 06, 1990",12,7,,47,26,9,42,77,Antonio Trocoli
8abf70f79e9e27c2,1.16,3.26,0.62,0.3,185,,Orthodox,"Jan 25, 1983",16,7,1,46,32,7,66,74,Tor Troeng
cc18abc046b382c9,0.0,0.0,0.0,0.0,125,,,,0,1,0,0,0,0,0,65,Aaron Trujillo
e6b233a007cb06c4,0.0,0.0,0.0,0.0,155,,,"Jan 01, 1982",21,19,0,0,0,0,0,69,Reynaldo Trujillo
e14b5aa06eea9653,2.65,2.31,2.18,0.4,155,70,Orthodox,"Sep 18, 1983",15,8,,41,59,45,40,68,Abel Trujillo
ccf25f81fcdaecb4,0.0,0.0,0.0,0.0,125,,,"Oct 01, 2000",9,0,0,0,0,0,0,,
eae48ff31db420c2,3.85,1.8,3.26,0.1,155,72,Orthodox,"Oct 11, 1996",23,3,0,50,54,37,75,67,Arman Tsarukyan
2f43a3e82661fa99,2.4,1.91,5.03,2.0,125,68,Orthodox,"Jun 22, 2002",11,1,0,53,43,37,50,66,Rei Tsuruya
bc5a51159ec2fdf2,0.0,0.0,0.0,0.0,205,,,"Dec 30, 1999",6,0,0,0,0,0,0,,Magomed Tuchalov
df05aa15b2d66f57,1.35,3.17,1.19,0.6,258,76,Orthodox,"Sep 08, 1975",21,4,,31,47,18,0,74,Chris Tuchscherer
53ec9cb470e1a4ea,3.0,3.74,0.42,1.0,155,73,Orthodox,"Aug 28, 1984",10,5,0,40,60,33,50,71,Jon Tuck
da816417a579a0bd,4.29,4.18,3.13,1.5,145,66,Southpaw,"Jun 17, 1986",13,3,0,44,57,44,53,66,Gavin Tucker
1ed32eaaba9ffe10,1.6,3.08,0.47,0.9,135,,Orthodox,"Apr 17, 1986",19,4,1,28,59,11,66,67,Jumabieke Tuerxun
b9aa7d230865b5fe,0.0,2.14,32.14,0.0,250,,Orthodox,,0,3,0,0,0,100,0,74,Tom Tuggle
63f8775391301891,2.25,0.93,7.5,0.0,135,,,,10,6,0,53,50,60,0,72,
c62fbc117d57b943,3.37,4.61,0.0,0.0,264,75,Southpaw,"Mar 16, 1993",15,10,0,48,42,0,58,74,Tai Tuivasa
aceffa19749c4dc0,3.17,3.07,2.13,0.0,155,68,Orthodox,"Jan 15, 1991",20,6,1,39,63,39,100,68,Zubaira Tukhugov
96eff1a628adcc7f,0.0,0.0,0.0,0.0,430,,Orthodox,"Jun 14, 1969",0,1,0,0,0,0,0,72,Teila Tuli
9384e71bca6c409d,6.02,2.97,1.05,0.3,185,74,Orthodox,"Jun 13, 1994",14,3,0,53,56,26,0,72,Marco Tulio
17cb6d8e8187f304,2.72,2.47,3.37,2.1,125,71,Orthodox,"Mar 22, 1998",10,1,0,42,53,50,56,67,Nyamjargal Tumendemberel
ff6a1f63c254127e,3.76,3.34,0.2,0.0,170,73,Orthodox,"Dec 26, 1991",18,4,0,42,58,20,75,71,Albert Tumenov
cd3d7e37ff2d679c,4.68,3.84,0.85,0.3,145,71,Orthodox,"Jun 05, 1993",13,6,0,39,51,17,44,69,Ricky Turcios
82529ce93cd9a2cf,2.45,3.42,4.98,0.0,205,78,Orthodox,"Jun 10, 1996",8,4,0,42,54,41,16,76,Anton Turkalj
4dcfb28c011c11b2,3.23,4.17,1.55,0.8,170,72,Orthodox,"Jul 22, 1996",18,8,0,51,45,20,42,72,Wellington Turman
56f4b81ec4db61af,0.0,0.0,0.0,0.0,170,,,,0,3,0,0,0,0,0,74,Courtney Turner
4d8fa64202cee4c1,5.79,4.54,0.75,1.1,155,77,Southpaw,"May 18, 1995",15,9,0,48,41,55,75,75,Jalin Turner
885adaff8fe15cf7,4.29,6.43,0.0,0.0,155,,Orthodox,"Sep 25, 1990",8,2,0,66,0,0,0,69,Austin Tweedy
c9cf753cfdf77fc2,3.56,3.26,1.3,0.1,249,78,Orthodox,"Nov 09, 1985",27,11,0,48,55,33,70,75,Marcin Tybura
cb680d85b84cbfd9,2.46,2.85,1.48,0.0,135,73,Orthodox,"Aug 16, 1995",10,2,0,48,50,16,0,69,Raphael Uchegbu
1d76f07ffdd765c2,0.42,0.63,3.17,6.3,125,68,Southpaw,"Sep 30, 2002",9,2,0,40,25,20,0,67,Takeru Uchida
8f2deefe8c5dfb5d,1.79,3.49,2.83,0.0,185,,Orthodox,"Aug 08, 1984",12,2,0,52,45,50,66,75,Alberto Uda
bcd124bcd3d5be46,0.13,1.4,0.5,1.5,180,,Southpaw,"Apr 17, 1976",12,18,,21,46,100,0,71,Ryuki Ueyama
10ccf4ec9913cadc,0.0,0.0,0.0,0.0,170,,,"Aug 04, 1985",5,0,0,0,0,0,0,71,Christian Uflacker
4a1a492f299581d9,0.0,0.0,0.0,0.0,170,,,,11,6,0,0,0,0,0,72,Andy Uhrich
f00ac08ab056af5d,3.01,3.44,2.73,1.5,125,70,Southpaw,"Aug 07, 1991",17,3,0,48,50,39,63,67,Tagir Ulanbekov
9014c02eff8b3d62,6.57,4.03,0.53,0.2,205,77,Orthodox,"Nov 07, 1990",15,1,0,55,51,60,85,76,Carlos Ulberg
7a39bbac8cc0fa70,2.23,4.1,0.75,0.0,170,71,Orthodox,"Sep 11, 1982",17,4,2,39,59,17,90,71,Gasan Umalatov
4793a2d90f5ab8ae,0.0,0.0,0.0,0.0,160,,,,5,2,0,0,0,0,0,,Jeremy Umphries
1e310618d02ff93b,0.0,0.0,0.0,0.0,185,,,,13,7,0,0,0,0,0,74,Zach Underwood
eb1723480fa2f96c,1.91,1.9,1.95,0.5,155,70,Southpaw,"May 08, 1975",33,19,5,49,50,31,37,67,Caol Uno
58258914525740a5,1.05,2.38,2.85,1.4,165,,,"Jun 20, 1981",14,12,2,37,48,28,50,69,Kengo Ura
5e23f30e9c6ed74e,2.55,16.6,0.0,0.0,170,72,Orthodox,"Apr 22, 1994",5,1,,66,27,0,0,72,Logan Urban
4b8fb0453a596b8e,0.97,2.44,0.0,3.8,170,73,Orthodox,"Sep 17, 1987",17,10,1,38,39,0,38,71,Hector Urbina
47fcdcaccb58ca80,3.85,6.17,0.0,0.0,185,77,Southpaw,"Oct 09, 1993",3,1,0,37,50,0,0,75,Elias Urbina
b12fb759e02378de,5.57,4.62,2.86,0.7,185,75,Orthodox,"Apr 05, 1996",7,5,0,56,44,44,0,75,Gilbert Urbina
4252b09f0c8c4472,1.15,4.43,0.0,0.0,265,74,Orthodox,"Feb 18, 1997",6,2,0,43,22,0,53,73,Guilherme Uriel
e78c4c3d329c531b,3.61,5.06,0.0,0.0,125,66,Southpaw,"Sep 26, 1985",10,3,,45,36,0,0,66,Nick Urso
c34e5849184b08c3,3.47,4.71,0.0,0.0,125,,Southpaw,"Sep 08, 1976",21,8,6,39,65,0,80,65,Yasuhiro Urushitani
fe30c5f5cc3e028b,0.0,0.0,0.0,0.0,155,70,Orthodox,"May 08, 2000",4,1,0,0,0,0,0,69,
f1b2aa7853d1ed6e,4.16,2.67,2.79,0.1,185,76,Switch,"May 11, 1987",21,4,0,51,55,44,89,72,Kamaru Usman
da7f113b5ea39c43,3.85,4.27,0.56,0.0,239,79,Orthodox,"Apr 01, 1989",12,4,0,39,51,14,66,74,Mohammed Usman
6546af7ab545b90c,1.34,2.21,1.42,0.7,125,65,Orthodox,"Oct 15, 1979",10,6,0,39,66,33,35,66,Darren Uyenoyama
54578e5927adea53,3.69,4.09,3.0,1.0,125,69,Orthodox,"Jun 19, 1983",10,4,0,46,57,45,31,66,Richie Vaculik
0d1190beced94f7c,1.87,0.93,3.0,3.0,125,63,Orthodox,"Jun 27, 1998",14,2,0,38,67,50,100,67,Rashid Vagabov
f7adc1fd115f8fdd,0.0,0.0,0.0,0.0,170,,,"Apr 14, 1993",24,4,0,0,0,0,0,,
43e549b803ec7375,3.88,0.68,0.0,0.0,205,75,Orthodox,"Apr 04, 1991",3,1,0,85,80,0,100,73,Artem Vakhitov
fc1868f56d3036eb,0.0,0.0,0.0,0.0,200,,Orthodox,"Dec 23, 1978",29,12,0,0,0,0,0,72,Egidijus Valavicius
cda1099995b46cc2,4.08,7.16,1.54,0.4,155,72,Orthodox,"Jan 16, 1992",10,3,0,30,48,44,36,69,Genaro Valdez
8a0be41c0380188d,2.58,2.61,1.4,0.5,135,64,Orthodox,"Oct 31, 1974",12,7,0,37,77,53,75,63,Charlie Valencia
0cd0456d6029cec2,1.3,2.72,0.59,1.8,185,77,Orthodox,"Mar 31, 1995",12,6,,55,33,50,55,74,Robert Valentin
de277a4abcfeea46,1.28,2.55,0.0,0.0,155,,,,13,6,2,100,0,0,0,70,Victor Valenzuela
45b82ebf0b9e0fd2,0.0,9.6,0.0,0.0,185,77,Orthodox,"Nov 17, 1992",8,2,0,0,33,0,0,74,Ivan Valenzuela
078695e385ec2f57,3.47,4.81,0.63,0.0,170,71,Orthodox,"Feb 09, 1994",14,4,0,40,51,33,55,69,Victor Valenzuela
45e738622ea2c02c,5.19,3.33,1.73,0.3,135,67,Orthodox,"Jan 19, 1990",18,3,,53,45,40,55,66,Timur Valiev
663b76da637402c3,3.94,2.99,0.9,0.0,205,,Orthodox,"Dec 17, 1981",18,10,0,30,67,14,0,72,Victor Valimaki
2a898bf9fb7710b3,0.0,0.0,0.0,0.0,135,,,"Jun 28, 1987",5,7,0,0,0,0,0,,Andrew Valladerez
239d8e5359022f3b,6.12,4.41,0.66,0.0,145,68,Switch,"Dec 08, 2001",18,1,0,48,57,28,84,67,Kevin Vallejos
c295de4e10acd4c9,5.56,5.6,0.2,0.0,155,70,Orthodox,"Apr 08, 1978",16,7,1,47,45,12,58,68,Isaac Vallie-Flagg
17e97649403ba428,8.43,5.82,0.82,0.2,125,65,Orthodox,"Oct 10, 2001",17,2,0,57,58,61,75,65,Joshua Van
2ee09ec2a0695eb9,1.52,1.91,1.06,0.0,205,,Switch,"Jun 20, 1965",8,5,0,41,41,14,37,74,Mike van Arsdale
7b39035fae7268b8,7.73,6.82,0.0,0.0,205,,,"Jun 12, 1986",7,6,0,45,49,0,50,77,Matt Van Buren
23ab42947c1990e3,0.0,0.0,0.0,0.0,190,,Orthodox,"Jan 25, 1943",0,1,0,0,0,0,0,70,Ron van Clief
02177caefe7c07d4,0.0,3.01,0.0,0.0,240,,Southpaw,"Mar 05, 1972",0,1,0,0,15,0,0,73,Lloyd Van Dams
f6bbc6ba4f06ad60,0.0,0.0,0.0,0.0,185,,,"Jun 11, 1993",8,0,0,0,0,0,0,,
87e2468b986ebb79,5.31,6.41,0.0,0.0,155,74,Switch,"Apr 27, 1993",15,7,,47,40,0,0,74,Cameron VanCamp
26d61e92a6069cd2,0.0,0.0,0.0,0.0,185,,Orthodox,,7,5,0,0,0,0,0,72,Chad Vance
2b68d9f125d07b42,4.96,5.67,0.18,0.0,265,80,Orthodox,"May 12, 1992",12,10,0,44,45,50,20,76,Jared Vanderaa
32c3ee378671a5d9,3.04,2.71,3.08,1.2,170,74,Orthodox,"Mar 21, 1990",13,3,0,59,48,35,100,71,Austin Vanderford
f9b200db02b488d9,4.52,4.71,1.24,0.3,155,71,Orthodox,"Mar 14, 1992",12,8,2,45,54,36,66,69,Lando Vannata
4d5197f331c47290,3.35,2.62,1.27,1.0,115,65,Orthodox,"Mar 26, 1994",8,5,0,52,42,33,34,64,Paige VanZant
07a18ae55dfc3cd9,0.0,0.0,0.0,0.0,300,,Orthodox,"Sep 17, 1969",9,9,0,0,0,0,0,80,Paul Varelans
ec18eb918121787c,3.65,1.77,0.4,0.4,155,71,Southpaw,"Aug 15, 1985",12,5,0,53,57,25,30,68,Kazula Vargas
a54fc2d6fc224dc3,2.92,2.55,3.49,0.8,155,71,Orthodox,"Oct 12, 1984",21,11,,34,58,53,66,68,Jamie Varner
d6d5da3c209884bc,3.27,4.4,0.0,0.0,185,,Orthodox,"Mar 23, 1986",9,4,0,29,70,0,0,72,Guilherme Vasconcelos
a148dfe3485be79d,3.39,2.13,2.46,0.0,205,,,"Jun 03, 1983",18,5,,37,54,50,50,76,
61428ed51f5ff465,0.0,1.36,0.0,0.0,155,,,"Dec 02, 1983",12,17,0,0,50,0,0,66,Billy Vaughan
4679a38cced7c64a,0.0,0.0,0.0,0.0,197,,Southpaw,"Sep 13, 1963",0,1,0,0,0,0,0,76,Yuri Vaulin
be5cfd73617a5b1a,2.43,1.99,2.56,1.5,145,69,Southpaw,"Jul 16, 1977",16,5,0,36,72,52,57,67,Javier Vazquez
8d4d25fd9218860b,1.47,2.67,1.0,1.0,125,72,Orthodox,"Nov 19, 1993",11,2,0,41,48,33,0,70,Manny Vazquez
51ec9dc3b4964f19,1.6,3.93,0.0,2.0,135,71,Orthodox,"Jul 17, 1994",13,5,1,22,39,0,62,67,Gianni Vazquez
5731cc327790b731,1.12,4.91,3.64,1.5,155,,Orthodox,"May 31, 1981",17,5,0,28,44,38,100,71,Matt Veach
d35c3ed553b71fa2,1.43,5.71,1.07,0.0,185,,Orthodox,"Jan 01, 1983",18,9,0,42,38,20,0,72,Joe Vedepo
93c9897f0f9f5dab,2.27,5.67,0.0,0.0,135,,Orthodox,"May 21, 1995",2,1,0,35,47,0,100,69,Kelly Velasco
34a81ebbce32b06b,0.0,1.52,0.0,0.0,265,70,Southpaw,"Sep 23, 1993",6,1,0,0,0,0,0,74,Greg Velasco
0ff11cc094e887bc,6.37,2.33,5.13,0.4,240,77,Orthodox,"Jul 28, 1982",14,3,0,57,57,45,85,73,Cain Velasquez
09c44b317c98bf96,0.0,0.0,0.0,0.0,145,,Orthodox,"Oct 19, 1966",10,10,0,0,0,0,0,65,David Velasquez
fcce75a25c14a804,2.18,2.31,0.67,0.5,170,76,Southpaw,"Dec 18, 1988",15,6,1,34,57,25,55,72,Bojan Velickovic
d23ccf4a6c221284,1.67,2.13,1.93,1.7,185,75,Orthodox,"Jul 03, 1985",17,5,0,44,37,25,31,72,Karlos Vemola
2f1a257d6777096d,2.82,3.82,1.11,0.6,155,73,Orthodox,"Jan 16, 1996",9,3,0,40,57,15,100,68,Luigi Vendramini
602bb270f2bdbf02,0.81,1.51,0.0,0.0,195,,Orthodox,"Mar 09, 1971",4,3,,33,67,0,60,73,Jerrel Venetiaan
6e62bb64f7cc5026,0.0,0.0,0.0,0.0,185,,,"Nov 17, 1972",14,6,1,0,0,0,0,71,Scott Ventimiglia
fa315e6c77eee106,3.03,2.81,0.7,0.2,230,78,Orthodox,"Oct 10, 1977",15,7,,56,52,53,59,75,Brandon Vera
df0a1c1e11ad199b,0.0,0.0,0.0,0.0,135,,Orthodox,,2,0,0,0,0,0,0,67,Kerry Vera
7c7332319c14094c,4.18,5.34,0.47,0.8,135,70,Switch,"Dec 02, 1992",23,12,1,47,50,39,71,68,Marlon Vera
07f959e6596307bb,1.53,2.79,0.0,1.6,135,69,Orthodox,"Nov 05, 1987",12,4,0,57,49,0,25,66,Carlos Vera
2b266e623e20737a,9.27,3.82,8.18,0.0,145,68,Orthodox,"Oct 18, 1995",22,1,1,58,50,100,0,68,Rodrigo Vera
d6f58b8cd1a6ff52,3.13,3.53,0.0,0.0,115,64,Orthodox,"Jan 12, 1995",5,2,0,43,53,0,66,64,Isis Verbeek
2b1587a3376ab743,0.0,0.0,0.0,0.0,199,,Orthodox,,0,1,0,0,0,0,0,71,Ernie Verdicia
c6d8ae3b016d5ad5,0.0,5.55,0.0,0.0,155,,Orthodox,"Nov 09, 1977",4,3,0,0,27,0,0,67,Joe Veres
0f1efce7d2571d10,2.74,3.43,0.4,0.4,170,74,Orthodox,"Dec 22, 1989",14,8,0,56,47,16,62,73,Nikolay Veretennikov
077e3ace32b72be9,5.02,4.69,0.0,0.2,125,68,Orthodox,"Jun 18, 1991",12,7,1,56,53,0,60,66,CJ Vergara
c24b1db4b809d41b,0.92,1.87,1.46,2.5,170,,Orthodox,"Aug 03, 1973",7,5,,48,47,30,50,73,Renato Verissimo
13a0fb8fbdafb54f,2.74,2.13,0.0,0.0,265,,Southpaw,"Jul 26, 1977",4,3,0,60,41,0,0,75,Bryan Vetell
7acbb0972e75281a,4.74,4.55,1.41,0.4,185,74,Southpaw,"Sep 20, 1993",19,10,1,45,56,43,68,72,Marvin Vettori
f95381efb3051d81,3.05,3.2,0.22,0.0,135,67,Orthodox,"Sep 26, 1982",8,4,0,38,57,6,50,66,Hugo Viana
393b8e03fb410a78,2.92,2.72,1.2,0.0,205,,,,7,3,0,40,59,66,77,76,
9673a497a9da119a,2.82,2.74,0.67,1.5,115,67,Orthodox,"Jun 14, 1992",13,9,0,40,52,33,33,65,Polyana Viana
744f50016c39c26c,3.1,8.28,0.0,0.0,205,,Orthodox,"Dec 02, 1979",12,3,1,30,52,0,0,,Vitor Vianna
6256b2b1562cb8e1,4.13,3.31,0.26,0.7,155,76,Orthodox,"Feb 23, 1987",13,5,0,39,60,33,57,75,James Vick
4f3064faf17aa711,2.91,4.46,0.0,0.7,135,68,Orthodox,"Jul 27, 1998",7,4,0,53,49,0,35,66,Tamires Vidal
024158997e7c5829,2.7,2.65,0.0,0.8,205,80,Orthodox,"May 06, 1994",4,1,0,66,26,0,60,75,Freddy Vidal
7cf20446453f852b,1.13,2.36,2.67,0.7,145,,Orthodox,"Oct 04, 1978",13,8,2,35,48,53,12,72,Milton Vieira
f9081770e28ea2e1,3.76,2.89,1.97,0.8,135,65,Orthodox,"Nov 26, 1982",13,5,0,40,59,27,25,67,Reginaldo Vieira
b9706f80d005036c,2.71,3.73,1.31,0.5,135,68,Orthodox,"Aug 26, 1991",16,5,0,40,50,42,90,68,Ketlen Vieira
260e9e0d4954aea6,3.43,4.28,2.87,0.9,185,73,Orthodox,"Sep 25, 1989",11,5,0,54,49,22,60,72,Rodolfo Vieira
6888e31ce88f5b17,2.19,5.75,0.0,0.0,185,,Orthodox,"Feb 14, 1978",12,6,0,28,44,0,100,70,Steve Vigneault
2e88f2030d8a928a,3.93,4.07,1.0,0.0,145,,,"Oct 26, 1979",17,5,0,46,67,50,0,67,
0275e33febc2818c,0.0,0.0,0.0,0.0,185,,,,1,3,0,0,0,0,0,69,
fcd448a2fe1a23cc,4.38,5.47,0.45,0.0,230,76,Orthodox,"Aug 18, 1985",17,14,0,44,55,23,83,75,Gian Villante
f9d0cae37dabfafc,3.66,7.24,0.6,0.0,205,73,Orthodox,"Apr 04, 1984",18,14,0,38,36,50,100,73,Ike Villanueva
39f68882def7a507,5.18,4.86,0.0,0.0,265,,Orthodox,"May 01, 1970",22,28,3,53,35,0,0,76,Ruben Villareal
454c1f0b638972ab,3.23,4.3,3.23,0.0,135,66,Southpaw,"Aug 08, 1989",5,2,0,55,52,25,0,67,Armando Villarreal
34f93dfbd43b2144,2.79,3.25,2.5,0.0,155,,,"Jan 26, 1987",12,3,0,42,65,50,33,67,
15515e797aedc137,2.05,3.26,0.71,1.1,185,,Orthodox,"Oct 17, 1975",29,10,0,38,52,40,53,72,Joey Villasenor
fd87b1bbfcde9d5e,2.86,2.4,1.71,1.7,185,,Orthodox,"May 08, 1983",15,5,0,37,68,66,33,73,Danillo Villefort
0fb1e2694a39a02f,3.18,5.42,2.0,0.3,170,73,Orthodox,"Mar 23, 1991",10,5,0,43,55,35,40,72,Yuri Villefort
563a1d42bb0e3cef,0.0,3.56,0.0,0.0,185,79,Orthodox,"Jun 18, 1996",10,4,0,0,50,0,0,73,Tre'ston Vines
e363b21261814830,1.93,2.91,0.0,0.5,125,,Orthodox,"Dec 05, 1979",23,11,1,49,47,0,25,69,Marcos Vinicius
7c4ec656d8fcb867,2.55,3.76,0.67,0.0,135,68,Orthodox,"May 06, 1984",13,3,0,45,42,20,0,66,Brandon Visher
445a98acb8985970,1.88,3.68,0.72,0.0,185,,Orthodox,"Jul 14, 1974",30,11,0,49,47,33,86,70,Falaniko Vitale
4959f10a62f3fec3,4.93,2.57,0.25,0.2,115,63,Switch,"Jun 25, 1995",7,3,0,50,64,33,66,63,Cheyanne Vlismas
fb8a3025ae722e64,4.01,5.84,1.04,0.0,170,74,Orthodox,"Apr 26, 1979",19,13,0,35,42,50,66,72,Bobby Voelker
90b57b19d20e1969,4.47,2.87,1.0,0.0,145,71,Orthodox,"Mar 05, 1996",8,3,0,46,65,16,0,68,Mateo Vogel
d73a7c36746fbc5b,9.86,0.0,0.0,12.3,265,78,Southpaw,"Jul 19, 2000",7,0,0,46,100,0,0,76,Danylo Voievodkin
e1248941344b3288,5.99,3.31,1.63,0.2,145,71,Orthodox,"Sep 29, 1988",28,4,0,57,58,34,68,66,Alexander Volkanovski
6f81b6de2557739a,1.19,1.78,3.19,2.0,155,71,Southpaw,"Sep 05, 1980",19,7,0,34,52,48,52,69,Jacob Volkmann
279566840aa55bf2,4.84,2.9,0.54,0.2,250,80,Orthodox,"Oct 24, 1988",40,11,0,57,54,62,68,79,Alexander Volkov
0e6b611451a9a7d8,6.93,10.0,0.5,0.0,135,65,Orthodox,"Apr 18, 2000",12,4,2,47,40,14,57,63,Mark Vologdin
c4b9296214f4c09c,1.89,3.23,0.62,1.5,170,,Orthodox,"Aug 01, 1975",14,12,1,36,52,16,58,72,Jason Von Flue
277ffed20cf07aea,0.0,0.0,0.0,0.0,220,,Orthodox,,20,11,1,0,100,0,0,,Milco Voorn
ef0344ed552d8a22,3.87,4.19,0.0,0.8,135,,,,5,3,1,32,51,0,50,70,
7929be8290289a47,1.59,0.97,1.19,0.5,205,,Orthodox,"Aug 06, 1973",55,10,,49,63,66,50,68,Igor Vovchanchyn
6d38e41efa47a72d,2.11,1.9,0.63,0.0,155,73,Orthodox,"Mar 02, 1996",13,4,0,45,58,14,44,70,Jordan Vucenic
6291decf7f3b6608,0.0,0.0,0.0,0.0,205,,,"Feb 08, 1972",4,11,0,0,0,0,0,70,James Wade
c8097968da5e5f13,1.7,1.75,2.6,1.1,155,70,Orthodox,"Sep 30, 1987",12,3,0,53,51,51,55,70,Chris Wade
6b7bc7eaf2465387,2.64,8.57,0.0,0.0,242,,Orthodox,,13,4,0,50,43,0,50,70,Neil Wain
8f2939f5fd9cca1e,2.02,2.39,3.03,4.8,170,75,Orthodox,"Apr 25, 1988",16,9,0,51,40,46,40,71,TJ Waldburger
aeb6c57b9bd8bc3a,1.03,6.72,7.76,0.0,185,75,Orthodox,"Sep 19, 1986",11,2,0,28,38,33,0,73,Chase Waldon
18944a1a6ac1becf,2.28,4.36,0.0,0.0,205,,Southpaw,"Nov 22, 1972",1,5,0,31,34,0,0,71,Andre Walker
bd92e38aef641673,3.42,0.45,1.94,0.0,215,,Orthodox,"Mar 03, 1962",2,0,0,67,46,100,100,73,Herschel Walker
e6147d5ab3685899,1.81,3.85,0.0,1.7,135,,,"Jan 04, 1980",15,10,0,37,46,0,57,69,Donny Walker
c21f26bbde777573,3.9,2.99,0.36,0.7,205,82,Orthodox,"Mar 30, 1992",22,10,,54,46,50,57,78,Johnny Walker
4333a8e70a672eb7,1.84,3.32,1.02,0.0,125,67,Switch,"Aug 02, 1988",8,5,0,32,47,75,11,64,Brogan Walker
f5779a2303ed76ec,2.0,2.85,5.74,2.5,244,78,Orthodox,"Dec 14, 1997",15,1,0,52,42,69,0,78,Valter Walker
6add18754930182b,3.72,4.18,4.07,0.0,205,78,Orthodox,"Jul 16, 1999",7,3,0,53,42,38,100,76,Julius Walker
1ad381c8994c4e5b,1.47,8.53,0.0,0.0,155,,Orthodox,"Mar 25, 1989",8,7,1,29,29,0,100,70,Ben Wall
bf41b5131545da12,1.55,2.36,0.0,0.0,185,,Orthodox,"Nov 10, 1975",18,6,1,44,47,0,42,72,Crafton Wallace
b9415726dc3ec526,1.13,3.44,6.0,1.0,205,72,Switch,"Nov 21, 1981",26,15,1,46,45,54,28,69,Rodney Wallace
b87c3f460709f74c,0.0,0.0,0.0,0.0,,,,"Feb 13, 1987",4,6,0,0,0,0,0,69,Jeremy Wallace
95cf6be9071e68b0,1.13,4.11,2.13,0.0,185,73,Orthodox,"Mar 01, 1989",15,6,0,38,45,50,0,71,Randall Wallace
4078de7181a19142,0.52,3.41,0.0,0.0,155,69,Orthodox,"Nov 17, 1992",5,2,0,28,35,0,0,70,James Wallace
0c670b443c3d269f,3.19,6.65,0.0,0.0,170,,Orthodox,"Mar 14, 1984",29,11,0,26,49,0,100,70,Jim Wallhead
83c6c3e0f8bde8ee,0.79,1.18,0.0,0.0,205,,Orthodox,,8,2,0,100,50,0,0,72,Cory Walmsley
303a05a7aa3ff761,3.84,2.72,1.55,0.2,170,73,Orthodox,"Dec 01, 1988",9,5,0,46,58,40,66,72,Richard Walsh
b4c96c3d9139bf0e,2.03,2.83,3.0,1.5,185,,,"Nov 28, 1988",10,3,0,19,64,54,100,71,Patrick Walsh
d57e6a8971b6d2bd,0.63,2.66,3.8,1.9,205,,Orthodox,"Jun 20, 1976",3,3,0,41,40,66,0,73,Erick Wanderlei
a1d6b308781aa2f5,0.92,4.31,1.16,0.0,205,,Orthodox,,5,2,0,25,30,20,0,,Dimitiri Wanderley
476414d2f18cd059,3.43,10.29,0.0,0.0,155,,Orthodox,"May 28, 1977",7,8,,36,62,0,0,66,Andy Wang
efb9a43415a56d34,3.17,2.27,0.0,0.0,170,,Southpaw,"Jan 14, 1986",20,6,1,46,53,0,77,72,Sai Wang
69e8c632135af48b,1.32,1.63,0.0,0.0,170,,Orthodox,"Apr 04, 1991",2,1,0,26,44,0,33,72,Anying Wang
2997e7fe3c9d3d4a,6.22,2.19,0.78,0.8,125,66,Southpaw,"May 15, 1992",9,1,0,56,63,75,84,66,Wang Cong
d538f13ab21d9633,2.95,4.43,1.17,0.0,135,71,Switch,"Nov 16, 1992",5,2,0,40,60,100,66,69,Joshua Wang-Kim
2721bb808bb2523c,2.13,3.44,2.35,0.9,155,73,Orthodox,,13,6,0,42,43,50,83,72,Curt Warburton
67cd6495280b0a57,7.2,2.76,0.0,3.6,170,71,,"Jun 28, 1988",14,5,0,60,52,0,100,70,
e81dd0bb8a64b550,1.64,7.21,0.0,0.0,170,,Orthodox,"Dec 17, 1980",3,3,0,19,53,0,0,71,Charlie Ward
ba5e253af86db1a8,4.02,6.07,0.5,0.0,135,71,Orthodox,"Mar 31, 1986",17,9,0,32,50,22,44,68,Terrion Ware
c0c1bc0766df4c00,2.15,2.39,6.14,0.0,135,,Orthodox,"Oct 31, 1976",15,6,0,46,52,46,60,66,Joe Warren
c4c4c7dd26c15d91,1.16,4.63,0.0,0.0,185,,Orthodox,"Jun 05, 1974",18,17,1,21,57,0,0,72,Brian Warren
1e47dba648ea438c,0.0,0.0,0.0,0.0,155,,Southpaw,,3,3,0,0,0,0,0,70,Merritt Warren
8a19676a3388845a,0.4,3.53,0.0,0.0,186,,,"Dec 11, 1989",2,14,0,31,46,0,20,72,
2abe38b81d68a24a,0.6,3.4,1.0,0.0,220,,Orthodox,"Jan 31, 1976",8,13,,40,35,100,37,76,Kengo Watanabe
951ffadfc4e917ea,0.62,0.94,0.0,0.0,139,,,"May 18, 1983",0,1,0,50,0,0,14,66,Kazuhisa Watanabe
efaf544314bb5c2e,0.84,1.37,4.19,2.8,280,,Orthodox,"Nov 23, 1965",16,6,2,50,42,69,50,74,Ron Waterman
103e2e67919379c5,0.0,0.0,0.0,0.0,170,,,"Feb 08, 1985",1,2,0,0,0,0,0,72,Andy Waters
2de91c2244ad7e89,0.48,2.53,4.07,0.0,170,79,Orthodox,"Apr 11, 1989",9,5,0,23,39,52,28,73,Dominic Waters
31dbfbe4e7a6727c,6.39,5.83,0.4,0.8,170,77,Orthodox,"Feb 21, 1995",9,2,0,44,55,33,85,77,Trey Waters
eb04b9d31e938edb,3.42,4.25,1.39,0.6,115,62,Orthodox,"Jan 06, 1986",18,13,0,46,48,33,69,63,Michelle Waterson-Gomez
1836639ecf9b6e7f,0.13,0.73,2.0,1.0,155,,,,2,2,0,18,62,40,60,,
117580b232409824,5.45,7.64,0.0,0.0,185,,,,5,1,0,62,61,0,0,,
d7b2c0b53883ee80,3.67,3.25,0.0,0.0,155,,Southpaw,"Aug 09, 1979",13,8,1,35,62,0,100,72,Kyle Watson
a31dfd9e8b2dc6ca,0.93,1.6,2.0,0.0,155,,,"Sep 22, 1984",4,2,0,37,22,100,33,,Maka Watson
92aafa8f4b26269b,2.1,3.79,0.0,1.4,135,75,Orthodox,"Jul 16, 1984",14,10,0,29,43,0,61,71,Walel Watson
6809c31286b08d97,4.01,4.41,0.15,0.0,185,73,Orthodox,"Jul 13, 1982",17,9,0,44,50,7,43,73,Tom Watson
a99d4aa689bdca18,0.0,0.0,0.0,0.0,185,,,,3,1,0,0,0,0,0,,
7c9f96f9a6a5cd50,4.78,4.35,0.41,0.4,155,73,Southpaw,"Dec 05, 1991",15,6,0,64,46,10,66,72,Brok Weaver
f40ec51dd4de47c3,1.47,2.27,2.5,1.0,170,,Orthodox,"Apr 28, 1989",9,2,,30,64,31,40,70,Jonavin Webb
d44a84409bf0da64,0.91,3.85,6.79,0.0,135,,,,2,2,0,80,15,40,0,66,Stephanie Webber
b9c03e7a4557e542,1.1,2.45,3.38,0.0,135,67,Orthodox,"Nov 15, 1986",4,1,0,60,49,81,0,67,Royston Wee
326a001926ffb7ec,4.49,4.56,2.0,0.0,170,72,Orthodox,"Nov 23, 1993",5,3,0,51,51,30,100,71,Darian Weeks
69888118d968ba52,5.25,3.34,4.77,0.0,135,69,Orthodox,"May 05, 1994",11,3,0,64,61,40,100,68,Joshua Weems
7b9dade6bedaabbe,5.71,4.05,0.84,0.0,145,70,,"Nov 22, 1984",39,9,0,42,61,50,83,70,
3a8176e15b9887c1,3.11,3.37,3.27,0.8,185,78,Orthodox,"Jun 17, 1984",16,8,0,45,51,42,72,74,Chris Weidman
9ccdd2ce45903f34,1.54,2.5,0.8,2.4,185,,Southpaw,"Sep 19, 1967",21,18,1,56,38,50,25,74,Mark Weir
f1b2a4365799c48b,3.12,3.04,1.22,1.2,234,77,Orthodox,"Sep 13, 1975",8,5,0,27,56,42,45,74,Christian Wellisch
2e45d08b3f2f02c8,4.58,4.23,0.0,0.0,135,71,Switch,"Jun 04, 1994",10,2,0,55,52,0,46,70,Malcolm Wellmaker
d66a46de8d705353,2.35,1.28,3.06,1.3,170,74,Switch,"Oct 30, 1986",13,4,1,46,48,46,50,69,Jeremiah Wells
492b202d2064e7a9,3.59,2.64,1.75,1.2,231,77,Orthodox,"Jul 30, 1977",24,9,1,52,55,31,31,76,Fabricio Werdum
b51841e7c594090d,1.82,6.43,6.29,0.0,260,,Orthodox,"Dec 02, 1977",15,8,0,56,22,50,0,72,Mike Wessel
5f5763b3a4de8dd4,0.0,0.0,0.0,0.0,170,,,,6,6,0,0,0,0,0,71,Dustin West
ec2d13a87d3d9541,2.26,3.73,3.23,0.0,170,71,Southpaw,"Aug 20, 1984",10,3,1,40,37,37,14,73,Sheldon Westcott
1ce7998e0a215caa,2.27,4.33,0.0,0.0,170,,,"Jan 11, 1979",9,5,,32,45,0,77,,Aaron Wetherspoon
e57f0b06ea39e360,1.88,3.16,0.87,2.6,135,67,Orthodox,"Oct 11, 1978",14,5,0,22,59,37,33,66,Coty Wheeler
12458872d6afae1b,2.11,2.2,0.88,0.0,205,,Southpaw,"Dec 03, 1971",26,33,2,38,54,28,44,72,Vernon White
d181689653115b6a,0.0,0.0,0.0,0.0,175,,,,1,4,0,0,0,0,0,71,
c17041f1bb5768d8,3.76,3.07,0.92,0.5,155,71,Southpaw,"Oct 22, 1988",13,6,0,42,60,28,71,72,Alex White
3dd949593346dbc3,1.23,3.28,0.0,0.8,170,76,Orthodox,"Jul 01, 1990",14,9,0,40,39,0,50,74,Craig White
4debc6c4c6249690,9.77,6.28,0.0,0.0,155,72,Orthodox,"Jun 11, 1993",9,2,0,49,60,0,50,72,Patrik White
1dafccb62a0f98ec,2.33,1.99,1.9,0.0,145,69,Southpaw,"Apr 12, 1983",14,4,0,46,62,30,45,69,Robert Whiteford
22d1e00e1aabb7c9,1.62,2.36,3.59,0.3,205,,Orthodox,"Jun 29, 1981",27,8,0,33,59,43,77,73,Mike Whitehead
129537073431e52e,3.72,4.04,0.0,0.9,155,72,Orthodox,"Dec 13, 1980",7,3,0,48,46,0,27,72,Garett Whiteley
b6debbda44d4a5a0,0.0,0.0,0.0,0.0,185,,,"Jul 12, 1981",17,27,,0,0,0,0,69,Mitch Whitesel
b3d21b2610dcfaeb,2.5,2.98,1.9,0.5,125,63,Orthodox,"May 24, 1991",4,5,0,31,54,66,70,65,Emily Whitmire
e1147d3d2dabe1ce,4.39,3.36,0.73,0.0,205,73,Orthodox,"Dec 20, 1990",27,9,0,43,59,38,82,72,Robert Whittaker
13935768cf8aeb86,0.65,6.52,0.0,0.0,155,69,Switch,"Oct 04, 1994",12,6,0,60,41,0,80,69,Josh Wick
efa1f6b42c86793c,1.68,1.87,0.41,0.4,250,81,Orthodox,"Feb 05, 1992",10,2,0,38,48,33,58,77,Adam Wieczorek
a6c2f5381d575920,0.0,0.0,0.0,0.0,170,,Southpaw,"Oct 24, 1965",1,5,0,0,0,0,0,70,Orlando Wiet
60884f31ead1609c,1.27,5.47,1.91,0.0,250,,Southpaw,"Feb 10, 1978",11,2,0,58,31,20,0,75,Jonathan Wiezorek
6902fcf0610dd303,3.4,3.87,0.0,2.5,135,72,Orthodox,"Sep 10, 1996",18,3,2,44,46,0,41,70,Jakub Wiklacz
4a482a0100cfcd0a,3.82,2.63,1.43,0.0,155,,Orthodox,"Mar 12, 1979",14,7,,28,71,16,100,66,Justin Wilcox
781014fb7e8e647a,1.0,2.0,0.0,0.0,145,,,"Apr 12, 1982",19,11,0,54,72,0,0,69,Joe Wilk
338a11d3674eb2d4,0.0,0.0,7.32,0.0,155,,Orthodox,"Jan 31, 1987",11,7,0,0,100,100,0,70,Aaron Wilkinson
cfaf010d5b389c09,2.35,3.7,0.92,0.9,145,66,Orthodox,"Sep 15, 1987",9,4,0,38,35,14,55,67,Mike Wilkinson
826475cc758e60e6,2.74,5.66,4.47,0.0,185,80,Orthodox,"Feb 22, 1992",11,2,0,50,39,25,0,75,Rob Wilkinson
852454c572675334,1.82,2.03,1.27,3.8,170,75,Orthodox,"May 04, 1978",7,4,0,45,50,22,66,73,James Wilks
b63e800c18e011b5,0.0,0.0,0.0,0.0,275,,Orthodox,"Dec 19, 1969",7,1,0,0,0,0,0,73,Tedd Williams
6291ac0a3726732f,0.61,2.77,1.84,0.9,235,,Orthodox,"Jul 10, 1975",12,6,0,62,40,40,16,75,Pete Williams
6f812143641ceff8,0.0,1.39,0.0,0.0,185,,Orthodox,"Apr 09, 1976",0,1,0,0,60,0,0,73,Rubin Williams
b8e2f10efb6eca85,1.55,2.32,2.9,0.0,265,,Orthodox,"Mar 30, 1980",4,5,0,36,58,33,100,73,Carter Williams
39330403ad27c2bb,4.12,4.12,2.71,0.5,135,73,Orthodox,"Sep 07, 1981",8,6,0,51,52,41,100,68,Patrick Williams
990bd63726a577f8,3.07,3.55,1.81,0.0,185,76,Orthodox,"Jul 03, 1986",15,5,0,38,48,40,100,74,Tim Williams
e26bd53b751d61d9,5.83,5.46,1.11,0.0,185,75,Southpaw,"Oct 13, 1990",9,6,,50,35,50,85,73,Jordan Williams
f9a20a17d712ef7c,0.31,5.34,0.0,0.0,170,73,Orthodox,"Dec 15, 1983",11,3,0,27,23,0,25,72,Cole Williams
2558ae2e5671e318,4.97,5.34,0.0,0.0,170,77,Orthodox,"Mar 30, 1994",16,5,0,39,41,0,51,72,Khaos Williams
d35f734c56a89103,2.68,2.15,4.2,0.2,235,79,Orthodox,"Jan 06, 1990",10,2,0,48,55,48,100,75,Karl Williams
95883dbdab4fcf0f,0.0,0.0,0.0,0.0,,,,,0,5,0,0,0,0,0,,Karl Willis
ce1e867808ef5fce,3.37,2.57,0.96,0.0,264,78,Southpaw,"Jul 19, 1987",8,2,0,59,57,66,36,73,Justin Willis
a56607a451e4c70d,2.32,1.36,1.31,1.6,170,75,Orthodox,"Jun 07, 1977",18,10,,50,55,50,60,73,Chris Wilson
9cc84087ee768342,0.0,0.0,0.0,0.0,155,,,"Oct 02, 1988",2,3,0,0,0,0,0,,Greg Wilson
cd01f0b768a32475,2.92,5.65,0.37,0.0,205,75,Southpaw,"Jul 17, 1987",7,3,0,48,56,100,80,74,Jonathan Wilson
b8e6393c39cb9740,1.01,5.88,0.0,0.0,145,,,"Oct 20, 1982",36,29,0,31,62,0,0,68,
7b3503352cd53abb,1.57,6.71,1.57,7.9,145,73,Southpaw,"Jan 24, 1989",17,10,0,31,30,16,33,73,Westin Wilson
81254702b51cc832,7.56,8.27,0.0,0.0,145,69,Switch,"Apr 29, 1993",9,3,0,49,52,0,0,69,Damon Wilson
eb29176b03dfa888,3.17,3.57,2.13,1.5,155,68,Orthodox,"Sep 19, 1983",16,10,0,50,51,37,56,70,Matt Wiman
fc9a9559a05f2704,3.4,3.76,0.34,0.1,135,69,Orthodox,"Jun 26, 1984",24,16,1,29,68,33,86,67,Eddie Wineland
483a953b18d73bb3,4.55,6.21,4.28,0.0,185,70,Orthodox,"Jun 13, 1989",7,3,0,44,46,52,40,66,Deron Winn
b45d6b73f4ca4467,2.52,4.57,0.0,0.0,155,73,Orthodox,"Nov 09, 1981",21,11,2,33,51,0,74,71,Andre Winner
b34976c022b24568,0.0,0.0,0.0,0.0,238,,,"Sep 14, 1995",6,0,0,0,0,0,0,,
53f84637dfffab7a,1.42,2.08,0.0,0.9,145,,Southpaw,"Jul 25, 1984",26,9,1,47,56,0,27,68,Eric Wisely
cd12227edd3f134b,2.32,4.86,1.57,0.3,170,,Orthodox,"Oct 25, 1981",28,15,1,52,42,40,78,72,Keith Wisniewski
5f3805dda9661cba,2.15,2.54,6.9,0.9,170,70,Orthodox,"Nov 07, 1986",19,9,0,44,52,48,100,70,Jason Witt
7f9f528cb72a6ed1,0.48,4.03,4.84,1.2,205,,Orthodox,"Mar 15, 1978",75,21,,30,41,57,44,75,Travis Wiuff
ea0ad155451ed1f5,0.0,0.0,0.0,0.0,,,,,0,1,0,0,0,0,0,,Ray Wizard
b99b3620839ea911,2.67,0.87,2.0,1.0,115,,Orthodox,"Dec 09, 1994",9,2,0,65,62,66,100,62,Karolina Wojcik
a7e3f02fe2b2fe30,2.37,4.57,0.0,0.5,145,70,Orthodox,"Sep 08, 1983",1,1,0,25,47,0,77,71,Danyelle Wolf
aa79d5399571068e,0.47,10.91,0.0,0.0,170,,Orthodox,"Oct 18, 1975",7,5,0,33,19,0,0,69,Brandon Wolff
daa89f01e1c0f42a,0.0,0.0,0.0,0.0,165,,,,0,1,0,0,0,0,0,67,
751aa58b7fb03c74,5.02,5.82,0.0,0.0,135,71,Orthodox,"Jun 24, 1995",14,6,0,39,60,0,66,70,Kwon Wonil
12f91bfa8f1f723b,7.1,4.89,1.52,0.3,125,65,Orthodox,"Dec 23, 1985",17,8,0,51,51,55,58,66,Joanne Wood
329e403448756217,5.64,4.25,1.35,0.5,145,69,Orthodox,"May 08, 1993",23,6,0,51,54,48,73,66,Nathaniel Wood
7a47e068f8017019,1.6,4.93,1.92,0.0,170,74,Orthodox,"Aug 10, 1993",7,2,0,35,36,100,50,68,Val Woodburn
effd9de9937996f8,2.36,2.76,1.06,0.4,170,74,Orthodox,"Apr 07, 1982",19,7,1,48,54,40,87,69,Tyron Woodley
8de471543d9c933e,0.0,0.0,0.0,0.0,170,,,"Feb 05, 1985",8,17,0,0,0,0,0,71,Salvador Woods
133a9d2e6efd8a50,0.0,0.0,0.0,0.0,185,,,"May 30, 1994",5,1,0,0,0,0,0,,
4682bc59d5f55145,5.57,4.18,0.58,0.3,145,78,Orthodox,"Jun 07, 1992",13,2,1,46,58,55,84,74,Sean Woodson
de3ed2e152520c8d,0.0,0.0,0.0,0.0,230,,Orthodox,"Jun 11, 1963",13,10,0,0,0,0,0,71,Cal Worsham
8fb808fc2e145bd6,0.0,0.0,0.0,0.0,185,,,,7,3,0,0,0,0,0,,Hunter Worsham
78e501478a36a018,4.18,4.45,0.0,0.7,155,74,Orthodox,"Oct 15, 1986",16,9,0,48,46,0,57,71,Khama Worthy
eb6edce3028f05c0,1.76,3.12,4.07,2.0,170,,Orthodox,,5,1,0,48,28,66,0,72,Eric Wray
e78f601035d677f2,3.43,2.07,0.0,0.0,265,,Orthodox,"Apr 27, 1987",13,2,0,35,64,0,100,74,Justin Wren
2a0b19a96f848eff,0.0,0.0,0.0,0.0,130,,,"Jan 12, 1976",1,0,0,0,0,0,0,,JW Wright
7182146226dabe22,0.0,0.0,0.0,0.0,,,,,8,5,1,0,0,0,0,,
c878270af633eb11,4.1,6.03,2.09,0.4,205,77,Orthodox,"Oct 07, 1991",12,5,,56,31,45,100,74,Jordan Wright
aac6edb0d5e0b7e9,3.47,4.07,3.0,0.0,155,,,"Oct 14, 1987",12,4,0,43,43,25,33,69,Marcin Wrzosek
fdbefee0827e1567,4.23,4.95,0.62,0.2,135,66,Orthodox,"Apr 18, 1996",13,6,0,41,49,30,63,68,Wu Yanan
2296125b6c362355,1.61,3.02,3.28,0.4,135,69,Orthodox,"Mar 01, 1989",20,9,0,42,56,42,77,69,Wulijiburen
78f4cad9548b79e1,0.0,0.0,0.0,0.0,115,,,"Sep 03, 2000",10,1,0,0,0,0,0,,
2d077e22886298be,0.41,2.84,6.08,0.0,145,70,Orthodox,"Apr 09, 1990",29,12,1,50,41,50,0,69,Wuziazibieke Jiahefu
e6dac752a2418a88,0.77,1.82,2.1,1.1,220,,Orthodox,"Sep 08, 1974",5,3,0,42,21,40,25,75,Rubens Xavier
86bace9e4ad85542,5.06,3.85,0.74,0.0,135,70,Orthodox,"Apr 13, 1998",27,11,0,47,50,27,82,68,Xiao Long
e415ea6f8d41c917,4.1,2.81,2.6,0.0,145,71,Orthodox,"Feb 28, 1998",15,6,0,44,59,42,40,71,Xie Bin
2cdb479a0ef0ee1d,4.53,8.13,0.0,0.0,115,63,Switch,"Jan 12, 1988",19,3,0,34,38,0,75,64,Xiong Jingnan
85248da6e9e2f7e7,3.08,2.55,0.0,0.0,185,,Orthodox,"Nov 29, 1983",8,4,0,39,63,0,66,73,Jamie Yager
cc84b68f862b466f,3.13,5.77,0.0,1.0,145,,Orthodox,"Mar 23, 1979",16,7,1,30,42,0,62,67,Eddie Yagin
94527830000ab715,1.71,2.08,2.73,1.8,135,67,Orthodox,"Sep 12, 1984",28,12,,38,50,30,29,66,Rani Yahya
3753714927f18437,3.5,6.39,0.5,0.5,145,73,Switch,"May 23, 1994",12,6,0,39,43,20,42,69,Mohammad Yahya
95aff2fd8d09a5f0,8.64,2.22,11.11,7.4,205,78,Orthodox,"Jan 03, 2001",10,0,0,68,59,75,100,74,Abdul Rakhman Yakhyaev
d06f8869449ba7bd,1.74,2.41,1.66,0.1,155,74,Southpaw,"Jul 18, 1984",24,10,1,47,58,35,72,75,Alexander Yakovlev
6014d25e73b669c9,0.0,0.0,0.0,0.0,185,,Southpaw,"Jul 12, 1972",45,35,10,0,0,0,0,71,Keiichiro Yamamiya
9f488f520ed25bbf,0.3,1.93,0.0,0.3,170,,Orthodox,"Jul 11, 1976",5,12,2,46,38,0,10,72,Kenichi Yamamoto
eed2b71d77d95416,1.65,3.05,1.0,0.6,220,,Southpaw,"Jul 04, 1970",14,25,1,38,53,20,50,74,Yoshihisa Yamamoto
351264d11286d09a,1.97,1.27,1.12,0.0,139,,Orthodox,"Oct 02, 1980",19,11,3,39,70,33,100,66,Atsushi Yamamoto
4834ff149dc9542a,2.09,2.01,0.41,0.0,135,66,Southpaw,"Mar 15, 1977",18,6,,45,57,22,45,64,Norifumi Yamamoto
283645128ae57eda,2.1,3.54,0.0,0.0,135,,,"Oct 24, 1978",13,3,,26,63,0,100,71,Hiroko Yamanaka
9e1a7101fefe9746,1.66,1.01,0.0,4.3,145,,,"Jan 05, 1993",21,3,0,54,66,0,0,70,
d8bf3df51ff3a270,4.01,3.57,0.0,0.0,125,68,Orthodox,"Jun 22, 1999",7,2,0,52,62,0,66,66,Wataru Yamauchi
d1d20e651e6cbc02,0.57,1.57,4.5,1.0,139,,Southpaw,"May 25, 1977",15,12,3,25,47,50,100,68,Takeshi Yamazaki
c41d426cc7326d1b,4.69,3.23,0.84,0.0,115,63,Orthodox,"Jun 16, 1989",19,5,,45,60,73,64,65,Yan Xiaonan
d661ce4da776fc20,5.16,4.24,1.7,0.1,135,67,Switch,"Feb 11, 1993",20,5,0,54,59,49,86,67,Petr Yan
5c9c2e247c836b67,4.38,5.06,3.68,0.0,125,62,Orthodox,"Oct 21, 1996",25,5,0,46,54,69,62,63,Yan Qihui
7c592bf20095fd17,0.3,3.32,0.0,4.5,145,68,Orthodox,"Oct 16, 2000",8,2,0,33,42,0,100,68,Yuito Yanagawa
0a95c474e61a6c44,0.18,6.14,0.0,0.0,185,74,Orthodox,"Aug 07, 1988",9,1,0,8,36,0,25,69,Adam Yandiev
0232cabbc30a2372,5.96,5.24,0.0,0.0,135,70,Orthodox,"Nov 29, 1993",17,6,1,41,56,0,75,67,Adrian Yanez
aed06011bf62237b,3.55,3.21,1.7,0.5,185,73,Southpaw,"Dec 07, 1984",13,3,0,51,63,41,61,70,Dongi Yang
d3c554d6e11fc9d6,1.4,2.07,1.0,0.0,145,,Orthodox,"Nov 27, 1988",11,4,1,26,65,25,33,67,Jianping Yang
450bcab0968562c4,3.56,4.07,0.0,0.0,135,70,Southpaw,"Jul 07, 1994",10,5,0,49,62,0,80,67,John Yannis
d56caaa5e123f518,0.0,0.0,0.0,0.0,198,,Orthodox,"Jul 11, 1975",2,4,1,0,0,0,0,69,Masutatsu Yano
2299605af59fd309,0.0,0.0,0.0,0.0,770,,Open Stance,"Sep 05, 1960",1,2,0,0,0,0,0,80,Emmanuel Yarborough
a0b91014e9d16a76,3.16,10.0,0.0,0.0,185,,Orthodox,"Dec 27, 1986",8,3,0,27,72,0,0,73,Cale Yarbrough
49e7e05f902479ca,2.7,0.85,0.75,0.0,310,,Orthodox,"Oct 09, 1963",2,4,0,73,60,14,0,76,Tadao Yasuda
620be7e0712d431b,0.0,5.57,0.0,0.0,165,,Orthodox,"Jul 19, 1956",0,2,0,0,48,0,0,73,Yoshiaki Yatsu
920632ca1b78fae5,0.0,0.0,0.0,0.0,185,,,,4,6,0,0,0,0,0,69,Chris Yee
cc2fcae2c0dc501d,2.87,5.5,0.0,0.0,145,69,Southpaw,"Nov 13, 1989",24,13,,41,54,0,81,67,Yibugele
a78dc3910554dbae,4.31,4.58,4.12,0.0,125,66,Southpaw,"Jan 01, 1997",18,7,0,43,52,40,78,65,Yin Shuai
3f11fd1751fa83b1,3.25,2.88,3.42,0.9,145,71,Orthodox,"Jan 08, 1997",26,6,0,47,49,33,64,67,Yizha
b4c6c904a9ffc5e8,3.42,4.13,1.09,0.6,115,69,Southpaw,"Oct 20, 1987",8,9,0,39,47,27,66,67,Ashley Yoder
35585d970300d45a,1.52,3.42,1.87,0.4,205,,Orthodox,"Jun 08, 1978",11,5,0,33,38,41,66,71,Hirotaka Yokoi
a8e8587a06e73c87,0.67,1.13,0.0,0.0,154,,Orthodox,"Apr 03, 1978",25,7,3,31,57,0,0,68,Kazunori Yokota
40eb2aef4d5577d4,0.0,0.0,0.0,0.0,135,,,,0,1,0,0,0,0,0,,
00b490982afd1b17,4.83,6.11,0.53,0.5,170,74,Orthodox,"Jan 18, 1990",8,2,0,65,40,100,69,72,SangHoon Yoo
a44020ea2e8cd026,6.36,4.99,0.0,0.0,145,71,Orthodox,"Jan 21, 1994",9,1,0,58,56,0,50,67,JooSang Yoo
ad99fa5325519169,0.99,2.33,1.6,1.3,185,,Orthodox,"Aug 24, 1972",9,9,0,36,51,29,33,72,Dong Sik Yoon
29ab96eae72bad9f,5.7,2.15,1.9,0.0,145,70,Orthodox,"May 10, 1994",8,3,1,48,64,28,100,68,ChangMin Yoon
ab8900ae1f1dfd4c,0.85,3.67,1.41,2.8,170,70,Southpaw,"May 10, 1974",18,9,0,36,36,28,25,71,Yoshiyuki Yoshida
2eae41f61776c60f,1.05,1.89,1.09,2.2,225,,Orthodox,"Sep 03, 1969",6,8,1,36,62,33,71,71,Hidehiko Yoshida
2e517966267a468a,4.32,4.96,0.0,0.0,125,69,Southpaw,"Oct 10, 1999",6,2,0,50,54,0,100,69,Kai Yoshida
a474aade8eb3a8f0,2.15,2.01,4.26,0.4,135,65,Orthodox,"Dec 11, 1995",16,4,,47,68,47,66,66,SuYoung You
79ff6545b0abc685,2.83,6.33,2.5,0.0,135,,Orthodox,"Sep 15, 1985",7,9,1,26,51,100,0,69,Kaitlin Young
8d4943a9ce9f521b,0.0,0.0,0.0,0.0,205,,,"Jul 16, 1980",10,12,0,0,0,0,0,,Artenus Young
bf5183e1c1afc3b2,1.43,5.13,1.13,1.1,145,,Orthodox,"Jun 19, 1976",11,9,0,22,50,20,0,66,Trenell Young
f59e9e49ef85b469,2.97,3.2,1.98,0.0,145,73,Orthodox,"Jun 28, 1986",9,6,0,37,50,66,55,69,Jason Young
4cd8b03aee1d0138,5.19,5.46,0.63,0.0,145,72,Orthodox,"Jul 31, 1993",13,8,0,40,52,18,64,68,Shane Young
568bbad0eaced57c,3.18,4.88,0.0,0.6,125,65,Orthodox,"Feb 20, 1991",9,6,0,47,43,0,53,67,Shanna Young
b2a78df161bd67f9,6.32,5.12,0.75,0.0,155,70,Orthodox,"Jul 14, 2000",11,3,0,52,49,30,76,69,Gauge Young
98ec9f385cca47fc,3.14,3.98,1.33,0.0,170,,Orthodox,"Mar 25, 1985",7,4,0,53,38,66,50,71,Besam Yousef
67ec58d7cf599835,0.0,0.0,0.0,0.0,220,,,,0,1,0,0,0,0,0,71,
42078a86d3dd037b,1.37,2.55,2.94,0.0,185,,Orthodox,"May 05, 1980",9,5,0,41,31,100,0,73,Rob Yundt
94426bb170c88115,5.27,4.29,0.36,0.4,155,71,Orthodox,"May 19, 1993",13,5,0,49,53,23,62,69,Sodiq Yusuff
d29b5c4f22c6357d,1.05,1.78,0.0,1.0,225,77,Orthodox,"Jun 30, 1976",39,16,,47,50,0,25,74,Gilbert Yvel
2284092f8b63273b,4.56,4.46,0.74,0.0,185,74,Orthodox,"Dec 19, 1981",14,4,0,32,62,33,80,74,Luke Zachrich
8c822811eedc11ad,2.99,2.31,6.11,0.0,170,,Orthodox,"May 10, 1987",7,3,0,64,52,60,0,71,Anton Zafir
24656ef4d605c96f,4.47,4.11,0.12,0.0,135,68,Orthodox,"Nov 19, 1987",14,3,0,48,68,14,83,68,Aiemann Zahabi
6b614bda982f5214,0.0,0.0,0.0,0.0,205,,,"Mar 16, 1993",10,3,0,0,0,0,0,,
52c2ae6d2f2d2613,2.78,1.79,1.84,1.3,145,72,Switch,"Sep 04, 1996",18,6,1,50,64,31,55,70,Youssef Zalal
8adcbd525fab8d9b,4.16,3.56,0.79,0.4,170,73,Orthodox,"Dec 11, 1986",25,10,1,41,55,20,67,71,Elizeu Zaleski dos Santos
cc3878d1ab41a5fa,0.87,6.67,0.0,0.0,145,69,Southpaw,"Dec 14, 1989",10,7,0,56,20,0,26,67,Zach Zane
fe5ca7ef93c3f6a7,2.6,2.13,0.0,1.4,170,,Southpaw,"May 09, 1986",4,2,0,51,36,0,81,71,Roger Zapata
abcf7e55a0a9ed89,5.02,5.93,0.73,0.0,170,,Orthodox,"Jul 30, 1980",20,9,,34,50,42,73,69,Marius Zaromskis
3bb2dc8e87b10a46,3.84,4.54,0.97,1.7,170,75,Orthodox,"Aug 01, 1990",17,7,0,41,55,33,57,72,David Zawada
04ff3a711504d6b3,15.67,4.8,2.0,0.0,155,68,Orthodox,"Jan 02, 1995",8,0,0,60,58,100,0,70,Magomed Zaynukov
fd7ab338e4953644,3.72,12.82,0.0,0.0,145,68,Orthodox,"Oct 22, 1996",11,5,0,28,45,0,0,68,Manolo Zecchini
be4076c9e8d791e3,0.83,2.6,0.5,1.0,170,,Orthodox,"Jan 15, 1986",21,9,0,36,48,5,50,71,Joao Zeferino
4148802ae4a50768,5.45,6.17,0.14,0.3,155,77,Switch,"Jul 07, 1999",15,4,0,38,54,25,81,73,Daniel Zellhuber
3794e5e0bb0defb6,0.61,4.65,0.0,0.0,205,,Orthodox,"Sep 09, 1976",4,3,0,9,61,0,0,74,Craig Zellner
c879d8620261b1a3,1.67,4.07,0.0,0.0,125,67,Orthodox,"Feb 17, 1999",14,2,0,32,33,0,0,67,Rickson Zenidim
3144121470023e9a,1.18,0.53,1.6,3.2,230,,Orthodox,"Sep 10, 1973",18,12,0,36,70,100,33,73,Roman Zentsov
cbf69fa846c7e3ee,4.36,2.28,0.0,0.0,205,,Orthodox,"Sep 05, 1978",3,4,0,65,68,0,100,72,Carlos Zevallos
c23e3d4875340d8d,1.23,2.14,1.95,3.4,155,69,Orthodox,"Jul 25, 1978",15,4,0,36,51,58,75,68,Zhang Tiequan
7b310409440c9102,1.28,1.88,1.75,0.8,155,71,Southpaw,"Mar 10, 1990",23,9,1,48,53,30,69,71,Zhang Lipeng
1ebe20ebbfa15e29,4.66,2.63,1.96,0.5,115,63,Switch,"Aug 13, 1989",26,4,0,52,53,44,63,64,Zhang Weili
8a65fd9ba31fd3f7,7.01,5.55,0.0,0.0,205,75,Orthodox,"Aug 16, 1998",19,8,0,58,43,0,75,74,Zhang Mingyang
45c7979c71751fcf,2.87,4.73,0.0,0.0,135,67,Southpaw,"Nov 05, 2001",16,8,1,33,49,0,50,67,Zhang Qinghe
286e1d61fb315355,0.0,0.0,0.0,0.0,155,,,,7,2,0,0,0,0,0,,
fd52e5f9ab25c94c,1.86,2.36,7.74,1.4,135,68,Switch,"Sep 15, 1999",9,2,0,40,55,65,53,68,Daermisi Zhawupasi
07047eb7d17fb0a2,4.13,3.38,0.31,0.0,135,68,Orthodox,"Jan 23, 1996",10,3,0,40,64,100,50,69,Daria Zhelezniakova
5ea918ea81b7dee2,1.44,2.82,0.66,0.0,125,64,Orthodox,"Feb 07, 1991",2,4,0,21,48,16,58,65,Yao Zhikui
d027fff39a34a9df,0.0,0.0,0.0,0.0,125,,,,13,4,0,0,0,0,0,,
6f4ec5aa3eced219,2.93,1.64,0.32,0.0,145,70,Orthodox,"Jan 16, 1996",21,5,,48,66,100,50,66,Zhu Kangjie
55fa6ce3e522c8bb,5.24,5.86,1.3,0.2,125,66,Switch,"Aug 29, 1988",14,9,0,43,52,19,75,64,Zhalgas Zhumagulov
1e4f273069fb9e85,2.68,1.58,1.86,0.5,155,75,Orthodox,"Mar 21, 1997",18,5,0,52,63,42,70,73,Fares Ziam
6d3398b910461f2f,0.87,0.87,0.0,2.0,205,,,,8,4,0,35,40,0,0,,
4b4fc3ddc307bc73,1.47,1.6,0.5,0.5,205,,Orthodox,"Mar 01, 1977",21,10,2,35,44,25,74,74,James Zikic
0aa74d04c196800c,2.95,0.0,0.0,0.0,185,,Orthodox,"Apr 20, 1986",0,1,0,42,0,0,0,75,Errol Zimmerman
3ecd936bd8814108,2.57,1.63,2.77,0.8,145,68,Southpaw,"Jul 01, 1982",10,4,0,61,47,65,42,66,Cat Zingano
108afe61a26bcbf4,0.0,0.0,0.0,0.0,199,,Orthodox,"May 23, 1966",4,1,2,0,0,0,0,73,Igor Zinoviev
be124bdd60fab7d5,0.0,0.0,0.0,0.0,170,,,"Mar 05, 1980",5,7,,0,0,0,0,,Dave Zitanick
02d808afb96669de,0.0,0.0,0.0,0.0,145,,,,6,3,0,0,0,0,0,,Alex Zuniga
1291dd6b8ab4d952,7.64,5.45,0.0,0.0,185,,,,3,1,0,38,37,0,100,69,
523af801b3429015,3.93,1.8,0.0,1.0,155,70,Orthodox,"Apr 04, 1992",13,1,0,52,61,0,57,67,Allan Zuniga
392878af4680849f,1.86,5.57,0.0,0.0,145,70,Orthodox,"Mar 10, 1996",9,1,0,15,59,0,0,70,Brahyam Zurcher
0c277f3ff66b0208,3.34,4.87,1.31,0.0,205,74,,"Jun 26, 1982",15,6,1,48,39,30,50,74,Virgil Zwicker
