fight_id,method,round,winner,loser,time_sec,round_total
e761c5009c09b295,Submission,2,Alexandre Pantoja,Kai Asakura,300,5
c409c3a5eda764ba,Submission,1,Mike Swick,Joe Riggs,300,3
3a94bf34e62ae5fd,KO/TKO,1,Jacare Souza,Derek Brunson,300,5
d72f9b3ac742a9e3,Decision - Split,3,TJ Brown,Kai Kamaka III,300,3
760b5b16b4931a77,Decision - Unanimous,3,Roxanne Modafferi,Maycee Barber,300,3
32a8f38bd1d46e3e,Submission,2,Diego Ferreira,Anthony Pettis,300,3
6c79db79da9ae874,Submission,1,Guido Cannetti,Randy Costa,300,3
8c124a6196e39ad8,Decision - Unanimous,3,Mark Munoz,Tim Boetsch,300,3
bb9020ac324fb706,KO/TKO,1,Eddie Alvarez,Rafael Dos Anjos,300,5
731a3120fdffa44c,KO/TKO,2,Brandon Vera,Michael Patt,300,3
9b10db4499b211b7,Submission,1,Luke Rockhold,Tim Boetsch,300,3
c92a4fe402579c49,Decision - Unanimous,3,Chris Wilson,Steve Bruno,300,3
bfe4950b3de83e9c,KO/TKO,1,Iwo Baraniewski,Junior Tafa,300,3
357781ff34a3d39f,Submission,2,James Moontasri,Cody Pfister,300,3
df42fd9af4740d24,KO/TKO,3,Jeremy Stephens,Marcus Davis,300,3
784a57385d0e87ff,Submission,3,Jake Matthews,Johnny Case,300,3
6921344f8e706d0f,KO/TKO,4,Stipe Miocic,Daniel Cormier,300,5
f24144fbe9e32c10,Decision - Unanimous,3,Taylor Lapilus,Leandro Issa,300,3
e5cb9dfc1189d77d,Decision - Unanimous,3,Kyler Phillips,Raoni Barcelos,300,3
90eb22b9eb6ed2a8,Decision - Unanimous,3,Kyle Daukaus,Dustin Stoltzfus,300,3
bce8ece2ff26b4d4,Submission,2,Nate Landwehr,Austin Lingo,300,3
8f00da6ea8186ce2,Decision - Unanimous,3,Rinat Fakhretdinov,Bryan Battle,300,3
212527d462690304,Decision - Unanimous,3,Mateusz Gamrot,Ludovit Klein,300,3
4bf0be780f2d09be,Decision - Unanimous,3,Shane Burgos,Tiago dos Santos e Silva,300,3
cad44cd2466fb68f,KO/TKO,1,Anthony Birchak,Joe Soto,300,3
0f215b143e08f425,Decision - Split,3,Alptekin Ozkilic,Darren Uyenoyama,300,3
539a550c0c1acd3e,Decision - Unanimous,3,Joshua Burkman,Chad Reiner,300,3
358468724d7d4322,Decision - Unanimous,3,Benito Lopez,Vince Morales,300,3
5c281439d20184f1,KO/TKO,3,Jan Blachowicz,Aleksandar Rakic,300,5
8b0ff8defc1a14f4,Decision - Unanimous,3,Ryan LaFlare,Ben Alloway,300,3
c420c376cc1d149c,Decision - Unanimous,3,Tim Elliott,Tagir Ulanbekov,300,3
e186bd5e556f1b5e,KO/TKO,2,Geoff Neal,Niko Price,300,3
6e2254b4fd39ce40,KO/TKO,1,David Terrell,Matt Lindland,300,3
39417b7d07c2fd83,Submission,3,Nicolle Caliari,Shauna Bannon,300,3
434abaea90ccd299,Decision - Unanimous,3,Lucas Rocha,Stewart Nicoll,300,3
ece3a7a9e930ef9d,Decision - Split,3,Uriah Hall,Antonio Carlos Junior,300,3
fdafa20b7ec8cb44,Submission,1,David Terrell,Scott Smith,300,3
3b2a24db4eeaeede,Submission,1,Valter Walker,Don'Tale Mayes,300,3
f3e1c02ce14bccfe,KO/TKO,2,Derrick Lewis,Ruan Potts,300,3
f882cf76a8bce308,KO/TKO,1,Zubaira Tukhugov,Kevin Aguilar,300,3
420f4e4dc341eb57,Decision - Unanimous,3,Alan Jouban,Belal Muhammad,300,3
278cd1803ccc004f,Decision - Unanimous,3,Sergio Pettis,Chris Cariaso,300,3
a3ef3d05ddd80a94,KO/TKO,1,Ihor Potieria,Mauricio Rua,300,3
d417609ea9670fb3,Submission,1,Yancy Medeiros,Joe Proctor,300,3
40fa4f8b4b93884e,KO/TKO,3,Mairon Santos,Muhammad Naimov,300,3
762de3b0b32ba937,KO/TKO,3,Travis Browne,Matt Mitrione,300,3
3249bbbb7ce837ef,Decision - Unanimous,3,John Makdessi,Ross Pearson,300,3
460b421493dd9fb8,Decision - Unanimous,3,Roan Carneiro,Rich Clementi,300,3
1cbffe3a467d0ded,KO/TKO,4,Mauricio Rua,Brandon Vera,300,5
49694c2d00c581ed,KO/TKO,1,Volkan Oezdemir,Jimi Manuwa,300,3
fa77134e0d90da3b,KO/TKO,1,Iuri Alcantara,Joe Soto,300,3
e2b32e1683a566af,Submission,1,Patrick Smith,Rudyard Moncayo,,
1ce1a43ef68ffc7d,KO/TKO,1,Vince Morales,Louis Smolka,300,3
97caf8fca9d9603b,KO/TKO,2,Dominick Reyes,Anthony Smith,300,3
b3c74554c871fbf8,Decision - Unanimous,3,Brandon Moreno,Jussier Formiga,300,3
cbf1e76186a0c8b3,Submission,1,Kevin Holland,Michael Chiesa,300,3
7e551ddb1494a45f,KO/TKO,2,Ryan Spann,Marcus Buchecha,300,3
2d13778322a8af82,Submission,1,Mitch Gagnon,Roman Salazar,300,3
fd60e75303622e5e,Decision - Unanimous,3,Rafa Garcia,Natan Levy,300,3
c7df07266a9597d9,KO/TKO,1,Tim Means,Ricky Rainey,300,3
4b997af9fb321123,Submission,1,Gunnar Nelson,Brandon Thatch,300,3
8b87b341bcd130ee,KO/TKO,3,Edson Barboza,Mike Lullo,300,3
f8fce67abe0ab922,Submission,3,Jussier Formiga,Ben Nguyen,300,3
6bcf5381dd8de85b,Decision - Unanimous,3,Hatsu Hioki,Bart Palaszewski,300,3
4efbd869aa0211d2,KO/TKO,2,Curtis Blaydes,Cody East,300,3
2ebfb072b178649e,KO/TKO,3,George Roop,Josh Grispi,300,3
b070b8c2c489d838,Decision - Unanimous,5,Leon Edwards,Nate Diaz,300,5
089dd2e0cc6395fa,Submission,2,Nate Diaz,Kurt Pellegrino,300,3
3f71ac21472f994c,Decision - Unanimous,3,Marcos Rogerio de Lima,Maurice Greene,300,3
55b3724a98c0469c,Decision - Unanimous,3,Noad Lahat,Steven Siler,300,3
85060e6e71ed14e4,Decision - Unanimous,3,Lauren Mueller,Shana Dobson,300,3
ca0f0a35a1fcb453,KO/TKO,2,Eryk Anders,Kyle Daukaus,300,3
f0e0effb1b2de6ae,KO/TKO,2,Shana Dobson,Ariel Beck,300,3
980927e7dcc131c0,Decision - Unanimous,3,Jose Aldo,Pedro Munhoz,300,3
475a41d83edd47dd,Decision - Unanimous,3,Aisling Daly,Ericka Almeida,300,3
4072abf0b0c179f2,Decision - Unanimous,3,David Onama,Giga Chikadze,300,3
f41c2c82d5117230,Submission,2,Allan Nascimento,Cody Durden,300,3
0cf7a4593fd44e59,Decision - Unanimous,3,Jared Gordon,Leonardo Santos,300,3
cf5f9da861c5e63f,Decision - Unanimous,3,Nik Lentz,Hacran Dias,300,3
613a288e8819fead,Submission,2,Michael Chiesa,Beneil Dariush,300,3
fd4d5685c2e207b5,KO/TKO,1,Matt Mitrione,Derrick Lewis,300,3
a020b5b917c27bb8,KO/TKO,1,Jared Cannonier,Cyril Asker,300,3
038c472ae3fd7728,KO/TKO,1,Shane Carwin,Gabriel Gonzaga,300,3
95d46f7a7e72f91c,Decision - Unanimous,3,Alan Patrick,Damien Brown,300,3
b1dee00c3052e65e,Decision - Unanimous,3,Edson Barboza,Gilbert Melendez,300,3
1a21263dc5d866b6,KO/TKO,2,Joey Beltran,Rolles Gracie,300,3
86a1be10255eea4e,Decision - Unanimous,5,Lerone Murphy,Josh Emmett,300,5
2d80f60b67791b97,KO/TKO,2,Cain Velasquez,Denis Stojnic,300,3
39d188fa9b95d550,Submission,1,Vicente Luque,Tyron Woodley,300,3
b9abcce29378e5cc,Decision - Unanimous,3,Anthony Pettis,Donald Cerrone,300,3
b87ac039e3b13940,KO/TKO,1,Tamires Vidal,Ramona Pascual,300,3
351532f2fe6804d1,KO/TKO,1,Rafael Dos Anjos,Benson Henderson,300,5
92f569a6d9374b86,Decision - Unanimous,3,Brad Tavares,Antonio Carlos Junior,300,3
e2dc4fb7b5c0ce76,Decision - Unanimous,3,Jamie Mullarkey,Rolando Bedoya,300,3
01619207a811ef01,Decision - Unanimous,3,Jan Blachowicz,Jared Cannonier,300,3
2f523b757f7f33a2,KO/TKO,1,Jose Delgado,Hyder Amil,300,3
c5990f9767b16c48,Decision - Unanimous,3,Karolina Kowalkiewicz,Heather Clark,300,3
f09c3d8a26806761,Decision - Split,3,Nicolas Dalby,Warlley Alves,300,3
e00da416750f75a9,KO/TKO,1,Scott Askham,Antonio Dos Santos,300,3
1e87e0e4da55c92f,Decision - Unanimous,3,Chael Sonnen,Dan Miller,300,3
e917559aedf85a98,KO/TKO,1,Forrest Griffin,Elvis Sinosic,300,3
d460961065f1198b,Decision - Unanimous,3,Clay Guida,Mac Danzig,300,3
5337461354f23b98,Submission,1,Abel Trujillo,Tony Sims,300,3
225e93ebed9b71b8,Decision - Unanimous,3,Joanderson Brito,Isaac Thomson,300,3
90e5169190971647,KO/TKO,1,Lorenz Larkin,John Howard,300,3
3d3dde60e3d59c1c,Decision - Unanimous,3,Asu Almabayev,CJ Vergara,300,3
b2297232b9310ba5,Decision - Unanimous,3,Chris Wade,Frankie Perez,300,3
e301a2c3a415cd33,Submission,1,Jonathan Goulet,Paul Georgieff,300,3
5ff8463edf8155c0,KO/TKO,1,Devonte Smith,Dong Hyun Ma,300,3
cc4fcfede19bc196,Decision - Unanimous,3,JJ Aldrich,Montana De La Rosa,300,3
ce82f34bc14f7af0,Decision - Unanimous,3,Tatsuya Kawajiri,Jason Knight,300,3
58811a4e36c53b89,TKO - Doctor's Stoppage,1,Rhys McKee,Daniel Frunza,300,3
57f4aac17f067c11,KO/TKO,2,Matt Hughes,Carlos Newton,300,5
fad150a0288efbd7,Decision - Split,3,Katlyn Cerminara,Amanda Ribas,300,3
8a85dffa80e6c7bd,KO/TKO,1,Felicia Spencer,Zarah Fairn,300,3
1785c7fb722d3007,KO/TKO,1,Joseph Benavidez,Alex Perez,300,3
1d127ec120dcb58e,Submission,2,Tamdan McCrory,Pete Spratt,300,3
a4e592c874e8233f,Decision - Unanimous,3,Kenichi Yamamoto,Daiju Takase,300,3
43682a646b9b956f,Submission,2,Jason Knight,Alex Caceres,300,3
ad9ecef413a5b48f,Decision - Unanimous,3,Aiemann Zahabi,Reginaldo Vieira,300,3
3808db1e982cb103,KO/TKO,1,Alex White,Estevan Payan,300,3
ad63c30e22e63344,KO/TKO,3,Jonathan Martinez,Pingyuan Liu,300,3
24bcade0007c2246,Decision - Unanimous,3,Mario Bautista,Jin Soo Son,300,3
5510b86a35c5614b,Decision - Unanimous,3,Rafael Natal,Michael Kuiper,300,3
27cdd152218b44d4,Submission,1,Jason MacDonald,Ed Herman,300,3
2328c7832a356a6d,Decision - Unanimous,3,Ross Pearson,Dennis Siver,300,3
76641669c1607b7a,Submission,1,Dione Barbosa,Diana Belbita,300,3
b6bd31215bd7ec1f,KO/TKO,2,Junior Dos Santos,Tai Tuivasa,300,5
25d4376e00b16510,Decision - Split,3,Jessica Penne,Loopy Godinez,300,3
0c27552ea7bc8c8a,Submission,1,Anderson Dos Santos,Martin Day,300,3
16a0352f3e19b931,KO/TKO,1,Stipe Miocic,Junior Dos Santos,300,5
a0e4f43827aa81c4,Decision - Unanimous,3,Jussier Formiga,Zach Makovsky,300,3
b26c2f616c9436fb,Submission,1,Jeremy Horn,Chuck Liddell,,
e53c8a20819f9be6,KO/TKO,1,Nikita Krylov,Walt Harris,300,3
e284a194fb4648a9,Submission,3,Tresean Gore,Azamat Bekoev,300,3
bb42336d6417914c,KO/TKO,2,Tai Tuivasa,Derrick Lewis,300,3
e0e2c1fc1a178d89,KO/TKO,1,Fernando Padilla,Julian Erosa,300,3
df2ed8b509fbdbdc,Decision - Split,3,Nikolay Veretennikov,Francisco Prado,300,3
0239f24134022656,KO/TKO,1,Fabricio Werdum,Mike Russow,300,3
36807d8a7ebc84a5,Decision - Unanimous,3,David Dvorak,Jordan Espinosa,300,3
e06bfd0100eccbad,Submission,1,Luana Santos,Mariya Agapova,300,3
0175c0d2a98576f1,Decision - Unanimous,3,Justin Scoggins,Will Campuzano,300,3
57a71ab365d2b64d,KO/TKO,3,Paul Taylor,Edilberto de Oliveira,300,3
677e98ae5834ba70,Decision - Unanimous,3,Aljamain Sterling,Augusto Mendes,300,3
cd117bfce747184f,Decision - Unanimous,5,Darren Till,Stephen Thompson,300,5
e982a2648d69fda6,Decision - Unanimous,3,Caio Magalhaes,Nick Ring,300,3
f6d09973de0f83e7,KO/TKO,1,Luis Felipe Dias,YiSak Lee,300,3
a7d397cd0f2ac93a,Decision - Unanimous,3,Aiemann Zahabi,Javid Basharat,300,3
714d6fc1eaca9624,Submission,3,Paul Craig,Magomed Ankalaev,300,3
4db2d86ebe8c8abd,Submission,1,Jasmine Jasudavicius,Jessica Andrade,300,3
1eb7733d880a0b8f,Decision - Unanimous,3,Aaron Simpson,Kenny Robertson,300,3
603afedc31d95999,Decision - Split,3,Jessica Andrade,Marina Rodriguez,300,3
ab7bc93bdf4132c4,Decision - Split,3,Adam Fugitt,Josh Quinlan,300,3
5db3e2fdd18129a4,Decision - Unanimous,3,Tatiana Suarez,Viviane Pereira,300,3
5dcba156bd13e0c3,Submission,1,Marcos Rogerio de Lima,Andrei Arlovski,300,3
2c54be25b09fce50,KO/TKO,1,Dustin Jacoby,Kennedy Nzechukwu,300,3
1d8ee477e682a8fc,Submission,3,Paul Craig,Kennedy Nzechukwu,300,3
ccac56928fc2b40b,Decision - Unanimous,3,Jon Fitch,Mike Pierce,300,3
a65909d4083c2088,Decision - Split,3,Irene Aldana,Lucie Pudilova,300,3
1efc813ccd7a5aba,Submission,2,Shavkat Rakhmonov,Stephen Thompson,300,3
a0362d60d2e1db0d,Decision - Split,3,Loopy Godinez,Tabatha Ricci,300,3
77c6a6f33289b872,Decision - Unanimous,3,Joanne Wood,Ariane da Silva,300,3
eaa885cf7ae31e0b,Submission,3,Jasmine Jasudavicius,Ariane da Silva,300,3
dd456668731bd52a,KO/TKO,2,Li Jingliang,Muslim Salikhov,300,3
723a8a8c82cab1c8,KO/TKO,1,Dusko Todorovic,Maki Pitolo,300,3
d37ed975c2b70fd2,Decision - Unanimous,3,Kyoji Horiguchi,Neil Seery,300,3
ffbc12e4f821ec68,Decision - Unanimous,3,Jacare Souza,Francis Carmont,300,3
1218cba28d4dce94,KO/TKO,2,Raoni Barcelos,Carlos Huachin,300,3
7c13de66ce543d84,Decision - Split,3,Dhiego Lima,Court McGee,300,3
8a121f9c48f3773c,Decision - Unanimous,3,Myktybek Orolbai,Elves Brener,300,3
6e652cbaaa406598,Submission,2,Aleksandra Albu,Izabela Badurek,300,3
3a271d9d9210a818,TKO - Doctor's Stoppage,1,Laverne Clark,Fabiano Iha,,
87b0475688168a42,KO/TKO,2,Lorenz Larkin,Santiago Ponzinibbio,300,3
05cceae674c81b86,KO/TKO,3,Valentina Shevchenko,Katlyn Cerminara,300,5
3d790112d2e6d851,Decision - Unanimous,3,Felipe Colares,Luke Sanders,300,3
9450f80c9fab4da1,KO/TKO,1,Josh Koscheck,Jonathan Goulet,300,3
c93eebe24aa0299d,Decision - Unanimous,5,Valentina Shevchenko,Jennifer Maia,300,5
74c58b9d638c5eaa,KO/TKO,2,Drakkar Klose,Brandon Jenkins,300,3
d8287db48ec356df,Decision - Unanimous,3,Anthony Njokuani,Andre Winner,300,3
d29dd21d8881a0e0,KO/TKO,1,Mauricio Rua,Chuck Liddell,300,3
ea8eaf881d38713e,Submission,2,Daniel Cormier,Anthony Johnson,300,5
2308e0da38efd4ba,Submission,1,Dan Severn,Joe Charles,,
c543563958093446,KO/TKO,2,Liz Carmouche,Jessica Andrade,300,3
f3c42ce9fad55eb7,Submission,2,Jack Shore,Aaron Phillips,300,3
178756c3cb23b884,Decision - Unanimous,3,TIE,TIE,300,3
74e86c7782cafe27,TKO - Doctor's Stoppage,3,Shinsho Anzai,Roger Zapata,300,3
4c025d1fff9e9fce,KO/TKO,1,Jared Gordon,Mark Madsen,300,3
37a6fc5e69a7932d,KO/TKO,2,Shana Dobson,Mariya Agapova,300,3
187681b2843174b5,Decision - Unanimous,3,Jose Quinonez,Joey Gomez,300,3
3dd0951b8855137d,KO/TKO,2,Donald Cerrone,Alexander Hernandez,300,3
84e800acc2aacd8e,KO/TKO,2,Issei Tamura,Zhang Tiequan,300,3
fcf3b0d21df10f56,Decision - Unanimous,3,Rich Franklin,Wanderlei Silva,300,3
786033c27fdaa020,Decision - Unanimous,3,Jorge Masvidal,Tim Means,300,3
87790788d1bb3b75,KO/TKO,1,Kyle Noke,Charlie Brenneman,300,3
6cb9bc7c86ae43b9,Decision - Split,3,Dong Hyun Ma,Damien Brown,300,3
16216dcec4a48768,Decision - Unanimous,3,Rashid Magomedov,Rodrigo Damm,300,3
1aedd959f1523a27,Submission,1,Sodiq Yusuff,Don Shainis,300,3
b3f4583109b429af,KO/TKO,1,Cheick Kongo,Mostapha Al-Turk,300,3
65270a16c25b59ad,KO/TKO,2,Dave Herman,Jon Olav Einemo,300,3
241a0833e1c76804,Submission,3,Demian Maia,Ben Askren,300,5
b10a94377bce3e22,Decision - Unanimous,3,Evan Dunham,Rodrigo Damm,300,3
b72c19b80fb47ba4,Decision - Unanimous,3,Ryan Bader,Rafael Cavalcante,300,3
f592f168f3b8b807,Decision - Unanimous,3,Pat Sabatini,Tucker Lutz,300,3
312c742e614f8993,KO/TKO,2,Taylor Lapilus,Yuta Sasaki,300,3
13fa791f0772250c,Decision - Majority,3,Matt Hamill,Keith Jardine,300,3
89b772f864acb637,Decision - Split,3,Ion Cutelaba,Ivan Erslan,300,3
85f28a8276a141b6,Decision - Unanimous,2,Shonie Carter,Adrian Serrano,300,2
638a999dab6fe310,Decision - Unanimous,3,Tim Means,Bernardo Magalhaes,300,3
c0c587cb52de929b,Decision - Unanimous,3,Danielle Taylor,Jessica Penne,300,3
81fda78adcaedbc7,KO/TKO,1,Bryan Battle,Gabe Green,300,3
28b6ee9c3eb8b753,Submission,2,Miguel Baeza,Takashi Sato,300,3
2e4064e0e6d4d92e,Decision - Unanimous,3,Quillan Salkilld,Yanal Ashmouz,300,3
4cb249714ff56656,Decision - Unanimous,3,Pannie Kianzad,Sijara Eubanks,300,3
188b63ec6ee1c1c9,Decision - Unanimous,3,Andrei Arlovski,Carlos Felipe,300,3
c1f74805a4ff9396,Decision - Unanimous,3,TJ Dillashaw,Raphael Assuncao,300,3
697e38075fd41819,KO/TKO,3,Ibo Aslan,Anton Turkalj,300,3
fd29123ff92789e4,KO/TKO,2,Joshua Van,Felipe Bunes,300,3
09afa6ce4747a1a2,KO/TKO,1,Chris Gutierrez,Frankie Edgar,300,3
9a6b4829863eb9dc,KO/TKO,2,Eddie Sanchez,Mario Neto,300,3
1143d37503a9527d,Decision - Unanimous,3,Vinc Pichel,Garett Whiteley,300,3
791b8b3a475487e9,KO/TKO,2,Mike Pierce,Kenny Robertson,300,3
7e20b0536fbbd560,Decision - Split,3,Jeff Molina,Zhalgas Zhumagulov,300,3
8a95f0e3f9111f0c,Decision - Majority,3,JunYong Park,Tafon Nchukwi,300,3
9e45cc594a5a2506,KO/TKO,1,Tai Tuivasa,Harry Hunsucker,300,3
560cec2acc9b0a13,Decision - Unanimous,3,Nick Catone,Constantinos Philippou,300,3
b6e086dd8093355d,Submission,1,Tyson Pedro,Saparbeg Safarov,300,3
3c49bf20e4442a81,Submission,1,Dennis Hallman,Matt Hughes,300,3
0673d8ab0add7a05,KO/TKO,3,Anthony Smith,Andrew Sanchez,300,3
fe132ef2ab8ae9d2,Decision - Unanimous,3,Devin Clark,Josh Stansbury,300,3
04d97700dbdaef5e,Submission,3,Nik Lentz,Waylon Lowe,300,3
4b4c4df2778538d9,Decision - Unanimous,3,Paulo Thiago,Michel Prazeres,300,3
165d3a571fcc5e3c,KO/TKO,1,Vinc Pichel,Damien Brown,300,3
b12d96ba9426b8d4,KO/TKO,2,Michael Bisping,Denis Kang,300,3
0170db5fad04e4d0,Submission,2,Brandon Royval,Tim Elliott,300,3
364ed6aecfc8d16d,Decision - Unanimous,3,Francisco Trevino,Renee Forte,300,3
534c07488396e124,KO/TKO,2,Uros Medic,Omar Morales,300,3
a570acbbcbbd151d,Decision - Unanimous,3,Amir Sadollah,Brad Blackburn,300,3
110d18c0953bde1d,KO/TKO,1,Vitor Belfort,Luke Rockhold,300,5
14b450e4ff3c5b97,Decision - Unanimous,3,Mike Massenzio,Steve Cantwell,300,3
8725dc88f2e0a6f3,KO/TKO,2,Raulian Paiva,Mark De La Rosa,300,3
ac977a0389682124,Decision - Unanimous,3,Waldo Cortes Acosta,Serghei Spivac,300,3
1db8bed8b4d30fb3,Decision - Unanimous,2,Travis Fulton,David Dodd,300,2
ba5b23e7ef308883,Decision - Unanimous,3,Rani Yahya,Mike Brown,300,3
8ce926b4d38a55a0,Submission,1,Montel Jackson,Brian Kelleher,300,3
147e31abbe3927d0,Decision - Majority,3,Serghei Spivac,Carlos Felipe,300,3
ab14dbff9d2ae41a,KO/TKO,2,Derrick Lewis,Travis Browne,300,5
1a637fbda4bdf575,KO/TKO,1,Dooho Choi,Juan Manuel Puig,300,3
498766b46b8b4a7f,KO/TKO,1,Khamzat Chimaev,Gerald Meerschaert,300,3
5f9b063630e52778,Decision - Split,3,Tito Ortiz,Forrest Griffin,300,3
dff7ce155b47442c,Decision - Unanimous,3,Ronny Markes,Andrew Craig,300,3
8289033e03b4d9a3,Decision - Split,3,CJ Vergara,Kleydson Rodrigues,300,3
3a7d76e3c0b503c3,Submission,1,Daniel Kelly,Luke Zachrich,300,3
f9830f1c23ac92d0,Submission,1,Montana De La Rosa,Christina Marks,300,3
f8bb0aed83bd8638,Decision - Split,3,Jessica Eye,Kalindra Faria,300,3
750257171ad29a2c,KO/TKO,2,Bogdan Grad,Lucas Alexander,300,3
5da7168ac2ff0e1d,KO/TKO,1,Matt Frevola,Genaro Valdez,300,3
fa537adfb4a7b719,Decision - Unanimous,3,Rafael Natal,Tom Watson,300,3
a551d93167533459,Decision - Split,3,Max Holloway,Leonard Garcia,300,3
e240d6f77747ec46,KO/TKO,1,Manuel Torres,Frank Camacho,300,3
d62aec55bc142346,Submission,1,Ken Shamrock,Dan Severn,,
858feabaf429a963,KO/TKO,2,Dricus Du Plessis,Trevin Giles,300,3
8bf419824ca91470,Decision - Unanimous,3,Bec Rawlings,Seo Hee Ham,300,3
3ee578ddd071ad4c,Decision - Unanimous,3,Mason Jones,Axel Sola,300,3
5bfba809430d178b,KO/TKO,1,Luigi Fioravanti,Solomon Hutcherson,300,3
21b02cb26307ac0f,KO/TKO,1,Shane Nelson,Aaron Riley,300,3
372d1dee0db8dbee,Decision - Split,3,Michel Pereira,Zach Reese,300,3
96da5813683649f5,KO/TKO,2,Jason MacDonald,Joe Doerksen,300,3
5169aaf0ce80d1f8,Decision - Unanimous,3,Benson Henderson,Jim Miller,300,3
53e818dd5abdf787,Submission,3,Renan Barao,Mitch Gagnon,300,3
6b0430e9c97afec7,Submission,1,David Abbott,Steve Jennum,,
bddf441908777c0c,KO/TKO,1,Anthony Pettis,Donald Cerrone,300,3
81734d11cb6a8ebb,Submission,2,Jason MacDonald,Jason Lambert,300,3
2a5fd0e2728967a5,KO/TKO,1,Hector Lombard,Nate Marquardt,300,3
ed707998b13d0101,Decision - Unanimous,5,Belal Muhammad,Gilbert Burns,300,5
b03816c9ccd089d7,KO/TKO,2,Roan Carneiro,Tony DeSouza,300,3
11cb7d7d774d5e6a,Decision - Unanimous,3,John Moraga,Ashkan Mokhtarian,300,3
e4bbec619aa04dea,KO/TKO,3,Viviane Araujo,Talita Bernardo,300,3
bf1a7590c455bc7b,Decision - Unanimous,3,Clay Collard,Alex White,300,3
6a4ba72b084193b5,Decision - Unanimous,3,Philipe Lins,Marcin Prachnio,300,3
d5e7fe1f5035505c,Decision - Unanimous,3,Brian Ebersole,Chris Lytle,300,3
e47523ac32bfa24c,Submission,1,Westin Wilson,Jeka Saragih,300,3
d54ebd2a3435a357,KO/TKO,2,Jonny Parsons,Danny Roberts,300,3
e8093d77f566fe51,Decision - Unanimous,3,Yan Xiaonan,Syuri Kondo,300,3
410e65e4d1782bfc,Decision - Unanimous,3,Kai Kara-France,Askar Askarov,300,3
7a3947a0e7bc3558,Decision - Split,3,Mike Perry,Paul Felder,300,3
8308464729ea7c40,Submission,3,Alexandre Pantoja,Kai Kara-France,300,5
73a299d44d2ef5cd,Decision - Unanimous,3,Aleksei Kunchenko,Yushin Okami,300,3
868833557ae90877,KO/TKO,1,Anthony Johnson,Luigi Fioravanti,300,3
e5e3d396a9b1c5ae,Decision - Unanimous,3,Muin Gafurov,Rinya Nakamura,300,3
859ca56770ac7672,Submission,1,Mackenzie Dern,Randa Markos,300,3
724dd26b47b7349e,Decision - Unanimous,3,Matt Hamill,Seth Petruzelli,300,3
c2f0a53cd67e1736,Submission,3,Dong Hyun Kim,Joshua Burkman,300,3
70995170c27c4143,Decision - Unanimous,3,Mark Bocek,Nik Lentz,300,3
35addc4646509286,KO/TKO,2,HyunSung Park,Shannon Ross,300,3
cd96998e837b0da1,KO/TKO,4,Mark Hunt,Derrick Lewis,300,5
6d4b6224f26572f9,Decision - Unanimous,5,Belal Muhammad,Vicente Luque,300,5
f327f8e59acfab1b,Submission,2,Clay Guida,Takanori Gomi,300,3
25548d526c3a7587,Submission,2,Ryan Spann,Devin Clark,300,3
04c9ebe419195f8b,KO/TKO,1,Michel Pereira,Danny Roberts,300,3
a245b4d0a7861fb8,Submission,1,DaMarques Johnson,Mike Guymon,300,3
28a8c644c87ce45e,KO/TKO,2,Melvin Guillard,Gabe Ruediger,300,3
1eccf793b54b84f8,Submission,1,Gillian Robertson,Emily Whitmire,300,3
d236fe0f180312e3,Decision - Split,3,Mike Pyle,Rick Story,300,3
1c43b38c1f4bdbe2,KO/TKO,1,Alistair Overeem,Sergei Pavlovich,300,3
e06ff3d3f1c0ab69,KO/TKO,5,Ricco Rodriguez,Randy Couture,300,5
767ceb4a0cb43ade,Decision - Majority,5,Nassourdine Imavov,Roman Dolidze,300,5
e3ecb94228c2739f,KO/TKO,1,Jared Gooden,Niklas Stolze,300,3
780bae82bdfc7112,KO/TKO,3,Keiichiro Nakamura,Sebastian Szalay,,
57dec2b07b75dada,Submission,1,Casey Kenney,Louis Smolka,300,3
5934de85b9c53e7c,Submission,2,Jesse Taylor,Dhiego Lima,,
b7ab4cd6ce7a71dd,KO/TKO,1,Thibault Gouti,Andrew Holbrook,300,3
d1d7400c131ed40e,KO/TKO,1,Alejandro Perez,Ian Entwistle,300,3
0669231ebe3dd560,KO/TKO,1,Jack Della Maddalena,Pete Rodriguez,300,3
25b8c932da5e91f4,Decision - Unanimous,3,Alexa Grasso,Maycee Barber,300,3
3f1d1bd33a296f26,KO/TKO,2,Daron Cruickshank,Mike Rio,300,3
e82f15afac3dac93,KO/TKO,1,Jailton Almeida,Danilo Marques,300,3
15705df8ba8dcbe1,Decision - Split,3,Yoshihiro Akiyama,Alan Belcher,300,3
5060770f197e2147,Decision - Split,3,George Roop,David Kaplan,300,3
96c95cff535291d9,Decision - Split,3,Paul Taylor,Jess Liaudin,300,3
78f46acac9223859,KO/TKO,2,Thiago Alves,Karo Parisyan,300,3
76690fbdcaa85c21,Decision - Split,3,Clay Guida,Hatsu Hioki,300,3
8ec7d82619bfb564,Decision - Split,3,Mauricio Rua,Corey Anderson,300,3
27e421b97bf57d3d,KO/TKO,2,Elias Theodorou,Roger Narvaez,300,3
a29236fcb395f443,Decision - Majority,3,Stefan Struve,Paul Buentello,300,3
632c2d4ed12f2bdf,KO/TKO,1,Joanderson Brito,Andre Fili,300,3
a1294453a28beda3,Submission,1,Fernando Padilla,Luis Pajuelo,300,3
4ace70bff9debdfb,Submission,2,Nate Diaz,Conor McGregor,300,5
aa232e53d285cc6d,KO/TKO,3,James Krause,Sergio Moraes,300,3
82d48296fd06c27f,Decision - Unanimous,3,Damir Ismagulov,Rafael Alves,300,3
96c247ba0eb1ac65,Decision - Unanimous,3,TIE,TIE,300,3
31c2d8648b06a001,KO/TKO,3,Diego Sanchez,Luigi Fioravanti,300,3
4f6d3cdf2c77fb57,KO/TKO,2,Ike Villanueva,Vinicius Moreira,300,3
f7c9f7a6edca5299,Decision - Split,3,Ross Pearson,Chad Laprise,300,3
b47e4f0982938e5b,KO/TKO,2,Edson Barboza,Beneil Dariush,300,3
f3bebb48771a414a,KO/TKO,1,Abdul Razak Alhassan,Niko Price,300,3
fceab09944a65840,Decision - Unanimous,3,Stephen Thompson,Patrick Cote,300,3
9c79433a4686f3fc,Submission,1,Ilir Latifi,Ovince Saint Preux,300,3
0c58b5f37bfeb65a,Submission,1,Dennis Bermudez,Tommy Hayden,300,3
d447919ec1a9f34c,Decision - Unanimous,3,Jessica Andrade,Sarah Moras,300,3
f98e954823bd6e02,Decision - Unanimous,3,Chris Gutierrez,Andre Ewell,300,3
1d30430af5257347,Decision - Unanimous,3,Ross Pearson,Andre Winner,300,3
2ab395e21080b10a,Submission,1,Mario Bautista,Benito Lopez,300,3
16628e25a043043a,KO/TKO,1,Christos Giagos,Ricky Glenn,300,3
923e151bd990961b,Submission,3,Glover Teixeira,Thiago Santos,300,5
f63961f9d14bc33d,Submission,3,Demetrious Johnson,Wilson Reis,300,5
dfc8c5161ea0ccb5,Decision - Majority,5,Tyron Woodley,Stephen Thompson,300,5
b32acf1c70321321,Decision - Unanimous,3,Nik Lentz,Rob Emerson,300,3
f29ba17d818d4fac,Decision - Unanimous,3,Joanna Jedrzejczyk,Juliana Lima,300,3
c1843fa8f113d321,KO/TKO,1,Kyle Kingsbury,Ricardo Romero,300,3
b0cb6a1da8e0da81,KO/TKO,1,Ilir Latifi,Hans Stringer,300,3
ee0075e188e87e86,Decision - Unanimous,3,Chris Holdsworth,Chico Camus,300,3
34c649f3f43a919b,KO/TKO,1,Michal Oleksiejczuk,Gian Villante,300,3
6359bba789ce28ae,Decision - Unanimous,3,Cathal Pendred,Sean Spencer,300,3
13e3e41e0c6f4e04,Decision - Unanimous,3,Alexander Volkov,Marcin Tybura,300,3
a27a355f52883f3e,KO/TKO,1,Sean Woodson,Collin Anglin,300,3
d2591df4fa9cc44e,Submission,2,Bryan Barberena,Sage Northcutt,300,3
987cdcbc809e210d,Submission,1,Khamzat Chimaev,Li Jingliang,300,3
c020ccbd7cdefb6e,Decision - Split,3,Ovince Saint Preux,Mauricio Rua,300,3
c79c00f5443c2f6e,Decision - Unanimous,3,Brad Tavares,Riki Fukuda,300,3
1bf1a6fc9c9acc26,Submission,1,Kyung Ho Kang,Guido Cannetti,300,3
adb86e0206cba97d,Decision - Unanimous,3,Michel Prazeres,JC Cottrell,300,3
88d3b6b833e31712,KO/TKO,2,Tanner Boser,Raphael Pessoa,300,3
495e64df4c4ce7a7,Submission,3,Karl Roberson,Roman Kopylov,300,3
55480808b1fa1f9c,KO/TKO,3,Li Jingliang,Elizeu Zaleski dos Santos,300,3
678db400f85ae15c,KO/TKO,1,Adriano Martins,Islam Makhachev,300,3
38f1c83c19e99fa2,Decision - Unanimous,3,Lone'er Kavanagh,Jose Ochoa,300,3
7b9f169016746f81,Submission,2,Gabriel Bonfim,Khaos Williams,300,3
504b540805598fa5,Submission,3,Evan Dunham,Efrain Escudero,300,3
0de1ef0b9f3a79c0,KO/TKO,1,Alex Pereira,Magomed Ankalaev,300,5
202d3277e569ad03,Decision - Unanimous,3,Carlos Leal,Chidi Njokuani,300,3
edcf1d6a1bd8acc7,Decision - Split,3,Sergio Moraes,Zak Ottow,300,3
82cf32aea3d7edf3,Submission,1,Paul Jones,Flavio Luiz Moura,300,3
e10481ee3fda7080,Decision - Unanimous,3,Danilo Marques,Khadis Ibragimov,300,3
96fe84d051847591,Decision - Split,3,Sabina Mazo,JJ Aldrich,300,3
be6d6abb11ef8297,Decision - Unanimous,3,Chico Camus,Dustin Pague,300,3
6f0dc5319bf900dc,Decision - Unanimous,3,Rory MacDonald,Nate Diaz,300,3
80fd1902547e0744,Submission,3,Spencer Fisher,Shannon Gugerty,300,3
3fa2e753afa0bdbb,Decision - Unanimous,3,Vaughan Lee,Nam Phan,300,3
2e11087e1a4f066b,Decision - Split,3,Jason Saggo,Leandro Silva,300,3
2e23e7ab6217c034,Decision - Unanimous,3,Patrick Cummins,Kyle Kingsbury,300,3
85a58685504c63b4,KO/TKO,1,Ilir Latifi,Chris Dempsey,300,3
838a022ca5d99cc1,Submission,2,Alex Morono,Tim Means,300,3
3618e0e165190576,Decision - Split,3,Sean Strickland,Luke Barnatt,300,3
04476d021385a621,KO/TKO,2,Yushin Okami,Evan Tanner,300,3
b23c7d4fb2068989,KO/TKO,3,Yushin Okami,Kalib Starnes,300,3
f5386c98fea7f5d4,KO/TKO,1,Edmen Shahbazyan,Dylan Budka,300,3
dbfd7616dec2b6d5,Decision - Unanimous,3,Marcin Prachnio,Devin Clark,300,3
28deed0ab55ca350,Decision - Unanimous,3,Stephen Thompson,Vicente Luque,300,3
25783a9abbfee4fc,KO/TKO,3,Johnny Bedford,Louis Gaudinot,300,3
1b4374c9d7e5139c,Decision - Unanimous,3,Movsar Evloev,SeungWoo Choi,300,3
5ba7dd466e30169f,Decision - Unanimous,3,Kevin Borjas,Ronaldo Rodriguez,300,3
e0ca5ac323768da0,Submission,1,Rousimar Palhares,Mike Pierce,300,3
4e3ccffe18641d9c,Submission,1,Donald Cerrone,Edson Barboza,300,3
b28809d58f8c18fd,KO/TKO,1,Vitor Belfort,Tra Telligman,,
48db60440ead6f6d,KO/TKO,1,Nate Marquardt,Rousimar Palhares,300,3
282c8c6c1ed82bfb,Submission,2,Tatsuro Taira,HyunSung Park,300,5
1114cd1515cf3b8f,KO/TKO,2,Francis Marshall,Marcelo Rojo,300,3
79db1d9b15e16b1d,KO/TKO,1,Houston Alexander,Alessio Sakara,300,3
8a2e28da18ba6a25,Decision - Unanimous,3,Arnold Allen,Giga Chikadze,300,3
e8d3768f293a699b,Decision - Split,3,Tae Hyun Bang,Leo Kuntz,300,3
0590fb4acc06fa93,Submission,3,Olivier Aubin-Mercier,David Michaud,300,3
6242cda790f2085d,Decision - Unanimous,3,Ivan Erslan,Tuco Tokkos,300,3
48f7e64b548806cd,Decision - Split,3,Alejandro Perez,Andre Soukhamthath,300,3
f85bbc760000f001,KO/TKO,1,Pedro Rizzo,David Abbott,,
5980ab31e4718a83,Decision - Unanimous,3,Kyler Phillips,Song Yadong,300,3
c2f730cb33df5221,Submission,2,Iasmin Lucindo,Polyana Viana,300,3
c8fdd3f7178fbfa4,Submission,1,Cezar Ferreira,Karl Roberson,300,3
17526cb9fb6072ef,Decision - Split,2,Dan Henderson,Carlos Newton,,
99170b2f2496e479,Decision - Split,3,Jessica Andrade,Raquel Pennington,300,3
c3ef3cb03edde8bb,Decision - Unanimous,5,Ilia Topuria,Josh Emmett,300,5
05e2832cd5ffb7a6,KO/TKO,1,Max Holloway,Charles Oliveira,300,5
9274af24eb96e4b1,Decision - Unanimous,3,Stipe Miocic,Joey Beltran,300,3
46a7cb6937144ba2,KO/TKO,3,James Te Huna,Igor Pokrajac,300,3
6ccfbe3a7c5aa55e,KO/TKO,1,Hector Sandoval,Matt Schnell,300,3
a71764d5da04e3bc,KO/TKO,2,Roman Dolidze,Jack Hermansson,300,3
97cec48c97e7ea31,Submission,1,Ryan Bader,Vladimir Matyushenko,300,3
20be16a1db95156c,KO/TKO,2,Tom Duquesnoy,Patrick Williams,300,3
95349402616097cd,Decision - Split,3,Luana Pinheiro,Michelle Waterson-Gomez,300,3
eaa63c8fb9379426,Decision - Unanimous,5,Michael Bisping,Dan Henderson,300,5
5edfc539cc58a28d,KO/TKO,1,Magomed Mustafaev,Joe Proctor,300,3
171007deb1cc56aa,Decision - Split,3,Thales Leites,Nate Marquardt,300,3
14a59abb3160ddaa,KO/TKO,1,Eddie Gordon,Dhiego Lima,,
e4e1d12441b90866,KO/TKO,1,Israel Adesanya,Derek Brunson,300,3
bc7743819590b193,KO/TKO,1,DaMarques Johnson,Clay Harvison,300,3
b35adb9d047f5cd8,KO/TKO,1,Evan Tanner,Phil Baroni,300,3
823d7037552a8907,KO/TKO,2,Yves Edwards,Nick Agallar,300,3
f6066d192a16f5ff,Decision - Unanimous,3,Ron Waterman,Satoshi Honma,300,3
c1bf9ca94c1f7f09,KO/TKO,1,Francisco Trinaldo,Delson Heleno,300,3
024a04f78b37b7d9,KO/TKO,1,Said Nurmagomedov,Mark Striegl,300,3
560a971c6ab8b854,Decision - Unanimous,3,AJ Dobson,Tafon Nchukwi,300,3
7f16e7725245bb2d,Decision - Unanimous,5,Sean Strickland,Israel Adesanya,300,5
3c2c7c095c79a506,Submission,1,Oleg Taktarov,Anthony Macias,,
cdd565a16975c711,Decision - Unanimous,3,Mike Malott,Kevin Holland,300,3
a4badfa86304f799,Decision - Unanimous,3,Efrain Escudero,Rodrigo de Lima,300,3
a6828a6dfb21d33c,Decision - Unanimous,3,Nasrat Haqparast,Rafa Garcia,300,3
d7507e2741fd4d05,Decision - Unanimous,5,Max Holloway,Dustin Poirier,300,5
c1356395d6b055d7,KO/TKO,1,Cyril Asker,Dmitrii Smoliakov,300,3
b3a304eadb9f7fb4,KO/TKO,2,TJ Dillashaw,Cody Garbrandt,300,5
11c851a73ffb55ba,Decision - Unanimous,3,Hakeem Dawodu,Austin Arnett,300,3
b9a3b520e68f8142,Submission,2,Marlon Vera,Guido Cannetti,300,3
33005a28b1226d15,Decision - Split,3,Clay Harvison,Justin Edwards,300,3
727ecd251325b6a8,KO/TKO,2,Cory Sandhagen,Marlon Moraes,300,5
d84968d7e9fcb4f3,Decision - Unanimous,3,Amanda Ribas,Virna Jandiroba,300,3
cee94cd937bf64f2,KO/TKO,2,Paul Felder,Danny Castillo,300,3
f8e3b306cf3e6d95,Decision - Unanimous,3,Martin Kampmann,Thales Leites,300,3
35ebaf80f8730b14,Decision - Unanimous,5,Junior Dos Santos,Blagoy Ivanov,300,5
66b8f3426f36fdf7,Submission,1,Eric Spicely,Thiago Santos,300,3
f23e9729b2b73c27,Decision - Majority,3,Khamzat Chimaev,Kamaru Usman,300,3
73fd4982ef7aae44,Submission,2,Urijah Faber,Brian Bowles,300,3
bd06f1c2d7e6c4a0,KO/TKO,2,Gregory Rodrigues,Chidi Njokuani,300,3
e4d946470fd150fe,Decision - Unanimous,3,Preston Parsons,Evan Elder,300,3
226c6a86f4f81122,Submission,1,Chris Wade,Mehdi Baghdad,300,3
18efcec3c51750e9,Decision - Split,5,Gray Maynard,Clay Guida,300,5
d89b849df7bff79b,KO/TKO,1,Evan Dunham,Per Eklund,300,3
c16403197580e0af,Decision - Split,3,Jacob Volkmann,Ronys Torres,300,3
0b8fdeeb626b4396,Decision - Unanimous,3,Evan Dunham,Ross Pearson,300,3
d9c61052035c9b69,Submission,2,Brock Lesnar,Shane Carwin,300,5
3b536afcc9098925,KO/TKO,3,Darren Elkins,Mirsad Bektic,300,3
b82abffcf66db401,KO/TKO,3,Ivan Salaverry,Andrei Semenov,300,3
5573d46130d6b967,KO/TKO,1,Jordan Wright,Jamie Pickett,300,3
a7fca585b4fd4255,KO/TKO,1,Alan Belcher,Jason MacDonald,300,3
f89589236dc3cbd7,Decision - Unanimous,3,Michael Bisping,Dan Miller,300,3
29d9c5a3f2b78903,Decision - Unanimous,3,SuYoung You,AJ Cunningham,300,3
48fccedc8889a473,Decision - Unanimous,2,Mikey Burnett,Townsend Saunders,,
d564db29997e1371,Decision - Unanimous,3,Caio Borralho,Reinier de Ridder,300,3
33afdd7ad43a2756,KO/TKO,3,Manel Kape,Kyoji Horiguchi,300,5
0864112e968630ea,KO/TKO,1,Alex Nicholson,Devin Clark,300,3
0b1af005a5f25561,Submission,1,Niklas Backstrom,Tom Niinimaki,300,3
a5827bfce19e63ea,Submission,1,Jussier Formiga,Scott Jorgensen,300,3
75a401066ad784f6,KO/TKO,2,Pedro Rizzo,Josh Barnett,300,3
64f5c4f3f3d8ad2c,Submission,3,John Moraga,Willie Gates,300,3
c8dfcbee63266273,Decision - Unanimous,3,Rustam Khabilov,Sergey Khandozhko,300,3
bb5ceaf835c0bb18,KO/TKO,2,Paul Buentello,Gilbert Aldana,300,3
781b4b6951df64fe,KO/TKO,2,Khabib Nurmagomedov,Darrell Horcher,300,3
9dfac33cd3ae4afd,KO/TKO,1,Yorgan De Castro,Justin Tafa,300,3
30abc50a2e71c576,Decision - Unanimous,3,Natan Levy,Genaro Valdez,300,3
35cfe0b894b93332,Submission,1,Ken Stone,Donny Walker,300,3
0f826e7bbb73b53f,Decision - Unanimous,3,Poliana Botelho,Pearl Gonzalez,300,3
bf658320ccd69021,Submission,1,Alex Oliveira,KJ Noons,300,3
1c84dafe38694c05,Decision - Unanimous,3,Nicolas Dalby,Claudio Silva,300,3
1af574c0814429ac,Submission,1,David Zawada,Abubakar Nurmagomedov,300,3
4924d7a980f4cde2,Submission,3,Brian Ortega,Renato Moicano,300,3
d61373d9fdf01a12,KO/TKO,4,Brendan Allen,Reinier de Ridder,300,5
8fc238e84c4624a7,KO/TKO,1,Paddy Pimblett,Luigi Vendramini,300,3
563adcb4abd48f6b,Decision - Unanimous,3,Ivan Jorge,Keith Wisniewski,300,3
9b8a82276f06829f,KO/TKO,2,Sergey Khandozhko,Dwight Grant,300,3
377c8eb085bb8e00,Decision - Split,3,Raquel Pennington,Bethe Correia,300,3
eeeffa7f514e0c0e,KO/TKO,1,Rinya Nakamura,Nathan Fletcher,300,3
6a7347d1da8a2b87,Decision - Unanimous,3,Pat Sabatini,Tristan Connelly,300,3
b193e2317b21125c,Decision - Unanimous,3,Manon Fiorot,Mayra Bueno Silva,300,3
23ba354e606df0ac,Decision - Unanimous,3,Sultan Aliev,Keita Nakamura,300,3
cfbaeb80b5ff7c00,Decision - Unanimous,3,Beneil Dariush,Tony Ferguson,300,3
22a243c5fba0fb46,Decision - Unanimous,3,Francisco Trinaldo,Akbarh Arreola,300,3
7c23770c639dcd22,Decision - Unanimous,3,Jimmie Rivera,Thomas Almeida,300,3
68913a422f548ccc,Decision - Unanimous,3,Youssef Zalal,Calvin Kattar,300,3
2cfde31b41b2220d,Submission,1,Matt Hughes,Frank Trigg,300,5
cd08b68f0bafafbf,KO/TKO,2,Marina Rodriguez,Amanda Ribas,300,3
3fa8ee3fdc04fe36,Decision - Unanimous,5,Leon Edwards,Colby Covington,300,5
29f40d82bd128c65,Submission,3,Jimmy Crute,Paul Craig,300,3
8fbdde20b712b8da,Submission,1,Patrick Smith,Johnny Rhodes,,
dbed6292db8b0212,KO/TKO,2,Siyar Bahadurzada,Luan Chagas,300,3
e322eae035f7c00f,Submission,2,Ricardo Lamas,Charles Oliveira,300,3
692ceb2ac5fa4427,KO/TKO,1,Germaine de Randamie,Anna Elmose,300,3
b58972ad7dcf65e6,Submission,2,Bea Malecki,Duda Santana,300,3
288f7fb936c1523c,KO/TKO,1,Nursulton Ruziboev,Brunno Ferreira,300,3
2a1071689c3af9df,Decision - Split,3,Chris Padilla,Jai Herbert,300,3
af8ea6db042674ef,Submission,2,Danilo Marques,Mike Rodriguez,300,3
0a3e48cdd97267f4,Decision - Unanimous,3,Amanda Lemos,Mizuki,300,3
ee4d086121100177,Submission,1,Thiago Tavares,Justin Salas,300,3
f5a038c18f7a44fc,Decision - Unanimous,3,Marina Rodriguez,Jessica Aguilar,300,3
2521fed000747f47,Submission,1,Jordan Leavitt,Kurt Holobaugh,300,3
9feb9500b0fedfcd,KO/TKO,1,Arman Tsarukyan,Beneil Dariush,300,5
9f5c84d05107f42b,Decision - Unanimous,3,Hacran Dias,Darren Elkins,300,3
8bd5f20f49434c65,Submission,3,Felipe Lima,Muhammad Naimov,300,3
bb15c0a2911043bd,Submission,1,Taila Santos,Joanne Wood,300,3
417049c7a3d65ccc,Decision - Unanimous,3,Don'Tale Mayes,Caio Machado,300,3
b1eff235241e719b,KO/TKO,2,Francis Ngannou,Stipe Miocic,300,5
02a373f6503b3530,Decision - Unanimous,5,Cain Velasquez,Junior Dos Santos,300,5
4965d8eab468b839,Decision - Unanimous,3,Lauren Murphy,Miesha Tate,300,3
92e9c53671ac8fe7,Decision - Split,3,Clay Guida,Nate Diaz,300,3
fc0d77057ec806fe,Submission,1,Matt Wiman,Justin Buchholz,300,3
eb76a5b76a68e4c4,Decision - Unanimous,3,Joaquin Buckley,Alex Morono,300,3
5d64044b985004e7,Submission,2,Clay Guida,Leonardo Santos,300,3
995f0dcdcd5fe43c,KO/TKO,1,Rony Jason,Steven Siler,300,3
c8a9d3917d77ede2,Decision - Unanimous,3,Pedro Munhoz,Brett Johns,300,3
5cab50839f4a0d94,KO/TKO,3,Ovince Saint Preux,Corey Anderson,300,3
463fc1fd1f17befb,Decision - Unanimous,3,Bryan Barberena,Anthony Ivy,300,3
6f3e189c393c0e09,Submission,1,Beneil Dariush,Charlie Brenneman,300,3
dfc62aa72446e4a8,Decision - Unanimous,3,Elise Reed,Jinh Yu Frey,300,3
0c6e3c1f03cd4061,Decision - Unanimous,3,Charles Jourdain,Kron Gracie,300,3
c5d48ca7c22f857e,Decision - Unanimous,3,Dong Hyun Ma,Brendan O'Reilly,300,3
d2519c169f3039ee,Decision - Unanimous,3,Mitch Gagnon,Tim Gorman,300,3
5e7f4ba1210f433d,Submission,1,Nursulton Ruziboev,Andrey Pulyaev,300,3
5adcbd20eed3795d,KO/TKO,1,Jake Ellenberger,Nate Marquardt,300,3
ab6cd718c5459eeb,Submission,1,Jake Matthews,Shinsho Anzai,300,3
f5156ca4dcd2a0e3,KO/TKO,1,Gary Goodridge,Jerry Bohlander,,
3b06c512abfa0494,Decision - Unanimous,3,Matthew Semelsberger,AJ Fletcher,300,3
6c62796d9b7e94a0,Decision - Unanimous,3,Krzysztof Jotko,Tor Troeng,300,3
8040697ea2f36dbd,KO/TKO,3,Rashid Magomedov,Elias Silverio,300,3
054f1423ba7c121e,Decision - Split,3,Roan Carneiro,Kenny Robertson,300,3
09a2909e1848be52,Decision - Unanimous,5,Carlos Condit,Nick Diaz,300,5
c3544bce29be1281,Decision - Split,3,Ryan Bader,Phil Davis,300,3
1201d192092baacf,KO/TKO,1,Frank Trigg,Dennis Hallman,300,3
97e522591ac7eb29,Decision - Unanimous,3,Luis Saldana,Bruno Souza,300,3
061081f46950fdb0,Submission,2,Alex Perez,Carls John De Tomas,300,3
1ca4274019680d23,Decision - Split,3,Sultan Aliev,Bojan Velickovic,300,3
1aaa1a9ceecd6063,KO/TKO,1,Marlon Moraes,Aljamain Sterling,300,3
f82c414666fe934c,Decision - Unanimous,3,Mike Wilkinson,Brendan Loughnane,300,3
abf0f8234f6be37e,Decision - Unanimous,3,Neil Magny,Johny Hendricks,300,3
2ba11e0bf32829d6,Submission,3,Brendan Allen,Andre Muniz,300,3
8f5482992dad74d2,Decision - Unanimous,3,Jussier Formiga,Sergio Pettis,300,3
77b6fd5d0b8c60b4,Submission,1,Erick Silva,Charlie Brenneman,300,3
d9d7e8e9149e61b1,KO/TKO,1,Kendall Grove,Jason Day,300,3
c0af8cf5befb2dcf,Submission,1,Jailton Almeida,Alexandr Romanov,300,3
80eae31bc0a94a65,Decision - Unanimous,3,Jacqueline Cavalcanti,Mayra Bueno Silva,300,3
037d2f426c916ffc,KO/TKO,2,Curtis Blaydes,Junior Dos Santos,300,5
e97b609eefc5fd61,KO/TKO,3,Jared Cannonier,Nick Roehrick,300,3
2a8ff828e4891b82,Submission,1,Kenny Robertson,Brock Jardine,300,3
14477908199435e1,KO/TKO,1,Vicente Luque,Belal Muhammad,300,3
9fb9af6599d67b1d,Decision - Unanimous,3,Ian Heinisch,Antonio Carlos Junior,300,3
83b32e9300fec365,Decision - Unanimous,3,Erik Perez,Taylor Lapilus,300,3
3a4e2dffcdd1c838,Decision - Unanimous,3,Magomed Ankalaev,Nikita Krylov,300,3
c29850ed8d9d1073,Decision - Unanimous,3,Phil Davis,Vinny Magalhaes,300,3
87dcb3eab20f6ac1,KO/TKO,1,Josh Hokit,Max Gimenis,300,3
1290d7eb0fefd3f3,KO/TKO,1,Dominick Reyes,Jared Cannonier,300,3
3ca05de15ddd658b,Submission,1,Renan Barao,Brad Pickett,300,3
1b0d5e65fdfc62cf,Decision - Unanimous,3,Billy Quarantillo,Damon Jackson,300,3
3ad3acca165a5d90,Submission,2,Antonio Carlos Junior,Eric Spicely,300,3
98cea844501261a9,Decision - Unanimous,3,Fabio Maldonado,Gian Villante,300,3
2b417eb1ffa56ac1,Submission,1,Jimmy Crute,Michal Oleksiejczuk,300,3
bb58aad30b58b1e4,Decision - Unanimous,3,Josh Koscheck,Paul Daley,300,3
982f4f96b6d0f346,Decision - Split,5,Benson Henderson,Jorge Masvidal,300,5
1cc9816d18aa29d0,KO/TKO,3,Sergio Moraes,Omari Akhmedov,300,3
05dce98da0acefd8,KO/TKO,1,Steven Siler,Mike Brown,300,3
0273dbd5dedbdbe0,KO/TKO,1,Joel Alvarez,Thiago Moises,300,3
66eddbe35056c06d,Decision - Unanimous,5,Zhang Weili,Yan Xiaonan,300,5
58b2fdad7af9be02,KO/TKO,1,Charlie Campbell,Alex Reyes,300,3
8d7ea177efadc718,Decision - Split,3,Diego Sanchez,Ross Pearson,300,3
9a1d57966d8a17a4,Decision - Unanimous,3,Anthony Johnson,Phil Davis,300,3
68c77a11b2d308dd,KO/TKO,2,Gillian Robertson,Sarah Frota,300,3
e5261884b0a0ed39,KO/TKO,2,David Loiseau,Charles McCarthy,300,3
6655a8da2655f2d0,KO/TKO,3,Edson Barboza,Shane Burgos,300,3
87105c63df95f929,Decision - Unanimous,3,Loma Lookboonmee,Jinh Yu Frey,300,3
d3e37d1c95a5f382,Submission,1,Matt Arroyo,John Kolosci,300,3
0fd5485e64712df9,Decision - Unanimous,3,Joseph Benavidez,Eddie Wineland,300,3
3a1d4016452477f5,Decision - Split,3,Rick Story,Nick Osipczak,300,3
10a57b983e59f727,KO/TKO,2,Fares Ziam,Nazim Sadykhov,300,3
8b79a80f775d9f03,Submission,1,Rachael Ostovich,Karine Gevorgyan,300,3
83a7cc0b0de904b9,Decision - Unanimous,3,Demian Maia,Dan Miller,300,3
2f0cbf0502173a79,KO/TKO,3,Joanna Jedrzejczyk,Jessica Penne,300,5
ae7a8f19743e8154,KO/TKO,1,Elijah Smith,Toshiomi Kazama,300,3
c3425412e4f2f486,Decision - Split,3,Claudia Gadelha,Carla Esparza,300,3
d763ad79532b27ff,KO/TKO,2,Greg Hardy,Maurice Greene,300,3
5724a9cf463c8390,Submission,2,Erik Koch,Shane Campbell,300,3
bba6cc8760da34ab,Decision - Unanimous,3,Said Nurmagomedov,Douglas Silva de Andrade,300,3
7d26a6b4b6845e1b,Decision - Split,3,Clint Hester,Antonio Braga Neto,300,3
828de4f5585c908c,KO/TKO,1,DongHun Choi,Kiru Sahota,,
c3986c1a56a6e94d,Decision - Unanimous,3,Loma Lookboonmee,Bruna Brasil,300,3
e3c9c95b67580b9b,Submission,3,Jake Rosholt,Chris Leben,300,3
11f715fa5e825e51,Decision - Unanimous,5,Robert Whittaker,Darren Till,300,5
e3826e06d68ed4af,KO/TKO,2,Diego Sanchez,Mickey Gall,300,3
66f0238fac31130f,Submission,3,Cole Miller,Jorge Gurgel,300,3
8b08b73f16ff7b3b,Decision - Unanimous,3,Roland Delorme,Edwin Figueroa,300,3
b5b5156c713c5d47,KO/TKO,1,Viacheslav Borshchev,Dakota Bush,300,3
b247a1900cfae052,Submission,1,Kyung Ho Kang,Teruto Ishihara,300,3
62aab95c866a9c5b,KO/TKO,1,David Branch,Thiago Santos,300,3
958f3b45c132c3b7,Decision - Split,3,Renato Moicano,Zubaira Tukhugov,300,3
d80b07269dd36aad,Decision - Unanimous,3,Karo Parisyan,Matt Serra,300,3
cb8e91f8b9f0e24f,Submission,2,Renato Sobral,Travis Wiuff,300,3
997753de17f81e3a,Decision - Unanimous,2,Kevin Randleman,Maurice Smith,,
85e130a7c48f25f6,Submission,1,Jamie Varner,Jason Gilliam,300,3
01468f766dd7385c,Submission,2,Wellington Turman,Misha Cirkunov,300,3
d69e3677060af4c7,KO/TKO,1,King Green,Al Iaquinta,300,3
5301d765d64f863e,Decision - Unanimous,3,Sean Strickland,Igor Araujo,300,3
e9ec16e4e7cfb120,Decision - Split,3,Tom Niinimaki,Rani Yahya,300,3
ce9e10ad39976287,Submission,2,Jimy Hettes,Robert Whiteford,300,3
d4d4ee045b0ca695,Decision - Unanimous,3,Petr Yan,Marcus McGhee,300,3
3ee1a3216cf66b95,KO/TKO,1,Daron Cruickshank,Erik Koch,300,3
7fe2b6a9fc4748fa,Decision - Unanimous,3,Jessica Aguilar,Jodie Esquibel,300,3
c4bbae7615545c85,Decision - Unanimous,3,John Makdessi,Pat Audinwood,300,3
5b062be91c65fb73,Submission,1,Shavkat Rakhmonov,Alex Oliveira,300,3
8dbfbd8f8bd0f00b,Decision - Unanimous,3,Marcos Rogerio de Lima,Waldo Cortes Acosta,300,3
fa3b940bd48da7e2,KO/TKO,1,Jon Hess,Andy Anderson,,
91cef206019c119e,Submission,1,Andrei Arlovski,Aaron Brink,300,3
0f461c4ddf70eff9,KO/TKO,2,Michael Bisping,Jorge Rivera,300,3
844fc95da48937b3,Decision - Unanimous,3,Karo Parisyan,Drew Fickett,300,3
618b581f14a37e06,Submission,2,Jake Ellenberger,Josh Koscheck,300,3
eac1c31f1b3d11f3,KO/TKO,3,Tim Boetsch,Yushin Okami,300,3
591e7797363a6c89,Submission,2,Alan Belcher,Denis Kang,300,3
976d2cc3d08ca814,KO/TKO,1,Stevie Ray,Leonardo Mafra,300,3
96f09d5db68951ef,Decision - Unanimous,3,Viktor Pesta,Konstantin Erokhin,300,3
51218519be104794,Decision - Unanimous,3,Merab Dvalishvili,Casey Kenney,300,3
147e984aa34e3028,Decision - Unanimous,5,Max Holloway,Yair Rodriguez,300,5
4a2e7e2c8cfdaf5f,Decision - Unanimous,3,Felice Herrig,Alexa Grasso,300,3
87c73e2086214b5c,KO/TKO,1,Anderson Silva,Vitor Belfort,300,5
5de3a1bbcf705b58,KO/TKO,2,Denise Gomes,Bruna Brasil,300,3
a5962421d687de8f,Submission,1,Joe Lauzon,Gabe Ruediger,300,3
7b53967f282a0d0a,Decision - Unanimous,3,Alexander Volkanovski,Jose Aldo,300,3
1720a97a2fa261f8,Decision - Unanimous,3,Marcin Tybura,Ben Rothwell,300,3
8353b491afa7bc32,Decision - Unanimous,3,Yana Santos,Macy Chiasson,300,3
1d7015553debd1c8,KO/TKO,2,Conor McGregor,Eddie Alvarez,300,5
c039953c2f438832,Decision - Unanimous,3,Danny Castillo,John Cholish,300,3
18273af728dda0c8,KO/TKO,2,Ricco Rodriguez,Tsuyoshi Kohsaka,300,3
083a6edd8bb21bc8,KO/TKO,1,Vicente Luque,Derrick Krantz,300,3
5d9b84493f1ed114,Decision - Unanimous,3,Armen Petrosyan,Christian Leroy Duncan,300,3
5e52b0bf9719f0ae,Submission,2,Paulo Thiago,Mike Swick,300,3
4dc03e76536b85e5,KO/TKO,3,Ben Rothwell,Brandon Vera,300,3
c31d9cac7534d879,Decision - Unanimous,3,Gillian Robertson,Luana Pinheiro,300,3
63670e1b8f164d4a,Decision - Split,3,Ode Osbourne,Charles Johnson,300,3
f0815638f558968d,KO/TKO,1,Nate Diaz,Gray Maynard,300,3
27a6a6d4e3f8be75,KO/TKO,1,Mark Hunt,Antonio Silva,300,3
8accd04438b91262,Decision - Unanimous,3,Diego Ferreira,Mairbek Taisumov,300,3
02713b2d25f74d43,Submission,2,Dustin Stoltzfus,Punahele Soriano,300,3
55231cc4112334b4,KO/TKO,3,Victor Henry,Rani Yahya,300,3
e8bb812cd91d9c28,KO/TKO,1,Joe Proctor,Jeremy Larsen,300,3
6d6ab10cbaa45e8c,Decision - Majority,3,TIE,TIE,300,3
f9a4e625dffc30d4,Decision - Unanimous,3,Katlyn Cerminara,Jennifer Maia,300,3
cc17e4d182235a95,KO/TKO,1,Patrick Cote,Kendall Grove,300,3
518fec4812ed1587,KO/TKO,2,Roger Huerta,Doug Evans,300,3
b6475543ab6d20c9,KO/TKO,1,Modestas Bukauskas,Rafael Cerqueira,300,3
68e1a69423360900,KO/TKO,2,Hyun Gyu Lim,Marcelo Guimaraes,300,3
19eed5d9781b47ac,KO/TKO,3,Chad Laprise,Brian Camozzi,300,3
f0fe73e650b746f2,KO/TKO,1,Jeka Saragih,Lucas Alexander,300,3
cfc550960a7ec353,KO/TKO,3,Alexander Volkov,Stefan Struve,300,5
607722017a9d7e22,KO/TKO,1,Alexander Gustafsson,Vladimir Matyushenko,300,3
d0fcabb07a3e9500,Submission,3,Jason Von Flue,Alex Karalexis,300,3
14a40f30e0cb22c9,KO/TKO,2,Neil Magny,Hyun Gyu Lim,300,3
7ab72866ff2a6a7e,KO/TKO,3,Bryan Barberena,Joe Ellenberger,300,3
26888b89fbd860cf,Submission,2,Nick Catone,Derek Downey,300,3
71854cfe738d6ee1,Decision - Unanimous,3,Daniel Kelly,Chris Camozzi,300,3
6b532f492e98d22f,Submission,2,Alexis Davis,Sarah Kaufman,300,3
baf17e5e1fe1c744,Decision - Unanimous,3,Molly McCann,Diana Belbita,300,3
00cf159d5e637238,KO/TKO,1,Roy Nelson,Dave Herman,300,3
328ae84bf2af537e,Decision - Split,3,Ernest Chavez,Yosdenis Cedeno,300,3
3d7ea6012fd8f786,Decision - Unanimous,3,Nasrat Haqparast,Thibault Gouti,300,3
39f07708af6ecfc7,KO/TKO,1,Thiago Silva,Keith Jardine,300,3
7d4e11c2a9485320,KO/TKO,1,Bryan Barberena,Joe Proctor,300,3
85feac6924abb35b,Submission,1,Gerald Meerschaert,Joseph Gigliotti,300,3
b8b2cdf962cc65a0,KO/TKO,1,Lyman Good,Ben Saunders,300,3
a5558e8fec59a687,KO/TKO,1,Mick Parkin,Lukasz Brzeski,300,3
a9184def876faec6,Submission,1,Emily Whitmire,Aleksandra Albu,300,3
674f3fa16e717ff1,Decision - Split,3,Alex Caceres,Martin Bravo,300,3
340fcdcabc49f142,Decision - Unanimous,3,Ailin Perez,Karol Rosa,300,3
9ea4087371f7a892,Decision - Unanimous,3,Chuck Liddell,Jeff Monson,300,3
0fed97329b78b887,KO/TKO,1,Giga Chikadze,Jamey Simmons,300,3
e4d0be5ae320c4ae,Decision - Unanimous,3,Jonathan Martinez,Thomas Almeida,300,3
1ff4586752ee8a93,Decision - Unanimous,3,Aleksandar Rakic,Anthony Smith,300,3
fd61e6146f3b2942,KO/TKO,3,Tatiana Suarez,Carla Esparza,300,3
50cae63d530ede7c,Decision - Unanimous,5,Chan Sung Jung,Dan Ige,300,5
5e9c027fb24efc2b,Decision - Unanimous,3,Marvin Vettori,Roman Dolidze,300,3
691c0d2f30e4de5a,Decision - Unanimous,3,Cat Zingano,Marion Reneau,300,3
aa71cf96ba4e5a36,Submission,1,Lando Vannata,Marcos Mariano,300,3
c8a04210d832a928,Submission,1,Frank Shamrock,John Lober,,
b279559f15ecf29b,Submission,3,Neil Magny,Daniel Rodriguez,300,3
15aa55a91cf848cf,Decision - Split,3,Alatengheili,Ryan Benoit,300,3
b381dc272b32ce03,KO/TKO,1,Bruno Silva,Victor Rodriguez,300,3
93fb6c7e590487f9,KO/TKO,2,Claudio Ribeiro,Joseph Holmes,300,3
ef2ccb690dcd943f,Submission,1,Remco Pardoel,Ryan Parker,,
53d6a7634c7fc036,Decision - Unanimous,3,Ramazan Emeev,Alberto Mina,300,3
735ed861dee80d25,KO/TKO,2,Thales Leites,Francis Carmont,300,3
f47a32ec7dfda660,KO/TKO,1,Anthony Johnson,Alexander Gustafsson,300,5
dfa8fd0b82b37fa1,KO/TKO,2,Benoit Saint Denis,Thiago Moises,300,3
c8bc7e668ffffc7c,Submission,1,Kron Gracie,Alex Caceres,300,3
e87b5c403533b057,Decision - Unanimous,5,Georges St-Pierre,Josh Koscheck,300,5
c3ca708aaf4262a7,Submission,2,Kennedy Nzechukwu,Devin Clark,300,3
d918da575ee1bc35,Submission,1,Jafel Filho,Daniel Barez,300,3
6a7db3750822d7be,Submission,2,Tresean Gore,Josh Fremd,300,3
ee1950e871aa5cc2,KO/TKO,2,Katsuhisa Fujii,Masutatsu Yano,300,3
df30514e0674d598,Decision - Unanimous,3,Movsar Evloev,Aljamain Sterling,300,3
e06f96f3484ad74a,KO/TKO,2,Jessica Andrade,Jessica Penne,300,3
1260d0031a5e469d,KO/TKO,2,George Roop,Brian Bowles,300,3
5304956aada097e8,Decision - Unanimous,3,Michael Johnson,Darrius Flowers,300,3
e4b13f7f43018ec0,Decision - Unanimous,3,Damir Ismagulov,Joel Alvarez,300,3
8b97cd609c7152b7,Decision - Unanimous,3,John Dodson,Eddie Wineland,300,3
4a17876e99f6baf3,Submission,2,Ilia Topuria,Bryce Mitchell,300,3
9f114a219523bf7d,Decision - Unanimous,3,Shane Burgos,Godofredo Pepey,300,3
2ab2753040f455e0,Decision - Unanimous,5,Junior Dos Santos,Stipe Miocic,300,5
4f5ce22f8384d151,KO/TKO,1,Falaniko Vitale,Matt Lindland,300,3
a3d75cc363a6544b,Submission,3,Carlos Ulberg,Da Woon Jung,300,3
45a52e065b73ecba,Decision - Unanimous,3,Karo Parisyan,Chris Lytle,300,3
b319a24919106555,KO/TKO,1,Kevin Lee,Jake Matthews,300,3
dedb74ee9d84deab,Decision - Majority,3,Fares Ziam,Luigi Vendramini,300,3
fc1f199c8ba32a19,KO/TKO,3,War Machine,Jared Rollins,300,3
c7190cd03e53fb61,Submission,2,Benoit Saint Denis,Kyle Prepolec,300,3
d20dc2d68305fc31,KO/TKO,1,James Moontasri,Anton Zafir,300,3
e7ff18a0cfa09702,Submission,1,Frank Mir,Antoni Hardonk,300,3
b638646fb297228d,Decision - Unanimous,3,Bill Algeo,Alexander Hernandez,300,3
d9a218ac3e148541,KO/TKO,1,Brendan Allen,Tom Breese,300,3
3d46d635f9ae5e68,KO/TKO,1,Philipe Lins,Ovince Saint Preux,300,3
13129c1f044fdd47,Decision - Unanimous,3,Andrea Lee,Montana De La Rosa,300,3
223f9a750428e1d0,KO/TKO,1,Frank Mir,Antonio Silva,300,5
2e8058fb2344ae3f,Decision - Split,3,Bruno Santos,Chris Camozzi,300,3
5f9b11f4cb3057f2,KO/TKO,2,John Lineker,Jose Maria,300,3
bc84680df666c96d,Decision - Unanimous,3,Benito Lopez,Albert Morales,300,3
cca4d763b1c6de0a,Decision - Unanimous,3,Talita Alencar,Vanessa Demopoulos,300,3
2748001ead121b8a,KO/TKO,1,Frankie Edgar,Mark Bocek,300,3
6e9876d2be2bbd02,Decision - Unanimous,3,Gabriel Santos,Yizha,300,3
0f0473dde4b873ca,KO/TKO,3,Louis Smolka,Richie Vaculik,300,3
1c0f5152b0bbef05,TKO - Doctor's Stoppage,1,Evan Tanner,Elvis Sinosic,300,3
f81f8cfe30e0a1e9,Decision - Unanimous,3,Deron Winn,Eric Spicely,300,3
9c33c8d4a381ba70,Decision - Unanimous,3,Niko Price,Alex Oliveira,300,3
1a7119f3996b5635,Submission,1,Kaan Ofli,Javier Reyes,300,3
9fc03704a10977b3,Decision - Majority,3,John Gunther,Allan Zuniga,300,3
7f93b2f38497caec,KO/TKO,1,Michael Trizano,SeungWoo Choi,300,3
d373de3e072f7e57,Decision - Unanimous,3,Anthony Smith,Leonardo Guimaraes,300,3
3a8e4b830750e9d4,Decision - Unanimous,3,Ricardo Lamas,Bill Algeo,300,3
e5279358b128c2ac,Decision - Split,3,Guram Kutateladze,Mateusz Gamrot,300,3
144cd3f62591a5fb,Decision - Unanimous,3,Paddy Pimblett,Jared Gordon,300,3
4ea48bf2407b405d,Decision - Split,5,Jared Cannonier,Sean Strickland,300,5
9127a6430e46292c,Decision - Unanimous,3,Eryk Anders,Darren Stewart,300,3
676590832dc86748,Decision - Unanimous,3,Igor Araujo,Ildemar Alcantara,300,3
3b05a4ced6dd74f5,Submission,3,Brian Ortega,Yair Rodriguez,300,5
0d33d43bee65d98f,Decision - Split,3,Andrew Holbrook,Jake Matthews,300,3
08426f06239d903c,KO/TKO,3,John Dodson,Nathaniel Wood,300,3
67765535bd0b6bdf,Decision - Unanimous,3,Tallison Teixeira,Tai Tuivasa,300,3
f004d3d50b78af50,Decision - Unanimous,3,Deron Winn,Antonio Arroyo,300,3
c936527df280b8b4,Decision - Unanimous,3,Vince Morales,Aiemann Zahabi,300,3
2a23f787fff1d837,Decision - Unanimous,3,Antonio Rodrigo Nogueira,Randy Couture,300,3
e9c6bac0d1a5ec0f,Decision - Unanimous,3,Karl Williams,Lukasz Brzeski,300,3
36f38c2534ef646b,KO/TKO,2,Mohammed Usman,Zac Pauga,,
dd9cbf6d6284de26,Decision - Unanimous,3,Jennifer Maia,Casey O'Neill,300,3
8c1787fe568f1ca6,Submission,1,Daniel Sarafian,Eddie Mendez,300,3
b210b99d9c1c9196,Submission,2,Myktybek Orolbai,Uros Medic,300,3
508e622130b0a84d,Decision - Split,3,Jean-Paul Lebosnoyani,Phil Rowe,300,3
26ac85fc4bee63a6,Decision - Unanimous,3,Kyoji Horiguchi,Chico Camus,300,3
cd63b4144a45b611,KO/TKO,3,Chase Sherman,Jared Vanderaa,300,3
4f60a7e7b848bc6d,Decision - Unanimous,3,Jason Knight,Dan Hooker,300,3
5b71958ee063a6e8,Decision - Unanimous,3,Esteban Ribovics,Kamuela Kirk,300,3
f030febede41c661,Decision - Unanimous,5,Charles Oliveira,Max Holloway,300,5
521a0e016878d174,Decision - Unanimous,3,Alonzo Menifield,Dustin Jacoby,300,3
61a211b4a7f942cd,Submission,1,Keith Rockel,Chris Liguori,300,3
a376f6d5806d0c90,Decision - Split,3,Fares Ziam,Claudio Puelles,300,3
d2f6b87189908088,Decision - Unanimous,3,JJ Aldrich,Polyana Viana,300,3
3183dfe66fcdd25f,Submission,1,Sam Patterson,Kiefer Crosbie,300,3
cd8cdb539deaa47f,KO/TKO,2,Jiri Prochazka,Volkan Oezdemir,300,3
01100a90b584215d,KO/TKO,1,Azamat Murzakanov,Brendson Ribeiro,300,3
0b1460c666e66d39,Decision - Unanimous,3,Gauge Young,Maheshate,300,3
0ed093f6aaab94d3,KO/TKO,1,Dennis Hallman,Karo Parisyan,300,3
16523b1bec3cd7b0,Submission,1,Nyamjargal Tumendemberel,Terrance Saeteurn,300,3
6ca284a75c21c2e0,Submission,1,Marcus Aurelio,Ryan Roberts,300,3
d1cda3a0c148b725,Decision - Split,3,Jake Ellenberger,Carlos Eduardo Rocha,300,3
e460bf4db340ca9e,Submission,2,Amanda Ribas,Emily Whitmire,300,3
bbc76ff9e1b1b142,Decision - Unanimous,3,Kelvin Gastelum,Chris Curtis,300,3
efc6af0151f72b87,Decision - Unanimous,3,Elizeu Zaleski dos Santos,Benoit Saint Denis,300,3
0ad57af26ddc7930,KO/TKO,2,Tim Boetsch,Johny Hendricks,300,3
b0ed7f6450ad33c5,Decision - Unanimous,3,BJ Penn,Matt Serra,300,3
971b3d35c302cf8f,KO/TKO,1,Marlon Vera,Frankie Saenz,300,3
2615d94ab16380f9,KO/TKO,1,Albert Tumenov,Alan Jouban,300,3
9030c92a161afaf9,KO/TKO,1,Rick Story,Quinn Mulhern,300,3
2a50b91600e87994,Submission,1,Nicholas Musoke,Alessio Sakara,300,3
1b23096378482313,Submission,1,Ian Entwistle,Anthony Birchak,300,3
a1569926652ebc36,Submission,2,Neil Seery,Jon Delos Reyes,300,3
c50a3025d1519fc8,KO/TKO,1,Rich Franklin,Ken Shamrock,300,3
f930743af6564795,KO/TKO,1,Dustin Poirier,Yancy Medeiros,300,3
55e9ea18b8a72b2e,Decision - Split,3,Roger Narvaez,Luke Barnatt,300,3
6baa381a75582d98,KO/TKO,1,Wanderlei Silva,Keith Jardine,300,3
e255fc129f225a55,Decision - Unanimous,3,Youssef Zalal,Peter Barrett,300,3
ae0afbff5ba07a34,Decision - Unanimous,3,Ricardo Ramos,Bill Algeo,300,3
3fe3208df1098fdc,KO/TKO,2,Anderson Silva,Rich Franklin,300,5
4f20f3ada1489823,Submission,2,Mike Davis,Natan Levy,300,3
c3bb60dc82345a9f,Decision - Unanimous,3,Zabit Magomedsharipov,Calvin Kattar,300,3
c97d0a476c2e7cb5,Decision - Unanimous,3,Michael Bisping,Brian Stann,300,3
761681c1ab0fdead,KO/TKO,1,Michael Bisping,Jason Day,300,3
3b4803afa824fea3,Decision - Split,3,Mitch Raposo,Allan Nascimento,300,3
d14fea43712707f0,Submission,2,Benoit Saint Denis,Mauricio Ruffy,300,3
ff2e4b411f695017,Decision - Unanimous,3,Karolina Kowalkiewicz,Silvana Gomez Juarez,300,3
721d870849de4a57,Decision - Unanimous,3,Roosevelt Roberts,Thomas Gifford,300,3
2c21abbc28e3876a,Submission,1,Rafael Alves,Marc Diakiese,300,3
c4e16d57dd9a1b39,KO/TKO,2,Dale Hartt,Corey Hill,300,3
d5323490163dde0e,Decision - Unanimous,3,Dustin Jacoby,Michal Oleksiejczuk,300,3
d86e31793564cd31,Decision - Split,3,Kelvin Gastelum,Jacare Souza,300,3
39c4ae4624052f9f,Submission,3,Sean Brady,Kelvin Gastelum,300,3
f711b3ec6bc3c407,Decision - Unanimous,3,Klidson Abreu,Sam Alvey,300,3
f4fbb11055301e75,Decision - Unanimous,3,Clay Guida,Michael Johnson,300,3
06c124a55f77a7a5,Decision - Split,3,Erick Montano,Enrique Marin,,
14e48e29fefe1b3d,KO/TKO,1,Kimo Leopoldo,Paul Varelans,,
bd7a8c6c74655afc,Submission,1,Ryan Hall,BJ Penn,300,3
e364cd5772cfd27c,Decision - Unanimous,3,Joe Stevenson,Luke Cummo,300,3
8d98ccae1057815e,Decision - Unanimous,3,Sam Sicilia,Aaron Phillips,300,3
74edd53297a084b9,DQ,1,Kiichi Kunimoto,Luiz Dutra,300,3
2f2ac4c08e763d38,Decision - Unanimous,3,David Branch,Tomasz Drwal,300,3
07c00213ec388e07,KO/TKO,2,Jessica Andrade,Rose Namajunas,300,5
f914dd2414f9a0ae,KO/TKO,1,Anthony Johnson,Charlie Brenneman,300,3
10b19bb48aadc6bd,KO/TKO,1,James Irvin,Houston Alexander,300,3
5362ea7c63432cf9,Submission,1,Rani Yahya,Luke Sanders,300,3
1b650c76387c0f4b,Submission,1,Alexa Grasso,Joanne Wood,300,3
6fd9a013cea5a403,Decision - Unanimous,3,Serghei Spivac,Aleksei Oleinik,300,3
906283a2adcbc3e0,Submission,1,Cortney Casey,Mara Romero Borella,300,3
d7f9a09021a9a13c,Decision - Unanimous,3,Sam Stout,Joe Lauzon,300,3
7e8fd03e070d0c25,Submission,4,Nate Diaz,Tony Ferguson,300,5
2c8d1f5bb73a812b,Decision - Unanimous,3,Ricardo Lamas,Hacran Dias,300,3
9c7b6a20f35fb708,Decision - Unanimous,3,Nicolas Dalby,Alex Oliveira,300,3
eb8e4c57d131fb46,Decision - Unanimous,3,Benson Henderson,Mark Bocek,300,3
c6ead49500c047e5,TKO - Doctor's Stoppage,1,Chuck Liddell,Paul Jones,300,3
8bee5192baec71d8,Decision - Split,3,Jose Delgado,Andre Fili,300,3
74fef059e229d217,Submission,3,Miranda Maverick,Priscila Cachoeira,300,3
2f736846aebbf12d,Decision - Unanimous,3,Justin McCully,Eddie Sanchez,300,3
903d2c361d005b70,Decision - Unanimous,3,Tecia Pennington,Angela Hill,300,3
fb972da69450127f,Decision - Split,3,Jeff Monson,Marcio Cruz,300,3
b0271fa12935bf88,Decision - Unanimous,3,Gleison Tibau,Pat Healy,300,3
98301c092f00cb01,Decision - Unanimous,3,Jared Rosholt,Stefan Struve,300,3
59bd4e83d8f846ee,Submission,1,Eliot Marshall,Jules Bruchez,300,3
cd0bc692a7bce9e7,KO/TKO,1,Tony Ferguson,Ramsey Nijem,300,3
d5598322f81db6c9,Decision - Split,3,Alexa Grasso,Randa Markos,300,3
da7d7b4f20cd2af5,Submission,1,James Krause,Daron Cruickshank,300,3
06287b822837a616,Decision - Unanimous,3,Andre Fili,Artem Lobov,300,3
d83294b031502177,Decision - Unanimous,3,Ikram Aliskerov,Brunno Ferreira,300,3
47a5d4bb68352055,Decision - Unanimous,3,Jasmine Jasudavicius,Miranda Maverick,300,3
241a722f3b042c59,Decision - Unanimous,3,Wanderlei Silva,Michael Bisping,300,3
c740ceb0427b6317,Decision - Unanimous,3,Mirsad Bektic,Paul Redmond,300,3
94d708a8a8fefdef,Decision - Unanimous,3,Nathan Coy,Jonavin Webb,300,3
1299f04f429bcc0e,Decision - Unanimous,3,Will Brooks,Ross Pearson,300,3
16cab4b91e2c8881,Decision - Split,3,Kendall Grove,Goran Reljic,300,3
fee1d48d7bc17e56,Submission,2,Nate Marquardt,Crafton Wallace,300,3
0133019a4f1055ee,KO/TKO,2,Curtis Blaydes,Jailton Almeida,300,3
e0b98f3cf4a7cc3b,Decision - Majority,3,Marcin Tybura,Alexandr Romanov,300,3
7ad85c84025c0db0,Decision - Split,3,Cezar Ferreira,Nate Marquardt,300,3
ca7fd237c16cec84,KO/TKO,1,Cristian Quinonez,Khalid Taha,300,3
7f8340dfe4220c3e,Decision - Unanimous,3,Jack Hermansson,Edmen Shahbazyan,300,3
b2039609019496d9,Decision - Unanimous,3,Elias Theodorou,Sam Alvey,300,3
d391ca8154bcf507,Submission,1,Josh Neer,Duane Ludwig,300,3
4a9b3b97fa2bbca9,Submission,1,Thales Leites,Ryan Jensen,300,3
192619174bd1ad77,Decision - Unanimous,3,Nurullo Aliev,Joe Solecki,300,3
4d607b6ddc77a34c,Decision - Split,3,Alex Oliveira,Max Griffin,300,3
2f6b63e8ec62e3ca,Submission,3,Daniel Cormier,Dan Henderson,300,3
27200d53ba9020b8,Decision - Unanimous,3,Mackenzie Dern,Virna Jandiroba,300,3
cb1e57b5f8c92922,KO/TKO,4,Derrick Lewis,Shamil Abdurakhimov,300,5
870672b1b443311e,Decision - Unanimous,3,Nicolas Dalby,Muslim Salikhov,300,3
57939328c1214107,Decision - Unanimous,3,Merab Dvalishvili,John Dodson,300,3
315968a74789600a,Submission,3,Ronda Rousey,Miesha Tate,300,5
ab325ea526824723,Decision - Unanimous,3,Jamey-Lyn Horth,Vanessa Demopoulos,300,3
f01b97e864cb4b8b,Decision - Unanimous,3,Rob Font,Kyler Phillips,300,3
c3d336f9aabc9fb6,KO/TKO,1,Marcus Brimage,Jumabieke Tuerxun,300,3
41cef92a01e7ff3c,Decision - Unanimous,3,Tim Elliott,Louis Smolka,300,3
a8a4c9f98ff73839,Decision - Unanimous,3,Chris Duncan,Yanal Ashmouz,300,3
3adecfc4727a8d73,Submission,1,Tagir Ulanbekov,Nate Maness,300,3
f526892a27b50576,Submission,1,Loopy Godinez,Silvana Gomez Juarez,300,3
ed9d7d85a5ae06b1,Decision - Unanimous,3,KJ Noons,George Sotiropoulos,300,3
c827f5212a34bf2e,Submission,2,Chris Fishgold,Daniel Teymur,300,3
4127b45c3d546eef,KO/TKO,2,Valentina Shevchenko,Jessica Eye,300,5
ab8722d48a5a447e,Decision - Unanimous,3,Katsunori Kikuno,Quinn Mulhern,300,3
0031c043c9f14eb8,KO/TKO,3,Carlos Condit,Rory MacDonald,300,3
d497d74a0df9e35e,Decision - Unanimous,3,Aoriqileng,Jay Perrin,300,3
32813f5f46f045e8,Submission,2,Jared Gooden,Wellington Turman,300,3
53a736ebc356cc4a,Submission,2,Pat Miletich,Kenichi Yamamoto,300,5
da666b02372a465b,KO/TKO,1,Michael Bisping,Eric Schafer,300,3
99a7172fb7438244,Decision - Unanimous,3,Drew Dober,Scott Holtzman,300,3
8539c4b795d33a92,KO/TKO,5,Glover Teixeira,Anthony Smith,300,5
dadde3eb4e5f43b4,KO/TKO,1,Erick Silva,Takenori Sato,300,3
a69afe4a88c0ca12,Submission,4,Alexa Grasso,Valentina Shevchenko,300,5
cef1b43c77e02635,Decision - Unanimous,5,Kevin Randleman,Pedro Rizzo,300,5
b3a3341a5db2d484,KO/TKO,2,Thiago Alves,Matt Hughes,300,3
1f290005cc147afb,Decision - Unanimous,3,Michael Johnson,Tony Ferguson,300,3
5b9f545890407976,Decision - Unanimous,5,Jon Jones,Anthony Smith,300,5
9d59ae86a2e6c444,KO/TKO,1,Thiago Silva,Houston Alexander,300,3
0fd8214ac276728e,Decision - Unanimous,5,Joanna Jedrzejczyk,Jessica Andrade,300,5
7fe2f0213d641540,KO/TKO,1,Caio Magalhaes,Luke Zachrich,300,3
23cdc3ef525ba8e4,Decision - Unanimous,3,Yushin Okami,Alan Belcher,300,3
e2a61ec3bc83da98,Decision - Unanimous,3,Tamdan McCrory,Luke Cummo,300,3
c3e3d5ef06a45616,KO/TKO,3,Robbie Lawler,Jake Ellenberger,300,3
e85e83ab4e60e768,Decision - Unanimous,3,Sheymon Moraes,Matt Sayles,300,3
1aa4c2fa5ffaff00,KO/TKO,1,King Green,Grant Dawson,300,5
147c04a6798a69c3,Submission,2,Darren Uyenoyama,Phil Harris,300,3
3e126f482e9a84b8,KO/TKO,2,Rashad Evans,Chuck Liddell,300,3
c53a5dca56870ea5,Decision - Split,3,Yui Chul Nam,Kazuki Tokudome,300,3
a0c82ba11a373008,KO/TKO,3,Petr Yan,Urijah Faber,300,3
3d3e7dc7b4bf2bc4,KO/TKO,2,Dustin Poirier,Conor McGregor,300,5
9fc7fcbdb6587265,KO/TKO,1,Leslie Smith,Jessamyn Duke,300,3
f457d55f78d581f9,Decision - Unanimous,3,Abel Trujillo,Jordan Rinaldi,300,3
2977a9b5c30d89c1,Decision - Unanimous,3,Richie Vaculik,Roldan Sangcha'an,300,3
ae54f944d1ba378f,Decision - Unanimous,3,Ian Freeman,Tedd Williams,300,3
1c245dc63a0b9d51,Submission,1,Michael Chiesa,Al Iaquinta,300,3
fbedeb4e4b019b94,Submission,1,Tim Elliott,Sumudaerji,300,3
8cf076524cad5a55,Decision - Unanimous,3,Belal Muhammad,Dhiego Lima,300,3
7099374e91f9283b,Decision - Unanimous,5,Jose Aldo,Chad Mendes,300,5
5a878a6bebc973d7,KO/TKO,3,Molly McCann,Luana Carolina,300,3
8c9ff13791378784,Submission,1,Brendan Allen,Krzysztof Jotko,300,3
c3ba8f1a4ddc0dc3,KO/TKO,3,Fredy Serrano,Bentley Syler,300,3
bbe0f3653de9f6a8,Decision - Unanimous,3,Abdul-Kareem Al-Selwady,Shem Rock,300,3
96c6be6b22385967,Decision - Unanimous,3,Kevin Holland,Gunnar Nelson,300,3
824fb74f5fc34218,Submission,2,Tony Ferguson,Lando Vannata,300,3
fcac56089f65d04e,Submission,3,Mike Pyle,Jesse Lennox,300,3
5157988b77ca1097,KO/TKO,1,Houston Alexander,Keith Jardine,300,3
236f811290163dca,Decision - Split,3,Chris Curtis,Max Griffin,300,3
e7318f41bce58b8c,Decision - Unanimous,3,Sarah Moras,Alexis Dufresne,300,3
3d07a533feca7458,Decision - Split,3,Dong Hyun Kim,Tarec Saffiedine,300,3
7b9de06ef8c09ba6,KO/TKO,1,Darren Elkins,Antonio Carvalho,300,3
dcfd594b68ff5ae1,Decision - Unanimous,3,Michelle Montague,Mayra Bueno Silva,300,3
0976778a6e6cf8a8,Decision - Split,3,Maheshate,Gabriel Benitez,300,3
a485281be8e9d2e2,KO/TKO,2,Antonina Shevchenko,Ariane da Silva,300,3
944b929130b23c2a,Decision - Unanimous,3,David Martinez,Rob Font,300,3
85e1b21ea88fe7e3,Submission,3,Keita Nakamura,Li Jingliang,300,3
6708f3a32861038a,Decision - Unanimous,3,Maxim Grishin,William Knight,300,3
e6fdf9e67f84a0e0,Decision - Unanimous,3,Frankie Saenz,Henry Briones,300,3
b1fd21231f0604e1,KO/TKO,2,Michael Johnson,Gleison Tibau,300,3
bfb468c3427faa50,Submission,2,Sean Sherk,Tiki Ghosn,300,2
e0e22d7bc5a293e8,Decision - Split,3,Hakeem Dawodu,Kyle Bochniak,300,3
3812b265afd78186,Decision - Unanimous,3,Luis Pena,Steven Peterson,300,3
8375f311e8c6c079,DQ,1,Mark Godbeer,Walt Harris,300,3
f509d5ffcc3f46fe,Decision - Unanimous,3,Vaughan Lee,Motonobu Tezuka,300,3
8c082a3c69e2d192,Submission,2,Court McGee,Kris McCray,300,3
8a3281b0d7c168af,Submission,1,Felipe Bunes,Jose Johnson,300,3
6ff8fff0fe2a3cd9,Submission,3,Piotr Hallmann,Yves Edwards,300,3
f6d8bdc3cdcf1dd8,Decision - Split,3,Antonio Carvalho,Rodrigo Damm,300,3
7ce7075951c9aa31,KO/TKO,3,Dalcha Lungiambula,Dequan Townsend,300,3
4ffd88b2f00f4250,Submission,1,Marcelo Golm,Christian Colombo,300,3
98035e427b476717,Decision - Unanimous,3,Joseph Benavidez,Zach Makovsky,300,3
36f0c6d7126e09ee,KO/TKO,1,Matthew Lopez,Johnny Eduardo,300,3
ac656cebef8cf0a4,KO/TKO,2,Thomas Almeida,Albert Morales,300,3
a0ba726da4a50458,Submission,3,Kyler Phillips,Marcelo Rojo,300,3
951ccd0041bd1700,Decision - Unanimous,3,Nick Hein,Lukasz Sajewski,300,3
41d1e163b930426b,Decision - Unanimous,3,Dennis Siver,Nam Phan,300,3
c442899c21d58779,Submission,2,Ariane da Silva,Casey O'Neill,300,3
b0f4c7788782e26e,KO/TKO,1,Ian Machado Garry,Daniel Rodriguez,300,3
9939d7073462e07e,Decision - Unanimous,3,Michael Page,Jared Cannonier,300,3
3c8eb8ad5e98876f,Decision - Unanimous,3,Sam Alvey,Nate Marquardt,300,3
bfd672cac0726a9a,KO/TKO,2,Priscila Cachoeira,Gina Mazany,300,3
1ed9dbbe604654b9,Decision - Unanimous,3,Darren Till,Jessin Ayari,300,3
d0dc419dc7acb7e2,Decision - Unanimous,3,Francisco Trinaldo,Ross Pearson,300,3
3b1453df439a5024,Decision - Unanimous,3,James Krause,Alex White,300,3
eab100e978c730c5,Decision - Unanimous,3,Lando Vannata,Yancy Medeiros,300,3
28f5f50617f2b686,Decision - Unanimous,3,Rose Namajunas,Tecia Pennington,300,3
f313eae425b7c539,Decision - Unanimous,3,Alexis Davis,Cindy Dandois,300,3
0fe4906754b2d0f9,Decision - Unanimous,3,Tafon Nchukwi,Jamie Pickett,300,3
6e3139f066149a81,Decision - Split,3,Demian Maia,Jorge Masvidal,300,3
caf3ca7fc0195412,Submission,2,Vicente Luque,Alvaro Herrera Mendoza,300,3
d75b3d3c2b209b75,Decision - Unanimous,5,Kamaru Usman,Joaquin Buckley,300,5
432e57033ceecee0,Decision - Unanimous,3,Andre Fili,Felipe Arantes,300,3
8c220d4c96895a98,KO/TKO,1,Chan Sung Jung,Dennis Bermudez,300,5
7ddaf46a81b7e616,Decision - Unanimous,3,Spencer Fisher,Jeremy Stephens,300,3
f7cce33f6563dd72,KO/TKO,2,Volkan Oezdemir,Ilir Latifi,300,3
f690949d90ff1dee,Decision - Split,3,Daniel Rodriguez,Alex Morono,300,3
f43f9861e73739c8,KO/TKO,2,Walt Harris,Daniel Spitz,300,3
dffad417175400ba,KO/TKO,1,Ricardo Lamas,Jason Knight,300,3
75b1533cc3cafae9,KO/TKO,1,Urijah Faber,Ricky Simon,300,3
a6d07c32a1cb9730,Decision - Unanimous,3,Matt Grice,Leonard Garcia,300,3
858696528ab7035a,Submission,1,Matt Schnell,Louis Smolka,300,3
7ea81958dfb80d70,Submission,2,Evan Tanner,Homer Moore,300,3
3c6fb6bf9b7afd40,Decision - Unanimous,3,Trevor Peek,Mohammad Yahya,300,3
1f70cf05ec46f065,Decision - Unanimous,3,Justin Edwards,Jorge Lopez,300,3
11c0ef97497303ef,KO/TKO,1,Jalin Turner,Callan Potter,300,3
bc096e8ae14582ec,Decision - Unanimous,5,Demian Maia,Ryan LaFlare,300,5
398db40015b3c81c,Decision - Majority,3,William Gomis,Jarno Errens,300,3
c1bc2a42652f685c,KO/TKO,2,Joe Proctor,Justin Salas,300,3
d4fa680b2a912534,KO/TKO,2,Eddie Sanchez,Colin Robinson,300,3
3f6c0a76407e1863,Submission,1,Dan Bobish,Brian Johnston,,
afdd95ae7b7cdb0c,Decision - Unanimous,3,Tecia Pennington,Luana Pinheiro,300,3
8f40ac90544d0003,Submission,2,Tim Elliott,Mark De La Rosa,300,3
40e2a7b65794ac05,Decision - Unanimous,3,Eduarda Moura,Veronica Hardy,300,3
175d9e1ac0725145,Decision - Unanimous,5,Jared Cannonier,Marvin Vettori,300,5
f81cd5b3903bccf8,Decision - Unanimous,3,Kyoji Horiguchi,Louis Gaudinot,300,3
4e566db7d26df001,KO/TKO,1,Ludovit Klein,AJ Cunningham,300,3
8da5849a6e7307bf,Decision - Unanimous,3,Montel Jackson,Andre Soukhamthath,300,3
b13e3620949300c5,Decision - Unanimous,3,Dustin Poirier,Josh Grispi,300,3
a2e1e35e4e84e08d,Decision - Unanimous,3,Clay Guida,Tatsuya Kawajiri,300,3
8153c30fad5b2ad8,KO/TKO,1,Michael Bisping,Charles McCarthy,300,3
050eb872a69c66bd,Decision - Split,3,Albert Tumenov,Lorenz Larkin,300,3
2ff09ddaa2b78cc4,KO/TKO,3,Junior Dos Santos,Mirko Filipovic,300,3
3fc3179cd800128e,KO/TKO,2,Dong Hyun Kim,Erick Silva,300,3
78294f5d5e0f2b13,KO/TKO,1,Junior Dos Santos,Cain Velasquez,300,5
a80162f4c8842da3,Submission,1,Jacob Volkmann,Shane Roller,300,3
4c1fd940e1619e68,KO/TKO,1,Kamaru Usman,Sergio Moraes,300,3
a19d619f1b9bee7b,Submission,2,Michael McDonald,Masanori Kanehara,300,3
0eb16f1307f66a11,Decision - Majority,3,Cameron Saaiman,Mana Martinez,300,3
8f4a445ccb548f15,Decision - Unanimous,5,Dominick Cruz,Urijah Faber,300,5
6c569785225fd2e7,KO/TKO,2,Dennis Siver,Paul Kelly,300,3
a47123ae6e048f11,KO/TKO,3,Axel Sola,Rhys McKee,300,3
6a663c04dfe5b88e,KO/TKO,1,Matt Veach,Matt Grice,300,3
98e3b4d05ecc36a2,Decision - Split,3,Ketlen Vieira,Kelly Faszholz,300,3
721b23d896a44e2e,Decision - Unanimous,3,Bryce Mitchell,Bobby Moffett,300,3
ec5163539a133f17,Decision - Unanimous,5,Belal Muhammad,Leon Edwards,300,5
5c612d2cc1f5da21,Decision - Unanimous,3,Ryan Bader,Eric Schafer,300,3
14b61d9b3f6ddd37,Submission,1,David Heath,Cory Walmsley,300,3
4e6bbc5832e55f64,Decision - Unanimous,3,Kevin Aguilar,Ricky Glenn,300,3
a072be4f806d360f,Decision - Split,3,Karol Rosa,Lara Procopio,300,3
5256ba94641a4284,Submission,2,Youssef Zalal,Jack Shore,300,3
64bc223daa594bcc,Decision - Split,3,Damien Brown,Jon Tuck,300,3
01d4d1d8bcb014cf,Decision - Split,3,Iuri Alcantara,Wilson Reis,300,3
a5c76ead1a2767b6,Decision - Majority,3,Edson Barboza,Danny Castillo,300,3
f0ca713121289d24,Decision - Unanimous,5,Jack Hermansson,Jacare Souza,300,5
9589b41c4637b057,Decision - Unanimous,3,Curtis Millender,Max Griffin,300,3
138c8807fef52564,KO/TKO,1,Aleksandar Rakic,Jimi Manuwa,300,3
8a7b0cd5ad9ca4fe,Decision - Unanimous,3,Jinh Yu Frey,Gloria de Paula,300,3
ff8f92cf8fb1b76c,KO/TKO,1,Elves Brener,Kaynan Kruschewsky,300,3
a97a7707d5021181,KO/TKO,2,Stefan Struve,Stipe Miocic,300,5
9399c772adc7bcab,Decision - Split,3,Jarred Brooks,Robert Sanchez,300,3
f885b95dbb354e3d,Decision - Unanimous,3,Mark Coleman,Stephan Bonnar,300,3
5344e76e26503716,KO/TKO,1,Nikolas Motta,Tom Nolan,300,3
2e200563dd7c4922,Decision - Split,3,Amanda Lemos,Angela Hill,300,3
2ef09c8fe29251ac,Decision - Split,3,Luana Carolina,Poliana Botelho,300,3
a00b98f41c05ae6c,Decision - Unanimous,3,Andrew Craig,Kyle Noke,300,3
43b494c32b7f18cb,Decision - Unanimous,5,Benson Henderson,Frankie Edgar,300,5
9025e3c6b6d71253,Submission,3,Khama Worthy,Luis Pena,300,3
43ebfc8914a39061,Decision - Split,3,Ricardo Ramos,Josh Culibao,300,3
b7575b0ec9f81741,Decision - Unanimous,3,Jake Matthews,Phil Rowe,300,3
7e9ed49a1831056f,Decision - Unanimous,3,Matheus Nicolau,Louis Smolka,300,3
b8bf186f884678ea,Submission,1,Khamzat Chimaev,Robert Whittaker,300,5
c9c79de21823d941,DQ,1,Luana Pinheiro,Randa Markos,300,3
74d4e37b97866514,Decision - Unanimous,3,Ray Borg,Jussier Formiga,300,3
2fa88b72973478b6,Submission,1,Ryan Spann,Ion Cutelaba,300,3
52311c2cd0c84d67,TKO - Doctor's Stoppage,3,Angela Hill,Ariane Carnelossi,300,3
d0b7a79d3e7f3362,KO/TKO,2,Chris Gutierrez,Batgerel Danaa,300,3
ccb5e29cd0347110,Decision - Unanimous,3,Carlston Harris,Jared Gooden,300,3
0a85b3ad328205ff,Submission,1,Chris Padilla,James Llontop,300,3
e9eab0fa03eecd9b,Decision - Unanimous,5,Gilbert Burns,Tyron Woodley,300,5
8502afcf211973a9,Decision - Unanimous,3,Taylor Lapilus,Rocky Lee,300,3
c7c7be3b0d65a7da,Decision - Unanimous,3,James Krause,Tom Gallicchio,300,3
ef97cccf28cf00a8,Decision - Unanimous,3,Lorenz Larkin,Chris Camozzi,300,3
90940d93d6e0998f,Decision - Unanimous,3,Marcus McGhee,John Yannis,300,3
ae5c7517d9f2516c,KO/TKO,1,Dominick Reyes,Joachim Christensen,300,3
4cc8bef7c487cf9d,Decision - Unanimous,3,Renan Barao,Cole Escovedo,300,3
2886e831af3994b7,Submission,2,Lyoto Machida,Rameau Thierry Sokoudjou,300,3
63ff2ed92c800ef8,Decision - Split,5,TIE,TIE,300,5
b0ee33ab448e252b,KO/TKO,1,Andre Winner,Rolando Delgado,300,3
e843a7a6f49db3bb,Decision - Unanimous,3,Darren Elkins,Steven Siler,300,3
041dd0fae4650970,KO/TKO,3,Rashad Evans,Forrest Griffin,300,5
313b85fe82b2ba80,Decision - Unanimous,3,Ian Machado Garry,Darian Weeks,300,3
8a884a7930d75ca9,KO/TKO,1,Santiago Luna,Quang Le,300,3
df5ab14481442365,Submission,1,Cody McKenzie,Marcus LeVesseur,300,3
799acf3ae8a5df0a,Decision - Unanimous,5,Brandon Moreno,Amir Albazi,300,5
95d86cec2a7124b3,Decision - Split,3,Sean Spencer,Yuri Villefort,300,3
4b155647201d549e,Submission,2,Nathaniel Wood,Johnny Eduardo,300,3
b91807add93763c9,KO/TKO,2,Chas Skelly,Jim Alers,300,3
b78a222fb448aed4,Decision - Unanimous,3,Joaquin Buckley,Nursulton Ruziboev,300,3
3c319d4659e6c8fd,KO/TKO,2,Carlos Prates,Li Jingliang,300,3
a017d5806eaa6018,Submission,3,Ricky Simon,Merab Dvalishvili,300,3
632f6960544caa3c,Decision - Unanimous,3,Leonardo Mafra,Cain Carrizosa,300,3
4b3af85b0df51d09,Decision - Unanimous,3,Abubakar Nurmagomedov,Jared Gooden,300,3
bd2e14ee959f9b77,Decision - Unanimous,3,Alexandr Romanov,Blagoy Ivanov,300,3
c40b934d2666e351,Decision - Unanimous,3,Ailin Perez,Macy Chiasson,300,3
8af87933e6409e24,Decision - Unanimous,3,Tim Boetsch,Nick Ring,300,3
85bec51d0bdf511f,KO/TKO,3,Mike Perry,Danny Roberts,300,3
554163b1c8c05522,Decision - Unanimous,5,Cory Sandhagen,Rob Font,300,5
23ea24013d15c09c,KO/TKO,1,Thiago Santos,Jack Hermansson,300,3
0e9091311ca565ce,Decision - Unanimous,5,Michael Bisping,Anderson Silva,300,5
a0d1be5413e301dd,Decision - Unanimous,3,Brian Bowles,Takeya Mizugaki,300,3
477af74ea3cbba8b,KO/TKO,1,Michael Morales,Sean Brady,300,3
69ca032aaef2e3d0,Decision - Unanimous,3,Nah-Shon Burrell,Yuri Villefort,300,3
b90a5b9061ec54a5,KO/TKO,3,Ryan Benoit,Ashkan Mokhtarian,300,3
bf647be41de365e4,Submission,2,Bryan Battle,AJ Fletcher,300,3
5475f5b6bad40989,KO/TKO,1,Polyana Viana,Jinh Yu Frey,300,3
bc01ce748a5723df,Decision - Unanimous,3,Ray Borg,Gabriel Silva,300,3
44c6d87116bb3a10,Decision - Unanimous,3,Tarec Saffiedine,Jake Ellenberger,300,3
c8609059d2d87724,Submission,1,Song Yadong,Bharat Kandare,300,3
576b795e33ddd62d,KO/TKO,2,Nate Maness,Tony Gravely,300,3
bbcb7b5ca439bebb,KO/TKO,1,Joseph Benavidez,Jussier Formiga,300,3
814d481e79e9a525,Submission,3,Ariane Carnelossi,Istela Nunes,300,3
b16534d6bb279b2a,Decision - Unanimous,3,Aaron Simpson,Eric Schafer,300,3
a4817b7e46028b4a,Decision - Unanimous,5,Max Holloway,Calvin Kattar,300,5
5f8a92f10e5451ce,KO/TKO,1,Payton Talbott,Yanis Ghemmouri,300,3
1ada4b9ee5810e0f,Decision - Unanimous,3,JJ Aldrich,Andrea Lee,300,3
0e0629a1503125a6,Submission,1,Tra Telligman,Brad Kohler,,
951968aa52a84928,Decision - Unanimous,3,Marc Diakiese,Lando Vannata,300,3
f93f794247af708a,Decision - Split,3,Kyung Ho Kang,Pingyuan Liu,300,3
687d973d71e068dc,Submission,3,Cynthia Calvillo,Pearl Gonzalez,300,3
8b7bc2af1e15b668,Submission,2,Josh Culibao,Melsik Baghdasaryan,300,3
bc9dd73e0a982c08,Decision - Unanimous,3,Rashid Magomedov,Anthony Rocco Martin,300,3
6617170d3659b175,KO/TKO,2,Brian Stann,Jorge Santiago,300,3
b1a033020bd6d3f3,KO/TKO,1,Daniel Cormier,Patrick Cummins,300,3
71900a1af85710a9,Decision - Split,3,Matt Serra,Chris Lytle,300,3
bd83e4a6f216230f,Decision - Unanimous,3,Derek Brunson,Lorenz Larkin,300,3
badc8c379cc2e6ff,Decision - Unanimous,3,Bartosz Fabinski,Garreth McLellan,300,3
71dc4379c738450f,KO/TKO,1,Nordine Taleb,Danny Roberts,300,3
983fab4080743ed0,Submission,1,JunYong Park,Denis Tiuliulin,300,3
3256d907f58af95e,Decision - Split,3,Augusto Sakai,Andrei Arlovski,300,3
ab27a211bcb9550b,KO/TKO,1,Marcos Rogerio de Lima,Richardson Moreira,300,3
98883348ddb3be33,Decision - Unanimous,3,Veronica Hardy,Brogan Walker,300,3
ae5d14a9fc1ad19c,Decision - Unanimous,3,Askar Askarov,Joseph Benavidez,300,3
5ddf45e816a50fac,TKO - Doctor's Stoppage,1,Tecia Pennington,Sam Hughes,300,3
acde7c89bd724af8,Decision - Split,3,Talita Alencar,Rayanne dos Santos,300,3
b9726184624ac076,KO/TKO,1,Islam Makhachev,Gleison Tibau,300,3
06641a8c62e45661,Submission,1,Tom Aspinall,Alexander Volkov,300,5
b7653a82f4b07b1f,Decision - Unanimous,3,James Krause,Shane Campbell,300,3
91afc389191d41fb,KO/TKO,3,Sasha Palatnikov,Louis Cosce,300,3
b71f07f052d0a48b,Decision - Unanimous,3,Kurt Pellegrino,Josh Neer,300,3
7b34aa1eb09b8301,KO/TKO,2,Daniel Santos,JooSang Yoo,300,3
8ef7723b6a8b45e1,KO/TKO,1,Jean Silva,Melsik Baghdasaryan,300,3
357a5bc5de4f545d,KO/TKO,2,Curtis Millender,Thiago Alves,300,3
beaa6ae419b8c8c6,Submission,1,Georges St-Pierre,Frank Trigg,300,3
eefc526e320524e6,KO/TKO,1,Travis Browne,Alistair Overeem,300,3
971d9fa5947a4bb7,Decision - Unanimous,3,Jimmie Rivera,Urijah Faber,300,3
06db48a74d81a15e,Submission,3,Nick Ring,James Head,300,3
e7bb37681652c2c2,Decision - Unanimous,3,Taila Santos,Roxanne Modafferi,300,3
43496ff308e681a0,KO/TKO,1,Muslim Salikhov,Nordine Taleb,300,3
a8d189f56de9b451,Decision - Unanimous,3,Brandon Davis,Steven Peterson,300,3
26fbf026beb8e9f8,Decision - Unanimous,3,Kelvin Gastelum,Ian Heinisch,300,3
ba4485ce4e8e3fe1,Decision - Unanimous,3,Askar Askarov,Alexandre Pantoja,300,3
ff6c8dab41efcc09,Decision - Unanimous,3,Blagoy Ivanov,Marcos Rogerio de Lima,300,3
33d52ac2d70b8415,Submission,3,Chase Hooper,Peter Barrett,300,3
b67229e7675eed24,Decision - Majority,3,Alistair Overeem,Fabricio Werdum,300,3
fa193b3d07c0ed9b,Decision - Unanimous,3,Chael Sonnen,Trevor Prangley,300,3
06910bddb0745856,Decision - Unanimous,3,King Green,Alan Patrick,300,3
43885ee6cc5ed241,Decision - Split,2,Pat Miletich,Townsend Saunders,,
fd76b75c28dc247a,KO/TKO,2,Israel Adesanya,Paulo Costa,300,5
0f8b2f7299b5e114,KO/TKO,1,Khalil Rountree Jr.,Paul Craig,300,3
66785060ebaa2387,Decision - Unanimous,3,Cheick Kongo,Shawn Jordan,300,3
c8ec30a470f08748,Decision - Unanimous,3,Jerrod Sanders,Russell Doane,300,3
0f24f3bc1b39ea45,Decision - Split,5,Alexandre Pantoja,Brandon Moreno,300,5
5ad0a7ec5e99955b,Decision - Unanimous,3,Matt Brown,John Howard,300,3
f521ecde1e96a1bd,KO/TKO,1,Damon Jackson,Pat Sabatini,300,3
bfacb44c24bfe0e9,Decision - Unanimous,3,Brian Kelleher,Domingo Pilarte,300,3
15b62b191eb6dacf,Decision - Unanimous,3,Rousimar Palhares,Dan Miller,300,3
a5abdc461cb1538e,KO/TKO,1,Rodolfo Bellato,Luke Fernandez,300,3
9fe62ea683decc55,Decision - Majority,3,TIE,TIE,300,3
b60bbec8ec98941b,Decision - Split,3,Augusto Mendes,Frankie Saenz,300,3
cefb47bcc04f540e,Decision - Unanimous,3,Derrick Lewis,Ilir Latifi,300,3
2f0bfdc3c325662d,Decision - Unanimous,3,Kamaru Usman,Leon Edwards,300,3
919fb76d2f3e5827,Submission,2,Glover Teixeira,Jan Blachowicz,300,5
3e875e1625bbdfbd,Submission,1,Danny Roberts,Nathan Coy,300,3
0d1d7cfb2a48d5ec,KO/TKO,1,Dominick Reyes,Chris Weidman,300,5
44e4a1caae180261,Submission,1,Josh Koscheck,Pete Spratt,300,3
3d12c63c47828937,Decision - Split,3,Ji Yeon Kim,Melinda Fabian,300,3
57775c8af89007c7,Decision - Unanimous,3,Dricus Du Plessis,Brad Tavares,300,3
08244974cf39ae38,Decision - Unanimous,3,Bryce Mitchell,Charles Rosa,300,3
b07188063c49b755,Decision - Unanimous,3,Kai Kara-France,Mark De La Rosa,300,3
44a55ba1de2b30e2,Decision - Unanimous,3,Victor Henry,Raoni Barcelos,300,3
db8887f2085f7971,Decision - Unanimous,3,Guido Cannetti,Diego Rivas,300,3
c9144a294c73b06f,Submission,1,Allan Nascimento,Carlos Hernandez,300,3
0d077813b6164fe1,Decision - Unanimous,5,Kamaru Usman,Rafael Dos Anjos,300,5
7cfc8649d07b704c,KO/TKO,1,Evan Tanner,David Terrell,300,5
3a81276a9641c6a1,KO/TKO,2,Nicolas Dalby,Gabriel Bonfim,300,3
687b9b2c11667531,Decision - Unanimous,3,Nik Lentz,Manvel Gamburyan,300,3
7f47865cfb9b0d55,Decision - Unanimous,3,Ben Saunders,Dan Barrera,300,3
0bec32c32da199ed,Submission,1,Fabiano Iha,Laverne Clark,300,3
7503d5c892f238fb,KO/TKO,1,Yair Rodriguez,Brian Ortega,300,5
5c3325b7da3f7828,KO/TKO,1,Alistair Overeem,Brock Lesnar,300,5
d490c78bd5d0145a,Decision - Unanimous,3,Diego Sanchez,John Alessio,300,3
817c3b44517daa91,Decision - Split,3,Georges St-Pierre,BJ Penn,300,3
78afed76d0e9a639,Decision - Unanimous,5,Ciryl Gane,Alexander Volkov,300,5
889207e3c622a5aa,KO/TKO,2,Rob Font,Thomas Almeida,300,3
51b0cc51799e7d5d,Submission,2,Joe Stevenson,Gleison Tibau,300,3
467e08195b29e857,KO/TKO,1,Batgerel Danaa,Guido Cannetti,300,3
16243b1470887cb6,Submission,1,Andre Muniz,Eryk Anders,300,3
49d8fc8e4aee9b51,Decision - Unanimous,3,Tom Watson,Sam Alvey,300,3
dc2a3aeac1441991,KO/TKO,3,Jon Jones,Mauricio Rua,300,5
3b21a9f48bac4a44,KO/TKO,1,Josh Emmett,Bryce Mitchell,300,3
8b8f9485214f9e48,Decision - Majority,3,Dustin Poirier,Jim Miller,300,3
b39b8ff0d7de211a,KO/TKO,2,Jose Ochoa,Cody Durden,300,3
9a8fedc4fa968bbd,Decision - Unanimous,3,Zak Cummings,Yan Cabral,300,3
f846fd001397db45,TKO - Doctor's Stoppage,2,Melvin Guillard,Marcus Davis,300,3
65352221c0bfe52d,KO/TKO,3,Makhmud Muradov,Andrew Sanchez,300,3
c931097a857ed60c,Decision - Unanimous,3,Emily Whitmire,Jamie Moyle,300,3
677588ea237aa5c0,Decision - Unanimous,3,Colby Covington,Bryan Barberena,300,3
4ff0075d932d5b14,Decision - Unanimous,3,Viscardi Andrade,Gasan Umalatov,300,3
2b894d87ad9aae05,Submission,2,Andrea Lee,Antonina Shevchenko,300,3
fbf83609dc96f32e,KO/TKO,2,Randy Brown,Nicolas Dalby,300,3
48dd2c9cb39bd2d4,Decision - Split,3,Julia Polastri,Cory McKenna,300,3
671048cd1933855a,Decision - Majority,3,TIE,TIE,300,3
4186686dbd9957cd,Decision - Unanimous,3,Chris Weidman,Alessio Sakara,300,3
b1f2ec122beda7a5,KO/TKO,2,Alex Pereira,Jiri Prochazka,300,5
e0acd0cf4930671b,KO/TKO,2,Marwan Rahiki,Harry Hardwick,300,3
6ec0a046de95fe16,Decision - Unanimous,3,Brad Tavares,Elias Theodorou,300,3
a53b8686b748849f,Submission,2,Anderson Silva,Dan Henderson,300,5
2b95f2982b19518a,Decision - Unanimous,3,Kendall Grove,Ed Herman,300,3
a419e6df765aa755,KO/TKO,4,Stephen Thompson,Kevin Holland,300,5
5ff390f7bbf2bec8,Submission,3,Da Woon Jung,Khadis Ibragimov,300,3
dc4f7eaaa2c9d450,Decision - Unanimous,3,Johnny Case,Yan Cabral,300,3
8d2f3e0abb22689f,KO/TKO,2,Chris Weidman,Mark Munoz,300,5
4563e02bc4c1a1ef,Submission,2,Junior Assuncao,David Lee,300,3
fce6ab43b7d09aa4,KO/TKO,2,Jalin Turner,Jamie Mullarkey,300,3
f12126b5c49a318a,Submission,1,James Vick,Ramsey Nijem,300,3
1f299942446461e9,Submission,2,Eugene Jackson,Keith Rockel,300,3
288c942b0ad152a6,KO/TKO,1,Danny Roberts,Oliver Enkamp,300,3
eb7b0a6f06dbdb4f,KO/TKO,1,Nate Maness,Mateus Mendonca,300,3
c8998aa536614a5a,KO/TKO,2,Donald Cerrone,Jim Miller,300,5
8d5b88e0ff253617,Decision - Unanimous,3,Vitor Petrino,Anton Turkalj,300,3
b65d0243d397802c,Decision - Unanimous,3,Robert Whittaker,Rafael Natal,300,3
7070abfa26c079b8,Decision - Unanimous,3,Max Griffin,Carlos Condit,300,3
1cb0711cd49dd95e,KO/TKO,1,Junior Tafa,Kevin Christian,300,3
925a36a4af600291,Decision - Unanimous,3,Jack Hermansson,Chris Curtis,300,3
6b5fe10e6e7d160a,Decision - Split,3,Stevie Ray,Ross Pearson,300,3
758ec6b5d55c1b09,Submission,2,Philip De Fries,Oli Thompson,300,3
5136dc566f46daf6,KO/TKO,3,Chase Hooper,Felipe Colares,300,3
41be95916aef568f,Decision - Split,3,Sheymon Moraes,Julio Arce,300,3
7549887ba7ae86e6,Decision - Unanimous,3,Gunnar Nelson,Jorge Santiago,300,3
ad81be01a461c936,KO/TKO,2,Khalil Rountree Jr.,Modestas Bukauskas,300,3
e4849375d1949c74,Submission,1,Murtazali Magomedov,Melsik Baghdasaryan,300,3
3ab0d8b344d2ebea,Submission,2,Deiveson Figueiredo,Cody Garbrandt,300,3
41cdbcc0f3635b8f,Decision - Unanimous,3,Melquizael Costa,Christian Rodriguez,300,3
b9cd4910f0ecff45,KO/TKO,1,Aiemann Zahabi,Drako Rodriguez,300,3
dd617f6ab4916ec4,Decision - Unanimous,3,Giga Chikadze,Alex Caceres,300,3
a3a328ca117184df,KO/TKO,1,Mikey Burnett,Eugenio Tadeu,,
1ed8776f978a0155,KO/TKO,1,Ottman Azaitar,Khama Worthy,300,3
3e4b8bd71e8bceb2,Decision - Unanimous,3,Danny Chavez,TJ Brown,300,3
3636ca71c557c5e8,KO/TKO,1,Santiago Ponzinibbio,Andreas Stahl,300,3
a072481f307dc8aa,Decision - Unanimous,3,Devin Clark,Darko Stosic,300,3
5f5b626e67529056,Submission,2,Arman Tsarukyan,Dan Hooker,300,5
7679c5ee3514e119,KO/TKO,1,Gegard Mousasi,Thiago Santos,300,3
62048467be051636,Submission,1,Dustin Hazelett,Stevie Lynch,300,3
4de8b5898e1a23c8,KO/TKO,1,Colby Covington,Anying Wang,300,3
9713ba5e92ee4f5d,Submission,1,Don Frye,Gary Goodridge,,
a554a72bb0377213,KO/TKO,2,Arnold Allen,Calvin Kattar,300,5
6d32a829217cf2fa,Decision - Unanimous,3,Brandon Vera,Krzysztof Soszynski,300,3
8b3b38167060b1d7,Decision - Unanimous,3,Belal Muhammad,Stephen Thompson,300,3
04df2fbb108b23c1,Decision - Split,3,Constantinos Philippou,Jorge Rivera,300,3
1c50e43770ba84fc,KO/TKO,1,Casey O'Neill,Gabriella Fernandes,300,3
e0bdef2580715030,Decision - Unanimous,3,Dong Hyun Kim,Siyar Bahadurzada,300,3
07df55cb3cc0ec30,Submission,3,Reuben Duran,Francisco Rivera,300,3
d66a8591af39ca7b,Decision - Unanimous,3,Neil Magny,Li Jingliang,300,3
107079f548338ac3,Decision - Unanimous,3,Neil Magny,Tim Means,300,3
4c6030fafb46330f,KO/TKO,1,Anthony Perosh,Vinny Magalhaes,300,3
3e90b7fd1e9f86bd,Decision - Unanimous,3,Jamal Pogues,Josh Parisian,300,3
1800ffbb34ac7ed8,Decision - Unanimous,3,Ariane da Silva,Isabela de Padua,300,3
4aef975838bc19ec,Decision - Unanimous,2,Ben Earwood,Chris Lytle,300,2
db026ff6eee4d174,KO/TKO,1,Carlos Ulberg,Nicolae Negumereanu,300,3
2b5058614b56a898,Decision - Unanimous,3,Jared Rosholt,Walt Harris,300,3
2a7cf1a89de3709e,Submission,1,Myles Jury,Chris Saunders,300,3
497a87188392e057,Submission,1,Carlos Newton,Pete Spratt,300,3
53d6d5ad08ac0694,Decision - Unanimous,3,Veronica Hardy,Juliana Miller,300,3
28c6de749d0d0e9d,DQ,2,Ariane Carnelossi,Piera Rodriguez,300,3
1e12c4828d576b5c,Decision - Unanimous,3,Forrest Petz,Luigi Fioravanti,300,3
fb8e8d1a734b6fe8,Submission,1,Evan Tanner,Darrel Gholar,,
6102e7a6dcbc62f0,Submission,1,Michael Chiesa,Niko Price,300,3
d66164d2c770da68,Decision - Unanimous,3,Movsar Evloev,Hakeem Dawodu,300,3
451d7d8c2a6bacb3,KO/TKO,2,Jimi Manuwa,Ovince Saint Preux,300,3
588a39cab19065bc,Submission,1,Joe Soto,Marco Beltran,300,3
3adab28c5c6a9254,Decision - Unanimous,3,Kevin Jousset,Song Kenan,300,3
ddb927b0dfcfac2a,KO/TKO,2,Steve Garcia,Charlie Ontiveros,300,3
0f369d09416b9e34,Decision - Unanimous,3,Youssef Zalal,Jordan Griffin,300,3
6ff21ea2c75c48ed,KO/TKO,1,Ignacio Bahamondes,Christos Giagos,300,3
ed5383b50ffcdded,Decision - Split,3,Jean Matsumoto,Miles Johns,300,3
333c9e6f3cc8f91e,KO/TKO,1,Cain Velasquez,Jake O'Brien,300,3
4da34f2980b5c58d,KO/TKO,1,Eric Schafer,Antonio Mendes,300,3
c64537874352793a,KO/TKO,1,Felipe Silva,Shane Campbell,300,3
119bc264e2bb9877,Decision - Unanimous,3,Rodrigo Nascimento,Don'Tale Mayes,300,3
7045f8c1d5f6abff,Decision - Majority,3,Noad Lahat,Niklas Backstrom,300,3
a38010639e61885c,Submission,2,Sam Hughes,Shauna Bannon,300,3
fa2be4b37de934bf,Decision - Unanimous,3,Forrest Petz,Sammy Morgan,300,3
d5e3be7a07c48b08,Submission,1,Jake Matthews,Chidi Njokuani,300,3
32bd7ed48f5aea7e,Decision - Unanimous,3,Eryk Anders,Jamie Pickett,300,3
a200b5dcbdd2506e,KO/TKO,2,Ilia Topuria,Jai Herbert,300,3
4655930eb83446c7,Decision - Unanimous,3,TJ Grant,Carlo Prater,300,3
815fd4ebdc288e83,KO/TKO,3,Elizeu Zaleski dos Santos,Omari Akhmedov,300,3
6ea77cb62aa2f276,KO/TKO,1,Uros Medic,Tim Means,300,3
2e8217f029c25a3a,KO/TKO,1,Gleison Tibau,Caol Uno,300,3
d9a8d19107d2bd9e,KO/TKO,1,Tim Boetsch,David Heath,300,3
138cb102906573f2,KO/TKO,1,Josh Emmett,Mirsad Bektic,300,3
99bfad1679112591,Submission,1,Cynthia Calvillo,Poliana Botelho,300,3
ae38fb2a6b6a0cc1,KO/TKO,2,Manon Fiorot,Victoria Leonardo,300,3
a5a81a39ccf9b680,KO/TKO,1,Manel Kape,Brandon Royval,300,5
188537d906b30a7c,Submission,3,Murilo Bustamante,Matt Lindland,300,5
f063bcccbbb9edc5,Submission,1,Billy Elekana,Kevin Christian,300,3
cb7cfa8b9900878f,Decision - Split,3,Dan Henderson,Rich Franklin,300,3
bdcb43bf1daa790b,KO/TKO,3,Frankie Edgar,BJ Penn,300,5
4e75ed154de637e2,KO/TKO,2,Wesley Correira,Sean Alvarez,300,3
ffe629a5232a878b,Submission,1,Kimo Leopoldo,David Abbott,300,3
188e6416157e5a1f,Decision - Unanimous,3,Norma Dumont,Germaine de Randamie,300,3
edac9fd482177a64,KO/TKO,1,Max Griffin,Song Kenan,300,3
3352c65f3f6d9b2a,Decision - Split,3,Jack Della Maddalena,Bassil Hafez,300,3
df3b75809b7fe252,Submission,3,Mac Danzig,Mark Bocek,300,3
75e21e2f5f3be42e,Decision - Unanimous,5,Stephen Thompson,Rory MacDonald,300,5
ef2c7bfced561374,Decision - Unanimous,3,Alexander Hernandez,Olivier Aubin-Mercier,300,3
62e6eadbb2805760,Submission,1,Jimmy Flick,Cody Durden,300,3
4d3cd5ecf4276c92,KO/TKO,3,Sean O'Connell,Matt Van Buren,300,3
5a9804cad2335272,Submission,2,Yuta Sasaki,Willie Gates,300,3
f1cbd73e7be64d28,Decision - Unanimous,3,Chad Anheliger,Charalampos Grigoriou,300,3
2a48d0a98c21e736,Decision - Unanimous,3,Jacqueline Cavalcanti,Zarah Fairn,300,3
995e79b951da945b,KO/TKO,1,Ion Cutelaba,Tanner Boser,300,3
c16b1dc7577fc31c,Decision - Unanimous,3,Gasan Umalatov,Paulo Thiago,300,3
477c3b9de012e4b3,Decision - Unanimous,3,Farid Basharat,Taylor Lapilus,300,3
bb85e207eba236bc,Decision - Unanimous,3,Deiveson Figueiredo,Marlon Vera,300,3
9479ba3cdcb1e513,KO/TKO,1,Isaac Dulgarian,Francis Marshall,300,3
d15a87087b6f1452,KO/TKO,1,Dan Ige,Gavin Tucker,300,3
6cc8c21becd17ffa,Decision - Unanimous,3,Rich Attonito,Daniel Roberts,300,3
dcc3da324eb5f26c,Submission,2,Erin Blanchfield,Jessica Andrade,300,5
9861b6d04e6ed43c,Decision - Unanimous,3,Petr Yan,Song Yadong,300,3
7c2a02b5ea169b54,Decision - Unanimous,3,Brian Kelleher,Kevin Croom,300,3
86d57e8ef2191316,Decision - Split,3,Yohan Lainesse,Darian Weeks,300,3
fe6da751f2a4859a,KO/TKO,3,Joanne Wood,Valerie Letourneau,300,3
aeac1209f15157ed,Decision - Unanimous,3,Sage Northcutt,Thibault Gouti,300,3
9e47b2a66d0e9315,Decision - Unanimous,3,Yair Rodriguez,Leonardo Morales,300,3
59d44b6888885500,Submission,1,Umar Nurmagomedov,Brian Kelleher,300,3
23fd92555246d61e,Decision - Unanimous,3,Belal Muhammad,Curtis Millender,300,3
4b69545737f1902a,KO/TKO,2,Max Holloway,Will Chope,300,3
22e5596f75d9d8e7,KO/TKO,1,Misha Cirkunov,Daniel Jolly,300,3
53467e6296c2e5e6,Decision - Unanimous,3,Akira Corassani,Robert Peralta,300,3
699a70c8fb3c0273,KO/TKO,1,Jan Blachowicz,Ilir Latifi,300,3
19c8092496e94b85,Decision - Split,3,Rob Font,Jean Matsumoto,300,3
be69cbf1f1671c8e,KO/TKO,5,Rafael Fiziev,Rafael Dos Anjos,300,5
9a9b30b3165b62e4,KO/TKO,1,Mauricio Ruffy,Michael Chandler,300,3
07886c772e37d5de,KO/TKO,1,Nick Diaz,Koji Oishi,300,3
f8cceeabeb2afd4d,KO/TKO,3,Matt Brown,Erick Silva,300,5
940701effe1d2b6c,KO/TKO,3,Billy Quarantillo,Gabriel Benitez,300,3
f91709b071e8295a,KO/TKO,1,Abdul Razak Alhassan,Sabah Homasi,300,3
6d3655c731347f94,KO/TKO,3,John Makdessi,Kyle Watson,300,3
2de0acc04cba91d3,KO/TKO,1,Cheick Kongo,Christian Wellisch,300,3
7047b70f28c2d2fd,Submission,1,Tor Troeng,Adam Cella,300,3
b6082b551288aa5a,Submission,1,Rafael Dos Anjos,Neil Magny,300,3
220aa11288e919c6,Decision - Unanimous,3,Thiago Alves,Seth Baczynski,300,3
5c3c4bcc6c746ca0,Decision - Split,3,Sean O'Malley,Petr Yan,300,3
6f0231915cc28507,Decision - Unanimous,3,Aleksandre Topuria,Bekzat Almakhan,300,3
792f139c2b9fd294,Decision - Unanimous,3,Azamat Murzakanov,Dustin Jacoby,300,3
00be3852000f8fe9,KO/TKO,1,Jimi Manuwa,Corey Anderson,300,3
05ceb8b2f93993a6,Decision - Majority,3,Phil Hawes,Nassourdine Imavov,300,3
50eed57ea1390e16,Decision - Unanimous,3,Brendan Allen,Jacob Malkoun,300,3
caeeb398f73d213a,Submission,1,Serghei Spivac,Derrick Lewis,300,5
18edff5447989b3f,Decision - Unanimous,5,Petr Yan,Cory Sandhagen,300,5
8f8a6c578308d014,Decision - Split,3,Rogerio Bontorin,Magomed Bibulatov,300,3
226de3e7e71f2b4f,Decision - Split,3,TJ Grant,Ryo Chonan,300,3
82eb6fa58ae52428,Decision - Unanimous,3,Katlyn Cerminara,Joanne Wood,300,3
3dc1a6335d890650,Decision - Unanimous,3,Jesus Aguilar,Luis Gurule,300,3
1a113ac3255f3ac3,KO/TKO,1,Cung Le,Rich Franklin,300,5
ebb685a81f65ce1b,Submission,2,Markus Perez,Anthony Hernandez,300,3
37a7dc68f3a0e65d,KO/TKO,2,Thiago Santos,Jimi Manuwa,300,3
32b0e450b11b32fe,Decision - Unanimous,3,Movsar Evloev,Mike Grundy,300,3
59e653313c871c3f,KO/TKO,2,Antoni Hardonk,Mike Wessel,300,3
6cd107e2f5886b25,Decision - Unanimous,5,Randy Couture,Tito Ortiz,300,5
7df5998eca143c04,Decision - Unanimous,3,Angela Hill,Denise Gomes,300,3
c597fd8bb66d54d8,Decision - Unanimous,3,Marcin Prachnio,Khalil Rountree Jr.,300,3
6ce5d8041189d652,KO/TKO,3,Roger Huerta,Alberto Crane,300,3
b5365d22172e414b,KO/TKO,3,Aspen Ladd,Yana Santos,300,3
c2ee423d1f0b4f6f,Decision - Unanimous,3,Pedro Munhoz,Jimmie Rivera,300,3
07c2af68b6dbc4ec,Submission,1,Austin Bashi,John Yannis,300,3
fc0f12be6552bfe5,Decision - Unanimous,3,Amir Sadollah,Phil Baroni,300,3
96c2f85b46e98e91,Decision - Unanimous,3,Ozzy Diaz,Djorden Santos,300,3
47e8726b301f3f32,Submission,1,Efrain Escudero,Drew Dober,300,3
49ede01b061cfae3,Decision - Unanimous,3,Mohammed Usman,Jake Collier,300,3
f9d2137f380e66bf,KO/TKO,1,Justin Tafa,Austen Lane,300,3
e6d4fdad2b3422d1,Decision - Unanimous,5,Manon Fiorot,Erin Blanchfield,300,5
81af3b60203d92df,KO/TKO,3,Makhmud Muradov,Trevor Smith,300,3
9f69f6420f21080a,Decision - Unanimous,3,Donald Cerrone,Vagner Rocha,300,3
1765fc442ea03873,KO/TKO,1,Malcolm Gordon,Denys Bondar,300,3
83406cd29d3c2d0f,KO/TKO,2,Tim Credeur,Nate Loughran,300,3
2521234a4bf7c615,KO/TKO,2,Mike Malott,Charles Radtke,300,3
9cb78122a23e6a7d,Submission,1,Cody Brundage,Dalcha Lungiambula,300,3
72105dd82d964e7a,Submission,1,Mateusz Gamrot,Jeremy Stephens,300,3
d8945e21a63e2451,Decision - Split,3,Mackenzie Dern,Tecia Pennington,300,3
ba8b1ed5b05a719a,Submission,1,Sanae Kikuta,Eugene Jackson,300,3
eff9207427f0e02c,KO/TKO,1,Anderson Silva,Nate Marquardt,300,5
33719a2d9c69ed17,KO/TKO,3,Natalia Silva,Tereza Bleda,300,3
962e74250884e4c1,Submission,1,Rinat Fakhretdinov,Kevin Lee,300,3
f7865e5a6d009a87,KO/TKO,1,Jamahal Hill,Johnny Walker,300,5
e80a8338d86e730b,Decision - Unanimous,3,Aleksandra Albu,Kailin Curran,300,3
b2a91be41c3233cd,DQ,1,Carlo Prater,Erick Silva,300,3
95edc0b6438f2592,Decision - Unanimous,3,Renato Moicano,Calvin Kattar,300,3
dd0a3aedba5cee87,Decision - Unanimous,3,Aleksei Kunchenko,Thiago Alves,300,3
c26a094aa7ce817e,Submission,2,Renato Moicano,Tom Niinimaki,300,3
53d0df57a917c6a0,Decision - Unanimous,3,Jack Shore,Timur Valiev,300,3
7458a37feabf8788,KO/TKO,1,Mike Malott,Mickey Gall,300,3
295a0bf12a7373c0,KO/TKO,2,Gregor Gillespie,Diego Ferreira,300,3
2dfda46cbc17bc99,KO/TKO,1,Rich Franklin,Nate Quarry,300,5
512af32553d9bd70,Submission,1,Randy Brown,Alex Oliveira,300,3
fd47032108b85cf0,Decision - Unanimous,3,Fares Ziam,Michal Figlak,300,3
c0518d213b67e754,KO/TKO,2,Andrea Lee,Cynthia Calvillo,300,3
76ece0ee2ef5d240,Decision - Unanimous,3,Rafael Fiziev,King Green,300,3
eea06604a47ea9a8,Decision - Split,3,John Moraga,Dustin Ortiz,300,3
d44a814b106b94ff,Submission,1,David Dvorak,Juancamilo Ronderos,300,3
6eb382e2c51fc4f5,Submission,1,Jason Gonzalez,JC Cottrell,300,3
1a3572d1502efdf4,Submission,3,Ray Borg,Chris Kelades,300,3
582846744e379178,Submission,1,Tresean Gore,Antonio Trocoli,300,3
f0418c2c989a5cde,Decision - Split,3,Davey Grant,Grigory Popov,300,3
98842f17dfe4b4ef,Submission,2,Alex Caceres,SeungWoo Choi,300,3
50bdcb20286690ff,Submission,1,Vitor Belfort,Anthony Johnson,300,3
2a9755f4d43f3e2f,KO/TKO,1,Vladimir Matyushenko,Alexandre Ferreira,300,3
db49619221b282af,KO/TKO,1,Tom Aspinall,Sergei Pavlovich,300,5
a4daf2f24acdcd43,Decision - Unanimous,3,Stipe Miocic,Roy Nelson,300,3
35f9beb94b4ef9e2,Decision - Split,3,Ovince Saint Preux,Kennedy Nzechukwu,300,3
0d6d212fcdf47f2e,KO/TKO,2,Jonathan Martinez,Adrian Yanez,300,3
880f2bb0a639a5a0,Submission,2,Jan Blachowicz,Nikita Krylov,300,3
5cf56c22cbc24758,Decision - Split,3,Gian Villante,Francimar Barroso,300,3
36ec204f47e4d613,Submission,1,Myktybek Orolbai,Tofiq Musayev,300,3
e0d92694d8a2d38b,Decision - Unanimous,3,Khalil Rountree Jr.,Eryk Anders,300,3
7006a98fe9944571,Decision - Unanimous,3,Nina Nunes,Angela Hill,300,3
ce30634422a264f9,Decision - Unanimous,3,Dennis Bermudez,Steven Siler,300,3
f6fd50bf69bb59e6,Decision - Unanimous,3,Nathaniel Wood,Charles Rosa,300,3
c0329bd8d3b302c6,KO/TKO,1,Anthony Johnson,Glover Teixeira,300,3
523815acf1bb2420,Submission,2,Islam Makhachev,Charles Oliveira,300,5
be79dafe6c0b7671,Decision - Unanimous,3,Dennis Siver,Matt Wiman,300,3
47f8812a335b6ce9,Decision - Unanimous,3,Charlie Campbell,Trevor Peek,300,3
9f4bc2063685211c,KO/TKO,1,Alan Jouban,Richard Walsh,300,3
38dbb6f2e1456acd,KO/TKO,2,Josh Barnett,Randy Couture,300,5
94df6c8cd2256f54,Submission,2,Jon Fitch,Luigi Fioravanti,300,3
11774c581b818e30,Decision - Unanimous,3,Martin Kampmann,Paulo Thiago,300,3
bc63f1b2e52f603e,Decision - Unanimous,3,Drakkar Klose,Edson Barboza,300,3
ef4484943b1c68a9,Submission,1,Pat Sabatini,Jamall Emmers,300,3
6f62436ae042009b,Decision - Unanimous,5,Randy Couture,Pedro Rizzo,300,5
b152646345037056,KO/TKO,3,John Lineker,Brian Kelleher,300,3
8ea72cf82fac07f6,KO/TKO,1,Patrick Smith,Scott Morris,,
d1b2ce8ee57307c0,KO/TKO,3,Neil Magny,William Macario,300,3
ef80a6eea892c296,Decision - Unanimous,3,Jim Miller,Thiago Alves,300,3
a57969d4ba7d4a79,KO/TKO,1,Molly McCann,Hannah Goldy,300,3
2d42742aade53799,Decision - Unanimous,3,Raquel Pennington,Pannie Kianzad,300,3
0dff8509f6a861f1,KO/TKO,3,Lucas Martins,Alex White,300,3
d4d6c5ff6bef93ce,KO/TKO,1,Joe Duffy,Jake Lindsey,300,3
de1acb6803ab3f14,Decision - Split,3,Rinat Fakhretdinov,Nicolas Dalby,300,3
d480d01418ae0143,KO/TKO,1,Stefan Struve,Antonio Silva,300,3
3c00f34f20c8a189,Decision - Unanimous,3,Sergei Pavlovich,Jairzinho Rozenstruik,300,3
5d5abb5dade718de,KO/TKO,1,Drew Dober,Jason Gonzalez,300,3
84f6de7c99779e5f,KO/TKO,2,Tatsuro Taira,Carlos Hernandez,300,3
d421f3cd158fd055,Decision - Unanimous,3,Cody Durden,Jafel Filho,300,3
6f1892ed71d943d7,Decision - Unanimous,3,Tim Means,Laureano Staropoli,300,3
f8ee14dbf966b9e6,Submission,1,Charles Byrd,John Phillips,300,3
e5b2782426c8109c,Submission,1,Karo Parisyan,Dave Strasser,300,3
bfc321f0b0a7bf40,Decision - Unanimous,3,Ryan Bader,Anthony Perosh,300,3
4076a87092da5bfa,Submission,1,BJ Penn,Matt Hughes,300,5
dbf8a4b0870a47d1,KO/TKO,1,Cameron Saaiman,Terrence Mitchell,300,3
ed72edc2ce0f3c5f,Submission,2,Jordan Johnson,Adam Yandiev,300,3
f87a7812733f7e8f,Decision - Unanimous,3,Manel Kape,David Dvorak,300,3
f7bd56e197bab2a6,Submission,2,Russell Doane,Leandro Issa,300,3
559c0c3d752f327a,Decision - Unanimous,3,Jared Vanderaa,Justin Tafa,300,3
9039762cb9f4abdb,KO/TKO,1,Bruno Silva,Jordan Wright,300,3
90b36806779330b9,Decision - Unanimous,3,Phillip Miller,James Zikic,300,3
d89e004e3992c5a4,Decision - Unanimous,3,Jon Fitch,Ben Saunders,300,3
27593cd1cda3cc2f,KO/TKO,1,Brian Ebersole,Dennis Hallman,300,3
5a79d4b9a8f8352f,KO/TKO,3,Dominique Steele,Dong Hyun Ma,300,3
147d2ab0230af48d,Decision - Unanimous,3,Myles Jury,Ricky Glenn,300,3
6c9f4799990c3c33,Decision - Unanimous,3,Umar Nurmagomedov,Deiveson Figueiredo,300,3
4e22e3cdb8757be1,Submission,2,Gillian Robertson,Veronica Hardy,300,3
b568f3700aa2c1f7,KO/TKO,1,Mauricio Rua,James Te Huna,300,3
09da511e611b4eb1,Submission,1,Josh Barnett,Semmy Schilt,300,3
c64c2ca5d4d2c7b8,Submission,2,Tony Ferguson,Edson Barboza,300,3
323f543eb8abdb36,KO/TKO,1,Steve Jennum,Harold Howard,,
410e3163827d6d3b,Submission,2,Bryan Caraway,Erik Perez,300,3
03bc32bdb5a33496,Decision - Unanimous,5,Khalil Rountree Jr.,Jamahal Hill,300,5
a3f89ad71e1caa81,Decision - Unanimous,3,Joe Solecki,Matt Wiman,300,3
681d77e5d5c0f0ee,KO/TKO,1,Chris Clements,Vik Grujic,300,3
7c6ed5b3d830d0cb,Decision - Unanimous,3,Anthony Hernandez,Josh Fremd,300,3
55c257629ecea80f,Decision - Split,3,TIE,TIE,300,3
7aede55e4e47c698,Decision - Unanimous,3,Karl Roberson,Jack Marshman,300,3
648396cc751c730d,Decision - Majority,5,Conor McGregor,Nate Diaz,300,5
ee9e4f8523a484a6,KO/TKO,1,Cristiane Justino,Leslie Smith,300,3
f44b4e998b6829f6,Submission,2,Elijah Smith,SuYoung You,300,3
d2dc6fb05ad78d80,Decision - Unanimous,3,Yair Rodriguez,Jeremy Stephens,300,3
46c89e7e886cdc5b,Submission,1,Brad Scott,Michael Kuiper,300,3
6002c24f0b7f8cc7,Decision - Split,3,Michal Oleksiejczuk,Modestas Bukauskas,300,3
97770b38df67b276,Decision - Unanimous,3,Evan Elder,Gauge Young,300,3
3a4d2a933a3c7291,Decision - Majority,3,Dennis Siver,BJ Penn,300,3
ed3222701a8c0521,Decision - Unanimous,3,Tecia Pennington,Angela Magana,300,3
d38029cf47e54cf7,Decision - Unanimous,3,Joshua Van,Cody Durden,300,3
5b6bdaf89e493674,Decision - Unanimous,3,Waldo Cortes Acosta,Jared Vanderaa,300,3
7c2b219fe208c565,KO/TKO,2,Roxanne Modafferi,Barb Honchak,300,3
305d8c85b35a7d4e,Submission,1,Ramiz Brahimaj,Billy Ray Goff,300,3
5e2f2f5d9a756de9,Decision - Split,3,Sergio Pettis,Joseph Benavidez,300,3
23201d09a78d446d,KO/TKO,2,Timmy Cuamba,Roberto Romero,300,3
903552edaba48f4a,Decision - Unanimous,3,Josh Hokit,Curtis Blaydes,300,3
00fbeda449926c13,Decision - Unanimous,3,Phil Hawes,Kyle Daukaus,300,3
2d1f8ee74824f983,Submission,2,Olivier Aubin-Mercier,Jake Lindsey,300,3
0a2f344e419bd4fd,KO/TKO,2,Thiago Alves,Jordan Mein,300,3
03afd7b6a217aaac,TKO - Doctor's Stoppage,1,Sione Latu,Joey Roberts,,
0dade757305afebd,Submission,3,Yves Edwards,Rich Clementi,300,3
8ab4682a544f3c49,Decision - Unanimous,3,Brad Tavares,Robert McDaniel,300,3
89cc8f4a69e9ea0e,KO/TKO,2,Anderson Silva,Yushin Okami,300,5
6a4738656c493ee9,KO/TKO,1,Gregory Rodrigues,Brunno Ferreira,300,3
354425c41008a01f,Decision - Unanimous,3,Cynthia Calvillo,Cortney Casey,300,3
294a9e9780afa789,Decision - Unanimous,3,Diego Sanchez,Craig White,300,3
3ed2190f1d604432,Decision - Split,3,Chris Cariaso,Vaughan Lee,300,3
b8b692aa2aae3310,Decision - Unanimous,5,Cynthia Calvillo,Jessica Eye,300,5
241a307a9c3d9a21,Decision - Unanimous,3,Junior Dos Santos,Roy Nelson,300,3
bad06a5380d762b8,KO/TKO,2,Mairon Santos,Kaan Ofli,,
50385add37239184,Decision - Unanimous,3,Julio Arce,Dan Ige,300,3
9f6f356a56e4fe6f,Decision - Unanimous,3,Jason Brilz,Eric Schafer,300,3
a0ec4eac058e6050,Decision - Unanimous,3,Douglas Silva de Andrade,Marlon Vera,300,3
651bdd9e17a58c5d,Decision - Unanimous,3,Alistair Overeem,Frank Mir,300,3
206db35805bb83dc,Decision - Unanimous,5,Dan Henderson,Mauricio Rua,300,5
1dc29f4c6fcdd356,Decision - Unanimous,3,Payton Talbott,Henry Cejudo,300,3
e947baa4cad609d0,Decision - Unanimous,3,James Vick,Nick Hein,300,3
959fea398ffa5778,KO/TKO,3,Jiri Prochazka,Jamahal Hill,300,3
c1b59b145d064048,Decision - Unanimous,3,Mark Bocek,Doug Evans,300,3
1ccde17f48fb709e,KO/TKO,2,Danny Roberts,Bobby Nash,300,3
c245be6698c1e378,Submission,2,Donte Johnson,Sedriques Dumas,300,3
14cf0828d6e373ab,Decision - Unanimous,3,Beneil Dariush,Thiago Moises,300,3
5521b9bb8f220993,TKO - Doctor's Stoppage,2,David Loiseau,Evan Tanner,300,3
3bbc222130d9dac7,Decision - Split,3,Martin Buday,Andrei Arlovski,300,3
5b51610a9c8c88ef,Submission,3,Antonio Carlos Junior,Eddie Gordon,300,3
34d5ec676fb5bce3,KO/TKO,1,Rodrigo Vera,Zhu Kangjie,300,3
dbb5d682a2d7f584,Decision - Unanimous,3,Tagir Ulanbekov,Bruno Silva,300,3
cf6b9a001b0824de,Decision - Split,3,Daron Cruickshank,Yves Edwards,300,3
12b94f0229c30ead,Decision - Unanimous,5,Jose Aldo,Mark Hominick,300,5
e1c333892d395a35,KO/TKO,2,Corey Hill,Joe Veres,300,3
a83ebbf013905949,Decision - Unanimous,3,Marlon Vera,Davey Grant,300,3
d5149f02b1ee7dc6,Decision - Unanimous,3,Daniel Kelly,Steve Montgomery,300,3
97e895b7c2cb9db4,Decision - Unanimous,3,Rustam Khabilov,Chris Wade,300,3
4b12a4b48755cd6b,KO/TKO,3,Alexander Volkanovski,Yair Rodriguez,300,5
b4f88d65b47c2a39,Decision - Unanimous,3,Charles Jourdain,Andre Ewell,300,3
26582aa0b79d2f20,Submission,2,Yuta Sasaki,Jenel Lausa,300,3
a2e7273a95d5db4a,Submission,2,Paul Kelly,Matt Veach,300,3
301b145c186635de,KO/TKO,3,Frank Mir,Mirko Filipovic,300,3
a730a20ab0c61499,Decision - Unanimous,3,Darren Elkins,Zhang Tiequan,300,3
dbf1ee1a1912c735,KO/TKO,2,Navajo Stirling,Bruno Lopes,300,3
0a5d29e380f1e3e0,Submission,2,Kyle Noke,Rob Kimmons,300,3
7af407397532f7cf,KO/TKO,1,Jalin Turner,Edson Barboza,300,3
f1cb2e7ef096ec7c,KO/TKO,3,Tahir Abdullayev,Jefferson Nascimento,300,3
4664432c0d592411,KO/TKO,1,Albert Tumenov,Matt Dwyer,300,3
6ba485fc7b8f38ee,KO/TKO,2,Shawn Jordan,Oli Thompson,300,3
6aea6d3e6944999c,KO/TKO,1,Abdul Razak Alhassan,Sabah Homasi,300,3
50bf4bb2f8d9aba4,Decision - Unanimous,3,Sean Brady,Michael Chiesa,300,3
a77950d6a0a451f4,Decision - Unanimous,3,Justin Willis,James Mulheron,300,3
20f0129fc4861674,Decision - Unanimous,3,James Vick,Valmir Lazaro,300,3
112e6a0ddce893e6,Decision - Unanimous,3,Gavin Tucker,Sam Sicilia,300,3
3638ee66c7d34fe0,KO/TKO,3,Anthony Hernandez,Edmen Shahbazyan,300,3
1d43112d98de273a,Decision - Split,3,Evan Dunham,Gleison Tibau,300,3
cafb86764ea92268,Decision - Split,3,Dong Hyun Kim,Matt Brown,300,3
bfcabf1ab823942f,Submission,1,Nate Marquardt,James Te Huna,300,5
319d75c21fbb5d3f,Decision - Unanimous,3,Joe Lauzon,Mac Danzig,300,3
7206d0aa1d53e518,KO/TKO,1,Pablo Garza,Fredson Paixao,300,3
5931cd9cf5da5f75,KO/TKO,1,Roman Dolidze,Kevin Holland,300,3
fe0f1b418e6d3ecb,KO/TKO,2,Alessandro Costa,Kevin Borjas,300,3
857365273ed2f353,KO/TKO,2,Spencer Fisher,Matt Wiman,300,3
7fd0f7b3866b2c75,KO/TKO,3,Curtis Blaydes,Alistair Overeem,300,3
be4890f4aaadec28,Decision - Split,3,Mana Martinez,Guido Cannetti,300,3
6a35ff33b8597904,Decision - Unanimous,3,Farman Hasanov,Eric Nolan,300,3
d95eeba3de7ecac5,KO/TKO,3,Amir Albazi,Alessandro Costa,300,3
bdb62b661d033fe2,Submission,1,Mark Bocek,David Bielkheden,300,3
552973c278f08fbb,KO/TKO,1,BJ Penn,Matt Hughes,300,3
bce4808806f88c99,KO/TKO,3,Randy Couture,Pedro Rizzo,300,5
9e1ecdb9a8856a8c,Decision - Unanimous,3,Wellington Turman,Markus Perez,300,3
46c67efd68a0b15d,Decision - Unanimous,3,Dan Ige,Nate Landwehr,300,3
53febf2fb416f9de,Decision - Unanimous,3,Enrique Barzola,Brandon Davis,300,3
221cb15141299346,Submission,3,Kyung Ho Kang,Shunichi Shimizu,300,3
0b88d0c76f9cd7e4,KO/TKO,3,Derek Brunson,Edmen Shahbazyan,300,3
b5df5a0a0bda9256,KO/TKO,1,Tom Nolan,Victor Martinez,300,3
b1e66cea3a4d4709,Decision - Unanimous,3,Giga Chikadze,Irwin Rivera,300,3
a1b912fe361f75bc,Decision - Unanimous,3,Jeremy Stephens,Diego Saraiva,300,3
bda7992779a005fa,Submission,3,Carlston Harris,Jeremiah Wells,300,3
a1b035662f43aae2,Decision - Unanimous,3,Kyle Watson,Sako Chivitchian,300,3
85a130a4b655c8f5,Decision - Unanimous,3,Emily Ducote,Ashley Yoder,300,3
d6e240c47ba6034d,Decision - Unanimous,3,Muhammad Mokaev,Manel Kape,300,3
73dbbdfcf7f989c0,Decision - Unanimous,3,Jake Matthews,Diego Sanchez,300,3
8793208907eca67f,Decision - Split,5,John Lineker,John Dodson,300,5
2f91307892d163ce,KO/TKO,1,Adriano Martins,Juan Manuel Puig,300,3
4f4189009a190e35,Decision - Unanimous,5,Charles Oliveira,Michael Chandler,300,5
dd56acbfb08aa6b2,KO/TKO,1,Brendan Schaub,Chase Gormley,300,3
f0b151cc6c91b259,Decision - Unanimous,3,Rashid Magomedov,Gilbert Burns,300,3
148c26038e80465b,Decision - Unanimous,3,Raphael Assuncao,Rob Font,300,3
ed6a02c8dcc6f922,KO/TKO,1,Stefan Struve,Sean McCorkle,300,3
b88b170a7fe40544,KO/TKO,2,Angela Hill,Hannah Cifers,300,3
a602962f1dda3205,Decision - Unanimous,3,Phil Davis,Lyoto Machida,300,3
73d541adc2909dc8,Decision - Unanimous,3,Melsik Baghdasaryan,Bruno Souza,300,3
f0d839f6d712a233,Submission,1,Kelvin Gastelum,Brian Melancon,300,3
ad7bd4b3ee923498,KO/TKO,2,Muhammad Naimov,Jamie Mullarkey,300,3
fd2c018aade60a14,Submission,2,Nik Lentz,Will Brooks,300,3
e22a887ce4ab30eb,Decision - Unanimous,3,Brian Kelleher,Renan Barao,300,3
6299412d7bbfbce6,Submission,2,Gleison Tibau,Rafaello Oliveira,300,3
5f87dc7d18517d87,Submission,1,Glover Teixeira,James Te Huna,300,3
94371d1af8aab471,Decision - Split,3,Kevin Lee,Jesse Ronson,300,3
7e1ae27779ac6ba5,Decision - Unanimous,3,Corey Anderson,Jan Blachowicz,300,3
520de85f6d492264,KO/TKO,1,Vladimir Matyushenko,Jason Brilz,300,3
a4816be2c49e3942,Decision - Unanimous,3,David Michaud,Garett Whiteley,300,3
9d61012a6020516e,Decision - Split,5,Carla Esparza,Rose Namajunas,300,5
fd438db3e60f062a,KO/TKO,1,Dwight Grant,Carlo Pedersoli Jr.,300,3
0aae15358d8606b9,Decision - Unanimous,3,Jamie Mullarkey,John Makdessi,300,3
f77e3c681fe1b04e,Decision - Unanimous,3,Carla Esparza,Cynthia Calvillo,300,3
26e876df6d498657,KO/TKO,1,Tim Kennedy,Rafael Natal,300,5
e706a0fca8e82288,Decision - Unanimous,3,Elias Silverio,Joao Zeferino,300,3
4942323a5d5a6594,Decision - Unanimous,3,Nate Diaz,Michael Johnson,300,3
9ae6a6f0f0730fa1,Submission,3,Mirko Filipovic,Pat Barry,300,3
babfd62f1d4a43a8,Decision - Unanimous,3,Leandro Silva,Lewis Gonzalez,300,3
354a92ca4fd824a1,KO/TKO,2,Mark Munoz,Kendall Grove,300,3
24e14c4824144c64,KO/TKO,2,Jake Ellenberger,Mike Pyle,300,3
7bfb92f7ea59dbbd,Submission,1,Polyana Viana,Maia Stevenson,300,3
bd340a13bc3df8a1,KO/TKO,2,Matt Brown,Chris Cope,300,3
026bb9fd1b3f239d,Submission,3,Modestas Bukauskas,Marcin Prachnio,300,3
7410ac7e4e5acb74,Decision - Unanimous,3,Gilbert Burns,Gunnar Nelson,300,3
0dab467898de22c6,Decision - Unanimous,3,Kelvin Gastelum,Nicholas Musoke,300,3
164f56eb25d6a9b4,Submission,1,Charles Oliveira,Myles Jury,300,3
01c67a3990800dc3,Decision - Unanimous,3,Nordine Taleb,Vik Grujic,300,3
cb9654746447b934,Decision - Unanimous,5,Mackenzie Dern,Angela Hill,300,5
463fac0e48505b62,KO/TKO,1,Drew Dober,Terrance McKinney,300,3
78e554aa129711ba,Decision - Unanimous,3,Jake Collier,Marcel Fortuna,300,3
ed697b0ef9d455e4,KO/TKO,2,Eddie Wineland,Scott Jorgensen,300,3
ee1c1e9037fee21e,Decision - Unanimous,3,Michel Prazeres,Desmond Green,300,3
f63a647b74359194,KO/TKO,1,Darren Elkins,Duane Ludwig,300,3
efe985e626a0d8c0,Submission,1,Vicente Luque,Michael Chiesa,300,3
43fbc59edc7dfa9f,Submission,2,Luis Henrique,Dmitrii Smoliakov,300,3
4e58bcc0d27042fd,KO/TKO,2,Danny Silva,Kurtis Campbell,300,3
c2bcdcc472228768,Submission,2,Gilbert Burns,Mike Davis,300,3
e3ca9462ad0d7685,Decision - Split,3,Daniel Kelly,Rashad Evans,300,3
052f53e006b28132,KO/TKO,4,Nassourdine Imavov,Jared Cannonier,300,5
dd400f38c483f629,KO/TKO,1,Krzysztof Soszynski,Andre Gusmao,300,3
fdc97f9b88bdef7d,KO/TKO,2,Diego Ferreira,Kyle Nelson,300,3
0b5c7c95b0316276,Submission,2,Charles Oliveira,Jonathan Brookins,300,3
eb23f3574b656624,Decision - Unanimous,3,Frankie Edgar,Sean Sherk,300,3
dd47c3359dc1b7d0,Decision - Unanimous,3,Tyson Griffin,Gleison Tibau,300,3
abefaf1807941ee4,KO/TKO,1,Nikolay Veretennikov,Niko Price,300,3
ee57cbd0b68c689d,KO/TKO,2,Joaquin Buckley,Impa Kasanganay,300,3
8d9b460143ae19bc,KO/TKO,1,Cody Garbrandt,Thomas Almeida,300,5
b4d624bdc27dff83,Decision - Unanimous,3,George Sotiropoulos,Joe Stevenson,300,3
4f2501e804c84abe,Submission,2,Karolina Kowalkiewicz,Felice Herrig,300,3
c096342c57a6f2c4,KO/TKO,2,Trevin Jones,Mario Bautista,300,3
665a35fcac41d277,Decision - Unanimous,3,Stevie Ray,Mickael Lebout,300,3
420a5e3b4010ebef,Submission,2,Chase Hooper,Viacheslav Borshchev,300,3
7c0d0a28a8fba102,Decision - Split,3,Bryan Battle,Randy Brown,300,3
4a1f37200bc69376,Submission,1,Elvis Sinosic,Jeremy Horn,300,3
c86702c01c4cfee2,KO/TKO,1,Gray Maynard,Joe Veres,300,3
a2e1116a9fe84aa9,Submission,3,Nate Landwehr,Ludovit Klein,300,3
47bdfab3cdcdddfd,Decision - Unanimous,3,Maximo Blanco,Andy Ogle,300,3
84c510ab7e764598,Submission,2,Sam Hoger,Jeff Newton,300,3
b2717e8f7e7a196f,Decision - Unanimous,3,Matt Mitrione,Joey Beltran,300,3
e9658a79cfaafbb1,KO/TKO,2,Martin Kampmann,Alexandre Barros,300,3
b5274277ef6707c9,Submission,2,Cory McKenna,Miranda Granger,300,3
76e6177c401f2176,Submission,1,Kyle Noke,Chris Camozzi,300,3
363efd241750c23d,Decision - Unanimous,3,Hermes Franca,Richard Crunkilton,300,3
bc3323f172832a53,Decision - Unanimous,3,Pablo Garza,Mark Hominick,300,3
140e810f952714ea,KO/TKO,2,Chris de la Rocha,Rashad Coulter,300,3
e22d5aab3d099c7c,Decision - Unanimous,3,Nicolas Dalby,Daniel Rodriguez,300,3
c77486266b05f934,Decision - Unanimous,3,Ismail Naurdiev,Michel Prazeres,300,3
34a39beb93225e2e,Decision - Unanimous,3,Ricardo Lamas,Diego Sanchez,300,3
57385188587c83b9,Decision - Unanimous,5,Jon Jones,Daniel Cormier,300,5
42536a8cf2eda678,Decision - Unanimous,3,Diego Sanchez,Martin Kampmann,300,3
36895d9bbf5abc51,KO/TKO,2,Scott Smith,Pete Sell,300,3
6ae10aa4c6dc986d,Decision - Unanimous,3,Mike Russow,Justin McCully,300,3
b2d05ae88f820421,Submission,1,Beneil Dariush,Frank Camacho,300,3
eeb77732d7c3389a,Submission,2,Jon Fitch,Joshua Burkman,300,3
4618dcef2dc6250f,KO/TKO,2,Abel Trujillo,Roger Bowling,300,3
4218d1d1ce6d322c,KO/TKO,1,Quillan Salkilld,Anshul Jubli,300,3
6597b770486021b8,Decision - Unanimous,3,Lance Benoist,Bobby Voelker,300,3
ed6203e849a2bf28,Submission,2,Said Nurmagomedov,Saidyokub Kakhramonov,300,3
bc767f1eb6176dfb,KO/TKO,2,Thiago Santos,Anthony Smith,300,3
dffc65202afb881d,Decision - Unanimous,3,Luana Carolina,Ivana Petrovic,300,3
0fed8d8499eae01a,Decision - Majority,3,Daniel Omielanczuk,Aleksei Oleinik,300,3
635ef1f12a60e9d7,Decision - Unanimous,3,James Te Huna,Ryan Jimmo,300,3
acec5f4c6fee1ae2,KO/TKO,2,Jeff Molina,Daniel Lacerda,300,3
c598261fac8cf23a,Decision - Unanimous,3,Jon Fitch,Akihiro Gono,300,3
669e3927b38a36fb,Decision - Unanimous,3,Tyson Griffin,Thiago Tavares,300,3
79161bde28636128,Decision - Unanimous,3,Sara McMann,Lina Lansberg,300,3
4eda704823ccfb71,KO/TKO,1,Cody Donovan,Nick Penner,300,3
e6851877e33d343f,Decision - Unanimous,3,Sedriques Dumas,Denis Tiuliulin,300,3
de8e1dd07ad49c94,Decision - Unanimous,3,CB Dollaway,Jason Miller,300,3
ddb950831580a5fe,Decision - Unanimous,3,Sam Hoger,Bobby Southworth,300,3
70e49c90d012de66,Submission,3,Jake Matthews,Dashon Johnson,300,3
30553d630491094a,Decision - Unanimous,5,Tyron Woodley,Demian Maia,300,5
8c01b7dccc4d0926,KO/TKO,1,Sean O'Malley,Raulian Paiva,300,3
eb62bfcd3d96a182,KO/TKO,1,John Howard,Daniel Roberts,300,3
9bff9fe298e63357,Submission,2,Jacobe Smith,Niko Price,300,3
b3e520f1092401c1,Decision - Unanimous,3,Raphael Assuncao,Mike Easton,300,3
14e689e60419d469,Decision - Unanimous,3,Douglas Silva de Andrade,Cody Stamann,300,3
12e12307414dafc6,KO/TKO,1,Francis Ngannou,Curtis Blaydes,300,5
55eebc2ee92bf00a,Decision - Unanimous,3,Mauricio Ruffy,James Llontop,300,3
1c62a7444808d97f,KO/TKO,1,Priscila Cachoeira,Josiane Nunes,300,3
5e8c710f9f27aff8,Submission,2,Ronaldo Rodriguez,Denys Bondar,300,3
33e576af1d064e4e,Submission,1,Cole Miller,Junie Browning,300,3
d6b5a6ad27a730ae,Decision - Unanimous,3,Loma Lookboonmee,Sam Hughes,300,3
fe2acfdaaaec3dba,Decision - Unanimous,3,Melquizael Costa,Julian Erosa,300,3
feaffeb1af7e82ef,Decision - Unanimous,3,Michael Chiesa,Diego Sanchez,300,3
8aff100107d0ba11,KO/TKO,2,John Lineker,Azamat Gashimov,300,3
c335f44e4f3515ea,KO/TKO,2,Drew Dober,King Green,300,3
cfacff39c9f3b2f9,Decision - Unanimous,3,Spencer Fisher,Caol Uno,300,3
1bde9cb65d31cc76,KO/TKO,2,Darren Elkins,Darrick Minner,300,3
b2eccc1b75633d3d,Decision - Unanimous,3,George Sullivan,Dominic Waters,300,3
11d2b546c8533c0f,Decision - Unanimous,3,Vinc Pichel,Anthony Njokuani,300,3
b2c1f9bdd5d3073d,Decision - Unanimous,3,Kamaru Usman,Sean Strickland,300,3
f53573316a4f349f,Decision - Unanimous,5,Petr Yan,Deiveson Figueiredo,300,5
7401d0f8ededa102,Decision - Unanimous,5,Randy Couture,Tim Sylvia,300,5
39c16381a9722735,Decision - Unanimous,3,Jussier Formiga,Dustin Ortiz,300,3
b5268a0c2df32a24,KO/TKO,1,Gegard Mousasi,Uriah Hall,300,5
3636e085c098dbda,KO/TKO,1,Drew Dober,Joshua Burkman,300,3
37ae54e5a84fd646,KO/TKO,2,Robbie Lawler,Steve Berger,300,3
355a2f4090c0ca31,Decision - Unanimous,3,Sam Hughes,Jaqueline Amorim,300,3
f0b117394e52996b,KO/TKO,1,Ryan Jimmo,Sean O'Connell,300,3
87d0b767742d3239,Decision - Unanimous,3,Gavin Tucker,Billy Quarantillo,300,3
4738cd4cd8d33eeb,Decision - Unanimous,3,Joseph Benavidez,Dustin Ortiz,300,3
fcfd2e6eed519cb9,Submission,1,Jack Hermansson,Kelvin Gastelum,300,3
3dd2fde7bff79c51,KO/TKO,1,Daniil Donchenko,Rodrigo Sezinando,,
6d04fbef6b8e4551,KO/TKO,1,Robert Whittaker,Derek Brunson,300,5
d42410f6f1039ab5,KO/TKO,1,Chase Hooper,Daniel Teymur,300,3
17a8fbfbe8d32258,Submission,3,Nate Diaz,Marcus Davis,300,3
53fe9da9fb8d4f88,Submission,2,Beneil Dariush,Anthony Rocco Martin,300,3
a90fde18a088f99b,Submission,1,Wilson Reis,Scott Jorgensen,300,3
dd3d8f7066c145b7,Decision - Split,3,Jairzinho Rozenstruik,Tai Tuivasa,300,3
62b64802ea49e2fd,Submission,2,Joanderson Brito,Jonathan Pearce,300,3
4a29c1f671bd89cb,KO/TKO,1,Johny Hendricks,Martin Kampmann,300,3
92eb0a297c7ea197,Submission,2,Ketlen Vieira,Sara McMann,300,3
3c60884853766487,KO/TKO,2,Carlos Prates,Leon Edwards,300,3
63dd38f0dcc2ee88,KO/TKO,1,Drew Dober,Nasrat Haqparast,300,3
b23a1a5d35eb438a,Decision - Unanimous,3,Luana Santos,Karol Rosa,300,3
852442b380088fa5,KO/TKO,2,Tim Boetsch,Brad Tavares,300,3
2f4d42e0b9696f71,KO/TKO,1,Islam Makhachev,King Green,300,5
dc58af0c02a42743,Decision - Unanimous,3,Matt Wiman,Cole Miller,300,3
48cb604345f11766,KO/TKO,2,Cody Brundage,Andre Petroski,300,3
a3ee907c77544cde,KO/TKO,1,Carlos Ulberg,Dominick Reyes,300,5
7c3ad06a520b8716,Decision - Split,3,Maycee Barber,Miranda Maverick,300,3
e716f8079c60bc66,TKO - Doctor's Stoppage,2,Mirko Filipovic,Anthony Perosh,300,3
7aa7b0c5706a0492,KO/TKO,1,Junior Dos Santos,Gabriel Gonzaga,300,3
10cca6f437922b6c,KO/TKO,3,Randy Couture,Kevin Randleman,300,5
04f27a78e4ffce47,Submission,2,Olivier Aubin-Mercier,Drew Dober,300,3
bc6d70ab959dce70,KO/TKO,1,Ricky Simon,Javid Basharat,300,3
823e9449bd47e408,Decision - Unanimous,3,Vitor Belfort,Nate Marquardt,300,3
3c6659f1b09760ba,KO/TKO,1,Thomas Almeida,Anthony Birchak,300,3
39b79764bbac93cb,Decision - Unanimous,3,Jason Brilz,Tim Boetsch,300,3
f964d2dda87f25f0,Decision - Unanimous,3,Daniil Donchenko,Alex Morono,300,3
f8b6468621db85ca,Submission,1,Nate Loughran,Johnny Rees,300,3
33f0817701e49bf1,KO/TKO,1,James Te Huna,Aaron Rosa,300,3
d4eb3614c7734781,Decision - Unanimous,3,John Lineker,Marlon Vera,300,3
abd45edc07a8d9e3,Decision - Unanimous,3,Bryce Mitchell,Edson Barboza,300,3
f3ebaf9af44c1e6d,Submission,1,Diego Brandao,Pablo Garza,300,3
47a157222b2c9092,Submission,1,Ramiz Brahimaj,Sasha Palatnikov,300,3
df0d4130944776d9,Decision - Split,3,Michel Prazeres,Zak Cummings,300,3
99dc6d45cbdfa322,Decision - Unanimous,3,Virna Jandiroba,Loopy Godinez,300,3
87b6c507a7684ec2,Decision - Unanimous,3,Juliana Lima,JJ Aldrich,300,3
481aef2d2802ec68,Submission,1,Eric Spicely,Alessio Di Chirico,300,3
ae674ec42bd0a979,Decision - Unanimous,5,Forrest Griffin,Quinton Jackson,300,5
3feb2a8de9cf37da,Submission,1,Thales Leites,Drew McFedries,300,3
e3072951bb030826,Decision - Split,3,Cristiano Marcello,Reza Madadi,300,3
108140213049e629,Decision - Unanimous,3,Jim Miller,Gleison Tibau,300,3
41f186bffee2bb29,KO/TKO,2,Matt Mitrione,Christian Morecraft,300,3
95f136c07f9834be,KO/TKO,2,Paul Taylor,Gabe Ruediger,300,3
6e574bd614afffd9,Decision - Split,3,Leonard Garcia,Nam Phan,300,3
3cbbf947fd0d2144,KO/TKO,1,Stephen Thompson,Johny Hendricks,300,5
af6d56860ba4d259,KO/TKO,1,Randy Brown,Muslim Salikhov,300,3
6bdf0756fb57aced,KO/TKO,1,Cody Brundage,Julian Marquez,300,3
979538ff8ae1ccd5,Decision - Unanimous,3,Leon Edwards,Pawel Pawlak,300,3
5d72fa4562b13f7b,Submission,1,Ivan Salaverry,Joe Riggs,300,3
dcb27eef6441268c,Decision - Unanimous,3,Mairon Santos,Sodiq Yusuff,300,3
15c9cb5f9320c555,DQ,4,Aljamain Sterling,Petr Yan,300,5
7ca4c91bab696b89,TKO - Doctor's Stoppage,2,Renato Moicano,Benoit Saint Denis,300,5
8a39075a9ffaa971,Submission,2,Brad Scott,Dylan Andrews,300,3
e396c509fb47b037,Decision - Unanimous,3,MarQuel Mederos,Landon Quinones,300,3
79884c0df84662b9,KO/TKO,1,Mairbek Taisumov,Damir Hadzovic,300,3
74e92a66b29674a9,Submission,1,Ivan Menjivar,John Albert,300,3
dfbb110855354039,KO/TKO,1,Tyson Nam,Zarrukh Adashev,300,3
3f19bab8de698eb0,Decision - Unanimous,3,Donald Cerrone,KJ Noons,300,3
f0723cda67db3954,Decision - Split,3,Jamey-Lyn Horth,Ivana Petrovic,300,3
f046dfa306dc7acb,KO/TKO,3,Dennis Siver,Nate Mohr,300,3
f9373ab59b7a853b,KO/TKO,1,Timothy Johnson,Shamil Abdurakhimov,300,3
9b1e3d99fffb9c10,KO/TKO,1,Travis Browne,Brendan Schaub,300,3
a76e14495e61cf19,KO/TKO,1,Terrance McKinney,Kyle Nelson,300,3
94c0819fde11364d,Decision - Unanimous,3,Devin Clark,Dequan Townsend,300,3
97b7638c592a95a9,Decision - Split,3,Desmond Green,Josh Emmett,300,3
bec3154a11df3299,KO/TKO,2,Ilia Topuria,Alexander Volkanovski,300,5
96f51af6a93b94c6,Decision - Unanimous,3,Dong Hyun Kim,Amir Sadollah,300,3
2571e91b263df9fb,Decision - Unanimous,3,Alvin Robinson,Jorge Gurgel,300,3
f37d18b5c35145bf,KO/TKO,3,Yoel Romero,Chris Weidman,300,3
ca2b48fd007126e0,Decision - Unanimous,3,Khabib Nurmagomedov,Pat Healy,300,3
43e8fcd8e4d015fb,Submission,2,Wilson Gouveia,Ryan Jensen,300,3
b7d238437d6644ce,Decision - Unanimous,3,Miranda Maverick,Andrea Lee,300,3
19348172178f42ed,Submission,1,Rani Yahya,Henry Briones,300,3
85e79748b75eb30e,KO/TKO,2,Nassourdine Imavov,Israel Adesanya,300,5
4cd909fa0d3e0483,Submission,2,Pete Spratt,Jeremy Jackson,300,3
e7a915f39ecf6db0,KO/TKO,1,Jessica Andrade,Katlyn Cerminara,300,3
6275b448b6c35f1f,Decision - Split,3,Jim Miller,Danny Castillo,300,3
793432d042384a02,KO/TKO,1,Nate Quarry,Jason MacDonald,300,3
a4527094aa107b55,Decision - Unanimous,3,Movsar Evloev,Enrique Barzola,300,3
7d9bb6fda0ea1ee0,Decision - Unanimous,3,Bassil Hafez,Mickey Gall,300,3
54437b8dba3a6110,KO/TKO,1,Jacobe Smith,Josiah Harrell,300,3
f7e5e9fdcbff28b3,Submission,1,Daniel Roberts,Mike Guymon,300,3
4277b02a4dadac40,Decision - Unanimous,3,Melissa Martinez,Alice Ardelean,300,3
0ea435ddf02deb60,KO/TKO,1,Islam Makhachev,Alexander Volkanovski,300,5
1c6d3ef6beb9966e,KO/TKO,2,Elizeu Zaleski dos Santos,Luigi Vendramini,300,3
0bb419537705fb04,Decision - Unanimous,3,Lina Lansberg,Lucie Pudilova,300,3
49458279eafdaf94,Decision - Unanimous,5,Quinton Jackson,Dan Henderson,300,5
453118d7f05be814,Decision - Unanimous,3,Pat Miletich,Jorge Patino,,
8d986c9ee38daf19,Submission,3,Kenny Florian,Takanori Gomi,300,3
5a8c92dfbb16d26f,Decision - Unanimous,3,Matthew Riddle,Dan Cramer,300,3
57415110bd494c79,Decision - Unanimous,3,Themba Gorimbo,Niko Price,300,3
2707dc2245335cc1,Decision - Unanimous,3,Yana Santos,Miesha Tate,300,3
ebf7cea27b83c432,KO/TKO,3,Ilia Topuria,Max Holloway,300,5
821a1c6f5d7fab14,Decision - Unanimous,3,Krzysztof Jotko,Eryk Anders,300,3
e4931f3ab3bf4141,KO/TKO,1,Alex Pereira,Jamahal Hill,300,5
336670b46f343d65,Decision - Unanimous,3,Tim Elliott,Louis Gaudinot,300,3
594ce25b9e16c7ba,Decision - Split,3,Valerie Letourneau,Elizabeth Phillips,300,3
f7ffa11d592f4092,Decision - Unanimous,3,Guido Cannetti,Hugo Viana,300,3
607d22f0b3db4f1f,KO/TKO,3,Sean Strickland,Alex Garcia,300,3
d99b2abf50e9a03e,Submission,2,Macy Chiasson,Pannie Kianzad,,
ec1bda9a4c2aab42,Submission,1,Kazushi Sakuraba,Marcus Silveira,,
7ca8095148c23b71,Submission,1,Jason Lambert,Rob MacDonald,300,3
b376a6fb0ca4862e,Submission,1,Yoshiyuki Yoshida,War Machine,300,3
8238f9d2fd961757,Decision - Unanimous,5,Stipe Miocic,Francis Ngannou,300,5
7ffd80b65b0ff942,Submission,5,Miesha Tate,Holly Holm,300,5
291d91378a96d1e8,Decision - Unanimous,3,Ben Nguyen,Geane Herrera,300,3
9f6a7aee1fce539a,Decision - Unanimous,2,Scott Ferrozzo,David Abbott,,
c00a8682fb5b71bd,KO/TKO,2,Kyler Phillips,Cameron Else,300,3
23e03d226eb7af80,Decision - Split,3,Danny Roberts,David Zawada,300,3
3b89556b3f177b7b,Submission,1,Jussier Formiga,Yuta Sasaki,300,3
4b7ec02b39fc6f70,KO/TKO,1,Derrick Lewis,Chris Daukaus,300,5
dde7d29cc443e263,Decision - Unanimous,5,Jamahal Hill,Glover Teixeira,300,5
76d490a8bb168c78,Decision - Unanimous,3,Cheick Kongo,Mirko Filipovic,300,3
fcfaa28ed6888088,KO/TKO,1,Francis Ngannou,Jairzinho Rozenstruik,300,3
9b0de83b4e504bf6,Decision - Unanimous,3,Marvin Vettori,Cezar Ferreira,300,3
7fd810af30144119,Submission,2,Khamzat Chimaev,John Phillips,300,3
579f0be80b359d8b,Decision - Unanimous,3,Heath Herring,Brad Imes,300,3
d5778494ce663d7f,KO/TKO,1,Sheldon Westcott,Edgar Garcia,300,3
83da743f6dda7dcc,Submission,3,Julianna Pena,Sara McMann,300,3
2dbf9d8d6915711e,Decision - Unanimous,3,Muhammad Mokaev,Charles Johnson,300,3
f0b83b05f3dd9580,KO/TKO,3,Miesha Tate,Marion Reneau,300,3
d0797451df1de80f,Decision - Unanimous,3,Patrick Cote,Bobby Voelker,300,3
d14f98b24691d082,Decision - Unanimous,3,Raoni Barcelos,Payton Talbott,300,3
cd137988da724076,Submission,1,Benoit Saint Denis,Ismael Bonfim,300,3
6be073563a421bca,Decision - Unanimous,3,Teruto Ishihara,Rolando Dy,300,3
8295c37ad4b6187e,KO/TKO,1,Jason Saggo,Justin Salas,300,3
63e4cd10ed47f1a8,Decision - Split,3,Milana Dudieva,Elizabeth Phillips,300,3
3fc9fea36fc7ec37,KO/TKO,2,Nate Marquardt,CB Dollaway,300,3
4f672dd40867d8c6,Submission,1,Jack Della Maddalena,Randy Brown,300,3
ebefe958473b3843,KO/TKO,2,Punahele Soriano,Dalcha Lungiambula,300,3
fe52c91f751e8db6,Decision - Majority,5,TIE,TIE,300,5
d4ace70b3661ee6c,Submission,1,Molly McCann,Diana Belbita,300,3
00731068c3195f7f,KO/TKO,1,Ramsey Nijem,CJ Keith,300,3
0836a9bdd8942bb3,Decision - Unanimous,3,Ian McCall,Brad Pickett,300,3
f1613b372748c8bb,Submission,1,Jaqueline Amorim,Vanessa Demopoulos,300,3
fef29aa73bd5b907,KO/TKO,2,Charles Oliveira,Michael Chandler,300,5
4fc128b1bdf088b1,Decision - Unanimous,3,Jack Shore,Liudvik Sholinian,300,3
9fc6aba53508dc48,Decision - Unanimous,3,Elizeu Zaleski dos Santos,Aleksei Kunchenko,300,3
6387fdb44c61ccdb,Decision - Unanimous,3,Paul Felder,Joshua Burkman,300,3
dd875196c446fdf0,Decision - Unanimous,3,Dong Hyun Kim,Paulo Thiago,300,3
315b6e91a0239148,Submission,3,Colby Covington,Jonathan Meunier,300,3
cd54325a9a538837,KO/TKO,1,Niko Price,Alan Jouban,300,3
f434775e97920d95,KO/TKO,1,Nate Quarry,Lodune Sincaid,300,3
5a65ffe3842ce2f2,Decision - Split,3,Eddie Wineland,Brad Pickett,300,3
3f837b469ba33c7c,Decision - Unanimous,3,Zac Pauga,Jordan Wright,300,3
53d2d2de5c4cccf2,KO/TKO,3,Johnny Case,Frankie Perez,300,3
30b33d032605c885,Submission,3,Randy Brown,Erick Montano,300,3
8348ff428d1687ab,Submission,1,Pablo Garza,Yves Jabouin,300,3
01a4827b3596d111,Submission,3,Khabib Nurmagomedov,Dustin Poirier,300,5
467d2dc6a71e1b00,Decision - Unanimous,3,John Makdessi,Sam Stout,300,3
59097097bc09cdef,Decision - Split,3,Thiago Alves,Max Griffin,300,3
a65cf6951e097273,Decision - Unanimous,3,Rafael Dos Anjos,Mark Bocek,300,3
5f9d5ebe5ec28753,Decision - Unanimous,3,Jeremy Horn,Trevor Prangley,300,3
8c2e4d3cc4b9e93a,Decision - Unanimous,3,Kelvin Gastelum,Johny Hendricks,300,3
e4420b9812501c17,Decision - Unanimous,3,Matthew Riddle,Steve Bruno,300,3
96404a3b32791c8d,KO/TKO,3,Donald Cerrone,Matt Brown,300,3
372a0456aa4ff6cf,Submission,3,Bryan Caraway,Johnny Bedford,300,3
d38cd293a0c3fdfd,Decision - Unanimous,3,Jack Hermansson,Scott Askham,300,3
88f36fa2945ccac5,Decision - Unanimous,3,Warlley Alves,Salim Touahri,300,3
f4e262b04f4e94bd,Decision - Split,3,TIE,TIE,300,3
70d69cf33984d7d1,Decision - Split,3,Joanna Jedrzejczyk,Claudia Gadelha,300,3
f187c7ec92f43828,KO/TKO,1,Marcin Tybura,Walt Harris,300,3
ef12d2aaaadaf6d0,KO/TKO,1,Azamat Murzakanov,Aleksandar Rakic,300,3
53ee6c3591483193,Submission,1,Fabricio Werdum,Walt Harris,300,3
24393bea0c4cf49a,KO/TKO,1,Conor McGregor,Marcus Brimage,300,3
447462bc8e540f10,Submission,1,Makwan Amirkhani,Masio Fullen,300,3
b52dccbe69864d2a,KO/TKO,1,Francisco Prado,Ottman Azaitar,300,3
4912788e449ce79a,Decision - Unanimous,3,Alexis Davis,Rosi Sexton,300,3
2d12ae4683bbf433,KO/TKO,1,Dominick Reyes,Dustin Jacoby,300,3
a8bc6e005077bb0b,KO/TKO,4,Jamahal Hill,Thiago Santos,300,5
1a5171802bf3bce6,Decision - Unanimous,3,Maurice Smith,Mark Coleman,,
93026443e5140415,Decision - Unanimous,3,Parker Porter,Alan Baudot,300,3
462a95890423d3c6,Decision - Unanimous,3,Chas Skelly,Jordan Griffin,300,3
f734b497add754af,Decision - Unanimous,3,Andre Petroski,Dylan Budka,300,3
c5d5fcf290cc029e,Submission,1,Ramiz Brahimaj,Micheal Gillmore,300,3
b03109dd04b2fa60,KO/TKO,2,Nick Diaz,Gleison Tibau,300,3
98411542ca0e847d,Submission,1,Jalin Turner,Brad Riddell,300,3
4e8b2357fea211e9,Submission,1,Marlon Moraes,Raphael Assuncao,300,5
68b141785f76575b,KO/TKO,1,Robbie Lawler,Tiki Ghosn,300,3
eb1b371dfc37fcdb,KO/TKO,1,Cain Velasquez,Brad Morris,300,3
cb56e868deaddac4,Decision - Split,3,Lauren Murphy,Andrea Lee,300,3
c22d25f1febd8d09,Submission,1,Thiago Tavares,Pat Audinwood,300,3
37ae5c09d6f03f33,Submission,2,Rodolfo Vieira,Cody Brundage,300,3
7ad09f889d2cdb6f,Submission,3,Sean Brady,Jake Matthews,300,3
f825e17e7a1332cd,Decision - Majority,3,TIE,TIE,300,3
2d24929eaadf0351,Decision - Unanimous,3,Paddy Holohan,Shane Howell,300,3
5e80048e6a5681b8,KO/TKO,1,BJ Penn,Din Thomas,300,3
50e675146cda6e7c,KO/TKO,3,Zak Cummings,Ed Herman,300,3
50ef636148fa6fac,KO/TKO,1,Amanda Lemos,Livinha Souza,300,3
f0b42c9e55025ad3,Submission,1,Frank Mir,Brock Lesnar,300,3
4705a4db0bf1edcd,Decision - Unanimous,3,Forrest Griffin,Stephan Bonnar,300,3
933cf2674503c63d,Submission,1,Davi Ramos,John Gunther,300,3
b5d5b8e06ccb70a3,Decision - Unanimous,3,Niko Price,Alex Morono,300,3
85dcf9425d3c4e56,Decision - Unanimous,3,Alexander Yakovlev,Gray Maynard,300,3
265dbd9be8caa7de,Decision - Unanimous,3,Kaue Fernandes,Guram Kutateladze,300,3
cff0abc02974fb4a,KO/TKO,1,Michael Aswell Jr.,Lucas Almeida,300,3
fa0d393a452c0809,KO/TKO,1,Todd Duffee,Tim Hague,300,3
2ad291d61792fd7d,KO/TKO,1,Tom Breese,Cathal Pendred,300,3
785dd27b03946f95,Decision - Split,3,Chris Kelades,Chris Beal,300,3
1ac61e415deca2fe,Decision - Unanimous,3,Michael Bisping,Alan Belcher,300,3
bc86601cf781a89c,Decision - Unanimous,3,Dustin Jacoby,Maxim Grishin,300,3
0731a4519d64df6d,Submission,1,Chris Leben,Edwin DeWees,300,3
9687021e5c4d092a,Decision - Unanimous,3,Tony Gravely,Saimon Oliveira,300,3
6ecfa439ef900bcc,KO/TKO,1,Marc-Andre Barriault,Bruno Silva,300,3
f0a9dfbb6f6ac852,Submission,1,Michel Pereira,Michal Oleksiejczuk,300,3
cb510afff3dafdab,Decision - Unanimous,3,John Hathaway,Paul Taylor,300,3
9af62d6e404c1002,Decision - Unanimous,3,Diego Ferreira,Rustam Khabilov,300,3
cb7616f92a9a4e5b,KO/TKO,1,Rafael Fiziev,Renato Moicano,300,3
c996b2ff10a915b1,KO/TKO,3,Mark Hunt,Stefan Struve,300,3
f085f32bbb3220e1,KO/TKO,2,Chris Daukaus,Shamil Abdurakhimov,300,3
9efa4de316b8bf43,Decision - Unanimous,3,Shane Collins,Otari Tanzilovi,300,3
0b98d84a2795f7f8,KO/TKO,2,Mairbek Taisumov,Alan Patrick,300,3
9bec9d2d0dd1d7f7,Decision - Unanimous,3,Rick Story,Brian Ebersole,300,3
a851348faa460c2d,Decision - Unanimous,3,Ali Bagautinov,John Lineker,300,3
537c77f3b75a75ae,Decision - Unanimous,3,Cub Swanson,Tatsuya Kawajiri,300,3
e97e71a593e4c28d,KO/TKO,1,Terrance McKinney,Damir Hadzovic,300,3
96d4fe315722d1c1,Decision - Unanimous,3,Raphael Assuncao,Victor Henry,300,3
965989097794b22b,Decision - Split,3,Diego Nunes,Mike Brown,300,3
7ac4b9823b1e139b,Decision - Unanimous,3,David Teymur,Lando Vannata,300,3
fb1f1b0c9ef454dc,Submission,3,Dan Christison,Brad Imes,300,3
3b7b771b9578383d,Decision - Unanimous,3,Gillian Robertson,Amanda Lemos,300,3
40d31c37e00d6d0b,Decision - Majority,3,Renato Sobral,Maurice Smith,300,3
8b296724a6844865,KO/TKO,2,Mateusz Rebecki,Loik Radzhabov,300,3
9f96d11017f9c824,KO/TKO,2,Daniel Cormier,Volkan Oezdemir,300,5
794b63b4c1e1e789,Decision - Split,3,Brad Scott,Scott Askham,300,3
dc93921bd9342341,KO/TKO,2,Kelvin Gastelum,Nate Marquardt,300,3
57961c6adebfb13d,KO/TKO,1,Justin Tafa,Juan Adams,300,3
296cc69bcc3c1635,Decision - Split,3,Keita Nakamura,Alex Morono,300,3
8252a314c778b8e6,Decision - Split,3,Mana Martinez,Brandon Davis,300,3
f870cacadb058733,Decision - Split,3,Derrick Lewis,Blagoy Ivanov,300,3
2ae33fce63a75df9,Decision - Unanimous,3,Rafael Estevam,Jesus Aguilar,300,3
c576e311ea337a32,KO/TKO,1,Rob Font,George Roop,300,3
8133b11f2b7ad634,KO/TKO,1,Josh Koscheck,Matt Hughes,300,3
3b6dfd089301d16e,Decision - Unanimous,3,Tecia Pennington,Angela Hill,300,3
c699c0e56664ff11,Decision - Unanimous,3,John Lineker,Ian McCall,300,3
0f9be7ac405772f8,KO/TKO,5,Petr Yan,Jose Aldo,300,5
5c8d9d893d163d51,Decision - Split,3,Irwin Rivera,Ali AlQaisi,300,3
58b19ba734fe93a3,Decision - Unanimous,3,Magomed Ankalaev,Volkan Oezdemir,300,3
0a5a021cb11299bf,Decision - Unanimous,3,Maximo Blanco,Sam Sicilia,300,3
2ac3ce1f62b3c4b9,Decision - Unanimous,3,Merab Dvalishvili,Jose Aldo,300,3
77992b8727382373,Decision - Unanimous,3,Chris Weidman,Bruno Silva,300,3
0a7517a16d2d9db6,Decision - Unanimous,3,Zak Cummings,Alessio Di Chirico,300,3
738e0ccad2c9224b,Decision - Unanimous,3,Irene Aldana,Talita Bernardo,300,3
962aab0abdd34173,Decision - Split,3,Song Yadong,Casey Kenney,300,3
159646a9d2ae8ea5,Submission,1,Makwan Amirkhani,Danny Henry,300,3
c959b92fb36220a3,Decision - Unanimous,3,Davey Grant,Marlon Vera,300,3
ea60fdcfd423a15e,Decision - Split,3,Francisco Trinaldo,Jesse Ronson,300,3
1332c1037c955d82,Submission,2,Toshiomi Kazama,Charalampos Grigoriou,300,3
8456a02bd3621837,KO/TKO,1,Glover Teixeira,Ryan Bader,300,5
73f6b72b4889088f,KO/TKO,1,Matthew Semelsberger,Martin Sano,300,3
e8adfbbe0053c321,Decision - Split,3,JJ Aldrich,Cortney Casey,300,3
af3e43049bc86fe9,Decision - Unanimous,3,Joshua Van,Rei Tsuruya,300,3
fc29884851f9cebb,KO/TKO,1,Rose Namajunas,Joanna Jedrzejczyk,300,5
e7081f3a0a982f9d,KO/TKO,1,Derrick Lewis,Guto Inocente,300,3
37ff18106c6e38fc,Submission,1,Livinha Souza,Alex Chambers,300,3
be2e28ba3bdeb400,Decision - Split,3,Lando Vannata,Mike Grundy,300,3
c4eaeec8ac778b27,KO/TKO,1,Irene Aldana,Ketlen Vieira,300,3
fb4b1754d510b0d0,Submission,2,Mario Bautista,Vinicius Oliveira,300,5
d9f5d05b07bae09e,Submission,2,Gillian Robertson,Mariya Agapova,300,3
f25d324841223f26,Decision - Unanimous,3,John Hathaway,Rick Story,300,3
a526a72ade275f46,KO/TKO,1,Zhang Mingyang,Anthony Smith,300,3
857e8facd8ff7c36,Decision - Split,3,Eric McConico,Cody Brundage,300,3
8784ae31153178cd,Decision - Unanimous,3,Marcin Tybura,Stefan Struve,300,3
f0d86420d88ca27b,Decision - Unanimous,3,Thiago Alves,John Howard,300,3
32990cbf8976d94b,Decision - Split,3,Mirsad Bektic,Ricardo Lamas,300,3
1452c20d964c0a63,KO/TKO,1,Taiyilake Nueraji,Kiefer Crosbie,300,3
019b88d4ac875ae4,KO/TKO,1,Iuri Alcantara,Iliarde Santos,300,3
65c1ca715dfdbe05,Decision - Unanimous,3,Davi Ramos,Austin Hubbard,300,3
ebb012c5f3fd0cbb,Decision - Unanimous,3,Gregory Rodrigues,Roman Kopylov,300,3
db68ff7bf2487971,Decision - Unanimous,3,Sam Stout,Per Eklund,300,3
776a8a645868f616,Submission,2,Thales Leites,Tim Boetsch,300,3
a949b05c64e43131,Decision - Unanimous,2,Phil Baroni,Curtis Stout,300,2
4cffb137402f7bb0,Decision - Split,3,Jorge Rivera,Nissen Osterneck,300,3
42a7d576dc207e63,KO/TKO,2,Jim Miller,Steve Lopez,300,3
72656e864ca1c972,KO/TKO,1,Dominick Cruz,Takeya Mizugaki,300,3
de2ced807ed3eb0b,KO/TKO,1,Don Frye,Mark Hall,,
04a788abbbd1f256,Decision - Unanimous,3,Aleksandar Rakic,Thiago Santos,300,3
3fad8fd8b6e4465d,KO/TKO,2,Mark Munoz,Chris Leben,300,5
c2cdeb207cce5ceb,Decision - Split,3,Joshua Van,Zhalgas Zhumagulov,300,3
4bf6b6904ec94421,Submission,1,Teemu Packalen,Thibault Gouti,300,3
d6d141afdd31c3f1,Submission,2,JunYong Park,Joseph Holmes,300,3
c634ed84212723ca,KO/TKO,3,Marlon Vera,Frankie Edgar,300,3
b166f1582946fbbc,KO/TKO,3,Damir Hadzovic,Marcin Held,300,3
20628fd4e19a97e4,Decision - Majority,3,Chris Tuchscherer,Tim Hague,300,3
9eb1ce435cc1536e,Decision - Unanimous,3,Adlan Amagov,Chris Spang,300,3
40781a64c4cea877,Submission,1,Clayton Carpenter,Juancamilo Ronderos,300,3
992e84bf59837e21,Submission,1,Marc-Andre Barriault,Jordan Wright,300,3
a941c4e25ddddfff,Decision - Split,3,William Gomis,Francis Marshall,300,3
ddd63237f1b857a6,Decision - Unanimous,5,Marvin Vettori,Kevin Holland,300,5
9b39e15b42422a08,Submission,1,Jim Miller,Roosevelt Roberts,300,3
538ca98010ed00ec,KO/TKO,1,Diego Lopes,Sodiq Yusuff,300,3
291bebbbf4f9128f,Decision - Split,3,Rodrigo Damm,Mizuto Hirota,300,3
5e6a74db89f5410c,KO/TKO,2,Luke Riley,Bogdan Grad,300,3
840863604b38a33f,Decision - Unanimous,3,Rob Emerson,Phillipe Nover,300,3
15def71ff1679e06,Decision - Unanimous,3,Taila Santos,Molly McCann,300,3
3e2bde19e752f64b,Submission,1,Paddy Pimblett,King Green,300,3
03ba4f9ba7c934ad,Decision - Split,3,Sara McMann,Lauren Murphy,300,3
f9ab966e63968c15,KO/TKO,1,Chidi Njokuani,Marc-Andre Barriault,300,3
cb76509b5c2f2a90,KO/TKO,2,David Teymur,Jason Novelli,300,3
e5872dfa5b93fcbb,Decision - Unanimous,3,Rafael Fiziev,Marc Diakiese,300,3
00720c46f864fe03,Decision - Split,3,Joe Lauzon,Marcin Held,300,3
bda97d9a44a89d52,Submission,2,Glover Teixeira,Ion Cutelaba,300,3
bd52e19f2fbefdde,KO/TKO,2,Joanna Jedrzejczyk,Carla Esparza,300,5
32f2965b4f4c4ebf,KO/TKO,2,Melissa Mullins,Klaudia Sygula,300,3
33cc40fc1da409d3,Decision - Unanimous,3,Gloria de Paula,Diana Belbita,300,3
ce7cd2ec773bea7f,Decision - Split,3,Muslim Salikhov,Elizeu Zaleski dos Santos,300,3
e9bc416752cadd29,KO/TKO,1,Omari Akhmedov,Thiago Perpetuo,300,3
e314474cb6a7a65c,Decision - Unanimous,3,Vladimir Matyushenko,Igor Pokrajac,300,3
dbca9f6bb7290c0d,Decision - Split,3,Krzysztof Jotko,Marc-Andre Barriault,300,3
0e30b22cd0987640,KO/TKO,2,Tony Fryklund,Rodrigo Ruas,300,3
8a6ecf3dc2b17c19,KO/TKO,1,Vitor Miranda,Jake Collier,300,3
b7799cdf8a6470ea,Decision - Unanimous,3,Philip De Fries,Rob Broughton,300,3
044d210d7b1eb519,KO/TKO,2,Serghei Spivac,Augusto Sakai,300,3
46c74829fb4c2dd5,Submission,3,Court McGee,Ryan Jensen,300,3
0c9faf26efe2cdcc,Decision - Unanimous,3,Angela Hill,Emily Ducote,300,3
8cf571afc2618df4,Decision - Unanimous,3,Liz Carmouche,Lauren Murphy,300,3
13d8d5cd83e5b57e,Decision - Split,3,Tabatha Ricci,Tecia Pennington,300,3
9fa6a029f7f8241c,KO/TKO,1,Lerone Murphy,Aaron Pico,300,3
8abe79e6d300b639,KO/TKO,1,Chan Sung Jung,Mark Hominick,300,3
34c39a5a5917e0ec,Submission,2,Cyril Asker,Hu Yaozong,300,3
3e6babcbd7b9d364,Decision - Unanimous,3,Thiago Santos,Elias Theodorou,300,3
f507b715628d7bcb,KO/TKO,3,Chuck Liddell,Tito Ortiz,300,5
f08ccad48500eb2b,Decision - Unanimous,3,Carla Esparza,Virna Jandiroba,300,3
34524408fb4d6752,KO/TKO,3,Mauricio Rua,Gian Villante,300,3
4b5f9b7c31d1205d,Decision - Unanimous,3,Ion Cutelaba,Devin Clark,300,3
12d2b282561b5e5f,Decision - Unanimous,3,Austin Lingo,Luis Saldana,300,3
71348fd10e392dac,Decision - Unanimous,3,Kalib Starnes,Chris Leben,300,3
e7ad1c3a763c7cae,Decision - Unanimous,3,Patrick Cummins,Jan Blachowicz,300,3
d101d2ed58a7cf84,Decision - Unanimous,3,Artem Lobov,Chris Avila,300,3
8afe89f5c451b372,KO/TKO,1,Carlos Prates,Charles Radtke,300,3
c9283da5f4d7aaf4,Decision - Unanimous,3,Tim Means,Nicolas Dalby,300,3
f11ca082c924464c,KO/TKO,2,Andre Fili,Jeremy Larsen,300,3
61bedad39b15db7a,Decision - Unanimous,5,Michael Chiesa,Neil Magny,300,5
a18edcb638ba7e39,Submission,1,Charles Jourdain,Davey Grant,300,3
25da52bc590ef664,KO/TKO,1,David Onama,Gabriel Benitez,300,3
533984c3ff4b4858,Decision - Split,3,Lerone Murphy,Gabriel Santos,300,3
dc28c6e66f333d2a,KO/TKO,1,Erik Koch,Rafaello Oliveira,300,3
163fbb2185730846,KO/TKO,2,Anthony Smith,Elvis Mutapcic,300,3
9fe98de1eac21f2e,KO/TKO,1,Benoit Saint Denis,Matt Frevola,300,3
1298d89922befa8c,Submission,1,Stefan Struve,Chase Gormley,300,3
2a493f15e079a7ff,KO/TKO,1,Jose Delgado,Connor Matthews,300,3
e8f499827178a321,Decision - Split,3,Ben Saunders,Kenny Robertson,300,3
0c6055509d98ed06,KO/TKO,1,Ben Saunders,Marcus Davis,300,3
bb9c60bc6924f373,Submission,1,Ben Saunders,Chris Heatherly,300,3
d65da3a3bc675449,Decision - Unanimous,3,Lara Procopio,Molly McCann,300,3
0d395cb5d91f811f,Submission,1,Mike Ciesnolevicz,Neil Grove,300,3
16de071ad45cd350,KO/TKO,2,Jon Fitch,Thiago Alves,300,3
e05a18b6ce22fa1f,Decision - Majority,3,TIE,TIE,300,3
17be6e24dafd31e0,KO/TKO,3,Lance Gibson,Jermaine Andre,300,3
66eee2320e900a8a,Decision - Unanimous,3,Cortney Casey,Liana Jojua,300,3
ae50a1a655b1a8f6,KO/TKO,1,Michael Morales,Neil Magny,300,3
22fe6779c3fa649d,Decision - Unanimous,3,Ilia Topuria,Youssef Zalal,300,3
0f53eb509d0ffeb9,Decision - Unanimous,3,Natalia Silva,Alexa Grasso,300,3
e5a88d0e816fd0f1,KO/TKO,1,Glover Teixeira,Rashad Evans,300,5
eb5cd79e00dd5cd2,Decision - Split,3,Eddie Yagin,Mark Hominick,300,3
74d0da1f9df17b9e,Submission,1,Fabiano Iha,Phil Johns,300,3
87cc38e9d565f819,Decision - Split,3,Johny Hendricks,Mike Pierce,300,3
22dd728012944f0a,Decision - Unanimous,3,Mitch Raposo,Azat Maksum,300,3
4c9cb823fd7e3e2c,Submission,2,Phil Davis,Wagner Prado,300,3
6e4acb2aaa2cee56,Decision - Unanimous,3,Yazmin Jauregui,Sam Hughes,300,3
1676c64a94be0557,Decision - Unanimous,3,Diana Belbita,Maria Oliveira,300,3
ac73c6888ee9322c,Submission,1,Farid Basharat,Kleydson Rodrigues,300,3
0e71e69359db4d1e,Submission,2,Nora Cornolle,Hailey Cowan,300,3
4661e9ca9354021e,Decision - Unanimous,3,Dione Barbosa,Ernesta Kareckaite,300,3
1c29c53ff032c5c1,KO/TKO,3,William Gomis,Yanis Ghemmouri,300,3
3932f8e9a74f3d11,Other,2,TIE,TIE,,
de1a3734be60e6a1,KO/TKO,2,Diego Lopes,Jean Silva,300,5
d036a7aeab47cf8c,Decision - Unanimous,3,Jorge Gurgel,John Halverson,300,3
2d1c4027b8e50a0d,Decision - Unanimous,3,Chuck Liddell,Vitor Belfort,300,3
f4ea27d942a390a5,DQ,2,Andre Lima,Igor Severino,300,3
84c5035830ebb421,Decision - Unanimous,5,Jose Aldo,Frankie Edgar,300,5
23dbe713c4294c66,KO/TKO,1,Ante Delija,Marcin Tybura,300,3
fd3e8f61d8fda839,Decision - Split,3,TIE,TIE,300,3
80e68a6453e15ab9,KO/TKO,2,Takashi Sato,Ben Saunders,300,3
283c0b3b7e425252,KO/TKO,1,Thiago Santos,Ronny Markes,300,3
3b0258eb19d66f8f,Submission,1,Chris Lytle,Brian Foster,300,3
8af511cc6e6a9678,Submission,4,Jon Jones,Vitor Belfort,300,5
bd5edc0bfa0db8c8,Decision - Unanimous,3,Lyoto Machida,Tito Ortiz,300,3
7c20284c4c2dc9d3,Decision - Split,3,Brad Pickett,Francisco Rivera,300,3
48c6c45d9628bb79,Decision - Majority,3,Aaron Rosa,Matt Lucas,300,3
2bfb60face19904d,KO/TKO,2,Fabio Maldonado,Hans Stringer,300,3
00959e29e4a10e26,KO/TKO,1,Kai Asakura,Cameron Smotherman,300,3
faca931257ad2e92,KO/TKO,1,Brian Melancon,Seth Baczynski,300,3
66f7bb31d24b3b36,Decision - Unanimous,3,Orion Cosce,Blood Diamond,300,3
abfb3ed6dcb0e1f0,KO/TKO,1,Josh Hokit,Denzel Freeman,300,3
52bc6927e80aca5d,Submission,1,Jessica Andrade,Joanne Wood,300,3
5574c020655b435e,Submission,2,Aljamain Sterling,Johnny Eduardo,300,3
1cbb930fb77a3781,KO/TKO,3,Marco Polo Reyes,Dong Hyun Ma,300,3
f27bf6f21410547f,Decision - Unanimous,3,Brad Blackburn,Ryo Chonan,300,3
7dcd5d8a44a284e5,Submission,1,Alex Perez,Jordan Espinosa,300,3
89266a872e1f92d9,Decision - Unanimous,3,Muslim Salikhov,Laureano Staropoli,300,3
4a172a5191cb8e60,KO/TKO,1,Kevin Holland,Jacare Souza,300,3
43ec12079ccc371c,Decision - Unanimous,3,Jamall Emmers,Khusein Askhabov,300,3
ec916b9f67175633,KO/TKO,1,Chuck Liddell,Renato Sobral,300,5
d2b5ce5548b71668,Decision - Unanimous,3,Anthony Rocco Martin,Keita Nakamura,300,3
451525a1abe30a91,Decision - Unanimous,3,Jessica Andrade,Angela Hill,300,3
6a61d45818534b19,Decision - Unanimous,3,Aaron Riley,Shane Nelson,300,3
5519d7fe2cee8353,Decision - Split,3,Marlon Moraes,John Dodson,300,3
c299ca1bc07857d5,KO/TKO,1,Rory MacDonald,Mike Pyle,300,3
b6ea8880cc7af439,Decision - Split,3,Dan Hooker,Jalin Turner,300,3
148f5128a45e9212,KO/TKO,2,Georges St-Pierre,Matt Hughes,300,5
2a2b00e9bfd089cc,KO/TKO,1,Sergei Pavlovich,Marcelo Golm,300,3
778d3f5c4bcc2927,TKO - Doctor's Stoppage,2,Glover Teixeira,Fabio Maldonado,300,3
a6441acec6718f03,Decision - Unanimous,3,Youssef Zalal,Austin Lingo,300,3
c26f27667c230391,Decision - Split,3,Danny Silva,Josh Culibao,300,3
ebf204638524c377,KO/TKO,1,Karlos Vemola,Seth Petruzelli,300,3
25747d81ae5c6564,Submission,2,Evan Elder,Darrius Flowers,300,3
821c27f0dbb27e86,Submission,1,Kenny Florian,Joe Stevenson,300,3
3729ff914eaede07,Submission,1,Shane Burgos,Kurt Holobaugh,300,3
47230f9b5d7ae037,Decision - Unanimous,3,Parker Porter,Chase Sherman,300,3
ba5e8c30d41559fd,KO/TKO,1,Jonathan Wiezorek,Wade Shipp,300,3
622cada31f247f9a,Submission,1,Josh Koscheck,Ansar Chalangov,300,3
b229ee2997b70d16,KO/TKO,1,TJ Dillashaw,Hugo Viana,300,3
8fb0092430448368,Decision - Split,3,Ian Machado Garry,Geoff Neal,300,3
aaf45b095452be23,Decision - Unanimous,3,Amir Albazi,Zhalgas Zhumagulov,300,3
ccdd6c7577927a8c,KO/TKO,1,Anderson Silva,Chris Leben,300,3
0047f8aadca1936f,Decision - Unanimous,3,Jacob Malkoun,Torrez Finney,300,3
d52a5d085bfa569b,Decision - Split,3,Tyron Woodley,Kelvin Gastelum,300,3
9caaca5748ea9086,KO/TKO,1,Yves Edwards,Jeremy Stephens,300,3
6abf4f61a1e11d34,Decision - Split,3,Leah Letson,Julija Stoliarenko,300,3
5086f9fb4fdc2f60,Submission,2,Bryan Battle,Gilbert Urbina,,
fd292c2a587bb2f5,Decision - Split,3,Mark Munoz,Nick Catone,300,3
344bfe9c1ff511bb,Decision - Split,3,Jake Matthews,Bojan Velickovic,300,3
45e6a9b56ee3a9d1,Decision - Unanimous,3,Nathaniel Wood,Daniel Pineda,300,3
d2ef04d5f384c05a,Submission,1,Roosevelt Roberts,Darrell Horcher,300,3
b03b58b04dafa93a,Submission,1,Mark Coleman,Julian Sanchez,,
3d6571790c21527c,Decision - Unanimous,3,Julius Walker,Rafael Cerqueira,300,3
51696044aafb2037,Submission,1,Christian Wellisch,Scott Junk,300,3
4e224ebb6394611d,KO/TKO,2,Gabriel Bonfim,Randy Brown,300,5
a0cae57eae875820,KO/TKO,2,Alex Perez,Matheus Nicolau,300,5
c2fd3d874f558408,Decision - Unanimous,3,Antonina Shevchenko,Ji Yeon Kim,300,3
edc87836fd998929,KO/TKO,1,Germaine de Randamie,Aspen Ladd,300,5
064404b0aaf6f95d,Decision - Split,3,Yancy Medeiros,John Makdessi,300,3
26d75187369ecf2c,Decision - Unanimous,3,Sean Brady,Court McGee,300,3
fd61b04ee64f7f20,KO/TKO,1,Josh Koscheck,Frank Trigg,300,3
1992dcae0699200e,Submission,1,Dan Miller,Rob Kimmons,300,3
56b57d076f874eb0,Decision - Split,3,Kelvin Gastelum,Rick Story,300,3
452a9728317893d7,KO/TKO,2,Johnny Bedford,Marcos Vinicius,300,3
484c48d3723e72cd,Decision - Unanimous,3,Li Jingliang,Daichi Abe,300,3
fd4d30036a3f3efb,Decision - Unanimous,3,Mario Bautista,Da'Mon Blackshear,300,3
ee2354d638c078fd,Decision - Unanimous,3,Loik Radzhabov,Esteban Ribovics,300,3
2f379b530fefb7ea,Decision - Unanimous,5,Tim Sylvia,Jeff Monson,300,5
85c7a0f44aa3e10a,KO/TKO,2,Gokhan Saricam,Tanner Boser,300,3
41622791b276ad9e,KO/TKO,3,Marc-Andre Barriault,Abu Azaitar,300,3
115fa6f5f3e51bbb,KO/TKO,3,Julio Arce,Julian Erosa,300,3
478bc7d1288e043e,KO/TKO,3,Kennedy Nzechukwu,Karl Roberson,300,3
c74b03337a8441ed,Submission,3,Claudio Puelles,Chris Gruetzemacher,300,3
e4628e64a2ef7100,Decision - Majority,3,Matt Lindland,Phil Baroni,300,3
2a930e2d7e1f87a9,Decision - Unanimous,3,Marcus McGhee,Jonathan Martinez,300,3
1109a8f2adc81ce0,Decision - Split,3,Charles Rosa,Kevin Aguilar,300,3
ec659c4e19f62700,KO/TKO,1,Matt Dwyer,William Macario,300,3
d9501c6985c1b38d,Submission,2,Billy Quarantillo,Jacob Kilburn,300,3
204fe39cf94f45dc,Submission,2,Ben Saunders,Ryan Thomas,300,3
bef4df43d6052a02,Decision - Split,3,TIE,TIE,300,3
071a1cd551b7b4d5,KO/TKO,2,Danny Roberts,Zelim Imadaev,300,3
4cc9ef5e68009fd4,Submission,1,Anthony Rocco Martin,Fabricio Camoes,300,3
1b4d5dbf5f663a97,Decision - Split,3,Carlos Felipe,Jake Collier,300,3
72bb7605e340a8fe,KO/TKO,2,Da'Mon Blackshear,Luan Lacerda,300,3
d8189169b2c8a2aa,Decision - Unanimous,3,Nick Maximov,Cody Brundage,300,3
2ec12d4bbc0752db,KO/TKO,2,Gilbert Burns,Jason Saggo,300,3
6dd0874dec826397,Decision - Unanimous,3,Aljamain Sterling,Brett Johns,300,3
48292a027df02443,Submission,1,Alonzo Menifield,Fabio Cherant,300,3
20ba608a6e717f05,Submission,1,Herbert Burns,Evan Dunham,300,3
4caa0dcdaa253612,Submission,1,Luis Pena,Richie Smullen,300,3
54845ec0646a9bee,Decision - Unanimous,3,Igor Araujo,Danny Mitchell,300,3
4e7c06f8b2b8c24b,KO/TKO,1,Edson Barboza,Evan Dunham,300,3
57b986d06bde71c2,KO/TKO,5,Stipe Miocic,Mark Hunt,300,5
c715c165cb3469d2,Submission,1,Rousimar Palhares,Mike Massenzio,300,3
4918b7e3600f67a1,Decision - Unanimous,3,Yushin Okami,Dean Lister,300,3
1158a27a1a04b971,Submission,1,King Green,Jeremy Stephens,300,3
582806c33ce6dcf6,KO/TKO,2,David Onama,Gabriel Santos,300,3
92de601366ced6dc,KO/TKO,2,BJ Penn,Paul Creighton,300,3
657fd7ab7bdf9f15,Decision - Split,3,Elizeu Zaleski dos Santos,Lyman Good,300,3
424221c96ee13ceb,Decision - Unanimous,3,Daniel Cormier,Anderson Silva,300,3
526790a5b3c4b5a2,KO/TKO,3,Constantinos Philippou,Tim Boetsch,300,3
84efac79989f4d0a,KO/TKO,1,Anderson Silva,Rich Franklin,300,5
03377f7bf8a2d5ff,KO/TKO,2,Mario Pinto,Jhonata Diniz,300,3
14850f48b2bede47,Decision - Unanimous,3,Alessio Sakara,Elvis Sinosic,300,3
b9d5c77ae7a8109b,Decision - Unanimous,3,Casey O'Neill,Luana Santos,300,3
31535a79c5959be8,KO/TKO,1,Tamdan McCrory,Ryan Madigan,300,3
0165bd3c26f0c076,Decision - Split,3,Carlos Felipe,Justin Tafa,300,3
490724f8b3658f67,KO/TKO,1,Justin Gaethje,Donald Cerrone,300,5
bb6eacc986791dcd,KO/TKO,1,Chris Lytle,Kyle Bradley,300,3
f286aad7b3558b21,Decision - Split,3,Kelvin Gastelum,Uriah Hall,300,3
464133df9ca19865,Decision - Unanimous,3,Alan Jouban,Matt Dwyer,300,3
6ae96d1de3bb0506,Decision - Unanimous,3,James Vick,Francisco Trinaldo,300,3
f368475c366c6d85,Decision - Unanimous,3,Steve Garcia,Calvin Kattar,300,3
68b3222e977a6a11,Decision - Split,3,Duane Ludwig,Nick Osipczak,300,3
33065e87a42a74a2,Submission,2,Anderson Silva,Travis Lutter,300,3
7521015554088962,KO/TKO,3,Cub Swanson,Billy Quarantillo,300,3
8d634c9240f161dd,Decision - Unanimous,3,Austin Hubbard,Dakota Bush,300,3
4560734220b96851,KO/TKO,1,Paul Craig,Jamahal Hill,300,3
a6fbd8964400dd89,Decision - Unanimous,3,Jordan Mein,Erick Silva,300,3
9d5f562e0572058c,KO/TKO,1,Volkan Oezdemir,Johnny Walker,300,3
49c0071ae52fc83a,Decision - Unanimous,3,William Macario,Bobby Voelker,300,3
db43605f10bd67b4,Decision - Unanimous,3,Court McGee,Josh Neer,300,3
a3820f1eb82f2ba6,Decision - Split,3,Mauricio Rua,Rogerio Nogueira,300,3
bab948352454f302,Decision - Unanimous,3,Derek Brunson,Chris Leben,300,3
aa11f2375ee2118f,Decision - Unanimous,5,Lyoto Machida,Gegard Mousasi,300,5
f00921c62315be96,Decision - Unanimous,3,Belal Muhammad,Lyman Good,300,3
5c73e0013b859664,Decision - Split,3,Lawrence Lui,Sulangrangbo,,
5d7c91acbcddda2f,Submission,1,Gegard Mousasi,Mark Munoz,300,5
830e59a396dddec3,Decision - Unanimous,3,Jake O'Brien,Heath Herring,300,3
cd5d9828b278181a,Decision - Unanimous,3,Da Woon Jung,William Knight,300,3
503a9ac5679c9cf7,Submission,3,Scott Holtzman,Anthony Christodoulou,300,3
f2cd665eab69876a,Decision - Unanimous,3,Alex Caceres,Chase Hooper,300,3
0e6782b758451063,Decision - Unanimous,3,Jarno Errens,Steven Nguyen,300,3
fee873593f588437,KO/TKO,1,Sage Northcutt,Francisco Trevino,300,3
5e07077e84fc45cd,Decision - Split,3,Nordine Taleb,Li Jingliang,300,3
eedc7fccf7037949,Submission,1,Chris Duncan,Bolaji Oki,300,3
05d2534e0f2d5042,Submission,3,Paige VanZant,Alex Chambers,300,3
d078e9046aa86307,Decision - Unanimous,3,Wang Cong,Ariane da Silva,300,3
de65739f00350c58,Decision - Unanimous,3,Rory MacDonald,Tyron Woodley,300,3
abd50fad1e7b030b,KO/TKO,1,Priscila Cachoeira,Ariane da Silva,300,3
e8219ea7da46f67f,KO/TKO,2,Deiveson Figueiredo,Joseph Benavidez,300,5
1db00b3e736c22bf,Decision - Unanimous,3,Liz Carmouche,Lucie Pudilova,300,3
9b4bff38430a01eb,KO/TKO,1,Anthony Pettis,Joe Lauzon,300,3
a3731057c8775716,Submission,3,Matt Sayles,Kyle Nelson,300,3
f7ae397fefa57c70,Decision - Split,3,Darrell Horcher,Devin Powell,300,3
aa92030dfd8b5d40,Decision - Unanimous,3,Leslie Smith,Rin Nakai,300,3
aa1db19806dfd62e,KO/TKO,1,Seth Baczynski,Simeon Thoresen,300,3
cee1fb8ac703f34f,Decision - Split,3,Josh Koscheck,Mike Pierce,300,3
15cae38f1326adfb,Submission,2,Brian Foster,Matt Brown,300,3
8817bd21b6d0a989,Decision - Unanimous,3,Mantas Kondratavicius,Antonio Trocoli,300,3
8e7b2d62f834b417,Submission,1,Juan Espino,Jeff Hughes,300,3
de2513c984996c8c,KO/TKO,2,Dongi Yang,Rob Kimmons,300,3
d6e4d0d62a96a948,KO/TKO,1,Albert Tumenov,Anthony Lapsley,300,3
e14b4f2c7b36d0b9,KO/TKO,1,Justin Scoggins,Richie Vaculik,300,3
c88a7dbe7717d2da,KO/TKO,2,Dan Ige,Damon Jackson,300,3
0dddf7ec457caab3,Decision - Unanimous,3,Frankie Edgar,Spencer Fisher,300,3
0292b9c31c0089ac,KO/TKO,3,Bryce Mitchell,Kron Gracie,300,3
93ddc6b233d1956a,Decision - Split,3,Felipe dos Santos,Victor Altamirano,300,3
6a0217099efee13f,KO/TKO,3,Mike Davis,Thomas Gifford,300,3
0568994b8323d640,KO/TKO,1,Tim Boetsch,Michael Patt,300,3
a773883743242df9,Submission,1,Sarah Moras,Ashlee Evans-Smith,300,3
688c8b695e521ce8,Submission,2,Dustin Hazelett,Joshua Burkman,300,3
3ef7c2b26af8cf22,Submission,1,Jeremy Horn,Eugene Jackson,300,3
3bdacc82209b33f5,Decision - Unanimous,5,Stipe Miocic,Daniel Cormier,300,5
13a8ddb1c3f55ed4,KO/TKO,1,Arman Tsarukyan,Christos Giagos,300,3
507080ccded73591,Submission,1,Jeremiah Wells,Blood Diamond,300,3
28bd070f7ab0a0b9,Decision - Unanimous,3,Umar Nurmagomedov,Nate Maness,300,3
2456c4550c26e5e8,KO/TKO,1,Khalid Taha,Boston Salmon,300,3
437c6e18f41287f1,Decision - Split,3,Jack Marshman,John Phillips,300,3
0be6540982a5b0cd,Decision - Majority,3,TIE,TIE,300,3
cf1f2322c4b8bc64,Submission,1,Charles McCarthy,Gideon Ray,300,3
d84f88ac792e8c53,TKO - Doctor's Stoppage,1,Matt Hughes,Marcelo Aguiar,300,3
7864fc46de247f58,KO/TKO,1,Daniel Spitz,Anthony Hamilton,300,3
ebfe035b70080668,Submission,1,Oleg Taktarov,Ernie Verdicia,,
69fa167ba5d0fd82,Submission,3,Darren Elkins,Eduardo Garagorri,300,3
742fcd610f344810,KO/TKO,2,Alexander Gustafsson,Jimi Manuwa,300,5
7fd6770fe2d4f258,KO/TKO,1,Joselyne Edwards,Chelsea Chandler,300,3
f41e83de703acf85,KO/TKO,2,Bogdan Guskov,Ryan Spann,300,3
a89b9eeacdb85ec1,KO/TKO,1,Matt Mitrione,Philip De Fries,300,3
2aeba1cc4004d0bc,Submission,2,Cole Miller,Ross Pearson,300,3
1085f281dd966d96,Decision - Unanimous,3,Chris Cariaso,Josh Ferguson,300,3
2adfc6444d1adc01,Decision - Unanimous,3,Rory MacDonald,BJ Penn,300,3
5755a68d39867abc,KO/TKO,1,Shane Carwin,Frank Mir,300,5
23c963be9de38205,Decision - Unanimous,3,Paulo Costa,Roman Kopylov,300,3
9bfda7c26578aaac,Decision - Unanimous,5,Israel Adesanya,Kelvin Gastelum,300,5
0c74e600ded0de97,KO/TKO,1,John Makdessi,Shane Campbell,300,3
c3b2a72cc291db4e,KO/TKO,2,Josh Barnett,Bobby Hoffman,300,3
5bba49d88db7430f,Decision - Unanimous,3,Nikita Krylov,Johnny Walker,300,3
26cdaf7cf575f656,KO/TKO,1,Nick Denis,Joseph Sandoval,300,3
3f5a623cf360c494,Decision - Unanimous,3,Curtis Millender,Siyar Bahadurzada,300,3
eca400aeeb2763d1,Decision - Unanimous,3,Chase Hooper,Nick Fiore,300,3
704e1351a64581ed,Decision - Unanimous,3,Tom Lawlor,Patrick Cote,300,3
c6c975ca66a7f91a,KO/TKO,1,Zak Ottow,Mike Pyle,300,3
d1268ffa059f9d42,KO/TKO,1,Chad Mendes,Cody McKenzie,300,3
3cdcaa0a59dfb8ea,KO/TKO,1,Josh Thomson,Gerald Strebendt,300,3
95a0d706e1f4cfa2,Decision - Split,3,Anthony Birchak,Dileno Lopes,300,3
77ed474dfc5359ea,KO/TKO,1,Azamat Bekoev,Ryan Loder,300,3
b4a2fc934d4660ff,KO/TKO,3,Matt Hughes,BJ Penn,300,5
d39010c3511fb972,Submission,1,Joe Duffy,Mitch Clarke,300,3
aef94727eb3897df,Decision - Unanimous,3,Eduardo Garagorri,Humberto Bandenay,300,3
09f9849d363433a7,KO/TKO,1,Stipe Miocic,Fabio Maldonado,300,5
e7e244a0bf244e61,Decision - Unanimous,3,Takeya Mizugaki,George Roop,300,3
5e4f358e0bcc2f15,KO/TKO,1,Dustin Poirier,Diego Brandao,300,3
eecbc6c850e62d97,Submission,2,Chris Lytle,Tiki Ghosn,300,3
2cc1fe3570999428,Decision - Unanimous,3,Geoff Neal,Belal Muhammad,300,3
7990b6716a53b2cd,Submission,3,Brendan Allen,Paul Craig,300,5
a39286bf0a443ff0,Decision - Unanimous,3,Ronny Markes,Karlos Vemola,300,3
f4df74046a1c4364,Decision - Unanimous,3,Curtis Blaydes,Jairzinho Rozenstruik,300,3
1c85003f6ec59c9d,Decision - Unanimous,3,Maycee Barber,Jessica Eye,300,3
5ed402ad08d9d4f9,Decision - Unanimous,3,Yushin Okami,Alan Belcher,300,3
1f5d0b106385b2ac,Submission,3,Baisangur Susurkaev,Djorden Santos,300,3
21f79cd40513d075,Decision - Unanimous,3,Shayilan Nuerdanbieke,TJ Brown,300,3
01be9ab42f1fd8e6,Decision - Unanimous,3,Wilson Reis,Joby Sanchez,300,3
9f4a0de31375ba04,KO/TKO,1,JooSang Yoo,Jeka Saragih,300,3
4a704dae3091adaf,Decision - Unanimous,5,Ciryl Gane,Jairzinho Rozenstruik,300,5
41b75c9222c33cdf,Submission,3,Ciryl Gane,Don'Tale Mayes,300,3
f079cb2db8dbbf04,Decision - Split,5,Robbie Lawler,Carlos Condit,300,5
0e05f54d8b66f317,KO/TKO,1,Mark Munoz,Ryan Jensen,300,3
d470bb3cb98d9ed7,KO/TKO,1,Patrick Cote,Drew McFedries,300,3
b4d0659f60c8aa7c,Submission,4,Urijah Faber,Scott Jorgensen,300,5
c642640db89fb033,Submission,2,Tim Credeur,Nick Catone,300,3
b976eb99de0f63ca,KO/TKO,1,Luiz Cane,Jason Lambert,300,3
55376d5c205fa844,KO/TKO,1,David Martinez,Saimon Oliveira,300,3
998296216e7171ed,KO/TKO,2,Mateusz Gamrot,Scott Holtzman,300,3
569e2c02f7699c0d,Decision - Unanimous,3,Elias Theodorou,Daniel Kelly,300,3
02f4277726712796,Decision - Unanimous,3,Justin Ledet,Chase Sherman,300,3
8d83354075a937f2,Submission,1,Carlos Newton,Bob Gilstrap,,
451df53c13185584,Submission,1,Jafel Filho,Ode Osbourne,300,3
74bb036ef0493bf7,KO/TKO,2,Alice Pereira,Hailey Cowan,300,3
b4bf090eb5c57903,KO/TKO,1,Kyle Bradley,Phillipe Nover,300,3
07b98dbf5d2c62a2,KO/TKO,3,Kelvin Gastelum,Tim Kennedy,300,3
1b4f87d607b3964d,KO/TKO,2,Takanori Gomi,Eiji Mitsuoka,300,3
089388c9f00ce9c6,KO/TKO,3,Dooho Choi,Nate Landwehr,300,3
635763ab6b5f0bf0,Decision - Unanimous,3,Diego Sanchez,Paulo Thiago,300,3
03de7404decde12f,KO/TKO,2,Marcus McGhee,Gaston Bolanos,300,3
1be27d95bba03f17,Decision - Unanimous,3,Ange Loosa,Rhys McKee,300,3
505d3d9b006014c8,Submission,1,Eric Schafer,Houston Alexander,300,3
56fbc2a376569c13,KO/TKO,3,Max Holloway,Clay Collard,300,3
3ce96bb0c69b39be,Decision - Split,5,Brendan Allen,Chris Curtis,300,5
0c3622569cd8062a,Decision - Unanimous,5,Curtis Blaydes,Alexander Volkov,300,5
b3096e8dd4e90718,Decision - Unanimous,3,Lina Lansberg,Gina Mazany,300,3
249b75a787dccfe6,KO/TKO,1,John Dodson,Manvel Gamburyan,300,3
9dfcf675cf2c1575,Decision - Unanimous,5,Calvin Kattar,Giga Chikadze,300,5
83f7c3b91a402306,KO/TKO,1,Jairzinho Rozenstruik,Andrei Arlovski,300,3
b6c46c3c239e7863,KO/TKO,1,Jordan Mein,Dan Miller,300,3
9988ff4d4197663b,KO/TKO,3,Mike Pyle,TJ Waldburger,300,3
833d67f423315d18,Decision - Unanimous,3,Yazmin Jauregui,Iasmin Lucindo,300,3
89cb6801b51f2216,Decision - Unanimous,3,Chris Cariaso,Will Campuzano,300,3
6fbd9d599d638106,Submission,2,Luke Barnatt,Andrew Craig,300,3
326de7f7ec9e7035,Submission,2,Antonina Shevchenko,Lucie Pudilova,300,3
0b26d635106aea1c,Decision - Unanimous,3,Andrew Sanchez,Trevor Smith,300,3
5d11b618f24082dd,Decision - Unanimous,3,Martin Buday,Jake Collier,300,3
019983faebec6d64,Decision - Unanimous,3,Ryan Hall,Gray Maynard,300,3
88020d22cf905792,Decision - Unanimous,3,Karine Silva,Dione Barbosa,300,3
84b04e8d6b251c54,KO/TKO,1,Pete Rodriguez,Mike Jackson,300,3
66873dde4077bd5d,Submission,1,Jaqueline Amorim,Cory McKenna,300,3
61a20ff34b6948ba,Submission,3,Ignacio Bahamondes,Rongzhu,300,3
953c89aa931082e4,Decision - Unanimous,3,Jose Quinonez,Carlos Huachin,300,3
a5acaa5f693529dd,Decision - Unanimous,3,Christos Giagos,Damir Hadzovic,300,3
4fb2c181e8fd5910,Decision - Split,3,Tito Ortiz,Vitor Belfort,300,3
c317f85a8266313e,KO/TKO,3,Muslim Salikhov,Andre Fialho,300,3
493b7a8e3253b133,Decision - Unanimous,3,Cub Swanson,Dustin Poirier,300,3
1b1d1900b4051344,Decision - Split,3,Zak Ottow,Kiichi Kunimoto,300,3
acc7392d48cc09a0,Decision - Split,3,Christian Rodriguez,Isaac Dulgarian,300,3
24438a644b975751,KO/TKO,2,Luke Rockhold,David Branch,300,5
205ad947e8c94901,Decision - Unanimous,3,Marcin Tybura,Andrei Arlovski,300,3
7fa227a1c5ef2238,Decision - Majority,3,Miesha Tate,Sara McMann,300,3
b70313eae7c24b27,Decision - Unanimous,3,Javid Basharat,Trevin Jones,300,3
4dc5a41f357a7d85,Decision - Unanimous,3,Grant Dawson,Damir Ismagulov,300,3
99d98a2d278bfa1f,Submission,1,Marco Ruas,Remco Pardoel,,
e686df21c24c6c03,Decision - Unanimous,3,Randy Brown,Mickey Gall,300,3
fef433a7cb7a2029,Decision - Unanimous,3,Sean Sherk,Nick Diaz,300,3
252074c8554bf30d,Decision - Unanimous,5,Germaine de Randamie,Holly Holm,300,5
40cc0ccf580a4836,Decision - Unanimous,3,Joseph Benavidez,Ian McCall,300,3
d6389fa434e86916,Decision - Split,3,Jessin Ayari,Jim Wallhead,300,3
58e5fc1914c4e641,Decision - Unanimous,3,Tecia Pennington,Carla Esparza,300,3
3b020d4914b44fc8,KO/TKO,1,Orlando Wiet,Robert Lucarelli,,
f1eca70738ca073e,Submission,3,King Green,Tony Ferguson,300,3
aa7b1fca60a21f3a,KO/TKO,1,Darren Till,Donald Cerrone,300,5
85168b8d99f7ce42,Decision - Split,3,Mike de la Torre,Yui Chul Nam,300,3
a104c62f69ce47de,Decision - Split,3,Robert Peralta,Rony Jason,300,3
1f64e532f942ef57,Submission,1,Krzysztof Soszynski,Brian Stann,300,3
df16b9c2fc9722e9,Decision - Unanimous,3,Damon Jackson,Charles Rosa,300,3
e86a77b69d50a834,KO/TKO,1,Dustin Poirier,King Green,300,3
21ebc940f3dfde82,Decision - Unanimous,3,Steven Siler,Josh Clopton,300,3
8a1678a54dc82206,Decision - Unanimous,3,Ricardo Lamas,Hatsu Hioki,300,3
5311298f79414125,Decision - Unanimous,3,Marc-Andre Barriault,Eryk Anders,300,3
6e559181bfbc77e1,Decision - Split,5,Josh Emmett,Calvin Kattar,300,5
fdb4ea9783c4452a,KO/TKO,1,Andrei Arlovski,Vladimir Matyushenko,300,3
6ab9d2d334f613c8,Decision - Unanimous,5,Joanna Jedrzejczyk,Claudia Gadelha,300,5
1b204fc28bb023e6,Decision - Unanimous,3,Armen Petrosyan,AJ Dobson,300,3
60f53ad3f114da6e,Submission,1,Daniel Pineda,Mackens Semerzier,300,3
81bb4d9b214adf4b,KO/TKO,1,Da Woon Jung,Kennedy Nzechukwu,300,3
9bc18b63b07bb328,KO/TKO,1,Marcos Rogerio de Lima,Ben Sosoli,300,3
b29d4e0117776bb3,Decision - Unanimous,3,Rustam Khabilov,Norman Parke,300,3
e5a88f5c686173c4,Decision - Unanimous,3,Lone'er Kavanagh,Felipe dos Santos,300,3
453283e947919ff7,KO/TKO,1,Michael Morales,Trevin Giles,300,3
cc73c73e6e3412d4,Submission,1,Juan Espino,Justin Frazier,,
aac887ea8a83d7a4,KO/TKO,1,Josh Barnett,Frank Mir,300,3
2d7f29ec900a8948,Decision - Unanimous,3,Amanda Ribas,Mackenzie Dern,300,3
2fb1abeb337e0ccc,KO/TKO,2,Vicente Luque,Randy Brown,300,3
f2fb049980631302,Decision - Unanimous,3,Taila Santos,Gillian Robertson,300,3
c7be6a466d1d0a1e,KO/TKO,1,Lavar Johnson,Pat Barry,300,3
ddcfa590f4644240,Decision - Unanimous,3,Grant Dawson,Julian Erosa,300,3
208c5dc52ccfd47a,Decision - Split,3,Julian Erosa,Steven Peterson,300,3
b633d9d9626239ec,KO/TKO,1,Mark Coleman,Brian Johnston,,
581292ffe5b09344,Submission,1,Francis Marshall,Erik Silva,300,3
96919cf8d3e988ff,Decision - Unanimous,3,Montana De La Rosa,Mara Romero Borella,300,3
4ead27d52c14697a,Submission,2,Mitch Clarke,Al Iaquinta,300,3
5095f6290670009d,KO/TKO,1,Gregory Rodrigues,Julian Marquez,300,3
5f7a1ba6e016b249,Decision - Unanimous,3,TJ Dillashaw,Walel Watson,300,3
bc0779b232828e67,Submission,3,Reza Madadi,Michael Johnson,300,3
f963d716384153ff,KO/TKO,4,TJ Dillashaw,Renan Barao,300,5
f22d193f3ab42bc5,Submission,3,Max Holloway,Cub Swanson,300,3
3846db1456151f80,Submission,1,Sergio Moraes,Neil Magny,300,3
de41ca23c9a13bfb,Decision - Unanimous,3,Ivan Menjivar,Nick Pace,300,3
120d66cb0da0f3c3,KO/TKO,3,Fatima Kline,Melissa Martinez,300,3
4c0adccb34c1d995,Decision - Unanimous,3,Brad Katona,Jesse Butler,300,3
4047c2e259529179,Submission,1,Vanessa Demopoulos,Silvana Gomez Juarez,300,3
856468ba24a37fcc,KO/TKO,1,Sergei Pavlovich,Curtis Blaydes,300,5
89dd4c256ca5d317,Decision - Unanimous,3,Giga Chikadze,Omar Morales,300,3
4dac5258f22be059,Decision - Unanimous,3,Ange Loosa,AJ Fletcher,300,3
d3f26e0fbf694375,Submission,2,Anthony Pettis,Michael Chiesa,300,3
bfef39e6493f6487,KO/TKO,4,Carlos Condit,Martin Kampmann,300,5
7e7fba47f511f8ad,KO/TKO,1,Galore Bofando,Charlie Ward,300,3
a38648a1c190f9be,KO/TKO,3,Rafael Fiziev,Brad Riddell,300,3
eee7f546c126ee8b,KO/TKO,1,Marc Diakiese,Teemu Packalen,300,3
2ea1f463620bcd3d,Decision - Unanimous,3,Dennis Bermudez,Te Edwards,300,3
128e818254ebfabe,Submission,2,Gregor Gillespie,Jason Gonzalez,300,3
8062a7852a8b1560,Submission,1,Matt Hughes,Joe Riggs,300,3
44cd8c9f622e155f,Decision - Unanimous,3,Michelle Montague,Luana Carolina,300,3
43e5f75fe9cedafd,Submission,1,Mike Nickels,Wes Combs,300,3
19706d8ba0edf9cd,Decision - Split,3,William Gomis,Joanderson Brito,300,3
5c3542260741c6bc,Submission,1,Vitor Belfort,Joe Charles,,
0bdc4e7ce6687367,KO/TKO,5,Cain Velasquez,Junior Dos Santos,300,5
74b8a36293758342,Submission,2,Ricky Simon,Jack Shore,300,3
ef86720364837f68,Decision - Unanimous,3,Ryan LaFlare,Alex Garcia,300,3
096d656048f85b18,KO/TKO,2,Edwin Figueroa,Jason Reinhardt,300,3
fdc82a98c68588c4,Decision - Unanimous,3,Evan Dunham,Shamar Bailey,300,3
f858f91453555291,KO/TKO,1,Gabriel Benitez,Charlie Ontiveros,300,3
5cd1869013741767,KO/TKO,3,Giga Chikadze,Edson Barboza,300,5
704adfae22d0dfb8,KO/TKO,2,Myles Jury,Ramsey Nijem,300,3
e50857173607d631,Submission,1,Jim Miller,Jared Gordon,300,3
f71d46f804307bd2,Decision - Unanimous,3,Elias Theodorou,Trevor Smith,300,3
6190569c372725bf,Decision - Unanimous,3,Aaron Riley,Joe Brammer,300,3
7ddd21d48e3b34b9,Submission,2,Paige VanZant,Rachael Ostovich,300,3
47f42aa7cf851a29,Decision - Unanimous,5,Kamaru Usman,Demian Maia,300,5
a25633b1494f1360,Decision - Unanimous,3,David Teymur,Nik Lentz,300,3
357ba2f1da89031b,KO/TKO,1,Jason Saggo,Josh Shockley,300,3
b6464850da8f3099,Decision - Unanimous,3,Colby Covington,Dong Hyun Kim,300,3
144b0c1dd6c909f3,Decision - Unanimous,3,Islam Makhachev,Chris Wade,300,3
d9df78e82953bfe5,Decision - Unanimous,3,Chris Camozzi,Luiz Cane,300,3
9d72aaaf34e5b512,Decision - Unanimous,3,Jared Rosholt,Timothy Johnson,300,3
be73f75b52b06f14,Decision - Unanimous,3,Javid Basharat,Tony Gravely,300,3
a1a5d06b0e7ada62,KO/TKO,2,Billy Quarantillo,Alexander Hernandez,300,3
8b9bdacca749ec90,KO/TKO,2,Alexander Volkov,Alistair Overeem,300,5
8e1ae2ae6694b131,KO/TKO,3,Sarah Moras,Liana Jojua,300,3
cd055be419f77f3e,Submission,1,Steven Siler,Joey Gambino,300,3
32375b4435fea5e6,Decision - Split,3,Chepe Mariscal,Morgan Charriere,300,3
8887948f0c097cd8,KO/TKO,1,Keith Hackney,Emmanuel Yarborough,,
e600b78e5a652dc0,Decision - Unanimous,3,Victoria Leonardo,Mandy Bohm,300,3
c6a5ed1127cbc9b9,Decision - Unanimous,3,Eliot Marshall,Vinny Magalhaes,300,3
ca17e1385ef98e57,Decision - Unanimous,3,Rafael Dos Anjos,Donald Cerrone,300,3
bdaca0a96d44438a,Submission,3,Gerald Meerschaert,Dustin Stoltzfus,300,3
6f0f84075fa1a4b0,KO/TKO,3,Derrick Lewis,Rodrigo Nascimento,300,5
be0af5916c8e8e99,Decision - Unanimous,3,Danny Roberts,Dominique Steele,300,3
b951f2d4080ef172,Decision - Unanimous,3,Takeya Mizugaki,Nam Phan,300,3
9c1a2ac64c98d2f6,KO/TKO,1,Alex Caceres,Julian Erosa,300,3
3760216f68f448b7,KO/TKO,2,Diego Rivas,Noad Lahat,300,3
08c5dcd426dea606,Decision - Split,3,Brad Blackburn,Edgar Garcia,300,3
4478ee77a647ae9d,Decision - Split,3,Roman Dolidze,John Allan,300,3
f8df4cb5f22656c0,Decision - Split,3,Alessio Di Chirico,Garreth McLellan,300,3
4c5a2a3cf2bea222,Submission,2,Chris Lytle,Matt Brown,300,3
6c44af21414e4143,Submission,4,Dricus Du Plessis,Israel Adesanya,300,5
28c33e9353dac666,Decision - Unanimous,3,Henry Cejudo,Chico Camus,300,3
b4e2037f180c1e0e,Decision - Split,3,Daniel Marcos,Davey Grant,300,3
a4d8e991ec42b048,KO/TKO,2,Pete Williams,Mark Coleman,,
5f444eac11e55161,KO/TKO,1,Douglas Silva de Andrade,Gaetano Pirrello,300,3
cf258c17234d649e,Decision - Unanimous,3,Felipe Lima,Miles Johns,300,3
43f6b0c40113d0d8,KO/TKO,1,David Abbott,Paul Varelans,,
d9decf169a2da676,Submission,1,Nate Diaz,Alvin Robinson,300,3
b516beb27416e492,Decision - Unanimous,3,Masanori Kanehara,Alex Caceres,300,3
75a978e0ecce2536,KO/TKO,2,Siyar Bahadurzada,Rob Wilkinson,300,3
2711e57bbef4d928,KO/TKO,2,Aaron Simpson,Ed Herman,300,3
c1d2ce95229cdbd9,Decision - Unanimous,3,Ryan LaFlare,Court McGee,300,3
fd0c847858bd346f,Submission,1,Dennis Hallman,John Makdessi,300,3
3b63f4fb24694d74,Decision - Majority,3,Matt Serra,Yves Edwards,300,3
fa5244817650f401,Decision - Unanimous,3,Wilson Reis,Dustin Ortiz,300,3
94560d1dc6248347,Decision - Unanimous,3,Miranda Granger,Hannah Goldy,300,3
8d26509990b6e518,Submission,1,Shannon Gugerty,Dale Hartt,300,3
0b217fc503bd0585,Decision - Split,3,Rashad Evans,Michael Bisping,300,3
62dd8808ce397fa6,Submission,1,Kenny Florian,Din Thomas,300,3
c445401709421fa4,Decision - Unanimous,3,Thomas Petersen,Don'Tale Mayes,300,3
fef6b147d5fb90bd,KO/TKO,3,Chad Mendes,Clay Guida,300,3
93a1cd50374397c0,Decision - Unanimous,3,Luis Saldana,Jordan Griffin,300,3
0d4927585d0480fc,Decision - Split,3,Jamie Varner,Melvin Guillard,300,3
873306ad79b62f5e,KO/TKO,1,Kai Kara-France,Rogerio Bontorin,300,3
10b31e991c2d0d4e,KO/TKO,3,Hakeem Dawodu,Yoshinori Horie,300,3
3f810c3433dddb80,TKO - Doctor's Stoppage,3,Vicente Luque,Niko Price,300,3
c365a488a8de3c89,Decision - Unanimous,3,Francimar Barroso,Darren Stewart,300,3
b7419e18d9461277,KO/TKO,2,Pat Miletich,Shonie Carter,300,3
a09bfdaa83d99efb,KO/TKO,1,Dooho Choi,Sam Sicilia,300,3
69279781a89c893e,Decision - Unanimous,3,Christos Giagos,Mizuto Hirota,300,3
b1e7100c2ab1ab79,Submission,1,Anthony Perosh,Guto Inocente,300,3
eda1e8c285a0a788,KO/TKO,2,Jiri Prochazka,Aleksandar Rakic,300,3
77acb96700e89c92,KO/TKO,2,Denis Tiuliulin,Jamie Pickett,300,3
91093a019d32af2e,KO/TKO,3,Khalil Rountree Jr.,Anthony Smith,300,3
a9660625bab5d4a3,Decision - Unanimous,5,Fabricio Werdum,Travis Browne,300,5
cf13dd810b2bd061,KO/TKO,1,Steve Bosse,James Te Huna,300,3
a3935c950c40462b,Decision - Unanimous,3,Roy Nelson,Jared Rosholt,300,3
16dcd55681f990c0,Submission,1,Tyson Griffin,David Lee,300,3
dd7f3f91ea6067d4,Decision - Unanimous,3,Montserrat Conejo Ruiz,Cheyanne Vlismas,300,3
760150e9951e65fa,Decision - Split,3,Norma Dumont,Ketlen Vieira,300,3
c3b6aa47e7532a7b,KO/TKO,2,Serghei Spivac,Jared Vanderaa,300,3
c8ec6fd9aa2dcc23,Decision - Split,3,Rashad Evans,Dan Henderson,300,3
87ac0e5face106b4,KO/TKO,3,Yousri Belgaroui,Azamat Bekoev,300,3
017a825c7820d12e,Decision - Unanimous,3,Davey Grant,Da'Mon Blackshear,300,3
07b357090cc91c2c,Decision - Unanimous,3,Elijah Smith,Vince Morales,300,3
4eb91cfc892a108e,Decision - Unanimous,3,Israel Adesanya,Anderson Silva,300,3
800a35b3a7e52308,Decision - Split,3,Alex Pereira,Jan Blachowicz,300,3
964ea1777695851b,Submission,1,Mansur Abdul-Malik,Antonio Trocoli,300,3
3e1c27f17433f9e4,KO/TKO,1,Tyson Pedro,Anton Turkalj,300,3
f3fb4be38377e1e9,Submission,1,Ray Borg,Shane Howell,300,3
53b480b44b0b51f1,KO/TKO,1,Tai Tuivasa,Greg Hardy,300,3
8e87b33bea7c5da9,Decision - Split,3,Hans Stringer,Francimar Barroso,300,3
149a0b38fa02e647,Decision - Split,3,Dennis Bermudez,Max Holloway,300,3
849eb47d349f3fe4,Decision - Unanimous,3,Islam Makhachev,Davi Ramos,300,3
3333fdbe86a763fb,KO/TKO,3,Robert Whittaker,Colton Smith,300,3
987b6b4f7825e40e,Submission,3,Pete Sell,Phil Baroni,300,3
3cf6583153078f8f,KO/TKO,1,Don Frye,Thomas Ramirez,,
73c07530f667289f,Decision - Split,3,Bas Rutten,Kevin Randleman,,
6feb49a6b7e8433c,Submission,2,Alberto Montes,Ricky Turcios,300,3
aaad7e29825b3264,Decision - Unanimous,3,Omari Akhmedov,Tim Boetsch,300,3
866729ea2ceddb25,KO/TKO,1,Alex Perez,Jose Torres,300,3
6b3038fe26a57b80,Submission,1,Joe Lauzon,Curt Warburton,300,3
61bf6748cf85eb84,Submission,3,Nathaniel Wood,Andre Ewell,300,3
70b8dca3addcf4de,Decision - Unanimous,3,Vinicius Oliveira,Said Nurmagomedov,300,3
7b13fdc889028e66,Decision - Split,3,Gleison Tibau,Jamie Varner,300,3
3b209a2aee014ac2,KO/TKO,3,Francisco Trinaldo,Jai Herbert,300,3
5bcd8abf6da01dae,Decision - Unanimous,5,Nassourdine Imavov,Caio Borralho,300,5
1c85f793ea4f9caa,Submission,2,Yancy Medeiros,Sean Spencer,300,3
9f7c28381b6913c8,Decision - Split,3,Andre Petroski,Gerald Meerschaert,300,3
febea68b205f6273,Decision - Unanimous,3,Wilson Reis,Yuta Sasaki,300,3
c3ef9edf73626521,Decision - Unanimous,3,Luana Carolina,Lucie Pudilova,300,3
61d6b591430b6e25,KO/TKO,2,Darren Till,Wendell Oliveira Marques,300,3
4dd561df1ca58ab8,Decision - Unanimous,3,Daniel Cormier,Frank Mir,300,3
e1d33aa47b35d021,Decision - Unanimous,3,Khabib Nurmagomedov,Abel Trujillo,300,3
2220b73ece1730c3,Decision - Unanimous,3,Omar Morales,Shane Young,300,3
e82d734674ce4d46,Submission,1,Charles Oliveira,Clay Guida,300,3
c19f394f3c237789,KO/TKO,1,Ovince Saint Preux,Patrick Cummins,300,3
cc6934588298958e,Decision - Split,3,Akira Corassani,Andy Ogle,300,3
af2a9d47ca8115e4,KO/TKO,2,Alessandro Costa,Stewart Nicoll,300,3
c63d8062c89c4c33,KO/TKO,1,Adam Fugitt,Yusaku Kinoshita,300,3
cf4c2b601c2228aa,Decision - Unanimous,3,Curtis Blaydes,Daniel Omielanczuk,300,3
621e6f0929a3dbfc,Decision - Unanimous,3,Marlon Vera,Pedro Munhoz,300,3
3b8e793ed8151a51,Decision - Unanimous,3,Jim Miller,Mark Bocek,300,3
21d6db22c6089308,Submission,1,Nikita Krylov,Marcos Rogerio de Lima,300,3
9b5f190cd3f5ce16,KO/TKO,1,Benoit Saint Denis,Beneil Dariush,300,3
a5200c9bac3c420b,Decision - Unanimous,1,Jerry Bohlander,Fabio Gurgel,,
014a3acf91ada8af,KO/TKO,1,Oluwale Bamgbose,Daniel Sarafian,300,3
2060e8172f820d80,Decision - Split,3,Jessica-Rose Clark,Bec Rawlings,300,3
5be63144ac46f97e,Submission,1,Chase Hooper,Jordan Leavitt,300,3
a63bb85cc39389c7,Submission,1,Julian Erosa,Christian Rodriguez,300,3
574b4599ae9cb64e,KO/TKO,2,Dennis Siver,Naoyuki Kotani,300,3
f09912e9d8eaa968,Decision - Unanimous,3,Alex Morono,David Zawada,300,3
2cbba9394114edb5,KO/TKO,1,Tito Ortiz,Ken Shamrock,300,3
478a637045ad49fb,KO/TKO,2,Hyder Amil,Fernie Garcia,300,3
1ceab8fa45996f51,Decision - Unanimous,3,Martin Buday,Chris Barnett,300,3
ad59540382d5b7f6,Decision - Unanimous,3,Derek Brunson,Elias Theodorou,300,3
d44d735e5079bfb8,Decision - Unanimous,3,Mason Jones,David Onama,300,3
a2bd4c46f89f19ae,Decision - Unanimous,3,Matt Wiman,Isaac Vallie-Flagg,300,3
52125c3e41a1bd1e,TKO - Doctor's Stoppage,1,Spencer Fisher,Aaron Riley,300,3
c163ed45c21c8548,Decision - Unanimous,3,Irene Aldana,Vanessa Melo,300,3
db4c169722cf1e33,KO/TKO,1,Dave Beneteau,Todd Medina,,
d0ee52e17db605ab,KO/TKO,1,Alberto Mina,Shinsho Anzai,300,3
50ffbc85d3c50604,Decision - Unanimous,3,Stephan Bonnar,Kyle Kingsbury,300,3
6bb2a427004deecc,KO/TKO,1,Marcelo Mello,David Roberts,,
b06b43670238c2d8,Decision - Unanimous,5,Alexander Volkanovski,Diego Lopes,300,5
bcd1e1d71a172d53,Decision - Unanimous,3,Gunnar Nelson,Takashi Sato,300,3
c87d2569da8d4305,Submission,3,Antonio Carlos Junior,Leonardo Guimaraes,300,3
9e6f956caa7b549b,KO/TKO,3,Tito Ortiz,Ken Shamrock,300,5
301f230c90c4bd7d,Submission,1,Jailton Almeida,Anton Turkalj,300,3
81de3929330076d2,KO/TKO,2,Jeremiah Wells,Warlley Alves,300,3
a0dfc397caef4afe,DQ,2,Amaury Bitetti,Alex Andrade,300,3
7bc7af11050e861b,Decision - Unanimous,3,Philipe Lins,Ion Cutelaba,300,3
ce0748519d5ea5c6,KO/TKO,2,Alistair Overeem,Walt Harris,300,5
05f1e8ff81dbe05b,KO/TKO,1,Mike Rodriguez,Adam Milstead,300,3
e257f0f5224ef6ab,Decision - Unanimous,3,John Dodson,Tim Elliott,300,3
7e4b7a70838e5ba4,Submission,1,Francisco Figueiredo,Daniel Lacerda,300,3
827c64369b374989,Submission,3,Wes Schultz,Ben Johnston,300,3
84951374e4cdc679,Decision - Unanimous,3,Rafa Garcia,Alexander Hernandez,300,3
d29750cee389a0b9,Decision - Unanimous,3,Anderson Silva,Derek Brunson,300,3
c4f443509308dec6,KO/TKO,3,Juan Adams,Chris de la Rocha,300,3
d785f22c4cc99a3d,Decision - Unanimous,3,Michael Johnson,Edson Barboza,300,3
57d04160f5438654,Submission,1,Tim Means,Thiago Alves,300,3
6ddabf12abd6fe25,KO/TKO,2,Brandon Vera,Fabiano Scherner,300,3
760e3f292b834637,Decision - Unanimous,3,Darren Elkins,Tristan Connelly,300,3
b46679306287ea79,KO/TKO,3,Nate Quarry,Pete Sell,300,3
3bd20b66b585d621,Decision - Unanimous,3,Jake Matthews,Emil Meek,300,3
678eda89a096dde8,Decision - Unanimous,3,Bruna Brasil,Molly McCann,300,3
1bf7f647f309464e,Submission,1,Felipe Arantes,Yves Jabouin,300,3
0a083ab881ef3a5f,KO/TKO,1,Karo Parisyan,Nick Thompson,300,3
edeba52fc9b2855f,Submission,2,Krzysztof Soszynski,Shane Primm,300,3
c6b040021b4ceb0f,KO/TKO,1,Alexandre Pantoja,Wilson Reis,300,3
798ca95afb5875ef,KO/TKO,1,Matt Hamill,Mark Munoz,300,3
8167500af262bba5,KO/TKO,3,Eddie Wineland,Frankie Saenz,300,3
88c6e7f71b79fd65,Decision - Unanimous,3,Raquel Pennington,Aspen Ladd,300,3
eba86a4ea6128840,KO/TKO,1,John Dodson,Darrell Montague,300,3
995d42d9ff422ed1,Submission,1,Demian Maia,Chael Sonnen,300,3
b72acedda7ddc006,Submission,1,Johnny Rhodes,Fred Ettish,,
5b6451f3f83c719c,Decision - Unanimous,3,Scott Holtzman,Cody Pfister,300,3
4496c2fa6aaccba6,Decision - Unanimous,5,Demetrious Johnson,John Dodson,300,5
7dc87736c304b3dd,Decision - Split,3,Dwight Grant,Alan Jouban,300,3
ad878cdd4fa36a3a,KO/TKO,1,Kyle Nelson,Marco Polo Reyes,300,3
5b2835ac76f05993,Decision - Split,3,Edmen Shahbazyan,Darren Stewart,300,3
991680cd8d0b7900,Decision - Unanimous,3,Evan Dunham,Joe Lauzon,300,3
22e7485bceb841af,KO/TKO,3,Cody Garbrandt,Marcus Brimage,300,3
293c5f4c9aca5c54,KO/TKO,1,Michal Oleksiejczuk,Chidi Njokuani,300,3
2bb3a036759d79f2,Decision - Unanimous,3,Anthony Njokuani,John Makdessi,300,3
2aff05a835ed715e,Submission,1,Mitch Gagnon,Walel Watson,300,3
e516a0e035fd57f7,Decision - Unanimous,3,Chad Mendes,Rani Yahya,300,3
f10c2c84652ef573,KO/TKO,3,Azamat Murzakanov,Tafon Nchukwi,300,3
11a83369d49ad138,KO/TKO,3,Ronnie Lawrence,Vince Cachero,300,3
80c4f70b7f7a1945,KO/TKO,1,Jacare Souza,Vitor Belfort,300,3
dfa692db6d39330c,KO/TKO,1,Joshua Van,Alexandre Pantoja,300,5
670db5afcb26df7c,KO/TKO,3,Gabriel Gonzaga,Kevin Jordan,300,3
595557b808febe27,Decision - Unanimous,3,Justine Kish,Nina Nunes,300,3
c565e2baa27cc7e5,Decision - Unanimous,3,David Onama,Roberto Romero,300,3
0bf025d86cc2a409,Decision - Unanimous,3,Luiz Cane,Steve Cantwell,300,3
8cf4836e2b43c241,Submission,3,Irene Aldana,Bethe Correia,300,3
9072bf6135cad3e0,KO/TKO,1,Walt Harris,Cyril Asker,300,3
e7861d4e2b29193f,TKO - Doctor's Stoppage,2,Evan Dunham,Nik Lentz,300,3
15b1c7ddc4415fdd,Submission,2,Tom Aspinall,Andrei Arlovski,300,3
b98ead4eff6bf872,Submission,2,Alice Ardelean,Polyana Viana,300,3
98b7dd0ddc52cffb,Decision - Split,3,Khalil Rountree Jr.,Dustin Jacoby,300,3
8e2e14693e04bf45,Decision - Split,3,Melvin Guillard,Jeremy Stephens,300,3
dff2ef8fdde8c502,Decision - Split,3,Shauna Bannon,Alice Ardelean,300,3
b4ec3e067604f90a,KO/TKO,2,Jared Cannonier,David Branch,300,3
efa3f3c8945cad0a,KO/TKO,2,Ross Pearson,Gray Maynard,300,3
f20bd0b549e1a97d,KO/TKO,1,BJ Penn,Caol Uno,300,3
3b1aed7d00a775c6,Decision - Unanimous,3,Alexander Gustafsson,Mauricio Rua,300,3
0fe3681eb934bdc3,KO/TKO,1,Fabricio Werdum,Brandon Vera,300,3
0fe4e788b16c03cd,Decision - Unanimous,3,Chuck Liddell,Amar Suloev,300,3
424a20da52b4f956,Decision - Unanimous,3,Max Griffin,Mike Perry,300,3
253e42894852b26a,Decision - Unanimous,5,Sergio Pettis,Brandon Moreno,300,5
3e020d62796a7ce3,Decision - Split,3,Sean Strickland,Tom Breese,300,3
469f887278324e63,Decision - Unanimous,3,Juliana Miller,Ivana Petrovic,300,3
224dce2c0b03e7eb,Submission,1,Rei Tsuruya,Luis Gurule,300,3
189d14e4e1602c48,Decision - Unanimous,3,Mike Guymon,Yoshiyuki Yoshida,300,3
3109d1151f149aaf,Decision - Unanimous,5,Jose Aldo,Rob Font,300,5
0bc7e4852f75a06d,KO/TKO,2,Shamil Abdurakhimov,Marcin Tybura,300,3
9c207acb12c17a67,Decision - Unanimous,3,SuYoung You,Baergeng Jieleyisi,,
94b1596c6ff9a25d,Decision - Split,5,Alexander Volkanovski,Max Holloway,300,5
ca62a52ab0bd9108,TKO - Doctor's Stoppage,1,Mark Schultz,Gary Goodridge,,
04b7bcc0e8488604,Decision - Unanimous,3,Serghei Spivac,Ante Delija,300,3
060dfbc982c6c4ef,Decision - Unanimous,3,Damir Ismagulov,Thiago Moises,300,3
2ccecfdd7683043e,Submission,1,Dustin Pague,Jared Papazian,300,3
1cf53a0b9db52ac6,Submission,1,Ben Saunders,Joe Riggs,300,3
535b8e5494cbc580,Submission,2,Julian Marquez,Darren Stewart,300,3
f1423b63d81c88ea,Submission,1,Tim Hague,Pat Barry,300,3
58112f9fc0058e68,KO/TKO,1,Todd Duffee,Anthony Hamilton,300,3
a3dd2249d046cf9d,KO/TKO,2,Niko Price,Randy Brown,300,3
7a4e5bcd7336d203,Submission,1,Charles Oliveira,Eric Wisely,300,3
0653b6227894cfd7,Submission,1,Martin Kampmann,Drew McFedries,300,3
445d0d44091b902a,Decision - Split,3,Kyung Ho Kang,Brandon Davis,300,3
e4fcad8261083dbf,KO/TKO,2,Danny Castillo,Charlie Brenneman,300,3
7287b029f4596be7,Submission,1,TJ Dillashaw,Vaughan Lee,300,3
98d6771af9b0ebe5,Decision - Split,3,Andre Fili,Christian Rodriguez,300,3
c2a36e996bba3a4a,KO/TKO,1,Kyoji Horiguchi,Jon Delos Reyes,300,3
36388dce4a8cc18f,Decision - Unanimous,3,Gray Maynard,Fernando Bruno,300,3
069ab7e7b8b5d262,Decision - Unanimous,3,Movsar Evloev,Diego Lopes,300,3
1f922cfe6178e830,Submission,1,Renato Moicano,Brad Riddell,300,3
79da0eacafb22f86,Submission,2,Brandon Davis,Randy Costa,300,3
db620510bbb3f0af,KO/TKO,3,Gerald Harris,John Salter,300,3
b989d4d7e220b3c1,Decision - Unanimous,3,Aiemann Zahabi,Pedro Munhoz,300,3
9e05fe95a4fc63bc,Decision - Unanimous,5,Magomed Ankalaev,Alex Pereira,300,5
51d3be5e8aee5cd9,Submission,3,Anthony Pettis,Charles Oliveira,300,3
26800d759ba50371,Submission,1,Igor Pokrajac,James Irvin,300,3
7ba432e218edc17d,Submission,1,Ailin Perez,Daria Zhelezniakova,300,3
2f5ced39b8208e46,KO/TKO,1,Ryan Bader,Jason Brilz,300,3
a5155aef1093048b,Decision - Unanimous,3,Marcus Davis,Shonie Carter,300,3
1e14e79a477f2357,KO/TKO,1,David Abbott,Hugo Duarte,,
99ac96bb67e5c5e4,Decision - Unanimous,3,Andre Muniz,Uriah Hall,300,3
5f4e944ff1bdcd9c,Decision - Unanimous,3,Matthew Semelsberger,Jake Matthews,300,3
e2433610f128d963,Decision - Unanimous,5,Dominick Cruz,Demetrious Johnson,300,5
3e39829aedc9346f,Decision - Split,3,Krzysztof Jotko,Scott Askham,300,3
57d7a683b85bb87b,KO/TKO,2,Mauricio Ruffy,Rafael Fiziev,300,3
c28d40498150de90,KO/TKO,3,Luana Carolina,Julija Stoliarenko,300,3
55f4c3598797ce6f,Decision - Unanimous,3,Sergio Pettis,Will Campuzano,300,3
06854105c3503075,Decision - Unanimous,3,Phil Davis,Glover Teixeira,300,3
a1029686c3f1bead,Decision - Unanimous,3,Jai Herbert,Kyle Nelson,300,3
a196dce12754e34e,Submission,1,Vaughan Lee,Norifumi Yamamoto,300,3
9afcb091777f6a83,KO/TKO,1,Jose Aldo,Chad Mendes,300,5
77c78d0a71b10692,KO/TKO,2,Dan Hooker,Claudio Puelles,300,3
3f719885c9916e06,Decision - Unanimous,3,Angela Hill,Xiong Jingnan,300,3
f141416b02a31f4e,Submission,1,Donald Cerrone,Dennis Siver,300,3
8935fc5943a78c20,Submission,3,Mike Rio,John Cofer,300,3
7e047b195135ef06,Decision - Unanimous,3,Viviane Araujo,Andrea Lee,300,3
05c8aeb2806be99c,Decision - Unanimous,5,Jon Jones,Ovince Saint Preux,300,5
3b6c18a966a2cea4,Submission,1,Jim Miller,Jason Gonzalez,300,3
b5e49b35bc25c5a9,KO/TKO,1,Randy Couture,Vitor Belfort,,
eebb4dde70a67369,Submission,1,Aleksei Oleinik,Mark Hunt,300,5
44ad16cd4e6c93d7,Decision - Unanimous,3,Cody McKenzie,Leonard Garcia,300,3
5f0aa841c21f7d30,Decision - Unanimous,3,Cub Swanson,Dooho Choi,300,3
35d0ef51fede263c,Decision - Unanimous,3,Jessica Eye,Viviane Araujo,300,3
81b7a6aa147bd912,Decision - Unanimous,3,Norma Dumont,Chelsea Chandler,300,3
1e3c67921162561d,KO/TKO,2,Alessio Di Chirico,Oluwale Bamgbose,300,3
1d26ceb1c995655e,KO/TKO,2,Miguel Baeza,Hector Aldana,300,3
5d481ff494bf40da,Submission,1,Gabriel Miranda,Shane Young,300,3
a3723f0f672b0912,Submission,1,Joseph Morales,Robert Sanchez,300,3
76fd6919d828d5c2,Submission,2,Pat Sabatini,Lucas Almeida,300,3
b97d2f97d109cfc8,KO/TKO,2,Rafael Dos Anjos,Jason High,300,3
17404e252bdab9e7,Submission,1,Rich Clementi,Melvin Guillard,300,3
fc3825dd1b67e39d,KO/TKO,2,ChangHo Lee,Cortavious Romious,300,3
017e0b7e864b0aa3,Decision - Split,3,Raquel Pennington,Irene Aldana,300,3
1cd8f5a107f64e39,Decision - Unanimous,3,Rani Yahya,Kyung Ho Kang,300,3
1c2d0db1c9eed052,Decision - Unanimous,3,Holly Holm,Yana Santos,300,3
eda397c27787afa4,KO/TKO,1,Michal Oleksiejczuk,Sam Alvey,300,3
af51920a3e176995,Decision - Unanimous,3,Dustin Poirier,Erik Koch,300,3
9abf0b60a44a82d1,Decision - Unanimous,3,Rafael Estevam,Charles Johnson,300,3
be307e6647a655c8,Decision - Unanimous,3,Cole Miller,Leonard Garcia,300,3
4e69c86d09c9f782,Decision - Split,3,Brad Pickett,Mike Easton,300,3
93026e3763542c05,Decision - Unanimous,3,Bryan Barberena,Warlley Alves,300,3
856f6ee049373843,Decision - Unanimous,5,Islam Makhachev,Jack Della Maddalena,300,5
8eaa23d64c20b0f1,Submission,1,Justin Ledet,Mark Godbeer,300,3
5637c7b3e4131941,KO/TKO,1,Yves Edwards,Joao Pierini,300,3
c4253cb471013765,Decision - Unanimous,3,Katlyn Cerminara,Alexis Davis,300,3
8de959ac3c3eeb85,KO/TKO,1,Brandon Thatch,Paulo Thiago,300,3
366de1daf05a2b62,Decision - Unanimous,3,Rony Jason,Godofredo Pepey,,
86d6e09932c5b551,Decision - Unanimous,3,SeungWoo Choi,Youssef Zalal,300,3
ce05150d524a1829,Decision - Unanimous,3,Cheick Kongo,Matt Mitrione,300,3
79c2461046e17eba,Submission,2,Demetrious Johnson,Chris Cariaso,300,5
46bc1338a50cbeac,Decision - Unanimous,3,Eduarda Moura,Lauren Murphy,300,3
4911fcfb1b28faa5,Decision - Unanimous,3,Claudio Silva,Brad Scott,300,3
ca2aa660bea0cb60,KO/TKO,3,Jaqueline Amorim,Montserrat Conejo Ruiz,300,3
aa161c7159741766,Submission,1,Royce Gracie,Remco Pardoel,,
3e2f00991f511607,KO/TKO,2,Benoit Saint Denis,Gabriel Miranda,300,3
f3ccbfd7036f3cf3,Decision - Split,3,Movsar Evloev,Nik Lentz,300,3
4b1606ab1893c242,Decision - Unanimous,3,Blagoy Ivanov,Ben Rothwell,300,3
07ba406a1d0a5a71,KO/TKO,1,Brendan Schaub,Chris Tuchscherer,300,3
b82b243982fcb2ac,Decision - Unanimous,3,Kajan Johnson,Naoyuki Kotani,300,3
26779cfb01372664,Decision - Unanimous,3,Jan Blachowicz,Igor Pokrajac,300,3
d000cb692343cdcd,Decision - Unanimous,3,Cezary Oleksiejczuk,Cesar Almeida,300,3
b9893ab3bed62e60,Decision - Split,3,Tim Means,Marcio Alexandre Junior,300,3
8badcb2134c1cdaf,KO/TKO,3,Ignacio Bahamondes,Roosevelt Roberts,300,3
751cf3d52fce1d1f,Decision - Unanimous,3,Viviane Araujo,Jennifer Maia,300,3
c82f9bc365ff1074,Decision - Unanimous,3,Arnold Allen,Yaotzin Meza,300,3
c4174e22cb22622c,Decision - Split,3,Ricky Glenn,Phillipe Nover,300,3
a2eafd9e1d5031b1,Decision - Unanimous,3,Loopy Godinez,Jessica Andrade,300,3
e0b14afd93af5638,Decision - Unanimous,3,Yana Santos,Chelsea Chandler,300,3
2ae243f518948794,Submission,3,Payton Talbott,Nick Aguirre,300,3
05f6459d1f3ed13f,KO/TKO,3,Kevin Holland,Joaquin Buckley,300,3
351dccf63078a20e,Submission,2,Joe Doerksen,Tom Lawlor,300,3
798652dbea086910,Submission,1,Jimmy Crute,Marcin Prachnio,300,3
db9f8144b50227f2,Decision - Unanimous,3,Juliana Lima,Nina Nunes,300,3
0febad4c4a3d69fc,Decision - Unanimous,3,Clay Guida,BJ Penn,300,3
c7e084949531a443,Submission,1,Marcos Rogerio de Lima,Clint Hester,300,3
24d92c89c893db42,Decision - Split,3,Anthony Pettis,Jeremy Stephens,300,3
7ddf71a85fbb0e4c,Decision - Split,5,Benson Henderson,Frankie Edgar,300,5
cc02aaf53503d022,KO/TKO,2,Thiago Alves,Tony DeSouza,300,3
27635cc4d9fcac98,KO/TKO,3,Robert Peralta,Estevan Payan,300,3
b33d1e693e3c9958,KO/TKO,3,Daniel Kelly,Antonio Carlos Junior,300,3
3427667c1a265fe5,Decision - Unanimous,3,George Roop,Dustin Kimura,300,3
4eb5f99202f5fe97,Decision - Unanimous,3,James Krause,Claudio Silva,300,3
3fcd53eb27945231,Decision - Split,3,Ramazan Emeev,David Zawada,300,3
25a28456f684503e,Decision - Split,3,Gian Villante,Sean O'Connell,300,3
d9c3d7b09d8df3e4,Decision - Unanimous,3,Jim Miller,Mac Danzig,300,3
ca531425f5c042db,KO/TKO,5,Colby Covington,Tyron Woodley,300,5
70af72a72b31fe4d,KO/TKO,1,Jorge Masvidal,Ben Askren,300,3
774fb0c0c1c2bc6a,Decision - Split,3,Nasrat Haqparast,Jared Gordon,300,3
017c090e9e8d2957,Decision - Unanimous,3,Thiago Moises,Kurt Holobaugh,300,3
16e28dd989ee1dea,Decision - Unanimous,3,Elias Theodorou,Cezar Ferreira,300,3
59bb17087b12ad35,Decision - Unanimous,3,Rafael Natal,Joao Zeferino,300,3
d69bd8e53ec858dc,Submission,2,Renato Moicano,Chris Duncan,300,5
1b52b08f195581ad,Submission,2,Raquel Pennington,Jessica Andrade,300,3
c8ff8a72f3c5a825,KO/TKO,1,David Abbott,Steve Nelmark,,
46860358da8b8d82,KO/TKO,1,Gabriel Benitez,Justin Jaynes,300,3
6c9fdcb95393a49c,KO/TKO,2,Yancy Medeiros,Erick Silva,300,3
13d2b7aef67cb6ea,Submission,2,Cezar Ferreira,Jack Hermansson,300,3
ebfdeab96ca766be,Decision - Unanimous,3,Thiago Alves,John Alessio,300,3
3d95b4f94ccffa96,Decision - Unanimous,3,Calvin Kattar,Andre Fili,300,3
5254658d4e4126c9,Decision - Unanimous,3,Benson Henderson,Clay Guida,300,3
856e171bdfc98cb5,Decision - Unanimous,3,Pascal Krauss,Mike Stumpf,300,3
ed3334d108b257a6,Submission,1,Said Nurmagomedov,Muin Gafurov,300,3
4b9203b86f0aa870,Decision - Unanimous,3,Ricardo Almeida,Matt Horwich,300,3
b5299e5b946015e5,Decision - Unanimous,3,Charles Jourdain,Kyler Phillips,300,3
0ccd2593c88209e4,Decision - Unanimous,5,Merab Dvalishvili,Petr Yan,300,5
fbd75b08f377d149,Submission,1,Joshua Burkman,Drew Fickett,300,3
efc64d8aae5628c9,Decision - Unanimous,3,Rafa Garcia,Maheshate,300,3
76d6789779d3721c,Decision - Split,3,Patrick Cummins,Gian Villante,300,3
cf85523b0d442d35,KO/TKO,2,Jens Pulver,David Velasquez,300,3
a73e33dfce8fcfd8,Decision - Unanimous,3,Raoni Barcelos,Trevin Jones,300,3
f182b13c6e07dfb1,KO/TKO,3,Michael Bisping,Jason Miller,300,5
fae3f395669b7285,Decision - Unanimous,3,Gregor Gillespie,Glaico Franca Moreira,300,3
bc1be168c064f028,KO/TKO,2,Alessandro Costa,Jimmy Flick,300,3
e446c5e4a8b8d189,Decision - Unanimous,3,Miesha Tate,Liz Carmouche,300,3
b6a609806d44659f,Decision - Unanimous,3,Ivan Jorge,Josh Shockley,300,3
c29e2c49e1e417c8,KO/TKO,2,Marc-Andre Barriault,Julian Marquez,300,3
ae07b35f2797242e,Decision - Unanimous,3,Nick Ring,Riki Fukuda,300,3
503d7342cc08109f,Decision - Unanimous,3,Charles Johnson,Sumudaerji,300,3
5cce3bc28ddb158f,KO/TKO,3,Dustin Ortiz,Jose Maria,300,3
f9f5071b993a5f4b,KO/TKO,1,Lerryan Douglas,Julian Erosa,300,3
ad61d042c43451a8,Decision - Unanimous,3,Steve Bosse,Sean O'Connell,300,3
d47fd8fc3886f86c,Decision - Unanimous,3,Erik Koch,Kyle Stewart,300,3
49f7186e1e3cf6c8,Decision - Unanimous,3,Shane Young,Austin Arnett,300,3
40fa0bf9783cdc2e,KO/TKO,2,Cub Swanson,Ross Pearson,300,3
cade8a4e97911e89,KO/TKO,2,Pat Barry,Shane del Rosario,300,3
b2cdb4c34f37ad37,Decision - Majority,3,Carla Esparza,Alexa Grasso,300,3
578987d534a0d205,Decision - Unanimous,3,Callan Potter,Maki Pitolo,300,3
1308a39eec6f86cc,Submission,1,Chael Sonnen,Mauricio Rua,300,5
44abbf6b947be6de,Decision - Unanimous,3,Cody Durden,Carlos Mota,300,3
00494c77d2a88f8c,Decision - Unanimous,3,Beneil Dariush,Rashid Magomedov,300,3
a6c02fb0b18e916c,Submission,1,Travis Browne,Chad Griggs,300,3
b57f68fa967fa59e,Decision - Unanimous,3,Tim Kennedy,Roger Gracie,300,3
9220acccebf14a46,Decision - Unanimous,5,Tony Ferguson,Rafael Dos Anjos,300,5
668a44403a130043,Submission,3,Bruno Silva,HyunSung Park,300,3
53c3565ee1d3411a,Submission,3,Nina Nunes,Jocelyn Jones-Lybarger,300,3
1bd52b0c01018f4a,Decision - Unanimous,3,Carla Esparza,Maryna Moroz,300,3
c65f4b4c0338d0c1,Decision - Unanimous,3,Kai Kara-France,Elias Garcia,300,3
02c54d382fb1c347,KO/TKO,2,Frank Mir,Antonio Rodrigo Nogueira,300,5
ef83377d584ec055,Submission,1,Matt Serra,Kelly Dullanty,300,3
f06030bf27ebe337,Submission,1,Brian Bowles,Damacio Page,300,3
f4187c30c311eb93,Decision - Split,3,Andre Ewell,Renan Barao,300,3
44592a74cda71275,KO/TKO,1,Marcio Cruz,Frank Mir,300,3
b9e037a45f8850fb,Decision - Unanimous,3,Lucas Alexander,Steven Peterson,300,3
c565bf49fce2a4cd,KO/TKO,1,Kenny Robertson,Sultan Aliev,300,3
a7ae8f6eb5fc3a79,KO/TKO,2,Benoit Saint Denis,Dan Hooker,300,3
12a64dfb8147566b,Decision - Split,3,Cody Stamann,Bryan Caraway,300,3
b1134affa18449dd,KO/TKO,4,Frank Shamrock,Tito Ortiz,300,5
8435f90fbd50c7a5,KO/TKO,1,Tallison Teixeira,Justin Tafa,300,3
a9bc7915974b7d15,Submission,1,Frank Mir,Cheick Kongo,300,3
730f14ccff80f3b0,KO/TKO,2,Mateusz Gamrot,Diego Ferreira,300,3
11c3035dd9104e50,KO/TKO,1,Josh Koscheck,Yoshiyuki Yoshida,300,3
3046c0d0208a65f1,Decision - Unanimous,3,Rashad Evans,Quinton Jackson,300,3
748657d9ba9d7c71,Decision - Majority,3,Randy Couture,Maurice Smith,,
26e6a2705a1e9e72,Submission,1,Mickey Gall,CM Punk,300,3
9574c1ed9ad25816,KO/TKO,3,Roy Nelson,Mirko Filipovic,300,3
b953a9b5357cbf99,Submission,1,Marcus Davis,Paul Taylor,300,3
d1b8ff290d09013b,Submission,2,Jeremy Horn,Chael Sonnen,300,3
84d89d2f36d07dc0,KO/TKO,1,Marco Polo Reyes,Cesar Arzamendia,300,3
22a574162e2ebcf6,KO/TKO,2,Tom Watson,Stanislav Nedkov,300,3
eed8c9955cad1e30,KO/TKO,1,Ludovit Klein,Shane Young,300,3
75a88258eb967e0c,KO/TKO,1,Zubaira Tukhugov,Ernest Chavez,300,3
7930c605c6a6ec88,Decision - Unanimous,3,Viviane Araujo,Montana De La Rosa,300,3
9882c1dac77c0367,KO/TKO,3,Jason Knight,Chas Skelly,300,3
e2bb4b8ce5ada2a8,Decision - Unanimous,3,Royston Wee,Dave Galera,300,3
b51d691b9f5603a8,KO/TKO,2,Vitor Belfort,Michael Bisping,300,5
3db15d45e8490c22,Decision - Unanimous,3,Alex Perez,Mark De La Rosa,300,3
fce6522f42b48f18,KO/TKO,2,Shamil Gaziev,Martin Buday,300,3
23ddf51ce630028d,KO/TKO,2,Steven Nguyen,Mohammad Yahya,300,3
330506571d2778b1,Decision - Unanimous,3,Mike Davis,Viacheslav Borshchev,300,3
e1bd72aba46f46a1,KO/TKO,1,Leonardo Santos,Stevie Ray,300,3
9c7830c91fad60d8,Submission,2,Kenichi Yamamoto,Katsuhisa Fujii,300,3
c4d060cff018979a,Decision - Split,3,Dominick Reyes,Johnny Walker,300,3
baee9b2491c986e2,KO/TKO,3,Shi Ming,Feng Xiaocan,,
57d481c10c842ba2,KO/TKO,2,Rick Story,Dustin Hazelett,300,3
89b96bc5f3e824c5,Decision - Unanimous,3,Mick Parkin,Jamal Pogues,300,3
f19d1c8ca5660240,Submission,1,Demian Maia,Carlos Condit,300,5
6066dc40bb3ce8db,Decision - Unanimous,3,Alex Caceres,Masio Fullen,300,3
e8517ed0b49abc37,Decision - Unanimous,3,Jamie Pickett,Joseph Holmes,300,3
459bc7c0b47719c3,Submission,2,Jim Miller,Donald Cerrone,300,3
49693a06fc1d8906,Decision - Unanimous,3,Tony DeSouza,Steve Berger,300,3
e3fb9146a7eaaa47,Submission,1,Dan Hooker,Mark Eddiva,300,3
8452ff5ae6316931,KO/TKO,2,Bethe Correia,Shayna Baszler,300,3
c7bc785e99d3ee2a,Submission,1,Patrick Williams,Alejandro Perez,300,3
a6e494c82d136172,Decision - Unanimous,3,John Howard,Siyar Bahadurzada,300,3
805bc227bd40b0cc,Submission,2,Ed Herman,Scott Smith,300,3
73f55778c5c55c2f,Decision - Unanimous,3,Michael Johnson,Melvin Guillard,300,3
12cedec11b37ddc0,Decision - Unanimous,5,Khamzat Chimaev,Dricus Du Plessis,300,5
288b479c485c48b2,Decision - Unanimous,3,Luke Jumeau,Dominique Steele,300,3
59b384dcc3ab49b2,Decision - Unanimous,3,Alan Patrick,Damir Hadzovic,300,3
409bcfacb259999a,Decision - Unanimous,3,Fabricio Werdum,Travis Browne,300,3
7856621db043423d,Decision - Unanimous,3,Rei Tsuruya,Carlos Hernandez,300,3
f638f176dd1834c0,Decision - Unanimous,3,Hacran Dias,Iuri Alcantara,300,3
a4398b9257a93d78,Decision - Split,3,Kyung Ho Kang,Michinori Tanaka,300,3
3744d4cdaa6b242b,Decision - Unanimous,3,Cody Stamann,Alejandro Perez,300,3
c0980a613f24accd,Submission,1,Bia Mesquita,Melissa Mullins,300,3
1ab1ed99a4bc5494,KO/TKO,2,Charles Johnson,Lone'er Kavanagh,300,3
7d0d2cecab358ba1,Decision - Unanimous,3,Randy Brown,Francisco Trinaldo,300,3
44c60f91b4f7b23d,Decision - Unanimous,3,Damir Ismagulov,Alex Gorgees,300,3
fffdc57255274be1,KO/TKO,2,Jailton Almeida,Shamil Abdurakhimov,300,3
f96f719ad667dd96,Decision - Unanimous,3,Nik Lentz,Scott Holtzman,300,3
f17813d03fcd8e7a,Submission,2,Rafael Dos Anjos,Bryan Barberena,300,3
0d043ecaf5bbc3ae,Decision - Unanimous,3,Tom Breese,Keita Nakamura,300,3
2361b51aa72e5551,KO/TKO,1,Brian Ortega,Frankie Edgar,300,3
f7e9bd2d6f81aeae,Submission,1,Joseph Morales,Matt Schnell,300,3
6ada4f4286e4261d,Decision - Unanimous,3,Saparbeg Safarov,Nicolae Negumereanu,300,3
58e07add007685f8,Decision - Unanimous,3,Alex Oliveira,Peter Sobotta,300,3
9c9c26679701b84d,KO/TKO,2,Darrius Flowers,Lando Vannata,300,3
781f9a642e7a9278,KO/TKO,2,Donald Cerrone,Rick Story,300,3
e76c3346ad9be24a,KO/TKO,2,Paul Kelly,TJ O'Brien,300,3
1cd5d5e271b646a3,KO/TKO,2,Israel Adesanya,Rob Wilkinson,300,3
2c0ece9f70a62408,Decision - Unanimous,3,Carla Esparza,Juliana Lima,300,3
2b13651b97f57b6c,Decision - Unanimous,3,Tim Means,Mike Perry,300,3
79c22394d9c2144d,KO/TKO,1,Gabriel Benitez,Humberto Bandenay,300,3
fe1130f34dea28d8,Decision - Split,3,Royston Wee,Yao Zhikui,300,3
1c7ea3928c7d0ad8,KO/TKO,2,Maki Pitolo,Charles Byrd,300,3
bef2a2e68fb4dfa8,Decision - Unanimous,3,Justin Willis,Chase Sherman,300,3
4a482ad5b021bb25,Submission,1,Martin Kampmann,Jorge Rivera,300,3
6afdefcb6728467e,Decision - Unanimous,3,Vladimir Matyushenko,Yuki Kondo,300,3
194d3950076b2f83,Decision - Unanimous,3,Luke Jumeau,Daichi Abe,300,3
2230a5dbc0907859,Submission,3,Aljamain Sterling,Takeya Mizugaki,300,3
1c1f8f281b2065e0,Submission,1,Mark Kerr,Dwayne Cason,,
f55749e32ce5c6f3,Decision - Unanimous,3,Rongzhu,Austin Hubbard,300,3
5b731da9e4be4391,KO/TKO,2,Gabe Green,Yohan Lainesse,300,3
6b38906e77607c77,Submission,2,Renato Sobral,David Heath,300,3
49749ee78bc54a48,Submission,2,Jon Delos Reyes,Roldan Sangcha'an,300,3
bcf842992f9accdc,Decision - Unanimous,3,Jeremy Kennedy,Kyle Bochniak,300,3
e7fdbd5c65798a5c,Decision - Unanimous,3,Roger Huerta,Leonard Garcia,300,3
3278e45b30f7dd33,KO/TKO,1,Amanda Nunes,Cristiane Justino,300,5
8782dca7c99717a6,KO/TKO,1,Stanislav Nedkov,Luiz Cane,300,3
e9fc9dcc549c7f3b,Decision - Unanimous,3,Clay Guida,Anthony Pettis,300,3
54d48b33e7240452,KO/TKO,1,Jailton Almeida,Serghei Spivac,300,3
12ceec9431fb0827,Decision - Unanimous,3,Chris Gruetzemacher,Rafa Garcia,300,3
a0bc695b35f155f1,Decision - Unanimous,3,Ketlen Vieira,Pannie Kianzad,300,3
fb1fe28a5d97db51,Submission,1,Ricardo Almeida,Eugene Jackson,300,3
fd56a469e4589ebc,Submission,2,Joselyne Edwards,Nora Cornolle,300,3
ce1436a9b58902a7,TKO - Doctor's Stoppage,1,Nazim Sadykhov,Ismael Bonfim,300,3
43313a340ff0d2b5,KO/TKO,3,Garreth McLellan,Bubba Bush,300,3
49e344834626c144,KO/TKO,1,Marcel Fortuna,Anthony Hamilton,300,3
27ff7028ec8c2161,KO/TKO,1,Jorge Masvidal,Jake Ellenberger,300,3
7d14f95d03afb359,Decision - Unanimous,3,Lucie Pudilova,Ji Yeon Kim,300,3
f820c6292e19d854,Decision - Split,3,Shamil Gamzatov,Klidson Abreu,300,3
47b690fb54f2eaf9,Decision - Split,3,Quinton Jackson,Lyoto Machida,300,3
57b5e8bda9447b77,Decision - Unanimous,3,Nick Thompson,Keith Wisniewski,300,3
cb3eb07b7152366e,Submission,1,Carlos Vera,Josias Musasa,300,3
b26ec098a5a57401,Decision - Split,3,Valentina Shevchenko,Sarah Kaufman,300,3
13f5be7a2ea5577e,Submission,2,Jack Shore,Makwan Amirkhani,300,3
a3b7cbdb6d2607f4,Submission,1,Dominick Reyes,Jeremy Kimball,300,3
fc2badbeebf85ebf,Decision - Split,3,Jeremy Stephens,Sam Stout,300,3
cd5336ef8b2329f4,Decision - Unanimous,3,Terry Etim,Sam Stout,300,3
ec32745308e2b055,KO/TKO,1,Khaos Williams,Nikolay Veretennikov,300,3
12d17a837caeae63,KO/TKO,1,Rustam Khabilov,Vinc Pichel,300,3
91f33ac24fb39eca,Submission,1,Francisco Trinaldo,Mike Rio,300,3
214b268e4a92f950,Decision - Split,5,TJ Dillashaw,Cory Sandhagen,300,5
0261adcfc6e49150,KO/TKO,2,Gregor Gillespie,Yancy Medeiros,300,3
0489b42ac0ab6d4b,Decision - Unanimous,3,Bryan Battle,Tresean Gore,300,3
5ac9cf4ffc15ccca,Submission,3,Nick Diaz,Jeremy Jackson,300,3
9a596aaa2b9a18db,Decision - Split,3,Ryo Chonan,Roan Carneiro,300,3
20fc3b3ab2d2fecf,Decision - Majority,3,Mike Swick,Joshua Burkman,300,3
177c1956907ed687,Decision - Majority,3,Sean Pierson,Kenny Robertson,300,3
7a37fd92b26d15c8,Submission,3,Chris Camozzi,Dustin Jacoby,300,3
2f22e38844aa7d96,KO/TKO,3,Randy Couture,Gabriel Gonzaga,300,5
533d0b5c0adfa15f,Decision - Unanimous,3,Sean Brady,Ismail Naurdiev,300,3
6c1dba8a3ba4f42e,Submission,2,Ben Rothwell,Josh Barnett,300,3
5e69e2fa8421ce5e,Decision - Split,3,Marcus LeVesseur,Carlo Prater,300,3
ac37849f627a79c4,Decision - Unanimous,5,Jailton Almeida,Derrick Lewis,300,5
08c04f18b0f58d71,Overturned,3,TIE,TIE,300,3
6d8ce1abde550bc6,Decision - Unanimous,3,Frankie Edgar,Cub Swanson,300,3
bd6909a463a1de2b,KO/TKO,1,Abdul Razak Alhassan,Charlie Ward,300,3
b6dad3a9bf911bfd,Submission,2,Ovince Saint Preux,Michal Oleksiejczuk,300,3
b1f7bc82f7dce1b9,Decision - Unanimous,3,Darren Till,Bojan Velickovic,300,3
18292c8eb20ae045,KO/TKO,1,Frankie Edgar,Chad Mendes,300,5
0f85a1d9ce42d13e,TKO - Doctor's Stoppage,2,Jake Matthews,Akbarh Arreola,300,3
7aaa810540132a4b,KO/TKO,1,Dustin Jacoby,Bruno Lopes,300,3
710c7f8c7dc2af46,Submission,1,Elizeu Zaleski dos Santos,Curtis Millender,300,3
4ba97e13df33388b,Submission,3,Zabit Magomedsharipov,Sheymon Moraes,300,3
6f22afbc5f8e0bd3,KO/TKO,1,Ryan Spann,Dominick Reyes,300,3
2968840a5f24ce9f,TKO - Doctor's Stoppage,1,Jimi Manuwa,Cyrille Diabate,300,3
b3caae587e956f54,Submission,3,Montana De La Rosa,Rachael Ostovich,300,3
8d2e99599124a16f,KO/TKO,1,Don Frye,Gary Goodridge,,
56809feb4fe7ea61,Decision - Unanimous,3,Charles Radtke,Blood Diamond,300,3
daef1691c7d6b1e4,Submission,1,Islam Makhachev,Renato Moicano,300,5
64bee58391921b4b,Decision - Unanimous,3,JJ Aldrich,Lauren Mueller,300,3
93330422e1f2e0be,Decision - Unanimous,3,Sergey Khandozhko,Rostem Akman,300,3
e595cb4bfc26193b,Decision - Split,3,Gleison Tibau,Kurt Pellegrino,300,3
5c650ae2193ab1bc,Submission,1,Valter Walker,Kennedy Nzechukwu,300,3
1dcc880fc80e6332,Decision - Unanimous,3,Rani Yahya,Mizuto Hirota,300,3
1ffe6e8df6dbefd2,KO/TKO,1,Bo Nickal,Val Woodburn,300,3
c35a53be30bfd066,Submission,3,Gabriel Santos,Jack Jenkins,300,3
4f6f7f1ad8954bb6,Submission,2,Gabriel Benitez,Sam Sicilia,300,3
063e7ce759c52f81,Submission,3,Raoni Barcelos,Cristian Quinonez,300,3
949619e1b1de9e5f,Decision - Unanimous,3,Matthew Semelsberger,Carlton Minus,300,3
2b11aa4b90b1dd41,KO/TKO,3,Juliana Miller,Brogan Walker,,
317e6940e8bf5290,KO/TKO,2,Daniel Sarafian,Antonio Dos Santos,300,3
979269d4ab5784af,Decision - Unanimous,3,Brendan O'Reilly,Vik Grujic,300,3
7e2bc09d866b3bd7,KO/TKO,1,Eryk Anders,Rafael Natal,300,3
906d6f62fb7f9b19,Decision - Unanimous,3,Pedro Rizzo,Ricco Rodriguez,300,3
0adfdf8f563be462,Decision - Unanimous,5,Tito Ortiz,Wanderlei Silva,300,5
f46308108eb9261a,Submission,3,Mackenzie Dern,Amanda Ribas,300,5
3a3ac7b3987f6799,Submission,1,Jessica Andrade,Amanda Lemos,300,5
701279417e0bf776,Decision - Split,3,Andrew Craig,Chris Leben,300,3
80ce8f7d988d5e57,Decision - Unanimous,3,Douglas Silva de Andrade,Renan Barao,300,3
9e52a67410f2c879,Decision - Unanimous,3,Piera Rodriguez,Kay Hansen,300,3
4dcd6ff5e32a3779,KO/TKO,3,Brian Kelleher,Damian Stasiak,300,3
3101c8d54df53e27,Decision - Unanimous,3,Chris Cariaso,Takeya Mizugaki,300,3
319053a9de63ab85,KO/TKO,1,Mark Hunt,Cheick Kongo,300,3
785c0e68b34ea383,Submission,1,Urijah Faber,Ivan Menjivar,300,3
a212e4c197983ad1,Decision - Unanimous,3,Paul Felder,James Vick,300,3
e094423979fc7c6a,KO/TKO,2,John Cholish,Mitch Clarke,300,3
87126427cfcaee52,Decision - Unanimous,5,Dustin Poirier,Max Holloway,300,5
3599e9de4ae0e171,Decision - Unanimous,3,Oumar Sy,Da Woon Jung,300,3
9ed0c3acc436eb56,KO/TKO,3,Max Holloway,Jose Aldo,300,5
a5d76e93a5052e3f,Decision - Unanimous,3,Kyle Nelson,Fernando Padilla,300,3
dd1df7f5a54fd9fc,Decision - Unanimous,3,Chepe Mariscal,Ricardo Ramos,300,3
bfd846ad4d597bbb,Submission,1,Demian Maia,Nate Quarry,300,3
30f6cf4253b13b76,Decision - Unanimous,3,Alex Morono,James Moontasri,300,3
8b809ba1880aded0,Decision - Unanimous,3,Gaston Bolanos,Michael Aswell Jr.,300,3
2105210529457ffd,KO/TKO,1,Jack Hermansson,Alex Nicholson,300,3
40707ddc9fdea500,KO/TKO,1,Matt Frevola,Ottman Azaitar,300,3
19e742ccaa09cf08,Decision - Unanimous,3,Ronnie Lawrence,Mana Martinez,300,3
3cd1f2c31b4e325a,Decision - Unanimous,3,Alexander Volkov,Greg Hardy,300,3
e2e524bb5392a3ea,KO/TKO,1,Aspen Ladd,Tonya Evinger,300,3
4080b4310d82b42d,KO/TKO,1,Oumar Sy,Brendson Ribeiro,300,3
0b6c13ab8ad7f82b,Decision - Unanimous,3,JJ Aldrich,Jamey-Lyn Horth,300,3
bd9100f5d4ee6823,Submission,2,Leonardo Santos,William Macario,300,3
831957c67bfc4486,Decision - Split,3,Marcelo Guimaraes,Dan Stittgen,300,3
d59b40be94d5a609,Decision - Split,3,Takeya Mizugaki,Reuben Duran,300,3
72f123ddb4cc9d1c,Submission,2,Youssef Zalal,Billy Quarantillo,300,3
8c8d46d89bf899e8,KO/TKO,3,Fabio Maldonado,James McSweeney,300,3
f1c1890491959bcf,KO/TKO,1,Marcus Davis,Jason Tan,300,3
690ab86bdd94149b,KO/TKO,1,Gokhan Saki,Henrique da Silva,300,3
faf19712bd7ea41e,Decision - Unanimous,5,Rose Namajunas,Amanda Ribas,300,5
c40fd062610d4e61,Submission,1,Matt Wiman,Mac Danzig,300,3
426a69e343822ab3,Decision - Unanimous,3,Chris Duncan,Mateusz Rebecki,300,3
75d16f9eae9c6ea6,Submission,1,Randy Couture,Tony Halme,,
ea660db65bfa998f,KO/TKO,1,Iwo Baraniewski,Ibo Aslan,300,3
6fbe7dffff5f5f1e,Decision - Unanimous,3,Renan Barao,Scott Jorgensen,300,3
476a6245b43f3119,Submission,2,Grant Dawson,Michael Trizano,300,3
627c0a50cff30405,Submission,1,Gerald Meerschaert,Bartosz Fabinski,300,3
137d7dea41cacdc6,KO/TKO,1,Melvin Guillard,Shane Roller,300,3
d4420be78065de03,KO/TKO,2,Roman Kopylov,Punahele Soriano,300,3
ed32da52aff68944,Submission,2,Benoit Saint Denis,Niklas Stolze,300,3
997dcf5fd2eb0f2f,Submission,1,Kevin Holland,Charlie Ontiveros,300,3
f00b588a0d9a90e4,Decision - Unanimous,3,Joe Stevenson,Kurt Pellegrino,300,3
8e51f8648840eb38,Submission,1,Joe Riggs,Jason Von Flue,300,3
08af25ef4252b138,KO/TKO,2,Holly Holm,Ronda Rousey,300,5
3b03f8d3a55f3cb2,Decision - Unanimous,3,Thiago Santos,Kevin Holland,300,3
6c2097664ac1bf16,Submission,5,Demetrious Johnson,Kyoji Horiguchi,300,5
56f984ac83fb34cc,KO/TKO,1,Michal Oleksiejczuk,Gadzhimurad Antigulov,300,3
2af50cc7f34f6fc2,Decision - Unanimous,3,Krzysztof Jotko,Brad Scott,300,3
7b909acede0a26eb,Decision - Unanimous,3,Sedriques Dumas,Cody Brundage,300,3
464cc19d42446da9,TKO - Doctor's Stoppage,2,Devonte Smith,Justin Jaynes,300,3
c797b58d85c840a4,KO/TKO,1,Manuel Torres,Grant Dawson,300,3
74b44635535cb290,Submission,2,Brendan Allen,Kevin Holland,300,3
bb4755924dfafaea,Submission,1,Ovince Saint Preux,Tyson Pedro,300,3
1d34e2f80cb91188,KO/TKO,1,Vitor Belfort,Dan Henderson,300,5
8360accf6f70ebc4,Submission,3,Khabib Nurmagomedov,Kamal Shalorus,300,3
e857ca0bc3b9fdcd,Submission,1,Marvin Vettori,Karl Roberson,300,3
008d0158831dcbd4,Submission,1,Peter Sobotta,Steve Kennedy,300,3
f126491f024c1563,KO/TKO,1,Mike Pyle,Ricardo Funch,300,3
1b80d5696c2dc640,Decision - Unanimous,5,Rich Franklin,Wanderlei Silva,300,5
a8b22e990cba6144,Decision - Unanimous,3,TJ Grant,Julio Paulino,300,3
b89dea8c3e6bba6f,Submission,1,Manvel Gamburyan,Jeff Cox,300,3
009feda296ae589c,Decision - Unanimous,3,Amanda Ribas,Viviane Araujo,300,3
7200343d2e957cf3,KO/TKO,1,Marlon Vera,Sean O'Malley,300,3
08763e87e10b9709,Submission,1,Ion Cutelaba,Ibo Aslan,300,3
fab7e4790b11de3c,Decision - Majority,3,Josh Thomson,Hermes Franca,300,3
ab0d6346b7938a7f,KO/TKO,1,Stephen Thompson,Robert Whittaker,300,3
67afd8e69820ffa0,Decision - Unanimous,3,Cyrille Diabate,Steve Cantwell,300,3
b2457e9da89967e2,Decision - Unanimous,3,Neil Seery,Phil Harris,300,3
0e8599eca8ccfa32,Decision - Unanimous,3,MarQuel Mederos,Mark Choinski,300,3
b823aa523c9618b5,Submission,1,Josh Samman,Caio Magalhaes,300,3
54b7b3378e394070,Decision - Unanimous,3,Steven Siler,Cole Miller,300,3
0f22781ab4635414,Submission,2,Ricardo Lamas,Cub Swanson,300,3
6d1093a1c31dab94,KO/TKO,2,Dan Henderson,Michael Bisping,300,3
103b36a1b9d98102,Submission,2,Ricardo Almeida,Matt Brown,300,3
9cdeb62aa9092713,KO/TKO,1,Jamie Varner,Edson Barboza,300,3
408fc024d3e91b0e,Decision - Unanimous,3,Ed Herman,Khadis Ibragimov,300,3
6ef12db5b099ec81,Submission,2,Alonzo Menifield,Jimmy Crute,300,3
49b2a6a93d529981,KO/TKO,2,Steven Peterson,Martin Bravo,300,3
df7f3c60c523ca55,Submission,2,Josh Neer,Mac Danzig,300,3
0d9e9127c62811f9,KO/TKO,2,Daniel Pineda,Herbert Burns,300,3
fc0927c657c51622,KO/TKO,1,Justin Tafa,Harry Hunsucker,300,3
74f5cbecac011abb,Decision - Split,5,Brandon Royval,Brandon Moreno,300,5
343749a2f7c5d78b,KO/TKO,3,Magomed Ankalaev,Dalcha Lungiambula,300,3
8f426040f746905d,Decision - Split,3,Godofredo Pepey,Milton Vieira,300,3
4f4806952ba2a72c,Decision - Split,3,Jarred Brooks,Eric Shelton,300,3
fb3f5a65da9f2ac7,Decision - Unanimous,3,Saidyokub Kakhramonov,Ronnie Lawrence,300,3
7d4c160dab6eae73,Submission,4,Islam Makhachev,Thiago Moises,300,5
78f1457371e2ef6b,KO/TKO,1,Thomas Almeida,Yves Jabouin,300,3
d8b864e673f53ec2,KO/TKO,2,Gian Villante,Cody Donovan,300,3
a8ec9c513d28c25c,Submission,4,Chan Sung Jung,Dustin Poirier,300,5
bbde45b2c766bb67,KO/TKO,1,Brandon Royval,Matheus Nicolau,300,3
2dfa31667cee74c3,Submission,1,Ben Nguyen,Tim Elliott,300,3
7cdda45e7d52bf40,KO/TKO,3,Thiago Santos,Eryk Anders,300,5
0e6d624086f7952e,Decision - Unanimous,3,Julian Erosa,Hakeem Dawodu,300,3
acc961fd5cf5c62e,Decision - Unanimous,3,Patricio Pitbull,Dan Ige,300,3
ac6fd4c78f0e3198,Decision - Unanimous,3,Jorge Rivera,David Loiseau,300,3
30523303e8d85c25,KO/TKO,1,Punahele Soriano,Oskar Piechota,300,3
3845a6838fe00265,Decision - Unanimous,3,Ron Stallings,Justin Jones,300,3
b125025990755616,KO/TKO,2,Song Kenan,Hector Aldana,300,3
dc45c8d70e256749,Decision - Unanimous,3,Francisco Trinaldo,John Makdessi,300,3
2b6c2cdccb2cc659,KO/TKO,1,Justin Salas,Ben Wall,300,3
62eaf9f2436bef25,Decision - Split,3,Wang Guan,Alex Caceres,300,3
6adfe44b110c1510,Submission,2,JunYong Park,Albert Duraev,300,3
40d9b5b47acf260b,KO/TKO,1,Justin Willis,Allen Crowder,300,3
68ee31dd0853cdc9,Submission,1,Oumar Sy,Tuco Tokkos,300,3
0c5640433ba44a1b,KO/TKO,1,Tom Breese,Luiz Dutra,300,3
a34dc365302238e8,Decision - Unanimous,3,Norman Parke,Jon Tuck,300,3
059f5cf0e9e37627,Decision - Split,3,Dan Hooker,Mateusz Gamrot,300,3
7962611f2adbacc0,Decision - Unanimous,3,Jared Rosholt,Soa Palelei,300,3
6e093a1d4286dad6,Decision - Split,3,Bryan Caraway,Aljamain Sterling,300,3
86deadaab9905a03,Decision - Unanimous,3,Kai Kamaka III,Tony Kelley,300,3
e4ed294e16e16d81,Submission,2,Alexander Volkov,Tai Tuivasa,300,3
a4a78ec539238a5f,Decision - Split,3,Joby Sanchez,Tateki Matsuda,300,3
76ca3d1cefd6945a,Decision - Unanimous,3,John Gunderson,Mark Holst,300,3
c4ecf4b894ccbced,Decision - Unanimous,3,Mads Burnell,Mike Santiago,300,3
4bb77b1d8efc53a9,Decision - Majority,3,Raulian Paiva,Kyler Phillips,300,3
36d4e8f650539bf0,TKO - Doctor's Stoppage,1,Anying Wang,Albert Cheng,300,3
23c6a428df1569bc,KO/TKO,1,Max Griffin,Erick Montano,300,3
5c36d760c7e272f5,KO/TKO,2,Daron Cruickshank,Henry Martinez,300,3
05b7bfd4fe75af69,KO/TKO,2,Michael Bisping,Elvis Sinosic,300,3
6d48f75153e4ad6b,Decision - Split,3,Brad Riddell,Magomed Mustafaev,300,3
fd80d6d9f4e54387,Decision - Unanimous,3,Alex Oliveira,Joe Merritt,300,3
3d1f83264d87c529,Decision - Unanimous,3,Marvin Vettori,Vitor Miranda,300,3
986f0b480389ad25,Submission,1,Jack Hermansson,Gerald Meerschaert,300,3
524b49a676498c6d,Decision - Unanimous,2,Dan Severn,Oleg Taktarov,,
388adad23aaa9d39,Decision - Unanimous,3,King Green,Nasrat Haqparast,300,3
f59cefe16905d62c,KO/TKO,3,Dennis Buzukja,Connor Matthews,300,3
8e02bdaac8ed50e5,Submission,2,Paddy Pimblett,Jordan Leavitt,300,3
781017bfa44d4058,KO/TKO,2,Luiz Cane,Rameau Thierry Sokoudjou,300,3
b55de7d791b9f62d,Submission,2,Miranda Maverick,Sabina Mazo,300,3
0320a6a967069571,KO/TKO,1,Cody Brundage,Zach Reese,300,3
c1322d09e8b6efca,Decision - Unanimous,3,Tatsuya Kawajiri,Dennis Siver,300,3
216fddf542707629,KO/TKO,3,Shane Burgos,Makwan Amirkhani,300,3
77d82e8a220053ea,Decision - Unanimous,3,Stipe Miocic,Gabriel Gonzaga,300,3
9cb8fe20b05d886e,Submission,2,Yaotzin Meza,John Albert,300,3
a1afc16e21d1a807,Decision - Unanimous,3,Rafael Fiziev,Ignacio Bahamondes,300,3
8c5785de472dd9b2,KO/TKO,1,Corey Anderson,Matt Van Buren,,
cca58aece2816dd1,Decision - Unanimous,3,Mark Hunt,Ben Rothwell,300,3
ead2ca0d2afb46be,Decision - Split,3,Mackenzie Dern,Ashley Yoder,300,3
55019da3a4bd5d54,KO/TKO,3,Max Griffin,Ramiz Brahimaj,300,3
a2f46e94aa6b0c64,Decision - Unanimous,3,Cameron Smotherman,Jake Hadley,300,3
e67e15cc6578d1c3,Decision - Split,3,Papy Abedi,Besam Yousef,300,3
9dcf8ce308eaa050,Submission,1,Claudio Silva,Nordine Taleb,300,3
acf658afda38d8af,Decision - Unanimous,3,Austin Hubbard,Kyle Prepolec,300,3
a060b6b0dfe275b7,KO/TKO,1,Travis Browne,Josh Barnett,300,3
93969a7368dc2e14,KO/TKO,1,Alonzo Menifield,Askar Mozharov,300,3
17ba2950b7f6d64a,KO/TKO,2,Andrei Semenov,Ricardo Almeida,300,3
ad62675e819e92fc,Decision - Unanimous,3,Yana Santos,Julija Stoliarenko,300,3
9418ebb3db2a4bae,KO/TKO,1,Ateba Gautier,Tre'ston Vines,300,3
c39728802a8409ee,KO/TKO,1,Matt Lindland,Yoji Anjo,300,3
18a7dc86279066f8,Submission,1,HyunSung Park,Carlos Hernandez,300,3
ace166f26c2ac2e8,Decision - Split,3,Nick Maximov,Punahele Soriano,300,3
312946f6b72ebd51,Decision - Unanimous,3,Andrei Arlovski,Philipe Lins,300,3
20971ed9a842b0cb,KO/TKO,2,Chris Padilla,Ismael Bonfim,300,3
682ff095649c9a5c,Decision - Unanimous,3,Alexander Hernandez,Jim Miller,300,3
22f52e3b614e0d8a,Decision - Unanimous,3,Marco Beltran,Marlon Vera,300,3
6c25f8fd66f16d7e,KO/TKO,2,Amanda Cooper,Angela Magana,300,3
e84fa12d87993ec5,KO/TKO,3,Leon Edwards,Peter Sobotta,300,3
827aacd14f80e8f3,Decision - Unanimous,3,Kamuela Kirk,Makwan Amirkhani,300,3
92fd2127f46b0cb7,KO/TKO,3,Joaquim Silva,Jared Gordon,300,3
ecc56a86a1eead9d,KO/TKO,2,Joaquim Silva,Jesse Ronson,300,3
bb0770ead53940f5,Submission,2,Keita Nakamura,Kyle Noke,300,3
e62033cb1e79aa81,Decision - Unanimous,3,Denise Gomes,Karolina Kowalkiewicz,300,3
135760b07e1fb79b,Submission,1,Amanda Nunes,Miesha Tate,300,5
00684df5ed23e6ca,KO/TKO,1,Li Jingliang,Dhiego Lima,300,3
2a44035824303dee,Submission,1,Gilbert Burns,Christos Giagos,300,3
7b1bc4ff776f12c1,KO/TKO,3,Dustin Jacoby,Vitor Petrino,300,3
0bfb221a0944f8e0,Decision - Unanimous,3,Lucie Pudilova,Sarah Moras,300,3
494042bf96730bc0,Submission,1,Veronica Hardy,Polyana Viana,300,3
8495283a56311b4d,KO/TKO,1,Anthony Hamilton,Damian Grabowski,300,3
76d18b94f580be6e,KO/TKO,1,Constantinos Philippou,Jared Hamman,300,3
1d68bb733de24b06,Decision - Split,5,Julianna Pena,Raquel Pennington,300,5
9eef9b7967991296,Decision - Majority,3,Jason Witt,Bryan Barberena,300,3
57d05d28e3fbee4f,Decision - Split,3,Michelle Waterson-Gomez,Cortney Casey,300,3
ba8eda6993922ba0,Decision - Split,3,Viacheslav Borshchev,James Llontop,300,3
bad1f36202e2c7d7,Decision - Majority,3,TIE,TIE,300,3
656e1040e6e007b2,KO/TKO,1,Efrain Escudero,Cole Miller,300,3
fcb3e9f89987d519,Decision - Unanimous,3,Michel Prazeres,Mairbek Taisumov,300,3
20e28ee267d9b5dc,KO/TKO,1,Matt Hamill,Jesse Forbes,300,3
8c5e06c71f392f33,KO/TKO,4,Alex Pereira,Khalil Rountree Jr.,300,5
e8d336f4465e6640,KO/TKO,2,Stevie Ray,Marcin Bandel,300,3
28af78600d6580f1,Decision - Unanimous,3,Jack Jenkins,Don Shainis,300,3
e34d313fbe1c28f1,Decision - Split,3,Brad Tavares,Tom Watson,300,3
0e37ea649c51fba9,KO/TKO,2,Wilson Gouveia,Jason Lambert,300,3
ca7d61e167d7789c,Decision - Unanimous,3,Charles Johnson,Azat Maksum,300,3
a2308473bcd77da8,Submission,1,James Head,Papy Abedi,300,3
4e3611c9a9e20ff0,Decision - Unanimous,3,Leandro Silva,Efrain Escudero,300,3
add991cb839af4ed,KO/TKO,1,Amanda Nunes,Germaine de Randamie,300,3
f25e367b1cb8fab5,Submission,2,Marcus Davis,Pete Spratt,300,3
2aef1a91d26dde42,Submission,1,Kaan Ofli,Ricardo Ramos,300,3
b45d0e0d2bba01e9,Decision - Unanimous,3,Gegard Mousasi,Thales Leites,300,3
543dca66a449d9d5,Decision - Unanimous,3,Robert Whiteford,Daniel Pineda,300,3
a754766050409638,KO/TKO,2,Chris Leben,Aaron Simpson,300,3
76b6058cddda9238,Decision - Unanimous,3,Mateusz Rebecki,Nick Fiore,300,3
556952a9520d0ae0,Decision - Split,3,Michael McDonald,Chris Cariaso,300,3
b309cdde35310875,KO/TKO,1,Justin Gaethje,Edson Barboza,300,5
33007109c9ca1ede,Decision - Unanimous,3,Karolina Kowalkiewicz,Vanessa Demopoulos,300,3
2ef54419defb2364,Decision - Unanimous,3,Michael Chiesa,Rafael Dos Anjos,300,3
61d9eff5fa4c8578,Decision - Unanimous,3,Randa Markos,Livinha Souza,300,3
85ddb65429a9d517,KO/TKO,1,Khaos Williams,Carlston Harris,300,3
28990faebda68fa8,KO/TKO,2,Mike Pierce,Aaron Simpson,300,3
2279d909f6e3e552,Submission,1,Joel Alvarez,Alexander Yakovlev,300,3
ec8bc554a0646638,KO/TKO,2,Dooho Choi,Bill Algeo,300,3
629c0eb319e01374,Decision - Unanimous,3,Laureano Staropoli,Hector Aldana,300,3
94608c62dd497366,Decision - Split,3,Trevor Smith,Brian Houston,300,3
1820fed0fbcf6294,KO/TKO,1,Uriah Hall,Chris Weidman,300,3
717f3c3932279196,Decision - Unanimous,1,Oleg Taktarov,Marco Ruas,,
156f2425a937b22f,KO/TKO,2,Lerone Murphy,Makwan Amirkhani,300,3
88e0de323a83f241,Submission,2,Luan Chagas,Jim Wallhead,300,3
8452f6d5a1450cfb,Decision - Unanimous,3,Jens Pulver,Joao Roque,300,3
b35f2071e6dd4b12,KO/TKO,3,Yoel Romero,Ronny Markes,300,3
6c2199524d762b11,KO/TKO,3,Arman Tsarukyan,Joaquim Silva,300,3
9a6a6716cdfadc98,KO/TKO,2,Chris Weidman,Anderson Silva,300,5
6671b567c4eb9982,KO/TKO,2,Melsik Baghdasaryan,Collin Anglin,300,3
1641d396e409a350,Submission,1,Erick Silva,Josh Koscheck,300,3
c91ef06766009965,KO/TKO,1,Paul Buentello,Justin Eilers,300,3
bca5d01f8775f852,KO/TKO,2,Alex Pereira,Jiri Prochazka,300,5
e0e4ce7595b5c26a,Decision - Unanimous,3,Daichi Abe,Hyun Gyu Lim,300,3
c89017008da245be,KO/TKO,1,Rafael Carino,Matt Andersen,,
901e62b7af57f559,Decision - Unanimous,3,Jonathan Martinez,Alejandro Perez,300,3
9bd9a8127b55fbf7,Decision - Unanimous,3,Derrick Lewis,Francis Ngannou,300,3
e655774643881e6c,Decision - Unanimous,3,Miranda Maverick,Dione Barbosa,300,3
efd7efba85092c6f,Decision - Majority,3,Nate Landwehr,David Onama,300,3
0b58bd40373b1811,KO/TKO,1,Wilson Gouveia,Jason MacDonald,300,3
d441715577c5934c,Decision - Unanimous,3,Nina Nunes,Randa Markos,300,3
79f03eca3fe5cdb3,Submission,2,Loopy Godinez,Elise Reed,300,3
825aa322af15780a,KO/TKO,2,Josh Koscheck,Dustin Hazelett,300,3
27901ef9e82d5690,Decision - Split,3,Andre Fili,Dennis Bermudez,300,3
f295eb2a7b0ba4b7,Decision - Split,3,Deiveson Figueiredo,Montel Jackson,300,3
47628ab025f19796,Decision - Unanimous,3,Yan Xiaonan,Kailin Curran,300,3
8cab057e6549afd0,Submission,1,Bia Mesquita,Montse Rendon,300,3
c20e6697335c3b3d,Decision - Unanimous,3,Pannie Kianzad,Lina Lansberg,300,3
f02c0adc4ae629c6,KO/TKO,2,Drew Dober,Michael Johnson,300,3
b186f4778257ca6d,DQ,1,Akira Corassani,Maximo Blanco,300,3
dd6dbe644f599795,Decision - Unanimous,3,Marc Diakiese,Damir Hadzovic,300,3
bed2710e06dabe6a,Decision - Split,3,Matt Frevola,Luis Pena,300,3
5edd1cd479f3919e,Submission,1,Alex Morono,Joshua Burkman,300,3
958522de54ccc536,KO/TKO,1,Gregory Rodrigues,Jack Hermansson,300,3
b9ff9ebe19ae6358,Decision - Unanimous,3,Rob Font,Ricky Simon,300,3
e458ace6a440b738,Decision - Unanimous,3,Krzysztof Jotko,Alen Amedovski,300,3
a06a3bc70d7c4264,KO/TKO,1,Chris Camozzi,Joe Riggs,300,3
fa4b3f5ce8055921,Decision - Unanimous,5,Justin Gaethje,Paddy Pimblett,300,5
9a38c18f00bb8b8e,Submission,1,Pete Williams,Jason Godsey,,
582afc25875911d1,Decision - Unanimous,3,Jasmine Jasudavicius,Fatima Kline,300,3
0845e0f9e8d61b0f,KO/TKO,2,David Teymur,Martin Svensson,300,3
f8ad660497e49187,KO/TKO,2,Ed Herman,Tim Boetsch,300,3
ee46c069ebe691ff,Decision - Unanimous,3,Katlyn Cerminara,Lauren Murphy,300,3
ccbbf1ccd4513551,Decision - Unanimous,3,Michael Bisping,CB Dollaway,300,3
e976815e397c40e1,Decision - Unanimous,3,Daniel Marcos,John Castaneda,300,3
bc1787883f9328be,Decision - Unanimous,3,Deiveson Figueiredo,Alexandre Pantoja,300,3
3eac2d47ac252f4b,Decision - Unanimous,3,Thiago Moises,Alexander Hernandez,300,3
2efbcd870f1f7bc7,Decision - Unanimous,5,Derek Brunson,Kevin Holland,300,5
f9e07282f3444d09,Decision - Unanimous,3,Jared Gordon,Hacran Dias,300,3
977e37adadd1b8ad,Decision - Unanimous,3,Thiago Tavares,Sam Stout,300,3
67018331e90a9949,Decision - Unanimous,3,Alexander Volkanovski,Darren Elkins,300,3
d170f6580e1c244f,KO/TKO,2,Kennedy Nzechukwu,Carlos Ulberg,300,3
2b9daf452ab40b9b,Submission,1,Bo Nickal,Jamie Pickett,300,3
99373dc33dfbf6e0,KO/TKO,1,Marcos Rogerio de Lima,Jeremy Kimball,300,3
2eecf0c36192e40c,KO/TKO,2,Johnny Walker,Zhang Mingyang,300,5
b7ff74563d034519,KO/TKO,1,Desmond Green,Ross Pearson,300,3
a4bc92bfe82d0547,Decision - Unanimous,3,TJ Waldburger,David Mitchell,300,3
e3846855a38f0bce,Decision - Majority,3,Johny Hendricks,TJ Grant,300,3
a57b9c636ac198be,KO/TKO,4,Michael Bisping,Cung Le,300,5
0549b655619774c5,Decision - Unanimous,3,Alexander Gustafsson,Jan Blachowicz,300,3
a6797238f9f98644,KO/TKO,2,Joseph Benavidez,Darren Uyenoyama,300,3
74c98716b4a74a3d,KO/TKO,1,Jorge Rivera,Kendall Grove,300,3
419d8143afbcd61c,Decision - Unanimous,3,Justin Scoggins,Josh Sampo,300,3
3b8b70b448b0c604,Decision - Unanimous,3,Elias Silverio,Isaac Vallie-Flagg,300,3
a3cd6a65aaa9f104,Submission,1,Ignacio Bahamondes,Jalin Turner,300,3
69a5895fde58432c,Submission,1,Pat Sabatini,Jonathan Pearce,300,3
c3b733bf084c2cd0,KO/TKO,2,Lyman Good,Andrew Craig,300,3
931fd51ab69fb443,Decision - Unanimous,3,Jared Gordon,Danny Chavez,300,3
11eb27a1ac74d225,Decision - Unanimous,3,Chase Hooper,Jim Miller,300,3
f7fac3df5c6dc91f,Decision - Split,3,Jim Alers,Alan Omer,300,3
eb94412f15c62650,KO/TKO,1,Kennedy Nzechukwu,Lukasz Brzeski,300,3
38abefbf24624a35,Decision - Split,3,Mark De La Rosa,Joby Sanchez,300,3
957b7c74ce120a32,KO/TKO,2,Lyoto Machida,Ryan Bader,300,3
3657196c2f624138,KO/TKO,2,Kyle Noke,Josh Bryant,300,3
20d28c177a7d43a4,Submission,2,Ricardo Romero,Seth Petruzelli,300,3
470a3c1b89504258,KO/TKO,1,Alistair Overeem,Aleksei Oleinik,300,5
70e78fcf793bc82b,TKO - Doctor's Stoppage,2,Mike Russow,Jon Madsen,300,3
5cf03fdfe557803f,Submission,2,Marco Beltran,Reginaldo Vieira,300,3
345b1bc51f0f5e86,Decision - Unanimous,3,Max Holloway,Ricardo Lamas,300,3
e83b214695941af1,Decision - Unanimous,3,CB Dollaway,Jay Silva,300,3
b436dda934059631,KO/TKO,1,Andre Fili,Sheymon Moraes,300,3
de2dad48d95305d7,KO/TKO,1,Hyun Gyu Lim,Takenori Sato,300,3
6b47093b62155478,KO/TKO,1,Jose Aldo,Jeremy Stephens,300,3
f5eae75fc240aaa6,KO/TKO,1,Andre Fili,Gabriel Benitez,300,3
2389557cfa02df78,KO/TKO,1,Alex Garcia,Ben Wall,300,3
707d6023b8723c5d,Submission,1,Nick Osipczak,Frank Lester,300,3
d866afa89d62a4ae,KO/TKO,1,Luigi Vendramini,Jessin Ayari,300,3
a6ba04a54eb7e8fa,Decision - Unanimous,3,Stephen Thompson,Nah-Shon Burrell,300,3
01993fb1d4b34b21,Decision - Split,3,Alex Caceres,Motonobu Tezuka,300,3
7979888b1fb5eb39,Decision - Unanimous,3,Josh Emmett,Scott Holtzman,300,3
3e16a71836e85212,Decision - Unanimous,3,Paulo Costa,Yoel Romero,300,3
c5ba56d51f6b0171,Submission,2,Sean Brady,Christian Aguilera,300,3
53d6e37063f9c404,Decision - Split,3,Gian Villante,Ed Herman,300,3
7b1d63d0e3e12804,Decision - Unanimous,3,Raphael Assuncao,Johnny Eduardo,300,3
02f5621f480ad1d4,KO/TKO,2,Calvin Kattar,Jeremy Stephens,300,3
024beecfd3f0ed7a,KO/TKO,2,Steve Erceg,Matt Schnell,300,3
dba1add63d4bcbaa,Submission,2,Antonio Rodrigo Nogueira,Dave Herman,300,3
d71ad0033de24fff,Decision - Unanimous,3,Karolina Kowalkiewicz,Jodie Esquibel,300,3
dae80502466c8726,Decision - Split,3,Azat Maksum,Tyson Nam,300,3
11a5a852313d1f5b,KO/TKO,1,Yan Xiaonan,Jessica Andrade,300,3
d87755257628de36,Submission,1,Carlos Eduardo Rocha,Kris McCray,300,3
f754d17d5047d536,Submission,1,Chris Weidman,Tom Lawlor,300,3
014f7dc96c90c199,KO/TKO,3,Jack Hermansson,Thales Leites,300,3
80572cac6ab57866,Decision - Unanimous,3,Stephen Thompson,Jorge Masvidal,300,3
ebeeed2595266bbc,KO/TKO,1,Sean Woodson,Fernando Padilla,300,3
5a209522211d7530,Decision - Unanimous,3,Jasmine Jasudavicius,Karine Silva,300,3
1117f90ee81e0bbf,Decision - Unanimous,3,Patrick Walsh,Daniel Spohn,300,3
8d9c71e110196262,Submission,2,Michael Graves,Randy Brown,300,3
b76c0b0ed2926737,Submission,1,Joel Alvarez,Joe Duffy,300,3
0064bbc554d85421,Submission,1,Amir Sadollah,CB Dollaway,300,3
ab105e5a56b5ee90,Submission,2,Jimmy Flick,Malcolm Gordon,300,3
039c645e8f3ac00f,KO/TKO,4,Uriah Hall,Anderson Silva,300,5
34d2632fd26e7078,KO/TKO,2,Valentina Shevchenko,Jessica Andrade,300,5
d94f1b32a81e3fa1,Submission,2,Billy Elekana,Junior Tafa,300,3
863319fd2e711ffc,KO/TKO,1,David Loiseau,Mark Weir,300,3
00b801e7e1679f2f,Submission,2,Aleksei Oleinik,Travis Browne,300,3
2ef16a5ff3710c92,Submission,3,Glover Teixeira,Ovince Saint Preux,300,5
df9847839c73a678,Decision - Unanimous,3,Jamal Pogues,Thomas Petersen,300,3
216bc9b661485017,KO/TKO,2,Shanelle Dyer,Ravena Oliveira,300,3
b33e3a6d15700bb1,Decision - Split,3,Ernesta Kareckaite,Nicolle Caliari,300,3
70f08a4771138817,KO/TKO,1,Mike Perry,Hyun Gyu Lim,300,3
50ebe7915d9f0cab,KO/TKO,1,Chris Leben,Wanderlei Silva,300,3
e8a5e53ffd33c0f9,KO/TKO,1,Roman Dolidze,Kyle Daukaus,300,3
8e971c1ec4b981cc,KO/TKO,2,Marlon Vera,Wulijiburen,300,3
ade59be2e9bc1108,Submission,1,Rafael Dos Anjos,Kamal Shalorus,300,3
f4f5049e789b7716,Decision - Unanimous,3,Sergio Moraes,Davi Ramos,300,3
09c1d4c96efd0545,Decision - Unanimous,3,Duane Ludwig,Amir Sadollah,300,3
755202fce24b8f83,Submission,1,Jailton Almeida,Jairzinho Rozenstruik,300,5
6603f1d60bfeefa9,KO/TKO,1,Mark Kerr,Greg Stott,,
406154260435c65a,KO/TKO,1,Luke Barnatt,Mats Nilsson,300,3
62d4a918256c83e8,Decision - Unanimous,3,Spencer Fisher,Curt Warburton,300,3
21419797f539de5e,KO/TKO,3,Antonio Silva,Alistair Overeem,300,3
664e56d8a98e2b49,KO/TKO,1,Uriah Hall,Oluwale Bamgbose,300,3
6087c50c5f95a677,Decision - Unanimous,3,Aleksa Camur,Justin Ledet,300,3
4000e1f32058796a,TKO - Doctor's Stoppage,2,Joe Stevenson,Yves Edwards,300,3
8ba31cf0b3164b72,KO/TKO,1,Jared Gordon,Thiago Moises,300,3
f88dc6e0c29cff1d,Submission,2,Yaroslav Amosov,Joel Alvarez,300,3
73700c8c5107f719,KO/TKO,2,Joaquin Buckley,Andre Fialho,300,3
21d2958e13389511,Decision - Unanimous,5,Jose Aldo,Kenny Florian,300,5
dcf5014e56649c2f,Decision - Unanimous,3,Umar Nurmagomedov,Bekzat Almakhan,300,3
ae803440d778a12b,KO/TKO,3,Joachim Christensen,Bojan Mihajlovic,300,3
435ba9b407b844ef,Submission,2,AJ Fletcher,Themba Gorimbo,300,3
1c4602efe5587902,Decision - Unanimous,3,Anthony Pettis,Alex Morono,300,3
e623355d7f897b92,Decision - Unanimous,3,John Maguire,Justin Edwards,300,3
ba65a2f56dc6a5ed,KO/TKO,1,Mark Coleman,Moti Horenstein,,
05061dd590c9eb34,Decision - Unanimous,3,Merab Dvalishvili,Gustavo Lopez,300,3
62ac5bff3c181f50,KO/TKO,1,Maurice Smith,Marco Ruas,300,3
0f5f1f5828ebd9c5,Decision - Unanimous,3,Robert Peralta,Mike Lullo,300,3
244285b7fd0ddece,Decision - Unanimous,3,Piera Rodriguez,Sam Hughes,300,3
7969abc596485189,KO/TKO,2,Jose Torres,Jarred Brooks,300,3
689384b01b40ef5c,KO/TKO,1,Lance Gibson Jr.,Chase Hooper,300,3
df5dac45fc585fb0,Decision - Unanimous,3,Mario Bautista,Patchy Mix,300,3
f9109d1e7c4ff9aa,Decision - Unanimous,3,Demian Maia,Alexander Yakovlev,300,3
dc9b52352dca15ef,KO/TKO,2,Travis Lutter,Marvin Eastman,300,3
48b1ee7ab45add4c,KO/TKO,1,Abdul Rakhman Yakhyaev,Julius Walker,300,3
d0c01840c72429c6,KO/TKO,1,Jack Della Maddalena,Danny Roberts,300,3
938c2c71b84e56ff,Decision - Majority,3,TIE,TIE,300,3
f747fbe721cdb042,Submission,1,Evan Tanner,Justin Levens,300,3
2ca4a039c07acd38,Submission,2,Makwan Amirkhani,Chris Fishgold,300,3
c83133ee114945ed,KO/TKO,2,Chidi Njokuani,Elizeu Zaleski dos Santos,300,3
887c61da1a78a5e1,Decision - Unanimous,3,Asu Almabayev,Jose Ochoa,300,3
7606d2f8d8b0e889,Submission,1,Mariya Agapova,Hannah Cifers,300,3
ef1519c8c1d20977,Decision - Unanimous,3,Mizuki,Jaqueline Amorim,300,3
fb98219ce569b384,KO/TKO,1,Mark Hunt,Frank Mir,300,5
2d1ac675e6c1e6ea,KO/TKO,1,Johnny Walker,Paul Craig,300,3
d7cbe2f23d75afd1,Decision - Split,3,Hakeem Dawodu,Julio Arce,300,3
56d2c00dfd391fcf,KO/TKO,1,Zhang Mingyang,Ozzy Diaz,300,3
678eb77df5589eac,Decision - Unanimous,3,Krzysztof Jotko,Bruno Santos,300,3
92d39a17e34cf581,KO/TKO,1,Josiane Nunes,Bea Malecki,300,3
acc9a109b00a99e1,Decision - Unanimous,3,Nathaniel Wood,Charles Jourdain,300,3
99eb03e6c7dc4be2,Decision - Split,3,Rashad Evans,Sam Hoger,300,3
1cde536c460b1a0e,KO/TKO,2,Germaine de Randamie,Larissa Pacheco,300,3
11871325db7a13ec,Decision - Unanimous,3,Joe Stevenson,Nate Diaz,300,3
3738135e4c9d8273,Decision - Unanimous,3,Court McGee,Ramiz Brahimaj,300,3
f4bd11655adeb078,Decision - Unanimous,3,Mickey Gall,Salim Touahri,300,3
a02764f92a84dd36,Decision - Unanimous,3,Alan Jouban,Jared Gooden,300,3
3fc8afbb23b9ac16,Decision - Unanimous,3,Cheyanne Vlismas,Mallory Martin,300,3
fc4fc81d3b7cc3bd,Decision - Unanimous,3,Justin McCully,Antoni Hardonk,300,3
2f6065fe0804d1d8,Decision - Unanimous,3,SuYoung You,Xiao Long,300,3
7151ae256e6c181b,Decision - Unanimous,3,Jonathan Martinez,Zviad Lazishvili,300,3
8801fbb87bdedbe3,TKO - Doctor's Stoppage,2,Carlos Condit,Thiago Alves,300,5
eb9f9f61507497a5,Decision - Split,3,Chidi Njokuani,Rhys McKee,300,3
32a7da2f34ae3803,Decision - Unanimous,3,Parker Porter,Josh Parisian,300,3
a6edcccdfccb9132,Submission,2,Thiago Tavares,Jason Black,300,3
7d679c16024f6f38,Decision - Split,3,Elias Theodorou,Eryk Anders,300,3
ae0b5ab5bc4bb6a7,Decision - Split,3,Tony Ferguson,Danny Castillo,300,3
adee1fc200ed1a12,Decision - Unanimous,3,Michelle Waterson-Gomez,Felice Herrig,300,3
436a1ce6b0c6b4bb,Decision - Unanimous,3,Sean Woodson,Dennis Buzukja,300,3
8417a20d56fe6776,KO/TKO,1,Santiago Ponzinibbio,Gunnar Nelson,300,5
7c9830ee4835f757,Decision - Unanimous,3,Iuri Alcantara,Leandro Issa,300,3
9a79a4b97a0f1e24,Decision - Unanimous,3,Clay Guida,Erik Koch,300,3
071d716229f5ae7f,Decision - Split,3,Tyson Griffin,Clay Guida,300,3
6b07c3a9a95493cf,Decision - Unanimous,3,Henry Cejudo,Chris Cariaso,300,3
cf5e8f98159c3971,KO/TKO,5,Max Holloway,Justin Gaethje,300,5
579f3280456ad450,KO/TKO,2,Tyson Nam,Jerome Rivera,300,3
1f5178fe56c5423f,Decision - Unanimous,3,Aspen Ladd,Sijara Eubanks,300,3
e16f42a666e163d8,Decision - Split,3,Rose Namajunas,Jessica Andrade,300,3
d1ad8d6ef48f7835,Decision - Split,3,Henry Martinez,Bernardo Magalhaes,300,3
47362cae6ba0e077,KO/TKO,2,Cam Rowston,Cody Brundage,300,3
3eb829eb77256ac0,Decision - Unanimous,3,Brad Tavares,Seth Baczynski,300,3
23243c27deb4d596,Submission,1,Ed Herman,Kyle Noke,300,3
4041e280dc113323,Submission,3,Elias Silverio,Ernest Chavez,300,3
cf0e0f95524f187a,Decision - Unanimous,3,Sijara Eubanks,Julia Avila,300,3
e861e9cc0118c670,Decision - Unanimous,3,Michael Chiesa,Court McGee,300,3
38231925d72d1309,Decision - Split,3,Jorge Gurgel,Danny Abbadi,300,3
1d00497a573d7f4c,KO/TKO,3,Dong Hyun Kim,Jason Tan,300,3
ca9804845b010845,Decision - Split,3,Viviane Pereira,Valerie Letourneau,300,3
2735a2ea77ddc0b5,Decision - Unanimous,3,Fares Ziam,Jamie Mullarkey,300,3
d6e2bc6e6c0cc4fe,Submission,1,Yadier del Valle,Connor Matthews,300,3
6f981a44898fb4ff,Submission,1,Robert Sanchez,Joby Sanchez,300,3
52bae6f01ea9f926,KO/TKO,1,Li Jingliang,Zak Ottow,300,3
fb30b2752d3dc1eb,KO/TKO,1,Sara McMann,Sheila Gaff,300,3
25137d9cc8b47f57,Decision - Unanimous,3,Yves Edwards,John Gunderson,300,3
346e3897c2ead99a,Decision - Majority,5,Movsar Evloev,Lerone Murphy,300,5
4da4c5ef6a4ffc5b,Decision - Unanimous,3,Rob Font,Sergio Pettis,300,3
8317208cfb030ed3,Decision - Unanimous,3,Miranda Maverick,Gillian Robertson,300,3
89b27e0bfa4ef4c3,Decision - Unanimous,3,Lyoto Machida,David Heath,300,3
6b581bb1bc9289ef,KO/TKO,2,Paulo Costa,Oluwale Bamgbose,300,3
3c552514bb9b5c98,Decision - Unanimous,3,Nick Ring,Court McGee,300,3
0596fc5eba5c1fe0,Decision - Unanimous,3,Evan Dunham,Ricky Glenn,300,3
fba7d6a42f137938,Decision - Unanimous,3,Cory Sandhagen,Raphael Assuncao,300,3
19ef5890b20f903a,Decision - Split,3,Gabriella Fernandes,Carli Judice,300,3
743f9df5bdfbcb95,Decision - Split,3,Yushin Okami,Mark Munoz,300,3
e830cb1df07f3466,Decision - Split,3,Yushin Okami,Hector Lombard,300,3
673ed36fa5c12d5f,Decision - Unanimous,3,Alexis Davis,Julija Stoliarenko,300,3
a5c5f76cf0a7c784,Decision - Unanimous,3,Rizvan Kuniev,Jailton Almeida,300,3
97c80f69ac312030,Decision - Unanimous,3,Vanessa Melo,Sarah Moras,300,3
394802bb096b403e,KO/TKO,2,Jiri Prochazka,Dominick Reyes,300,5
bfff6cf22c1c569c,KO/TKO,3,Jack Jenkins,Herbert Burns,300,3
bcab3ebdc21b0b64,Submission,5,Anderson Silva,Chael Sonnen,300,5
d1e144ce44599f3a,Decision - Unanimous,3,Matt Hughes,Matt Serra,300,3
96828ec042f211bf,Submission,1,Ricardo Almeida,Rob Yundt,300,3
bc276e0f07e30a54,KO/TKO,2,Merab Dvalishvili,Marlon Moraes,300,3
bab65d16fa74fc5b,KO/TKO,2,Chris Gruetzemacher,Joe Lauzon,300,3
818456a713fdabe6,Decision - Unanimous,3,Geraldo de Freitas,Felipe Colares,300,3
f5564a9eeebd4ea0,Submission,1,Abdul Rakhman Yakhyaev,Rafael Cerqueira,300,3
1779cc4ae925df01,KO/TKO,1,Jairzinho Rozenstruik,Chris Daukaus,300,3
2133f8798f089140,KO/TKO,1,Iuri Alcantara,Vaughan Lee,300,3
29c9e57b23116aa2,Decision - Unanimous,5,Frankie Edgar,BJ Penn,300,5
d3e23d7d207d3ccf,Decision - Split,3,Daniel Rodriguez,Li Jingliang,300,3
eb10feae98ea7d36,Submission,1,Hannah Goldy,Emily Whitmire,300,3
c571ac76ca45c1cb,KO/TKO,1,Poliana Botelho,Syuri Kondo,300,3
1f63949591ad61bd,KO/TKO,1,Anthony Johnson,Rogerio Nogueira,300,3
7455cb1ee651f774,Submission,1,Kurt Pellegrino,Junior Assuncao,300,3
5c5ed0416e881faf,KO/TKO,2,Roy Nelson,Antonio Silva,300,3
7ab1cdfe3e540856,Decision - Unanimous,3,Yair Rodriguez,Dan Hooker,300,3
7956ae951020ce8c,Decision - Unanimous,3,Rick Story,Thiago Alves,300,3
0d15b14d1215c853,Submission,1,Ivan Salaverry,Tony Fryklund,300,3
edc00a33666b0b59,Submission,5,Demetrious Johnson,John Moraga,300,5
fbbb703581440496,KO/TKO,2,Azamat Murzakanov,Alonzo Menifield,300,3
f7fd4b82e827c9c4,KO/TKO,2,Francis Ngannou,Luis Henrique,300,3
bc8e4abec782fd2b,Submission,1,Jess Liaudin,Dennis Siver,300,3
405bded9cc7a7c15,Decision - Unanimous,3,Bryan Barberena,Darian Weeks,300,3
3a2bd4fe6f08bc17,Submission,1,TJ Waldburger,Jake Hecht,300,3
801b3f24c670f19a,KO/TKO,1,Jan Blachowicz,Corey Anderson,300,5
b15bebf4c6b6f495,Submission,1,Kurt Pellegrino,Nate Mohr,300,3
38d8b19a1ef5942a,KO/TKO,1,Mark Weir,Eugene Jackson,300,3
754882d95491d287,KO/TKO,1,Vladimir Matyushenko,Travis Wiuff,300,3
5a4f6ff454b1eeb8,KO/TKO,1,Fabiano Iha,Daiju Takase,300,3
dbc35626d0f0576b,TKO - Doctor's Stoppage,2,John Dodson,John Moraga,300,3
2d36e2c10ee349fe,Decision - Unanimous,3,Caio Borralho,Makhmud Muradov,300,3
0bcb04163f8d8ead,KO/TKO,1,Spike Carlyle,Aalon Cruz,300,3
810c9da07970c4a6,KO/TKO,3,Ciryl Gane,Tai Tuivasa,300,5
4bb7363bb03628f6,Decision - Unanimous,3,Demian Maia,Mario Miranda,300,3
6eaa4981d0335c8a,KO/TKO,1,Tai Tuivasa,Stefan Struve,300,3
5b6405eeb6757637,Submission,2,Magnus Cedenblad,Krzysztof Jotko,300,3
6068385c48de6801,KO/TKO,1,Jake Hadley,Malcolm Gordon,300,3
0aa5be9d0e75dd42,Decision - Unanimous,5,Jon Jones,Alexander Gustafsson,300,5
2e001d8c2f6106fc,Decision - Unanimous,3,Alatengheili,Batgerel Danaa,300,3
1f7566c90343a680,Submission,2,Jean Matsumoto,Dan Argueta,300,3
70aa6b8f863e6861,KO/TKO,2,Davey Grant,Jonathan Martinez,300,3
6d7eecf4acecda2a,KO/TKO,1,Jai Herbert,Khama Worthy,300,3
43e416795dbd10e9,Decision - Unanimous,3,Cub Swanson,Hacran Dias,300,3
5fcf18bcd2a020f1,Decision - Unanimous,3,JunYong Park,Ismail Naurdiev,300,3
1456a3f96ac7e35b,KO/TKO,2,Marcos Rogerio de Lima,Junior Tafa,300,3
58eda5a58a89f739,KO/TKO,1,Jacobe Smith,Preston Parsons,300,3
0daf776bd222daad,Decision - Majority,3,Sam Hughes,Istela Nunes,300,3
2cdf841a057d9039,Decision - Unanimous,3,Urijah Faber,Brad Pickett,300,3
9e99536eae6d709b,KO/TKO,3,Jeremy Stephens,Rafael Dos Anjos,300,3
a346180c8b109469,KO/TKO,2,Chris Curtis,Joaquin Buckley,300,3
ea535b46e0f69ad3,Decision - Unanimous,1,Chuck Liddell,Noe Hernandez,,
4b9ae533ccb3fcdf,Submission,1,Patrick Smith,Ray Wizard,,
ea824ac4b8ed8a35,Decision - Unanimous,3,Song Kenan,Ricky Glenn,300,3
d2cb92fdf6a497e9,Decision - Unanimous,3,Vinicius Oliveira,Kyler Phillips,300,3
11ca5d09db47708b,Decision - Split,3,Dan Hardy,Marcus Davis,300,3
62fbdd4f0bcd3c2a,KO/TKO,1,Ikram Aliskerov,Andre Muniz,300,3
64e1197b8d5d0706,Decision - Unanimous,3,Sean Spencer,Drew Dober,300,3
273f9520d75f3dac,KO/TKO,2,Elias Theodorou,Sheldon Westcott,300,3
af5b940f2c686524,Decision - Unanimous,3,Angela Hill,Loma Lookboonmee,300,3
1de799f17556b501,Decision - Split,3,Danny Silva,Lucas Almeida,300,3
9821faf6a5d6fd0d,Decision - Unanimous,3,Marcus Brimage,Stephen Bass,300,3
3a38b0b566f3045d,Decision - Split,3,Andre Ewell,Irwin Rivera,300,3
cb902d73389ed34b,KO/TKO,1,Quillan Salkilld,Nasrat Haqparast,300,3
034cbbec91f67852,KO/TKO,1,Montel Jackson,Rani Yahya,300,3
c483ac06b1e33c3b,Decision - Majority,5,Leon Edwards,Kamaru Usman,300,5
430309e0f8a315d5,Decision - Unanimous,3,Journey Newson,Fernie Garcia,300,3
0a4247ba4ae1cca5,Decision - Unanimous,3,Andre Fili,Myles Jury,300,3
c8f946610906bffe,Decision - Split,3,Ryan Benoit,Fredy Serrano,300,3
15311d4b33d93004,Decision - Unanimous,3,Mark Madsen,Vinc Pichel,300,3
75523d31940c9344,Decision - Unanimous,3,Raoni Barcelos,Said Nurmagomedov,300,3
c4caa8a4f32a0eed,Decision - Unanimous,3,Fares Ziam,Jai Herbert,300,3
b810951e39a0af1b,Decision - Unanimous,3,Diego Ferreira,Olivier Aubin-Mercier,300,3
068e118edac9e057,Decision - Split,3,Keith Jardine,Chuck Liddell,300,3
8f9b16f170dbdbb6,KO/TKO,1,Anthony Smith,Rashad Evans,300,3
cf04a408cedb37ff,Decision - Unanimous,3,Forrest Griffin,Tito Ortiz,300,3
920b8aae22c04f13,KO/TKO,1,Sam Alvey,Dylan Andrews,300,3
c4785ee94698e532,Decision - Majority,3,TIE,TIE,300,3
30eb24f7904c2128,KO/TKO,1,Khaos Williams,Abdul Razak Alhassan,300,3
867904bc58d656df,KO/TKO,3,DaMarques Johnson,Brad Blackburn,300,3
cdedc8f026307dd7,Submission,3,TJ Grant,Shane Roller,300,3
c3455ba522bb37eb,Decision - Unanimous,3,Bethe Correia,Jessamyn Duke,300,3
81d20c833e9a76eb,Decision - Majority,3,TIE,TIE,300,3
f2ced83baf0457fc,KO/TKO,1,Matt Brown,Court McGee,300,3
42e7cc48c31d8f29,Decision - Unanimous,3,Edson Barboza,Anthony Njokuani,300,3
b6620177ac975ff2,Decision - Split,3,Tim Boetsch,Hector Lombard,300,3
cd67f6ddb2920193,Decision - Unanimous,3,Curtis Blaydes,Mark Hunt,300,3
45f00a42a17f8e2a,KO/TKO,2,Bryan Battle,Kevin Jousset,300,3
5d8af316413ea2f7,Submission,3,Andre Lima,Daniel Barez,300,3
7259a1046143e632,KO/TKO,1,Edimilson Souza,Katsunori Kikuno,300,3
047d6739aa1d5c1e,Decision - Unanimous,3,Drew Dober,Jon Tuck,300,3
e835e9a4564db497,KO/TKO,4,Alexander Volkov,Fabricio Werdum,300,5
78410b48feaba213,Submission,3,Thales Leites,Chris Camozzi,300,3
24ff0bb908095565,Decision - Unanimous,3,Carlos Condit,Court McGee,300,3
58e21d505c082a9e,Decision - Unanimous,3,Aljamain Sterling,Jimmie Rivera,300,3
418b6f692abe9e35,Submission,1,James Vick,Jake Matthews,300,3
8f6dda53ea3b09c7,KO/TKO,2,Tony Ferguson,Anthony Pettis,300,3
6ed495c177d69a3a,Submission,2,Aliaskhab Khizriev,Denis Tiuliulin,300,3
dad759ec50508147,Decision - Unanimous,3,Gabriel Bonfim,Ange Loosa,300,3
8b9e9f283e76b429,Decision - Unanimous,3,Raquel Pennington,Marion Reneau,300,3
bb7df9a9c9a69914,Decision - Split,3,Daniel Roberts,Forrest Petz,300,3
22fdf7a08691db5d,Decision - Unanimous,3,Al Iaquinta,Piotr Hallmann,300,3
981e2f5a8e46a1f1,KO/TKO,3,Dan Henderson,Mauricio Rua,300,5
8ba089858a7d647b,KO/TKO,1,Cyrille Diabate,Luiz Cane,300,3
de78bdd8c734e8ab,KO/TKO,2,Amir Sadollah,DaMarques Johnson,300,3
537012aa6fb20f00,Decision - Unanimous,3,Tim Sylvia,Assuerio Silva,300,3
e5e3c3a055df3016,Decision - Unanimous,5,Georges St-Pierre,Nick Diaz,300,5
3dcb1a7b081afbe1,Submission,1,Aleksei Oleinik,Junior Albini,300,3
c0e8b02fd4a5e56c,Submission,2,Din Thomas,Rich Clementi,300,3
9e4dcac049327529,Decision - Split,3,Tony Gravely,Geraldo de Freitas,300,3
e59aabdfba9d6c45,KO/TKO,2,Thiago Santos,Jack Marshman,300,3
06a75406d3dd5cfd,Decision - Unanimous,3,Jorge Rivera,Dennis Hallman,300,3
4f7a7a0b67f085b3,KO/TKO,1,Cheick Kongo,Dan Evensen,300,3
345f0bd50451a321,Submission,2,Jimy Hettes,Alex Caceres,300,3
8c47c4b9503dd5b4,Decision - Unanimous,3,Ryan LaFlare,John Howard,300,3
5b49c3d36907c6df,Decision - Unanimous,3,Charles Radtke,Francisco Prado,300,3
e9700d51ec2b940b,Submission,2,Daniel Cormier,Derrick Lewis,300,5
9d9c2c8802d21887,KO/TKO,1,Andrei Arlovski,Ian Freeman,300,3
405c0b8d3960016d,KO/TKO,1,Derek Brunson,Lyoto Machida,300,5
26f876a7fb1020e1,TKO - Doctor's Stoppage,2,Jimi Manuwa,Kyle Kingsbury,300,3
aa3fca085d476636,Decision - Unanimous,3,Grant Dawson,Diego Ferreira,300,3
fe49ef11584415d0,Submission,1,Roan Carneiro,Mark Munoz,300,3
ef99fb08c6b06963,DQ,3,Matt Lindland,Ricardo Almeida,300,3
5a346087f4120fa3,KO/TKO,1,Matt Mitrione,Gabriel Gonzaga,300,3
4c05732d411d6412,Decision - Unanimous,3,Claudia Gadelha,Cortney Casey,300,3
b1af3bd0f8266a90,Decision - Unanimous,3,Emily Ducote,Jessica Penne,300,3
a2620cbef573a837,KO/TKO,1,Phil Hawes,Jacob Malkoun,300,3
30d0cab706e43838,Submission,1,Thiago Alves,Papy Abedi,300,3
775788423f5eeb99,Decision - Unanimous,3,Fares Ziam,Mike Davis,300,3
17daeb7e36e60cdf,Submission,2,Demian Maia,Neil Magny,300,3
530558f01ac425af,Decision - Unanimous,3,Danny Castillo,Paul Sass,300,3
b4a81d7eb4e42c1c,Decision - Split,3,Gray Maynard,Roger Huerta,300,3
03938272fb7c3971,Decision - Unanimous,3,Jacob Volkmann,Danny Castillo,300,3
c814ef3b3a26e2fe,Decision - Unanimous,3,Pannie Kianzad,Jessica-Rose Clark,300,3
98903717ea3dfc24,Submission,1,Magnus Cedenblad,Jared Hamman,300,3
836a188a90e479a5,Decision - Unanimous,3,Jean Silva,Arnold Allen,300,3
f1cc9169813c4a3e,KO/TKO,1,Ramazan Temirov,CJ Vergara,300,3
bee02eaf332eb7f1,Submission,1,Lee Murray,Jorge Rivera,300,3
20cefe64f4b28be8,KO/TKO,1,Adrian Yanez,Tony Kelley,300,3
3559cab3329e5431,Submission,3,Clay Guida,Rafael Dos Anjos,300,3
90a5ddd6738605d9,KO/TKO,2,Nordine Taleb,Erick Silva,300,3
fbc7d73f7bf60b9c,KO/TKO,1,Brad Tavares,Phil Baroni,300,3
c9d2abc25651a1a7,KO/TKO,3,Ricco Rodriguez,Andrei Arlovski,300,3
21751a3cc69e5aae,Decision - Unanimous,3,Mike Easton,Ivan Menjivar,300,3
692241119228cc82,KO/TKO,1,Michael Johnson,Dustin Poirier,300,5
73c70a628f0ef14b,Submission,3,Carla Esparza,Rose Namajunas,300,5
0ccc86f7d0e84c3e,TKO - Doctor's Stoppage,1,Jordan Wright,Ike Villanueva,300,3
78912b78aa946375,Submission,2,Jonathan Micallef,Oban Elliott,300,3
11f7bac5037a184c,Decision - Split,3,Trevin Giles,James Krause,300,3
6d6a1834e0d18f0c,Decision - Unanimous,3,Steven Siler,Kurt Holobaugh,300,3
f9b600343a31227b,KO/TKO,2,Fabricio Werdum,Gabriel Gonzaga,300,3
bdbddbc00d07dc4b,Decision - Unanimous,3,Rafa Garcia,Clay Guida,300,3
6ec62f8822843edf,KO/TKO,1,Dong Hyun Kim,Dominic Waters,300,3
74099d470e8d2765,Submission,1,Brunno Ferreira,Jackson McVey,300,3
830bf05d0ee635a1,KO/TKO,1,Alessio Sakara,Joe Vedepo,300,3
17affee2c796c225,KO/TKO,1,Alex Karalexis,Josh Rafferty,300,3
72372c31dee3cadc,Decision - Unanimous,3,Ross Pearson,Spencer Fisher,300,3
60162c95d921d1ae,Submission,1,Matt Schnell,Jordan Espinosa,300,3
1f52e665587dc645,Decision - Split,3,Ketlen Vieira,Cat Zingano,300,3
bf41783b9446891e,Decision - Unanimous,3,Zak Cummings,Trevor Smith,300,3
920665daa1261dbc,Decision - Unanimous,3,John Hathaway,Pascal Krauss,300,3
cce5b9dfe84630fa,KO/TKO,3,Kajan Johnson,Adriano Martins,300,3
09ab925c4cfe0cc5,KO/TKO,1,Dustin Ortiz,Matheus Nicolau,300,3
c74eef9b337602c6,KO/TKO,1,Justin Eilers,Mike Kyle,300,3
562d3261ca7bdf01,Decision - Unanimous,3,Nicholas Musoke,Alexander Yakovlev,300,3
9b9591a4f7febe32,Decision - Unanimous,5,Demetrious Johnson,John Dodson,300,5
93c4b798134c71d4,KO/TKO,1,Vitor Belfort,Dan Henderson,300,5
bbb810f50d60b31a,Decision - Unanimous,3,Ramsey Nijem,Justin Edwards,300,3
7510b0c96f5707ea,KO/TKO,1,Maycee Barber,Gillian Robertson,300,3
8f5e57a21383fa87,KO/TKO,1,Jess Liaudin,Anthony Torres,300,3
bf6857338637013b,Decision - Unanimous,3,Rani Yahya,Josh Clopton,300,3
d361b51952944a26,Submission,3,Georges St-Pierre,Michael Bisping,300,5
79865287be90e4be,Submission,2,Charles Oliveira,Mateusz Gamrot,300,5
2c0cddd12deb7450,KO/TKO,1,Jairzinho Rozenstruik,Augusto Sakai,300,5
68ba4aca75b02496,KO/TKO,3,Anthony Rocco Martin,Ryan LaFlare,300,3
57871671074ceb4c,Decision - Unanimous,3,Andrei Arlovski,Fabricio Werdum,300,3
01f262b68a6a2223,Decision - Split,3,Matheus Nicolau,Manel Kape,300,3
3627f5133ce55902,Submission,2,Ben Rothwell,Chris Barnett,300,3
ba6093c9136f99e9,Decision - Unanimous,3,Carlos Felipe,Yorgan De Castro,300,3
51e684bfce8d94aa,KO/TKO,2,Jeremy Stephens,Dooho Choi,300,5
6257627ba49e42ab,Decision - Unanimous,3,John Dodson,Zach Makovsky,300,3
31c4518a1e71c050,KO/TKO,2,Alex White,Mitch Clarke,300,3
c2fc4c1e0c769655,KO/TKO,2,Dricus Du Plessis,Derek Brunson,300,3
751f2796809d2a6f,Decision - Unanimous,3,Urijah Faber,Iuri Alcantara,300,3
499557c33e67deaf,KO/TKO,3,Patrick Cote,Joshua Burkman,300,3
e92abaf81ad5949b,TKO - Doctor's Stoppage,1,Steve Nelmark,Tai Bowden,,
0ddf834a47533d15,KO/TKO,2,Cody Garbrandt,Raphael Assuncao,300,3
3fc4d9f17be8d003,KO/TKO,2,Bas Rutten,Tsuyoshi Kohsaka,,
24581e2b39fe3319,Submission,2,Charles Jourdain,Victor Henry,300,3
438fbdd4cf27e324,Decision - Unanimous,3,Rashad Coulter,Hu Yaozong,300,3
8a8fea2c10512434,Submission,3,Julian Erosa,Sean Woodson,300,3
a6b211d8dab5edec,Decision - Split,3,Jeisla Chaves,Yuneisy Duben,300,3
72a3ec0672871ab4,DQ,1,Patrick Cote,Alessio Sakara,300,3
ea9edb20f527b49e,TKO - Doctor's Stoppage,3,Jesse Lennox,Danillo Villefort,300,3
1f9ac1648b8e501e,Decision - Unanimous,3,Ryan LaFlare,Roan Carneiro,300,3
08489fdfb56ee19c,Decision - Split,3,Andre Fili,Cub Swanson,300,3
0eac602503b48b1a,Submission,2,Leonardo Santos,Anthony Rocco Martin,300,3
f8c9a597f719d75c,Decision - Unanimous,3,Jorge Masvidal,Pat Healy,300,3
9f66d450af690df5,Decision - Split,3,MarQuel Mederos,Austin Hubbard,300,3
a91fdb21a7ff52e5,Decision - Split,3,Montana De La Rosa,Andrea Lee,300,3
5aeac72404dd7c6d,Submission,2,Piotr Hallmann,Francisco Trinaldo,300,3
cd3bb8a2824fbf22,Decision - Unanimous,3,Alexander Volkov,Sergei Pavlovich,300,3
c6c37a9e8990baba,KO/TKO,1,Rafael Cavalcante,Igor Pokrajac,300,3
c06eaf92bdfde8e6,Decision - Unanimous,3,Eric Shelton,Jenel Lausa,300,3
58b7b23b46f4ccd6,Submission,1,Tony Ferguson,Mike Rio,300,3
6e26a6293ea6ba62,KO/TKO,2,Gillian Robertson,Marina Rodriguez,300,3
412735f3e0b66ea6,Decision - Split,3,Shamil Abdurakhimov,Walt Harris,300,3
b7b867eb3c3cf163,Decision - Unanimous,3,Charles Oliveira,Tony Ferguson,300,3
d22c19fd92426567,Submission,2,Nikita Krylov,Ovince Saint Preux,300,3
154138c8fc89c315,Submission,3,Reinier de Ridder,Gerald Meerschaert,300,3
88933cf1edd83034,Decision - Unanimous,3,Daron Cruickshank,Anthony Njokuani,300,3
06b3226c34c17001,KO/TKO,1,Carlston Harris,Impa Kasanganay,300,3
3c98739eb42f96bf,Submission,2,Shavkat Rakhmonov,Neil Magny,300,3
151f9966cae7682c,Submission,1,Roland Delorme,Nick Denis,300,3
307b12b9f08a4cbf,KO/TKO,1,Cub Swanson,Charles Oliveira,300,3
83a0fff04494bfc4,Decision - Majority,3,TIE,TIE,300,3
2e5a301f042f1fd6,KO/TKO,1,Kendall Grove,Chris Price,300,3
1574bb7476c9e556,KO/TKO,1,Sam Alvey,Cezar Ferreira,300,3
94c1844d487490ef,KO/TKO,1,Spencer Fisher,Dan Lauzon,300,3
92c1d9a6d313cb0c,Decision - Unanimous,3,Michael Johnson,Marc Diakiese,300,3
d1c519260c0ddf3a,Submission,1,Tyson Pedro,Khalil Rountree Jr.,300,3
b3044bf646306e7f,Decision - Unanimous,3,Nursulton Ruziboev,Dustin Stoltzfus,300,3
fc8ad0c7fc70dde7,Decision - Unanimous,3,Diego Lopes,Dan Ige,300,3
357f438c15e1326f,Submission,1,Renato Sobral,Mike van Arsdale,300,3
149d6b90f33634a4,Decision - Unanimous,5,Marina Rodriguez,Mackenzie Dern,300,5
fd2f0f36b1eb5f83,Decision - Unanimous,3,Nate Marquardt,Ivan Salaverry,300,3
dcee56e0cbfacb45,Decision - Unanimous,3,Kevin Lee,Michel Prazeres,300,3
bd4d2522cb0d1a23,KO/TKO,3,Amanda Ribas,Luana Pinheiro,300,3
b4407dd3627c1675,Decision - Unanimous,3,Francisco Rivera,Alex Soto,300,3
3bcbb0e039f4f5d8,Submission,1,Jake Collier,Chase Sherman,300,3
e6ce8360ef43891c,KO/TKO,3,Felicia Spencer,Leah Letson,300,3
3c27780140809908,Submission,1,Pete Spratt,Zach Light,300,3
a99c3328e25c51c7,Decision - Unanimous,3,Gabriel Gonzaga,Konstantin Erokhin,300,3
178c4926223dca0c,Decision - Unanimous,3,Neil Magny,Geoff Neal,300,3
a507bfa374885a25,KO/TKO,1,Andrei Arlovski,Justin Eilers,300,5
6158150558be0edf,Decision - Unanimous,2,Joe Moreira,Yuri Vaulin,,
feaf740e3ae53b7c,Decision - Split,3,Shane Burgos,Cub Swanson,300,3
0b633295d9e017a3,Submission,2,Julianna Pena,Amanda Nunes,300,5
37a8c442fb38db75,Decision - Unanimous,3,Ryan Hall,Darren Elkins,300,3
08602f790f09d949,KO/TKO,1,Mark Munoz,CB Dollaway,300,3
278b965694e563b2,Submission,1,Aleksei Oleinik,Jared Vanderaa,300,3
6ae2cd7feede5a33,KO/TKO,2,Rich Franklin,Travis Lutter,300,3
2cd6330ef18210b9,KO/TKO,1,Joe Slick,Jason DeLucia,300,3
ae0a91c8f92f4758,Decision - Unanimous,3,Jean Matsumoto,Bekzat Almakhan,300,3
25f3e4fa781c1c8a,Decision - Unanimous,3,Manon Fiorot,Katlyn Cerminara,300,3
977e56ada4acc596,TKO - Doctor's Stoppage,3,Randy Couture,Vitor Belfort,300,5
77862f580ce9bca8,Decision - Unanimous,3,Michihiro Omigawa,Jason Young,300,3
f01851055b8309e0,KO/TKO,2,Fatima Kline,Viktoriia Dudakova,300,3
9172138df0d70cb0,Submission,2,Kenny Florian,Clay Guida,300,3
9cb4196446f3ce79,Submission,3,Julio Arce,Daniel Teymur,300,3
1378fc2be3819b2b,KO/TKO,1,Ricardo Ramos,Danny Chavez,300,3
edcb573f1462846e,KO/TKO,5,TJ Dillashaw,Renan Barao,300,5
2b2a50d442da2b84,DQ,1,James Irvin,Luiz Cane,300,3
a255ed658a2ac9bb,Decision - Unanimous,3,Darren Stewart,Bevon Lewis,300,3
fadb129e71d8fc22,Decision - Unanimous,3,Dhiego Lima,Jorge de Oliveira,300,3
816662e622987a14,Decision - Unanimous,5,Leon Edwards,Rafael Dos Anjos,300,5
f6246d2b9f663e33,KO/TKO,2,Matt Mitrione,Marcus Jones,300,3
b3f1253d0a991791,Decision - Unanimous,3,Trey Ogden,Loik Radzhabov,300,3
81b0c08f7503e79a,Submission,1,Scott Adams,Ian Freeman,300,2
a637cd1012af870f,KO/TKO,3,Alex Oliveira,Piotr Hallmann,300,3
1e603e6aa6d1a750,KO/TKO,1,Conor McGregor,Diego Brandao,300,5
87b61c1d72232a84,Decision - Split,3,Leonardo Santos,Adriano Martins,300,3
2be2c9ddfbee0cd4,KO/TKO,2,Glover Teixeira,Patrick Cummins,300,3
537b3cef39d2d573,KO/TKO,3,Thiago Moises,Mitch Ramirez,300,3
d39ce3ecd3fbdadf,Decision - Unanimous,3,Stephan Bonnar,Keith Jardine,300,3
37d988593cb5f14a,Decision - Unanimous,3,Sean Pierson,Matthew Riddle,300,3
8cd583f6d10692bc,Decision - Unanimous,3,Mario Bautista,Jay Perrin,300,3
4fa02674b920ff0a,Decision - Unanimous,3,Dustin Poirier,Joe Duffy,300,3
e94d7bfb0c92e30d,KO/TKO,1,Gabriel Gonzaga,Josh Hendricks,300,3
e57a78a422439774,Decision - Unanimous,3,Ricky Simon,Montel Jackson,300,3
d684d8b02ab53031,Submission,3,Casey O'Neill,Lara Procopio,300,3
4a789cdd5aaf4439,Decision - Split,3,JunYong Park,Eryk Anders,300,3
cf3a93dd5460593c,Decision - Unanimous,3,Darren Elkins,Robert Whiteford,300,3
5f7111b982bcf6e3,Decision - Unanimous,3,Ketlen Vieira,Jacqueline Cavalcanti,300,3
e5461559114e30ff,Submission,3,Matheus Nicolau,Bruno Korea,300,3
f4a2806f77ac1cdc,KO/TKO,1,Jessica Andrade,Cynthia Calvillo,300,3
f519753cc38362d0,Decision - Unanimous,3,James Vick,Glaico Franca Moreira,300,3
de1124dba8c1a1b0,Decision - Unanimous,3,Sean Pierson,Lance Benoist,300,3
9c3c0818f0c32768,Decision - Unanimous,5,Georges St-Pierre,Jake Shields,300,5
96704d7ba3a452d9,KO/TKO,3,Max Holloway,Chan Sung Jung,300,5
f0c4aff7dd1ec4e9,Decision - Unanimous,3,Yan Xiaonan,Tabatha Ricci,300,3
826b03504b9bad4e,Decision - Unanimous,3,Caol Uno,Din Thomas,300,3
4c7e55061dc3bf89,Submission,1,Muhammad Mokaev,Cody Durden,300,3
4ce53d8a26693f06,Decision - Unanimous,3,Jake Matthews,Francisco Prado,300,3
c0982b3919cc74f0,KO/TKO,1,Eryk Anders,Vinicius Moreira,300,3
4d9d371b8db6fb91,Decision - Unanimous,3,Jessica Andrade,Tecia Pennington,300,3
5ac1725f775c6f00,KO/TKO,2,Steve Garcia,Melquizael Costa,300,3
5ff0c4c6006f0873,KO/TKO,1,Myles Jury,Takanori Gomi,300,3
8182dbc752c71137,Submission,2,Anthony Hernandez,JunYong Park,300,3
3aa49ed298e4c34f,Submission,1,Karine Silva,Poliana Botelho,300,3
3d35f25d9792a69a,KO/TKO,2,Jonathan Pearce,Makwan Amirkhani,300,3
3a932a4cacacc939,KO/TKO,1,Fredy Serrano,Yao Zhikui,300,3
849cc2c331e9b24f,Decision - Unanimous,3,Tracy Cortez,Stephanie Egger,300,3
0f88658e787815c8,KO/TKO,1,Dan Hooker,Jim Miller,300,3
2fec2ba8ea346a3a,Decision - Unanimous,3,Jon Madsen,Mostapha Al-Turk,300,3
387bdcc2ca8709c1,Submission,1,Kalib Starnes,Danny Abbadi,300,3
d4c314616eac8f8b,Decision - Unanimous,3,Jimmie Rivera,Cody Stamann,300,3
db1be0ca226d3a2f,KO/TKO,3,Brian Ortega,Clay Guida,300,3
83d59f5e52e0ac46,Decision - Unanimous,3,Brad Riddell,Jamie Mullarkey,300,3
16da233dcf7fecc8,KO/TKO,1,Ricardo Lamas,Matt Grice,300,3
2e1435c160bfe8b2,Submission,2,Daniel Zellhuber,Christos Giagos,300,3
f747701638da90ae,KO/TKO,2,Robbie Lawler,Bobby Voelker,300,3
3f76035e52e8819b,Submission,3,Julian Erosa,Charles Jourdain,300,3
049659c5a58ebb61,Submission,3,Chris Leben,Yoshihiro Akiyama,300,3
bfb7d17161aec938,Decision - Unanimous,3,Andrei Arlovski,Stefan Struve,300,3
1b02588149d126bf,Decision - Split,3,Caolan Loughran,Nathan Fletcher,300,3
adede42d4c20494c,Decision - Unanimous,3,Thiago Silva,Matt Hamill,300,3
03c2a836d033be8f,Decision - Unanimous,5,Zhang Weili,Tatiana Suarez,300,5
0e9b7e682e0a79f1,Submission,3,Erick Silva,Luan Chagas,300,3
d77a72e3fa8db853,KO/TKO,2,Pat Barry,Antoni Hardonk,300,3
4ec5d9bd1442e6c1,KO/TKO,2,Dricus Du Plessis,Robert Whittaker,300,3
0051d7fbb7893d27,Decision - Unanimous,3,Cole Miller,Andy Ogle,300,3
0e3af9b5e1b3ae80,Decision - Unanimous,3,Kyler Phillips,Gabriel Silva,300,3
af4cbb9072814a86,KO/TKO,1,Junior Dos Santos,Fabricio Werdum,300,3
1de342e9309c5f0f,Submission,2,Gerald Meerschaert,Makhmud Muradov,300,3
adb411b0f418ce33,Decision - Unanimous,3,Mizuki,Hannah Goldy,300,3
c5f0c83e303d80bf,Decision - Unanimous,3,Katlyn Cerminara,Mara Romero Borella,300,3
52565f62fb3822db,Decision - Split,3,Makwan Amirkhani,Jason Knight,300,3
5ae5eb729c6bb169,Decision - Unanimous,5,Marlon Vera,Rob Font,300,5
15f48dd8cf8ae455,Decision - Unanimous,3,Randy Brown,Matt Dwyer,300,3
aebdb007f8d1348a,KO/TKO,1,Jeremy Kimball,Josh Stansbury,300,3
c47796e11a801e12,Submission,3,Bryce Mitchell,Santiago Luna,300,3
d1bee15e60ee6721,Submission,1,Ovince Saint Preux,Yushin Okami,300,5
d61a7b593218234b,Submission,2,Beneil Dariush,Daron Cruickshank,300,3
676561d9690ce31d,Decision - Unanimous,3,Song Kenan,Derrick Krantz,300,3
a6b328733d610e2b,KO/TKO,3,Geoff Neal,Vicente Luque,300,3
3209bcfaf95de90b,Submission,2,Impa Kasanganay,Sasha Palatnikov,300,3
dfa2fda311df08cf,Decision - Unanimous,3,Viviane Araujo,Alexis Davis,300,3
c547b3e95bcc5f24,KO/TKO,3,Julia Polastri,Karolina Kowalkiewicz,300,3
bb31c77bddd1317e,Decision - Unanimous,3,Sara McMann,Karol Rosa,300,3
fa6e8fa6c3f05e31,KO/TKO,2,Sean Strickland,Brendan Allen,300,3
b3bb90f5a2aa0d7c,Decision - Split,3,Myles Jury,Mike Ricci,300,3
7af713ee9e3006eb,Decision - Split,3,Takeya Mizugaki,Bryan Caraway,300,3
4af9088a165c7751,KO/TKO,1,Nik Lentz,Eiji Mitsuoka,300,3
5d839e4eda09d6e4,Decision - Unanimous,3,Conor McGregor,Max Holloway,300,3
47f9c14a7dca1ad7,TKO - Doctor's Stoppage,1,Miranda Maverick,Liana Jojua,300,3
0a0beb5aa9810de4,Decision - Unanimous,3,Jasmine Jasudavicius,Kay Hansen,300,3
4d3cbc7608c8958e,KO/TKO,3,Jeremy Stephens,Dennis Bermudez,300,3
9d8a37f130db13e5,KO/TKO,3,Manel Kape,Asu Almabayev,300,5
56c7c59c9bb3b610,Submission,1,Charles Oliveira,Will Brooks,300,3
2560ea97b2cce4ef,KO/TKO,3,Jiri Prochazka,Khalil Rountree Jr.,300,3
5bff1ece35abac7f,KO/TKO,1,Scott Askham,Chris Dempsey,300,3
85b5d59f8eea976a,Submission,2,Zhang Weili,Carla Esparza,300,5
4804776154430aad,Submission,2,Iuri Alcantara,Luke Sanders,300,3
d7be78c400e7e0f9,Submission,1,Terrance McKinney,Viacheslav Borshchev,300,3
3bebd99d5f94bec7,Decision - Unanimous,3,Carlos Ulberg,Fabio Cherant,300,3
0cced3b02b6b1b95,KO/TKO,1,Antonio Silva,Travis Browne,300,5
c2c20a04a78d9143,KO/TKO,1,Malcolm Wellmaker,Cameron Saaiman,300,3
78b506e5092a27fd,Decision - Unanimous,3,Ronaldo Rodriguez,Ode Osbourne,300,3
20a83369ee44e1d4,Submission,1,Derek Brunson,Brian Houston,300,3
8afc674a60abab61,KO/TKO,1,Matt Hamill,Rex Holman,300,3
e3b5f66198161226,TKO - Doctor's Stoppage,1,Cheick Kongo,Gilbert Aldana,300,3
f4d9138ba502b7ec,KO/TKO,1,Derrick Lewis,Gabriel Gonzaga,300,3
2d8db91f91f68069,KO/TKO,2,Chas Skelly,Mark Striegl,300,3
4210f9b11debf1fc,Decision - Unanimous,3,Luke Sanders,Patrick Williams,300,3
d5a0e8c67ed8abe0,Decision - Unanimous,3,Sean Sherk,Tyson Griffin,300,3
4f42acd810ed5173,Decision - Unanimous,3,Arjan Bhullar,Marcelo Golm,300,3
63605e9f3e71d738,Decision - Unanimous,3,Alatengheili,Kleydson Rodrigues,300,3
bd59c07a106d331b,Decision - Unanimous,3,Felice Herrig,Justine Kish,300,3
e66eebeff23ceb1e,Submission,2,Phillip Miller,Mark Weir,300,3
fff3218758c513b8,Decision - Unanimous,3,Daria Zhelezniakova,Melissa Mullins,300,3
0eccebee160137b1,Decision - Unanimous,3,Virna Jandiroba,Yan Xiaonan,300,3
53ed3f8f653b37b2,TKO - Doctor's Stoppage,2,Virna Jandiroba,Kanako Murata,300,3
e30250daa73005a8,KO/TKO,1,Nursulton Ruziboev,Sedriques Dumas,300,3
cc11a0762f246fa4,Decision - Unanimous,3,Lerone Murphy,Dan Ige,300,3
1572dbb2433d2201,KO/TKO,1,Mauricio Rua,Lyoto Machida,300,5
420211200a35c1d1,KO/TKO,1,Sam Patterson,Trey Waters,300,3
06d6cde7479711ee,KO/TKO,1,Victor Altamirano,Daniel Lacerda,300,3
21be9181725ab599,Decision - Unanimous,3,Yana Santos,Lina Lansberg,300,3
eebf672428b168b7,Submission,1,Jeremy Horn,Jason Godsey,300,3
42922bab8a3e1828,Decision - Unanimous,3,Randy Brown,Wellington Turman,300,3
cab532b4544580bd,Decision - Split,3,Andre Fili,Charles Jourdain,300,3
98c29ba02cee5ba3,KO/TKO,2,Grant Dawson,Rafa Garcia,300,3
fd92fe0c494d0959,Submission,1,Amanda Nunes,Megan Anderson,300,5
c812457a810dde39,Decision - Split,3,Modestas Bukauskas,Ion Cutelaba,300,3
14dbcdbe8e7251bf,Submission,1,Gadzhimurad Antigulov,Joachim Christensen,300,3
144443d4dbf43990,Decision - Unanimous,3,Jennifer Maia,Maryna Moroz,300,3
6397fba14ce7f674,KO/TKO,1,Mark Coleman,Don Frye,,
3ce9fb5e3bdee7b0,Decision - Unanimous,3,Brandon Vera,Eliot Marshall,300,3
a6cb909888f6a495,Submission,2,Din Thomas,Jeremy Stephens,300,3
4c9047d1c1bc1e29,KO/TKO,1,Renan Barao,Urijah Faber,300,5
9a8964b148cb5923,Decision - Split,5,Aljamain Sterling,Petr Yan,300,5
0bc354fbb6e99ab6,Decision - Unanimous,3,Arjan Bhullar,Juan Adams,300,3
812ff38f0ed409ca,KO/TKO,1,Michael Bisping,Luke Rockhold,300,5
b2b6cf87cde17136,Decision - Unanimous,3,Johnny Case,Francisco Trevino,300,3
2963e9a4b8c10bc9,Submission,1,Jerry Bohlander,Nick Sanzo,,
dfe14e13aa727a0c,Decision - Split,5,Frankie Edgar,Pedro Munhoz,300,5
7291a111058dbf0e,Decision - Unanimous,5,Anderson Silva,Thales Leites,300,5
55139052f4641670,Decision - Unanimous,3,TJ Dillashaw,Mike Easton,300,3
677910683d0fd88b,Decision - Unanimous,5,Robbie Lawler,Matt Brown,300,5
9231cef371b89a46,Submission,3,Demian Maia,Matt Brown,300,3
e7b5a8c97106ca60,Decision - Unanimous,3,Naoki Inoue,Carls John De Tomas,300,3
cb745968bd16bf56,Decision - Unanimous,3,Joselyne Edwards,Norma Dumont,300,3
0a598768f5c8d540,Decision - Unanimous,3,Martin Buday,Marcus Buchecha,300,3
314aea77cd24210f,Decision - Split,3,Danielle Taylor,Seo Hee Ham,300,3
cb720b01fd6f9785,Submission,1,Gustavo Lopez,Anthony Birchak,300,3
c57a4810c932b296,KO/TKO,1,Khalil Rountree Jr.,Chris Daukaus,300,3
bb881d4ee6dfbf86,Decision - Unanimous,3,Grant Dawson,Nad Narimani,300,3
04970dfa4d531e39,KO/TKO,1,Sam Alvey,Marcin Prachnio,300,3
eb6d9fef6c374830,KO/TKO,3,Carlos Prates,Jack Della Maddalena,300,5
3ea7d69a1238f26a,KO/TKO,2,Christian Leroy Duncan,Claudio Ribeiro,300,3
10cff9ac7ce89c28,Decision - Unanimous,3,Douglas Silva de Andrade,Cody Gibson,300,3
7cbfeba85f86d1bf,KO/TKO,3,Rafa Garcia,Jared Gordon,300,3
1cb28e867dd749b8,Decision - Split,3,Jake O'Brien,Christian Wellisch,300,3
5e3779f7c1c39679,Decision - Unanimous,3,Andrew Sanchez,Markus Perez,300,3
17067cf55726c673,Submission,2,Stefan Struve,Daniel Omielanczuk,300,3
8db5cf5df713a7e9,Decision - Unanimous,3,Muin Gafurov,Kyung Ho Kang,300,3
a564219e7a964aa6,KO/TKO,2,Brando Pericic,Shamil Gaziev,300,3
80cb3cf9134b677c,Decision - Split,5,Rafael Dos Anjos,Paul Felder,300,5
fea3a0643218e16b,Submission,3,Brady Hiestand,Garrett Armfield,300,3
491b7d974254596d,KO/TKO,2,Jairzinho Rozenstruik,Junior Albini,300,3
ea63f56779100678,KO/TKO,3,Chad Anheliger,Jesse Strader,300,3
a81ad236a2f221f2,KO/TKO,1,Michael Morales,Gilbert Burns,300,5
9e21a8dea9663e26,KO/TKO,1,Alexander Hernandez,Beneil Dariush,300,3
01f7c28804746979,Decision - Split,3,Arman Tsarukyan,Charles Oliveira,300,3
5cad3ab6553e9ec9,Submission,2,Damon Jackson,Kamuela Kirk,300,3
2e12db181792090f,KO/TKO,1,Daniel Omielanczuk,Chris de la Rocha,300,3
6453b20a65c62cfe,Decision - Unanimous,3,Frankie Edgar,Charles Oliveira,300,3
2a1826612a7d739c,Decision - Unanimous,3,Maryna Moroz,Mayra Bueno Silva,300,3
43de9ff6064361e1,Decision - Unanimous,3,Sedriques Dumas,Abu Azaitar,300,3
14c505d7ad55883c,Decision - Unanimous,3,Magomed Ankalaev,Klidson Abreu,300,3
47c140debc977214,KO/TKO,1,Vicente Luque,Chad Laprise,300,3
72e477b41f44e358,KO/TKO,1,Ateba Gautier,Robert Valentin,300,3
8e4439cdc98d0644,Submission,1,Erik Perez,John Albert,300,3
f6d078e9fe7d17c8,TKO - Doctor's Stoppage,5,BJ Penn,Diego Sanchez,300,5
d85c76a61a820be9,Submission,2,Darren Elkins,Michael Johnson,300,3
23e96ddeb14b5936,KO/TKO,1,Johnny Eduardo,Eddie Wineland,300,3
fc45644c62643c71,Decision - Split,3,Brian Ebersole,John Howard,300,3
bae4de7ef8c0769e,Decision - Unanimous,3,Melissa Croden,Daria Zhelezniakova,300,3
824368db1ed8191f,Decision - Unanimous,3,Alex Garcia,Mike Swick,300,3
a37a6b6f9551a6e8,Decision - Unanimous,3,Jamie Mullarkey,Francisco Prado,300,3
c22de92b9d9030dc,Decision - Unanimous,3,Tabatha Ricci,Gillian Robertson,300,3
400aa8a24e1d8997,KO/TKO,1,Vitor Belfort,Marvin Eastman,300,3
d3ccf71e68480007,Decision - Split,5,Neil Magny,Kelvin Gastelum,300,5
cf38ced734978fb8,Decision - Unanimous,3,Chris Wade,Zhang Lipeng,300,3
77df989840c76a08,Decision - Unanimous,3,Lyoto Machida,Sam Hoger,300,3
e88c59ad88e9dc27,Submission,1,Dustin Poirier,Jonathan Brookins,300,3
2d39c26876246223,Submission,1,Michael Chiesa,Tony Ferguson,300,3
58c73a9562adcfe5,Decision - Split,3,Maryna Moroz,Danielle Taylor,300,3
ae989e21c3839b49,KO/TKO,1,Sergei Pavlovich,Shamil Abdurakhimov,300,3
486fbba33876da4b,Decision - Unanimous,3,Paddy Holohan,Vaughan Lee,300,3
fa9ec0b8c4b3a84a,Decision - Unanimous,3,Wilson Reis,Ben Nguyen,300,3
b8648b32caf36c5a,KO/TKO,1,Mirsad Bektic,Godofredo Pepey,300,3
6010f681e54ba2cd,Decision - Unanimous,3,Alatengheili,Chad Anheliger,300,3
9b6806203bc4875a,Submission,1,Ivan Menjivar,Azamat Gashimov,300,3
7d0ce28ce8a77eb1,TKO - Doctor's Stoppage,1,Dustin Poirier,Conor McGregor,300,5
b76590c02f86e705,Decision - Unanimous,3,Yan Xiaonan,Claudia Gadelha,300,3
01983cba42704c49,KO/TKO,1,Francis Ngannou,Cain Velasquez,300,5
5237736e6b37c609,KO/TKO,2,Ryan Bader,Ilir Latifi,300,3
8787d56f59bfb4c3,Decision - Unanimous,3,Brendan Schaub,Gabriel Gonzaga,300,3
fe1ce9e3a38a734b,Decision - Unanimous,3,Max Holloway,Pat Schilling,300,3
9a85303025a077b5,Submission,1,Rani Yahya,Josh Grispi,300,3
3cf4582b48302bb6,Submission,2,Marion Reneau,Sara McMann,300,3
70feb2bfc12b97d4,Decision - Unanimous,3,Justin Willis,Mark Hunt,300,3
4b790d75c4bc694c,Decision - Unanimous,3,Ruslan Magomedov,Shawn Jordan,300,3
903feee04bc91c59,Decision - Unanimous,3,Rolando Dy,Wulijiburen,300,3
ea6427379a83bd01,KO/TKO,1,Mansur Abdul-Malik,Dusko Todorovic,300,3
c7cbf6b47051fa7d,Decision - Unanimous,3,Frankie Saenz,Iuri Alcantara,300,3
444f0a732695dc81,KO/TKO,1,Jarjis Danho,Yorgan De Castro,300,3
636b01ee49925e49,KO/TKO,1,Nate Landwehr,Jamall Emmers,300,3
6eee347f75f223f0,Decision - Unanimous,3,Sergio Pettis,Yaotzin Meza,300,3
b74ecc368d3ecbc4,KO/TKO,1,Nate Marquardt,Martin Kampmann,300,3
e532ef88b8cb26d2,Decision - Unanimous,3,Richard Walsh,Chris Indich,300,3
36c2ce10809f17b3,Decision - Unanimous,3,Iuri Alcantara,Russell Doane,300,3
9192053a3884aadf,KO/TKO,1,Said Nurmagomedov,Ricardo Ramos,300,3
77f9b97f62f373b0,Decision - Unanimous,2,Shonie Carter,Brad Gumm,300,2
484cf23d5110ca04,Submission,1,Jim Miller,Yancy Medeiros,300,3
673a156925dfb31d,Submission,1,Manuel Torres,Chris Duncan,300,3
e3881a6895be3e9e,Decision - Split,3,Danny Roberts,Ramazan Emeev,300,3
a3e4322f55454897,KO/TKO,1,Jack Hermansson,Brad Scott,300,3
fd49f89b9d97566b,Submission,5,Jiri Prochazka,Glover Teixeira,300,5
25ab195cefbce1d0,Decision - Unanimous,3,Cristian Quinonez,Kris Moutinho,300,3
a69a6da9560ed62c,KO/TKO,2,Tim Means,Sabah Homasi,300,3
19fe7177254802d1,Decision - Split,3,Mairon Santos,Francis Marshall,300,3
de7cb625bdec0f91,Decision - Unanimous,3,Trey Ogden,Kurt Holobaugh,300,3
ae68274ab6f78cd8,Decision - Split,3,Martin Kampmann,Carlos Condit,300,3
19425b506594d5c7,KO/TKO,2,Matt Mitrione,Kevin Ferguson,300,3
ac9a8b73e58f3d71,Decision - Unanimous,3,Daniel Rodriguez,Mike Perry,300,3
8f301d4eb8e97449,KO/TKO,1,Cain Velasquez,Brock Lesnar,300,5
0486ad62f7dfd11e,KO/TKO,1,Tomasz Drwal,Mike Ciesnolevicz,300,3
cbe954d004415b51,Decision - Unanimous,3,Warlley Alves,Alan Jouban,300,3
aec1339028f3416c,KO/TKO,1,Chan Sung Jung,Renato Moicano,300,5
693e4a0bed9a1369,KO/TKO,2,Eugene Jackson,Royce Alger,300,3
62bb4ea8bf86790c,Submission,1,Paul Varelans,Mark Hall,,
58c5d506181812fa,Decision - Unanimous,3,Claudio Puelles,Jordan Leavitt,300,3
7aebf01b5afc0109,Decision - Split,3,John Makdessi,Ignacio Bahamondes,300,3
c84a29f426f1aab7,Decision - Unanimous,3,Iasmin Lucindo,Karolina Kowalkiewicz,300,3
48ac0e2cf3681cca,KO/TKO,2,Alexander Gustafsson,Matt Hamill,300,3
9d9390b550d77e06,KO/TKO,1,Waldo Cortes Acosta,Ante Delija,300,3
10976fbb37d41c43,KO/TKO,2,Hermes Franca,Caol Uno,300,3
ecb4534c0066c5f3,KO/TKO,5,Robbie Lawler,Rory MacDonald,300,5
85e57ad2b3831621,Submission,3,Charles Rosa,Sean Soriano,300,3
d23b05f33b741c47,KO/TKO,2,Jason Brilz,Brad Morris,300,3
c4eb14c3de579842,Decision - Unanimous,3,Priscila Cachoeira,Ji Yeon Kim,300,3
f0b2020d11a0cf94,Submission,2,Pat Miletich,John Alessio,300,3
2f715933d0626544,Decision - Unanimous,3,Diego Nunes,Manvel Gamburyan,300,3
3818a33c9103c88f,Decision - Split,3,Alan Belcher,Ed Herman,300,3
0e969ae805006d1f,KO/TKO,1,Modestas Bukauskas,Andreas Michailidis,300,3
6242126d8d06a7ca,Submission,1,Ilir Latifi,Cyrille Diabate,300,3
df0d3dec831e2142,Submission,3,Rafael Natal,Sean Spencer,300,3
5098d052525da54f,Submission,1,Volkan Oezdemir,Bogdan Guskov,300,3
753004dcc9c53eb6,Submission,4,Benson Henderson,Rustam Khabilov,300,5
5c783cd188425783,Decision - Unanimous,3,Farid Basharat,Victor Hugo,300,3
e52318719d839d2d,Submission,2,Rose Namajunas,Michelle Waterson-Gomez,300,3
f92e8d6c96306013,Submission,2,Randy Couture,Mark Coleman,300,3
1d3c1dedfba6eddc,Submission,2,Frank Shamrock,Jeremy Horn,,
1a50d5c7e1e5c058,KO/TKO,2,Montana De La Rosa,Ariane da Silva,300,3
6451724f8a836167,KO/TKO,1,Thiago Santos,Andy Enz,300,3
de7eec13356baebe,Decision - Unanimous,3,Dong Hyun Kim,Nate Diaz,300,3
ec20620c294a49a4,Decision - Unanimous,3,Aaron Simpson,Brad Tavares,300,3
69bde5bae0d6ec4f,Decision - Unanimous,3,Andre Lima,Felipe dos Santos,300,3
206b8c14546d71f1,Decision - Unanimous,3,Ramazan Temirov,Charles Johnson,300,3
ec434314c5438fc7,KO/TKO,1,Tom Aspinall,Curtis Blaydes,300,5
1330b5c21269fe92,Decision - Unanimous,5,Lone'er Kavanagh,Brandon Moreno,300,5
99aa1f28e22bb6dd,Decision - Unanimous,3,Navajo Stirling,Ivan Erslan,300,3
f02fed4e98048471,Decision - Unanimous,3,Gregory Rodrigues,Christian Leroy Duncan,300,3
68c1b833ed8849a3,Submission,2,Gillian Robertson,Piera Rodriguez,300,3
1a0031e2072f21b6,Submission,5,Islam Makhachev,Dustin Poirier,300,5
b12bc15f384ecc42,KO/TKO,2,Derrick Lewis,Curtis Blaydes,300,5
2c39797c6574ff29,Decision - Unanimous,3,Sam Alvey,Alex Nicholson,300,3
440936f9db783997,Submission,2,Stefan Struve,Denis Stojnic,300,3
0b557aeb2169b59f,Submission,1,Pedro Munhoz,Rob Font,300,3
f39941b3743bf18c,Decision - Unanimous,5,Merab Dvalishvili,Umar Nurmagomedov,300,5
d851cbbbdfd05a49,Decision - Unanimous,3,King Green,Clay Guida,300,3
ac9e19a4075f6557,Decision - Unanimous,3,Aljamain Sterling,Renan Barao,300,3
140937779a2466a7,KO/TKO,1,Brando Pericic,Elisha Ellison,300,3
4182524382590e07,Decision - Split,3,Jon Madsen,Justin Wren,300,3
040ecf01338dff9e,Submission,1,Dan Severn,Anthony Macias,,
17ee4caf06981b81,Submission,1,Remco Pardoel,Alberta Cerra Leon,,
adc1b34f6988bd68,TKO - Doctor's Stoppage,2,Clint Hester,Dylan Andrews,300,3
97b32ff27fd457a8,Submission,2,Quang Le,Gaston Bolanos,300,3
18ba44e67d5c5f38,Decision - Unanimous,3,Charles Oliveira,Jeremy Stephens,300,3
c078544a32e18ba3,Decision - Unanimous,2,TIE,TIE,300,2
c742bd1673635ded,KO/TKO,1,Terry Martin,Jorge Rivera,300,3
2f414494f2b6f426,Submission,1,Macy Chiasson,Pannie Kianzad,300,3
b4cfb34e8224fd77,Decision - Split,3,Charles Johnson,Zhalgas Zhumagulov,300,3
86dff1593d8b9a1f,KO/TKO,1,Steve Garcia,Chase Hooper,300,3
391d458db6dae33b,Decision - Unanimous,5,Joanna Jedrzejczyk,Valerie Letourneau,300,5
af6eeea1cfe33240,Submission,3,Abus Magomedov,Brunno Ferreira,300,3
26173f6491300eaa,Decision - Unanimous,3,Nasrat Haqparast,Alexander Munoz,300,3
8a1aa64eb1f17913,KO/TKO,2,Michael Johnson,Alan Patrick,300,3
7cde85d46dc0bebe,KO/TKO,1,Tyron Woodley,Dong Hyun Kim,300,3
77c1e127c1be9983,Decision - Majority,3,Mike Easton,Jared Papazian,300,3
389b7ca84b333c4c,Decision - Split,3,Chris Leben,Patrick Cote,300,3
b6a6ba08898f3b6a,Decision - Unanimous,3,Karolina Kowalkiewicz,Diana Belbita,300,3
41eb39f532e148d9,Submission,1,Marvin Vettori,Alberto Uda,300,3
42d09ca167ecae07,KO/TKO,3,Yoel Romero,Lyoto Machida,300,5
1569186ee820ea87,Decision - Unanimous,5,Shavkat Rakhmonov,Ian Machado Garry,300,5
0d41a3fa5efef91b,KO/TKO,1,Morgan Charriere,Manolo Zecchini,300,3
0dfdc94c1da32e20,Decision - Split,3,Hyder Amil,William Gomis,300,3
c4a6174b0698652e,Decision - Split,3,Montse Rendon,Alice Pereira,300,3
014f1da2083ca174,Decision - Unanimous,3,Jose Aldo,Marlon Vera,300,3
a6c29d2cb319d923,KO/TKO,3,Lyman Good,Chance Rencountre,300,3
e8f2902be7b350ad,Decision - Unanimous,3,Ross Pearson,Mizuto Hirota,300,3
41c979b223b3fb56,KO/TKO,1,Cole Miller,Andy Wang,300,3
9dc5b5f29d9ff028,Decision - Unanimous,5,Jon Jones,Rashad Evans,300,5
ba7250ef080d1603,KO/TKO,2,Nate Marquardt,Tamdan McCrory,300,3
0094d2ed98819f7a,Decision - Split,3,Alexandre Pantoja,Eric Shelton,300,3
f560035058bdb18b,Decision - Unanimous,3,Uriah Hall,Thiago Santos,300,3
b66ac52bfb217761,Submission,2,Tyron Woodley,Darren Till,300,5
ca63933f8c898fa2,Decision - Unanimous,3,Cody Durden,Charles Johnson,300,3
25e6b11e1cf45b83,Decision - Unanimous,5,Cody Garbrandt,Dominick Cruz,300,5
4adef20ce69217be,KO/TKO,1,Bryan Battle,Takashi Sato,300,3
c501576b8ec35758,Decision - Unanimous,3,Johnny Walker,Anthony Smith,300,3
28037f9be7e0781a,KO/TKO,1,Johny Hendricks,Amir Sadollah,300,3
35c8223cc967fe0a,Submission,1,Jim Miller,Damon Jackson,300,3
1c45d0feab67364f,KO/TKO,1,Andrei Arlovski,Paul Buentello,300,5
80108a70c4afa6c2,KO/TKO,3,Charles Johnson,Joshua Van,300,3
8e5744c664fec3e9,Decision - Split,3,Curtis Blaydes,Rizvan Kuniev,300,3
fa8c1f3d27fc349c,KO/TKO,2,Sam Sicilia,Cristiano Marcello,300,3
3d16f99de58b9d0e,Decision - Unanimous,3,David Branch,Rich Attonito,300,3
3286d8406eff5c85,Decision - Unanimous,3,Mike Perry,Alex Oliveira,300,3
e0e41464c1bc7ee1,Decision - Unanimous,3,Yves Jabouin,Jeff Hougland,300,3
39e7bb2a0842b8a1,KO/TKO,1,Danny Castillo,Shamar Bailey,300,3
0548a24a9bf8d7a0,Decision - Unanimous,3,Michael Morales,Max Griffin,300,3
870d374f8d9af65a,KO/TKO,1,Volkan Oezdemir,Alonzo Menifield,300,3
90e46589a18064bc,KO/TKO,1,Tom Aspinall,Marcin Tybura,300,5
bd6d144f5c0b6cab,Submission,1,Amanda Nunes,Sara McMann,300,3
361e67af5f462aea,KO/TKO,1,Russell Doane,Kwan Ho Kwak,300,3
245009a9e1a0f60b,KO/TKO,1,Omari Akhmedov,Brian Ebersole,300,3
1984570de7f0c89e,KO/TKO,1,Tim Means,Justin Salas,300,3
cd2ceb5530529c9f,Decision - Unanimous,3,Blagoy Ivanov,Tai Tuivasa,300,3
36d90f1812f0d432,Decision - Split,3,Glover Teixeira,Nikita Krylov,300,3
6486579eee778b4d,KO/TKO,2,Deiveson Figueiredo,Marco Beltran,300,3
c0d6feef69ccb330,Decision - Split,3,ChangHo Lee,Xiao Long,,
ec2034b134ae71cd,Decision - Unanimous,3,Alonzo Menifield,Oumar Sy,300,3
a41384da70013373,Decision - Unanimous,3,Katlyn Cerminara,Antonina Shevchenko,300,3
4914f7bd073c6359,Submission,1,Vicente Luque,Themba Gorimbo,300,3
4861212df08bbf77,Decision - Split,3,Francis Carmont,Tom Lawlor,300,3
1f561a3e35a9b48a,Submission,1,Mark Kerr,Dan Bobish,,
95ba27bea09cd84e,Decision - Unanimous,3,Benardo Sopaj,Ricky Turcios,300,3
fc4ab243d21b795d,Decision - Split,3,King Green,Lance Gibson Jr.,300,3
c5bef3da17e595ee,KO/TKO,2,Goran Reljic,Wilson Gouveia,300,3
1cca8ba792f1e1d9,Decision - Unanimous,3,Ion Cutelaba,Jonathan Wilson,300,3
e91f289f1b9f9519,KO/TKO,5,Jairzinho Rozenstruik,Alistair Overeem,300,5
401f5f4714132d50,KO/TKO,3,Joaquin Buckley,Antonio Arroyo,300,3
70ab91b37be75408,KO/TKO,2,Sam Alvey,Kevin Casey,300,3
07468b6347ac5e3d,KO/TKO,1,Ilia Topuria,Ryan Hall,300,3
6b9ed3867dd42b3b,KO/TKO,1,Charles Radtke,Matthew Semelsberger,300,3
8410fb6d495a2cc2,KO/TKO,1,Maximo Blanco,Mike de la Torre,300,3
b0c2442c5a7c509a,KO/TKO,1,Jonathan Wilson,Chris Dempsey,300,3
873886ee1dee4c9a,Decision - Unanimous,3,Buddy Roberts,Caio Magalhaes,300,3
c770192a9f3261cd,KO/TKO,1,Alonzo Menifield,Paul Craig,300,3
5885445f39dac389,Submission,1,Jennifer Maia,Joanne Wood,300,3
0bf405dabb25251a,Decision - Unanimous,3,Claudia Gadelha,Jessica Aguilar,300,3
dd88960598219eba,Decision - Unanimous,3,Omari Akhmedov,Ian Heinisch,300,3
73eff675e2aae30c,Decision - Unanimous,5,Donald Cerrone,Al Iaquinta,300,5
90187edeeda7e6d6,Decision - Unanimous,3,Mario Pinto,Felipe Franco,300,3
04a1c5b7993fe4d5,Decision - Unanimous,3,King Green,Erik Koch,300,3
f524e42c36028de0,Decision - Unanimous,5,Aljamain Sterling,Youssef Zalal,300,5
d757f19f3d34934b,Decision - Split,3,Frankie Saenz,Sirwan Kakai,300,3
6463a48c9347a9f3,KO/TKO,1,Hugo Viana,Reuben Duran,300,3
bdeca00572419011,Decision - Unanimous,3,Andrea Lee,Ashlee Evans-Smith,300,3
11cc331fa40ede63,KO/TKO,4,Marlon Vera,Dominick Cruz,300,5
a34dc525a16ce375,Decision - Unanimous,3,Dan Henderson,Rousimar Palhares,300,3
2783ccf179321171,Submission,1,Tito Ortiz,Yuki Kondo,300,5
8e4650807ea06626,Decision - Unanimous,3,George Roop,Reuben Duran,300,3
5fb63c34935acce9,Decision - Unanimous,3,William Knight,Aleksa Camur,300,3
774f7eed6b0180be,Submission,2,Christian Morecraft,Sean McCorkle,300,3
3a8af8ee23444b72,Submission,3,Darren Elkins,TJ Brown,300,3
303018d7459323b4,Decision - Unanimous,3,Pat Sabatini,William Gomis,300,3
e64310b89b54db3f,Submission,2,Ricardo Abreu,Wagner Silva,300,3
5d19fa2df1cb61a2,Submission,1,Oleg Taktarov,Dave Beneteau,,
9124740fe7816d70,Submission,1,Brendan Allen,Bruno Silva,300,3
16f25f0808db6f77,Submission,1,Pat Miletich,Chris Brennan,,
64e7c4ee81d46900,KO/TKO,3,Justin Lawrence,John Cofer,300,3
16b0a16ab2e20fdb,Decision - Unanimous,3,Oban Elliott,Preston Parsons,300,3
82d057278298846f,KO/TKO,1,Jake Ellenberger,Matt Brown,300,3
6fdcd1caa0e9d239,Decision - Unanimous,3,Jeremy Stephens,Darren Elkins,300,3
c7fadbdfdc14c282,Decision - Unanimous,3,Aleksandre Topuria,Colby Thicknesse,300,3
a22add1024153ddb,Decision - Unanimous,3,Corey Anderson,Patrick Cummins,300,3
376beb49aadb06d6,Decision - Unanimous,3,Nate Marquardt,Dan Miller,300,3
c536a1119406c0f0,KO/TKO,2,Thiago Alves,Kuniyoshi Hironaka,300,3
fc16ccf0994c6e50,Submission,3,Jack Shore,Nohelin Hernandez,300,3
a40e421630b67e5c,KO/TKO,1,Georges St-Pierre,Jay Hieron,300,3
bcc9dca5136fc765,Submission,2,Jalin Turner,Brok Weaver,300,3
fb70b62915fdcec6,Decision - Split,3,Rodrigo Nascimento,Ilir Latifi,300,3
82243207b4dfce87,Decision - Unanimous,3,Darrick Minner,Charles Rosa,300,3
913d6763b570d060,Decision - Unanimous,3,Sirwan Kakai,Danny Martinez,300,3
505397f405e40206,Submission,1,Gillian Robertson,Priscila Cachoeira,300,3
903d588b30a471e8,Decision - Split,3,Jacqueline Cavalcanti,Josiane Nunes,300,3
acfa3a3c0d09bb57,KO/TKO,1,Paul Daley,Martin Kampmann,300,3
2c01f4df404ff6ee,Decision - Split,3,Neil Magny,Erick Silva,300,3
cb16346d93746ebc,Decision - Split,5,Amanda Nunes,Valentina Shevchenko,300,5
d7f151f529543431,KO/TKO,2,Mike Easton,Byron Bloodworth,300,3
a4446299c1f85d74,Decision - Unanimous,3,Alexa Grasso,Karolina Kowalkiewicz,300,3
2f382615155e32b9,Decision - Split,3,Albert Duraev,Chidi Njokuani,300,3
9cd172df74575fd4,Decision - Unanimous,3,Jesus Pinedo,Devin Powell,300,3
bcba81de8f082768,KO/TKO,2,Cheick Kongo,Antoni Hardonk,300,3
64da1f4774624b72,Decision - Unanimous,3,Thiago Alves,Josh Koscheck,300,3
e8d087f822be7b02,Decision - Split,3,Henry Cejudo,Jussier Formiga,300,3
a679800d2e7c3be2,KO/TKO,1,Ode Osbourne,Zarrukh Adashev,300,3
c33cc8b85b9a202c,KO/TKO,2,Dan Henderson,Hector Lombard,300,3
31acf87e89a4a401,KO/TKO,1,Alex Garcia,Mike Pyle,300,3
71e3272f7ebcca26,Submission,2,Georges St-Pierre,Matt Hughes,300,5
2a2f50039ac636d0,KO/TKO,1,Ian Freeman,Frank Mir,300,3
d5457867cbd0caf7,Decision - Unanimous,3,Mike Brown,Daniel Pineda,300,3
304fc030ee6dd9ee,Decision - Unanimous,3,Matt Hamill,Roger Hollett,300,3
d45f9dfdb75a640f,Submission,1,Oleg Taktarov,Dave Beneteau,,
3c4305abc2e302d0,Decision - Unanimous,3,Lerone Murphy,Josh Culibao,300,3
cdf58f62e289efec,Decision - Unanimous,5,Johny Hendricks,Robbie Lawler,300,5
7b06e7f2b34d24b8,Submission,2,Rick Story,Brian Foster,300,3
1afa8d6ae4d8a5b2,Decision - Unanimous,3,Alan Patrick,Stevie Ray,300,3
2f82e8079ba354f4,KO/TKO,1,Giga Chikadze,Cub Swanson,300,3
b3b5bd50fa34342c,KO/TKO,1,Li Jingliang,Anton Zafir,300,3
733e675fd7c0052a,Decision - Unanimous,3,Renato Moicano,Drew Dober,300,3
04e1ff7aeda2a018,KO/TKO,1,Cody Brundage,Tresean Gore,300,3
7595aabe89020780,Submission,1,Brian Kelleher,Ray Rodriguez,300,3
e27504d07ebbc441,KO/TKO,1,Stipe Miocic,Fabricio Werdum,300,5
671f42536454e541,KO/TKO,1,Megan Anderson,Norma Dumont,300,3
fe936088ec4dcb0d,KO/TKO,2,Abel Trujillo,Jamie Varner,300,3
d6c3b730dc9f21a5,KO/TKO,1,Sam Patterson,Danny Barlow,300,3
f9536ea60551b840,Submission,3,Davi Ramos,Chris Gruetzemacher,300,3
30d7a9a1d99b327c,Submission,2,BJ Penn,Jens Pulver,300,3
f132535656f28648,KO/TKO,1,Pedro Munhoz,Matt Hobar,300,3
531ce3d8011fa1f6,Decision - Unanimous,3,Ludovit Klein,Ignacio Bahamondes,300,3
7c4eb0b4845eb0ed,KO/TKO,1,Tom Breese,KB Bhullar,300,3
6603ed5f10bd8047,Decision - Unanimous,3,Forrest Griffin,Hector Ramirez,300,3
58668a0736602842,Decision - Unanimous,3,Jacqueline Cavalcanti,Julia Avila,300,3
62fbd9d089a9a306,KO/TKO,1,Drew McFedries,Xavier Foupa-Pokam,300,3
240e9389cca3bd18,Decision - Unanimous,3,Cristiane Justino,Felicia Spencer,300,3
1fe58cdab57d233b,Decision - Unanimous,3,Tabatha Ricci,Maria Oliveira,300,3
fc95c49b69a8d476,Decision - Unanimous,3,Johnny Eduardo,Jeff Curran,300,3
65f4d4f44e6e73f7,Decision - Unanimous,3,Jorge Masvidal,James Krause,300,3
c0e8095c91c39b06,Decision - Unanimous,3,Tony Ferguson,Josh Thomson,300,3
9fa3f9f7caf429d6,Decision - Split,3,Forrest Griffin,Tito Ortiz,300,3
58ffa2dac4f2e7d0,Decision - Unanimous,3,Tom Nolan,Fares Ziam,300,3
6bcea00473e43a59,KO/TKO,1,Conor McGregor,Dustin Poirier,300,3
eeb8b25df8543e0f,Decision - Unanimous,3,Andre Winner,Rafaello Oliveira,300,3
b79a0b9c1f729c0d,Decision - Unanimous,3,John Lineker,Yasuhiro Urushitani,300,3
4de25b19c4dedb14,KO/TKO,3,Uriah Hall,Bevon Lewis,300,3
6247ad19755b71d6,Submission,3,Dustin Kimura,Chico Camus,300,3
63cfbf28e44febc2,KO/TKO,1,Marcus Aurelio,Luke Caudillo,300,3
79be3a6d483ad64a,KO/TKO,1,Volkan Oezdemir,Misha Cirkunov,300,3
bcb697c4317f0997,Decision - Split,3,Cory Sandhagen,John Lineker,300,3
8868957c1735bcf0,KO/TKO,1,Sumudaerji,Malcolm Gordon,300,3
f6a03399c7a721cd,Decision - Unanimous,3,Chance Rencountre,Ismail Naurdiev,300,3
3100a4e29da974ad,Decision - Split,3,Rani Yahya,Masanori Kanehara,300,3
8add23232cdb36ee,KO/TKO,1,Pat Barry,Dan Evensen,300,3
30cdb851f6c63444,KO/TKO,2,Josh Hokit,Derrick Lewis,300,3
611ccad0fc46ba51,KO/TKO,2,Norman Parke,Naoyuki Kotani,300,3
36630b8c820db52b,Decision - Split,3,Alexis Davis,Jessica Eye,300,3
d1c4c06780cbd36e,Submission,3,Alex Chambers,Kailin Curran,300,3
fb9b03644f559604,Decision - Unanimous,3,Melvin Guillard,Ronys Torres,300,3
1f49b59e4058568f,Decision - Unanimous,3,Anthony Pettis,Jim Miller,300,3
73f72edb86c82eef,Decision - Split,3,Jordan Mein,Hernani Perpetuo,300,3
d2ce61c578e67067,Decision - Unanimous,3,Pascal Krauss,Mark Scanlon,300,3
c3939438ae7934df,KO/TKO,1,Chad Mendes,Myles Jury,300,3
bf8c5effd23f69c4,KO/TKO,1,Kai Kara-France,Steve Erceg,300,3
f65b000b7e450bcf,Submission,1,Royce Gracie,Kimo Leopoldo,,
3081e6e1bc1235a8,Decision - Unanimous,3,Ali Bagautinov,Tim Elliott,300,3
e96d929f8207a3e0,Submission,1,Jim Miller,Clay Guida,300,3
8d89f3b8798f444d,Decision - Split,3,Brandon Royval,Rogerio Bontorin,300,3
84ebbad426d25713,Decision - Unanimous,3,Hakeem Dawodu,Michael Trizano,300,3
0987b3f785e26d1c,Submission,2,Rafa Garcia,Jesse Ronson,300,3
f115a91066a77ee7,KO/TKO,1,Jack Della Maddalena,Ramazan Emeev,300,3
b589aba75770bc6b,Decision - Unanimous,3,Nate Quarry,Tim Credeur,300,3
c5603628f7ae84d3,Decision - Split,3,Ed Herman,Trevor Smith,300,3
bf732e22055e8634,KO/TKO,3,Ciryl Gane,Derrick Lewis,300,5
3368c2419e259992,Submission,2,John Maguire,DaMarques Johnson,300,3
07f9fc40f1e6aa87,TKO - Doctor's Stoppage,2,Jessica Eye,Leslie Smith,300,3
f6efb09c01e4cac6,Submission,3,Arnold Allen,Mads Burnell,300,3
796e1151896195aa,Decision - Unanimous,3,Alexia Thainara,Bruna Brasil,300,3
1a95cc401f68f4c8,Decision - Unanimous,3,Brad Tavares,Chris Weidman,300,3
c6f8541973f69080,KO/TKO,1,Andre Roberts,Ron Waterman,300,2
b0367c907cc549c0,Decision - Unanimous,3,Stefan Struve,Antonio Rodrigo Nogueira,300,3
c7fb90f1355291e4,Decision - Unanimous,3,Francis Marshall,Lucas Brennan,300,3
d66f2c83c26e5b80,Decision - Majority,3,TIE,TIE,300,3
20b84b2cbfb92dc7,KO/TKO,1,John Hathaway,Tom Egan,300,3
07d1d120dab41893,Submission,2,Tatsuya Kawajiri,Sean Soriano,300,3
0bdea30d7a7322f7,Decision - Unanimous,3,Corey Anderson,Tom Lawlor,300,3
3a25be6438e3f94a,Decision - Unanimous,3,Joseph Benavidez,John Moraga,300,3
dca2a0eb4cd3deac,Decision - Unanimous,3,Jonathan Brookins,Michael Johnson,300,3
82448697e7a44028,KO/TKO,1,Matt Mitrione,Shawn Jordan,300,3
256894b49303537b,Decision - Unanimous,5,Islam Makhachev,Alexander Volkanovski,300,5
63b35df1276b3d64,KO/TKO,1,Rob Font,Matt Schnell,300,3
93ac52a9fdca03e1,Decision - Unanimous,3,Zach Makovsky,Tim Elliott,300,3
71c8ca7442bcb757,Submission,3,Charles Radtke,Daniel Frunza,300,3
5081319e58f9759f,Submission,1,Virna Jandiroba,Felice Herrig,300,3
98e77712f99956ff,Submission,1,Chelsea Chandler,Priscila Cachoeira,300,3
dccea04cc3567955,Submission,1,Liana Jojua,Diana Belbita,300,3
e9dfc2f009a77a8d,KO/TKO,2,Nursulton Ruziboev,Eric McConico,300,3
0990ac7065412e76,Decision - Unanimous,3,Dustin Ortiz,Alexandre Pantoja,300,3
e644218737c1a778,KO/TKO,1,Jai Herbert,Mandel Nallo,300,3
86afc59ec117c1ba,DQ,2,Joe Riggs,Ron Stallings,300,3
7929542a0003799f,Decision - Unanimous,3,Marvin Eastman,Terry Martin,300,3
255da7afa89eb0e5,Decision - Unanimous,3,Benji Radach,Nick Serra,300,3
ec0a1c09d1b113b8,KO/TKO,1,Leon Edwards,Seth Baczynski,300,3
11558384f80f6506,Submission,2,Umar Nurmagomedov,Sergey Morozov,300,3
48a9d2a3967d13a4,Decision - Split,3,Michael Johnson,Andre Fili,300,3
ee278a5a25744cac,Decision - Split,3,Nicolae Negumereanu,Kennedy Nzechukwu,300,3
406f2aacd1d1faf9,Decision - Unanimous,5,Jack Hermansson,Joe Pyfer,300,5
32d371462c539bee,Decision - Unanimous,3,Hecher Sosa,Luan Lacerda,300,3
2f5e137118d57d0e,Decision - Unanimous,3,Constantinos Philippou,Riki Fukuda,300,3
f0cf2ca8e5c621a8,Submission,1,Scott Jorgensen,John Albert,300,3
6188b7fb3f8daacc,Decision - Unanimous,3,Joel Alvarez,Vicente Luque,300,3
c258996570faeec9,Decision - Majority,5,TIE,TIE,300,5
920194911d727a38,KO/TKO,1,Jason Day,Alan Belcher,300,3
326c3eaa1e9e3dc4,Submission,2,Gillian Robertson,Molly McCann,300,3
a122968e96068800,Decision - Split,3,Elizeu Zaleski dos Santos,Abubakar Nurmagomedov,300,3
69f39e5d959311b1,Decision - Unanimous,3,Beneil Dariush,Mateusz Gamrot,300,3
5742025a09190829,KO/TKO,2,Yair Rodriguez,BJ Penn,300,5
67a3b8dc3c0c3e45,Decision - Unanimous,3,Roger Huerta,Jason Dent,300,3
dff2685afd98ed9e,KO/TKO,2,Gillian Robertson,Polyana Viana,300,3
70f01e9ff0b4e519,KO/TKO,3,Marlon Vera,Andre Ewell,300,3
ca8e482388e7ac82,KO/TKO,1,Donald Cerrone,Adriano Martins,300,3
f40ac11da3bd7f8e,Submission,3,Muhammad Mokaev,Jafel Filho,300,3
2a17686c6b5f334e,KO/TKO,2,Chris Weidman,Anderson Silva,300,5
69ecd4aa5a550f7b,Decision - Unanimous,3,Peter Sobotta,Nicolas Dalby,300,3
2ab47d509ee7dc6d,Decision - Split,3,TIE,TIE,300,3
f73dfeb48b09e6a6,KO/TKO,3,Derrick Lewis,Marcin Tybura,300,3
a43dcd04788d95c7,KO/TKO,2,Ricky Simon,Raphael Assuncao,300,3
ff8802aae3b81c3f,Submission,1,Gleison Tibau,Jeff Cox,300,3
591699203b264f6c,Decision - Unanimous,3,Patrick Cote,Joe Riggs,300,3
8938fad6ec08499d,Decision - Unanimous,3,Paulo Thiago,David Mitchell,300,3
fedb6a1b15b05694,KO/TKO,2,Frank Camacho,Nick Hein,300,3
2bbfbb234c255249,Decision - Unanimous,3,Klaudia Sygula,Priscila Cachoeira,300,3
061990783b9bdb36,Decision - Split,3,Nasrat Haqparast,Esteban Ribovics,300,3
f9dac7702609669f,Decision - Unanimous,3,Billy Elekana,Ibo Aslan,300,3
43d7d4b67be48553,KO/TKO,1,Tony Gravely,Johnny Munoz,300,3
9360a34eb511a9b4,KO/TKO,2,Michael Kuiper,Jared Hamman,300,3
7ee8b91d7f80f8a7,Decision - Unanimous,3,Kyle Nelson,Blake Bilder,300,3
60be440e54760b40,Decision - Unanimous,3,Junior Dos Santos,Shane Carwin,300,3
19828eb12f6d41a8,Decision - Split,3,Yves Jabouin,Dustin Pague,300,3
c5259566abc552b1,Decision - Split,3,Felipe Colares,Domingo Pilarte,300,3
84e8ccc3c97c2b4c,Decision - Unanimous,3,Wang Cong,Eduarda Moura,300,3
583f2c3cd0e2385b,KO/TKO,1,Alex Morono,Zak Ottow,300,3
5fcf65d4de66c970,Decision - Majority,3,Demian Maia,Anthony Rocco Martin,300,3
958f6e5b79ff8c33,Decision - Unanimous,3,Elizeu Zaleski dos Santos,Keita Nakamura,300,3
940f586104bf8bc8,Decision - Unanimous,3,Muhammad Naimov,Kaan Ofli,300,3
06713afc60301c0c,Decision - Unanimous,3,Josefine Knutsson,Julia Polastri,300,3
a78ccbb549d36ddd,Decision - Unanimous,3,Rick Story,Tarec Saffiedine,300,3
d2287a9cfb6b9b07,Submission,3,Nick Pace,Will Campuzano,300,3
516868e246064e2b,KO/TKO,2,Jorge Rivera,Nate Quarry,300,3
385101e8ad828c39,KO/TKO,2,Alex Pereira,Andreas Michailidis,300,3
34d1bfdde8ea3e11,Decision - Unanimous,3,Dan Miller,Matt Horwich,300,3
57333b7bff20ece0,Decision - Unanimous,3,John Castaneda,Kyung Ho Kang,300,3
a7c38d4d66abf923,Decision - Unanimous,3,Marc-Andre Barriault,Dalcha Lungiambula,300,3
20d8f6b4b7c8bae7,KO/TKO,1,Robbie Lawler,Niko Price,300,3
a3902e22c10725c4,Submission,3,Brian Stann,Mike Massenzio,300,3
dffef4343e822399,Submission,1,Frank Mir,Tim Sylvia,300,5
8ddd53a7ed3754d5,Decision - Unanimous,3,Kelvin Gastelum,Daniel Rodriguez,300,3
94cecf4bd29793e1,Submission,3,James Vick,Abel Trujillo,300,3
7cdb56b2f207a41b,Submission,1,Kenny Florian,Sam Stout,300,3
dfa2f5c821a52c63,KO/TKO,2,Jamie Mullarkey,Devonte Smith,300,3
5fceb95c29d929bc,Decision - Split,5,Dan Hooker,Paul Felder,300,5
58540b24ed77d31b,Decision - Split,3,Dan Ige,Edson Barboza,300,3
a63ed5d48f00ad18,Decision - Unanimous,3,Keith Jardine,Mike Whitehead,300,3
8fea32ab0445859c,Decision - Unanimous,3,Michal Oleksiejczuk,Marc-Andre Barriault,300,3
f3c37e23ca30c87d,Decision - Split,3,Bryan Barberena,Matt Brown,300,3
eae8d2c30c0bb499,KO/TKO,1,CB Dollaway,Cezar Ferreira,300,3
dc24c4759651c6ad,KO/TKO,2,Jairzinho Rozenstruik,Junior Dos Santos,300,3
2db0998b24c11ea0,KO/TKO,2,Caio Borralho,Paul Craig,300,3
adb78db5ba8ccc0f,Decision - Split,3,Andre Fili,Bill Algeo,300,3
6c15d41df17349c9,TKO - Doctor's Stoppage,2,Tito Ortiz,Jerry Bohlander,,
938081fae11dcbbf,KO/TKO,1,Azamat Bekoev,Zach Reese,300,3
ca6d4239726931f9,KO/TKO,1,Eddie Wineland,Takeya Mizugaki,300,3
0308bcdd00cc72e2,KO/TKO,1,Alex Pereira,Sean Strickland,300,3
bfc9989751bd0d04,KO/TKO,1,Waldo Cortes Acosta,Lukasz Brzeski,300,3
ed8fb10b596e6fa4,Submission,3,Sabina Mazo,Justine Kish,300,3
c20bd12ae7f04eff,KO/TKO,1,Bekzat Almakhan,Brad Katona,300,3
1a635a5e4551e7d5,KO/TKO,3,Manel Kape,Bruno Silva,300,3
2d57ce76f7922ed9,Decision - Split,3,Cezar Ferreira,Daniel Sarafian,300,3
fccedc456048216b,KO/TKO,1,Daniel Cormier,Stipe Miocic,300,5
a7807ab56cb49cad,Decision - Unanimous,3,Roosevelt Roberts,Alexander Yakovlev,300,3
834968d130e1f0e9,Submission,2,Jon Jones,Lyoto Machida,300,5
ab853176cfe20b01,Decision - Split,3,Frankie Saenz,Merab Dvalishvili,300,3
7e3679992f2c6ff6,Decision - Unanimous,3,Ryan Bader,Rogerio Nogueira,300,3
f4817d5cbe9be532,Decision - Split,3,Angela Hill,Ketlen Souza,300,3
313801a4262f1ea5,Decision - Unanimous,3,Chris Camozzi,Vitor Miranda,300,3
e15b393a27c07043,Decision - Split,3,Jim Miller,Joe Lauzon,300,3
57d989702ae72dc1,KO/TKO,1,Joe Lauzon,Jonathan Pearce,300,3
8d740c844353ae0e,KO/TKO,3,Sean Strickland,Anthony Hernandez,300,5
44e24628e8eda0b1,KO/TKO,1,Sam Stout,Yves Edwards,300,3
e313286b307334a7,Decision - Unanimous,3,Ethyn Ewing,Malcolm Wellmaker,300,3
c9e4aa12aaa7309e,KO/TKO,2,Paulo Costa,Uriah Hall,300,3
ed8944898353b526,KO/TKO,2,Abel Trujillo,Marcus LeVesseur,300,3
be94e5b7a35ce5f2,KO/TKO,3,Kamaru Usman,Gilbert Burns,300,5
bb6438338bb8aebf,Decision - Unanimous,3,Roman Dolidze,Laureano Staropoli,300,3
5c70b175f08ca141,KO/TKO,3,Josh Emmett,Michael Johnson,300,3
a0a120c50d93f70a,Decision - Unanimous,3,Caio Borralho,Gadzhi Omargadzhiev,300,3
2c417643d6de6f04,Decision - Unanimous,3,Guangyou Ning,Jianping Yang,,
fef109b9f26585b3,Decision - Split,3,Yves Jabouin,Walel Watson,300,3
9e2bb8d5961b44d4,KO/TKO,2,Eduarda Moura,Montserrat Conejo Ruiz,300,3
a09447d185a62251,Decision - Unanimous,3,Rinat Fakhretdinov,Andreas Michailidis,300,3
b091e021e61f1950,Decision - Unanimous,3,Chael Sonnen,Nate Marquardt,300,3
c1df212ba092c404,KO/TKO,2,Quinton Jackson,Marvin Eastman,300,3
8172d8d996335d0a,KO/TKO,1,Tim Boetsch,Rafael Natal,300,3
bd064deb3494b41a,Decision - Unanimous,3,Vanessa Demopoulos,Maria Oliveira,300,3
096e00355c8c84ac,Decision - Unanimous,3,Djorden Santos,Danny Barlow,300,3
a9dc59e90779c1e3,Decision - Unanimous,3,Ricardo Almeida,Kendall Grove,300,3
4b67a1875390e7ad,Decision - Split,5,Sean Strickland,Jack Hermansson,300,5
ceaf7ed5ade30d9f,Decision - Unanimous,3,Ariane da Silva,Mandy Bohm,300,3
8d1559bbcea7e92a,Submission,2,Louis Smolka,Paddy Holohan,300,3
24f2d2dd9fea5d79,Submission,1,Tatiana Suarez,Alexa Grasso,300,3
9379672d351808a3,KO/TKO,1,Dan Hardy,Rory Markham,300,3
65c89e0c92e51bb8,Submission,1,Kevin Jousset,Kiefer Crosbie,300,3
dbbd17b6995f014b,KO/TKO,2,Nasrat Haqparast,Joaquim Silva,300,3
427a10db0406cfba,Decision - Unanimous,3,Hector Lombard,Jake Shields,300,3
68fe62bac7fd8bb0,Submission,4,Anthony Hernandez,Roman Dolidze,300,5
9d30c887e8bd8824,Submission,3,Jakub Wiklacz,Muin Gafurov,300,3
b8c21a311f3f7953,Submission,1,Megan Anderson,Zarah Fairn,300,3
1308213458d8596b,Submission,3,Gavin Tucker,Justin Jaynes,300,3
58d5e4afc2dd35d1,Decision - Split,3,Wellington Turman,Sam Alvey,300,3
cc9cabc1fc747aaf,Submission,2,Marcus Davis,Paul Kelly,300,3
b35e47f2f58ef026,KO/TKO,3,Jon Jones,Stipe Miocic,300,5
332432834ece3bc7,Decision - Unanimous,3,Scott Jorgensen,Jeff Curran,300,3
72481ce1897251cd,KO/TKO,1,John Albert,Dustin Pague,300,3
afed0bac5ce5a2f3,Submission,1,Andre Petroski,Nick Maximov,300,3
1e8c33b1917fe1b7,Submission,3,Muhammad Mokaev,Malcolm Gordon,300,3
900ae72adbf7c49f,Submission,2,Jorge Masvidal,Michael Chiesa,300,3
744627aec853874e,Decision - Split,3,Nicolae Negumereanu,Aleksa Camur,300,3
ac57250e3de89d5d,KO/TKO,2,Neil Magny,Elizeu Zaleski dos Santos,300,3
c330107229012260,Decision - Split,3,James Head,Brian Ebersole,300,3
df3cc5ec78d05a71,Decision - Unanimous,3,Vitor Petrino,Tyson Pedro,300,3
29bf7862fb1c28d6,Decision - Unanimous,3,Darren Elkins,Michihiro Omigawa,300,3
0bd0ca01a255038c,Decision - Unanimous,3,John Makdessi,Daron Cruickshank,300,3
fa98e2b8dceca9bb,Decision - Unanimous,3,Molly McCann,Ariane da Silva,300,3
958bd435389dd12a,Decision - Unanimous,3,Aaron Riley,Jorge Gurgel,300,3
b400c29fbeee0206,KO/TKO,1,Guido Cannetti,Kris Moutinho,300,3
6d9ea9f436ed354d,Decision - Unanimous,3,Carlos Ulberg,Jan Blachowicz,300,3
1ff24d5f760e0491,Submission,3,Neil Magny,Jake Matthews,300,3
da6b863cf684e0ae,Decision - Unanimous,3,Song Kenan,Rolando Bedoya,300,3
f5fb8b182020c59d,Submission,1,Jimmy Crute,Ivan Erslan,300,3
e909e34cdee01831,KO/TKO,1,Dhiego Lima,Chad Laprise,300,3
62d53ad8f8769666,Submission,2,Kurt Holobaugh,Austin Hubbard,,
93f3e9b9f093ad57,Decision - Split,3,Darren Stewart,Deron Winn,300,3
3a42dd84680f444b,Submission,2,Gunnar Nelson,Alex Oliveira,300,3
9433730f95d52fc8,Decision - Split,3,Maycee Barber,Andrea Lee,300,3
214fa13c3f230259,Submission,1,Donald Cerrone,Alex Oliveira,300,5
e6031b5937294176,Decision - Unanimous,3,Seokhyeon Ko,Phil Rowe,300,3
74dcccd3d2f487a1,Submission,1,Mike van Arsdale,Joe Pardo,,
4669c07f3cc9e35f,Decision - Unanimous,3,Quinton Jackson,Fabio Maldonado,300,3
93ca562453f65b8d,KO/TKO,1,Melquizael Costa,Morgan Charriere,300,3
f5b49f4c5a27e53b,KO/TKO,1,Magomed Ankalaev,Ion Cutelaba,300,3
15aced6a6a61df90,Submission,1,Ben Nguyen,Ryan Benoit,300,3
6963c65b49e47277,KO/TKO,1,Melvin Guillard,Evan Dunham,300,3
9422b3caf780a995,Decision - Unanimous,3,Tito Ortiz,Patrick Cote,300,3
ac6b2a5f24c2b8bd,Decision - Unanimous,3,Casey Kenney,Alatengheili,300,3
93096cfccdbf4fe8,Decision - Unanimous,3,Alexander Gustafsson,Thiago Silva,300,3
d8b098e5598509cc,KO/TKO,1,Alessio Sakara,Victor Valimaki,300,3
bcf49463525efbee,KO/TKO,1,Diego Sanchez,David Bielkheden,300,3
7208e40818401e88,KO/TKO,4,Justin Gaethje,Ilia Topuria,300,5
7ff036c99621eb1c,Decision - Split,5,Georges St-Pierre,Johny Hendricks,300,5
f62c29310e1d6253,KO/TKO,1,Troy Mandaloniz,Richie Hightower,300,3
b9b8509c568dc144,KO/TKO,1,Tim Credeur,Cale Yarbrough,300,3
afec383a96893ec5,Decision - Unanimous,3,Steve Erceg,Tim Elliott,300,3
ba2f30fb7143a6b1,Decision - Unanimous,3,Rafael Natal,Paul Bradley,300,3
f338da998c4fdf53,Decision - Split,3,Nick Catone,Jesse Forbes,300,3
92d0c39f0df77c7e,Submission,1,Frank Mir,Antonio Rodrigo Nogueira,300,3
9fb0a4e18ddcd14c,Decision - Unanimous,3,Sijara Eubanks,Lauren Murphy,300,3
bd246b9789f88e1c,Submission,3,Tim Means,George Sullivan,300,3
9ddaa62cc806958d,Decision - Unanimous,3,Oban Elliott,Val Woodburn,300,3
4eafb2657c3781f5,KO/TKO,1,Anderson Silva,James Irvin,300,3
15a422574c3b89e1,Decision - Unanimous,3,Nassourdine Imavov,Jordan Williams,300,3
82ad4eb50b3d7bd0,Decision - Unanimous,3,Amir Sadollah,Peter Sobotta,300,3
9de23eb1471e592b,Decision - Split,3,Miles Johns,Cole Smith,300,3
665e9a25c5d8c17f,KO/TKO,1,Tony Sims,Steve Montgomery,300,3
eb6f80ccaf2a3dbc,Decision - Unanimous,5,Colby Covington,Rafael Dos Anjos,300,5
44adac5d05f7e883,Submission,2,Alan Belcher,Patrick Cote,300,3
6bde0b88f21304d4,Decision - Unanimous,3,Fabricio Werdum,Roy Nelson,300,3
0d2314d23dee3796,Decision - Unanimous,3,Josh Koscheck,Jeff Joslin,300,3
97c302628f231da3,Decision - Unanimous,3,Kajan Johnson,Zhang Lipeng,300,3
8a9a37d68cc428d6,KO/TKO,3,Yuki Kondo,Alexandre Dantas,300,3
db936df21e61209e,Submission,1,Jerry Bohlander,Kevin Jackson,,
23a75c0338d25abc,Decision - Split,3,Andrew Holbrook,Ramsey Nijem,300,3
d4c85298623130de,Decision - Unanimous,3,Mike Pierce,Seth Baczynski,300,3
c5865afc31cb6c59,KO/TKO,2,Li Jingliang,Bobby Nash,300,3
c26806c2d554e50c,Submission,3,Khabib Nurmagomedov,Michael Johnson,300,3
919c86cce0eca615,KO/TKO,1,Jorge Santiago,Justin Levens,300,3
f8a90f8a7beaa330,KO/TKO,1,Branden Lee Hinkle,Sean Gannon,300,3
1cd0ce0e2312ad52,Decision - Unanimous,3,Jordan Johnson,Henrique da Silva,300,3
331ddc1141e934d1,Decision - Split,3,Sean Woodson,Charles Jourdain,300,3
2e7f8d0ad385876d,Decision - Unanimous,3,Victor Valenzuela,Max Griffin,300,3
8c109a0c53ed9618,Submission,2,Louis Smolka,Sumudaerji,300,3
3195350c98c9491d,KO/TKO,2,Michael Johnson,Danny Castillo,300,3
f8820294bbe01486,KO/TKO,1,Tito Ortiz,Evan Tanner,300,5
9785420602b452f7,Decision - Unanimous,3,Merab Dvalishvili,Henry Cejudo,300,3
19646a0c8baee966,Submission,2,Kenny Florian,Kit Cope,300,3
f61f5adf7e0a80c4,Decision - Unanimous,5,Joanna Jedrzejczyk,Michelle Waterson-Gomez,300,5
c037cf1f7b429d5e,KO/TKO,3,Baisangur Susurkaev,Eric McConico,300,3
998bde5639c61adb,Decision - Split,5,Brandon Royval,Tatsuro Taira,300,5
af2ef75664656957,Decision - Unanimous,3,Cortney Casey,Jessica Aguilar,300,3
7826c23386a1e09a,Decision - Unanimous,3,Diego Rivas,Rodolfo Rubio Perez,300,3
55f727e00553035d,Decision - Unanimous,3,Joe Duffy,Reza Madadi,300,3
1fa6d636d283ac84,Submission,2,Rousimar Palhares,David Branch,300,3
41feee2c08af2235,Decision - Unanimous,3,Brad Katona,Matthew Lopez,300,3
340d5e6f22ff6ac4,Decision - Unanimous,3,Gilbert Melendez,Diego Sanchez,300,3
81f287d035190506,KO/TKO,1,Rafael Dos Anjos,Donald Cerrone,300,5
0366e183296fea07,Decision - Split,3,Joselyne Edwards,Ji Yeon Kim,300,3
9f108233c7c787d9,KO/TKO,3,Matt Lindland,Falaniko Vitale,300,3
f6a3c78f15ff26c7,Decision - Unanimous,3,Payton Talbott,Felipe Lima,300,3
ec5d705232983b87,Decision - Unanimous,3,Trey Waters,Billy Ray Goff,300,3
60be02c5566c8348,Decision - Unanimous,3,Julianna Pena,Nicco Montano,300,3
f8a8871d167fc929,KO/TKO,1,Cody Garbrandt,Brian Kelleher,300,3
3f8b4aeb3baf4724,KO/TKO,1,Matt Frevola,Drew Dober,300,3
b34aa3946ccfcfbb,KO/TKO,1,Jorge Rivera,Edwin DeWees,300,3
cce232c1b1b2e4a0,TKO - Doctor's Stoppage,2,Melissa Gatto,Victoria Leonardo,300,3
28e3d939eb043664,KO/TKO,1,Joe Pyfer,Gerald Meerschaert,300,3
12a33d16e1d4e2d9,KO/TKO,2,Bryan Barberena,Robbie Lawler,300,3
c4e4954beb59eca6,Decision - Split,3,Victor Henry,Tony Gravely,300,3
cfd3e62c638fbd1f,Decision - Unanimous,3,Bo Nickal,Paul Craig,300,3
95f37dc43e808ebf,KO/TKO,1,Ion Cutelaba,Gadzhimurad Antigulov,300,3
b2c3f1783a0c8530,Decision - Unanimous,3,Jeremy Stephens,Renan Barao,300,3
6e62908d6639dcdb,Decision - Unanimous,3,Jon Madsen,Karlos Vemola,300,3
72e7d6d5328bc3d6,KO/TKO,1,Scott Ferrozzo,Jim Mullen,,
eb13a9d04dca676e,KO/TKO,1,Vik Grujic,Chris Indich,300,3
34fd6ac116645ae6,Decision - Unanimous,5,Josh Barnett,Roy Nelson,300,5
d9ca00b3c62a874d,KO/TKO,2,Jim Miller,Erick Gonzalez,300,3
a7315147a7022a93,Decision - Unanimous,3,Alexis Davis,Sabina Mazo,300,3
e3573545220ca4ea,KO/TKO,1,Luana Santos,Juliana Miller,300,3
981ed463bf5d91a8,KO/TKO,1,Darko Stosic,Jeremy Kimball,300,3
875304f54becda0e,KO/TKO,2,Ryan Benoit,Sergio Pettis,300,3
823797bc6d532b52,Decision - Split,3,Frank Camacho,Damien Brown,300,3
33be2456161c14c3,Decision - Unanimous,3,Ateba Gautier,Andrey Pulyaev,300,3
69fd05c73b645a62,Decision - Unanimous,3,Brian Ebersole,TJ Waldburger,300,3
947ea1122c04ba18,Decision - Unanimous,3,Steve Erceg,David Dvorak,300,3
e078d18fa9ed100d,KO/TKO,1,Nicolae Negumereanu,Ike Villanueva,300,3
1362ccc16713d404,Decision - Split,3,Julian Erosa,Marcin Wrzosek,300,3
f88fefd5df0ba06c,Decision - Unanimous,3,Neil Seery,Chris Beal,300,3
eaf8782e4e03139b,Decision - Split,3,Marcus Brimage,Maximo Blanco,300,3
177201b1a7fa0dd0,TKO - Doctor's Stoppage,2,Thiago Alves,Chris Lytle,300,3
98094a500529d442,Submission,3,HyunSung Park,SeungGuk Choi,,
6a0341234ecc4e87,Decision - Unanimous,3,Alex Caceres,Kevin Croom,300,3
b4ebb7576e9745e7,TKO - Doctor's Stoppage,2,Ross Pearson,Aaron Riley,300,3
106918bfbe24335d,Decision - Unanimous,3,Ketlen Vieira,Macy Chiasson,300,3
919ddc634c54ad20,Decision - Unanimous,3,Neil Magny,Jon Manley,300,3
99dc6aa635a9cf98,Decision - Unanimous,3,Frankie Saenz,Nolan Ticman,300,3
1c5bed46920ab3e1,KO/TKO,1,Diego Brandao,Katsunori Kikuno,300,3
cd150cd28738a7c5,KO/TKO,2,Marcin Tybura,Greg Hardy,300,3
ee24be90a01f552e,Decision - Split,3,Roman Kopylov,Cesar Almeida,300,3
b9be2e52d02886e2,Decision - Unanimous,3,Alan Patrick,John Makdessi,300,3
43e26b46cbb51985,KO/TKO,1,Iwo Baraniewski,Austen Lane,300,3
284e05afc9479620,Decision - Unanimous,3,Maximo Blanco,Dan Hooker,300,3
b1b20c686dfe3204,KO/TKO,2,Anshul Jubli,Jeka Saragih,,
a9e13a29a332c886,Decision - Split,3,Joshua Burkman,Forrest Petz,300,3
18b31990d1808419,KO/TKO,1,Erik Koch,Raphael Assuncao,300,3
fe0c844a671dd6d8,Decision - Unanimous,3,Petr Yan,Jimmie Rivera,300,3
7edac7a0a2f72f28,KO/TKO,2,Ian Freeman,Nate Schroeder,300,2
7add5901fac6ab82,Submission,3,Talita Alencar,Ariane Carnelossi,300,3
5014298453caf116,Submission,2,Alexander Gustafsson,Cyrille Diabate,300,3
d56a59a4c79cf515,KO/TKO,1,Rinat Fakhretdinov,Andreas Gustafsson,300,3
1b7bc992c26ac10f,Decision - Unanimous,3,Jessamyn Duke,Peggy Morgan,300,3
5a00c73efbcf323e,Decision - Split,3,Hakeem Dawodu,Zubaira Tukhugov,300,3
1fee9eca658d9808,Decision - Split,3,Jack Shore,Hunter Azure,300,3
3f7bf047b310943d,KO/TKO,1,Antoni Hardonk,Sherman Pendergarst,300,3
1a2d13834696c4ab,Decision - Unanimous,3,David Dvorak,Bruno Silva,300,3
a7aac5f6b470ddaa,Decision - Split,3,Mark Bocek,Mike de la Torre,300,3
00b7497b02b3b2bb,Submission,1,Chas Skelly,Maximo Blanco,300,3
2ce541a11b2eb392,Decision - Unanimous,3,Karo Parisyan,Joshua Burkman,300,3
4b0aa5c67e69ce74,Decision - Unanimous,5,Fabricio Werdum,Marcin Tybura,300,5
bd887c173d3050bf,KO/TKO,3,Ashlee Evans-Smith,Veronica Hardy,300,3
bbbb4c62c35f5390,Decision - Unanimous,3,Danny Castillo,Joe Stevenson,300,3
94ce682e4a3e556a,Decision - Unanimous,3,Ketlen Vieira,Ashlee Evans-Smith,300,3
dbcc5b5d568efa8b,KO/TKO,3,Sean O'Malley,Kris Moutinho,300,3
5531317352862978,Decision - Unanimous,3,Erin Blanchfield,Taila Santos,300,3
120ec60ad18cf6c5,KO/TKO,1,Steve Garcia,SeungWoo Choi,300,3
603b0b1fa3ab8f20,Decision - Unanimous,3,Chris Beal,Tateki Matsuda,300,3
58584ccd0f63e3f3,KO/TKO,1,Sean O'Malley,Eddie Wineland,300,3
69b147aaaafeb47d,KO/TKO,1,Marlon Moraes,Jimmie Rivera,300,5
319b09306094259b,Decision - Unanimous,3,Tai Tuivasa,Andrei Arlovski,300,3
194d73490eb731c6,Decision - Split,3,Sam Alvey,Gian Villante,300,3
23e5acd1549b538a,KO/TKO,3,Eddie Alvarez,Justin Gaethje,300,3
f1100f1bc6cbb351,Decision - Unanimous,3,Tyson Griffin,Rafael Dos Anjos,300,3
058d32372a2271fd,KO/TKO,2,Joseph Benavidez,Yasuhiro Urushitani,,
9e9d1764a015f313,Decision - Unanimous,5,Valentina Shevchenko,Manon Fiorot,300,5
c1aef0f60a5b62e3,Submission,3,Jose Johnson,Chad Anheliger,300,3
18d84b333b28de36,Decision - Unanimous,3,Ismail Naurdiev,Siyar Bahadurzada,300,3
ee43dc83049ecc8d,Decision - Split,3,Lyoto Machida,Dan Henderson,300,3
81ec228bf7af0fc1,KO/TKO,1,Jake Ellenberger,Sean Pierson,300,3
41b9240c854b0956,KO/TKO,1,Lyoto Machida,Thiago Silva,300,3
73ebbfb998edc1f1,Decision - Unanimous,3,Michael Morales,Jake Matthews,300,3
612333aaff795989,Submission,1,Aleksei Oleinik,Anthony Hamilton,300,3
059dcd0b3b8e0a3f,Decision - Unanimous,3,Nordine Taleb,Chris Clements,300,3
f2c82f027201ba21,Decision - Unanimous,3,Andrei Arlovski,Chase Sherman,300,3
7685da6f627bd98f,Decision - Unanimous,3,Alistair Overeem,Roy Nelson,300,3
58080e8989927500,Decision - Unanimous,5,Aljamain Sterling,Brian Ortega,300,5
dcf052ef89a66397,Decision - Unanimous,3,Makwan Amirkhani,Mike Wilkinson,300,3
2d205cc1da2e7930,KO/TKO,1,Cortney Casey,Cristina Stanciu,300,3
82177c0f91d9618a,KO/TKO,5,Kamaru Usman,Colby Covington,300,5
9d379b41d86d7c7f,KO/TKO,1,Erick Silva,Luis Ramos,300,3
757c11f17278b06a,Submission,3,Per Eklund,Samy Schiavo,300,3
9d204f44a9988b93,KO/TKO,2,Don Madge,Te Edwards,300,3
6314e63003745e80,KO/TKO,1,Caol Uno,Fabiano Iha,300,3
e8005a8c3c029a73,KO/TKO,2,Jason MacDonald,Rory Singer,300,3
dd229687cb62c871,Decision - Unanimous,3,Marcin Tybura,Mick Parkin,300,3
b5a8323de18f7e95,Decision - Unanimous,3,Jeff Molina,Aoriqileng,300,3
766b0b26c40525de,Submission,1,Jafel Filho,Clayton Carpenter,300,3
bf334cb4e63f3430,KO/TKO,2,Chris Barnett,Jake Collier,300,3
e09d17f97d6fc6b8,Decision - Unanimous,3,Kamaru Usman,Alexander Yakovlev,300,3
60c441c5838dfac2,Decision - Unanimous,3,Mark Madsen,Austin Hubbard,300,3
3fe9e895b2a45049,KO/TKO,2,Marcin Tybura,Viktor Pesta,300,3
5f19b0135414b454,Decision - Unanimous,3,Jan Blachowicz,Jimi Manuwa,300,3
cde2f88251b73305,KO/TKO,3,Vinicius Oliveira,Benardo Sopaj,300,3
5da651d5867cbdfe,Decision - Unanimous,3,Gilbert Burns,Andreas Stahl,300,3
e4795ab9bdd6fb38,Decision - Unanimous,3,Artem Lobov,Teruto Ishihara,300,3
550daf3853d050ba,KO/TKO,1,Shane Carwin,Neil Wain,300,3
87c07416af211de1,KO/TKO,2,Rashad Evans,Jason Lambert,300,3
97c76d44699f7c93,Decision - Unanimous,3,Yan Xiaonan,Angela Hill,300,3
362a5b3cd4a70330,Decision - Split,3,David Branch,Krzysztof Jotko,300,3
e90dd017386025c4,Decision - Split,3,Marcus Davis,Chris Lytle,300,3
75fa9c0bb31caaa3,Decision - Unanimous,3,Yanal Ashmouz,Trevor Peek,300,3
c00a49eadfb592f0,Submission,1,Travis Lutter,Patrick Cote,300,3
2f9a8807807b80d6,Submission,1,Iuri Alcantara,Brad Pickett,300,3
7ec24848cac6c5a1,KO/TKO,1,Robert Whittaker,Brad Tavares,300,3
20dda78057d17a5a,KO/TKO,1,Demetrious Johnson,Henry Cejudo,300,5
e2503ed6a1f9257d,Decision - Majority,3,TIE,TIE,300,3
767819f321431bed,Decision - Unanimous,3,Daniel Rodriguez,Gabe Green,300,3
11249454ed5fd71f,Decision - Unanimous,3,Fabio Maldonado,Roger Hollett,300,3
1cd63899011c4bf6,KO/TKO,1,Kaue Fernandes,Mohammad Yahya,300,3
6154ee95d3f4fc32,KO/TKO,1,Javier Reyes,Douglas Silva de Andrade,300,3
b616969d55fb2d7a,Decision - Split,3,Justin Salas,Aaron Riley,300,3
640f2ae3995b3b4f,Submission,3,Jim Miller,Gabriel Benitez,300,3
7f0e469103ab46b6,Submission,1,Mark Bocek,Joe Brammer,300,3
b4627dd3bb50be2c,KO/TKO,2,Cain Velasquez,Ben Rothwell,300,3
1c980547431ddcef,KO/TKO,3,Al Iaquinta,Rodrigo Damm,300,3
c739195deef32b45,Submission,1,Dustin Hazelett,Tamdan McCrory,300,3
c5574b79e31a1b2b,KO/TKO,3,Rich Franklin,Matt Hamill,300,3
51ec53f442d2cc9b,Decision - Unanimous,3,Adam Wieczorek,Anthony Hamilton,300,3
a003e8305d4dbdc8,Decision - Unanimous,3,Viviane Araujo,Roxanne Modafferi,300,3
330d86bfaa4155fe,KO/TKO,1,Charles Radtke,Gilbert Urbina,300,3
fa2271eecde701ed,Decision - Split,3,Clay Guida,Marcus Aurelio,300,3
83f6a6fc79036749,Decision - Unanimous,3,David Mitchell,Simeon Thoresen,300,3
aeb7ff8ce6e1beac,KO/TKO,1,Li Jingliang,Santiago Ponzinibbio,300,3
5305049e4215d263,KO/TKO,2,Abdul Razak Alhassan,Claudio Ribeiro,300,3
8dbd4d1df2e7ff67,Submission,1,Terry Etim,Matt Grice,300,3
e30ee434b864e4ac,Decision - Unanimous,5,Sean Sherk,Kenny Florian,300,5
4a0db214d9721d6e,Decision - Unanimous,5,Petr Yan,Merab Dvalishvili,300,5
d13849f49f99bf01,Decision - Unanimous,5,Dricus Du Plessis,Sean Strickland,300,5
fc4939b3c9071e66,Decision - Split,3,Macy Chiasson,Norma Dumont,300,3
837a7a922066b214,TKO - Doctor's Stoppage,1,Uriah Hall,Ron Stallings,300,3
6aa89b7b5350b8e2,Decision - Unanimous,3,Chris Gutierrez,Quang Le,300,3
470f6fdd47f671fd,KO/TKO,1,Edson Barboza,Lucas Martins,300,3
c03b6b6ce5d03276,Submission,1,Aljamain Sterling,Cory Sandhagen,300,3
0eab2845f901f8b6,Decision - Unanimous,3,Tecia Pennington,Jocelyn Jones-Lybarger,300,3
69aa797cef2e4782,KO/TKO,2,Tim Means,John Howard,300,3
8986373b4a6e90b6,Decision - Split,3,Nina Nunes,Cynthia Calvillo,300,3
c63edd25d2201a46,Decision - Split,3,TIE,TIE,300,3
96adba2273a13f46,Decision - Majority,3,TIE,TIE,300,3
cc03e698c4b7da52,Decision - Unanimous,3,Diyar Nurgozhay,Rafael Tobias,300,3
2baa02e0df86b566,Decision - Unanimous,3,Ruslan Magomedov,Viktor Pesta,300,3
088b47d890b389e9,Decision - Unanimous,3,Lauren Murphy,Roxanne Modafferi,300,3
403bed9fe983b10a,Submission,1,CB Dollaway,Jesse Taylor,300,3
0f16d83859d608c7,KO/TKO,2,Eryk Anders,Chris Weidman,300,3
bbebfc54abbb1d8b,KO/TKO,1,Chad Mendes,Ricardo Lamas,300,5
7ba640f8b70bc685,Decision - Split,3,Sam Stout,Spencer Fisher,300,3
817cd15077a9419e,Decision - Unanimous,3,Bruno Lopes,Magomed Gadzhiyasulov,300,3
3adae93bbf06287a,Decision - Unanimous,3,Luke Cummo,Jason Von Flue,300,3
40c080d0f86f1f1f,KO/TKO,1,Stephen Thompson,Dan Stittgen,300,3
55c6d02e838dc60f,Submission,3,Gilbert Burns,Alex Oliveira,300,3
3fc1ebe73920a2a7,Submission,1,Paul Sass,Jacob Volkmann,300,3
c16bda7548181613,Decision - Unanimous,3,Jacob Malkoun,AJ Dobson,300,3
faec13fd40b6d797,Decision - Split,3,Alessio Sakara,Thales Leites,300,3
aa62b8f58fc09790,Decision - Unanimous,3,Mauricio Rua,Rogerio Nogueira,300,3
6ed5847dd874d2d2,Submission,3,Roger Huerta,Clay Guida,300,3
5840527835a8ffb2,Submission,1,Michelle Waterson-Gomez,Paige VanZant,300,5
cea6760d7bfbe19b,Decision - Unanimous,3,Abubakar Nurmagomedov,Gadzhi Omargadzhiev,300,3
a16d8d0cc93372c4,Decision - Unanimous,3,Kevin Casey,Ildemar Alcantara,300,3
dab5e3680cf6eac7,KO/TKO,2,Rony Jason,Sam Sicilia,300,3
23865dfc8361ac62,KO/TKO,2,JJ Aldrich,Liang Na,300,3
d13ea6559225991f,KO/TKO,1,Chad Mendes,Darren Elkins,300,3
4f36bc6fe119c4ac,Submission,2,Terry Etim,Shannon Gugerty,300,3
7bb335510a749419,KO/TKO,3,Rafael Natal,Kevin Casey,300,3
8cc43d79b61efc25,KO/TKO,1,Cody Durden,JP Buys,300,3
07423d10cc23bfeb,Decision - Split,3,Pat Miletich,Mikey Burnett,,
d6c02b4bb64ff795,Decision - Unanimous,3,Jussier Formiga,Wilson Reis,300,3
4ceadad9c2dd0a87,KO/TKO,1,Soa Palelei,Ruan Potts,300,3
b20640f9b2634de1,Decision - Split,3,Puja Tomar,Rayanne dos Santos,300,3
1dfbdd569585812f,KO/TKO,1,Gian Villante,Anthony Perosh,300,3
9cba1f0cdf10a8e5,Decision - Split,3,Russell Doane,Marcus Brimage,300,3
435c93cb89016fd1,Decision - Split,3,Jason Knight,Jim Alers,300,3
c3e49cc87bd262c8,Decision - Unanimous,3,Chris Camozzi,James Hammortree,300,3
52abce3a11b43b1d,Submission,3,Paul Felder,Daron Cruickshank,300,3
72d2ab073f4120a4,Decision - Unanimous,3,Leonardo Santos,Efrain Escudero,300,3
22e10b23784e5efc,Decision - Unanimous,3,Chris Weidman,Omari Akhmedov,300,3
904cf687d22bb486,Decision - Unanimous,5,Alexa Grasso,Viviane Araujo,300,5
08e7a39eb7482ebf,KO/TKO,1,Julian Erosa,Darren Elkins,300,3
9444cfe0c7c0f6a7,KO/TKO,3,Yoel Romero,Luke Rockhold,300,5
e0e19f79019d63d2,Decision - Unanimous,3,Corey Anderson,Glover Teixeira,300,3
b395c89e19a3fec4,Decision - Split,5,TIE,TIE,300,5
a7c04dc830923313,Decision - Unanimous,3,Chris Wade,Christos Giagos,300,3
03a200326e56d597,KO/TKO,2,Fabricio Werdum,Mark Hunt,300,5
65ce9335b93d9c57,Decision - Unanimous,3,Andre Petroski,Wellington Turman,300,3
19fc916df1f0e6ff,Decision - Unanimous,3,Desmond Green,Gleison Tibau,300,3
633f4b5ec767769d,Decision - Unanimous,5,Ian Machado Garry,Carlos Prates,300,5
36d9337a27b71ba9,Decision - Split,3,Ludovit Klein,Devonte Smith,300,3
2168b2c814faada6,Decision - Unanimous,3,Keith Jardine,Wilson Gouveia,300,3
d571486369996a39,KO/TKO,1,Gregor Gillespie,Jordan Rinaldi,300,3
8984ab656cb1818d,Decision - Unanimous,3,Li Jingliang,Frank Camacho,300,3
ab3820fa9944bd22,Submission,2,Gunnar Nelson,Zak Cummings,300,3
1978b44503c3d9ff,Decision - Unanimous,3,Zarrukh Adashev,Ryan Benoit,300,3
64fe6e61a24dbf39,KO/TKO,1,Ateba Gautier,Jose Daniel Medina,300,3
fb4bce82541b4061,Submission,2,Leandro Issa,Yuta Sasaki,300,3
93da91272d4a7ce3,Submission,1,Erin Blanchfield,Molly McCann,300,3
b0552b065ca7f401,Decision - Unanimous,3,Alexander Volkov,Roy Nelson,300,3
707ba52845d399c9,Decision - Unanimous,3,Cub Swanson,Kron Gracie,300,3
496a169f4c9becec,Decision - Split,3,Ildemar Alcantara,Albert Tumenov,300,3
007e8e0d4a39d82c,Decision - Unanimous,3,Sean O'Malley,Song Yadong,300,3
56315d5ac11594a5,KO/TKO,1,Ken Shamrock,Christophe Leninger,,
1c51f405e5c46572,Submission,1,Gilbert Burns,Neil Magny,300,3
dadaee9624256e07,Decision - Unanimous,3,Tristan Connelly,Michel Pereira,300,3
f0cf92b063735164,Decision - Unanimous,3,Andrei Arlovski,Tanner Boser,300,3
d042d18ad568190a,Submission,5,Demetrious Johnson,Ray Borg,300,5
9397493152c0669a,TKO - Doctor's Stoppage,3,Ikuhisa Minowa,Joe Slick,300,3
ebe38ba75cbf2320,Decision - Unanimous,3,Tecia Pennington,Bec Rawlings,300,3
8a8190f3f71408a4,Submission,3,Claudio Silva,Danny Roberts,300,3
87f39e0d82349c3b,Decision - Unanimous,3,Sean Sherk,Jutaro Nakao,300,3
e4559c3cce6edec1,KO/TKO,1,Jairzinho Rozenstruik,Allen Crowder,300,3
1d20bba4aca5f81a,KO/TKO,1,Mike Pyle,James Head,300,3
615f7f894bafad82,KO/TKO,2,Austin Vanderford,Nikolay Veretennikov,300,3
03bdbf2d18f3025d,Submission,2,Rani Yahya,Ray Rodriguez,300,3
e11e290d816c119b,Decision - Split,3,Deiveson Figueiredo,Jarred Brooks,300,3
e24c8aab497b4fe1,KO/TKO,1,Abdul Razak Alhassan,Alessio Di Chirico,300,3
3b7eb8e56052a2af,Decision - Split,3,Jared Gordon,Joe Solecki,300,3
82338ba457fbe87f,Submission,2,Tim Elliott,Kai Asakura,300,3
860050f211b44d10,Decision - Unanimous,3,Jacob Malkoun,Nick Maximov,300,3
0328754c15ecd37c,Submission,2,Manny Bermudez,Albert Morales,300,3
3aace29fcc65ec51,Decision - Unanimous,3,Alex Oliveira,James Moontasri,300,3
8a660069ae42edc2,KO/TKO,4,Frankie Edgar,Gray Maynard,300,5
32e9bc4d0a19a923,Submission,1,Quillan Salkilld,Jamie Mullarkey,300,3
0b2c3c4306620d6d,Decision - Split,3,Tracy Cortez,Justine Kish,300,3
c9ebbba18e4e1e84,Submission,2,Josh Sampo,Ryan Benoit,300,3
9afda67fdb4d7c07,Decision - Split,3,Joe Ellenberger,James Moontasri,300,3
d063d46208c560b1,Decision - Unanimous,3,Taylor Lapilus,Vince Morales,300,3
a7ff11c5dfe65e86,KO/TKO,1,Mike de la Torre,Tiago dos Santos e Silva,300,3
d629aa5eb31a1e38,Decision - Unanimous,3,Macy Chiasson,Shanna Young,300,3
ecc80630494d402a,Decision - Split,3,Dan Miller,Joe Doerksen,300,3
ea8b1a909155b0c2,Submission,1,Forrest Griffin,Bill Mahood,300,3
3e5a3ecd2b123fc2,Decision - Unanimous,3,Jordan Johnson,Marcel Fortuna,300,3
626c82ed45fdcf59,Submission,3,Miesha Tate,Julia Avila,300,3
33fa6793a7f984ac,Decision - Split,5,Cory Sandhagen,Marlon Vera,300,5
ebd51f898209c4c8,KO/TKO,1,Chuck Liddell,Vernon White,300,3
f039c93516e48253,Decision - Unanimous,3,Nate Landwehr,Darren Elkins,300,3
8741e6a3a5a22a7f,Decision - Unanimous,3,Marcin Tybura,Blagoy Ivanov,300,3
869d753568a114a6,KO/TKO,1,Paul Varelans,Gerry Harris,,
d8335b728604b222,KO/TKO,2,Marina Rodriguez,Michelle Waterson-Gomez,300,3
e5a9f75b1117d848,KO/TKO,1,Roman Dolidze,Khadis Ibragimov,300,3
8bcdb1c3418fe739,KO/TKO,1,Tyron Woodley,Jay Hieron,300,3
ee6000812e2b9f9d,KO/TKO,1,Tito Ortiz,Ken Shamrock,300,3
8e6640c007ad603d,Submission,2,Chris Duncan,Jordan Vucenic,300,3
57ab45aa1ebd087e,Decision - Unanimous,3,Hatsu Hioki,Ivan Menjivar,300,3
765482eb58e8db48,Decision - Split,3,JeongYeong Lee,Yizha,,
f3a60ca18747aeac,KO/TKO,2,Alexander Volkanovski,Jeremy Kennedy,300,3
0e60ab32f3d03929,KO/TKO,2,Daniil Donchenko,Theodor Berggren,300,3
fd088ce1481315a5,Decision - Unanimous,3,Loma Lookboonmee,Istela Nunes,300,3
5d9a3bfdcd28abb8,KO/TKO,1,Mike Rodriguez,Marcin Prachnio,300,3
5c3b8819dbe98114,Decision - Unanimous,3,Victor Hugo,Pedro Falcao,300,3
91a5480f48bfaa71,Submission,1,Da'Mon Blackshear,Jose Johnson,300,3
4e9d76ed54f1f352,KO/TKO,2,Edmen Shahbazyan,Dalcha Lungiambula,300,3
02a183fa803a33fe,KO/TKO,3,Aljamain Sterling,Hugo Viana,300,3
f206143bb9347444,Decision - Unanimous,3,Kenny Robertson,Ildemar Alcantara,300,3
836e9bc5c1f6acd3,Decision - Unanimous,3,Thomas Petersen,Mohammed Usman,300,3
c4d1c4b82cf34afb,Decision - Unanimous,3,Jake Collier,Gian Villante,300,3
67db05bac9165722,Decision - Unanimous,3,Nathaniel Wood,John Castaneda,300,3
09b36c7157770516,Decision - Unanimous,3,Tom Lawlor,Kyle Kingsbury,300,3
d7ae0993c7a378ee,Decision - Split,5,Amir Albazi,Kai Kara-France,300,5
fefa96b6d939ffea,KO/TKO,3,Bruno Silva,Andrew Sanchez,300,3
6834ae686aa0c588,KO/TKO,1,Hector Lombard,Rousimar Palhares,300,3
d80fd2ec736f7df2,Decision - Unanimous,3,Alex Morono,Rhys McKee,300,3
994739f676c2105f,Decision - Unanimous,3,Stephan Bonnar,Sam Hoger,300,3
16109688429c09de,KO/TKO,2,Christian Leroy Duncan,Denis Tiuliulin,300,3
5a6e894e4b6cc703,Decision - Unanimous,3,Luana Santos,Stephanie Egger,300,3
5a9ecff594dc6bb9,KO/TKO,3,Jorge Rivera,Rob Kimmons,300,3
95beb5ec32718faf,KO/TKO,1,Alexander Hernandez,Chris Gruetzemacher,300,3
b6b5ec324449befd,KO/TKO,1,Matt Brown,Diego Sanchez,300,3
aceaa32be99719b0,Decision - Split,3,Carlos Condit,Jake Ellenberger,300,3
2e47823d38a5649b,Decision - Split,5,Michael Bisping,Thales Leites,300,5
d7d7c9ce3d812eca,Decision - Unanimous,3,Junior Assuncao,Eddie Yagin,300,3
042fee3d05e105fa,Decision - Unanimous,3,Nick Hein,Drew Dober,300,3
e30b9829e42aa4ca,Decision - Unanimous,3,Marcin Tybura,Serghei Spivac,300,3
2129acab2280bd29,Submission,2,Kevin Holland,Vicente Luque,300,3
6c1faa6284428e5d,TKO - Doctor's Stoppage,2,Marcin Tybura,Jhonata Diniz,300,3
929fb67b49eaa405,Submission,1,Evan Tanner,Robbie Lawler,300,3
961246a6d621ef40,Decision - Unanimous,3,Olivier Aubin-Mercier,Tony Sims,300,3
5315bd4542b21c4b,Decision - Split,3,Karolina Kowalkiewicz,Felice Herrig,300,3
d3f44fedc561d2d5,KO/TKO,2,Mario Bautista,Miles Johns,300,3
ced000124f98f276,KO/TKO,1,Don Frye,Brian Johnston,,
d90567f7d4372160,Decision - Unanimous,3,Jim Miller,Matt Wiman,300,3
55bf7f19a132e0fc,KO/TKO,2,Bruno Silva,JP Buys,300,3
b187bdcc2ceba00f,Decision - Unanimous,3,Darren Elkins,Diego Brandao,300,3
06a28491fe26baa6,Decision - Unanimous,3,Daron Cruickshank,Chris Tickle,300,3
1a66e67add5d55ef,KO/TKO,1,Cain Velasquez,Travis Browne,300,3
2d42ef44ad2470e1,Decision - Unanimous,3,Brianna Fortino,Livinha Souza,300,3
de2328aa13e5ecdc,Decision - Unanimous,3,Kevin Ferguson,Houston Alexander,300,3
e2abba69c3371618,KO/TKO,1,Uros Medic,Aalon Cruz,300,3
17dc833cda860933,Decision - Unanimous,3,Jorge Masvidal,Daron Cruickshank,300,3
0d7dc1ed5eb995e4,Decision - Unanimous,3,Jake Matthews,Li Jingliang,300,3
171af1114dbfc29d,Decision - Unanimous,3,Ruslan Magomedov,Josh Copeland,300,3
b56d1822b9f9a35f,Submission,1,Justin Edwards,Josh Neer,300,3
770312f3ca8506b6,Decision - Unanimous,3,Ryan Janes,Keith Berish,300,3
3261bd16c10e3014,KO/TKO,1,Vitor Belfort,Wanderlei Silva,,
3f0826158f87f41d,DQ,1,Matt Hamill,Jon Jones,300,3
44cfbb8c3c356c65,Submission,1,Joanderson Brito,Jordan Leavitt,300,3
dacca5ea6be14d08,Decision - Unanimous,3,Greg Soto,Nick Osipczak,300,3
c60a317c7767abb7,Submission,1,Ketlen Souza,Yazmin Jauregui,300,3
246d06693b5ca1e8,Decision - Unanimous,3,Deiveson Figueiredo,Rob Font,300,3
933660cfab154f1a,Decision - Unanimous,5,Demetrious Johnson,Ali Bagautinov,300,5
66eaf9f4a2cd67d8,KO/TKO,1,Ken Shamrock,Kimo Leopoldo,300,3
6f83cfae0c800ef8,Decision - Unanimous,5,Valentina Shevchenko,Alexa Grasso,300,5
0ac4f0c1b4d021f6,KO/TKO,1,Sodiq Yusuff,Suman Mokhtarian,300,3
552f7cdaf93e1055,Decision - Majority,3,TIE,TIE,300,3
0c80eef2f4570543,Decision - Unanimous,3,Brad Tavares,Gerald Meerschaert,300,3
80faf0c138d20999,Submission,3,Jacare Souza,Gegard Mousasi,300,5
1123fceef316106e,Decision - Unanimous,3,Ryan Hall,Artem Lobov,,
8df2751dcbfa0fa2,KO/TKO,2,Brock Lesnar,Frank Mir,300,5
ecb7ff543dd41bf8,Submission,2,Juan Diaz,Malcolm Wellmaker,300,3
761a215d51a0442e,Decision - Unanimous,3,Emil Meek,Jordan Mein,300,3
4cf7792aef993be1,Submission,3,Joe Soto,Chris Beal,300,3
0387bc11a0a0c325,Decision - Unanimous,3,Dennis Bermudez,Pablo Garza,300,3
14f2bb86fd888e91,Submission,3,Derek Brunson,Darren Till,300,5
6445b14dbd24ac25,Decision - Unanimous,3,Luke Zachrich,Guilherme Vasconcelos,300,3
d573e571d8349b5d,Decision - Split,3,Dustin Ortiz,Zach Makovsky,300,3
28f57f60a46654f6,Submission,1,Mackens Semerzier,Alex Caceres,300,3
f786136e55007e17,Submission,1,Fabricio Werdum,Alexander Gustafsson,300,3
dbc3afd71525c83d,Decision - Unanimous,3,Rustam Khabilov,Jorge Masvidal,300,3
e1897ff433134cb8,Submission,3,Saidyokub Kakhramonov,Trevin Jones,300,3
4f3cd94861c6a876,Submission,1,Mayra Bueno Silva,Mara Romero Borella,300,3
e72a2130e7387637,Decision - Unanimous,3,Chepe Mariscal,Damon Jackson,300,3
ee5c0b8a757992af,Decision - Unanimous,3,Chidi Njokuani,Jared Gooden,300,3
678440bd8274a18e,KO/TKO,1,Marcio Barbosa,Dennis Buzukja,300,3
6ca94b35719eb300,Submission,1,Dan Severn,Dave Beneteau,,
9eaa33f874bbb999,Decision - Unanimous,3,Kurt Holobaugh,Kaynan Kruschewsky,300,3
5e3f46e6f46d5a90,Decision - Unanimous,3,Krzysztof Soszynski,Goran Reljic,300,3
1d9d91f78334129d,Submission,1,Genki Sudo,Mike Brown,300,3
d7022b6058dbb26b,Decision - Unanimous,3,Ignacio Bahamondes,Trey Ogden,300,3
71440bf87b9c58a1,Submission,1,Joe Lauzon,Jason Reinhardt,300,3
ecab8b8b36727b8d,Submission,3,Dricus Du Plessis,Darren Till,300,3
4b8c8ae61251ff83,KO/TKO,3,Donald Cerrone,Patrick Cote,300,3
f1d3eec12662d8d7,Decision - Split,3,Andre Lima,Mitch Raposo,300,3
a88a4c126d585320,Decision - Unanimous,3,Khabib Nurmagomedov,Edson Barboza,300,3
6e78d874097a3d22,Decision - Unanimous,3,Carli Judice,Juliana Miller,300,3
2fed4f1d91767eb1,Decision - Majority,3,TIE,TIE,300,3
b6a87389bdc36a00,KO/TKO,3,Joshua Van,Bruno Silva,300,3
2c101a0bcf334d31,Decision - Split,3,Joaquim Silva,Reza Madadi,300,3
d22de60b7a3d908c,KO/TKO,1,Ikram Aliskerov,Phil Hawes,300,3
cfc884a249141cba,KO/TKO,1,Marwan Rahiki,Ollie Schmid,300,3
191ee545160a4e09,KO/TKO,3,Daniel Rodriguez,Santiago Ponzinibbio,300,3
7233b2a56438d77a,KO/TKO,4,Valentina Shevchenko,Lauren Murphy,300,5
9da4e06a403f0d27,Decision - Unanimous,3,Ramazan Emeev,Sam Alvey,300,3
85099c6378ff87c5,KO/TKO,3,Kennedy Nzechukwu,Danilo Marques,300,3
1a484c452623181e,KO/TKO,1,Johnny Walker,Ryan Spann,300,3
0b4583d204797d19,Submission,1,Danny Henry,Hakeem Dawodu,300,3
7651b2e09ea2c420,KO/TKO,1,Khabib Nurmagomedov,Thiago Tavares,300,3
9217ecc287ac482d,Decision - Unanimous,3,Natan Levy,Mike Breeden,300,3
ee532a38a0b93127,KO/TKO,1,Dan Hooker,Ian Entwistle,300,3
8a044e5400b4318f,KO/TKO,1,Nikolas Motta,Cameron VanCamp,300,3
570f3407722cc512,Decision - Split,5,Yair Rodriguez,Alex Caceres,300,5
34e67c2b110f6b6a,Decision - Unanimous,3,Rafael Dos Anjos,Anthony Njokuani,300,3
d6e35b8c66732da6,Decision - Unanimous,3,Dustin Hazelett,Diego Saraiva,300,3
af178adff964d854,Submission,2,Demian Maia,Ed Herman,300,3
976abc27a4e5e26a,KO/TKO,2,Julio Arce,Herbert Burns,300,3
7e7d7a488ea21f63,Submission,1,Steve Jennum,Melton Bowen,,
ce4fc800a7456d18,KO/TKO,3,Santiago Ponzinibbio,Carlston Harris,300,3
64eb4ae171613218,Decision - Unanimous,3,Donald Cerrone,Eddie Alvarez,300,3
780cab0cd07589e4,KO/TKO,3,Nikita Krylov,Modestas Bukauskas,300,3
8c8468ed2878dc0a,Decision - Unanimous,3,Luke Barnatt,Collin Hart,300,3
7d4e49d8a6678157,Submission,1,Charles Oliveira,Justin Gaethje,300,5
bfff5a3777841344,Decision - Unanimous,3,Nasrat Haqparast,Landon Quinones,300,3
84500d5c1aba97a2,KO/TKO,1,Todd Duffee,Philip De Fries,300,3
c57c8e22a3e8dde2,KO/TKO,2,Josh Parisian,Alan Baudot,300,3
ec5e9ce2be2e1586,KO/TKO,1,Ryan Jimmo,Anthony Perosh,300,3
b6234bf015c80fc5,Decision - Unanimous,3,Dong Hyun Kim,TJ Grant,300,3
dc7ba55ca764cfbe,KO/TKO,2,Dan Hooker,Ross Pearson,300,3
3d7d82fff71e395a,Decision - Split,3,Mario Bautista,Jose Aldo,300,3
2c65d5d20cc893e4,KO/TKO,1,Beneil Dariush,James Vick,300,3
9a46f95c1c1e57f0,Decision - Unanimous,3,Omari Akhmedov,Zak Cummings,300,3
0d857bd8245f9d31,Submission,1,Mitch Gagnon,Dustin Kimura,300,3
7ba54a10f28c9496,Submission,1,Kyung Ho Kang,Cristian Quinonez,300,3
3c06557ddd86f8e8,KO/TKO,3,John Lineker,Alptekin Ozkilic,300,3
3ce6f9eb59a1e149,Decision - Split,3,Eddie Alvarez,Anthony Pettis,300,3
509bd83b00e4ab7c,Decision - Unanimous,3,Max Holloway,Cole Miller,300,3
8081cb92f71401c6,Decision - Unanimous,3,Ode Osbourne,CJ Vergara,300,3
1c36ff6c6284a523,Submission,1,Thales Leites,Floyd Sword,300,3
13c4251fb451f440,KO/TKO,2,Robert Whittaker,Clint Hester,300,3
997ab1ea9fab5643,KO/TKO,2,Charles Jourdain,Dooho Choi,300,3
03c1865919daeaa4,Decision - Unanimous,3,Christian Rodriguez,Austin Bashi,300,3
85c5dd604d5b3634,KO/TKO,1,Manel Kape,Ode Osbourne,300,3
76726a66840ccfa4,Submission,1,Marion Reneau,Jessica Andrade,300,3
a3dfa0ac05433450,KO/TKO,2,Thiago Silva,Tomasz Drwal,300,3
b5b4b69bccb9ff4a,Submission,1,Alexia Thainara,Molly McCann,300,3
9201312dd860fa5a,Submission,3,Julian Marquez,Maki Pitolo,300,3
b0f68344e01884ff,Decision - Unanimous,3,Jeremiah Wells,Themba Gorimbo,300,3
df370b97ea49e6b4,TKO - Doctor's Stoppage,4,Cory Sandhagen,Song Yadong,300,5
6e65bec924996b5a,Decision - Split,3,Ji Yeon Kim,Justine Kish,300,3
7e6f91cbf8e93210,Submission,2,Gunnar Nelson,Alan Jouban,300,3
cd7fd3f034717d3c,Submission,3,Arnold Allen,Alan Omer,300,3
bf1525f9761a116e,KO/TKO,1,Nate Quarry,Pete Sell,300,3
6a5eb525331fa1fc,KO/TKO,2,Kamaru Usman,Jorge Masvidal,300,5
54a15700ab185420,KO/TKO,1,Stephen Thompson,Jake Ellenberger,300,5
16b4a0b06427f1ac,Submission,1,Ken Shamrock,Kimo Leopoldo,,
cdf048ec9b917cfa,Submission,1,Luke Sanders,Maximo Blanco,300,3
00f4b6184f6315d0,KO/TKO,1,Song Yadong,Alejandro Perez,300,3
3fdb4c4b39218cf4,Decision - Unanimous,3,Hamdy Abdelwahab,Chris Barnett,300,3
18e5af00a8478a0e,Decision - Unanimous,3,Viktoriia Dudakova,Jinh Yu Frey,300,3
96bbb6c573dac27a,Decision - Unanimous,3,Michel Pereira,Niko Price,300,3
ec271393bc31ab72,KO/TKO,1,Vitor Belfort,Rich Franklin,300,3
5b880d10b0ed7acc,KO/TKO,1,Michal Oleksiejczuk,Gerald Meerschaert,300,3
04e6198326be4857,Decision - Unanimous,3,Damon Jackson,Dan Argueta,300,3
08f7a60bd84a6b3c,Decision - Split,3,Max Griffin,Jeremiah Wells,300,3
c16454a3205506c6,Decision - Unanimous,3,Antonio Carlos Junior,Vitor Miranda,300,3
88d9e7ec7f228908,KO/TKO,2,Rashad Evans,Sean Salmon,300,3
a6ec8573a9d38c51,Submission,2,Benardo Sopaj,Timmy Cuamba,300,3
2397e2a92710705a,Decision - Unanimous,3,Norma Dumont,Irene Aldana,300,3
0c2e3988793b418c,Submission,2,Bo Nickal,Cody Brundage,300,3
d564e3a6c77d0c85,KO/TKO,1,Edmen Shahbazyan,AJ Dobson,300,3
8c140756bf43dcc2,Decision - Unanimous,3,Tagir Ulanbekov,Azat Maksum,300,3
7de9867b7cc2b1b1,Decision - Unanimous,5,Jan Blachowicz,Israel Adesanya,300,5
00a5e033391bf8df,Decision - Unanimous,5,Matt Hughes,Sean Sherk,300,5
a716172939767cab,Submission,2,Sara McMann,Alexis Davis,300,3
766dc3c5592b4d0d,Decision - Unanimous,3,Robert Whittaker,Uriah Hall,300,3
0111e6a64b5184c6,Submission,1,Khamzat Chimaev,Kevin Holland,300,5
796a7e1fa80af990,KO/TKO,1,Stipe Miocic,Philip De Fries,300,3
964245b54324810d,KO/TKO,1,Alexander Gustafsson,Jared Hamman,300,3
f0ac3761d3fdda3e,Submission,2,Tecia Pennington,Juliana Lima,300,3
b2013a8b4ed68c8d,Decision - Unanimous,3,Brock Lesnar,Heath Herring,300,3
0221982930283140,Decision - Unanimous,3,Jessica Andrade,Lauren Murphy,300,3
9d1722fb8b83a92a,Decision - Unanimous,3,Khabib Nurmagomedov,Rafael Dos Anjos,300,3
6a0c5b9079a4128e,Decision - Split,3,Din Thomas,Matt Serra,300,3
c5de5c3633a0bfce,KO/TKO,1,Gabriel Gonzaga,Dave Herman,300,3
6b8be0ee3e569ad2,Decision - Split,5,Reinier de Ridder,Robert Whittaker,300,5
9c3f3bc7f7472e0c,KO/TKO,3,Bojan Velickovic,Nicholas Musoke,300,3
b5aafe149bec4306,KO/TKO,1,Alex Perez,Charles Johnson,300,3
909cd8633507a0c8,Submission,2,Erin Blanchfield,Tracy Cortez,300,3
53d2a57daaae700b,Decision - Unanimous,3,Jake Shields,Yoshihiro Akiyama,300,3
f3efc6121c5323ff,KO/TKO,1,Lerone Murphy,Ricardo Ramos,300,3
ff872fa3e9ec32a9,Decision - Unanimous,3,Mike Swick,Marcus Davis,300,3
a260238fdb9c47cf,Decision - Unanimous,3,Shane Burgos,Billy Quarantillo,300,3
9971f8bcd3b10069,Decision - Unanimous,3,Gleison Tibau,Terry Etim,300,3
81b5e933186a685a,Decision - Split,3,Sean Sherk,Evan Dunham,300,3
1fa8537d3992a09a,Decision - Unanimous,3,Gilbert Burns,Olivier Aubin-Mercier,300,3
759c55755d70f7ba,KO/TKO,2,Dusko Todorovic,Jordan Wright,300,3
478221ad98336565,Submission,2,Chas Skelly,Chris Gruetzemacher,300,3
fea7dd5904ab4c91,KO/TKO,3,Trevin Giles,Bevon Lewis,300,3
b079f3d5ad290afb,Decision - Unanimous,3,Joanne Wood,Seo Hee Ham,300,3
96c93167c982c467,Decision - Unanimous,3,Julianna Pena,Cat Zingano,300,3
1e7caef3f6dfde10,KO/TKO,2,Dusko Todorovic,Dequan Townsend,300,3
0be68308b5d63a47,Decision - Unanimous,3,Iuri Alcantara,Michihiro Omigawa,300,3
41727d51af72b1d5,Decision - Unanimous,3,Aljamain Sterling,Cody Gibson,300,3
86df0e75f41784d8,Decision - Unanimous,3,Javid Basharat,Gianni Vazquez,300,3
102fb91414fd24ab,KO/TKO,1,Priscila Cachoeira,Shana Dobson,300,3
e7d444e279914116,KO/TKO,3,Chris Leben,Terry Martin,300,3
d2484d74f819d813,Submission,1,Alexandr Romanov,Chase Sherman,300,3
02732ebb104793d2,KO/TKO,1,Dustin Ortiz,Hector Sandoval,300,3
dcc0c53100fa1dd2,KO/TKO,1,Brunno Ferreira,Dustin Stoltzfus,300,3
08e48648e3504638,Decision - Unanimous,3,Karol Rosa,Vanessa Melo,300,3
e57b884785848624,KO/TKO,1,Ben Alloway,Manuel Rodriguez,300,3
637f561cd731fb44,Decision - Split,3,Raphael Assuncao,Aljamain Sterling,300,3
706228ddb6076b3f,Decision - Split,3,Liz Carmouche,Katlyn Cerminara,300,3
96b62bd56b252bab,Submission,1,Alexandre Pantoja,Alex Perez,300,3
0454bfbc49e95c16,Decision - Unanimous,3,Mike Pierce,Brock Larson,300,3
54e2490959f66dc2,Decision - Unanimous,3,Ricky Simon,Brian Kelleher,300,3
e915c1987050eac8,KO/TKO,1,Rob Emerson,Manvel Gamburyan,300,3
4f16ef3e707447a0,Decision - Unanimous,3,Nasrat Haqparast,Marc Diakiese,300,3
e27c28928ed4390f,Decision - Unanimous,3,Joe Solecki,Jim Miller,300,3
b0d06858fb725654,Decision - Unanimous,3,Ludovit Klein,Mason Jones,300,3
72e1b3e1224f5314,KO/TKO,4,Jose Aldo,Chan Sung Jung,300,5
fa3b28ff3585b4a0,KO/TKO,1,Chris Curtis,Phil Hawes,300,3
51461da4ba467901,KO/TKO,1,Kevin Holland,Anthony Hernandez,300,3
60820d105e57d5d6,Decision - Unanimous,3,Daniel Kelly,Patrick Walsh,300,3
760b90b0805e0fbf,Decision - Split,3,Alessio Di Chirico,Julian Marquez,300,3
24341a8cf1152c5c,KO/TKO,5,Alistair Overeem,Augusto Sakai,300,5
e9754f597ec50f6f,Decision - Unanimous,3,Brad Katona,Cody Gibson,,
c9721146eba68c2a,Submission,1,Gleison Tibau,Rich Clementi,300,3
a71e4206f87ae74c,Submission,2,Yuta Sasaki,Justin Scoggins,300,3
d29a82322bb083d9,Decision - Unanimous,3,Mike Malott,Trevin Giles,300,3
eacfc05c3e5ead5e,KO/TKO,3,Lucas Martins,Jeremy Larsen,300,3
20f19439e9b100b0,Decision - Unanimous,3,Matheus Nicolau,Tim Elliott,300,3
6d9f6f7004c791d5,Submission,2,Chas Skelly,Edimilson Souza,300,3
502d7cb01921170f,Submission,2,Yan Cabral,Naoyuki Kotani,300,3
c92596c3143db25b,Submission,1,Kevin Jackson,Tony Fryklund,,
40687c9412e0c279,Submission,2,Nathaniel Wood,Jose Quinonez,300,3
589fd70f6f8b747c,Submission,2,Simeon Thoresen,Besam Yousef,300,3
6ba9f6a7a9361354,Decision - Unanimous,3,Nate Maness,Johnny Munoz,300,3
636fd144716a3084,Submission,1,Jon Jones,Ciryl Gane,300,5
de17a01ce8a0c654,Decision - Split,3,Dustin Ortiz,Justin Scoggins,300,3
1e2677e481a587fd,KO/TKO,2,Mike Swick,DaMarques Johnson,300,3
77df662671ce11c5,Decision - Unanimous,3,Guram Kutateladze,Jordan Vucenic,300,3
84cde29aebf6c00c,Decision - Unanimous,3,Steven Peterson,Chase Hooper,300,3
e93d07a18ca847c8,KO/TKO,2,Stefan Struve,Dave Herman,300,3
5a3b530c73106c5c,KO/TKO,1,Tomasz Drwal,Ivan Serati,300,3
0cf7636471fc5e45,KO/TKO,1,Laverne Clark,Frank Caracci,,
fdfe4e7cb2d0b665,Decision - Split,3,Alexandr Romanov,Juan Espino,300,3
cae7de0873e03947,Decision - Unanimous,3,Ailin Perez,Ashlee Evans-Smith,300,3
cf0a6466b762c668,Decision - Split,5,Zhang Weili,Joanna Jedrzejczyk,300,5
697efaf0d162e877,Decision - Split,3,Jack Della Maddalena,Kevin Holland,300,3
a914df32b95a1abc,KO/TKO,2,Raphael Assuncao,Issei Tamura,300,3
977250a28d3b8a3f,KO/TKO,1,Billy Ray Goff,Yusaku Kinoshita,300,3
7c307d98ed135d32,Decision - Unanimous,3,Ryan Bader,Quinton Jackson,300,3
1ca41d3b11d88b36,Submission,2,Michael Chiesa,Carlos Condit,300,3
fecf9c7a4e965690,Decision - Split,3,Fabio Maldonado,Joey Beltran,300,3
0449c55a8c24a59e,Decision - Split,3,Ross Pearson,Paul Felder,300,3
e8f4e8ff49678b44,KO/TKO,1,Andrew Sanchez,Wellington Turman,300,3
11141cf97c6156b6,Submission,1,TJ Waldburger,Mike Stumpf,300,3
edff38661bf2866b,Decision - Unanimous,3,Jacob Malkoun,Gerald Meerschaert,300,3
cb93f5f9d09b29f1,Decision - Unanimous,3,Yushin Okami,Mike Swick,300,3
93f1b09aa792405e,Submission,3,Fabricio Werdum,Cain Velasquez,300,5
733dcfec0cc9b439,KO/TKO,1,Ian Machado Garry,Jordan Williams,300,3
dae70ccdf9e7475e,KO/TKO,2,Jhonata Diniz,Austen Lane,300,3
292b83afa418635f,KO/TKO,3,Bo Nickal,Rodolfo Vieira,300,3
d9c0351cd21e40e0,Decision - Unanimous,3,Sergio Pettis,Tyson Nam,300,3
26fbee4ed13ff35d,Decision - Unanimous,3,JJ Aldrich,Gillian Robertson,300,3
dc6a8ec4d6c477de,KO/TKO,1,Geza Kalman,Dieusel Berto,,
85e5498808346d6b,KO/TKO,3,Rongzhu,Brandon Jenkins,300,3
f2ac86cd3e863243,Decision - Split,3,Zubaira Tukhugov,Phillipe Nover,300,3
00bbcd4a6d647fdf,TKO - Doctor's Stoppage,1,Anthony Smith,Jimmy Crute,300,3
419fff06f338f5c6,Decision - Unanimous,3,Brendan Allen,Edmen Shahbazyan,300,3
c6dd17ab89437805,KO/TKO,2,Jorge Masvidal,Darren Till,300,5
9c7a67ce1d6a01f9,Decision - Unanimous,3,Gleison Tibau,Jeremy Stephens,300,3
bcfaf1dd78f12f97,Decision - Unanimous,3,Natalia Silva,Jessica Andrade,300,3
1be65a0d2c1383f6,Submission,1,Mickey Gall,Jordan Williams,300,3
51db35a3cf225bda,Decision - Split,3,Kai Kara-France,Raulian Paiva,300,3
c302f24082239f82,Submission,3,Roland Delorme,Josh Ferguson,300,3
3e74caa9fff4a5eb,Submission,1,Michel Pereira,Ihor Potieria,300,3
5563d6de0b4c4d65,Decision - Unanimous,3,Magnus Cedenblad,Scott Askham,300,3
6b5c225814a924ed,Submission,2,Asu Almabayev,Ode Osbourne,300,3
e5fbb99bc3907516,Decision - Unanimous,3,Gina Mazany,Wu Yanan,300,3
18dde81d45ac2232,Submission,1,Deiveson Figueiredo,Tim Elliott,300,3
4e55251b7a0df0c2,TKO - Doctor's Stoppage,4,Max Holloway,Brian Ortega,300,5
27ff1bfeb2d50b38,KO/TKO,1,Shawn Jordan,Pat Barry,300,3
2573a9a722f238f4,KO/TKO,3,Shawn Jordan,Jack May,300,3
ced241b99eab5f22,Submission,1,Jacare Souza,Tim Boetsch,300,3
81cbb709dedc914d,Decision - Split,3,Antonina Shevchenko,Cortney Casey,300,3
70afe9e0d2422252,Decision - Unanimous,3,Tabatha Ricci,Angela Hill,300,3
ccee020be2e8d9f6,KO/TKO,1,Johnny Rhodes,David Levicki,,
393f9bc7b51791a6,Decision - Unanimous,3,Punahele Soriano,Miguel Baeza,300,3
4e77cc2c8d604241,KO/TKO,2,Henry Cejudo,Dominick Cruz,300,5
d066287b31c871a6,Decision - Unanimous,3,Josh Neer,Joe Stevenson,300,3
e0a11799d3446b87,KO/TKO,1,Kevin Jackson,Todd Butler,,
5ce29056e0cd2df9,Decision - Unanimous,3,Montel Jackson,Daniel Marcos,300,3
97ad63e644757cf4,Decision - Unanimous,3,Joselyne Edwards,Wu Yanan,300,3
6f350d91fb07a819,KO/TKO,1,Josh Emmett,Ricardo Lamas,300,3
2e042964c6498e7a,KO/TKO,1,Jeremy Stephens,Rony Jason,300,3
89d39663ff1b890e,Decision - Unanimous,3,Aaron Simpson,Mario Miranda,300,3
f70c817388602681,KO/TKO,5,Leon Edwards,Kamaru Usman,300,5
e050c299ffa1f2d3,KO/TKO,1,Joshua Burkman,Sammy Morgan,300,3
c5e0e4ee11903076,Decision - Unanimous,3,Jon Jones,Andre Gusmao,300,3
2b01da1699f0305f,Decision - Unanimous,3,Vinc Pichel,Roosevelt Roberts,300,3
519dcb290e6db845,KO/TKO,2,Jeremy Stephens,Josh Emmett,300,5
63f6af6d5f7b82ad,KO/TKO,2,Daniel Santos,John Castaneda,300,3
f3a970c83d8de1db,Submission,2,Cathal Pendred,Mike King,300,3
d292243c6499b2fe,Decision - Unanimous,5,Kamaru Usman,Jorge Masvidal,300,5
7e3609b672c7ecf9,KO/TKO,3,Yoel Romero,Derek Brunson,300,3
ae89ba793121fe0c,Decision - Unanimous,3,Bolaji Oki,Michael Aswell Jr.,300,3
3f8c6e31ebbe54bc,Decision - Unanimous,3,Jared Gordon,Dan Moret,300,3
afedd038b986cebc,Decision - Unanimous,3,Dean Lister,Jordan Radev,300,3
c29b63d6cd2ba413,Submission,1,Godofredo Pepey,Mike de la Torre,300,3
388df822e50b04f8,KO/TKO,2,Georges St-Pierre,Sean Sherk,300,3
4d231d5d5f815085,Decision - Split,3,CB Dollaway,Daniel Sarafian,300,3
076c98ac0561521f,Submission,1,Charles Rosa,Manny Bermudez,300,3
787d94246afe18a3,Decision - Unanimous,3,Santiago Ponzinibbio,Zak Cummings,300,3
5c55530a258a9e41,Decision - Majority,3,TIE,TIE,,
73240bea13ed5e71,Decision - Unanimous,3,Alice Ardelean,Rayanne dos Santos,300,3
18f1b88d8977c216,Decision - Unanimous,5,Alexander Volkanovski,Brian Ortega,300,5
ef1cd6371a3f18e0,Submission,1,Jackson McVey,Sedriques Dumas,300,3
d869eaea38426f06,Submission,1,Johnny Walker,Ion Cutelaba,300,3
222bb2c67a87d312,Decision - Unanimous,3,Manel Kape,Felipe dos Santos,300,3
f0b7caa90faf47e5,KO/TKO,1,Yizha,Westin Wilson,300,3
31e62d34abc3a762,Decision - Split,3,Holly Holm,Raquel Pennington,300,3
b41e3be867afd6fa,Decision - Unanimous,3,Ray Borg,Rogerio Bontorin,300,3
59eea37af7efb06c,Submission,2,Khabib Nurmagomedov,Justin Gaethje,300,5
db209b782f35e0e6,Decision - Unanimous,5,Ryan Bader,Ovince Saint Preux,300,5
37e0251af7b18742,Submission,1,Fabricio Camoes,Tommy Hayden,300,3
4087bb7b3b1b9e24,Submission,3,Gabriel Benitez,Humberto Brown Morrison,300,3
c06d7bb29bc24d00,Submission,3,Islam Makhachev,Drew Dober,300,3
8693027377658e61,Decision - Unanimous,3,Bill Algeo,Joanderson Brito,300,3
f0666193c544be4a,Decision - Unanimous,3,Darren Uyenoyama,Norifumi Yamamoto,300,3
759659ca9303c720,Submission,1,Roman Mitichyan,Dorian Price,300,3
b675c94f20551631,Decision - Unanimous,3,Nate Quarry,Kalib Starnes,300,3
2ac9b3ccb43422d8,Decision - Split,3,TIE,TIE,300,3
5965800d88e0677c,Submission,2,Luke Rockhold,Lyoto Machida,300,5
5d06b45564f62c80,KO/TKO,1,Roger Huerta,John Halverson,300,3
b56fd6eb7d0b6083,Decision - Split,3,Li Jingliang,David Michaud,300,3
2de6652160cc7b9f,Decision - Unanimous,3,Paulo Costa,Luke Rockhold,300,3
8dd086e2e70144fd,Decision - Unanimous,3,Luana Pinheiro,Sam Hughes,300,3
c3b9b97467f828d1,Submission,2,Tabatha Ricci,Jessica Penne,300,3
303db84673492cd6,Decision - Unanimous,3,Igor Pokrajac,Fabio Maldonado,300,3
32927d50acedb507,Decision - Unanimous,3,Alice Ardelean,Montserrat Conejo Ruiz,300,3
0c618cd41b88c558,Submission,1,Mayra Bueno Silva,Gillian Robertson,300,3
5c0e5d850d8e661f,Decision - Unanimous,3,Santiago Ponzinibbio,Miguel Baeza,300,3
7513a00037094075,KO/TKO,2,Nazim Sadykhov,Nikolas Motta,300,3
348de8e364ecf041,Decision - Split,3,Raoni Barcelos,Montel Jackson,300,3
767b78b67c7da17c,Submission,1,Yadier del Valle,Isaac Dulgarian,300,3
1b4d0c9e3c59b33b,Submission,1,Jailton Almeida,Parker Porter,300,3
15805ae1eea3343e,Decision - Unanimous,5,Caio Borralho,Jared Cannonier,300,5
94a3e3df3d28d8f0,Submission,1,Mark Bocek,Dustin Hazelett,300,3
69bca5091b2a31f6,KO/TKO,3,Joaquin Buckley,Stephen Thompson,300,3
2c0496a5f39ab8a4,Decision - Unanimous,3,Tanner Boser,Aleksa Camur,300,3
5ad8aa57c8d69680,KO/TKO,1,Brunno Ferreira,Gregory Rodrigues,300,3
43d1693f0198a93e,Decision - Split,3,Jake Shields,Tyron Woodley,300,3
f23e2bed86b62462,Decision - Unanimous,3,Drew Dober,Frank Camacho,300,3
794ec0a93eca0492,KO/TKO,1,Pedro Rizzo,Dan Severn,300,3
deaeb2383bbd32bf,Submission,1,Drew Dober,Jamie Varner,300,3
7bd6969c4ed979f9,Decision - Split,3,Clay Guida,Scott Holtzman,300,3
a27a9b7b8194e8fc,Submission,2,Henrique da Silva,Joachim Christensen,300,3
5c5523a6bf83e44f,KO/TKO,2,Ryan Loder,Robert Valentin,,
6b9f82291930bfec,Submission,1,Amir Albazi,Francisco Figueiredo,300,3
56d8cc470841f454,KO/TKO,3,Ricardo Ramos,Aiemann Zahabi,300,3
964eb53864554ed0,KO/TKO,1,Brandon Thatch,Justin Edwards,300,3
71bcafd04decc8ce,Submission,2,Phil Davis,Tim Boetsch,300,3
d33814971932422a,Decision - Majority,5,Yan Xiaonan,Mackenzie Dern,300,5
8da2c348ba6001a0,DQ,2,Allen Crowder,Greg Hardy,300,3
8c8c2499d89da07c,Decision - Unanimous,3,Cody Garbrandt,Henry Briones,300,3
6b83234360b3ca62,Submission,2,TJ Waldburger,Nick Catone,300,3
46cfb41b00cb5ad8,Decision - Unanimous,5,Cub Swanson,Jeremy Stephens,300,5
3c3533ba486a2006,Decision - Unanimous,5,Tim Sylvia,Andrei Arlovski,300,5
6caf9ebf42ddae2e,KO/TKO,2,Geoff Neal,Frank Camacho,300,3
1645ed92dcdc5c03,Decision - Unanimous,3,Cody Stamann,Terrion Ware,300,3
7b1882dc76786d77,Decision - Unanimous,3,Natalia Silva,Viviane Araujo,300,3
051124b25d576906,Decision - Unanimous,3,Holly Holm,Megan Anderson,300,3
5727d5be8c373346,KO/TKO,2,Ciryl Gane,Alex Pereira,300,5
095a351dd6f09f7e,KO/TKO,2,Nassourdine Imavov,Edmen Shahbazyan,300,3
5ab4bdec4db84f7d,Submission,2,Frankie Edgar,Matt Veach,300,3
c769dd861357af9f,KO/TKO,3,Manoel Sousa,Bolaji Oki,300,3
d93ee3860196c4ae,KO/TKO,2,Waldo Cortes Acosta,Derrick Lewis,300,3
7cfb05c08ec91525,Submission,2,Yancy Medeiros,Damon Jackson,300,3
3e4199f9a69bac88,KO/TKO,2,Tsuyoshi Kohsaka,Tim Lajcik,300,3
e83046dd074ec0fa,KO/TKO,1,Glover Teixeira,Misha Cirkunov,300,3
2798c746fe93502a,Submission,1,Jessica Andrade,Larissa Pacheco,300,3
38b6ef176439c39b,Submission,3,Gerald Meerschaert,Bruno Silva,300,3
16358c536d739017,Submission,1,Polyana Viana,Emily Whitmire,300,3
2341651d1043e2c0,KO/TKO,1,Jonathan Brookins,Vagner Rocha,300,3
15aee8ad5d9e9d58,Decision - Unanimous,3,John Moraga,Wilson Reis,300,3
bb70048e290f4a86,Submission,2,Chan Sung Jung,Leonard Garcia,300,3
3825f998c01cbeab,Submission,2,Jason MacDonald,Chris Leben,300,3
e9ed827818e8cadf,Decision - Unanimous,3,Thales Leites,Ed Herman,300,3
e71a155192ff2f6c,Submission,1,Gilbert Burns,Lukasz Sajewski,300,3
aa4aa75f0065a687,Submission,3,Chris Lytle,Dan Hardy,300,3
53f7f1b4834387a8,Decision - Unanimous,3,Elise Reed,Jessica Penne,300,3
aade9d76ac6c6aef,KO/TKO,3,Paulo Costa,Azamat Murzakanov,300,3
a274ed04c36d40d4,Submission,1,Mayra Bueno Silva,Stephanie Egger,300,3
5ae114b3fdef6d2f,Decision - Unanimous,3,Norman Parke,Reza Madadi,300,3
f661ef429055f8c1,Decision - Unanimous,3,Nyamjargal Tumendemberel,Cody Durden,300,3
59f77a6ecd041dff,KO/TKO,2,Marcus Davis,Jonathan Goulet,300,3
03e5127d4832750c,Submission,2,Roosevelt Roberts,Brok Weaver,300,3
a337e11f80a75b7d,Decision - Unanimous,3,Brett Johns,Kwan Ho Kwak,300,3
9fc232c3829a1ef0,Decision - Split,3,Nate Diaz,Josh Neer,300,3
f4717203e762d780,Submission,1,Jacare Souza,Chris Camozzi,300,3
e32dc26b11d1f81d,KO/TKO,3,Yousri Belgaroui,Mansur Abdul-Malik,300,3
b21e4b6c4126c782,Submission,1,Thiago Tavares,Clay Guida,300,3
71cb15f6dbdaccd8,Decision - Unanimous,3,Jacob Volkmann,Paul Kelly,300,3
17753b728e5404aa,Decision - Unanimous,3,Aljamain Sterling,Pedro Munhoz,300,3
4702ef17c48bf1d1,Decision - Split,3,Levan Makashvili,Mark Eddiva,300,3
36656dfa32341671,Submission,1,Darrick Minner,TJ Laramie,300,3
2cb9ba68fc855f33,Decision - Unanimous,3,JJ Aldrich,Vanessa Demopoulos,300,3
6537a32e7af905b0,Decision - Unanimous,3,Josh Emmett,Dan Ige,300,3
2b8cae68963a40a9,Decision - Split,3,Volkan Oezdemir,Aleksandar Rakic,300,3
109674a1ee00f55d,Decision - Unanimous,3,Juliana Lima,Ericka Almeida,300,3
25259e230be9cdc9,KO/TKO,1,Dan Ige,Andre Fili,300,3
5288ef3edf1eda6e,Submission,1,Dean Lister,Jeremy Horn,300,3
18f19b1422e8154b,Decision - Unanimous,5,Ketlen Vieira,Miesha Tate,300,5
6f19f24780c4f23f,Submission,2,Rani Yahya,Johnny Bedford,300,3
dd51d1aed9536da6,Decision - Unanimous,3,Jennifer Maia,Roxanne Modafferi,300,3
85e94a6c071fd9fa,KO/TKO,2,Joe Pyfer,Israel Adesanya,300,5
9eed1b277c76f576,Decision - Unanimous,3,Alex Caceres,Cole Escovedo,300,3
3542b1fd47163fcd,Decision - Unanimous,3,Matt Wiman,Mac Danzig,300,3
faf15b752fb8924c,Decision - Unanimous,5,Raquel Pennington,Mayra Bueno Silva,300,5
7e57d7848f9faacf,Submission,2,Ed Herman,Clifford Starks,300,3
acc987adeab45bfc,KO/TKO,2,Josh Samman,Eddie Gordon,300,3
afd5e85676eb697d,Decision - Unanimous,3,Johny Hendricks,Ricardo Funch,300,3
19d6c7f5263c9398,KO/TKO,3,Junior Dos Santos,Mark Hunt,300,3
84d4b658851b7e0e,Decision - Unanimous,3,Don Madge,Fares Ziam,300,3
d2198a7ae05b24c1,Decision - Split,3,Jimmie Rivera,Pedro Munhoz,300,3
f2b407019b2a5c15,KO/TKO,2,Magomed Ankalaev,Johnny Walker,300,5
57bbe424b0d6837c,KO/TKO,1,Tom Lawlor,Jason MacDonald,300,3
f3c33d0b7a087eaf,KO/TKO,1,Tito Ortiz,Wes Albritton,,
878941394f9e3538,Decision - Unanimous,3,Esteban Ribovics,Elves Brener,300,3
c98f62eb74e69bcb,Decision - Unanimous,3,John Castaneda,Muin Gafurov,300,3
67e1ec8ee2db3423,Submission,1,Mickey Gall,George Sullivan,300,3
3901d9cdbb0949bc,Submission,3,Ed Herman,Mike Rodriguez,300,3
f2ca358ea9bec156,Decision - Split,5,Henry Cejudo,Demetrious Johnson,300,5
559031e51ced0b53,Decision - Unanimous,3,Mounir Lazzez,Ange Loosa,300,3
b6de61e312dbb1db,Submission,1,Ebenezer Fontes Braga,Jeremy Horn,,
92c49cb075f612d7,KO/TKO,1,Michal Oleksiejczuk,Shamil Gamzatov,300,3
0f9e7d0d04e24b74,Submission,2,Luan Lacerda,Saimon Oliveira,300,3
b9de363e6b406853,KO/TKO,1,Mauricio Ruffy,Jamie Mullarkey,300,3
e8206c7380441fbb,Submission,1,Andre Muniz,Bartosz Fabinski,300,3
c2c000a37a89b82f,TKO - Doctor's Stoppage,2,Kenny Florian,Alex Karalexis,300,3
91bb64656e13a1d4,Decision - Split,5,TIE,TIE,300,5
eb9097be07a3c26a,Decision - Unanimous,3,Impa Kasanganay,Maki Pitolo,300,3
1eb0491642f276ed,Decision - Unanimous,3,Darren Elkins,Godofredo Pepey,300,3
9cfb84817a43b63c,Decision - Unanimous,3,Tereza Bleda,Gabriella Fernandes,300,3
7f0175f71481b63d,KO/TKO,1,Justin Jaynes,Frank Camacho,300,3
0af90a49f0ca1879,Submission,1,Misha Cirkunov,Nikita Krylov,300,3
dad034faf3d62cb9,Submission,2,Kevin Lee,Magomed Mustafaev,300,3
cccb99dd4ec5c2d6,Submission,3,Colby Covington,Wagner Silva,300,3
08c6b88ac22717ed,KO/TKO,1,John Lineker,Michael McDonald,300,5
6658fe4531c86674,KO/TKO,1,Levan Chokheli,Leon Shahbazyan,300,3
2faf5b8d708f8e94,Decision - Unanimous,3,Drakkar Klose,Joaquim Silva,300,3
6712440cd01dffdb,KO/TKO,2,Uriah Hall,Gegard Mousasi,300,3
f373e50e2fab3d5f,Submission,1,Alex Hunter,Sam Fulton,,
3c2ac653409cf5f2,KO/TKO,1,Matt Lindland,Pat Miletich,300,3
51f955029dbf6978,Decision - Unanimous,3,Sabina Mazo,Shana Dobson,300,3
c553753c64379c39,Decision - Unanimous,3,Frank Mir,Roy Nelson,300,3
ed3ae3852fe549d4,KO/TKO,1,Matt Hughes,Royce Gracie,300,3
788c4bbf925cdf40,Submission,1,Chris Wade,Cain Carrizosa,300,3
0732e6b6eb0a607d,Decision - Split,3,Montse Rendon,Tamires Vidal,300,3
afda8492a55f1c5d,Submission,1,Marcus Davis,Forrest Petz,300,3
f4cdc944e27c2cd2,KO/TKO,1,Derek Brunson,Uriah Hall,300,3
b53fd8bce62aa1c6,Decision - Unanimous,3,Tim Means,Alex Garcia,300,3
37bc72d5d211b189,KO/TKO,1,Islam Dulatov,Adam Fugitt,300,3
7580c93fec606442,Submission,1,Godofredo Pepey,Dashon Johnson,300,3
2d7ead5ad0952423,Decision - Unanimous,3,Michinori Tanaka,Roland Delorme,300,3
3f7c7917a57d2782,TKO - Doctor's Stoppage,1,Tony Ferguson,Aaron Riley,300,3
086c2a0cae0835c4,Submission,2,Shavkat Rakhmonov,Michel Prazeres,300,3
78a7bf038e56881d,Decision - Unanimous,3,Lucas Almeida,Timmy Cuamba,300,3
c0dc7511452ed0f8,TKO - Doctor's Stoppage,3,Jake Ellenberger,John Howard,300,3
dff1dbb8fe1f31cb,KO/TKO,2,Nassourdine Imavov,Ian Heinisch,300,3
857d274e47aa8c4e,Decision - Split,3,Aiemann Zahabi,Marlon Vera,300,3
31f12d3f95576ef4,Submission,2,Josh Koscheck,Anthony Johnson,300,3
a7e8416f0d57c8e0,Decision - Unanimous,3,Shamil Abdurakhimov,Andrei Arlovski,300,3
5dcade01fc840da6,KO/TKO,1,Adrian Yanez,Vinicius Salvador,300,3
af59e32a5b3f6065,KO/TKO,1,Rich Franklin,Evan Tanner,300,3
6bcaa0de4003cc41,Decision - Unanimous,3,Jhonata Diniz,Karl Williams,300,3
0717bc30025f3656,Decision - Unanimous,3,Chris Gutierrez,Ryan MacDonald,300,3
c7f6da6cd8e940b2,Decision - Unanimous,3,Yushin Okami,Jason MacDonald,300,3
dca074896265f816,Decision - Unanimous,3,Rick Story,Johny Hendricks,300,3
d45474993a750878,Decision - Unanimous,3,Joanne Wood,Cortney Casey,300,3
12c600dc64edb403,KO/TKO,1,Dustin Poirier,Diego Ferreira,300,3
ef526567c4dcf371,Decision - Unanimous,3,Bea Malecki,Veronica Hardy,300,3
0452dd001f4adb6e,Decision - Unanimous,3,Gabriel Benitez,Clay Collard,300,3
a561360edf66ee6f,Submission,1,Rob Kimmons,Joe Vedepo,300,3
e56403718205b494,Submission,2,Brendson Ribeiro,Diyar Nurgozhay,300,3
02731f017c838ad4,Submission,3,Kevin Holland,John Phillips,300,3
3c098e2946b4c824,Submission,1,Deiveson Figueiredo,Alex Perez,300,5
e4a9c93ff23eb5bb,Decision - Unanimous,3,Omari Akhmedov,Mats Nilsson,300,3
e18a8b333529cc09,Submission,2,Alex Oliveira,Carlos Condit,300,3
383f0de18e7ab9c5,Decision - Unanimous,3,Henry Cejudo,Dustin Kimura,300,3
80538f958af30aa0,Decision - Unanimous,3,Nam Phan,Leonard Garcia,300,3
4c489b3c9d14cbc9,Decision - Split,3,Chris Gutierrez,Geraldo de Freitas,300,3
128ab9aa4802c73f,KO/TKO,1,Diego Lopes,Pat Sabatini,300,3
69d6d58d58cb81e3,KO/TKO,1,Rogerio Nogueira,Tito Ortiz,300,3
41e6ace08a2679e1,KO/TKO,2,Junior Dos Santos,Frank Mir,300,5
c1e039419a671b9e,Decision - Split,3,Marco Polo Reyes,Jason Novelli,300,3
11b369120409d2aa,Decision - Unanimous,3,Andre Fili,Hacran Dias,300,3
207f105716df54f9,Submission,1,Leandro Silva,Charlie Brenneman,300,3
72330020a732c635,Submission,2,Warlley Alves,Nordine Taleb,300,3
a7eaf7b101166d3e,Decision - Unanimous,5,Israel Adesanya,Jared Cannonier,300,5
7fc5f1dc2df84ac7,Submission,1,Uran Satybaldiev,Diyar Nurgozhay,300,3
5a6861ca6d7fd021,KO/TKO,3,Matt Hughes,Renzo Gracie,300,3
b530bb13aac1e48b,Submission,1,Terrance McKinney,Erick Gonzalez,300,3
13635ba71963ad0c,KO/TKO,2,James Vick,Joe Duffy,300,3
1d65c141776949d6,KO/TKO,1,Geoff Neal,Rafael Dos Anjos,300,3
75e580d5ea37c519,Decision - Unanimous,3,Poliana Botelho,Lauren Mueller,300,3
b53031bf4bd0a330,Decision - Unanimous,3,William Gomis,Robert Ruchala,300,3
0adfc21045c02555,KO/TKO,1,Derrick Lewis,Tallison Teixeira,300,5
ddb015ac5c067aa9,KO/TKO,3,Shane Burgos,Charles Rosa,300,3
318460613b6018e9,KO/TKO,1,Chris Weidman,Vitor Belfort,300,5
67948da92e6c9bdc,KO/TKO,2,Georges St-Pierre,Matt Serra,300,5
3e9ddcd30fdc5d85,Decision - Split,3,Carlo Pedersoli Jr.,Brad Scott,300,3
635ee9448fe2ddaf,TKO - Doctor's Stoppage,1,Yosdenis Cedeno,Jerrod Sanders,300,3
d48f938269b8ed0b,Decision - Unanimous,3,Court McGee,Marcio Alexandre Junior,300,3
edf7ce89ad672e85,Decision - Unanimous,3,Piera Rodriguez,Josefine Knutsson,300,3
c7780ac294530c0d,Submission,1,Joe Duffy,Ivan Jorge,300,3
9368a80ba62d87e2,Submission,2,Clay Guida,Shannon Gugerty,300,3
628d02b6046d5f73,KO/TKO,1,Shane Carwin,Christian Wellisch,300,3
702759500d47a059,Submission,2,Aleksei Oleinik,Maurice Greene,300,3
93a081342561d0c3,Decision - Unanimous,3,Casey Kenney,Ray Borg,300,3
7fe0cec2b0f1c146,Decision - Unanimous,3,Claudia Gadelha,Randa Markos,300,3
247f9e56965a1c07,Decision - Unanimous,5,Israel Adesanya,Brad Tavares,300,5
c85b530861145935,KO/TKO,5,Joshua Van,Tatsuro Taira,300,5
56812137775844c8,KO/TKO,1,Phil Baroni,Amar Suloev,300,3
0dd560fbcae2244f,Decision - Split,3,Chad Laprise,Olivier Aubin-Mercier,300,3
e733f148060bef2a,Decision - Unanimous,5,Alexander Volkanovski,Diego Lopes,300,5
38901948cff43ff9,Decision - Unanimous,3,Cody Durden,Jake Hadley,300,3
f2ce79565c0820dd,Decision - Unanimous,3,Nate Diaz,Anthony Pettis,300,3
c892b23ad8f2208b,KO/TKO,1,Wanderlei Silva,Tony Petarra,,
4341ebb5a56e6943,Submission,2,Renato Moicano,Jai Herbert,300,3
89db7aca37b87711,Decision - Unanimous,3,Ismael Bonfim,Vinc Pichel,300,3
fc9ec3a01d0129b6,Submission,3,John Moraga,Chris Cariaso,300,3
cff81d681a01ae18,Decision - Unanimous,3,Eryk Anders,Brad Tavares,300,3
20868a67bea63129,Submission,1,Vicente Luque,Kelvin Gastelum,300,3
88256dd5a9aef1cc,KO/TKO,2,Gregory Rodrigues,JunYong Park,300,3
114d2f6fcd3f6f00,Decision - Unanimous,3,Kelvin Gastelum,Dustin Stoltzfus,300,3
977a758d869f9e7a,KO/TKO,3,Max Holloway,Anthony Pettis,300,5
f706508c52f337a6,Decision - Split,3,Ciryl Gane,Alexander Volkov,300,3
51ce499611a5df68,KO/TKO,1,Johnny Walker,Khalil Rountree Jr.,300,3
79817ab0129c5598,KO/TKO,3,Cristiane Justino,Tonya Evinger,300,5
c4f05ff2781530f4,Decision - Majority,3,Jonathan Goulet,Luke Cummo,300,3
d3be5a4e0ec273e2,Decision - Unanimous,3,Yair Rodriguez,Patricio Pitbull,300,3
d49bc8e4e5613614,Submission,1,Jeff Monson,Branden Lee Hinkle,300,3
9984333d8933dd58,KO/TKO,1,Carlos Condit,Dan Hardy,300,3
ebe122e962d26fa4,Submission,2,Rodrigo Nascimento,Don'Tale Mayes,300,3
246f38c7855a6400,Decision - Split,3,Gleison Tibau,Piotr Hallmann,300,3
7c76b3c48a5583df,KO/TKO,2,Ricco Rodriguez,Pete Williams,300,3
5aa7ecc6507841bd,Decision - Unanimous,3,Zak Cummings,Nicolas Dalby,300,3
23eec2d9cb2d78cd,KO/TKO,2,Khalil Rountree Jr.,Karl Roberson,300,3
6f78fc53b8662627,Submission,2,George Sotiropoulos,Jason Dent,300,3
1586c14f26880553,Submission,1,Tony Fryklund,Donnie Chappell,,
c4da9ec26a924a7d,Decision - Unanimous,3,Magomed Bibulatov,Jenel Lausa,300,3
a6a1adfeab7f7bb7,Submission,1,Glover Teixeira,Kyle Kingsbury,300,3
e8fd128286788a6d,Decision - Split,3,Josh Parisian,Roque Martinez,300,3
8b983e834df0c6c4,Decision - Unanimous,3,Rustam Khabilov,Jason Saggo,300,3
11aac355349ecc94,KO/TKO,1,Jorge Masvidal,Cezar Ferreira,300,3
50dae6b76c9c6490,KO/TKO,1,Muhammad Naimov,Erik Silva,300,3
0bf8bb9b4ef329f9,KO/TKO,2,Paige VanZant,Bec Rawlings,300,3
ea303a8e6e31f264,Decision - Unanimous,3,Amanda Ribas,Randa Markos,300,3
ea4ff1d77928b029,Submission,1,Valter Walker,Junior Tafa,300,3
a95be3943ea0f691,KO/TKO,2,Stephen Thompson,Chris Clements,300,3
1531cb3152157ada,Decision - Unanimous,3,Renato Sobral,Elvis Sinosic,300,3
edc4e54d5258eea8,Submission,2,Gleison Tibau,John Cholish,300,3
8cdcdfb76d1670dd,Submission,2,Thiago Moises,Melquizael Costa,300,3
9252ad2304fd9a26,Decision - Unanimous,3,Gregory Rodrigues,Dusko Todorovic,300,3
83526f699d25e4e4,KO/TKO,2,Anderson Silva,Chael Sonnen,300,5
808245ba66df5f1c,Submission,2,Pete Spratt,Robbie Lawler,300,3
8d975de5d033ccde,Decision - Split,3,Lorenz Larkin,Jorge Masvidal,300,3
f83c6bdd553b5851,Decision - Split,3,Yoel Romero,Jacare Souza,300,3
85ee3b5995874141,KO/TKO,1,Matt Brown,Mike Pyle,300,3
7b4284bd3033a319,Decision - Split,3,Danny Barlow,Nikolay Veretennikov,300,3
1bfb8faa1edd3867,Submission,1,Rodrigo Damm,Anistavio Medeiros,300,3
17cda9957f96883f,KO/TKO,1,Roy Nelson,Stefan Struve,300,3
d643fc29c147d33c,Decision - Unanimous,3,Angela Hill,Emily Kagan,300,3
ca22bafab913aae7,Submission,1,Andre Muniz,Jacare Souza,300,3
c7765a3255701267,KO/TKO,1,Jordan Mein,Mike Pyle,300,3
356fdab9bc109093,Submission,1,Dean Lister,Alessio Sakara,300,3
609d994bfe440ec3,Decision - Unanimous,3,Irene Aldana,Karol Rosa,300,3
9039959b41901412,Decision - Unanimous,3,Mason Jones,Jeremy Stephens,300,3
5b6796a9194d339b,Submission,1,Zhang Tiequan,Jason Reinhardt,300,3
5dab54e34c2cfe01,Decision - Split,3,Carlos Hernandez,Nyamjargal Tumendemberel,300,3
918103d82ecbed75,Decision - Unanimous,3,Omar Morales,Gabriel Benitez,300,3
99fd8396cbe1df03,Submission,1,Kyle Daukaus,Jamie Pickett,300,3
ec8ad2966a6816b3,Submission,2,Junie Browning,David Kaplan,300,3
f506977877074aa6,Submission,2,Tatiana Suarez,Loopy Godinez,300,3
e3a5a7ede88a2555,Decision - Unanimous,3,Nora Cornolle,Joselyne Edwards,300,3
984ce1062186f3ce,Decision - Split,3,Hamdy Abdelwahab,Jamal Pogues,300,3
766b4f5e77ab0860,Submission,1,Paul Craig,Nikita Krylov,300,3
21b361d723fcf3cd,Decision - Split,3,Zak Ottow,Joshua Burkman,300,3
09f5fb0bec3c948a,Decision - Unanimous,3,Sean Strickland,Jack Marshman,300,3
cc6e74d0558b7340,Decision - Unanimous,3,Mike Ricci,Colin Fletcher,300,3
35985895d4ef321e,Submission,1,Abus Magomedov,Michal Oleksiejczuk,300,3
3c5442bb62ca1505,Decision - Unanimous,3,Dominick Reyes,Ovince Saint Preux,300,3
246fef4b19c3a7ed,KO/TKO,2,Carlos Prates,Trevin Giles,300,3
fbbf5391ea25521b,KO/TKO,3,Shara Magomedov,Antonio Trocoli,300,3
8636b67096df4b27,KO/TKO,3,Khaos Williams,Miguel Baeza,300,3
86a2f07e0bf20297,Decision - Unanimous,3,Nikolas Motta,Maheshate,300,3
c13dc0cccef263f7,KO/TKO,2,Rafael Fiziev,Manuel Torres,300,5
696ff200d98fa878,Submission,2,Jason Witt,Cole Williams,300,3
9f4d6d192ab4a027,Decision - Unanimous,3,Brad Riddell,Alex Da Silva,300,3
20a6710c50698166,KO/TKO,1,Phil Baroni,Dave Menne,300,3
d940ffe543c4e38b,Decision - Unanimous,3,Nate Diaz,Donald Cerrone,300,3
39c4f4a1aff68189,KO/TKO,2,Keith Jardine,Kerry Schall,300,3
fa6775e369b9eec9,Submission,3,Bryan Caraway,Mitch Gagnon,300,3
0462bcc27498f7c4,TKO - Doctor's Stoppage,3,Brandon Moreno,Deiveson Figueiredo,300,5
e7859b4e70d4a9c1,KO/TKO,3,Paige VanZant,Kailin Curran,300,3
4f1a8eade87e928e,Decision - Unanimous,3,Josh Koscheck,Dave Menne,300,3
838fd9d2b14e0790,KO/TKO,4,Jairzinho Rozenstruik,Shamil Gaziev,300,5
aaec28fa3c0c576d,Submission,1,Christian Rodriguez,Hyder Amil,300,3
85854504ce1aa97a,KO/TKO,2,Junior Tafa,Sean Sharaf,300,3
0c96a5a8ab740ca8,Submission,1,Anthony Torres,Pat Healy,300,3
668d077ac9d7d3c9,KO/TKO,2,Ji Yeon Kim,Nadia Kassem,300,3
a3480aa7bdc63c11,Decision - Split,3,Claudio Silva,Leon Edwards,300,3
5c7c38dece435cde,KO/TKO,1,Quillan Salkilld,Beneil Dariush,300,3
23fd9d50a99665fe,Decision - Unanimous,3,Bryan Caraway,Eddie Wineland,300,3
c1c9dfd0c0952f18,Decision - Unanimous,3,Jake Matthews,Carlston Harris,300,3
8156479490877d08,Decision - Unanimous,3,Anthony Rocco Martin,Alex White,300,3
990bf4ef60890853,KO/TKO,1,Brian Stann,Alessio Sakara,300,3
bbe3d8a37a276511,Decision - Unanimous,3,Vinicius Oliveira,Ricky Simon,300,3
ee9ade72b44dfa06,Decision - Unanimous,5,Sean Brady,Gilbert Burns,300,5
d1ce7361cb4e442b,Submission,1,George Sotiropoulos,Billy Miles,300,3
3f38100fd8dae286,Decision - Unanimous,3,Chris Curtis,Rodolfo Vieira,300,3
e8f6232d12d52b58,Submission,1,Chas Skelly,Tom Niinimaki,300,3
045c298c72fe196a,Submission,2,Michael Chiesa,Jim Miller,300,3
56403d0fd259c5d9,Decision - Unanimous,3,Tatiana Suarez,Nina Nunes,300,3
dd5f7a14f5782f79,Decision - Unanimous,3,Rousimar Palhares,Jeremy Horn,300,3
f00ac5af033f44b4,KO/TKO,1,Paul Felder,Alex Ricci,300,3
6fd67582d8adb1c7,KO/TKO,2,Jessica Andrade,Mackenzie Dern,300,3
231968c02cdfe65e,KO/TKO,1,Mauricio Ruffy,King Green,300,3
3ce7f58911773a56,Decision - Split,3,Damir Hadzovic,Nick Hein,300,3
23ba0218f9f65e33,KO/TKO,1,Myles Jury,Mike de la Torre,300,3
4fa26e1e88583ab5,Decision - Unanimous,3,Enrique Barzola,Chris Avila,300,3
43b416cf0c75dbd7,KO/TKO,2,Yair Rodriguez,Andre Fili,300,3
b2d731415bd367df,KO/TKO,1,Dominick Reyes,Nikita Krylov,300,3
50eb4822a74a417e,Decision - Unanimous,3,Brendan Schaub,Lavar Johnson,300,3
6532b71560ae39e0,KO/TKO,2,Vitor Petrino,Modestas Bukauskas,300,3
b0e16dd491bc4fea,KO/TKO,1,Megan Anderson,Cat Zingano,300,3
7afe2a15ae7359e9,KO/TKO,1,Charles Oliveira,Jared Gordon,300,3
17c53d93d549cb03,KO/TKO,2,Muslim Salikhov,Ricky Rainey,300,3
9e5bbbacf1d92cb4,KO/TKO,2,Chris Curtis,Brendan Allen,300,3
f8f73efa2d4cc566,Submission,2,Kevin Burns,Roan Carneiro,300,3
238c274c90587e21,Submission,2,Daniel Marcos,Miles Johns,300,3
2bcb1b0b05e2c739,KO/TKO,1,King Green,James Krause,300,3
e6a0f19af995c432,Submission,2,Randy Brown,Warlley Alves,300,3
297a3fe0edd6f1c5,Decision - Unanimous,3,Gleison Tibau,Francisco Trinaldo,300,3
43c391b251337c9b,KO/TKO,2,Adrian Yanez,Randy Costa,300,3
3ff7d02ef633ee22,Decision - Unanimous,5,Tarec Saffiedine,Hyun Gyu Lim,300,5
0716a38768a34789,Decision - Split,3,Ilir Latifi,Tanner Boser,300,3
df7928de73fc2fe8,KO/TKO,1,Kennedy Nzechukwu,Chris Barnett,300,3
55833bf5054126e2,Decision - Unanimous,3,Jon Fitch,Paulo Thiago,300,3
7e8f4240725316a4,Submission,2,Tony Ferguson,Abel Trujillo,300,3
fcf385ae75191b57,Decision - Unanimous,3,Josiane Nunes,Zarah Fairn,300,3
a00b4e82f9d4f92c,KO/TKO,1,Alexander Hernandez,Mike Breeden,300,3
00dcad4611fc63fe,Decision - Unanimous,3,Chris Camozzi,Tom Watson,300,3
a90cabf2913fc6ef,Submission,2,Francis Carmont,Magnus Cedenblad,300,3
de93fda66d203c26,Decision - Unanimous,3,Ilir Latifi,Aleksei Oleinik,300,3
5d6fb4acfe5cc8a1,KO/TKO,3,Davey Grant,Martin Day,300,3
c3b1653fb5e101e0,KO/TKO,3,Daniel Omielanczuk,Nandor Guelmino,300,3
3fe41b95899316d5,KO/TKO,2,Jason Lambert,Terry Martin,300,3
ec618a1214d4b171,Decision - Unanimous,3,Matt Hamill,Tito Ortiz,300,3
745bdd823161da89,Decision - Unanimous,3,Livinha Souza,Ashley Yoder,300,3
1748b2b5aabe23a5,KO/TKO,2,Diego Ferreira,Ramsey Nijem,300,3
2ff14dfede1d02dd,KO/TKO,1,Aleksei Oleinik,Jared Rosholt,300,3
42afd8c4fc85f485,Decision - Split,3,Lucas Martins,Robert Whiteford,300,3
db5802643b9fd7d4,Decision - Unanimous,3,Edson Barboza,Makwan Amirkhani,300,3
3ded9bfdfb75f39b,Submission,1,Melquizael Costa,Andre Fili,300,3
be6024894ebcb360,KO/TKO,1,Mike Pyle,Josh Neer,300,3
0212461ac95ae690,Decision - Unanimous,3,Charlie Brenneman,Rick Story,300,3
0c36a08b1bf60f45,Decision - Unanimous,3,Colby Covington,Mike Pyle,300,3
9bbdc2a2ab334541,Submission,1,Kyle Daukaus,Gerald Meerschaert,300,3
f3169b755afcdc5b,KO/TKO,1,Niko Price,James Vick,300,3
147e0b1c64cb7ef0,Decision - Unanimous,3,Marcus Brimage,Jimy Hettes,300,3
20c0f50c11509301,Decision - Unanimous,3,Iasmin Lucindo,Brogan Walker,300,3
f536ba47f006474a,Decision - Unanimous,5,Jared Cannonier,Kelvin Gastelum,300,5
d03d0abf331df751,Decision - Unanimous,5,Colby Covington,Jorge Masvidal,300,5
51010081d59b4687,Decision - Split,3,Erik Perez,Felipe Arantes,300,3
17aa636aa98678d3,Decision - Unanimous,5,Lerone Murphy,Edson Barboza,300,5
ebb94e00d6431e7a,Decision - Unanimous,3,Jeremy Kennedy,Rony Jason,300,3
470391c4067bf49b,Decision - Unanimous,3,Kanako Murata,Randa Markos,300,3
6f2a4a2f769eb9e3,Decision - Unanimous,3,Michel Prazeres,Gilbert Burns,300,3
92f27d13fc502d33,KO/TKO,3,Dustin Ortiz,Willie Gates,300,3
966bf043577f8b6a,KO/TKO,1,Drew Dober,Marco Polo Reyes,300,3
ab475a3a4487d6d3,Decision - Unanimous,3,Randa Markos,Aisling Daly,300,3
0096879f5708526b,KO/TKO,3,Holly Holm,Bethe Correia,300,5
afb0d61f22e85d90,Decision - Unanimous,3,Aleksandar Rakic,Justin Ledet,300,3
da876a1ab4b8eb48,Submission,2,Anthony Perosh,Cyrille Diabate,300,3
42a361f33cbb8d6f,Decision - Unanimous,3,Ricardo Almeida,TJ Grant,300,3
040f9c9b470f3e6b,Decision - Split,3,Hatsu Hioki,George Roop,300,3
8afb878a0900372e,Decision - Unanimous,3,Charlie Brenneman,Jason High,300,3
fd984e8a9e25c927,Decision - Unanimous,3,Holly Holm,Marion Reneau,300,3
a9a770bac1261af9,Submission,1,Misha Cirkunov,Patrick Cummins,300,3
67f24cf244134661,Decision - Unanimous,3,Eric McConico,Rodolfo Vieira,300,3
438f5404c43303b8,Submission,2,Tom Lawlor,Michael Kuiper,300,3
2d3cbfb47faf717d,Decision - Unanimous,3,Rick Story,Brock Jardine,300,3
b4e16fb13153efdc,Decision - Unanimous,3,Kevin Holland,Randy Brown,300,3
3162ae3ccbf785ac,Decision - Majority,3,Stevie Ray,Michael Johnson,300,3
394ae51820bedd4c,Decision - Split,3,Ben Rothwell,Ovince Saint Preux,300,3
f5445d367e7dbb2b,Decision - Unanimous,3,Yoel Romero,Brad Tavares,300,3
f44aa569b4eec404,KO/TKO,1,Mark Kerr,Moti Horenstein,,
ccfe7b0d29c5440c,KO/TKO,2,Alexander Volkov,Walt Harris,300,3
22f1133d02700bb2,Decision - Unanimous,3,Tatsuro Taira,Carlos Candelario,300,3
68c423c7119004f3,Submission,2,Joseph Morales,Alibi Idiris,,
ce6bd165bef82bd7,Decision - Unanimous,3,Sumudaerji,Kevin Borjas,300,3
54d14f98d4a83def,Submission,1,Yoshiyuki Yoshida,Brandon Wolff,300,3
2c0a58ef0324e18b,Decision - Unanimous,3,Jonathan Meunier,Richard Walsh,300,3
1a699da1b1b5ef85,KO/TKO,1,Cain Velasquez,Antonio Silva,300,3
ca2672e68fedf4b7,Decision - Unanimous,3,Modestas Bukauskas,Tyson Pedro,300,3
099a2db0470d456b,Submission,1,Dustin Poirier,Max Holloway,300,3
1de579eecc094c8b,Decision - Majority,3,TIE,TIE,300,3
362f78f23304c6f4,KO/TKO,2,Kenny Florian,Joe Lauzon,300,3
019b4d006800504b,Submission,1,Gunnar Nelson,Bryan Barberena,300,3
f716e27b04a6fbb5,Submission,1,Don Frye,Mark Hall,,
a5ea53104392fa9f,KO/TKO,2,Alexander Volkanovski,Chad Mendes,300,3
097bc98e15722998,Decision - Unanimous,3,Alexander Volkanovski,Shane Young,300,3
9f60dd19c5705d45,KO/TKO,1,Matt Serra,Georges St-Pierre,300,5
fbbb9e72900b71f5,KO/TKO,2,Tatsuro Taira,Brandon Moreno,300,3
b482d4452e4d0eee,Decision - Unanimous,3,Luis Gurule,Daniel Barez,300,3
fe370c518cf7873e,Decision - Split,3,Karol Rosa,Yana Santos,300,3
bd057764cb51f065,Submission,1,Sean McCorkle,Mark Hunt,300,3
815ff62ca8e217be,Decision - Unanimous,3,Tracy Cortez,Viviane Araujo,300,3
a3cde349c8e018fb,KO/TKO,2,Ariane Carnelossi,Liang Na,300,3
fb9095887dca34c7,KO/TKO,2,Phil Rowe,Orion Cosce,300,3
19764211af05674c,Decision - Unanimous,3,Muhammad Naimov,Bogdan Grad,300,3
b40bed83fc062380,KO/TKO,3,Ryan Janes,Andrew Sanchez,300,3
82f00e723ed5f6ea,KO/TKO,2,Chris Beal,Patrick Williams,300,3
1f5c71dd2a0672ac,KO/TKO,1,Tyron Woodley,Josh Koscheck,300,3
ecdbb3a5216b815e,KO/TKO,3,Drew Dober,Kyle Prepolec,300,3
9ea124a13d071186,Decision - Unanimous,3,Kayla Harrison,Ketlen Vieira,300,3
ee9173615ef4cfae,Submission,1,Mickey Gall,Mike Jackson,300,3
d595d2c36ddba8ee,Submission,1,Don Frye,David Abbott,,
57b111b54a2d2323,Decision - Unanimous,3,Andre Muniz,Antonio Arroyo,300,3
cf020c71f1dbfa0b,KO/TKO,1,Batgerel Danaa,Brandon Davis,300,3
c81d1facf185467d,Decision - Unanimous,3,Bruna Brasil,Shauna Bannon,300,3
0e94e0a8c2130cea,KO/TKO,2,Chuck Liddell,Randy Couture,300,5
17d31249c9ab18af,Decision - Unanimous,3,Kevin Borjas,Andre Lima,300,3
2d14f73c374f2875,KO/TKO,1,Constantinos Philippou,Lorenz Larkin,300,3
adc0b9c6afe76c23,Decision - Unanimous,3,Matt Lindland,Joe Doerksen,300,3
d2caa1ddb9de7481,Decision - Unanimous,3,Zach Reese,Jose Daniel Medina,300,3
434411f139e51760,Decision - Unanimous,3,Ross Pearson,Junior Assuncao,300,3
d8fe965281e2e312,Submission,5,Rose Namajunas,Paige VanZant,300,5
856fab879c68ded7,KO/TKO,1,Jordan Leavitt,Matt Wiman,300,3
c43e99000f3c77b5,Decision - Unanimous,3,Joseph Benavidez,Ali Bagautinov,300,3
011d818ec9bb3de6,Decision - Unanimous,3,Quinton Jackson,Keith Jardine,300,3
ac2887a0855a3266,Decision - Unanimous,3,Cathal Pendred,Augusto Montano,300,3
fd776d7b554a85d0,Decision - Split,3,Eddie Alvarez,Gilbert Melendez,300,3
b3847772199e2639,KO/TKO,1,Jamahal Hill,Jimmy Crute,300,3
b959e2c1d16ff832,Decision - Unanimous,3,Song Yadong,Henry Cejudo,300,5
ed499508be1e5532,KO/TKO,1,Khaos Williams,Alex Morono,300,3
775c1f401815bbd8,KO/TKO,1,Alessio Di Chirico,Joaquin Buckley,300,3
1b0fa021b1158121,Decision - Unanimous,3,Enrique Barzola,Matt Bessette,300,3
655a110a0bd2ea42,KO/TKO,1,Melvin Guillard,Waylon Lowe,300,3
171eb38b335030d3,Decision - Unanimous,3,Demian Maia,Jon Fitch,300,3
64fa0e558f5d1b24,KO/TKO,1,Antonio Carvalho,Daniel Pineda,300,3
84f236d6c57d7cfb,Decision - Split,3,Jordan Johnson,Adam Milstead,300,3
5dc4552c9288441a,Submission,2,Vagner Rocha,Cody McKenzie,300,3
95ca100d6bf829b2,Decision - Split,3,Sam Stout,Paul Taylor,300,3
646c79a7ecd12e5f,Decision - Unanimous,3,Iasmin Lucindo,Angela Hill,300,3
e7a7ab126225540c,KO/TKO,1,Gabriel Gonzaga,Mirko Filipovic,300,3
8d5ea3bf3be7cb91,KO/TKO,1,Brandon Moreno,Brandon Royval,300,3
3cf5e0ebb5f8322c,KO/TKO,2,Cesar Almeida,Dylan Budka,300,3
29c7cb102ddd7ec4,KO/TKO,3,Brian Ortega,Thiago Tavares,300,3
4553c3ab494c2d05,TKO - Doctor's Stoppage,1,Jeremy Stephens,Justin Buchholz,300,3
190c61d5a67018b5,Decision - Unanimous,3,Gray Maynard,Frankie Edgar,300,3
29a1ed2c88c34fe0,Decision - Unanimous,3,Jeff Hougland,Donny Walker,300,3
6173056f0e080ca6,Decision - Unanimous,3,Kevin Aguilar,Enrique Barzola,300,3
c49485cedb878cf0,Decision - Split,3,Nicolas Dalby,Saygid Izagakhmaev,300,3
21392a61a2cf24a3,KO/TKO,1,Brad Pickett,Yves Jabouin,300,3
20d74ed23d3e9b3a,Submission,1,Edgar Chairez,Bruno Silva,300,3
37fda56a435a9b24,Submission,1,Carlston Harris,Christian Aguilera,300,3
6ea23c2c30f85a89,Decision - Unanimous,3,SeungWoo Choi,Suman Mokhtarian,300,3
dee976dde74e7e05,Decision - Unanimous,3,Demian Maia,Kendall Grove,300,3
bde5589889ded1c9,KO/TKO,1,Gary Goodridge,John Campetella,,
10fd87a88178aedd,Submission,1,Matt Hughes,Ricardo Almeida,300,3
77f123712368bcbc,Decision - Split,3,Joanne Wood,Andrea Lee,300,3
29398b15b94c3847,Decision - Unanimous,3,Johny Hendricks,Carlos Condit,300,3
aa38e39397dbea72,KO/TKO,3,Roman Kopylov,Chris Curtis,300,3
94f880f25dd011cd,KO/TKO,2,Matt Wiman,Thiago Tavares,300,3
c300085cc08357b5,Decision - Unanimous,3,Angela Hill,Jodie Esquibel,300,3
1a81573425c585fb,Submission,1,Aleksei Oleinik,Viktor Pesta,300,3
5ffccdf4af20dc0d,Decision - Unanimous,3,Zach Makovsky,Scott Jorgensen,300,3
0730c4e6fb247fa1,Submission,2,Brendan Allen,Sam Alvey,300,3
8a0fc4624578a7e4,Decision - Unanimous,3,Joshua Van,Kevin Borjas,300,3
38ea5a7a5b4932cb,Submission,2,Rafael Dos Anjos,Terry Etim,300,3
a70c43cafabc73c3,Submission,1,Rodolfo Vieira,Saparbeg Safarov,300,3
7c620723b6840231,Submission,3,Mike Pyle,Chris Wilson,300,3
5fe5c8cb69d8825e,Decision - Unanimous,3,Yves Jabouin,Mike Easton,300,3
28b405fe1552ccad,Decision - Unanimous,3,Phil Davis,Rogerio Nogueira,300,3
95c229097cd2d7c3,KO/TKO,1,Junior Dos Santos,Stefan Struve,300,3
f10d3d4ffd5a4922,Decision - Split,3,Ronny Markes,Aaron Simpson,300,3
ecc23234e820458d,Decision - Unanimous,3,Kai Kara-France,Tyson Nam,300,3
11b8d7e801713abc,Decision - Unanimous,3,Santiago Ponzinibbio,Mike Perry,300,3
5182daf3d8726f6d,Decision - Unanimous,3,Luigi Fioravanti,Luke Cummo,300,3
e28e829800466aca,Decision - Unanimous,3,Joe Pyfer,Kelvin Gastelum,300,3
02822c35ffef5a50,Decision - Unanimous,5,Demetrious Johnson,Tim Elliott,300,5
68095e551ff6bbfd,KO/TKO,1,Drew Dober,Ricky Glenn,300,3
1e797ccd275a98d0,Decision - Unanimous,3,Yoshihiro Akiyama,Amir Sadollah,300,3
75577b11361cb645,KO/TKO,2,Brock Lesnar,Randy Couture,300,5
6a9ea8e420a52a21,Decision - Unanimous,3,Francimar Barroso,Ryan Jimmo,300,3
fc73ecbd83b7f159,Submission,3,Joselyne Edwards,Tamires Vidal,300,3
727c8004faed648d,KO/TKO,1,Travis Browne,Stefan Struve,300,3
0cd79ea89d5931d0,Submission,2,Michael Chiesa,Colton Smith,300,3
3f3b8dcd16dd7383,Decision - Unanimous,3,Diego Sanchez,Jim Miller,300,3
2bfc0212f2cae65b,Decision - Unanimous,3,Klaudia Sygula,Irina Alekseeva,300,3
6c60e58f8e9e7a4c,Decision - Unanimous,3,Caio Borralho,Armen Petrosyan,300,3
6f21a27075f0695c,Submission,1,Matt Hughes,Georges St-Pierre,300,5
6a902b97ac98c283,Decision - Unanimous,3,Francisco Trinaldo,Danny Roberts,300,3
e6663b2c16df6191,KO/TKO,1,Demetrious Johnson,Joseph Benavidez,300,5
0f9679fda36f7f41,Submission,1,Randa Markos,Angela Hill,300,3
9dd9affa41eead4c,Decision - Unanimous,3,Elizeu Zaleski dos Santos,Max Griffin,300,3
b40e4deb48658851,Decision - Unanimous,3,Davey Grant,Ramon Taveras,300,3
32cc31b76b32ade1,KO/TKO,1,Punahele Soriano,Uros Medic,300,3
ddf2eff896475431,Decision - Unanimous,3,Norman Parke,Colin Fletcher,300,3
1238f31a41b78528,KO/TKO,2,Joe Stevenson,Spencer Fisher,300,3
cd258394e8d58d04,KO/TKO,1,Sean O'Malley,Jose Quinonez,300,3
0bf249717dacc5c3,KO/TKO,2,Terry Etim,Brian Cobb,300,3
1ed550f094ca7745,KO/TKO,2,Nicolae Negumereanu,Ihor Potieria,300,3
d0e5487f55c57ad2,KO/TKO,2,Alex Oliveira,Ryan LaFlare,300,3
01e5e4099f03f20e,Decision - Unanimous,3,Constantinos Philippou,Court McGee,300,3
6e1bf1b163b3aeab,Submission,1,Charles Jourdain,Ricardo Ramos,300,3
8b4eeaa048361ba3,KO/TKO,1,Gregor Gillespie,Andrew Holbrook,300,3
14df6d96c5f2d1df,Submission,2,Rich Clementi,Ross Pointon,300,3
e8d59c27b467d716,Decision - Unanimous,3,Jessica Andrade,Claudia Gadelha,300,3
622cc4ef46913020,Decision - Split,3,Raquel Pennington,Ketlen Vieira,300,3
1b0887e7533b9b49,Decision - Unanimous,3,Chris Cope,Chuck O'Neil,300,3
c4e866d9dd606faa,KO/TKO,2,Curtis Blaydes,Chris Daukaus,300,5
11318a7807cee8ca,Decision - Unanimous,3,Josefine Knutsson,Marnic Mann,300,3
b3a0fc0a945a31f7,Decision - Unanimous,3,Dustin Poirier,Jason Young,300,3
df28f8cb5a12ec8e,KO/TKO,2,Mike Swick,Ben Saunders,300,3
78dc032441394331,Decision - Unanimous,3,Andreas Michailidis,KB Bhullar,300,3
d806aacf5b6ba7f6,KO/TKO,3,Fares Ziam,Matt Frevola,300,3
37e2f89510cc0bba,KO/TKO,2,Mario Miranda,David Loiseau,300,3
fa3294fe655440dd,Decision - Split,3,Edson Barboza,Ross Pearson,300,3
4ae231bd909ceddc,Decision - Unanimous,3,Chris Lytle,Kevin Burns,300,3
12683e06369d1a83,KO/TKO,2,Diego Ferreira,Michael Johnson,300,3
7f9a331bc3100afd,KO/TKO,1,Josh Quinlan,Jason Witt,300,3
f087a10a6f2bcc99,Decision - Unanimous,3,Josiane Nunes,Ramona Pascual,300,3
0e272af30a23e09b,Submission,1,Erick Silva,Jason High,300,3
7468f870b08aaccc,Submission,1,Frank Mir,Pete Williams,300,3
4f9939af9a1d40a3,Submission,4,Anthony Smith,Alexander Gustafsson,300,5
2664805fde34fb1b,KO/TKO,1,Shayilan Nuerdanbieke,Darrick Minner,300,3
678d27af287476f8,KO/TKO,1,Rob Font,Adrian Yanez,300,3
845907142e023077,TKO - Doctor's Stoppage,3,Francisco Trinaldo,Paul Felder,300,3
354dc211166a3982,Decision - Unanimous,3,Cody Stamann,Luan Lacerda,300,3
951d11f8684ed734,Decision - Unanimous,3,Dennis Hallman,Ben Saunders,300,3
8d6392d59e1ca099,Decision - Unanimous,3,Brad Tavares,Lorenz Larkin,300,3
c26a3f4c08333886,Submission,1,Renato Moicano,Damir Hadzovic,300,3
d18b33bdd37f4683,KO/TKO,2,Alberto Mina,Mike Pyle,300,3
e72c691b7c68b03a,Decision - Unanimous,3,Bryce Mitchell,Said Nurmagomedov,300,3
52f0398eb74c139d,Submission,1,John Lineker,Francisco Rivera,300,3
3f14c96ea899321d,Decision - Unanimous,3,Rory MacDonald,Jake Ellenberger,300,3
efe055854f19a1d7,Decision - Unanimous,3,Sean O'Malley,Andre Soukhamthath,300,3
66ad9f88f063d2ef,Decision - Unanimous,3,Ricardo Ramos,Michinori Tanaka,300,3
5be97c1fa222093d,Submission,3,Chris Weidman,Kelvin Gastelum,300,5
ac56a1052c4c8f63,Decision - Unanimous,3,Guilherme Pat,Allen Frye Jr.,300,3
37d58369782cb86b,Decision - Unanimous,3,Steve Erceg,Ode Osbourne,300,3
9ce56acac775d386,Submission,3,Maurice Greene,Gian Villante,300,3
09e7db36cd72bf61,Decision - Unanimous,3,Cain Velasquez,Cheick Kongo,300,3
df146b0592259e5d,Decision - Unanimous,3,Aoriqileng,Johnny Munoz,300,3
cb010b41cd20a1ed,KO/TKO,3,Thiago Santos,Jan Blachowicz,300,5
38591fb67eb2a6c3,KO/TKO,1,James Te Huna,Ricardo Romero,300,3
a1950f4bd19ed06f,Submission,1,Nate Diaz,Junior Assuncao,300,3
0aa335dbc4cb3473,KO/TKO,3,Sean O'Malley,Thomas Almeida,300,3
60d9d50b763adc62,Decision - Unanimous,3,Tracy Cortez,Melissa Gatto,300,3
37c484012ef24a5b,Decision - Unanimous,5,Thiago Santos,Johnny Walker,300,5
2822226962195259,Submission,1,Mike Massenzio,Drew McFedries,300,3
eaa0355223b770dc,Decision - Unanimous,3,Diego Brandao,Joey Gambino,300,3
44c9ca6a502db390,Submission,2,Steve Bruno,Johnny Rees,300,3
79e293137ef6421d,Decision - Unanimous,3,Sergio Moraes,Mickael Lebout,300,3
a84d032d7d217427,KO/TKO,3,Tae Hyun Bang,Kajan Johnson,300,3
2692ac9853970e08,KO/TKO,1,Thiago Silva,Rafael Cavalcante,300,3
0005e00b07cee542,Decision - Unanimous,5,Holly Holm,Irene Aldana,300,5
a932059e61f4c25e,Submission,1,Zhang Weili,Jessica Aguilar,300,3
526ab0f38313c630,KO/TKO,1,Anderson Silva,Stephan Bonnar,300,3
4228886e94a25a63,Decision - Split,3,Adriano Martins,Rustam Khabilov,300,3
a8718a3419a11e15,Submission,1,Anthony Smith,Vitor Petrino,300,3
afd53c8033f6ee82,Decision - Unanimous,3,Randa Markos,Jocelyn Jones-Lybarger,300,3
b8b9a8e504d51ba5,Decision - Split,3,Israel Adesanya,Marvin Vettori,300,3
567cefcaba821205,KO/TKO,1,James Vick,Marco Polo Reyes,300,3
67222a0d79c83086,Submission,2,Donald Cerrone,Evan Dunham,300,3
2c5d329bdf182468,Decision - Split,3,John Howard,Cathal Pendred,300,3
8a380b11aaf82c49,KO/TKO,1,Tim Sylvia,Tra Telligman,300,3
79bfba62da6242a6,Submission,1,Diego Lopes,Gavin Tucker,300,3
be8bee783d22bee2,Decision - Unanimous,3,Luana Carolina,Loopy Godinez,300,3
509519d82e906c0f,Submission,2,Felipe Arantes,Jerrod Sanders,300,3
f5aff2f858311fbc,Decision - Unanimous,3,Davey Grant,Adrian Luna Martinetti,300,3
26cd506de4221057,Decision - Split,3,Kiichi Kunimoto,Richard Walsh,300,3
d6d034e98ce85246,Decision - Split,3,Mateusz Gamrot,Jalin Turner,300,3
711f00d287344c77,KO/TKO,3,Gina Mazany,Rachael Ostovich,300,3
7efca050bc7be8ac,Decision - Unanimous,3,Loopy Godinez,Julia Polastri,300,3
1520290d28b75b53,KO/TKO,1,Ben Rothwell,Alistair Overeem,300,3
faaa7340f4ede814,Decision - Unanimous,3,Raphael Assuncao,Pedro Munhoz,300,3
03c2707563915d7d,KO/TKO,1,Song Kenan,Callan Potter,300,3
642a8cc1195c5198,Decision - Split,3,Chris Dempsey,Eddie Gordon,300,3
54c842a037183f48,Decision - Split,3,Isaac Vallie-Flagg,Yves Edwards,300,3
c5f56797c68ecbeb,Decision - Split,3,Rob Emerson,Keita Nakamura,300,3
0f235698600c962e,KO/TKO,1,Mike Swick,Jonathan Goulet,300,3
1d8e2e8e3bd28cad,Decision - Split,3,Michael Trizano,Joe Giannetti,,
fda850240fb80339,Submission,1,Leonard Garcia,Allen Berube,300,3
3e813ba25895913d,Submission,1,Mark Coleman,Dan Severn,,
51808d929c84b8ae,Decision - Unanimous,3,Anthony Rocco Martin,Sergio Moraes,300,3
8304a0ea004e73f5,KO/TKO,2,Chris Leben,Jorge Santiago,300,3
9f2b94c46b70c6fb,KO/TKO,1,Tedd Williams,Steve Judson,300,3
d51757fe7dd89f2d,KO/TKO,1,Cain Velasquez,Antonio Silva,300,5
c83cba9573cca196,KO/TKO,3,Randy Couture,Chuck Liddell,300,5
a2f31cf3a28a7730,Decision - Unanimous,3,Justin Gaethje,Rafael Fiziev,300,3
4d3297af1b7889ba,KO/TKO,1,Gabriel Gonzaga,Chris Tuchscherer,300,3
bb007be9f60ab3da,KO/TKO,1,Keith Jardine,Forrest Griffin,300,3
c58aaabf2c5635d7,KO/TKO,3,Billy Quarantillo,Kyle Nelson,300,3
da1b37edb8ccd3e6,Decision - Unanimous,3,Bryce Mitchell,Dan Ige,300,3
ec381753e852cb63,Submission,1,Cortney Casey,Randa Markos,300,3
d6482fcb69b04904,Decision - Split,3,Michel Prazeres,Valmir Lazaro,300,3
ef8f31b86469a967,KO/TKO,2,Brian Foster,Brock Larson,300,3
480aca1906276700,Decision - Unanimous,3,Reginaldo Vieira,Dileno Lopes,,
e7ca291dd8f5661b,KO/TKO,1,Marco Ruas,Paul Varelans,,
179426f56818a1c9,Decision - Split,3,Ken Stone,Dustin Pague,300,3
b8a0047c927faa75,KO/TKO,1,Montel Jackson,Jesse Strader,300,3
4dd2bcd2b025204e,KO/TKO,2,Bill Algeo,Herbert Burns,300,3
d019250cc6d93527,Decision - Split,3,Edwin Figueroa,Alex Caceres,300,3
2037295b161c8269,Decision - Unanimous,3,Claude Patrick,James Wilks,300,3
32ae3f0d43babd86,Decision - Unanimous,3,Chael Sonnen,Yushin Okami,300,3
20220ace492af368,Decision - Unanimous,3,Themba Gorimbo,Ramiz Brahimaj,300,3
40dbe22895f98978,KO/TKO,1,Tito Ortiz,Elvis Sinosic,300,5
9541cf21e031354c,Decision - Unanimous,3,Nathaniel Wood,Andre Fili,300,3
aca2f98ee112d137,Decision - Unanimous,3,Dave Menne,Fabiano Iha,300,3
e4df2b73dff57d3a,KO/TKO,2,Josh Barnett,Gan McGee,300,3
2fd43be584ef522b,Decision - Unanimous,3,Viviane Pereira,Jamie Moyle,300,3
bc7a81a81840e4be,KO/TKO,1,Jeff Monson,Anthony Perosh,300,3
ddc233f8ca7c05aa,KO/TKO,1,Aaron Simpson,Tim McKenzie,300,3
36d12b31957e94db,Decision - Unanimous,3,David Martinez,Marlon Vera,300,3
2a5484a6d5e7a2da,KO/TKO,1,Cub Swanson,Darren Elkins,300,3
0583a3d402bed6e4,Decision - Unanimous,3,Nick Diaz,BJ Penn,300,3
b695fc80bd538172,Decision - Unanimous,3,Maryna Moroz,Sabina Mazo,300,3
44cfd4330eb6e2bf,KO/TKO,1,Johnny Walker,Justin Ledet,300,3
819f51ef9d945a46,Decision - Unanimous,3,Jared Gordon,Chris Fishgold,300,3
50e0bcba7551a25f,Decision - Unanimous,3,JunYong Park,John Phillips,300,3
573d3a6984cbcd29,KO/TKO,1,Khamzat Chimaev,Rhys McKee,300,3
fa3f04be9344804b,Submission,1,Bryce Mitchell,Matt Sayles,300,3
5929c539190c8a07,Decision - Unanimous,3,Sam Stout,Cody McKenzie,300,3
81b16b26774be5d1,Submission,3,Germaine de Randamie,Julianna Pena,300,3
313c36ce9bde6cf6,Decision - Unanimous,3,Julio Arce,Daniel Santos,300,3
127be512f86618b2,KO/TKO,2,Payton Talbott,Cameron Saaiman,300,3
c13474b85d3ced32,KO/TKO,1,Sijara Eubanks,Elise Reed,300,3
dbbf8334a2600895,Decision - Unanimous,3,Kyoji Horiguchi,Amir Albazi,300,3
fc1266e2892ed111,KO/TKO,2,Dooho Choi,Daniel Santos,300,3
d8c7497043e7e5bd,Submission,1,Niko Price,Brandon Thatch,300,3
18e1b0df8da7010e,Decision - Unanimous,3,Tracy Cortez,Vanessa Melo,300,3
358f816aff469270,KO/TKO,1,Punahele Soriano,Dusko Todorovic,300,3
925f745c03ebd638,KO/TKO,1,Augusto Montano,Chris Heatherly,300,3
8cdc9c13d75adb28,KO/TKO,2,Peter Sobotta,Ben Saunders,300,3
32054bf2b36b0e47,KO/TKO,3,Mike Malott,Gilbert Burns,300,5
9f14f080b08e6869,Decision - Unanimous,3,Frankie Edgar,Hermes Franca,300,3
bd4a648bebaefab3,Decision - Unanimous,3,JJ Aldrich,Chan-Mi Jeon,300,3
e1563825c36aad26,KO/TKO,1,Luiz Cane,Eliot Marshall,300,3
ac8628d945a78b03,Decision - Unanimous,3,Paddy Pimblett,Tony Ferguson,300,3
4165dd0c39926e2f,KO/TKO,1,Randy Couture,Steven Graham,,
2cbd53e43d3f606b,Submission,2,Gerald Meerschaert,Edmen Shahbazyan,300,3
b8e1a9db956e245b,Submission,1,Lucas Martins,Ramiro Hernandez,300,3
9275134accfb1adc,Decision - Split,3,Matheus Nicolau,John Moraga,300,3
cd55220a7b1378c4,KO/TKO,2,Tom Lawlor,Gian Villante,300,3
69f67a4a690eb15d,Submission,3,Vitor Petrino,Marcin Prachnio,300,3
96c51bc6316a4b47,Decision - Unanimous,3,Jinh Yu Frey,Ashley Yoder,300,3
b23554da35a84fbc,Decision - Unanimous,3,Cody Haddon,Dan Argueta,300,3
98e21492b6bc15d3,Decision - Split,3,Rafael Natal,Chris Camozzi,300,3
d93b589bcec80ffe,Decision - Unanimous,3,Marina Rodriguez,Tecia Pennington,300,3
57bd683efc797fc1,Decision - Split,3,Modestas Bukauskas,Christian Edwards,300,3
9b1386a28b81bcd5,KO/TKO,2,Nik Lentz,Michael McBride,300,3
7240a9432bf2af67,Decision - Unanimous,3,Jeremy Stephens,Danny Downes,300,3
9cf91ae875d886df,Decision - Unanimous,3,Quinton Jackson,Matt Hamill,300,3
5e2ce5aa3a92c2df,KO/TKO,1,William Knight,Fabio Cherant,300,3
2d23ca9d8abc0c97,Decision - Unanimous,3,Shane Campbell,Elias Silverio,300,3
fc2a30bfb760bdf8,Decision - Unanimous,3,Erin Blanchfield,Miranda Maverick,300,3
7e3fc760b26b6ae4,Decision - Unanimous,3,Rafa Garcia,Vinc Pichel,300,3
c67e5fec8e1876f0,KO/TKO,1,Tyron Woodley,Robbie Lawler,300,5
7924f10aac3543de,Decision - Unanimous,3,Jose Delano,Robert Ruchala,300,3
7d51649373d42571,Decision - Unanimous,3,Da'Mon Blackshear,Alatengheili,300,3
b8c967c742d3c107,Decision - Unanimous,3,Robbie Lawler,Donald Cerrone,300,3
8f9896e60047007f,Decision - Unanimous,3,Punahele Soriano,Ramiz Brahimaj,300,3
4eff0432bd364a23,Submission,1,Brian Kelleher,Ode Osbourne,300,3
119559fd8124fee3,Decision - Unanimous,3,Gaston Bolanos,Aaron Phillips,300,3
5f4284409503d874,Decision - Unanimous,3,Demian Maia,Jorge Santiago,300,3
f602cc168383432f,Decision - Unanimous,3,Danny Martinez,Richie Vaculik,300,3
7ad6511fb5fb28a4,KO/TKO,1,Thiago Santos,Steve Bosse,300,3
01924e35b149b28f,Submission,1,Warlley Alves,Colby Covington,300,3
777df8b5e28f42ff,Decision - Split,3,Tiago dos Santos e Silva,Clay Collard,300,3
6f6fec9c78244174,Decision - Unanimous,3,Victor Altamirano,Vinicius Salvador,300,3
d2ea9181abacc2ee,Decision - Split,3,Nam Phan,Cole Miller,300,3
b70e72f23446520a,Decision - Unanimous,3,Michelle Waterson-Gomez,Karolina Kowalkiewicz,300,3
a0909aab15ba53c5,Decision - Unanimous,3,Danny Henry,Daniel Teymur,300,3
75a84211f50c53f5,KO/TKO,1,Christian Leroy Duncan,Eryk Anders,300,3
8e4024cb49c963f2,Submission,2,Matt Schnell,Sumudaerji,300,3
3566c8e9d3a9caa8,Decision - Unanimous,3,Francis Carmont,Lorenz Larkin,300,3
d14abced904806ca,Decision - Unanimous,3,Dean Lister,Yuki Sasaki,300,3
ba38b96f39db78c0,KO/TKO,2,Tyron Woodley,Carlos Condit,300,3
0a1f2e1f9d91bc9a,Submission,2,Kurt Pellegrino,Rob Emerson,300,3
1fa175b6a35e95e2,KO/TKO,1,Jake Ellenberger,Jake Shields,300,3
43ae6a9daa51ed93,KO/TKO,1,Song Kenan,Bobby Nash,300,3
0f3e6876516edeaf,KO/TKO,1,Luke Rockhold,Constantinos Philippou,300,5
53c96668bf850809,Submission,2,Ovince Saint Preux,Marcos Rogerio de Lima,300,3
17c598d7841daae0,Decision - Unanimous,3,Ilir Latifi,Gian Villante,300,3
c9d3ccbfef600989,KO/TKO,3,BJ Penn,Sean Sherk,300,5
860be3cc82895177,Decision - Unanimous,5,Marvin Vettori,Paulo Costa,300,5
b34fb9e15fbd6b3b,Submission,2,Matt Brown,Ryan Thomas,300,3
320580a92d5c2924,Decision - Unanimous,3,Michael Johnson,Joe Lauzon,300,3
80f65ee9b6f8d63b,Submission,1,Said Nurmagomedov,Cody Stamann,300,3
8cd7ca0e7b861b3d,Submission,2,Serghei Spivac,Tai Tuivasa,300,3
aa08ebe1a69c76ca,Submission,3,Damon Jackson,Mirsad Bektic,300,3
33c8395139de7551,Submission,1,Daniel Roberts,Greg Soto,300,3
9a0ecee6e8ca173f,KO/TKO,1,Alexa Grasso,Maycee Barber,300,3
3b8cac9910af1c61,Decision - Majority,3,TIE,TIE,300,3
926091425f88d038,Submission,2,Spencer Fisher,Thiago Alves,300,3
76b61ff4c9760f79,Decision - Unanimous,3,Dalcha Lungiambula,Markus Perez,300,3
36032308b7e86fd0,Decision - Unanimous,3,Holly Holm,Raquel Pennington,300,3
e7183e758f6b8bda,Decision - Unanimous,3,Matt Lindland,Ivan Salaverry,300,3
418a7100e490e791,Decision - Unanimous,3,Yushin Okami,Dhiego Lima,300,3
20bfa549cb2cabe7,Decision - Unanimous,3,Joaquim Silva,Clay Guida,300,3
a5a065cb6d33ba9e,Submission,2,Rob Font,Douglas Silva de Andrade,300,3
bcefcb29bec709d6,Submission,2,Justin Buchholz,Corey Hill,300,3
9e7538a788e6d789,Decision - Split,5,Sean Strickland,Paulo Costa,300,5
71afa8354da2491e,Decision - Unanimous,3,Miranda Maverick,Shanna Young,300,3
d0e084b6345c5af0,Decision - Unanimous,3,Nicholas Musoke,Viscardi Andrade,300,3
270edfb687c0d20c,Decision - Unanimous,3,Michael Page,Kevin Holland,300,3
bdc1561ed4c6e22f,Decision - Unanimous,3,Julianna Pena,Jessica Eye,300,3
51108eabae8391ca,Decision - Unanimous,3,Robert Whittaker,Jared Cannonier,300,3
f484290346cfcf73,Decision - Unanimous,3,Gray Maynard,Kenny Florian,300,3
bde635a4f345bc3e,Decision - Unanimous,3,Ismail Naurdiev,Bruno Silva,300,3
5c30f6535a08d598,Decision - Unanimous,3,Claudia Gadelha,Tina Lahdemaki,300,3
f99ee57f75b20b69,Decision - Split,3,Timothy Johnson,Daniel Omielanczuk,300,3
de89bea7b0dcd2d3,Decision - Unanimous,3,Rinya Nakamura,Fernie Garcia,300,3
43712d71cec9bde6,Submission,1,Jason Dent,Cameron Dollar,300,3
8b1dc96a00a8e881,KO/TKO,1,Tom Breese,Daniel Kelly,300,3
935f559ab0521c27,KO/TKO,1,Clay Guida,Joe Lauzon,300,3
73954f3895cac499,KO/TKO,2,Al Iaquinta,Ross Pearson,300,3
9d2c9d2249d4fe50,Submission,1,Jim Miller,Duane Ludwig,300,3
0fd639e6e28c51bb,Submission,1,Mac Danzig,Tommy Speer,300,3
a69a155a25b84679,Decision - Unanimous,3,Rafael Dos Anjos,Tarec Saffiedine,300,3
65223fa6055df489,Decision - Split,3,Ricardo Ramos,Kyung Ho Kang,300,3
22fc6b3f4e48cfa3,Submission,3,Shavkat Rakhmonov,Geoff Neal,300,3
ad3aa9520131ff2e,KO/TKO,3,Andre Petroski,Micheal Gillmore,300,3
7b97ca2c378e7782,Decision - Unanimous,3,Francimar Barroso,Ednaldo Oliveira,300,3
6c2f05c47f494e15,DQ,1,CB Dollaway,Hector Lombard,300,3
0230a9dd2739add4,Decision - Unanimous,3,Ikram Aliskerov,JunYong Park,300,3
b28aad0fdc0b8cc0,Submission,2,Bryan Caraway,Dustin Neace,300,3
aeb0322f619213b1,KO/TKO,1,Niko Price,Tim Means,300,3
09b8253a30360429,KO/TKO,2,Jake Collier,Alberto Uda,300,3
b9c82dfde8b66e37,Decision - Unanimous,5,Al Iaquinta,Kevin Lee,300,5
7a2c841693b54dd7,Decision - Split,5,Ketlen Vieira,Holly Holm,300,5
44fc830a664ed611,Decision - Split,5,Robbie Lawler,Johny Hendricks,300,5
8d3c5635cffe12cb,Decision - Unanimous,3,Logan Clark,Steve Byrnes,300,3
755d84d5f4aa4dbf,Decision - Unanimous,3,Vinc Pichel,Austin Hubbard,300,3
84ebd144d5e79c88,Submission,1,Youssef Zalal,Josh Emmett,300,3
ac475de5a3d0d7e2,Submission,2,Omari Akhmedov,Tom Breese,300,3
dab2d3e9f2052047,Submission,1,Wilson Gouveia,Carmelo Marrero,300,3
4b35edc671de861f,Decision - Unanimous,3,Mizuto Hirota,Cole Miller,300,3
4c7390e4d169f6ff,KO/TKO,1,Anthony Johnson,Ryan Bader,300,5
647f6d2b9b784222,Submission,1,Erick Silva,Mike Rhodes,300,3
f19a56ecc6c150e3,Decision - Unanimous,3,Francis Carmont,Chris Camozzi,300,3
0fea1cff62e26b46,Decision - Split,3,Zhang Lipeng,Sai Wang,300,3
948da1b7ebbb06b3,KO/TKO,1,Jimmy Crute,Modestas Bukauskas,300,3
268f0fcc45e1a6fe,Decision - Split,3,Yves Edwards,Hermes Franca,300,3
43a941e005a2d463,KO/TKO,2,Martin Bravo,Claudio Puelles,,
f557405652165aa3,KO/TKO,2,Sean Strickland,Abus Magomedov,300,5
3367081258d6ae12,Submission,2,Vinny Magalhaes,Igor Pokrajac,300,3
9a18479792f990f7,KO/TKO,3,Joey Beltran,Aaron Rosa,300,3
002921976d27b7da,KO/TKO,1,Alistair Overeem,Stefan Struve,300,3
219610bc6e7d9196,Submission,1,Demian Maia,Rick Story,300,3
9ce2d0b880e88934,Decision - Unanimous,3,Frank Mir,Dan Christison,300,3
a86b801279e0ef4a,KO/TKO,3,Dylan Andrews,Papy Abedi,300,3
075a102456080ab2,Submission,1,Jesus Aguilar,Stewart Nicoll,300,3
91f7986d6fee7d57,Decision - Split,3,Matt Grice,Jason Black,300,3
72b12a837290b327,Submission,1,Chase Hooper,Clay Guida,300,3
4507354cd97f10e5,KO/TKO,1,Ion Cutelaba,Henrique da Silva,300,3
828776734a528b62,Submission,1,Rousimar Palhares,Tomasz Drwal,300,3
b96c8fef6c9f92db,Decision - Split,3,Martin Buday,Lukasz Brzeski,300,3
40c18c6d64463809,Submission,1,Cody Gibson,Brian Kelleher,300,3
a2ebb5f86eb64f22,KO/TKO,2,Michael Chandler,Tony Ferguson,300,3
73ed365b57dc1a6e,Decision - Unanimous,3,Drew Fickett,Keita Nakamura,300,3
8ea70cfd5d3aa5ee,Decision - Unanimous,3,Kyoji Horiguchi,Darrell Montague,300,3
2c81668d1459991f,Decision - Unanimous,3,Alexandre Pantoja,Manel Kape,300,3
764012f51c7dc223,Decision - Unanimous,3,Roxanne Modafferi,Andrea Lee,300,3
2b038a467a89c73c,KO/TKO,3,Warlley Alves,Sergio Moraes,300,3
f9ec8bedc15ece93,Decision - Unanimous,5,Song Yadong,Chris Gutierrez,300,5
b4555cd5b5d2a53f,KO/TKO,3,Soa Palelei,Nikita Krylov,300,3
42585ce706c086de,KO/TKO,1,Carlos Prates,Geoff Neal,300,3
450534f9fb9b13cd,Decision - Unanimous,3,Loopy Godinez,Loma Lookboonmee,300,3
a6743d41b0b95271,Decision - Split,3,Augusto Sakai,Blagoy Ivanov,300,3
7c075e3383198e14,KO/TKO,1,Muslim Salikhov,Carlos Leal,300,3
c0a5eeb0be0049bb,Submission,1,Brendan Schaub,Matt Mitrione,300,3
8390441d93736719,Decision - Split,3,Randy Brown,Khaos Williams,300,3
4838bf4ca76c1c6b,Submission,2,Vicente Luque,Niko Price,300,3
7a0813ec0fadc84e,KO/TKO,2,Roman Kopylov,Josh Fremd,300,3
a4e210bcdcc1bf5b,KO/TKO,2,Joel Alvarez,Danilo Belluardo,300,3
32087c183dffcae0,KO/TKO,1,John Yannis,Jamie Siraj,300,3
50935ae1627fc89b,Decision - Unanimous,3,Renan Barao,Phillipe Nover,300,3
9ba051e0f5674108,KO/TKO,1,Maurice Greene,Junior Albini,300,3
4be101dd6883d9bb,Decision - Unanimous,3,Jared Hamman,Rodney Wallace,300,3
cb17062bfd400fb2,KO/TKO,1,Drew McFedries,Alessio Sakara,300,3
1db121859d2fcda8,Decision - Unanimous,3,Santiago Ponzinibbio,Nordine Taleb,300,3
8ca1bb1b2517f2e5,KO/TKO,2,Jason Lambert,Renato Sobral,300,3
cf306c4714530f31,Decision - Unanimous,3,Grant Dawson,Joe Solecki,300,3
238832b58a66ae07,Submission,2,Renato Moicano,Alexander Hernandez,300,3
450760216f5643ca,Decision - Unanimous,3,Omari Akhmedov,Kyle Noke,300,3
3637e661b6854b49,Decision - Unanimous,3,Ciryl Gane,Tanner Boser,300,3
f5fb4435faf1ca04,Decision - Unanimous,3,King Green,Pat Healy,300,3
9103686732816d77,Decision - Unanimous,3,Josh Neer,Din Thomas,300,3
9166d2f99369c06b,KO/TKO,1,Jacare Souza,Yushin Okami,300,3
b509c337d181c567,Submission,2,Sergio Moraes,Ben Saunders,300,3
bacb62c4f2058fd8,Submission,2,Rolando Delgado,John Polakowski,300,3
b47db03affb279c3,Decision - Unanimous,3,Rafael Estevam,Felipe Bunes,300,3
875b249ebe45a66b,Decision - Unanimous,3,Andre Petroski,Rodolfo Vieira,300,3
5364d1537fc7d5aa,Decision - Unanimous,3,Jessica Andrade,Rosi Sexton,300,3
da26301ae3e7a9b1,Decision - Split,5,Rick Story,Gunnar Nelson,300,5
34cb6e9952cd30a4,Decision - Split,3,Lauren Murphy,Joanne Wood,300,3
0cc225bf45697271,Submission,2,Mark Hominick,Yves Edwards,300,3
be8e34d585be9dc7,KO/TKO,1,Jens Pulver,John Lewis,300,3
a7ac1dfcdc083694,Decision - Unanimous,3,Karol Rosa,Pannie Kianzad,300,3
29de6ddc42a2e674,Decision - Unanimous,3,Casey Kenney,Manny Bermudez,300,3
ab341b7bb01cdc89,Decision - Unanimous,3,Michael Bisping,Yoshihiro Akiyama,300,3
36d9d7e331e6b589,Decision - Unanimous,3,Miesha Tate,Rin Nakai,300,3
0d698108c5f5d1d6,Submission,1,Manny Bermudez,Benito Lopez,300,3
9321b3c90ea5ca6c,Decision - Split,3,Marina Rodriguez,Yan Xiaonan,300,3
e57d1260201e5101,KO/TKO,1,Thiago Silva,Antonio Mendes,300,3
36220644401d85e1,Decision - Split,3,Volkan Oezdemir,Ovince Saint Preux,300,3
6f3cb7ce84185dd3,Decision - Split,3,Chris Gutierrez,John Castaneda,300,3
3cdc6fea724be133,Decision - Unanimous,3,Raul Rosas Jr.,Aoriqileng,300,3
c9e19742c4146bff,Decision - Unanimous,3,Eryk Anders,Markus Perez,300,3
e92d89cb2d69235e,Decision - Unanimous,3,Jose Ochoa,Clayton Carpenter,300,3
fbce8f52689bce87,KO/TKO,2,Andre Soukhamthath,Luke Sanders,300,3
8b07bdaa0402bf2b,Decision - Unanimous,3,Diego Sanchez,Karo Parisyan,300,3
3aea9c60d25fc93b,KO/TKO,3,Melissa Gatto,Tamires Vidal,300,3
84b66bf7fba2d59d,Submission,2,Zach Reese,Jackson McVey,300,3
975840814b233bcd,KO/TKO,1,Mark Madsen,Danilo Belluardo,300,3
9ebfd601c43b89b3,Decision - Unanimous,3,Raquel Pennington,Miesha Tate,300,3
87f58feac6b50367,Submission,2,Thiago Moises,Michael Johnson,300,3
868c83e734dbbceb,Decision - Unanimous,5,Sean Strickland,Nassourdine Imavov,300,5
110f539523a4b571,Decision - Unanimous,3,Waldo Cortes Acosta,Chase Sherman,300,3
7bced112f3229b1b,Decision - Unanimous,3,Nasrat Haqparast,John Makdessi,300,3
e139628170777bef,Decision - Unanimous,5,Colby Covington,Robbie Lawler,300,5
eba46dbf9cdd83c0,KO/TKO,1,Robert Whittaker,Ikram Aliskerov,300,5
9f2e58bf880157b2,Submission,3,Rob Broughton,Vinicius Queiroz,300,3
d27ac1bc677b89cf,Decision - Unanimous,3,Lerone Murphy,Douglas Silva de Andrade,300,3
4f7ec66199bba232,Decision - Unanimous,3,Claudio Puelles,Marcos Mariano,300,3
70f1621080b3435c,Decision - Split,5,Sean Strickland,Khamzat Chimaev,300,5
3266f569a6246d90,KO/TKO,2,Dongi Yang,Jake Collier,300,3
ebb9eeac1faf73ed,KO/TKO,2,George Sullivan,Igor Araujo,300,3
398f4857f9692204,KO/TKO,1,Ben Nguyen,Alptekin Ozkilic,300,3
7f3bd3b913df61f4,Decision - Unanimous,3,CB Dollaway,Ed Herman,300,3
e4549c57faca7a64,Submission,1,Bec Rawlings,Lisa Ellis,300,3
a24121c70f773fe2,Submission,3,Charles Oliveira,Efrain Escudero,300,3
9cfad21ef1911728,Submission,2,Beneil Dariush,Drew Dober,300,3
c145e4b6206d4c18,Decision - Split,3,Nick Catone,Tom Watson,300,3
d0602cdc04d2c159,KO/TKO,1,Drakkar Klose,Joe Solecki,300,3
6989466d287b4a57,Submission,1,Thiago Tavares,Robert Peralta,300,3
21992c366d3b4602,KO/TKO,3,Li Jingliang,David Zawada,300,3
f6afaf2a39fa441c,Decision - Unanimous,3,Marc Diakiese,Viacheslav Borshchev,300,3
71e123d40fff9edb,Decision - Unanimous,3,Valerie Letourneau,Jessica Rakoczy,300,3
14e53999507c76a7,Decision - Split,5,Dricus Du Plessis,Sean Strickland,300,5
07a378b257aad5a9,Submission,1,Dusko Todorovic,Jose Daniel Medina,300,3
9900550cc697eef2,KO/TKO,1,Derek Brunson,Sam Alvey,300,3
bec66de67818a9b1,Submission,1,Randy Couture,James Toney,300,3
4305cb30533dac77,KO/TKO,2,Zhang Weili,Joanna Jedrzejczyk,300,3
08bd9e03c187f66b,KO/TKO,1,John Moraga,Ulysses Gomez,300,3
6e6567a98ea78891,KO/TKO,1,Hyder Amil,JeongYeong Lee,300,3
a7e1e349980063c9,Submission,2,Reza Madadi,Yoislandy Izquierdo,300,3
00414fc5519233b4,KO/TKO,1,Ramiz Brahimaj,Mickey Gall,300,3
ee69302c232e0909,Decision - Unanimous,3,Trevor Prangley,Travis Lutter,300,3
1631f70535ae5dcc,Submission,3,Ivana Petrovic,Liang Na,300,3
f4d8266a42a41dff,Decision - Unanimous,3,Nikita Krylov,Volkan Oezdemir,300,3
ea66be2688f542be,Decision - Unanimous,3,Kyle Bochniak,Brandon Davis,300,3
ce6f4d06fe5b51f3,Decision - Unanimous,3,Miguel Torres,Antonio Banuelos,300,3
97dabff880f33202,Submission,1,Ben Askren,Robbie Lawler,300,3
7f9a1b6d83d08c42,KO/TKO,1,Alan Belcher,Wilson Gouveia,300,3
0a3df9b1918cfc2f,Decision - Unanimous,3,Lina Lansberg,Macy Chiasson,300,3
35d06627d91b840d,Decision - Unanimous,3,Trey Ogden,Daniel Zellhuber,300,3
db747a157e1f264b,KO/TKO,2,Ovince Saint Preux,Ryan Jimmo,300,3
151c2bd6dfefb4b5,Decision - Unanimous,3,Justine Kish,Lucie Pudilova,300,3
7188621a628e718d,Decision - Unanimous,3,Enrique Barzola,Gabriel Benitez,300,3
ed5b6681ab4e83e5,Decision - Unanimous,3,Cesar Almeida,Ihor Potieria,300,3
e61d83e4e1f9c4d7,Submission,3,Merab Dvalishvili,Sean O'Malley,300,5
2e8d68b14dde981e,Decision - Unanimous,3,Sarah Kaufman,Leslie Smith,300,3
ad487d1c6141d90a,Submission,1,Abdul Rakhman Yakhyaev,Brendson Ribeiro,300,3
707cb14717df5960,Decision - Unanimous,3,Luana Carolina,Priscila Cachoeira,300,3
4b45f190122a1ce1,Decision - Unanimous,3,Charles Johnson,Jake Hadley,300,3
de484433eef22e1d,Submission,2,Clayton Carpenter,Lucas Rocha,300,3
de85ef2fd4769070,Decision - Majority,3,TIE,TIE,300,3
02bdb7a5b2986571,KO/TKO,2,Jalin Turner,Josh Culibao,300,3
eb0775cf8ee7a4e6,KO/TKO,1,Sam Sicilia,Akira Corassani,300,3
454265014520a3f8,KO/TKO,3,Elves Brener,Guram Kutateladze,300,3
38248c5d13f273e6,Decision - Unanimous,3,Jack Jenkins,Ramon Taveras,300,3
ab79fe7b35ccc3dc,Submission,2,Valentina Shevchenko,Julianna Pena,300,5
c1d86f1e6d41cd03,Submission,1,Gerald Meerschaert,Ryan Janes,300,3
ecec1b0dd64ca2ae,Submission,2,Caio Borralho,Michal Oleksiejczuk,300,3
20f316f96c9e4458,Decision - Unanimous,3,Nassourdine Imavov,Joaquin Buckley,300,3
42ad1437a1280294,KO/TKO,3,Marcin Tybura,Luis Henrique,300,3
43b43c5d439b2f98,KO/TKO,2,Kevin Holland,Alex Oliveira,300,3
e7da014d4dfc5bf3,KO/TKO,1,Mauricio Rua,Forrest Griffin,300,3
6a9e343bd12dfa64,Decision - Unanimous,5,Sean Sherk,Hermes Franca,300,5
9298175cb2ad7d41,Decision - Unanimous,3,Belal Muhammad,Jordan Mein,300,3
dae2484418631ff5,KO/TKO,1,Carlos Ulberg,Ihor Potieria,300,3
1bc662949337a8c4,Submission,2,Kevin Holland,Tim Means,300,3
23b943e9ce495f0b,Decision - Unanimous,3,Muslim Salikhov,Francisco Trinaldo,300,3
1019f330bdecfc65,KO/TKO,2,Renan Barao,Eddie Wineland,300,5
a3696c847ef6c7f9,Decision - Unanimous,3,Brady Hiestand,Fernie Garcia,300,3
5838305c25a54ea1,KO/TKO,2,Alistair Overeem,Andrei Arlovski,300,5
b0be38110c2d8b84,KO/TKO,1,Joel Alvarez,Drakkar Klose,300,3
fa7cde1e2d3ae338,KO/TKO,2,Cory Sandhagen,Austin Arnett,300,3
ca8f73d038c4d6e7,Decision - Unanimous,5,Israel Adesanya,Robert Whittaker,300,5
f5de8b2c81e91129,Decision - Split,5,Daniel Cormier,Alexander Gustafsson,300,5
2dc48a745d6c662b,Submission,2,Daniel Rodriguez,Tim Means,300,3
bd5afec6940c5d32,Submission,1,Stephan Bonnar,James Irvin,300,3
357a34207d70da69,Decision - Split,3,Paul Felder,Edson Barboza,300,3
61f0ceb980c1ae81,Decision - Unanimous,3,Tyson Griffin,Marcus Aurelio,300,3
ec0740be19b2ef90,Decision - Unanimous,3,Loma Lookboonmee,Denise Gomes,300,3
54de03e04f571735,TKO - Doctor's Stoppage,3,Jean Silva,Drew Dober,300,3
6f5f4b256f643ffb,Decision - Unanimous,3,Andrei Arlovski,Frank Mir,300,3
8802182074bf4a3a,Decision - Unanimous,3,Jake Ellenberger,Jay Hieron,300,3
3b701c0a0525341b,KO/TKO,3,Eryk Anders,Tim Williams,300,3
e5e75d831670b401,Decision - Majority,3,Joe Solecki,Alex Da Silva,300,3
085d6ea4d12917a2,Submission,1,Tony DeSouza,Paul Rodriguez,300,3
2ebe2ae9b4812f0a,Decision - Unanimous,3,Mark Eddiva,Jumabieke Tuerxun,300,3
ac269f99e4e53634,Submission,1,Jacare Souza,Chris Camozzi,300,3
67160b93dec2b399,Decision - Majority,3,Cheick Kongo,Assuerio Silva,300,3
caa56c26127bf7e8,Decision - Unanimous,3,Jussier Formiga,Chris Cariaso,300,3
b3bf1b6ad2d1a533,KO/TKO,1,Mairbek Taisumov,Felipe Silva,300,3
4dd2cd7da33e35d7,Decision - Unanimous,3,Antonio Rodrigo Nogueira,Heath Herring,300,3
68f7f992603192c6,KO/TKO,3,Jack Della Maddalena,Gilbert Burns,300,3
25acf5f94667e79d,KO/TKO,1,Melvin Guillard,Rick Davis,300,3
342779192b116314,KO/TKO,2,Phil Rowe,Jason Witt,300,3
2e94ee4b9f5fddea,Decision - Unanimous,3,Mayra Bueno Silva,Wu Yanan,300,3
c4c379b8f99fea88,Submission,1,Ariane da Silva,Luana Carolina,300,3
a5cf273faa3982b7,Decision - Unanimous,3,Elise Reed,Melissa Martinez,300,3
181ce41897b37352,Submission,4,Jon Jones,Quinton Jackson,300,5
352839a03b428e74,Decision - Split,3,Joaquim Silva,Claudio Puelles,300,3
5ee11b727e89e8ad,Decision - Unanimous,3,Michael Page,Sam Patterson,300,3
2fef7ac78df0cccc,Decision - Unanimous,3,Brett Johns,Albert Morales,300,3
f5dd0a24a7dba53c,Submission,1,Brendan Allen,Karl Roberson,300,3
069e3e704cbf6337,Decision - Unanimous,3,Ricky Simon,Rani Yahya,300,3
a857acedb53ee959,KO/TKO,2,Mario Pinto,Austen Lane,300,3
05f8696303709939,Decision - Unanimous,3,Rafael Dos Anjos,Evan Dunham,300,3
9fab4b0ad082f670,Submission,1,Robert Valentin,Julien Leblanc,300,3
bec57d7cce0e6257,KO/TKO,1,Muslim Salikhov,Song Kenan,300,3
480c4dbd2e792d86,Submission,1,Mateusz Rebecki,Roosevelt Roberts,300,3
c7375d5db21cbaae,Decision - Unanimous,5,Stephen Thompson,Geoff Neal,300,5
939cc30f07131724,Decision - Unanimous,3,Kamaru Usman,Warlley Alves,300,3
520f6379fefd8fda,Submission,1,Renato Moicano,Cub Swanson,300,3
abfd5ac6cf186d8a,Submission,2,Isaac Dulgarian,Brendon Marotte,300,3
1ff520024da5b3b2,KO/TKO,1,Nikita Krylov,Alexander Gustafsson,300,3
bf2a9732af50c84c,KO/TKO,1,Calvin Kattar,Ricardo Lamas,300,3
515ecc54219bcc4c,Decision - Unanimous,3,Katlyn Cerminara,Jennifer Maia,300,3
b3bd27affa038e9c,Decision - Unanimous,3,JunYong Park,Marc-Andre Barriault,300,3
06cd9812e2b9b747,Decision - Unanimous,5,Robert Whittaker,Yoel Romero,300,5
b91756d955e14d2e,KO/TKO,2,Jorge Masvidal,Donald Cerrone,300,3
f6ea148cfeb1aaf7,KO/TKO,2,Joe Lauzon,Kyle Bradley,300,3
370ff29489150560,Submission,1,Jaqueline Amorim,Loma Lookboonmee,300,3
a5d24caed8afbeef,Decision - Unanimous,3,Johny Hendricks,Hector Lombard,300,3
16ba92318ff66d4a,Decision - Unanimous,3,Phil Harris,Ulysses Gomez,300,3
1b8d366ac0f110f3,Submission,3,Kay Hansen,Jinh Yu Frey,300,3
c2f70bd2fc1bac73,Decision - Unanimous,3,Louis Smolka,Alptekin Ozkilic,300,3
daa38964824f1b9f,Decision - Split,3,Giga Chikadze,Jamall Emmers,300,3
9ad2dde9c35d3cc4,Decision - Split,3,Raphael Assuncao,TJ Dillashaw,300,3
e6b2d6d33968c66c,Decision - Unanimous,3,Merab Dvalishvili,Brad Katona,300,3
c22545a5881459ac,KO/TKO,3,Pedro Rizzo,Tsuyoshi Kohsaka,300,3
e8c57c6259193466,KO/TKO,1,Tyson Pedro,Ike Villanueva,300,3
23e548f618dd0e5f,Submission,1,Joe Solecki,Austin Hubbard,300,3
f047e3605f8852d8,Decision - Unanimous,3,Dan Ige,Kevin Aguilar,300,3
e01019fbfe0e9528,Decision - Unanimous,3,Ludovit Klein,Roosevelt Roberts,300,3
0e0a4282cd6c86d7,Decision - Unanimous,3,Daniel Santos,JeongYeong Lee,300,3
172dfd6cab9b627b,Decision - Unanimous,3,Jeremy Stephens,Estevan Payan,300,3
cc5c5a8cff4c1ae9,Decision - Unanimous,3,Ketlen Souza,Bruna Brasil,300,3
ec067e9c9efd7aa1,KO/TKO,1,Lorenz Larkin,Neil Magny,300,3
e175c1a0bff30187,KO/TKO,1,Julian Erosa,Nate Landwehr,300,3
8bc0c220f7dcefa7,Submission,1,Marcin Tybura,Tai Tuivasa,300,5
4abcf14faa7f92f2,Submission,2,Ricky Simon,Gaetano Pirrello,300,3
1a0b90c661fd603e,Decision - Split,3,Jake Shields,Martin Kampmann,300,3
cd2a60453f8ac133,KO/TKO,2,Stipe Miocic,Shane del Rosario,300,3
e3d657dd88864ba7,Decision - Unanimous,3,Jamall Emmers,Hyder Amil,300,3
dc0ab34f1952cb48,KO/TKO,4,Alexander Volkanovski,Chan Sung Jung,300,5
c835ccffa472970e,KO/TKO,3,Scott Holtzman,Alan Patrick,300,3
2b3a1c063245e280,Decision - Split,3,Sam Stout,Caros Fodor,300,3
2a0d4dd0997bd712,Submission,1,Zak Cummings,Nathan Coy,300,3
d49d2c810583a56a,KO/TKO,2,Leslie Smith,Amanda Lemos,300,3
2cd9e3796be57a79,KO/TKO,2,Lucie Pudilova,Wu Yanan,300,3
cc1993d02d28a3b9,Submission,2,Sage Northcutt,Cody Pfister,300,3
a5075f4eaee6036f,KO/TKO,1,Michael Chandler,Dan Hooker,300,3
7c40aa2cb6883a91,Decision - Split,3,Darren Till,Kelvin Gastelum,300,3
2a43df4cc047a28b,Submission,2,Angela Hill,Luana Pinheiro,300,3
ce33085fc5205bab,KO/TKO,2,Jacob Malkoun,Andre Petroski,300,3
04f32bb0c0d3a8cc,KO/TKO,5,Alex Pereira,Israel Adesanya,300,5
a39d0adbeffe49de,Decision - Unanimous,3,Anthony Hamilton,Daniel Omielanczuk,300,3
e79e3ee088b76d46,Decision - Unanimous,3,Francisco Trinaldo,Leandro Silva,300,3
ab7390e549e28893,Submission,1,Jerry Bohlander,Scott Ferrozzo,,
d607908be8b19273,Decision - Unanimous,3,Andy Ogle,Josh Grispi,300,3
c0ca05832f518fef,KO/TKO,1,Shawn Jordan,Jared Cannonier,300,3
c1039954c3457fe7,Decision - Unanimous,3,Kenny Florian,Diego Nunes,300,3
19da32f5af2e8e2b,KO/TKO,1,Kenny Florian,Alvin Robinson,300,3
b3c23fb2d71bba51,Decision - Unanimous,3,Dan Hooker,Nasrat Haqparast,300,3
854c64fe481e65ee,Decision - Unanimous,3,Hermes Franca,Marcus Aurelio,300,3
82342dc6be82778b,Decision - Unanimous,3,Jimmie Rivera,John Dodson,300,3
c4fa93a4f37a6ca7,Decision - Unanimous,3,Rafael Dos Anjos,Kyle Bradley,300,3
11f65de5348e4bc4,KO/TKO,3,Santiago Ponzinibbio,Alex Morono,300,3
97febb293c99e5a8,KO/TKO,1,Dan Henderson,Tim Boetsch,300,5
558b54d28a662cca,Decision - Unanimous,3,Lance Benoist,Matthew Riddle,300,3
d9a797f632686568,Submission,2,Alexander Yakovlev,Alex Da Silva,300,3
326b843cb2b7fd94,Decision - Split,3,Andre Ewell,Jonathan Martinez,300,3
54afe8c42e2062d6,Decision - Unanimous,3,Heather Clark,Bec Rawlings,300,3
5a1ce88ec1f75160,KO/TKO,3,Brandon Moreno,Kai Kara-France,300,5
ef270d8cf29d071b,KO/TKO,1,Denise Gomes,Yazmin Jauregui,300,3
59ad5b88804afbf5,TKO - Doctor's Stoppage,1,Rustam Khabilov,Yancy Medeiros,300,3
34db1e0e2499e7ae,Decision - Unanimous,3,Ashley Yoder,Miranda Granger,300,3
00bde62cac38e5e9,Decision - Unanimous,3,Colby Thicknesse,Vince Morales,300,3
6915d46b49999f60,Decision - Unanimous,3,Thiago Moises,King Green,300,3
a80579fe679d24e2,Decision - Majority,3,Daniel Omielanczuk,Jarjis Danho,300,3
eff6ec2b2f1fb27b,KO/TKO,1,Derrick Lewis,Marcos Rogerio de Lima,300,3
4c257f69fb974088,Decision - Unanimous,3,Alexis Davis,Liz Carmouche,300,3
bb0794053766a866,Submission,1,Dennis Siver,Dale Hartt,300,3
1e9a2b197ebff074,Decision - Unanimous,3,Billy Quarantillo,Spike Carlyle,300,3
4fcbee643660d679,Submission,2,Niko Price,George Sullivan,300,3
e9ffcf05270a320a,Decision - Split,3,Bethe Correia,Jessica Eye,300,3
a160e94fdb66de17,Decision - Unanimous,3,Pat Sabatini,Joanderson Brito,300,3
646eeca9447c6965,Submission,2,Julian Marquez,Sam Alvey,300,3
e8907b881151b79d,KO/TKO,1,Ovince Saint Preux,Mauricio Rua,300,5
acc57a9c114b694a,KO/TKO,1,Nasrat Haqparast,Jamie Mullarkey,300,3
eedcb6c5d163e581,KO/TKO,1,Magomed Ankalaev,Ion Cutelaba,300,3
7be3e513a31f6570,Decision - Unanimous,3,Alex Caceres,Daniel Pineda,300,3
ffea776913451b6d,Submission,1,Tony Ferguson,Gleison Tibau,300,3
5abcf9f282983acc,KO/TKO,1,Tyson Pedro,Harry Hunsucker,300,3
083a0283b7bc503b,Decision - Unanimous,3,Kevin Lee,Efrain Escudero,300,3
b1ac165326d8f29e,Submission,2,Kayla Harrison,Holly Holm,300,3
3a8baa48c9b30d47,KO/TKO,2,Chris Cariaso,Iliarde Santos,300,3
a01524699dfa3526,KO/TKO,1,Takanori Gomi,Tyson Griffin,300,3
0337fa731f5b02c1,KO/TKO,2,Ross Pearson,Sam Stout,300,3
4a116a55ffaa0d64,KO/TKO,1,Maheshate,Steve Garcia,300,3
dc38c78358e053c3,Decision - Unanimous,5,Amanda Nunes,Felicia Spencer,300,5
bac3ac8d7330d05d,Decision - Unanimous,3,Zabit Magomedsharipov,Jeremy Stephens,300,3
a8239866e1222eae,Decision - Unanimous,3,Mario Bautista,Ricky Simon,300,3
675cbe90f6d96feb,Decision - Unanimous,3,Georges St-Pierre,Josh Koscheck,300,3
901dbd1e6463c4ba,KO/TKO,1,Herbert Burns,Nate Landwehr,300,3
b2cda211e0e72811,Decision - Unanimous,3,Brad Tavares,Nate Marquardt,300,3
394b0347b0438622,Decision - Unanimous,3,Khamzat Chimaev,Gilbert Burns,300,3
b4daedb1e0c4ee02,Decision - Unanimous,3,Erik Koch,Jonathan Brookins,300,3
d4127baf74b0e791,KO/TKO,1,Wang Cong,Victoria Leonardo,300,3
cc477d322638ba30,KO/TKO,1,Sergei Pavlovich,Maurice Greene,300,3
6afaf0ca45431a11,Decision - Unanimous,3,Ilir Latifi,Tyson Pedro,300,3
3c3da227fbe36a28,Submission,2,Islam Makhachev,Leo Kuntz,300,3
d395828f5cb045a5,KO/TKO,5,Justin Gaethje,Tony Ferguson,300,5
daa06084bcc66645,KO/TKO,1,Michael Johnson,Edward Faaloloto,300,3
001441f70c293931,Submission,1,Paddy Pimblett,Kazula Vargas,300,3
66b295262ef7ee91,Submission,1,Antonio Braga Neto,Anthony Smith,300,3
55e12d44e9e524cf,KO/TKO,2,Stefan Struve,Christian Morecraft,300,3
7a5baef71925258c,Decision - Unanimous,3,Colby Covington,Demian Maia,300,3
26ad51050ea55600,KO/TKO,1,Antoni Hardonk,Colin Robinson,300,3
cbf3fc8730b4ad09,TKO - Doctor's Stoppage,1,Dan Severn,Oleg Taktarov,,
26025a42e011229f,Decision - Split,3,Rogerio Nogueira,Jason Brilz,300,3
b5bef60f79b38e69,Decision - Unanimous,3,Thiago Tavares,Michihiro Omigawa,300,3
1ff3dff34d0b60b8,Submission,1,Mara Romero Borella,Kalindra Faria,300,3
7484298ad57099be,Submission,2,Jonathan Pearce,Omar Morales,300,3
55b53fdad307b708,KO/TKO,2,Maycee Barber,JJ Aldrich,300,3
392089df68b1a721,KO/TKO,1,Duane Ludwig,Jonathan Goulet,300,3
75570ea2da94a4fb,KO/TKO,1,Tanner Boser,Philipe Lins,300,3
fa347a9ac9d0558c,KO/TKO,1,Vitor Belfort,Scott Ferrozzo,,
60de0423ae6ed097,KO/TKO,2,Sean O'Malley,Aiemann Zahabi,300,3
8bfa9df5341c95c0,Submission,2,Kailin Curran,Emily Kagan,300,3
e1f77d40503e5259,Submission,1,Phil Davis,Alexander Gustafsson,300,3
e492dc60d8e44866,KO/TKO,3,Michael Morales,Adam Fugitt,300,3
5238f6470d0557fb,Decision - Split,3,Daniel Marcos,Adrian Yanez,300,3
76c5f66afe6ab192,KO/TKO,2,Cristiane Justino,Lina Lansberg,300,5
1019f2a9c012e949,Decision - Unanimous,3,Gilbert Burns,Aleksei Kunchenko,300,3
8f560a1fa19c122a,Submission,2,Nate Marquardt,Jeremy Horn,300,3
4e5d4a36eaaa3a78,KO/TKO,3,Morgan Charriere,Nate Landwehr,300,3
85f85003fadf7a7b,Decision - Unanimous,3,Austin Arnett,Humberto Bandenay,300,3
52943c821416dc38,Decision - Unanimous,3,Alexa Grasso,Heather Clark,300,3
539eff1fe2fb39ba,KO/TKO,2,Matt Hamill,Reese Andy,300,3
b09f8cd4cbd7ba56,KO/TKO,3,Devin Clark,William Knight,300,3
6ac3d588f9630f0a,Decision - Unanimous,3,Raoni Barcelos,Khalid Taha,300,3
de332779baa1b103,Submission,2,Christos Giagos,Sean Soriano,300,3
323fb015ca2444e3,KO/TKO,2,Thiago Santos,Gerald Meerschaert,300,3
3223b7e196a07224,Decision - Unanimous,3,Mick Parkin,Mohammed Usman,300,3
e53fd165a3bc1f8e,Decision - Unanimous,3,Farid Basharat,Chris Gutierrez,300,3
e2bacdc395aa7b40,KO/TKO,3,Ross Pearson,George Sotiropoulos,300,5
06fab49a307ff3d2,Decision - Unanimous,3,Raphael Assuncao,Bryan Caraway,300,3
54cf1ffbc6e7a9fd,Decision - Unanimous,3,Thales Leites,Pete Sell,300,3
be7b9301e7c689c1,Decision - Unanimous,3,Charlie Brenneman,Daniel Roberts,300,3
f15be91b30b11e0c,TKO - Doctor's Stoppage,2,Joe Riggs,Chris Lytle,300,3
fffa21388cdd78b7,Decision - Split,3,Tim Boetsch,CB Dollaway,300,3
6cca11f353a2b42d,KO/TKO,2,Dustin Jacoby,Julius Walker,300,3
e9c034cec33b3479,Decision - Majority,3,Ludovit Klein,Mateusz Rebecki,300,3
a8067e65eb737a09,KO/TKO,1,Rinya Nakamura,Toshiomi Kazama,,
d4d4aded862ace46,Decision - Unanimous,3,Myles Jury,Diego Sanchez,300,3
f4d91498ca3f0a1f,Decision - Unanimous,3,Donald Cerrone,Myles Jury,300,3
bcef35d6e0964f01,Submission,1,Dan Ige,Danny Henry,300,3
b5608e83faac1387,Decision - Unanimous,3,George Sotiropoulos,Kurt Pellegrino,300,3
780147f2ed2637d1,Decision - Split,3,Loopy Godinez,Cynthia Calvillo,300,3
dd552b389152636a,KO/TKO,3,Melissa Gatto,Sijara Eubanks,300,3
cab4937435d081d0,KO/TKO,1,Carlos Leal,Alex Morono,300,3
e1930496b33fa636,Decision - Unanimous,3,JeongYeong Lee,Blake Bilder,300,3
ec149b086b0e7fac,Decision - Unanimous,3,Zhang Weili,Tecia Pennington,300,3
79fb77a0b0294aec,KO/TKO,1,Devonte Smith,Julian Erosa,300,3
0ccd16201ac41ef8,KO/TKO,5,Yair Rodriguez,Chan Sung Jung,300,5
b30bb2ba5b68a180,Decision - Split,3,Waylon Lowe,Steve Lopez,300,3
f3ad8ad8d242678e,Decision - Majority,3,TIE,TIE,300,3
dd440cb166329a82,Decision - Unanimous,3,Riki Fukuda,Tom DeBlass,300,3
3e50773520e7a218,Decision - Unanimous,3,Jake Ellenberger,Diego Sanchez,300,3
744cbe6e49d4f41c,KO/TKO,1,Natalia Silva,Victoria Leonardo,300,3
1ef09b1bf60f23cb,Decision - Unanimous,3,Jon Fitch,Kuniyoshi Hironaka,300,3
d6f6ac29008509db,KO/TKO,1,Justin Gaethje,James Vick,300,5
1317d7cd79495a0e,Decision - Unanimous,3,Anthony Rocco Martin,Ramazan Emeev,300,3
5b55a8e33199d71e,Decision - Unanimous,3,Alex Caceres,Cole Miller,300,3
189b9af881b96de6,Decision - Unanimous,3,Drakkar Klose,Rafa Garcia,300,3
7df505d8260ba680,Decision - Split,3,Edgar Chairez,Felipe Bunes,300,3
8d886fba9328269c,Decision - Unanimous,3,Mark Munoz,Aaron Simpson,300,3
4712708adb1507aa,KO/TKO,1,Francis Ngannou,Alistair Overeem,300,3
d0a8304574e65ec9,Decision - Unanimous,3,Joshua Burkman,KJ Noons,300,3
c5b8a996eff18540,Decision - Unanimous,3,Alex Morono,Max Griffin,300,3
49818fb1520ce956,Decision - Unanimous,3,Donald Cerrone,Jeremy Stephens,300,3
c456b1950208e0b2,TKO - Doctor's Stoppage,2,Joanderson Brito,Jack Shore,300,3
8f9cfe0e283a6ccb,Submission,5,Frankie Edgar,Cub Swanson,300,5
47dfd70b5780d68a,Submission,3,Leon Edwards,Albert Tumenov,300,3
ab8b506dd2277da3,Submission,2,Yves Edwards,Cody McKenzie,300,3
a26db2cee9eab1f9,KO/TKO,3,Neil Magny,Hector Lombard,300,3
4911094a4ee26868,Decision - Unanimous,3,Brendan Allen,Punahele Soriano,300,3
6b6680338558bd46,Decision - Unanimous,3,Raquel Pennington,Elizabeth Phillips,300,3
652a956adab8ad0e,Submission,2,Virna Jandiroba,Mallory Martin,300,3
0a70601cc9f2426f,KO/TKO,1,Sam Sicilia,Godofredo Pepey,300,3
7685701c382cd49a,Decision - Unanimous,3,Sergio Pettis,John Moraga,300,3
70b8d357e89383bd,Decision - Unanimous,3,Sodiq Yusuff,Alex Caceres,300,3
69c06be4f87ccdab,KO/TKO,1,Amanda Nunes,Holly Holm,300,5
88945d70ee6c6467,KO/TKO,1,David Abbott,John Matua,,
0f51869f98afa6c0,Submission,3,Brandon Moreno,Deiveson Figueiredo,300,5
d6e1205babf27a9d,KO/TKO,3,Mike Pyle,Sean Spencer,300,3
5261874c58322b46,Decision - Unanimous,3,Matt Hughes,Renato Verissimo,300,3
824859c7580eb35b,Decision - Unanimous,5,Edson Barboza,Sodiq Yusuff,300,5
1d892fec31dc7ad7,KO/TKO,2,Casey O'Neill,Shana Dobson,300,3
c9733393385105cb,TKO - Doctor's Stoppage,2,Joe Lauzon,Michael Chiesa,300,3
1aba46988c9b58f9,Decision - Split,3,Brad Tavares,Omari Akhmedov,300,3
41e9da89f349b2bc,KO/TKO,1,Junior Dos Santos,Gilbert Yvel,300,3
8d9bcbb48888a5a3,KO/TKO,1,Esteban Ribovics,Terrance McKinney,300,3
9eb92b670eebdcd4,Decision - Unanimous,3,Michael Chiesa,Mitch Clarke,300,3
44ca8997a3e5cda8,Decision - Unanimous,3,Ryan Jimmo,Igor Pokrajac,300,3
9890835f4c1c6b75,Decision - Split,5,Demetrious Johnson,Joseph Benavidez,300,5
5aef2af22f5f2fbd,Submission,1,Jason MacDonald,Ryan Jensen,300,3
eb5fd91dd3d937db,Submission,1,Eric Schafer,Rob MacDonald,300,3
0408a452fb5c3e14,Decision - Unanimous,3,Rani Yahya,Michinori Tanaka,300,3
9a678f346946b6a4,KO/TKO,3,Miles Johns,Anderson Dos Santos,300,3
6ccf478dca83757e,Decision - Unanimous,3,Leon Edwards,Dominic Waters,300,3
0aad210fbaa1db6c,KO/TKO,1,Amanda Nunes,Ronda Rousey,300,5
6cfab1da57d260f4,KO/TKO,1,Tom Aspinall,Jake Collier,300,3
69bc7ca8ce831731,Decision - Unanimous,5,Amanda Nunes,Irene Aldana,300,5
7c8701bb78cb4de8,Submission,3,Grant Dawson,Jared Gordon,300,3
fdde8777c7ae9769,KO/TKO,2,Henry Cejudo,Wilson Reis,300,3
47b1cd4e3e2595f8,Decision - Unanimous,3,Volkan Oezdemir,Paul Craig,300,3
46f81d5ecd974c1c,Decision - Unanimous,3,Nurullo Aliev,Shem Rock,300,3
ea9059fd076a2f1e,KO/TKO,1,Erik Perez,Byron Bloodworth,300,3
7ed9e8f3258446c7,Submission,1,Gabriel Bonfim,Mounir Lazzez,300,3
3624f4ae9c1d703e,Decision - Unanimous,3,Evan Elder,Genaro Valdez,300,3
cef255a992ba7af3,Decision - Unanimous,3,Daniel Zellhuber,Lando Vannata,300,3
6101249c2cdd1493,Decision - Split,3,Chris Gutierrez,Felipe Colares,300,3
6a7f68feb5c0755d,Submission,3,Alex Caceres,Sergio Pettis,300,3
5afd44d1e567d2e8,Decision - Unanimous,3,Charles Rosa,Kyle Bochniak,300,3
719f21fdb310fcfb,KO/TKO,2,Joe Riggs,Joe Doerksen,300,3
5db23cc876db1619,Submission,2,Chris Lytle,Ronald Jhun,300,3
2594287e8fa31404,KO/TKO,3,Cat Zingano,Miesha Tate,300,3
2a26c0cfa06265b7,Decision - Split,3,Farid Basharat,Jean Matsumoto,300,3
9d2f7d29bb9c9034,Decision - Unanimous,3,Luis Pena,Steve Garcia,300,3
e7cb40d82d987b9e,Decision - Unanimous,3,Daniel Cormier,Roy Nelson,300,3
b0958ed411ae9675,Decision - Split,3,Evan Dunham,Marcus Aurelio,300,3
277233ca9ea25674,KO/TKO,3,Brady Hiestand,Batgerel Danaa,300,3
004b9368337d3cd6,KO/TKO,1,Rameau Thierry Sokoudjou,Kazuhiro Nakamura,300,3
81127436605d3c88,Decision - Unanimous,3,Colby Thicknesse,Josias Musasa,300,3
433e3fd8782b6e0e,KO/TKO,1,Jim Miller,Takanori Gomi,300,3
b1da312483a974b3,Decision - Unanimous,3,Kevin Holland,Alessio Di Chirico,300,3
e36a5d4d53b97d4e,Submission,1,Stephanie Egger,Jessica-Rose Clark,300,3
70ddd13934e6c0e9,Decision - Unanimous,3,Tyson Griffin,Manvel Gamburyan,300,3
b43c83505edcd8fa,Decision - Unanimous,3,Tim Elliott,Jared Papazian,300,3
76602c3658d70273,Submission,2,Kevin Lee,Francisco Trinaldo,300,3
8794b5f9a591daf6,KO/TKO,2,Marc Diakiese,Lukasz Sajewski,300,3
f743abae6896c1e8,Decision - Unanimous,3,Jake O'Brien,Josh Shockman,300,3
f065dc596a08a258,Decision - Unanimous,3,Andrei Arlovski,Ben Rothwell,300,3
b84c447bb74febe2,Decision - Unanimous,3,Muhammad Naimov,Nathaniel Wood,300,3
b98bc1ecb94ef4a5,Submission,2,Ramiz Brahimaj,Austin Vanderford,300,3
ddf768753c8030c1,Submission,1,Gunnar Nelson,DaMarques Johnson,300,3
543de77637ad2a20,KO/TKO,2,Sage Northcutt,Zak Ottow,300,3
b66f4fa1b9b96b51,TKO - Doctor's Stoppage,2,Alex Caceres,Rolando Dy,300,3
d215c4e6dc1346ae,KO/TKO,3,Cheick Kongo,Paul Buentello,300,3
fe5427398fd9d9dc,KO/TKO,1,Amanda Nunes,Shayna Baszler,300,3
033d968f325842e7,Decision - Split,3,Chico Camus,Brad Pickett,300,3
be822403f364fff3,Decision - Split,3,Dan Ige,Mirsad Bektic,300,3
0760bc02280574dd,Decision - Majority,3,Thomas Petersen,Guilherme Pat,300,3
d1621b3da377f34b,Submission,1,Anthony Smith,Ryan Spann,300,5
4df8efe64e83f74e,Submission,1,Rory Singer,Ross Pointon,300,3
742dc4196d329db0,Decision - Unanimous,3,Cory McKenna,Kay Hansen,300,3
6cd44e1b2d093ea4,Decision - Unanimous,5,Israel Adesanya,Marvin Vettori,300,5
0cbeda449bc94af7,Decision - Unanimous,3,Enrique Barzola,Horacio Gutierrez,,
ba0a3a4b80418db9,KO/TKO,1,Brandon Vera,Frank Mir,300,3
09a29fb09fe07559,Submission,1,Anthony Smith,Devin Clark,300,5
026e64f70e319e00,Submission,3,Joe Doerksen,Patrick Cote,300,3
093ef5ab2081cf65,Submission,3,Randy Couture,Mike van Arsdale,300,3
5c827dd56a08f700,Decision - Split,3,Masio Fullen,Alex Torres,300,3
3a5b53d1123d9f7e,Decision - Unanimous,5,Tim Kennedy,Michael Bisping,300,5
8baa6b8850262595,KO/TKO,2,Antonio Silva,Soa Palelei,300,3
cbdfb3c648d7bada,Submission,1,Joseph Holmes,Alen Amedovski,300,3
38094db8e3539cba,KO/TKO,1,Christian Leroy Duncan,Dusko Todorovic,300,3
83c81018bb3aeebf,KO/TKO,1,Edson Barboza,Billy Quarantillo,300,3
dfb856d4c80bbf04,Decision - Unanimous,3,Tony Kelley,Ali AlQaisi,300,3
84973bbdffaf0d0e,Submission,1,Serghei Spivac,Marcin Tybura,300,5
958799d957945a3a,KO/TKO,2,Jim Miller,Nikolas Motta,300,3
d439374c1fc95581,Decision - Majority,3,Shane Burgos,Charles Jourdain,300,3
6fa2dae90bda4742,Decision - Split,3,JunYong Park,Brad Tavares,300,3
e2e23aee91e27847,Decision - Unanimous,3,Ryan Bader,Rashad Evans,300,3
638093bc4f69f639,Decision - Unanimous,3,Glover Teixeira,Quinton Jackson,300,3
06c0c7dda5a5909d,Decision - Unanimous,3,Molly McCann,Ji Yeon Kim,300,3
228879162d8be605,Decision - Split,3,Raphael Assuncao,Marlon Moraes,300,3
e512b80bbaea36c2,Decision - Unanimous,3,Seokhyeon Ko,Oban Elliott,300,3
1a7cd191f0cf160c,Decision - Unanimous,3,Movsar Evloev,Arnold Allen,300,3
e0b323dae5bf4c90,Submission,3,Charles Oliveira,Kevin Lee,300,5
ce246b336b6bd638,Submission,1,Demian Maia,Lyman Good,300,3
cfca060f39db1742,Decision - Unanimous,3,Paul Kelly,Paul Taylor,300,3
5f44d6d9e6bbecff,Decision - Unanimous,3,Virna Jandiroba,Marina Rodriguez,300,3
93d5452726f5f364,Decision - Unanimous,3,Sergey Morozov,Khalid Taha,300,3
dd1131c208475365,Decision - Unanimous,3,Darren Elkins,Hatsu Hioki,300,3
2517029ff9c1a1a2,Decision - Unanimous,3,Gillian Robertson,Michelle Waterson-Gomez,300,3
66ba984cc547e31a,KO/TKO,3,Raoni Barcelos,Kurt Holobaugh,300,3
c5dfce1eaa2dc169,Decision - Split,3,Dwight Grant,Stefan Sekulic,300,3
45781930d64da456,Decision - Unanimous,3,Rodolfo Vieira,Tresean Gore,300,3
168413032bb51ce0,KO/TKO,1,Amanda Nunes,Sheila Gaff,300,3
2142ff2a46d22741,Decision - Unanimous,3,Brad Tavares,Thales Leites,300,3
1ba282da76ca82ad,Decision - Unanimous,3,Melissa Mullins,Irina Alekseeva,300,3
7cf7960c6ccb5fa1,DQ,1,Mike Jackson,Dean Barry,300,3
1c4e4b3358089960,Decision - Unanimous,5,Jose Aldo,Frankie Edgar,300,5
f817a161eb72e685,Decision - Split,3,Chris Camozzi,Dongi Yang,300,3
b34abcfe4c2e8a57,Submission,2,Raul Rosas Jr.,Ricky Turcios,300,3
63c08ecea35e8bee,Decision - Unanimous,3,Pawel Pawlak,Sheldon Westcott,300,3
14176809bcdafd01,Decision - Unanimous,3,Hunter Azure,Brad Katona,300,3
c99e302777049f2d,Decision - Split,1,Alex Hunter,Harry Moskowitz,,
6aee27cc2610b56a,KO/TKO,2,Matt Brown,Matt Arroyo,300,3
e2e2537a345367d4,KO/TKO,1,Jamall Emmers,Gabriel Miranda,300,3
27c34f7a7e1c4d67,Submission,3,Urijah Faber,Alex Caceres,300,3
308f6cb830019ea9,Decision - Unanimous,3,Jean Matsumoto,Brad Katona,300,3
d325a1483d78ae75,KO/TKO,2,Belal Muhammad,Sean Brady,300,3
2a28ce0035468735,KO/TKO,3,Jim Miller,Kamal Shalorus,300,3
44d58943ac8e47e1,Decision - Unanimous,3,Regina Tarin,Ernesta Kareckaite,300,3
e3d9bbea4c51dec4,Submission,1,Joe Stevenson,Dokonjonosuke Mishima,300,3
1f2f27b36e79da74,Decision - Unanimous,3,Tucker Lutz,Kevin Aguilar,300,3
dc85144d1d945076,Submission,3,Robert McDaniel,Gilbert Smith,300,3
f26657d5018ee428,KO/TKO,2,Chase Sherman,Rashad Coulter,300,3
6971094300073d47,KO/TKO,1,Tai Tuivasa,Rashad Coulter,300,3
094790e50afae55e,Submission,1,Ricardo Ramos,Eduardo Garagorri,300,3
8c3179f0fd62af14,KO/TKO,1,Rich Franklin,Chuck Liddell,300,3
e068f14acd47ed69,Decision - Split,3,Leon Edwards,Gunnar Nelson,300,3
2c7c7648e847f2e5,Decision - Unanimous,3,Natalia Silva,Jasmine Jasudavicius,300,3
b2398418be9a3442,Submission,1,Nikita Krylov,Stanislav Nedkov,300,3
24ac3d1bee1610ef,Decision - Unanimous,3,Dennis Siver,Charles Rosa,300,3
8f120352072bd5ed,KO/TKO,1,Godofredo Pepey,Noad Lahat,300,3
dbfac95047e7b33a,Decision - Unanimous,3,Waylon Lowe,Willamy Freire,300,3
dbe53d31f4c1ccf7,Decision - Split,3,Brian Ebersole,Claude Patrick,300,3
7a440fcd8048b091,Decision - Unanimous,3,Alejandro Perez,Jose Quinonez,300,3
1a8b815679bc89b8,Decision - Unanimous,3,Zach Makovsky,Josh Sampo,300,3
d5176b45df32f67e,Decision - Split,3,Matt Schnell,Naoki Inoue,300,3
01f396a7372dc8ff,Submission,2,Paul Craig,Henrique da Silva,300,3
5afbc04a153d7efd,Submission,3,Michel Prazeres,Mads Burnell,300,3
5d5bf07dbfada0e3,Decision - Unanimous,3,Jennifer Maia,Jessica Eye,300,3
c0ca4c201d086ea8,KO/TKO,1,Raul Rosas Jr.,Terrence Mitchell,300,3
b65b37c0e00074d9,Decision - Unanimous,3,SeungWoo Choi,Jarno Errens,300,3
9f09e77e46f15766,Decision - Unanimous,3,Dan Argueta,Nick Aguirre,300,3
410aca28fda60f76,Submission,1,Michel Prazeres,Bartosz Fabinski,300,3
b9508f47504ccc59,KO/TKO,1,Johny Hendricks,Jon Fitch,300,3
60bd4d2878c85f70,Decision - Unanimous,3,Piera Rodriguez,Sam Hughes,300,3
04e6a26fe2a4017d,KO/TKO,1,Roy Nelson,Cheick Kongo,300,3
ccccc0a22b05eac6,Submission,1,Keith Hackney,Joe Son,,
b3d2ac2244e4f791,Submission,1,Chris Duncan,Terrance McKinney,300,3
7ba4a04673307cc9,Decision - Unanimous,3,Chas Skelly,Sean Soriano,300,3
e57bfadb506e4f51,Submission,2,Amanda Lemos,Michelle Waterson-Gomez,300,3
68ac97071275099f,KO/TKO,2,Rashad Evans,Tito Ortiz,300,3
003c84fc7c3fa028,Decision - Unanimous,3,Nordine Taleb,Kyle Prepolec,300,3
72d703db67371e1d,Submission,1,Antonio Carlos Junior,Jack Marshman,300,3
019eca4a900ed793,KO/TKO,1,Evan Tanner,Lance Gibson,300,3
d8e8d41282fc90dc,Decision - Unanimous,3,Andre Petroski,Josh Fremd,300,3
d988760df61f027c,KO/TKO,2,Marcin Prachnio,Ike Villanueva,300,3
2f15a2ed6cd4711f,KO/TKO,1,Cody Garbrandt,Augusto Mendes,300,3
86bbe429ae27d913,Decision - Unanimous,3,Norman Parke,Kazuki Tokudome,300,3
4c9bbd9758be1168,Decision - Split,3,Khaos Williams,Rolando Bedoya,300,3
2bcb878e9d02b8f7,Decision - Unanimous,3,Beneil Dariush,Jim Miller,300,3
365e2d891b98b86d,KO/TKO,4,Jared Cannonier,Gregory Rodrigues,300,5
29cd6bee493a8662,Submission,1,Matt Wiman,Paul Sass,300,3
b3253e2c2d111030,KO/TKO,3,Robert Bryczek,Brad Tavares,300,3
7c76c752c7abf2e0,Decision - Unanimous,3,Leonardo Santos,Roman Bogatov,300,3
d7c7b312279104d2,KO/TKO,3,Augusto Sakai,Chase Sherman,300,3
81cde317c156723b,Submission,3,Asu Almabayev,Charles Johnson,300,3
1a502852b706f674,Decision - Split,3,Felice Herrig,Cortney Casey,300,3
4b1aec2395ebca14,Decision - Unanimous,3,Victor Henry,Pedro Falcao,300,3
7a64d63e12618ba7,KO/TKO,1,Ilia Topuria,Charles Oliveira,300,5
6ecd93dbbaba7e10,KO/TKO,2,Teruto Ishihara,Julian Erosa,300,3
783761d95060ffc4,KO/TKO,1,Dustin Jacoby,Justin Ledet,300,3
f3e289f1423c0e6f,Submission,1,Charles Oliveira,Jim Miller,300,3
ba75be28158d424c,Decision - Unanimous,3,Chris Weidman,Demian Maia,300,3
e8a167bb84082832,Decision - Unanimous,3,Michael Johnson,Shane Roller,300,3
dc169cc01d675125,Decision - Unanimous,3,Joe Soto,Rani Yahya,300,3
173d576e6247a88a,Submission,1,Charles Jourdain,Lando Vannata,300,3
84c68c4c387d2e32,Decision - Unanimous,3,Cody Durden,Aoriqileng,300,3
2242e7df6f320ea6,Decision - Unanimous,3,Jessica Eye,Jessica-Rose Clark,300,3
1fd5bf36c42ff1a2,KO/TKO,2,Deiveson Figueiredo,Joseph Morales,300,3
c92308bbd6107b11,Decision - Unanimous,3,Alexander Hernandez,Francisco Trinaldo,300,3
c9d2a718f39274c0,KO/TKO,1,Elizeu Zaleski dos Santos,Zachary Scroggin,300,3
089a17e450cc98aa,Decision - Unanimous,3,Daniel Rodriguez,Kevin Lee,300,3
cc2809e10315a6b5,Decision - Unanimous,3,Henry Cejudo,Sergio Pettis,300,3
0cdca4c22b8d3ab5,Decision - Unanimous,3,Anthony Hernandez,Brendan Allen,300,3
a788042d4d0c50d4,Submission,2,Henry Briones,Guido Cannetti,300,3
d97970009fbfca30,Decision - Unanimous,3,Matt Schnell,Marco Beltran,300,3
7767149280471f2a,Submission,1,Kiichi Kunimoto,Daniel Sarafian,300,3
a9a6cca4bbf7a5db,Submission,2,Gabe Green,Matheus Camilo,300,3
d63c9aa4f4873001,Decision - Unanimous,3,Natalia Silva,Rose Namajunas,300,3
35f80e003d16a439,Submission,3,Zak Cummings,Trevin Giles,300,3
2d4743a82fc55642,Decision - Split,3,Albert Morales,Andre Soukhamthath,300,3
bc0b3c16246e0d1d,Decision - Split,3,Jose Souza,Ding Meng,300,3
f4e5f49ca3831e64,KO/TKO,2,Stephan Bonnar,Eric Schafer,300,3
2b3b6e96cea0f757,KO/TKO,3,Derrick Lewis,Viktor Pesta,300,3
4acab67848e78327,Submission,1,Scott Morris,Sean Daugherty,,
1c9798288310201c,Submission,1,Martin Kampmann,Crafton Wallace,300,3
efbab76bedbfb65d,Submission,1,Cory Sandhagen,Mario Bautista,300,3
a45596cda51a1816,KO/TKO,1,Francis Ngannou,Andrei Arlovski,300,3
919e3c5cc6999cb3,Decision - Split,3,Mateusz Rebecki,Myktybek Orolbai,300,3
a28c80463d7d0c03,Submission,2,Karlos Vemola,Mike Massenzio,300,3
860954fbe26b867a,KO/TKO,2,Matthew Riddle,DaMarques Johnson,300,3
d8d22dcc1f6912e7,Decision - Unanimous,3,Matt Schnell,Jimmy Flick,300,3
e3255c742fff811c,Submission,1,Steven Graham,Dmitri Stepanov,,
73726e32d26c17ee,Decision - Unanimous,3,Matt Wiman,Michihiro Omigawa,300,3
5737084215c45792,Submission,2,Tatiana Suarez,Montana De La Rosa,300,3
5eaff5c832430378,Decision - Unanimous,3,Tabatha Ricci,Polyana Viana,300,3
20063242f6e40d31,KO/TKO,3,Mauricio Rua,Tyson Pedro,300,3
813444e109995c97,Submission,3,Rodolfo Vieira,Dustin Stoltzfus,300,3
1f0254eeb2025e4f,KO/TKO,2,Alistair Overeem,Junior Dos Santos,300,3
6dc666fd76a3b280,Decision - Unanimous,3,Mark Munoz,Demian Maia,300,3
a1c1e3c1e9c6cf1e,Decision - Majority,2,TIE,TIE,300,2
15068d7b095ca9bd,KO/TKO,2,Imanol Rodriguez,Kevin Borjas,300,3
efc40ec41114d8fa,Decision - Unanimous,5,Alexander Volkanovski,Max Holloway,300,5
79e7b986601fdd2a,KO/TKO,1,Alan Patrick,Garett Whiteley,300,3
61070325bb440f58,Decision - Unanimous,3,Marcin Held,Nasrat Haqparast,300,3
3dbf17b9946d26db,Submission,4,Renan Barao,Michael McDonald,300,5
b46f2f007b622bce,Decision - Unanimous,5,Israel Adesanya,Yoel Romero,300,5
c46d51fb87a4f485,Decision - Split,3,TIE,TIE,300,3
e5bd7e6e2a50a843,Decision - Unanimous,3,Edmen Shahbazyan,Andre Petroski,300,3
a74a8c1e0a49070d,Decision - Unanimous,3,Chris Gutierrez,Alatengheili,300,3
476548ca3d8cf0ee,KO/TKO,2,Frank Mir,Wes Sims,300,3
7dbf23cb872edc9c,Decision - Unanimous,3,Tim Elliott,Ryan Benoit,300,3
f5ebfe526cf409e8,Submission,2,Raphael Assuncao,Vaughan Lee,300,3
473b9b56cdaedba3,Decision - Unanimous,3,Alan Jouban,Mike Perry,300,3
98458778348ea5d7,KO/TKO,1,Manuel Torres,Nikolas Motta,300,3
5d8a1daadda47ace,Decision - Unanimous,3,Zhang Weili,Danielle Taylor,300,3
d9375ede2ec2f924,Decision - Unanimous,5,Rafael Dos Anjos,Robbie Lawler,300,5
85f920746c58d0a6,Decision - Unanimous,3,Jamie Pickett,Laureano Staropoli,300,3
d0d74672150ddea3,Decision - Unanimous,3,Mackenzie Dern,Loopy Godinez,300,3
d0e4876ab954d27d,Decision - Unanimous,5,Georges St-Pierre,Dan Hardy,300,5
9ee818e10dcf3b45,Decision - Unanimous,3,Corey Anderson,Ilir Latifi,300,3
3b76a00f5d0400eb,Decision - Unanimous,3,Santiago Luna,Angel Pacheco,300,3
378ede9e541c82f9,TKO - Doctor's Stoppage,1,Mark Hall,Koji Kitao,,
72d6996a60856b5f,Decision - Split,3,Hacran Dias,Levan Makashvili,300,3
f5a6acc99bc5c634,KO/TKO,1,Joanderson Brito,Westin Wilson,300,3
3740c8033e31c90d,KO/TKO,1,Irene Aldana,Yana Santos,300,3
9c0721bd410e7a0e,Decision - Unanimous,3,Kevin Lee,Jon Tuck,300,3
e939acbd9894c686,KO/TKO,1,Walt Harris,Serghei Spivac,300,3
8d556e2826924946,Decision - Unanimous,3,Jon Tuck,Zhang Tiequan,300,3
b42a3386a7dccb3d,Decision - Split,3,Alexander Volkov,Jailton Almeida,300,3
026c4a26106cc158,Decision - Unanimous,3,Belal Muhammad,Chance Rencountre,300,3
e98eb6de29c62c9c,Decision - Unanimous,3,Waldo Cortes Acosta,Robelis Despaigne,300,3
bf719cf83cab229b,Decision - Majority,3,Max Griffin,Zelim Imadaev,300,3
9c4cbd0546d03f6b,Decision - Unanimous,3,Frankie Edgar,Jeremy Stephens,300,3
70228adf93b6434f,Decision - Unanimous,3,Paulo Thiago,Jacob Volkmann,300,3
6760e48a36571feb,Decision - Split,3,Patrick Cote,Ricardo Almeida,300,3
6db4d7827082d5b9,KO/TKO,1,Tyson Pedro,Paul Craig,300,3
d92abff61b0ff5db,KO/TKO,1,Marcos Rogerio de Lima,Igor Pokrajac,300,3
f67fa758cc79cd65,Decision - Unanimous,3,Kevin Randleman,Renato Sobral,300,3
6fd1edb58d271f7c,Submission,1,Da'Mon Blackshear,Cody Stamann,300,3
d4bfe75b61d2cbc6,Decision - Unanimous,3,Rafael Dos Anjos,Nate Diaz,300,3
85036b967403cdab,Submission,2,Charles Oliveira,David Teymur,300,3
e65ffb177a2c7669,Submission,2,Aljamain Sterling,Cody Stamann,300,3
a815119606930378,Submission,1,Pedro Munhoz,Russell Doane,300,3
04e2d50c24a88dbd,Decision - Split,3,Joaquin Buckley,Abdul Razak Alhassan,300,3
97ad3419f2029ba1,KO/TKO,2,Eddie Wineland,Yves Jabouin,300,3
b80c6eba11c54778,TKO - Doctor's Stoppage,2,Chris Padilla,Rongzhu,300,3
ca837b002a318766,KO/TKO,1,Harold Howard,Roland Payne,,
46bea6d63ffe17e4,Decision - Unanimous,3,Jacob Volkmann,Efrain Escudero,300,3
8955ea3c7c332e6c,KO/TKO,1,Rob Font,Marlon Moraes,300,3
fac560495e61d34c,Submission,2,Tatsuro Taira,CJ Vergara,300,3
ecb24300bb3bef8c,Decision - Unanimous,3,Arman Tsarukyan,Davi Ramos,300,3
31dd8b5d6444f19b,Decision - Unanimous,3,Nick Hein,Tae Hyun Bang,300,3
f84070b049bc14e6,KO/TKO,1,David Abbott,Cal Worsham,,
1ed266bed8005bbe,Decision - Unanimous,3,Alejandro Perez,Iuri Alcantara,300,3
6ce1b33bccdfa676,Decision - Unanimous,3,Chico Camus,Kyung Ho Kang,300,3
c7ad34973f9d1cf6,Submission,2,Ildemar Alcantara,Wagner Prado,300,3
6c2c6a6e3f4d04db,Decision - Unanimous,3,Fatima Kline,Angela Hill,300,3
fea1931b041cc5ff,Submission,2,Marcio Cruz,Keigo Kunihara,300,3
eac46cfead228e11,Decision - Split,3,Jordan Leavitt,Trey Ogden,300,3
42a353676554ecf2,Decision - Split,3,Mike Pierce,Paul Bradley,300,3
809814f03ff3140c,KO/TKO,1,Matheus Camilo,Nazim Sadykhov,300,3
78d2c01dc963f204,Decision - Unanimous,3,Ian Machado Garry,Neil Magny,300,3
e76227f395b94e47,Submission,1,Chance Rencountre,Kyle Stewart,300,3
8312985b75241b06,KO/TKO,1,Gary Goodridge,Paul Herrera,,
cf4199c8517bc1fd,KO/TKO,3,Henry Cejudo,Marlon Moraes,300,5
ecd16d14a138d7fb,Decision - Unanimous,3,Cody Garbrandt,Xiao Long,300,3
74dae3d87a99cf5d,Submission,1,Paul Craig,Gadzhimurad Antigulov,300,3
24bb03f0a3415fbe,KO/TKO,2,Kevin Vallejos,Giga Chikadze,300,3
d45d9c7d60f332da,TKO - Doctor's Stoppage,3,Nazim Sadykhov,Evan Elder,300,3
b8019af428c064ef,Submission,1,Kevin Lee,James Moontasri,300,3
ceaae1db8ccde29c,KO/TKO,3,Jon Jones,Alexander Gustafsson,300,5
87daaa6db4f6940c,Decision - Unanimous,3,Ramazan Emeev,Niklas Stolze,300,3
06142a1de3bbae75,Decision - Unanimous,3,Ed Herman,David Loiseau,300,3
f993be991eea6016,Decision - Unanimous,3,Lina Lansberg,Tonya Evinger,300,3
2372578d3f554c65,KO/TKO,1,Parker Porter,Braxton Smith,300,3
e36b8b88646f72f8,Decision - Unanimous,3,Jordan Espinosa,Mark De La Rosa,300,3
970c2beda72908c6,Decision - Unanimous,5,Jens Pulver,Dennis Hallman,300,5
235e4c69d5d945e8,KO/TKO,1,Brandon Vera,Justin Eilers,300,3
d77ace7aadb2383e,Decision - Unanimous,3,Leslie Smith,Irene Aldana,300,3
9b79c05aa978c066,TKO - Doctor's Stoppage,2,Francis Ngannou,Curtis Blaydes,300,3
ddbe6fd66d7f9e35,Decision - Unanimous,3,Sumudaerji,Zarrukh Adashev,300,3
5f6b8e48e7d3b66f,Decision - Unanimous,5,Junior Dos Santos,Ben Rothwell,300,5
86046081e767437e,Submission,1,Maurice Greene,Michel Batista,300,3
00835554f95fa911,KO/TKO,1,Royce Gracie,Patrick Smith,,
e92fb5c609e20b49,Decision - Unanimous,3,Rinya Nakamura,Carlos Vera,300,3
0949caefc6735f9b,Decision - Unanimous,3,Rafaello Oliveira,John Gunderson,300,3
b19bf99c7eb796bc,Submission,2,Tuco Tokkos,Junior Tafa,300,3
dbd0ffc84699ad6b,Decision - Unanimous,3,Danny Castillo,Tim Means,300,3
398ff6015a5ba3b5,Submission,1,David Abbott,Sam Adkins,,
8d68863242695224,KO/TKO,1,Marco Tulio,Ihor Potieria,300,3
781a2ea50f5ae68f,KO/TKO,1,Ibo Aslan,Rafael Cerqueira,300,3
c52e23519279d18a,Submission,1,Kendall Grove,Jake Rosholt,300,3
9b8c29f50d452025,Submission,3,Jim Miller,David Baron,300,3
0344687c9852b1d2,Decision - Unanimous,3,Dennis Bermudez,Rony Jason,300,3
61c9bbeb2806534b,KO/TKO,1,Andrei Arlovski,Antonio Silva,300,5
c11b2cbe2460db0c,Decision - Unanimous,3,Sean O'Malley,Terrion Ware,300,3
8191b8edfde3b9c3,Submission,3,Mark Bocek,Alvin Robinson,300,3
c303b8a07d0d06d2,KO/TKO,2,Anthony Hamilton,Ruan Potts,300,3
80cf37627a129145,KO/TKO,2,Shanna Young,Gina Mazany,300,3
63e21ff20866b8fb,Decision - Split,3,Cathal Pendred,Gasan Umalatov,300,3
61f80a1732d37288,Submission,2,Nikita Krylov,Francimar Barroso,300,3
2417f4130d707978,Decision - Unanimous,3,Sergio Pettis,Matt Hobar,300,3
605c16fa5a803b15,Submission,1,Kevin Holland,Michal Oleksiejczuk,300,3
0ac25b4180406ca1,KO/TKO,3,Marion Reneau,Talita Bernardo,300,3
df33799f117000cb,Decision - Split,3,Kyle Bochniak,Enrique Barzola,300,3
8a3e7085e8e5a6e9,Decision - Split,3,Joanne Wood,Luana Carolina,300,3
07c3ec83596e9798,Decision - Unanimous,3,Mike Swick,David Loiseau,300,3
15750dc75b7426f3,KO/TKO,2,Lyoto Machida,Rashad Evans,300,5
ae6fb7829db7ecc7,KO/TKO,2,Nikita Krylov,Ed Herman,300,3
5a36c9362552e0dc,Submission,1,Jose Quinonez,Leonardo Morales,300,3
1e3d3545b6dd13a7,Decision - Unanimous,3,Tanner Boser,Daniel Spitz,300,3
3d75081ce43774ca,Decision - Unanimous,3,Vince Morales,Drako Rodriguez,300,3
28f7ba820350e3a3,Decision - Unanimous,3,Ashlee Evans-Smith,Bec Rawlings,300,3
fc43d60cbd6b0e6a,KO/TKO,3,Dan Ige,Sean Woodson,300,3
a4759c52378f9d1a,Submission,2,Charles Oliveira,Hatsu Hioki,300,3
547295977141cbc2,KO/TKO,1,Paul Varelans,Cal Worsham,,
d43c007dab9c51b0,Submission,1,Alex Caceres,Austin Springer,300,3
0769ab47fcf0bf6b,Submission,1,Francis Ngannou,Anthony Hamilton,300,3
e3aad51099a23ba4,Decision - Split,5,Aljamain Sterling,Henry Cejudo,300,5
cddd3d4febe097f8,Decision - Unanimous,5,Deiveson Figueiredo,Brandon Moreno,300,5
8362b372adb2f302,Decision - Unanimous,3,Melsik Baghdasaryan,Tucker Lutz,300,3
b5ea6535748edbce,Decision - Majority,3,TIE,TIE,300,3
0b21755eb0897396,Decision - Unanimous,3,King Green,Lando Vannata,300,3
ea967877dd4d6efb,Decision - Unanimous,3,Manvel Gamburyan,Scott Jorgensen,300,3
2300ad7f87080ad7,KO/TKO,2,Chris Gutierrez,Vince Morales,300,3
ed503d1c8963d894,Decision - Split,3,TIE,TIE,300,3
a6548a1e188c53fb,Decision - Unanimous,3,Diego Nunes,Bart Palaszewski,300,3
478b0eaf22475be0,Submission,1,Manvel Gamburyan,Nate Mohr,300,3
3c69bed42893da75,Decision - Split,3,Marc Diakiese,Kaue Fernandes,300,3
0890d21317c9aa2d,Decision - Unanimous,3,Jason Young,Eric Wisely,300,3
74bc22b367cca118,KO/TKO,2,Waldo Cortes Acosta,Ryan Spann,300,3
6e705b2365bc03fa,Submission,1,Makwan Amirkhani,Mike Grundy,300,3
b4cc389bb4af3707,Decision - Unanimous,3,Melquizael Costa,Austin Lingo,300,3
8f7328fe18806fb0,KO/TKO,1,Chris Daukaus,Aleksei Oleinik,300,3
47dd6356ceb2eba8,Decision - Split,3,John Howard,Uriah Hall,300,3
005723fb99440272,KO/TKO,2,Edson Barboza,Rafaello Oliveira,300,3
d5929b7fbc801ce4,Submission,1,Martin Buday,Josh Parisian,300,3
9676a4e9362e4bfd,KO/TKO,3,Oban Elliott,Bassil Hafez,300,3
f966ed41316504b9,Decision - Unanimous,5,Chris Weidman,Lyoto Machida,300,5
24ff385ca78c80d3,KO/TKO,2,Tony Gravely,Anthony Birchak,300,3
10f5bb70feb1df53,Submission,2,Valentina Shevchenko,Priscila Cachoeira,300,3
a497d4a83afe6f2d,KO/TKO,2,Matt Brown,Luis Ramos,300,3
3a8cc4cda195d758,KO/TKO,3,Alex Oliveira,Will Brooks,300,3
88c712be47805d63,Decision - Unanimous,3,Hector Sandoval,Fredy Serrano,300,3
80769cf090fa34dd,Decision - Split,3,Dennis Bermudez,Matt Grice,300,3
768c86e307295944,Decision - Unanimous,3,Albert Duraev,Roman Kopylov,300,3
a49706a6edb0c5c3,Submission,2,Manvel Gamburyan,Cody Gibson,300,3
b44531903be4729a,KO/TKO,1,Ion Cutelaba,Khalil Rountree Jr.,300,3
b5854feb57f40bb4,DQ,1,Frank Mir,Wes Sims,300,3
a12d3a6c8aaf87ca,Decision - Unanimous,3,Mohammed Usman,Hamdy Abdelwahab,300,3
804c350ce714770f,Submission,3,Davey Grant,Raphael Assuncao,300,3
e60e53bdc614a0af,Decision - Unanimous,5,Lyoto Machida,Mauricio Rua,300,5
56a0f335ef05c825,Submission,1,Akbarh Arreola,Yves Edwards,300,3
79298011365a6d90,KO/TKO,1,Ben Saunders,Brandon Wolff,300,3
39efb868dbe7e311,Decision - Split,3,Bethe Correia,Julie Kedzie,300,3
74773b56e0b31c6b,KO/TKO,2,Jared Hamman,CB Dollaway,300,3
e4b5f0358ce7bad4,Submission,1,Anthony Perosh,Tom Blackledge,300,3
fc9168fd102e2e66,Decision - Split,3,Charles Johnson,Bruno Silva,300,3
5ed0027812582ad9,KO/TKO,1,Mike Wilkinson,Niklas Backstrom,300,3
89f83750703d5fd3,Decision - Unanimous,3,Aleksandar Rakic,Francimar Barroso,300,3
8abad36b4c5e4070,Submission,1,Tom Nolan,Charlie Campbell,300,3
88b1d4f951070f83,KO/TKO,1,Greg Hardy,Juan Adams,300,3
7a57289563f9d974,KO/TKO,3,Trevin Giles,Antonio Braga Neto,300,3
9cc0582c703637aa,Decision - Unanimous,3,Erik Perez,Edwin Figueroa,300,3
a8f8245096eaf0cd,KO/TKO,1,Carli Judice,Yuneisy Duben,300,3
a7492cbfb9b5d4a3,Decision - Majority,3,TIE,TIE,300,3
5b2cc17158d77f07,Decision - Split,3,Michel Prazeres,Jesse Ronson,300,3
60d27c73e4a20318,Decision - Split,3,John Hathaway,Kris McCray,300,3
c1b0670419fa0894,KO/TKO,3,Nate Marquardt,Wilson Gouveia,300,3
293919e355b362b1,Decision - Split,3,Gleison Tibau,Norman Parke,300,3
fdb7377a34603e47,Decision - Unanimous,3,Yushin Okami,Nate Marquardt,300,3
c0d8a231d2f1d1af,Decision - Split,3,Alonzo Menifield,Julius Walker,300,3
3094e82731ec55e7,Decision - Split,3,Ricky Simon,Ray Borg,300,3
8e9f2b82a7b87778,Decision - Unanimous,3,Matt Wiman,Shane Nelson,300,3
43543a2c1c7a7135,KO/TKO,3,Davey Grant,Louis Smolka,300,3
678af75cb4c155a9,KO/TKO,1,Thiago Alves,Ansar Chalangov,300,3
bfd17ed83ec5b598,KO/TKO,1,Brando Pericic,Louie Sutherland,300,3
8794031c523bf534,Decision - Unanimous,3,Modestas Bukauskas,Zac Pauga,300,3
2bf24d9c33bb4d49,KO/TKO,1,Matt Serra,Frank Trigg,300,3
00c20fa576380ac8,Decision - Split,3,Hugo Viana,John Teixeira,300,3
1b1fd32485861655,Decision - Unanimous,3,Cub Swanson,Hakeem Dawodu,300,3
7c07a71fa1882bf4,KO/TKO,1,Donald Cerrone,Melvin Guillard,300,3
b2443846570bee7b,Submission,3,Kenny Florian,Dokonjonosuke Mishima,300,3
e3cbd663732f4a98,Decision - Unanimous,3,Pat Sabatini,Chepe Mariscal,300,3
8cb4e3f056a84b0d,Decision - Unanimous,3,Katlyn Cerminara,Viviane Araujo,300,3
3d9aeef58dd0b51b,Decision - Unanimous,3,Raphael Pessoa,Jeff Hughes,300,3
737e2781e4a7db5c,Decision - Unanimous,3,Montel Jackson,Felipe Colares,300,3
ea64af61ed03453f,Decision - Unanimous,5,Tito Ortiz,Vladimir Matyushenko,300,5
09b91014bd88f815,Decision - Unanimous,3,Sumudaerji,Andre Soukhamthath,300,3
e8190df7465ba2df,Decision - Unanimous,3,Bartosz Fabinski,Emil Meek,300,3
64d4c58a37e1d29b,Decision - Unanimous,3,Cung Le,Patrick Cote,300,3
4bbda6c1f6cf9d4e,KO/TKO,1,Michal Oleksiejczuk,Sedriques Dumas,300,3
d359fe8a99250f64,Decision - Split,3,Eliot Marshall,Jason Brilz,300,3
ac4343150638b635,KO/TKO,2,Christian Leroy Duncan,Marco Tulio,300,3
06d9fb9c995f1e4f,Decision - Split,3,Jeremiah Wells,Matthew Semelsberger,300,3
5c69b019e6deee41,Decision - Unanimous,5,Gabriel Bonfim,Belal Muhammad,300,5
a1f9a28339f5e1b2,KO/TKO,1,Ed Herman,Tim Credeur,300,3
b09f54654b0f95f5,Decision - Unanimous,3,Magomed Ankalaev,Aleksandar Rakic,300,3
be72958d9715757d,Decision - Split,3,Aaron Simpson,Tom Lawlor,300,3
83c5a944258d2332,Submission,2,Joe Lauzon,Jeremy Stephens,300,3
55bcf58be822d115,Submission,1,Shannon Gugerty,Matt Grice,300,3
0823f97be9c3a62e,KO/TKO,1,Tyson Nam,Ode Osbourne,300,3
3945b08be8d62861,KO/TKO,1,Frankie Perez,Sam Stout,300,3
cc3e0c5a0f868502,KO/TKO,3,Thiago Perpetuo,Leonardo Mafra,300,3
1caec47dc08613a7,Decision - Unanimous,3,Gegard Mousasi,Constantinos Philippou,300,3
fa96d6252579b51e,Decision - Unanimous,3,Tofiq Musayev,Ignacio Bahamondes,300,3
33b9285aec39e37f,Submission,2,Kendall Grove,Alan Belcher,300,3
9468f58f8abf78df,Decision - Unanimous,3,Mike Brown,Nam Phan,300,3
4c0718f12ca664bb,KO/TKO,1,John Lineker,Phil Harris,300,3
537a5aa4c248830e,Decision - Unanimous,3,Ryan Hall,Darrick Minner,300,3
119b156ded2af0f1,KO/TKO,1,Rogerio Nogueira,Luiz Cane,300,3
9126633d921afb57,Decision - Unanimous,3,Denise Gomes,Tecia Pennington,300,3
b3c695728e177fd4,KO/TKO,2,Andrey Pulyaev,Nick Klein,300,3
03c2cebad8d8c012,Decision - Split,3,Kyle Kingsbury,Razak Al-Hassan,300,3
6b0da0b1cda7799f,Decision - Unanimous,3,Carlos Condit,Matt Brown,300,3
b55481006297ba05,Decision - Unanimous,2,Tsuyoshi Kohsaka,Kimo Leopoldo,,
caef4f8801f39345,Decision - Split,3,Alberto Mina,Yoshihiro Akiyama,300,3
31fc4d5d5d1a6126,KO/TKO,1,Cal Worsham,Zane Frazier,,
43dfb2c1e5fecac9,Decision - Unanimous,3,Belal Muhammad,Demian Maia,300,3
e65a23b80c869456,Submission,1,Dan Severn,Marcus Bossett,,
060987bb3025a0a8,Decision - Unanimous,3,Yan Xiaonan,Karolina Kowalkiewicz,300,3
6e85d8d17c3eed58,Submission,1,Diego Brandao,Dennis Bermudez,300,3
fe59646ebad8b6e4,Submission,2,Cody Durden,Matt Schnell,300,3
8af2b589d5e9c1ae,Decision - Unanimous,3,Christian Leroy Duncan,Andrey Pulyaev,300,3
2ef96a4eb306fbb4,Submission,1,Sam Alvey,Eric Spicely,300,3
654127f5b9140be2,KO/TKO,1,Ronda Rousey,Sara McMann,300,5
530fb0d1a26fc57a,Submission,3,Daniel Cormier,Anthony Johnson,300,5
00742aea8da72a35,KO/TKO,1,Chad Laprise,Thibault Gouti,300,3
b1b66441acc5e8df,Submission,1,Matt Hughes,Frank Trigg,300,5
94f5b35b2b6c72b1,Submission,3,Melquizael Costa,Shayilan Nuerdanbieke,300,3
475c55534f9e08ee,Submission,2,Cole Miller,TJ O'Brien,300,3
ecb9c5ae7fd7a5cc,Submission,3,Dan Miller,Ricardo Funch,300,3
103a7d8c4f17714b,Decision - Unanimous,3,Islam Makhachev,Arman Tsarukyan,300,3
3daf1c5fb854e626,Decision - Unanimous,3,Cezar Ferreira,Oluwale Bamgbose,300,3
f2336b7545f5f442,Submission,1,Jessica Penne,Karolina Kowalkiewicz,300,3
0f2611c3ec4661dd,Decision - Unanimous,3,Alex Perez,Eric Shelton,300,3
68a93f8eb34f3251,KO/TKO,1,Krzysztof Jotko,Tamdan McCrory,300,3
f0e299c134cbac37,KO/TKO,2,Lyoto Machida,Randy Couture,300,3
92030ef8b5796b0a,Submission,1,Terry Etim,Edward Faaloloto,300,3
6c5f7f98ec0b6f17,Decision - Unanimous,3,Zabit Magomedsharipov,Kyle Bochniak,300,3
6c4b3cca92fcb9c7,KO/TKO,1,Joaquim Silva,Andrew Holbrook,300,3
e3a45f48dbda99c3,Decision - Unanimous,3,Sergio Pettis,Chris Kelades,300,3
d3c78cc516417797,Decision - Unanimous,3,Sean Strickland,Court McGee,300,3
e1cfe75b3a8fe709,Submission,2,Felice Herrig,Lisa Ellis,300,3
054794810817c1cc,Decision - Unanimous,3,Vinc Pichel,Jim Miller,300,3
5cee1d8f1e43d6f5,KO/TKO,1,Gilbert Burns,Demian Maia,300,3
49d065270f57ad99,KO/TKO,1,Lyoto Machida,Mark Munoz,300,5
0494ebcee93e717b,KO/TKO,1,Jean Silva,Westin Wilson,300,3
9f56b3c053c44060,Decision - Unanimous,3,Louis Smolka,Neil Seery,300,3
806ee07a1a7042b8,Decision - Unanimous,3,Jorge Masvidal,Ross Pearson,300,3
8522bc62e8d942ab,Decision - Unanimous,5,Sean Strickland,Uriah Hall,300,5
3f7684492c9df05e,KO/TKO,2,Walt Harris,Chase Sherman,300,3
2335e75ce63805b6,Decision - Unanimous,3,Diego Lopes,Brian Ortega,300,3
c94b153951be7590,Decision - Split,3,Josh Culibao,SeungWoo Choi,300,3
a661c0bee7c8d5af,Decision - Split,3,Gauge Young,Thiago Moises,300,3
c910d2fe570b368a,KO/TKO,1,Gegard Mousasi,Dan Henderson,300,3
7360ec204d4e0e10,KO/TKO,1,Che Mills,Chris Cope,300,3
96b59d89ecac66d0,Submission,3,Anthony Smith,Volkan Oezdemir,300,5
7f35ce1469dab556,Decision - Unanimous,3,John Hathaway,Diego Sanchez,300,3
cc7afab68363e076,KO/TKO,1,Julianna Pena,Milana Dudieva,300,3
83314e1ed6f7d94e,Decision - Unanimous,3,Paul Taylor,Peter Sobotta,300,3
1496969c1497dc85,DQ,1,Cody Brundage,Jacob Malkoun,300,3
357c5b86ec83b826,Decision - Unanimous,3,Gabe Green,Phil Rowe,300,3
9f5f9173666ce1b7,Decision - Unanimous,3,Dave Strasser,Romie Aram,300,3
4f722e80eadb6d2f,KO/TKO,2,Dan Hooker,Hatsu Hioki,300,3
c8ca99d1adc5448d,Decision - Split,3,Brad Tavares,Caio Magalhaes,300,3
75c5f923f966b53b,KO/TKO,3,Mike Breeden,Anshul Jubli,300,3
db2c805201a3116e,KO/TKO,1,Alex Morono,Donald Cerrone,300,3
9eaea5e0165802d0,KO/TKO,1,Gerald Harris,Mario Miranda,300,3
7d2051c6bae907cb,Decision - Unanimous,3,Brad Riddell,Drew Dober,300,3
97a4b37cee48ea0b,KO/TKO,1,BJ Penn,Joey Gilbert,300,3
335064c3380e2f10,KO/TKO,1,Ismail Naurdiev,Ryan Loder,300,3
c816a969cb001168,Submission,3,John Castaneda,Miles Johns,300,3
b0cfaf01a155985b,Decision - Unanimous,3,Demetrious Johnson,Miguel Torres,300,3
36db86c39ed09997,KO/TKO,1,Kevin Vallejos,SeungWoo Choi,300,3
db690563ae7fa070,Submission,2,Dustin Poirier,Pablo Garza,300,3
7ac4ae301ed699ab,Decision - Split,3,Jonathan Micallef,Themba Gorimbo,300,3
e892b4a03304f2a4,Decision - Unanimous,3,CB Dollaway,Goran Reljic,300,3
9763e27bf80abe42,KO/TKO,2,Mike Grundy,Nad Narimani,300,3
e7938bac3ec8b442,KO/TKO,3,Gregory Rodrigues,Brad Tavares,300,3
0df4f4ac27cf2d26,Decision - Unanimous,3,Talita Alencar,Julia Polastri,300,3
61cb2ca1469c83ba,KO/TKO,1,Demian Maia,Dong Hyun Kim,300,3
7a26c9407ef64e10,KO/TKO,1,Edmen Shahbazyan,Charles Byrd,300,3
1197b94bb4b56cc2,KO/TKO,1,Alessio Sakara,James Lee,300,3
c6a85b67fdd2ef3d,KO/TKO,1,Damian Pinas,Wes Schultz,300,3
a2c0f4142ba4ba75,Decision - Unanimous,3,Diego Brandao,Daniel Pineda,300,3
45500515780758f0,Submission,2,Misha Cirkunov,Alex Nicholson,300,3
0f3a91caeaa55094,KO/TKO,1,Dustin Jacoby,Darren Stewart,300,3
9b6135943a4c8fe7,Decision - Unanimous,3,Gillian Robertson,Poliana Botelho,300,3
c82acd7b17915591,KO/TKO,1,Manon Fiorot,Jasmine Jasudavicius,300,3
7c883cf0b5eedc59,Submission,3,Tamdan McCrory,Josh Samman,300,3
ba2f3b9a12400aa0,Decision - Unanimous,3,Amanda Nunes,Valentina Shevchenko,300,3
c73b81e7c1c1cccc,Decision - Split,3,John Dodson,Pedro Munhoz,300,3
dd12bf51c5ed7f1e,KO/TKO,1,Uros Medic,Geoff Neal,300,3
e99f92b92e90b228,KO/TKO,1,Thiago Santos,Nate Marquardt,300,3
e8c16b26a4bfe163,KO/TKO,5,TJ Dillashaw,Joe Soto,300,5
3cf1d67a20ae1c18,Decision - Unanimous,3,Erik Perez,Francisco Rivera,300,3
e5cf527ed3963a0e,Submission,1,Yuta Sasaki,Roland Delorme,300,3
029f5c36820fdc09,Decision - Unanimous,3,Kyung Ho Kang,Batgerel Danaa,300,3
8c8337ce8437fe2e,Submission,1,Julian Erosa,Ricardo Ramos,300,3
421842986f10851e,Submission,2,Seth Baczynski,Matt Brown,300,3
ab1aa23060d4e87b,Submission,2,Da'Mon Blackshear,Cody Gibson,300,3
4d0029ad31bdd85a,Submission,1,Karine Silva,Ketlen Souza,300,3
22ba4f1b0aafbf82,Decision - Unanimous,3,Alexander Volkov,Waldo Cortes Acosta,300,3
e508ba268cb295c0,Decision - Unanimous,3,Shamil Abdurakhimov,Anthony Hamilton,300,3
a3b268798d3ab216,KO/TKO,1,Chris Leben,Jason Thacker,300,3
3e3db8c37096c260,KO/TKO,3,Yoel Romero,Tim Kennedy,300,3
e332aec001b34f50,Decision - Unanimous,5,Jon Jones,Glover Teixeira,300,5
ced01368259428f5,Decision - Split,3,Neil Magny,Phil Rowe,300,3
0810cdbeb9dd4d02,KO/TKO,2,Steve Garcia,Shayilan Nuerdanbieke,300,3
2f4baf8f94c400cd,KO/TKO,2,Jake O'Brien,Kristof Midoux,300,3
8028d5de087755dc,Decision - Split,3,Darren Elkins,Dennis Bermudez,300,3
b71192c8fe23078c,Decision - Unanimous,3,Nad Narimani,Khalid Taha,300,3
397dd9a8694ef413,KO/TKO,1,Andre Fialho,Cameron VanCamp,300,3
523e8ca343a0becc,Decision - Majority,3,Ovince Saint Preux,Gian Villante,300,3
251983e1bdae20fe,Decision - Unanimous,3,Ludovit Klein,Thiago Moises,300,3
00ecb8ea731e64d6,Decision - Unanimous,3,TIE,TIE,300,3
bed89a91da9d04c1,Decision - Unanimous,3,Raul Rosas Jr.,Rob Font,300,3
b0ba95fd1503411f,KO/TKO,1,Jason Lambert,Branden Lee Hinkle,300,3
5782666ca117fa5b,KO/TKO,2,Charles Oliveira,Nik Lentz,300,3
09c092dc766fa3f9,KO/TKO,1,Damien Brown,Cesar Arzamendia,300,3
8b341eb556c97c23,Decision - Unanimous,3,Makhmud Muradov,Bryan Barberena,300,3
181ceedcacc01d48,Decision - Split,3,Carlos Hernandez,Victor Altamirano,300,3
c92c53954903554a,Decision - Unanimous,3,Jon Fitch,Thiago Alves,300,3
07018cb7ae879456,Decision - Unanimous,3,Spencer Fisher,Sam Stout,300,3
9a0865000a3d642e,KO/TKO,1,Chuck Liddell,Renato Sobral,300,3
0695d1f42b1550a2,Submission,1,Gabriel Gonzaga,Ednaldo Oliveira,300,3
ce62a50e97d497f9,Submission,2,Stephanie Egger,Ailin Perez,300,3
0b3c3d363c82835f,Submission,1,Gunnar Nelson,Omari Akhmedov,300,3
640dbb5a89c0aad6,KO/TKO,1,Derrick Lewis,Damian Grabowski,300,3
25cd989ac5569629,KO/TKO,2,Gian Villante,Saparbeg Safarov,300,3
42b28adbed6966b7,Decision - Unanimous,3,William Knight,Alonzo Menifield,300,3
f4bdf10856c1760e,Submission,1,Daniel Pineda,Pat Schilling,300,3
a0163cdde4ec785d,Submission,1,Jack Hermansson,David Branch,300,3
6e0c1faaf40caf9a,Submission,1,Amanda Ribas,Paige VanZant,300,3
0ac2da3dbaf2fce2,Decision - Majority,3,Magomed Gadzhiyasulov,Brendson Ribeiro,300,3
08cbd4c521831adf,TKO - Doctor's Stoppage,2,Magomed Mustafaev,Piotr Hallmann,300,3
4a00db8aeff200a2,Submission,2,Virna Jandiroba,Amanda Lemos,300,5
87a969d51de6e179,KO/TKO,2,Gegard Mousasi,Chris Weidman,300,3
c58b3223b5caa18a,Decision - Unanimous,3,Aiemann Zahabi,Ricky Turcios,300,3
fde66b153c65e25d,Submission,1,Nate Diaz,Takanori Gomi,300,3
9f10afab94cafc45,Decision - Unanimous,3,JJ Aldrich,Danielle Taylor,300,3
524ce5c0d6db74bb,KO/TKO,1,Marcus Davis,Jess Liaudin,300,3
9115354413739aa8,Submission,1,Joanne Wood,Kalindra Faria,300,3
ac6cb989ccc38f73,Decision - Unanimous,3,Trevor Smith,Chris Camozzi,300,3
972b0643185b2570,Decision - Unanimous,3,Sean Spencer,Paulo Thiago,300,3
16dbe70eb7007f17,KO/TKO,1,Kleydson Rodrigues,Shannon Ross,300,3
946cae1beed2baec,Decision - Unanimous,3,Wang Cong,Bruna Brasil,300,3
b977ffcc6428046f,KO/TKO,1,Tom Aspinall,Serghei Spivac,300,3
c13b2493018fc98b,Decision - Split,3,Yao Zhikui,Nolan Ticman,300,3
d6945828f5fa7492,Submission,1,Nikita Krylov,Ryan Spann,300,3
0820a29a03d58282,Decision - Unanimous,3,Jessica-Rose Clark,Paige VanZant,300,3
e9390cff6e5d52d0,Submission,1,Joe Stevenson,Melvin Guillard,300,3
4faa30eab9089d71,Decision - Split,3,David Heath,Victor Valimaki,300,3
16a05f3c4a765f65,Decision - Unanimous,3,Cole Smith,Mitch Gagnon,300,3
b6d027c60f879e4a,Decision - Unanimous,3,Ildemar Alcantara,Leandro Silva,300,3
00ee51bba08b7a08,Submission,3,Kyoji Horiguchi,Tagir Ulanbekov,300,3
b5ec939fd1edf048,Decision - Split,3,Marlon Moraes,Jose Aldo,300,3
7f7d2abc21f171ca,KO/TKO,1,Terrance McKinney,Brendon Marotte,300,3
066756ea40b134a7,KO/TKO,2,Curtis Blaydes,Shamil Abdurakhimov,300,3
c4aa04781989699e,KO/TKO,1,Remco Pardoel,Orlando Wiet,,
8619c3cde7dd4e15,Decision - Unanimous,3,Felipe Arantes,Maximo Blanco,300,3
ee071b5125ced92a,Decision - Unanimous,3,Nate Mohr,Luke Caudillo,300,3
cf18911df2052826,Decision - Unanimous,3,Scott Holtzman,Michael McBride,300,3
dcf161082c849205,Decision - Unanimous,3,TIE,TIE,300,3
bd1fc4ff619f4e61,KO/TKO,2,Dustin Poirier,Eddie Alvarez,300,5
a2c28daf0be59fa7,Submission,1,Aisling Daly,Alex Chambers,300,3
5ebe8d3849273776,Decision - Split,3,Belal Muhammad,Tim Means,300,3
00dc5354794818a7,Decision - Unanimous,3,Nate Marquardt,Joe Doerksen,300,3
c63a050af0692daf,Decision - Unanimous,3,Mike Russow,Jon Olav Einemo,300,3
f767243bb48ab9d7,Decision - Unanimous,3,Kamaru Usman,Emil Meek,300,3
77be83973766e104,Decision - Unanimous,3,Jordan Mein,Alex Morono,300,3
3caa22209cb559b7,Submission,3,Joe Proctor,Justin Edwards,300,3
cf9035f2fc2e232f,KO/TKO,1,Abus Magomedov,Dustin Stoltzfus,300,3
9c22ddb8d8fc1838,Decision - Split,3,Damon Jackson,Alexander Hernandez,300,3
53e9e8fefa2c2f42,KO/TKO,2,George Sotiropoulos,Roman Mitichyan,300,3
e8196de20c4a969a,KO/TKO,1,Nick Diaz,Drew Fickett,300,3
f989a1acbda0e16a,Submission,1,Mike Swick,Steve Vigneault,300,3
d06495deb1ff1750,Decision - Unanimous,3,Tafon Nchukwi,Mike Rodriguez,300,3
1878e37418f1dfcd,Decision - Unanimous,3,Krzysztof Soszynski,Mike Massenzio,300,3
a7f66f13f953352f,KO/TKO,1,Jordan Leavitt,Victor Martinez,300,3
4f8b6eecb0361290,KO/TKO,1,Viscardi Andrade,Bristol Marunde,300,3
4d56bcd82438e632,KO/TKO,2,Jonathan Pearce,Kai Kamaka III,300,3
f6ab2eec90980ac0,Submission,1,Claudio Silva,Cole Williams,300,3
2f93de8b39ec4625,Decision - Unanimous,3,Edson Barboza,King Green,300,3
eb5d62bda1581c62,KO/TKO,1,Batgerel Danaa,Kevin Natividad,300,3
c27bec45d5a29a2c,KO/TKO,1,Tommy McMillen,Manolo Zecchini,300,3
f3f252b9810cff0d,KO/TKO,2,Aspen Ladd,Lina Lansberg,300,3
2310fbcb6fdf3b47,KO/TKO,1,Al Iaquinta,Diego Sanchez,300,3
4e981b587c1012dd,Decision - Split,3,Paul Felder,Jason Saggo,300,3
f597d2e69ab7c270,Decision - Unanimous,3,Ricky Glenn,Gavin Tucker,300,3
bcec26b425194e40,Decision - Unanimous,3,Tracy Cortez,Jasmine Jasudavicius,300,3
5df777be98ea09de,Decision - Split,3,Edimilson Souza,Felipe Arantes,300,3
062816ff1b591bbb,Decision - Unanimous,3,Curt Warburton,Maciej Jewtuszko,300,3
9474f64347aade7a,Decision - Unanimous,3,Tatiana Suarez,Amanda Lemos,300,3
f6454f2e508626ec,KO/TKO,1,Malcolm Wellmaker,Kris Moutinho,300,3
0992795fd0fa06d0,Submission,1,Mackenzie Dern,Nina Nunes,300,3
b76a722dd429612e,Submission,3,Rich Franklin,Jorge Rivera,300,3
dc31d3260dea7dcf,Decision - Unanimous,3,Navajo Stirling,Rodolfo Bellato,300,3
3d741cee0dffe165,Submission,2,Luke Rockhold,Michael Bisping,300,5
8151659b2bc16f0e,KO/TKO,1,Daniel Rodriguez,Preston Parsons,300,3
8e7b1dfc608a2ef4,Decision - Unanimous,3,Rafaello Oliveira,Yoislandy Izquierdo,300,3
c57acf13de48330a,KO/TKO,1,Brad Kohler,Steve Judson,300,3
934718256f4d082c,Decision - Unanimous,3,Sara McMann,Jessica Eye,300,3
a2da03d9c25b49e5,Submission,2,Tomasz Drwal,Drew McFedries,300,3
47d978a984a163aa,Decision - Unanimous,3,Daniel Barez,Victor Altamirano,300,3
fbf77262d8da342b,Decision - Unanimous,3,Ian Machado Garry,Michael Page,300,3
e786542667fdecf0,Decision - Unanimous,5,Francis Ngannou,Ciryl Gane,300,5
954362efa4564d60,Decision - Unanimous,3,Neil Magny,Alex Garcia,300,3
f0d5e2c27c9fd2c1,KO/TKO,2,Yushin Okami,Buddy Roberts,300,3
b3c7a5a97978d156,KO/TKO,3,Tim Means,Andre Fialho,300,3
01733579ef03be00,Submission,3,Hermes Franca,Joe Jordan,300,3
b48a211abe177846,KO/TKO,2,Michael Bisping,Josh Haynes,300,3
25cb0e15dfc8deb3,KO/TKO,1,Rashad Evans,Chael Sonnen,300,3
453e6f2665c85fd7,KO/TKO,1,Steve Garcia,Kyle Nelson,300,3
12740c6b17779fe9,Submission,1,Michel Prazeres,Joshua Burkman,300,3
ee796ecb4ee8680b,KO/TKO,2,Sean O'Malley,Aljamain Sterling,300,5
9f8cf5ac0807d64e,KO/TKO,1,Yanal Ashmouz,Sam Patterson,300,3
7fe1486a2c33bf91,KO/TKO,2,Deiveson Figueiredo,John Moraga,300,3
36f10b949b935b8c,Decision - Unanimous,3,Mick Parkin,Caio Machado,300,3
a5e240bcd7731725,Submission,1,Gadzhimurad Antigulov,Marcos Rogerio de Lima,300,3
df661c70c40adf84,Submission,3,Rani Yahya,Matthew Lopez,300,3
9779eb1aae1d4654,Decision - Unanimous,3,Nathaniel Wood,Morgan Charriere,300,3
5f31f3e32669f5b9,Decision - Unanimous,3,Angela Hill,Loopy Godinez,300,3
1f70a4516a70abf2,Decision - Unanimous,3,Rongzhu,Kody Steele,300,3
a3e8ef1ce72a7d02,KO/TKO,1,Edmen Shahbazyan,Brad Tavares,300,3
71499934c065fecb,Submission,3,Brian Ortega,Diego Brandao,300,3
208674403b0936d4,KO/TKO,1,Caio Magalhaes,Trevor Smith,300,3
c805552171b20b68,Decision - Unanimous,3,Trevor Smith,Tor Troeng,300,3
5e378c52f26935d6,Decision - Split,3,Elise Reed,Cory McKenna,300,3
45de6d0b9cf5451c,Decision - Unanimous,3,Karine Silva,Ariane da Silva,300,3
e9f00c16810e0e61,Submission,1,Edmen Shahbazyan,Jack Marshman,300,3
48189cad0c11ff63,KO/TKO,1,Mike Kyle,James Irvin,300,3
78e38f1ad43c3479,Decision - Split,3,Omari Akhmedov,Abdul Razak Alhassan,300,3
d856812dc733690a,Decision - Unanimous,3,Pedro Munhoz,Chris Gutierrez,300,3
d006dd2513bd376d,Submission,2,Joe Pyfer,Abus Magomedov,300,3
b347480405118de5,KO/TKO,1,Derek Brunson,Ed Herman,300,3
45e49fe8d3d1bfb5,Decision - Unanimous,2,Guy Mezger,Christophe Leninger,,
b87863a2de433824,Decision - Majority,3,TIE,TIE,300,3
47fc0736929125bd,Submission,2,Adam Wieczorek,Arjan Bhullar,300,3
5f4a107d930e4852,Decision - Unanimous,3,Joselyne Edwards,Ramona Pascual,300,3
5a096f2acb44c776,Decision - Unanimous,3,Randa Markos,Juliana Lima,300,3
f0d4652f8edfbe6d,Decision - Unanimous,3,Greg Hardy,Yorgan De Castro,300,3
e64d80dcc6853ea0,Submission,2,Nate Maness,Luke Sanders,300,3
88ef809a0fde3900,KO/TKO,1,Brian Foster,Forrest Petz,300,3
d5d6ae85ebcfd160,KO/TKO,1,Carlos Condit,Dong Hyun Kim,300,3
efdad54c8550e6e0,Decision - Unanimous,3,King Green,Jim Miller,300,3
d1d3b6ab8a56e973,Decision - Split,3,Jesus Aguilar,Mateus Mendonca,300,3
f8dd1e75978a3957,Decision - Unanimous,5,Dustin Poirier,Dan Hooker,300,5
5d000de6fa836f66,Decision - Split,3,Ashlee Evans-Smith,Marion Reneau,300,3
771d8ce136a12a13,KO/TKO,2,Louis Smolka,Jose Quinonez,300,3
9bbd45774fb4a6eb,Decision - Unanimous,3,Abus Magomedov,Michel Pereira,300,3
363b72bf7f75091c,Submission,2,Gerald Meerschaert,Oskar Piechota,300,3
f87a3fa07f0009c9,Submission,2,Anthony Hernandez,Roman Kopylov,300,3
08ef2ed7393efd24,Decision - Unanimous,3,Katlyn Cerminara,Cynthia Calvillo,300,3
b29ed164b3014a42,Decision - Unanimous,5,Cub Swanson,Artem Lobov,300,5
413a4c217ee0193f,KO/TKO,1,Ryan Spann,Rogerio Nogueira,300,3
5ad4c0eae7512878,Submission,1,Islam Makhachev,Dan Hooker,300,3
bc0155d267fb5892,KO/TKO,1,Diego Sanchez,Joe Riggs,300,3
7fbf09533c59e43f,KO/TKO,3,Phil Rowe,Niko Price,300,3
f74e4afdf6ae29d1,KO/TKO,1,Sergei Pavlovich,Tallison Teixeira,300,3
c68e57c19c82d500,KO/TKO,1,Greg Hardy,Dmitrii Smoliakov,300,3
cade0268dec56f3d,KO/TKO,2,Julio Arce,Andre Ewell,300,3
1e176413438fabd5,Submission,1,Jon Tuck,Tae Hyun Bang,300,3
3eea92e7f26fb05b,Submission,4,Khabib Nurmagomedov,Conor McGregor,300,5
826fb989c0e6208e,Decision - Split,3,Dominick Reyes,Volkan Oezdemir,300,3
2c07f8ba25640237,KO/TKO,3,Matt Brown,James Wilks,300,3
9c3db86db300119e,KO/TKO,2,TJ Dillashaw,Issei Tamura,300,3
000da3152b7b5ab1,Decision - Unanimous,3,Joshua Burkman,Josh Neer,300,3
1b9a127f9dadaad9,Decision - Unanimous,3,Taylor Lapilus,Caolan Loughran,300,3
4960379abe6ed525,KO/TKO,1,Cristiane Justino,Yana Santos,300,5
fb252c420e9830cd,Submission,1,Paul Buentello,Kevin Jordan,300,3
40a43ffdd1624bed,KO/TKO,3,Clint Hester,Bristol Marunde,300,3
de12349f334c964e,KO/TKO,2,Joaquin Buckley,Vicente Luque,300,3
fe9ee00fa47dd7b3,Decision - Split,3,Kajan Johnson,Stevie Ray,300,3
af0327945c9656e0,Decision - Unanimous,3,Thales Leites,Tom Watson,300,3
ffd8e8575a551875,Decision - Unanimous,3,Sean Strickland,Krzysztof Jotko,300,3
c6d56aad93f98249,Decision - Unanimous,3,Raoni Barcelos,Ricky Simon,300,3
330e67abac6e5ce7,Decision - Unanimous,5,Norma Dumont,Aspen Ladd,300,5
7ec86f2af631344f,Decision - Split,3,Arnold Allen,Makwan Amirkhani,300,3
180128adae7897db,KO/TKO,1,Rich Franklin,Edwin DeWees,300,3
59363451049c929d,KO/TKO,2,Gilbert Burns,Dan Moret,300,3
c25a97523bf56e49,TKO - Doctor's Stoppage,3,Jonathan Goulet,Jay Hieron,300,3
56ce29bdb1fe9abf,KO/TKO,2,Josh Thomson,Nate Diaz,300,3
20bbf7e139c73e8d,Decision - Unanimous,3,Abu Azaitar,Vitor Miranda,300,3
90bce37a788afeaa,TKO - Doctor's Stoppage,1,Don Frye,Sam Adkins,,
96d33e46267d4eaf,Decision - Unanimous,3,Alex Caceres,Steven Peterson,300,3
244357514dd89bd6,Decision - Unanimous,3,Glover Teixeira,Jared Cannonier,300,3
1f9a6f2120835615,Decision - Split,3,Randa Markos,Ashley Yoder,300,3
3cf3771274a4f8b1,Submission,2,Josh Fremd,Sedriques Dumas,300,3
5fdf6611815efdfb,Decision - Unanimous,3,Devin Clark,Alonzo Menifield,300,3
1687e2cd061b7aec,KO/TKO,1,Magomed Ankalaev,Marcin Prachnio,300,3
6f6158830b01ea27,Submission,2,Jon Jones,Jake O'Brien,300,3
f8b9b5ee3d4a8ac3,Submission,1,Tatiana Suarez,Amanda Cooper,,
9c354bd6ea1bf25a,KO/TKO,1,Jon Madsen,Gilbert Yvel,300,3
fe143cb868adfded,KO/TKO,2,Israel Adesanya,Alex Pereira,300,5
47149f3187661509,Decision - Unanimous,3,TIE,TIE,300,3
e624d85a0d718578,Decision - Unanimous,3,Court McGee,Claudio Silva,300,3
c33671cab408184b,KO/TKO,2,Jimi Manuwa,Ryan Jimmo,300,3
5a440bdee19efaab,Decision - Unanimous,5,Brian Ortega,Chan Sung Jung,300,5
eb30c9c975e15436,KO/TKO,1,Viktoriia Dudakova,Istela Nunes,300,3
108434acbbd75d26,KO/TKO,2,Shara Magomedov,Armen Petrosyan,300,3
dba710edbc3c29ff,Decision - Split,3,Krzysztof Jotko,Misha Cirkunov,300,3
374508c76108d7fe,Decision - Unanimous,3,Nick Hein,Yusuke Kasuya,300,3
dbe6c361530958bc,KO/TKO,2,Matt Hamill,Tim Boetsch,300,3
35b871e0bdc1415b,KO/TKO,1,Tulio Palhares,Adriano Santos,,
e083c7ae1548e08a,Submission,1,Ronda Rousey,Cat Zingano,300,5
28f31c3fd7afe737,KO/TKO,1,Gary Goodridge,Andre Roberts,,
795aa42785a46643,KO/TKO,1,Kai Kara-France,Cody Garbrandt,300,3
81c5c897717a1ef6,Decision - Unanimous,3,Chael Sonnen,Michael Bisping,300,3
d6b3c56a4cf14c1a,Decision - Unanimous,3,Robert Whittaker,Brad Scott,300,3
9d6b46a3cf5ec494,KO/TKO,1,Dan Hooker,James Vick,300,3
8c2fb17981464d8c,TKO - Doctor's Stoppage,2,Curtis Blaydes,Aleksei Oleinik,300,3
b70dfff154b135bf,Decision - Split,3,Ryan Spann,Sam Alvey,300,3
7f14be4e45bca6bd,KO/TKO,2,Tatsuro Taira,Alex Perez,300,5
4e451881e0e47b05,Decision - Unanimous,3,Francisco Figueiredo,Jerome Rivera,300,3
7b80dd233e200dd2,Decision - Split,3,Justin Ledet,Azunna Anyanwu,300,3
f549164690d723bb,Decision - Unanimous,3,Virna Jandiroba,Angela Hill,300,3
920b6f739a36e721,KO/TKO,3,Edson Barboza,Dan Hooker,300,3
a23d84f15207e459,KO/TKO,1,Alonzo Menifield,Zhang Mingyang,300,3
bf59d9f8bd9536f3,Decision - Split,3,Max Griffin,Tim Means,300,3
1287c631cb74f1d9,Submission,2,Nate Diaz,Melvin Guillard,300,3
c037cdc1de53de8e,KO/TKO,3,Jacare Souza,Chris Weidman,300,3
34644c44229e41a1,KO/TKO,1,Teruto Ishihara,Horacio Gutierrez,300,3
5ae45d20a60dc109,Decision - Unanimous,3,Jamie Moyle,Kailin Curran,300,3
795c682c30d66c19,Decision - Unanimous,3,Matt Lindland,Phil Baroni,300,3
b8ca1acdf3dc2f58,Decision - Unanimous,3,Robert Whittaker,Marvin Vettori,300,3
0697d5520b74a8df,Decision - Unanimous,3,Dan Hooker,Al Iaquinta,300,3
2418af6da44fd361,KO/TKO,2,Joseph Benavidez,Jussier Formiga,300,3
a10e2d5416972b9c,Submission,1,Sam Patterson,Yohan Lainesse,300,3
2ae7404681deb3b3,KO/TKO,3,Phil Rowe,Ange Loosa,300,3
d5577e3272ef3032,Decision - Unanimous,3,Nina Nunes,Claudia Gadelha,300,3
0ec579db0efcf0c6,Decision - Unanimous,3,TIE,TIE,300,3
c9e0aa88afb81dab,KO/TKO,2,Tommy Gantt,Artur Minev,300,3
01e8868086004dd8,Decision - Majority,3,TIE,TIE,300,3
721642e7de112e9e,Decision - Unanimous,3,Virna Jandiroba,Tabatha Ricci,300,3
d3255f2b8ef2b559,Decision - Unanimous,3,Darren Elkins,Chas Skelly,300,3
faac24c1b3d6368a,Decision - Unanimous,3,Jasmine Jasudavicius,Gabriella Fernandes,300,3
81f2f2d4b0302590,Decision - Unanimous,3,Song Yadong,Marlon Vera,300,3
17050a7b673dc49d,Decision - Unanimous,3,Ihor Potieria,Robert Bryczek,300,3
8545a2495db16538,Decision - Unanimous,3,Viviane Araujo,Karine Silva,300,3
e54c16d867875738,Submission,1,Islam Makhachev,Kajan Johnson,300,3
670e4754d8d3d172,Decision - Unanimous,3,Garrett Armfield,Brad Katona,300,3
07cb64236ae7aaea,KO/TKO,2,Maycee Barber,Amanda Ribas,300,3
382d626d45c36f14,Decision - Split,3,Takeya Mizugaki,Erik Perez,300,3
9a3908ab337c5f3f,KO/TKO,1,John Dodson,TJ Dillashaw,300,3
904e0e46392dff93,Decision - Split,3,Mara Romero Borella,Taila Santos,300,3
5df4632f6238e612,KO/TKO,1,Alan Jouban,Seth Baczynski,300,3
e346f2b7af63e804,Decision - Unanimous,5,Vicente Luque,Rafael Dos Anjos,300,5
a2e2d0e8b94d8eba,Submission,2,Clay Guida,Justin James,300,3
586635087cdfbbcc,Submission,1,Frank Mir,Roberto Traven,300,3
b121f30d7fc9ea6c,Decision - Unanimous,3,Matthew Lopez,Mitch Gagnon,300,3
182ee320edb1b5ed,Submission,1,Ryan Spann,Lukasz Brzeski,300,3
3ce9e07f51239edd,KO/TKO,1,Igor Pokrajac,Todd Brown,300,3
8fe1859721e95ce3,Decision - Unanimous,3,Demian Maia,Gunnar Nelson,300,3
c4938baf92d2dc31,Decision - Split,5,Dominick Cruz,TJ Dillashaw,300,5
2606c3853a8c0b62,Submission,1,Gabriel Gonzaga,Carmelo Marrero,300,3
dd34dd337e637767,KO/TKO,1,Warlley Alves,Mounir Lazzez,300,3
512f2d10f92d0d36,Decision - Unanimous,3,Brandon Vera,Reese Andy,300,3
71170fb7ade3e1f4,KO/TKO,1,Jamey-Lyn Horth,Tereza Bleda,300,3
6ad594777cce2d7d,KO/TKO,1,Dustin Stoltzfus,Marc-Andre Barriault,300,3
344d60564cd136ff,KO/TKO,3,Lucas Almeida,Michael Trizano,300,3
39be68189f2d5074,Submission,1,Jim Miller,Fabricio Camoes,300,3
cbdf29f36b343f6f,KO/TKO,1,Robelis Despaigne,Josh Parisian,300,3
b2bb725b17ab51b8,Decision - Unanimous,3,Jimi Manuwa,Jan Blachowicz,300,3
401a21d881a1f26a,Submission,2,Caio Magalhaes,Karlos Vemola,300,3
203b3098d892c3b1,KO/TKO,1,Tim Means,Dhiego Lima,300,3
3e9f3ce3a01bb97f,KO/TKO,2,Soa Palelei,Walt Harris,300,3
2e2b70a5294012bd,KO/TKO,2,Jutaro Nakao,Tony DeSouza,300,3
0473ef44197be419,KO/TKO,1,Jack Nilson,Saeed Hosseini,,
d250a9d1c602e266,KO/TKO,2,Diego Sanchez,Brian Gassaway,300,3
33d2a1dbb8a7fef5,Decision - Unanimous,3,Mounir Lazzez,Abdul Razak Alhassan,300,3
a85a0831580696ff,Submission,1,Frank Mir,David Abbott,300,3
c62ed8a6002b5360,Decision - Unanimous,3,Karol Rosa,Nora Cornolle,300,3
425e856cac6f521b,TKO - Doctor's Stoppage,2,Josh Neer,Keith Wisniewski,300,3
747d922b329b7f30,KO/TKO,1,Steve Garcia,David Onama,300,5
df8d4014d8206ab1,TKO - Doctor's Stoppage,2,Pat Miletich,Andre Pederneiras,300,5
3445246f8e3eba24,KO/TKO,1,Nate Marquardt,Demian Maia,300,3
a4814d682954e8ab,Decision - Unanimous,3,Yana Santos,Ketlen Vieira,300,3
ad0bac98558900af,Decision - Unanimous,3,Kyoji Horiguchi,Ali Bagautinov,300,3
3d38022fdcb3b5c9,Decision - Unanimous,5,Frankie Edgar,BJ Penn,300,5
4896b36f1333d25c,Decision - Unanimous,5,Alexandre Pantoja,Brandon Royval,300,5
02ec66f311dce539,Decision - Unanimous,3,Carlos Ulberg,Volkan Oezdemir,300,3
a2e34655a41ba45c,KO/TKO,2,Derrick Lewis,Aleksei Oleinik,300,5
8b15591a73aa7eb0,KO/TKO,2,Andrei Arlovski,Jake O'Brien,300,3
3210723fbb018fa7,Decision - Split,3,Eric Shelton,Joseph Morales,300,3
59c4fdb3c0673066,Decision - Unanimous,3,Ricky Simon,Cameron Smotherman,300,3
f67aa0b16e16a9ea,Decision - Unanimous,5,Robert Whittaker,Kelvin Gastelum,300,5
0ffbf3096a13b47e,Decision - Split,5,Michelle Waterson-Gomez,Angela Hill,300,5
106088694fa0c682,KO/TKO,3,Ryan Bader,Rogerio Nogueira,300,5
abf6ea197979e634,Decision - Unanimous,3,Brock Larson,Keita Nakamura,300,3
47245dd345d9ef7e,Submission,1,Cole Miller,Dan Lauzon,300,3
04995619538ae939,Decision - Unanimous,3,Karo Parisyan,Ryo Chonan,300,3
154da5e0d8541508,Decision - Unanimous,3,Denis Kang,Xavier Foupa-Pokam,300,3
8245791a3d3403c6,Decision - Unanimous,3,Gilbert Burns,Stephen Thompson,300,3
d5ffdb5388ffabc6,Decision - Unanimous,3,Randy Brown,Jared Gooden,300,3
380242601a2c5991,KO/TKO,2,Reinier de Ridder,Bo Nickal,300,3
54fa6e32330a8cca,Decision - Unanimous,3,Thiago Moises,Trey Ogden,300,3
23692b9936363da3,KO/TKO,1,Mairbek Taisumov,Marcin Bandel,300,3
3733d100f7bd5590,KO/TKO,1,Ignacio Bahamondes,Manuel Torres,300,3
71ea7d7985dad804,Decision - Unanimous,3,Gilbert Burns,Jorge Masvidal,300,3
dd3ea525fe1898f1,Decision - Unanimous,3,Urijah Faber,Eddie Wineland,300,3
f995ed679ef8bdf4,KO/TKO,1,Gregory Rodrigues,Denis Tiuliulin,300,3
e0c636beed345e1d,Submission,1,Frank Shamrock,Kevin Jackson,,
ac82d28aaa5faaf0,Decision - Unanimous,3,Josh Koscheck,Chris Lytle,300,3
c62d5962b99938de,KO/TKO,1,Quinton Jackson,Wanderlei Silva,300,3
6aa873e65d880322,Submission,1,Paul Sass,Michael Johnson,300,3
d9e86958bcb15c26,Decision - Unanimous,3,Matt Hughes,Valeri Ignatov,300,3
c5ae278a05b73db9,Submission,2,Urijah Faber,Francisco Rivera,300,3
23a604f460289271,KO/TKO,2,Mateusz Gamrot,Rafael Fiziev,300,5
0d63a7d3e08df3db,Decision - Unanimous,3,James Te Huna,Joey Beltran,300,3
02d2da0420fbdd39,Decision - Unanimous,3,Rich Clementi,Terry Etim,300,3
bb7408d59b7279f7,KO/TKO,2,Shane Young,Rolando Dy,300,3
b4db19e62f087a7f,KO/TKO,1,Robbie Lawler,Josh Koscheck,300,3
c8a48abe3263f796,KO/TKO,1,Yoel Romero,Clifford Starks,300,3
10a1947cb3feabc1,Decision - Split,3,Alexis Davis,Liz Carmouche,300,3
dae856cb00cf5163,Submission,1,Andrei Arlovski,Tim Sylvia,300,5
f2c2a49fed32bd75,Submission,1,Valter Walker,Louie Sutherland,300,3
db1c5b5a710fbdb0,Submission,1,Charles Oliveira,Darren Elkins,300,3
d1aaef0d7f0c8e8b,Decision - Unanimous,3,Sage Northcutt,Enrique Marin,300,3
b43dfe6743160a66,Submission,1,Brandon Moreno,Louis Smolka,300,3
99808befeece3a8a,Decision - Unanimous,3,Philipe Lins,Maxim Grishin,300,3
36fcfd186a8d6df7,Decision - Unanimous,5,Amanda Nunes,Germaine de Randamie,300,5
98a1121ffbc47657,KO/TKO,1,Drew McFedries,Marvin Eastman,300,3
8515f07911765f89,KO/TKO,2,Arman Tsarukyan,Joel Alvarez,300,3
911b73db91738da6,KO/TKO,2,Ismael Bonfim,Terrance McKinney,300,3
c4ea3f6fae702459,Decision - Unanimous,3,Joanne Wood,Jessica Eye,300,3
f4273b2155fe20fe,Submission,2,Francisco Trinaldo,CJ Keith,300,3
e4aa608124896794,Decision - Unanimous,5,Arnold Allen,Melquizael Costa,300,5
84d633d4a9fbf331,Decision - Split,3,Armen Petrosyan,Gregory Rodrigues,300,3
4291b38643547fa7,Decision - Unanimous,3,Devin Clark,Jake Collier,300,3
8aa637fc26a01581,Decision - Majority,3,Cyrille Diabate,Tom DeBlass,300,3
eb0f7127f22457e9,Decision - Split,3,Sergio Moraes,Tim Means,300,3
b272e9a4ed7a1b23,KO/TKO,2,Tyson Griffin,Hermes Franca,300,3
924f982f0d9d2142,Decision - Unanimous,3,Loopy Godinez,Emily Ducote,300,3
00e8d4b961a65d21,KO/TKO,1,Bo Nickal,Kyle Daukaus,300,3
d4415f08ba3e017e,Decision - Unanimous,3,Joey Beltran,Tim Hague,300,3
adac148ee6fa3bf7,KO/TKO,2,Miguel Baeza,Matt Brown,300,3
fb93d1cafcc6b455,Submission,2,Genki Sudo,Leigh Remedios,300,3
5355fd4a2598f679,Decision - Split,3,Gray Maynard,Nate Diaz,300,3
1b5d5af1bc0a34c7,Decision - Unanimous,3,Stephanie Luciano,Talita Alencar,300,3
6b7033df94818cee,Submission,2,Donald Cerrone,Paul Kelly,300,3
56f77263c75392f2,Decision - Unanimous,3,Christian Wellisch,Anthony Perosh,300,3
111e66eb922449e4,Decision - Unanimous,3,Kevin Vallejos,Danny Silva,300,3
e966de63c8e6b1d5,Submission,2,Joe Pyfer,Abdul Razak Alhassan,300,3
62fecd327391557e,KO/TKO,2,James Krause,Warlley Alves,300,3
652a73f4bf7f1932,KO/TKO,1,Andrei Arlovski,Travis Browne,300,3
16b0e962beb6d15e,KO/TKO,2,Shane Roller,Thiago Tavares,300,3
f5affe923c640d0e,KO/TKO,3,James McSweeney,Darrill Schoonover,300,3
4c4e1f7521c27900,Submission,3,Joe Lauzon,Jamie Varner,300,3
c62a90c19af6a0e2,KO/TKO,1,Paul Felder,Stevie Ray,300,3
1f5f59924b59408b,Decision - Unanimous,5,Mateusz Gamrot,Arman Tsarukyan,300,5
8167bd097a16062f,KO/TKO,1,Petr Yan,Teruto Ishihara,300,3
58e72b1a38880ba9,KO/TKO,1,Christian Aguilera,Anthony Ivy,300,3
2e209dc450b7ebe3,Decision - Unanimous,3,Marlon Vera,Guangyou Ning,300,3
eab6e19a2a2a67f0,Decision - Unanimous,3,Albert Tumenov,Nicholas Musoke,300,3
558ef0822c8fa5b9,Decision - Unanimous,3,Vladimir Matyushenko,Pedro Rizzo,300,3
6ef50ed03b116b60,Decision - Unanimous,3,Gabriella Fernandes,Julija Stoliarenko,300,3
2a702055a79d95a7,Decision - Unanimous,3,Bartosz Fabinski,Hector Urbina,300,3
d4e3baff532df842,Submission,2,Kamaru Usman,Hayder Hassan,,
4d8d1701c43c5fea,Decision - Unanimous,3,Ian Machado Garry,Gabe Green,300,3
f9e672ec431fed3f,Decision - Unanimous,3,Tiago dos Santos e Silva,Akbarh Arreola,300,3
e35d878ba90d9769,Decision - Unanimous,3,Trevor Smith,Joseph Gigliotti,300,3
adc1038ed2e76391,Decision - Split,3,Valmir Lazaro,James Krause,300,3
d401522de73b7bee,Submission,4,Rafael Dos Anjos,Kevin Lee,300,5
18d6df67968bf06b,KO/TKO,2,Damir Hadzovic,Marco Polo Reyes,300,3
9cad47cdd6351e50,Decision - Unanimous,3,Jared Cannonier,Ion Cutelaba,300,3
7bb603674999e675,Decision - Unanimous,3,Felipe Arantes,Antonio Carvalho,300,3
d9834a03626a3c06,Decision - Unanimous,3,Francis Carmont,Constantinos Philippou,300,3
3387f430abb7e39f,Decision - Unanimous,3,Karl Williams,Chase Sherman,300,3
7d583e4002622848,KO/TKO,2,Gilbert Urbina,Orion Cosce,300,3
3f5f6c576046bf77,KO/TKO,1,John Moraga,Magomed Bibulatov,300,3
46aa72d0ccd2be0a,KO/TKO,3,Ali Bagautinov,Marcos Vinicius,300,3
1776c84e3d22d7cc,Decision - Unanimous,3,Michael Bisping,Chris Leben,300,3
fd98843926965cbd,Decision - Split,3,Sumudaerji,Mitch Raposo,300,3
226884e46a10865d,Decision - Unanimous,3,Alex Pereira,Bruno Silva,300,3
25215e8c06d7d63f,KO/TKO,1,Evan Tanner,Valeri Ignatov,,
cd45a78028039f53,Decision - Unanimous,3,Paul Kelly,Rolando Delgado,300,3
7e6f12a95c14f9de,KO/TKO,3,Miles Johns,Kevin Natividad,300,3
32b058d82c9e38de,KO/TKO,2,Luke Cummo,Josh Haynes,300,3
a605d4153c7dbd84,Decision - Split,3,Alex Caceres,Roland Delorme,300,3
33913e8e56c49a4c,Decision - Unanimous,3,Nordine Taleb,Oliver Enkamp,300,3
12d9b4a3931be5ec,Submission,2,Joe Solecki,Carl Deaton,300,3
aacb47949a572f25,Decision - Unanimous,3,Movsar Evloev,Dan Ige,300,3
454861874ecc52d7,Decision - Split,3,Alex Morono,Kyle Noke,300,3
21aa163b80e504f9,Decision - Unanimous,2,Dan Henderson,Allan Goes,,
93a0a19c2c1cfe66,KO/TKO,1,Cam Rowston,Andre Petroski,300,3
c1e5859053263811,KO/TKO,2,Stephanie Egger,Shanna Young,300,3
a3b37f8ea171b962,Decision - Unanimous,5,Jose Aldo,Ricardo Lamas,300,5
8fd355e482806ca7,Submission,3,Leandro Issa,Jumabieke Tuerxun,300,3
e0444752d18fda7f,KO/TKO,1,Michal Oleksiejczuk,Cody Brundage,300,3
b0bb09e4ca8343af,TKO - Doctor's Stoppage,1,Matt Hughes,Gil Castillo,300,5
e881ba0a28fffb6e,Decision - Unanimous,3,Takeya Mizugaki,Jeff Hougland,300,3
90d50fb7e2bf789e,Submission,1,Jim Miller,Melvin Guillard,300,3
e9d5ffcacf7d8757,Submission,2,Mike Malott,Adam Fugitt,300,3
9674c37e3a2bc399,Decision - Unanimous,3,Pedro Munhoz,Damian Stasiak,300,3
65ac65daa51720e2,Submission,1,Chris Weidman,Jesse Bongfeldt,300,3
32b030138bfd4f88,Submission,1,Rose Namajunas,Angela Hill,300,3
9a984ea967886979,Decision - Split,3,Derrick Lewis,Roy Nelson,300,3
ca28f69fa42f88ed,KO/TKO,2,Shawn Jordan,Mike Russow,300,3
302ce74d8b0d12a6,Decision - Unanimous,3,Nik Lentz,Diego Nunes,300,3
0ecbb881c74a63f5,Decision - Unanimous,3,CB Dollaway,Francis Carmont,300,3
13858ffdaaef5671,KO/TKO,1,Melvin Guillard,Dennis Siver,300,3
6acd1c591170f597,KO/TKO,1,Michel Pereira,Andre Petroski,300,3
94dcbc64641cbb6e,Decision - Split,3,Keita Nakamura,Salim Touahri,300,3
b9be472f456cac79,Submission,1,Brock Larson,Mike Pyle,300,3
c2fd7ee22721846c,Decision - Unanimous,3,Kenny Florian,Roger Huerta,300,3
36dbc3cee586e53d,Submission,2,Matt Lindland,Travis Lutter,300,3
5b7b5b01f4dcbd9c,Decision - Unanimous,3,Tainara Lisboa,Ravena Oliveira,300,3
d98d6b2c13557a87,Decision - Split,3,Piera Rodriguez,Ketlen Souza,300,3
c4fd59db24f978ec,Decision - Unanimous,3,Urijah Faber,Frankie Saenz,300,3
8f979d206eaec468,Submission,1,Sean Strickland,Robert McDaniel,300,3
ebc7ec239faf7b0b,KO/TKO,2,Gegard Mousasi,Vitor Belfort,300,3
d9499d55f9f53112,Decision - Unanimous,3,Joe Riggs,Nick Diaz,300,3
1fb62d8192128dc1,Decision - Split,3,Yves Jabouin,Ian Loveland,300,3
48a2a476d3b59866,Decision - Unanimous,5,Valentina Shevchenko,Joanna Jedrzejczyk,300,5
5538d15c4eeac3b3,Decision - Unanimous,3,Sergei Pavlovich,Waldo Cortes Acosta,300,3
abb8c6c0a057184e,Decision - Unanimous,3,Dominick Cruz,Pedro Munhoz,300,3
032a61c6f9439b1d,Decision - Unanimous,3,Court McGee,Dongi Yang,300,3
b7f6d05d3afbb266,Decision - Unanimous,3,Cynthia Calvillo,Joanne Wood,300,3
8fc8d66ad0074ab0,KO/TKO,1,Manuel Torres,Drew Dober,300,3
2c7b788effdc1b4c,KO/TKO,1,Ottman Azaitar,Teemu Packalen,300,3
c1be2b862f737c18,Decision - Unanimous,3,Brian Stann,Steve Cantwell,300,3
376dddfa82debbf4,KO/TKO,1,Manel Kape,Zhalgas Zhumagulov,300,3
e640fd983577d349,Decision - Split,3,TIE,TIE,300,3
83fa3a382acc7bdc,KO/TKO,1,Trevor Peek,Erick Gonzalez,300,3
0f23c5569204a69b,KO/TKO,2,Andrei Arlovski,Wesley Correira,300,3
829b3ee4145a1ae6,Decision - Unanimous,5,Rose Namajunas,Joanna Jedrzejczyk,300,5
541e5c7a87712fc2,Decision - Unanimous,3,Sam Sicilia,Yaotzin Meza,300,3
eb277b5ea2a19124,Decision - Split,3,Andrei Arlovski,Jake Collier,300,3
d3c0dfa57950aefd,KO/TKO,1,SeungWoo Choi,Julian Erosa,300,3
9d98e1c0d62213cf,DQ,1,Brok Weaver,Kazula Vargas,300,3
0da43c3ec0e11650,Decision - Unanimous,3,Timothy Johnson,Marcelo Golm,300,3
ba766bd03090dab9,Submission,2,Charles Oliveira,Christos Giagos,300,3
008d1123cc90f003,Submission,2,Stefan Struve,Pat Barry,300,3
802c0e4e228996ac,KO/TKO,1,Dave Beneteau,Asbel Cancio,,
2a940fac11da404d,Decision - Unanimous,3,Raquel Pennington,Roxanne Modafferi,300,3
3d941525f5c623e3,Decision - Unanimous,3,Laureano Staropoli,Thiago Alves,300,3
20aa994cd23074b9,Decision - Unanimous,3,Demetrious Johnson,Norifumi Yamamoto,300,3
9cbdbbc414d6dd83,KO/TKO,1,Jimmie Rivera,Marcus Brimage,300,3
dcfbbebc0aee6ded,Decision - Unanimous,3,Macy Chiasson,Marion Reneau,300,3
704a089fde021153,KO/TKO,1,Alan Belcher,Rousimar Palhares,300,3
1789d630e31e9c77,Decision - Unanimous,3,Michael Chiesa,Francisco Trinaldo,300,3
42957e04417af1d8,KO/TKO,2,James Irvin,Terry Martin,300,3
c25c2000aa99832c,Submission,1,Rony Jason,Mike Wilkinson,300,3
07f234a488661125,KO/TKO,1,Diego Ferreira,Jared Gordon,300,3
2f1f16c86a8cc6e2,Decision - Unanimous,5,Nicco Montano,Roxanne Modafferi,300,5
81283a33e907dbbe,KO/TKO,3,Nick Osipczak,Matthew Riddle,300,3
fa48320affd3b2b4,Submission,1,Ken Shamrock,Brian Johnston,,
5fa6543868367f4b,Decision - Split,3,Sam Hughes,Stephanie Luciano,300,3
eed6c9aff2234b7a,KO/TKO,1,Conor McGregor,Donald Cerrone,300,5
b1be8b41b1a4fd85,KO/TKO,1,Ilia Topuria,Damon Jackson,300,3
01432891260084a4,Decision - Unanimous,3,Robert Whittaker,Paulo Costa,300,3
7e25199be406dd7b,Decision - Unanimous,3,Elias Theodorou,Bruno Santos,300,3
a41ba2624191bf23,Decision - Split,5,Jake Shields,Demian Maia,300,5
c4704eab5e2f51b8,Decision - Unanimous,5,Max Holloway,Frankie Edgar,300,5
3bd5dbc1598c409d,Decision - Unanimous,3,Dennis Bermudez,Tatsuya Kawajiri,300,3
23bc29f1b6baacad,Submission,2,Mickey Gall,Sage Northcutt,300,3
8104fe27bdc46914,KO/TKO,2,Paul Craig,Andre Muniz,300,3
8803935990adafc1,KO/TKO,1,Olivier Aubin-Mercier,Evan Dunham,300,3
0f279b25ccbecc76,Submission,3,Michel Pereira,Zelim Imadaev,300,3
b80ef7cdc36ab48b,Decision - Majority,5,TIE,TIE,300,5
040f227553de7838,Decision - Unanimous,3,John Lineker,Rob Font,300,3
4b75d3b7738cb278,Submission,1,Vitor Petrino,Austen Lane,300,3
9f3326195672c2b9,Decision - Unanimous,3,Dustin Stoltzfus,Dwight Grant,300,3
e1ccf09c055bac01,KO/TKO,2,Kyoji Horiguchi,Dustin Pague,300,3
a41be337367884e6,Decision - Unanimous,3,Mike Pierce,Julio Paulino,300,3
2417cc7bc1eea75b,Decision - Unanimous,3,Maycee Barber,Karine Silva,300,3
fcc1191761e365f9,Decision - Split,3,Jack Jenkins,Jamall Emmers,300,3
9dd931fd20d6c886,KO/TKO,1,TJ Grant,Gray Maynard,300,3
cb1f27818d46af0e,Submission,1,Terrance McKinney,Fares Ziam,300,3
921a8db065cd8cc5,Submission,2,Gregor Gillespie,Vinc Pichel,300,3
ecbece0cbd60029e,Decision - Unanimous,3,Daniel Zellhuber,Francisco Prado,300,3
b218d6a420abb67b,KO/TKO,1,Anthony Perosh,Nick Penner,300,3
edf46d6962be7e8d,Decision - Split,3,Bolaji Oki,Timmy Cuamba,300,3
18729b11614406bf,Decision - Unanimous,5,Erin Blanchfield,Rose Namajunas,300,5
344e6898a381648f,Decision - Split,3,Jon Fitch,Diego Sanchez,300,3
d3a9aceeb7e23580,Decision - Unanimous,3,Tatsuro Taira,Edgar Chairez,300,3
959de17703476f44,KO/TKO,2,Vitor Miranda,Clint Hester,300,3
1ac335f049ed4e5e,KO/TKO,1,Terry Martin,Ivan Salaverry,300,3
2208b9f471a201d9,Submission,2,Yair Rodriguez,Josh Emmett,300,5
e4db3b1669d498c3,Decision - Unanimous,3,Alexander Volkanovski,Mizuto Hirota,300,3
d7a7ba46c4f075d7,KO/TKO,2,Jake Matthews,Andre Fialho,300,3
7340b4cbdbac5863,Decision - Unanimous,3,Hunter Azure,Cole Smith,300,3
1685eecc7ef37fb5,KO/TKO,2,Nora Cornolle,Melissa Mullins,300,3
e6685759ed2af90d,Decision - Unanimous,3,Gaston Bolanos,Cortavious Romious,300,3
6163c18411aca830,Decision - Split,3,Tagir Ulanbekov,Allan Nascimento,300,3
a68672f66e12a3c2,Decision - Unanimous,3,Thiago Alves,Patrick Cote,300,3
96b1430379c0694a,Submission,2,Anthony Hernandez,Rodolfo Vieira,300,3
848e7af760788418,Decision - Unanimous,3,Tom Duquesnoy,Terrion Ware,300,3
69397bbebdfa41d9,Decision - Majority,3,TIE,TIE,300,3
cd6b799ec79c489a,Decision - Unanimous,3,Kennedy Nzechukwu,Darko Stosic,300,3
29657325bfc1d590,Decision - Unanimous,3,Rory MacDonald,Demian Maia,300,3
eb82e95ab678f8bc,Submission,1,Dustin Kimura,Jon Delos Reyes,300,3
abb6e2169ba580d2,KO/TKO,1,Andre Fili,Lucas Almeida,300,3
49876b12d440af40,Decision - Unanimous,3,Malcolm Gordon,Francisco Figueiredo,300,3
7adaf85915993137,KO/TKO,1,Johnny Walker,Misha Cirkunov,300,3
caf13346cbcfdb03,Decision - Majority,3,Dione Barbosa,Melissa Gatto,300,3
0405e4446e8f239a,Decision - Split,3,Hannah Cifers,Polyana Viana,300,3
88455c967a7ef6fc,Decision - Unanimous,3,Loopy Godinez,Ariane Carnelossi,300,3
2c160a1d1fdbf0b0,KO/TKO,1,Marcus McGhee,JP Buys,300,3
069df63733dcf697,Decision - Split,3,Vanessa Demopoulos,Emily Ducote,300,3
98b1ee14ad4ea1c6,Decision - Split,3,Kendall Grove,Evan Tanner,300,3
bf5a5b23a49fa17c,Decision - Unanimous,3,Matt Brown,Stephen Thompson,300,3
e8aad69aace1d31f,Decision - Split,3,Alexander Hernandez,Austin Hubbard,300,3
92dea6ff8f0c1b10,Decision - Unanimous,3,Rob Kimmons,Steve Steinbeiss,300,3
b7c7707ccea492c7,KO/TKO,1,Ben Saunders,Jake Ellenberger,300,3
ea006bae605e2a6b,KO/TKO,2,Ciryl Gane,Serghei Spivac,300,5
a5a5e24f4dd40fbf,Decision - Split,3,Melvin Guillard,Gleison Tibau,300,3
b42d4c3c701945bf,Submission,3,Martin Kampmann,Thiago Alves,300,3
4cff9aeef3ac75c1,KO/TKO,1,Themba Gorimbo,Pete Rodriguez,300,3
676320a61f800f10,Decision - Unanimous,3,David Teymur,Drakkar Klose,300,3
32b8c6c4b735d712,Decision - Unanimous,3,Austen Lane,Robelis Despaigne,300,3
997eda9196aad7f9,KO/TKO,1,Luke Cummo,Edilberto de Oliveira,300,3
2eb56023c4a54504,Decision - Unanimous,3,Derek Brunson,Ian Heinisch,300,3
8bc8bb0021337de7,Decision - Unanimous,3,Jonathan Micallef,Kevin Jousset,300,3
7fec3b1ec923ad24,KO/TKO,2,Luke Sanders,Renan Barao,300,3
5a9657d4faeea2c5,Decision - Unanimous,3,Duane Ludwig,Genki Sudo,300,3
e27a9b4b4a46f091,Decision - Unanimous,3,Renee Forte,Terry Etim,300,3
d2105d00baa3e15e,Decision - Unanimous,3,Viscardi Andrade,Richard Walsh,300,3
c76fd2ddcbc4713d,Decision - Unanimous,3,Petr Yan,Jin Soo Son,300,3
18824fa5c15c212f,KO/TKO,2,Renato Moicano,Jalin Turner,300,3
ecbc282542a395c2,Submission,2,Zabit Magomedsharipov,Mike Santiago,300,3
0067048aaa2aa2da,Decision - Unanimous,3,Zhang Lipeng,Brendan O'Reilly,300,3
96cc199d78732d11,Decision - Unanimous,3,Martin Buday,Uran Satybaldiev,300,3
b87d6f71d901355b,KO/TKO,2,Marco Tulio,Tresean Gore,300,3
27d98a8ee6608e27,Decision - Split,3,Esteban Ribovics,Daniel Zellhuber,300,3
c5ce4f39269c842c,KO/TKO,2,Geane Herrera,Joby Sanchez,300,3
a23b4817f0b773c8,Decision - Unanimous,5,Georges St-Pierre,Jon Fitch,300,5
469fba0129c95278,Decision - Unanimous,3,Jordan Espinosa,Eric Shelton,300,3
bc72dac46f0383f1,Decision - Unanimous,5,Benson Henderson,Nate Diaz,300,5
a523ac02533f8b4d,KO/TKO,1,Thales Leites,Trevor Smith,300,3
e1100fc357e61fba,KO/TKO,2,Trevin Giles,James Bochnovic,300,3
03aec9073946907f,Submission,3,Tony Ferguson,Kevin Lee,300,5
295c2e1ae2d54287,KO/TKO,1,Donald Cerrone,Charles Oliveira,300,3
8bd1f8cb9aa06dcf,KO/TKO,1,Walel Watson,Joseph Sandoval,300,3
c2b842fae4e9f1dc,Decision - Unanimous,3,Bethe Correia,Sijara Eubanks,300,3
3f92025b29e06bfd,Decision - Split,3,Neil Magny,Max Griffin,300,3
3bc0190fb17ba42f,KO/TKO,2,Cody Haddon,Aoriqileng,300,3
f18d44292036d5de,Decision - Unanimous,3,Chepe Mariscal,Trevor Peek,300,3
95ead23dc0c73285,Decision - Unanimous,3,Karolina Kowalkiewicz,Randa Markos,300,3
30a2c7e5b90e6d74,Submission,2,Pedro Munhoz,Justin Scoggins,300,3
fd7421f421e802bd,Submission,1,Raul Rosas Jr.,Jay Perrin,300,3
c79b862be039d9f0,KO/TKO,3,Alistair Overeem,Mark Hunt,300,3
bd5efa4b53dc1642,Decision - Split,3,Ashley Yoder,Amanda Cooper,300,3
2b1ac5d8f98639bf,KO/TKO,5,Song Yadong,Ricky Simon,300,5
5e13fbe15c887a33,Decision - Split,3,John Makdessi,Mehdi Baghdad,300,3
5ee83e03aaff5fa1,Decision - Unanimous,3,Vanessa Demopoulos,Kanako Murata,300,3
02ace8fdd83c6480,Decision - Unanimous,3,Alex White,Artem Lobov,300,3
b873c116e39c9920,Decision - Unanimous,5,Jack Della Maddalena,Belal Muhammad,300,5
ce7744d45a698aa6,Decision - Unanimous,3,Arman Tsarukyan,Damir Ismagulov,300,3
c5c1deb1607f69b4,Decision - Unanimous,3,Rustam Khabilov,Leandro Silva,300,3
d4a309663a4da799,Decision - Unanimous,3,Francisco Trinaldo,Norman Parke,300,3
48f23cc8cc5ad9a9,Decision - Unanimous,3,Chad Laprise,Bryan Barberena,300,3
7228398a1ab12183,Submission,1,Ricardo Lamas,Dennis Bermudez,300,3
ee65977baeca3c85,KO/TKO,2,Mairbek Taisumov,Anthony Christodoulou,300,3
af9927b5589e708b,Submission,2,Johnny Munoz,Jamey Simmons,300,3
2afaa97901d5587c,Decision - Unanimous,3,Louie Sutherland,Tai Tuivasa,300,3
03eecf1926d9c77c,KO/TKO,1,Jalin Turner,King Green,300,3
e35f7504d83b8b07,Decision - Unanimous,3,Alexia Thainara,Loma Lookboonmee,300,3
5bdaa71a5daebcb5,Decision - Unanimous,3,Matt Serra,Jeff Curran,300,3
b9b0da84b243213f,Submission,1,Amir Albazi,Malcolm Gordon,300,3
f4e6f8223d0816fe,Decision - Unanimous,3,Georges St-Pierre,Jason Miller,300,3
afc86d1076c4c3a9,KO/TKO,3,Adrian Yanez,Gustavo Lopez,300,3
034ce0af4dedbfd7,Decision - Unanimous,3,Jon Fitch,Erick Silva,300,3
6049301b4deea035,Decision - Unanimous,5,Max Holloway,Arnold Allen,300,5
9a9479663bedf8b4,Decision - Unanimous,3,Josh Fremd,Jamie Pickett,300,3
eb73b63bbd7b88a7,Decision - Split,3,Iasmin Lucindo,Marina Rodriguez,300,3
0fad42b9ab3f31be,Decision - Split,3,Takanori Gomi,Mac Danzig,300,3
031e6624f96aceb8,Decision - Unanimous,3,Mike Davis,Mason Jones,300,3
2464a75ee75dbf2f,Decision - Split,3,Katlyn Cerminara,Irene Aldana,300,3
866b2c2e354aa27b,Submission,3,Claudio Puelles,Felipe Silva,300,3
a71febed166b7d42,Decision - Unanimous,3,Marc Diakiese,Frankie Perez,300,3
f524520a7fe0a8b8,Decision - Unanimous,3,Jared Rosholt,Daniel Omielanczuk,300,3
e55b69543aa74907,Submission,1,Josh Neer,Melvin Guillard,300,3
3b8bfe14b0c297b2,KO/TKO,1,Mike Kyle,Wes Sims,300,3
ab847a4cf397d7d5,Decision - Unanimous,3,Ray Borg,Louis Smolka,300,3
0b4ac9bcf5dbb382,Decision - Split,3,Amir Sadollah,Jorge Lopez,300,3
77785292d4df807c,Submission,1,Jim Miller,Charles Oliveira,300,3
4785bf265d05d85f,TKO - Doctor's Stoppage,1,Diego Brandao,Jimy Hettes,300,3
d8f40b82364b6411,Decision - Unanimous,3,Alexander Hernandez,Kurt Holobaugh,300,3
a08dffad240dc3d4,KO/TKO,1,Jared Cannonier,Anderson Silva,300,3
ce75f5ecbc0d3dfd,Decision - Unanimous,3,Tom Nolan,Alex Reyes,300,3
7a8f218c07347c88,Submission,2,Jake Matthews,Darrius Flowers,300,3
f80143e1f3c3d319,Decision - Split,3,Sam Hughes,Viktoriia Dudakova,300,3
beed8bc1f800de8f,KO/TKO,1,Ramsey Nijem,Beneil Dariush,300,3
c94c3e4bbed24421,Decision - Unanimous,3,Angela Hill,Ashley Yoder,300,3
1a471a1bff47a960,KO/TKO,2,Frank Trigg,Renato Verissimo,300,3
ca3963b76a38c408,Decision - Majority,3,Bryce Mitchell,Tyler Diamond,300,3
8cc976ee1a123fb8,Submission,1,Dan Severn,Paul Varelans,,
9d2f46b677246e41,KO/TKO,1,Francis Ngannou,Bojan Mihajlovic,300,3
c32b24a24d946893,Decision - Unanimous,3,Brian Stann,Rodney Wallace,300,3
75bc89630027c601,KO/TKO,1,Magomed Mustafaev,Rafael Fiziev,300,3
69b31593175f77ec,KO/TKO,2,Mason Jones,Bolaji Oki,300,3
6a060498e60756af,Decision - Split,3,Dan Severn,Ken Shamrock,,
77a8a6e2c3a09d19,KO/TKO,3,Alan Belcher,Jorge Santiago,300,3
78736e322574e500,Decision - Unanimous,3,Antonio Carlos Junior,Marvin Vettori,300,3
1acde2739237c4f8,Decision - Split,3,Diego Sanchez,Takanori Gomi,300,3
f5f28a8b472b8012,KO/TKO,3,Xiao Long,Quang Le,300,3
138f719d370e8ba0,Decision - Split,3,Norma Dumont,Felicia Spencer,300,3
60c62fb7bd17a8b3,KO/TKO,1,Ronda Rousey,Bethe Correia,300,5
3cbd3565dd631cc4,Decision - Split,3,Rodrigo Nascimento,Tanner Boser,300,3
fb7d31b36bebc5af,Decision - Split,3,Dan Cramer,Matt Arroyo,300,3
6fd7f6f1deaef4e8,KO/TKO,2,Sean Strickland,Nordine Taleb,300,3
5efd13a12be06706,Submission,2,Baisangur Susurkaev,Eric Nolan,300,3
e7ace0544d5ab596,Decision - Split,3,Jacob Volkmann,Antonio McKee,300,3
febbd4eb209b4579,KO/TKO,1,Dooho Choi,Thiago Tavares,300,3
44502b8c5546fb12,KO/TKO,1,Alvaro Herrera Mendoza,Vernon Ramos Ho,300,3
70290140b6a8e038,KO/TKO,2,Conor McGregor,Chad Mendes,300,5
94b48b98d0292720,KO/TKO,3,Jonathan Martinez,Frankie Saenz,300,3
2cec230248d7eb97,KO/TKO,2,Yazmin Jauregui,Istela Nunes,300,3
37008594c087470c,Decision - Unanimous,3,Ovince Saint Preux,Rafael Cavalcante,300,3
73c97d5c314f1270,KO/TKO,2,Song Yadong,Julio Arce,300,3
eadb215519406e92,KO/TKO,1,Derek Brunson,Roan Carneiro,300,3
4d549f33c0711a7a,Decision - Split,3,Steven Peterson,Matt Bessette,300,3
539732694ab2c8d6,Decision - Unanimous,3,Shara Magomedov,Bruno Silva,300,3
e7cb3f5cb39c33e6,Decision - Unanimous,3,James Wilks,Peter Sobotta,300,3
a103b30f6898de7e,Decision - Split,3,Jamie Mullarkey,Michael Johnson,300,3
7feadf01c5920285,Decision - Split,3,Vicente Luque,Mike Perry,300,3
256aacb8cb2c4289,Decision - Unanimous,3,Maiquel Falcao,Gerald Harris,300,3
35e23b1917b59132,Decision - Unanimous,3,Kyle Kingsbury,Fabio Maldonado,300,3
96740aa476055413,KO/TKO,1,Willie Gates,Darrell Montague,300,3
4966e9d7479c8d8d,KO/TKO,2,Rory MacDonald,Che Mills,300,3
0ff019f37961b954,KO/TKO,3,Ricco Rodriguez,Jeff Monson,300,3
21f7fc538ea646e8,KO/TKO,3,Max Holloway,Jose Aldo,300,5
be977e524ef56aa4,Decision - Unanimous,3,Jonathan Pearce,Darren Elkins,300,3
870a98d6f943d9b7,KO/TKO,1,Francisco Trinaldo,Chad Laprise,300,3
43b9e58ebf4a75ea,Decision - Unanimous,3,Michael Graves,Vicente Luque,300,3
851645c373f50e16,Decision - Unanimous,5,Kamaru Usman,Tyron Woodley,300,5
8e5ce3308c0e2046,Decision - Unanimous,3,Ariane da Silva,JJ Aldrich,300,3
adddc6e46da5ca19,Decision - Unanimous,3,Phil Davis,Brian Stann,300,3
18af785da73b5996,Submission,1,Jerry Bohlander,Rainy Martinez,,
8ebd6e9d41a51e31,Decision - Unanimous,3,Hannah Cifers,Jodie Esquibel,300,3
84f60cb00b8d4187,Decision - Unanimous,3,Daniel Santos,Johnny Munoz,300,3
1afc4f372a125c74,Decision - Split,3,Andre Muniz,JunYong Park,300,3
9576d9cba5cf5c4e,KO/TKO,1,Terrance McKinney,Mike Breeden,300,3
23b6ffc0223f8cce,Decision - Unanimous,3,Nadia Kassem,Alex Chambers,300,3
6d370bfe4248dc88,Decision - Unanimous,3,Kuniyoshi Hironaka,Forrest Petz,300,3
963631fe3261f8e1,Decision - Unanimous,3,Rory Singer,Josh Haynes,300,3
1e75ee0da189857b,KO/TKO,2,Jared Gordon,Michel Quinones,300,3
5b0ebb843af7465e,Decision - Split,3,Ildemar Alcantara,Richardson Moreira,300,3
790a8cd528233e50,Decision - Split,3,Denise Gomes,Eduarda Moura,300,3
b96e1222eb1a0faf,Submission,3,Charles Oliveira,Andy Ogle,300,3
4d6f492092d827cf,KO/TKO,1,Cheick Kongo,Pat Barry,300,3
35cdd5e50d30f26e,Decision - Unanimous,3,Tim Means,Hernani Perpetuo,300,3
44e3a7b4f4c7d95d,Decision - Unanimous,3,Trevor Smith,Dan Miller,300,3
8aa07b6cc40f0cb2,Decision - Unanimous,3,Sean Woodson,Alex Caceres,300,3
db3e26d02d790c97,Decision - Unanimous,3,Norma Dumont,Danyelle Wolf,300,3
7690e946d9d81f51,Submission,2,Katsunori Kikuno,Sam Sicilia,300,3
594435375d641f63,Decision - Unanimous,3,Miles Johns,Vince Morales,300,3
f269d25146eec937,KO/TKO,3,Marcos Vinicius,Wagner Campos,300,3
1b1792afe4457e83,KO/TKO,2,Junior Dos Santos,Derrick Lewis,300,5
5cd2dd6075fadcce,KO/TKO,1,Kaue Fernandes,Harry Hardwick,300,3
fa2e2a035b36b9d6,KO/TKO,1,Leonardo Santos,Kevin Lee,300,3
2aeb3ec2d8c05dc8,Decision - Unanimous,3,Amanda Lemos,Mackenzie Dern,300,3
9b46a662b8fa1d8d,KO/TKO,1,Song Yadong,Marlon Moraes,300,3
9c256e94c6b584b6,Submission,1,Sara McMann,Gina Mazany,300,3
7303ae36077411d9,Decision - Unanimous,3,Leon Edwards,Bryan Barberena,300,3
da77ead135cb4f17,KO/TKO,1,Dwayne Cason,Houston Dorr,,
8238c5f16d0b39c3,KO/TKO,1,Dan Hardy,Duane Ludwig,300,3
3454f5c7203467aa,KO/TKO,5,Amanda Nunes,Raquel Pennington,300,5
7f33fbdc35afd721,KO/TKO,2,Mike Davis,Mitch Ramirez,300,3
4d5c3ddc740b89ca,KO/TKO,1,Shamil Abdurakhimov,Chase Sherman,300,3
ad5ef8d8678ff97f,KO/TKO,1,Geoff Neal,Mike Perry,300,3
3b5e1d6cbf9c8c9f,Submission,1,Damian Stasiak,Filip Pejic,300,3
1df12710cfdb60f4,KO/TKO,1,Matt Brown,Pete Sell,300,3
eb5b6287ba73640d,KO/TKO,2,Takeya Mizugaki,Cole Escovedo,300,3
cda06ff86cfe4f5f,KO/TKO,1,Serghei Spivac,Greg Hardy,300,3
2704d31de2c2f43b,Decision - Unanimous,3,Tim Elliott,Jordan Espinosa,300,3
de32c5a78aaf89e9,KO/TKO,1,TJ Dillashaw,Cody Garbrandt,300,5
5d2eedd05081ed23,KO/TKO,1,Alessandro Costa,Matt Schnell,300,3
56ad1de1924984ad,KO/TKO,2,Anthony Njokuani,Roger Bowling,300,3
1901d27ea35ae733,Decision - Unanimous,3,Brad Katona,Jay Cucciniello,,
3bd789bcfb12368d,Decision - Unanimous,2,Dave Beneteau,Carlos Barreto,,
2eeb1656692bd967,Submission,2,Gabriel Gonzaga,Ben Rothwell,300,3
76b9a338597fc604,Decision - Unanimous,3,Jamall Emmers,Vince Cachero,300,3
30aa9b4d266eb622,KO/TKO,1,Anthony Johnson,Tommy Speer,300,3
44a79a250fdd61cd,Decision - Unanimous,3,Chris Leben,Luigi Fioravanti,300,3
34c6c06ba60a9ade,Submission,1,Tito Ortiz,Ryan Bader,300,3
69f8e2ba5d1048d4,Submission,2,Michael Chiesa,Anton Kuivanen,300,3
0d872527bbb3cd40,Decision - Unanimous,1,Dan Severn,David Abbott,,
3fd3b871e83434c5,Decision - Unanimous,3,Bevon Lewis,Dequan Townsend,300,3
420dd305cd1d062f,Decision - Split,5,Lyoto Machida,Eryk Anders,300,5
04193f1fff93ddb1,Decision - Unanimous,3,Joseph Benavidez,Ian Loveland,300,3
c03d0d781df4ad2a,KO/TKO,1,Tito Ortiz,Guy Mezger,,
371ed8497799998e,Submission,4,Sean Brady,Leon Edwards,300,5
1d8a86d37c7ef3d3,Submission,1,Ciryl Gane,Raphael Pessoa,300,3
986bc0ce25dac848,Decision - Unanimous,3,Charlie Brenneman,Amilcar Alves,300,3
ccf3b6eda4c2a564,Decision - Unanimous,3,Veronica Hardy,JJ Aldrich,300,3
571a3eabff5c7ba7,KO/TKO,2,Vinicius Oliveira,Andre Fili,300,3
631f0721b3fc56dc,Decision - Unanimous,3,Chad Mendes,Nik Lentz,300,3
573908b71b361312,Submission,1,Marlon Vera,Brian Kelleher,300,3
a1e193425e716b42,KO/TKO,3,Alden Coria,Alessandro Costa,300,3
b948102c6205af63,Decision - Unanimous,5,Marina Rodriguez,Michelle Waterson-Gomez,300,5
5632f2364016e879,Decision - Split,3,Carla Esparza,Marina Rodriguez,300,3
7fce3efc5d2add6e,KO/TKO,3,Marion Reneau,Milana Dudieva,300,3
a9da6a31229b136c,KO/TKO,1,Travis Browne,James McSweeney,300,3
3b52291052353eef,KO/TKO,1,Drew McFedries,Jordan Radev,300,3
3f419fce8ba8aa0e,Decision - Unanimous,5,Alexandre Pantoja,Steve Erceg,300,5
59b2bbb251968ca9,Submission,2,Erin Blanchfield,JJ Aldrich,300,3
dc870fab1e0f15e1,Decision - Unanimous,3,Montel Jackson,JP Buys,300,3
f3bb58f485dc2008,KO/TKO,1,Khalil Rountree Jr.,Daniel Jolly,300,3
02615499125b4b5d,Decision - Majority,3,Nurullo Aliev,Rafael Alves,300,3
7949430ebc47f31b,KO/TKO,1,Jon Jones,Vladimir Matyushenko,300,3
3e6b5cb3c37bef3b,KO/TKO,2,Dustin Poirier,Akira Corassani,300,3
b03dd50785e761a0,Decision - Majority,3,TIE,TIE,300,3
08f5bdfe45082ec5,Decision - Split,3,John Howard,Chris Wilson,300,3
38d6c2538ce6ec4c,KO/TKO,1,Randy Costa,Boston Salmon,300,3
6195d3e7c412c8a2,Decision - Unanimous,3,Jamahal Hill,Darko Stosic,300,3
0434a68809885ea1,KO/TKO,3,Shonie Carter,Matt Serra,300,3
3b12094dd48c2dc5,KO/TKO,1,Zach Reese,Julian Marquez,300,3
c3af2b6ab1262fef,Submission,2,Bruno Silva,Tyson Nam,300,3
7d923267c44dd93b,KO/TKO,1,Uros Medic,Gilbert Urbina,300,3
7786b5fafee61c36,Decision - Split,3,Josh Emmett,Jon Tuck,300,3
73a4a092c1850b57,Submission,4,BJ Penn,Kenny Florian,300,5
2bdf774dc8b17504,KO/TKO,2,Matt Brown,Dhiego Lima,300,3
2267d967d1daf08a,Submission,1,Alexandr Romanov,Marcos Rogerio de Lima,300,3
86f566f142593667,Submission,1,Guy Mezger,Tito Ortiz,,
6b4c2cc27855506a,KO/TKO,1,Shavkat Rakhmonov,Carlston Harris,300,3
1f7c1c741b06a3ed,Submission,1,Cyrille Diabate,Chad Griggs,300,3
ddb4376695f115b9,Decision - Majority,3,TIE,TIE,300,3
34ab72077963ee74,Submission,3,Carlos Newton,Pat Miletich,300,5
f7114bf73eec4022,Decision - Unanimous,3,Jeremy Kennedy,Alex Ricci,300,3
e24b65cd8721349a,KO/TKO,1,Aiemann Zahabi,Aoriqileng,300,3
65352762d807cd59,Decision - Split,3,Heath Herring,Cheick Kongo,300,3
9bc042a700d9a531,KO/TKO,2,Nik Lentz,Gray Maynard,300,3
b0dfb313364a7c80,Decision - Unanimous,5,Georges St-Pierre,Thiago Alves,300,5
49b05e23e3a2af13,Decision - Unanimous,3,Thomas Almeida,Tim Gorman,300,3
a6cc776330194937,Decision - Unanimous,3,Andrew Sanchez,Marc-Andre Barriault,300,3
0510d12ad43ede89,Decision - Split,3,Dan Hardy,Akihiro Gono,300,3
88cc78d2d5d6bcaa,Decision - Unanimous,3,Dustin Jacoby,John Allan,300,3
9e75fbe17a35f272,Submission,3,Luis Henrique,Christian Colombo,300,3
e45feb9866eb2da7,Decision - Unanimous,2,Yoshiki Takahashi,Wallid Ismail,,
ebb758b49e82d0ed,Decision - Unanimous,3,Kyler Phillips,Pedro Munhoz,300,3
1cb7138b107b93b5,Decision - Unanimous,3,Jake Matthews,Rostem Akman,300,3
bee780601ad13583,KO/TKO,2,Donald Cerrone,John Makdessi,300,3
2b7883b304b3df1c,KO/TKO,2,Jean Silva,Charles Jourdain,300,3
6f31285305881fe3,Decision - Unanimous,3,Nate Maness,Jimmy Flick,300,3
4f6e7159e77d4215,Decision - Unanimous,3,Pat Sabatini,TJ Laramie,300,3
6a7892754af30685,KO/TKO,3,Mirko Filipovic,Gabriel Gonzaga,300,5
b2625001e0b89369,Submission,2,Zabit Magomedsharipov,Brandon Davis,300,3
4843f369dc8b5de5,KO/TKO,1,Marco Polo Reyes,Matt Frevola,300,3
969970fbe24945d0,KO/TKO,2,Adam Milstead,Chris de la Rocha,300,3
c5bec85a32462995,Decision - Split,3,Maurice Smith,Bobby Hoffman,300,3
f9a59f7c67fbce01,Decision - Unanimous,3,Takeya Mizugaki,Francisco Rivera,300,3
7e50ae4dbdd380a1,KO/TKO,1,TJ Grant,Kevin Burns,300,3
1c91deb42b991d18,Decision - Unanimous,3,Rafael Fiziev,Alex White,300,3
b38450d9aa0f52b8,Decision - Unanimous,3,Shara Magomedov,Michal Oleksiejczuk,300,3
012c307c9d446c4d,Decision - Unanimous,3,Shara Magomedov,Michel Pereira,300,3
3677ce6c1ee06a83,Decision - Split,3,Joanne Wood,Maryna Moroz,300,3
7fda79ba69b06c0b,Decision - Split,5,Benson Henderson,Josh Thomson,300,5
d05cb4c4135ce402,KO/TKO,3,Paddy Pimblett,Michael Chandler,300,5
c04274c8caa505dd,Decision - Split,5,Jan Blachowicz,Jacare Souza,300,5
1228c4297882e8ba,Decision - Unanimous,3,Caol Uno,Yves Edwards,300,3
5f900e4437e079b3,Decision - Split,3,Mizuki,Wu Yanan,300,3
3146e5a47a922976,Decision - Unanimous,5,Merab Dvalishvili,Sean O'Malley,300,5
f7bc845ce74f5fe7,KO/TKO,1,Junior Tafa,Parker Porter,300,3
d95f21817a56eb05,Decision - Unanimous,3,Aljamain Sterling,Calvin Kattar,300,3
7d60cb78ea70fae0,Decision - Unanimous,5,Frankie Edgar,Urijah Faber,300,5
dec301fd5e99ca46,KO/TKO,3,Melissa Croden,Tainara Lisboa,300,3
f18ea0d8b472dc1e,Decision - Split,3,Court McGee,Robert Whittaker,300,3
52e4f12eaeffd142,Decision - Split,3,Olivier Aubin-Mercier,Anthony Rocco Martin,300,3
852223ee1a2d0a74,Decision - Unanimous,3,Beneil Dariush,Diego Ferreira,300,3
5498622706d8dc17,Submission,1,Demian Maia,Ryan Jensen,300,3
e22b2f50d7eeed3a,Decision - Majority,3,Rashad Evans,Stephan Bonnar,300,3
d0d99889c6abd8e1,KO/TKO,1,Brunno Ferreira,Phil Hawes,300,3
fca7fbd0bafc480c,KO/TKO,1,Julianna Pena,Jessica Rakoczy,300,3
fe3ff5b1d9135add,KO/TKO,2,Ciryl Gane,Junior Dos Santos,300,3
389c844a1a56177c,Decision - Unanimous,3,Ryan LaFlare,Santiago Ponzinibbio,300,3
093ebd3375591101,KO/TKO,2,Alan Jouban,Ben Saunders,300,3
5b8d693bd1780102,KO/TKO,1,Chad Laprise,Galore Bofando,300,3
9d8473ae274ed625,Submission,1,Rodolfo Vieira,Armen Petrosyan,300,3
b23fa678cc65cf5b,KO/TKO,1,Uros Medic,Muslim Salikhov,300,3
0149e875b31e57f8,KO/TKO,1,Modestas Bukauskas,Paul Craig,300,3
8edb831924d69dd9,Decision - Unanimous,3,Ben Saunders,Court McGee,300,3
d5955b81c26230ff,KO/TKO,1,Kevin Lee,Gregor Gillespie,300,3
7e9cb0c322773157,Decision - Unanimous,3,Mickael Lebout,Teemu Packalen,300,3
f4363f1317b47213,Decision - Split,3,Dominick Cruz,Casey Kenney,300,3
7cdc6fdf983fb412,Decision - Unanimous,3,Randy Couture,Brandon Vera,300,3
28be3fbe5c377380,KO/TKO,1,Carlos Ulberg,Tafon Nchukwi,300,3
f3ebce624bb154ae,Decision - Split,3,Andrei Arlovski,Brendan Schaub,300,3
972034fcd94ca83b,Decision - Unanimous,3,Dong Hyun Kim,Sean Pierson,300,3
08b65f5009c34997,Decision - Unanimous,3,Mark Godbeer,Daniel Spitz,300,3
f0488a4486a64af0,Decision - Unanimous,3,Andreas Gustafsson,Khaos Williams,300,3
151c597d2e609a4e,KO/TKO,3,Raphael Assuncao,Matthew Lopez,300,3
0d5356c506111a57,KO/TKO,2,Justin Gaethje,Michael Johnson,300,5
210fc45074fba464,KO/TKO,1,Ty Miller,Adam Fugitt,300,3
4f07c6724682cd00,Decision - Unanimous,3,Chase Sherman,Damian Grabowski,300,3
3905e5dc489811d6,KO/TKO,2,Mike Perry,Jake Ellenberger,300,3
7ec70261afdecda8,Submission,1,Mackenzie Dern,Amanda Cooper,300,3
1a6e7e7c98886198,Decision - Unanimous,3,Patrick Cote,Kyle Noke,300,3
926977ec3ed0ebe1,KO/TKO,1,Aoriqileng,Cameron Else,300,3
dc6f6c8228390ebb,KO/TKO,1,Melquizael Costa,Dan Ige,300,3
eab7b76e177e1903,Decision - Unanimous,5,Khabib Nurmagomedov,Al Iaquinta,300,5
2592954ad51764b0,KO/TKO,2,Johny Hendricks,Charlie Brenneman,300,3
fa2bed87e5d6c568,Decision - Split,3,Jessica Penne,Randa Markos,300,3
79dfbbdd14fbbd11,Decision - Unanimous,3,Rose Namajunas,Miranda Maverick,300,3
bd0622b184ab4f28,KO/TKO,1,Calvin Kattar,Chris Fishgold,300,3
6265ffd51a18ff21,KO/TKO,2,Thiago Tavares,Spencer Fisher,300,3
81a18de517a3336a,KO/TKO,3,Drew Dober,Rafael Alves,300,3
19722043e7eb4e39,Decision - Split,5,Rose Namajunas,Zhang Weili,300,5
88295b0ab9868db5,Submission,1,Dustin Hazelett,Jonathan Goulet,300,3
7072a324a82c4297,KO/TKO,2,Lyoto Machida,Vitor Belfort,300,3
770c5302e32916ea,KO/TKO,2,Ateba Gautier,Ozzy Diaz,300,3
ec041009ce404879,Submission,2,Akihiro Gono,Tamdan McCrory,300,3
431282ab4ee417f6,TKO - Doctor's Stoppage,2,Alan Belcher,Kalib Starnes,300,3
806761834799c352,Submission,2,Brad Pickett,Damacio Page,300,3
67f559403a6ec7cb,Decision - Unanimous,3,Ramazan Emeev,Stefan Sekulic,300,3
a7d42315236560e9,Decision - Unanimous,3,Ryan Bader,Carmelo Marrero,300,3
ab4862ea4cbd0750,KO/TKO,3,Luis Pena,Matt Wiman,300,3
7658965c2a700b39,KO/TKO,2,Darren Stewart,Charles Byrd,300,3
62f487635d7a9bb0,KO/TKO,2,Brad Blackburn,James Giboo,300,3
66887532be2de5ee,KO/TKO,2,Denise Gomes,Elise Reed,300,3
03b9922d777e430c,Submission,2,Gunnar Nelson,Albert Tumenov,300,3
f26c0bdf7689aea2,Decision - Unanimous,3,Myktybek Orolbai,Chris Curtis,300,3
2b6a75175bbca4e9,Decision - Unanimous,3,Navajo Stirling,Tuco Tokkos,300,3
300f1489174a3ece,KO/TKO,2,Jose Aldo,Renato Moicano,300,3
2723f4d275d3f619,Decision - Unanimous,5,Marvin Vettori,Jack Hermansson,300,5
dae8ad2e03aa4a9a,Decision - Unanimous,3,Joshua Van,Edgar Chairez,300,3
9150344ed35f355d,Submission,1,Godofredo Pepey,Andre Fili,300,3
1e525f9857019a2e,KO/TKO,1,Chris Daukaus,Rodrigo Nascimento,300,3
cfd47fddbb705f26,Decision - Unanimous,3,Brendan Allen,Kyle Daukaus,300,3
db845f2e28c22b4c,KO/TKO,1,Don Frye,Amaury Bitetti,,
1a5378e32e8519ef,Decision - Unanimous,3,Matheus Camilo,Viacheslav Borshchev,300,3
8ed609d80e135d94,KO/TKO,1,Myktybek Orolbai,Jack Hermansson,300,3
a40c70d5a1a1be01,Decision - Split,3,Roxanne Modafferi,Antonina Shevchenko,300,3
9cd343b9d5d87528,TKO - Doctor's Stoppage,1,Vitor Belfort,Randy Couture,300,5
8da75fd76a9b8e1d,Decision - Unanimous,3,Christos Giagos,Carlton Minus,300,3
df7cf7ef41eccbe6,Decision - Unanimous,3,Hugo Viana,Ramiro Hernandez,300,3
4944437e73071671,KO/TKO,1,Ryan Spann,Misha Cirkunov,300,3
7e695ad026b2ec66,KO/TKO,4,Santiago Ponzinibbio,Neil Magny,300,5
8502f245aabd64ac,Decision - Unanimous,3,Themba Gorimbo,Takashi Sato,300,3
66a99e85803efd92,KO/TKO,1,Hyun Gyu Lim,Pascal Krauss,300,3
1d166488129030d0,Submission,2,Brian Ortega,Cub Swanson,300,5
4f850f7e35d85bb8,Submission,1,Cole Miller,Bart Palaszewski,300,3
6e73ebbd089aff5e,KO/TKO,2,Dustin Poirier,Benoit Saint Denis,300,5
abfc03893551ae73,KO/TKO,3,Amanda Lemos,Marina Rodriguez,300,5
1b52e24d09700dd9,Submission,2,Zak Cummings,Alexander Yakovlev,300,3
649b2db3709b07fe,Decision - Unanimous,3,Francimar Barroso,Elvis Mutapcic,300,3
420f7e6530dbc727,KO/TKO,1,Jesus Aguilar,Shannon Ross,300,3
0e8d5c16eb9cb1cf,Decision - Unanimous,3,Raulian Paiva,Zhalgas Zhumagulov,300,3
de767dd5216bcad9,KO/TKO,3,Joel Alvarez,Elves Brener,300,3
8e43d61ca6f2d904,Decision - Unanimous,3,Jonathan Martinez,Wulijiburen,300,3
2d9d966e0e8df232,Submission,3,TJ Brown,Erik Silva,300,3
18aff757c54687f1,Submission,3,Belal Muhammad,Takashi Sato,300,3
c53b0f678fe2f16a,Decision - Split,3,Anthony Smith,Ryan Spann,300,3
f7cd0a90da3be3b2,KO/TKO,3,Anthony Johnson,Kevin Burns,300,3
3957d820e11275f7,KO/TKO,2,Kurt Pellegrino,Alberto Crane,300,3
3d468536e8904b93,KO/TKO,2,Conor McGregor,Dennis Siver,300,5
c556a9d615f11483,KO/TKO,2,Edimilson Souza,Mark Eddiva,300,3
f0b7729fba7e4533,Decision - Unanimous,3,Patrick Cote,Scott Smith,300,3
9b9ef12603e820ec,Decision - Split,3,Adrian Yanez,Davey Grant,300,3
033e4538b9014f91,KO/TKO,1,Santiago Ponzinibbio,Wendell Oliveira Marques,300,3
8aa16cc1ba99aac1,Decision - Unanimous,5,Magomed Ankalaev,Thiago Santos,300,5
6d8da45352344964,KO/TKO,1,Rose Namajunas,Zhang Weili,300,5
4ec249e549309b16,Submission,2,Tagir Ulanbekov,Cody Durden,300,3
f722b96ae6862843,Decision - Unanimous,3,Joshua Van,Brandon Royval,300,3
43c2c904e1574c59,Submission,1,Todd Medina,Larry Cureton,,
40e8bf8ce508c436,KO/TKO,1,Charles Oliveira,Beneil Dariush,300,3
85d9a516c3c6c205,Submission,2,Raquel Pennington,Macy Chiasson,300,3
1332dc236a3fd3b2,Decision - Unanimous,3,Dan Hardy,Amir Sadollah,300,3
f20e742e6b0c0b3b,Decision - Split,3,Cortney Casey,Angela Hill,300,3
855338a9a68e4c9f,Decision - Majority,3,TIE,TIE,300,3
fa152ada833de1d4,KO/TKO,1,Guy Mezger,John Dowdy,,
11e83902f5b8ff63,TKO - Doctor's Stoppage,2,Joaquin Buckley,Albert Duraev,300,3
786296db3c4749f1,Decision - Split,3,Ricky Glenn,Dennis Bermudez,300,3
891b2faf1bff38ee,Decision - Unanimous,3,Aiemann Zahabi,Jose Aldo,300,3
45ec0c5f19c9adbe,KO/TKO,1,Ryan Gandra,Jose Daniel Medina,300,3
0c418b9cdfd525c9,Submission,2,Nathan Fletcher,Zygimantas Ramaska,300,3
311156891c7bdf60,Decision - Unanimous,3,Justin Scoggins,Ray Borg,300,3
4dc5039b21013b3a,Submission,1,Deiveson Figueiredo,Joseph Benavidez,300,5
d4ad90ac58429b64,KO/TKO,1,Terrance McKinney,Matt Frevola,300,3
73f451d894a1d4ca,KO/TKO,1,Carlos Prates,Neil Magny,300,5
a22fd3735819d858,Decision - Unanimous,3,Sumudaerji,Jesus Aguilar,300,3
c151729e47d9122b,Decision - Unanimous,3,Forrest Griffin,Stephan Bonnar,300,3
6e9cf53cd87e1b7e,Decision - Unanimous,3,Ashley Yoder,Syuri Kondo,300,3
3640defb8294bd37,Submission,1,Mackenzie Dern,Hannah Cifers,300,3
a3b972117a3998ee,Submission,3,Josh Barnett,Andrei Arlovski,300,5
c48af5eafb532d0a,Decision - Unanimous,3,Arnold Allen,Gilbert Melendez,300,3
aeb3e4d9710207a4,KO/TKO,1,Zhang Mingyang,Brendson Ribeiro,300,3
804eff79a58ad250,Decision - Unanimous,3,Gray Maynard,Dennis Siver,300,3
6ac1478baeddaae8,KO/TKO,2,Mark Hunt,Chris Tuchscherer,300,3
077667e3aaf314db,KO/TKO,3,Brendan Schaub,Mirko Filipovic,300,3
5116f9398bfca446,KO/TKO,2,Roman Kopylov,Claudio Ribeiro,300,3
f75fe8b384b0db11,Submission,2,Luana Santos,Tainara Lisboa,300,3
10e35a0667d39086,Decision - Unanimous,3,Phil Davis,Rodney Wallace,300,3
a2f2c64f9fb3fb1c,KO/TKO,5,Anthony Hernandez,Michel Pereira,300,5
f24c296256faeff2,Decision - Split,3,Rashid Magomedov,King Green,300,3
808d47f905e84e7e,Decision - Unanimous,3,Gleison Tibau,Jason Dent,300,3
24a9fc95a3112f51,Submission,1,Mario Bautista,Brian Kelleher,300,3
de84ebe3b8cb8cd3,Decision - Unanimous,3,Sam Stout,Matt Wiman,300,3
b46b27222e62aec1,Decision - Split,3,Michinori Tanaka,Joe Soto,300,3
53bb7c4a606d60c0,Decision - Unanimous,3,Stevie Ray,Jessin Ayari,300,3
5b0cc074c657ebd4,Submission,3,Max Holloway,Andre Fili,300,3
b85ce7371fb18305,Decision - Unanimous,2,Mark Hughes,Alex Stiebling,300,2
c97e99ca5422f03b,Decision - Unanimous,3,Edson Barboza,Paul Felder,300,3
713c9b6d0abe5cfc,TKO - Doctor's Stoppage,2,Yushin Okami,Lucio Linhares,300,3
ecc41acbd699812a,KO/TKO,1,Mac Danzig,Joe Stevenson,300,3
2cb34fc074f7a9ae,Decision - Unanimous,3,Christian Rodriguez,Raul Rosas Jr.,300,3
dc6f69f923744948,Decision - Unanimous,3,Marcin Prachnio,William Knight,300,3
587d373f18f6c8c0,Decision - Split,3,Francisco Trinaldo,Dwight Grant,300,3
5655639baecd8f6a,Submission,1,Royce Gracie,Jason DeLucia,,
181429d8227794cb,Decision - Unanimous,3,Mairbek Taisumov,Tae Hyun Bang,300,3
43baf5b905686ebf,Decision - Split,3,Kyle Noke,Jonavin Webb,300,3
4ce0a62cdad7bf32,Decision - Unanimous,3,Jimmie Rivera,Iuri Alcantara,300,3
05065fa2bc3693b4,Decision - Unanimous,3,Miesha Tate,Jessica Eye,300,3
ba0b95898baad200,Decision - Unanimous,3,Shamar Bailey,Ryan McGillivray,300,3
e17c7b239e8d6c32,Decision - Unanimous,3,Patrick Cummins,Antonio Carlos Junior,300,3
5deeecb6aaa5dfd1,Decision - Unanimous,3,Mitch Clarke,John Maguire,300,3
88a63555728c2025,Submission,2,Marcus McGhee,Journey Newson,300,3
16d31775a8dcb31d,Decision - Unanimous,3,Karol Rosa,Bethe Correia,300,3
5d7a720a2e2f4749,Decision - Unanimous,3,Jim Miller,Joe Lauzon,300,3
2dd0a47f43dfe8f6,Submission,2,Adriano Martins,Daron Cruickshank,300,3
fb7ebdda8658fa05,KO/TKO,1,Alatengheili,Kevin Croom,300,3
be5cdd4872fbd0b7,Submission,2,Seth Baczynski,Clay Harvison,300,3
765a1fde5ee12784,KO/TKO,2,Yves Edwards,Rafaello Oliveira,300,3
ec2358459ffbe7de,Submission,2,Tatiana Suarez,Jessica Andrade,300,3
48ff3f1bcefbf965,Decision - Unanimous,3,Miles Johns,Cody Gibson,300,3
95f052cbeb1d5e65,Decision - Split,3,Carmelo Marrero,Cheick Kongo,300,3
b57aaf04af8bdd34,KO/TKO,1,Lyoto Machida,CB Dollaway,300,5
00c6a2ef07ca51da,TKO - Doctor's Stoppage,3,Joaquin Buckley,Colby Covington,300,5
54f9e3e1fad7a589,Submission,1,Cynthia Calvillo,Amanda Cooper,300,3
e03ec6b24fca2386,KO/TKO,1,Igor Pokrajac,Krzysztof Soszynski,300,3
daa6b47be304ec86,KO/TKO,1,Joe Pyfer,Marc-Andre Barriault,300,3
cc444b10ea87c381,KO/TKO,1,Thiago Silva,James Irvin,300,3
43bbaf06603b0f0c,KO/TKO,1,Shamil Gaziev,Thomas Petersen,300,3
9c884cbc3791bf60,Decision - Unanimous,5,Dominick Cruz,Urijah Faber,300,5
53abea410a0541c8,Decision - Split,3,Livinha Souza,Sarah Frota,300,3
cdfaa6f4154a0ee9,Decision - Unanimous,3,Paul Kelly,Troy Mandaloniz,300,3
130e622d4d2aee3e,KO/TKO,1,Kyle Daukaus,Michel Pereira,300,3
fae99a4089f8abb0,Decision - Unanimous,5,Jon Jones,Dominick Reyes,300,5
b55605791a4d72b9,KO/TKO,3,Dustin Poirier,Anthony Pettis,300,5
f2916c10b7ecfcee,KO/TKO,1,Stipe Miocic,Andrei Arlovski,300,3
9a1a57b0abcd4599,Decision - Unanimous,3,John Makdessi,Abel Trujillo,300,3
8a9c8f1d53d8c664,KO/TKO,1,Alonzo Menifield,Vinicius Moreira,300,3
4a7d39ebc9dce5db,Submission,2,Rich Clementi,Anthony Johnson,300,3
82b2b97b85c7225c,Decision - Unanimous,3,Matheus Nicolau,David Dvorak,300,3
397ace87deeb8697,KO/TKO,3,Derrick Lewis,Alexander Volkov,300,3
f329bd89e375d6df,Submission,1,Karine Silva,Maryna Moroz,300,3
e37368ff2a7a71f6,Decision - Unanimous,3,Wilson Reis,Ivan Menjivar,300,3
c99370e3e54bd5fd,KO/TKO,1,Paul Daley,Dustin Hazelett,300,3
7736eb6bd5c1ff4a,Submission,3,Jasmine Jasudavicius,Priscila Cachoeira,300,3
d0ebb0551377a1c1,KO/TKO,1,Matthew Semelsberger,Jason Witt,300,3
b01e6e97d66681c5,Submission,2,Bill Algeo,TJ Brown,300,3
a951090fb402fd20,Decision - Unanimous,3,Punahele Soriano,Nikolay Veretennikov,300,3
53efc226c8eaf768,Decision - Unanimous,3,Elizabeth Phillips,Jessamyn Duke,300,3
fb57dcc651894ae9,Decision - Unanimous,3,Riki Fukuda,Steve Cantwell,300,3
357cf8a9b6737625,KO/TKO,1,Zhang Weili,Jessica Andrade,300,5
602e8602fe9c9121,Submission,1,Zak Cummings,Ben Alloway,300,3
5704e73f91b9e7f7,Decision - Unanimous,3,Steve Erceg,Alessandro Costa,300,3
4de28817db9fc9d8,Submission,2,Stefan Struve,Marcos Rogerio de Lima,300,3
eb53ec8983cb2a95,Decision - Unanimous,3,Timothy Johnson,Marcin Tybura,300,3
68cf99b6551dc3b3,Decision - Unanimous,3,Trevin Giles,Roman Dolidze,300,3
9443197a9e0a22a2,Submission,3,Mike Pierce,Amilcar Alves,300,3
0a667143584a2d96,Decision - Unanimous,3,Germaine de Randamie,Raquel Pennington,300,3
9fc85aef42733a16,Decision - Unanimous,3,Andrew Sanchez,Khalil Rountree Jr.,,
8da94b2c1c0443d4,Submission,2,Rodolfo Vieira,Oskar Piechota,300,3
381b2df85ac06615,Decision - Unanimous,3,Tony Ferguson,Yves Edwards,300,3
0071c5d16e6e07f6,KO/TKO,2,Jorge Rivera,Eric Schafer,300,3
d40f865aa6be9cd0,KO/TKO,2,Khalid Murtazaliev,CB Dollaway,300,3
029cd254fe02d4b8,Decision - Unanimous,3,Jon Fitch,Chris Wilson,300,3
d02ac0447fb2a7a0,Decision - Unanimous,3,Scott Jorgensen,Danny Martinez,300,3
0fca825e14429c1f,Submission,1,Yaroslav Amosov,Neil Magny,300,3
002c1562708ac307,KO/TKO,1,Tony Ferguson,Katsunori Kikuno,300,3
0582b78dc635301b,KO/TKO,1,Chris Leben,Jorge Rivera,300,3
e842c6f63fa2e27a,Decision - Unanimous,3,Ketlen Vieira,Sijara Eubanks,300,3
55bd050afe169b34,KO/TKO,1,Khalil Rountree Jr.,Gokhan Saki,300,3
57785c9be5b4526d,Decision - Unanimous,3,Alexander Munoz,Carl Deaton,300,3
88ce808e4e604180,Decision - Unanimous,3,Leon Edwards,Vicente Luque,300,3
5dde61734080ac4a,Decision - Unanimous,3,Daniel Rodriguez,Kevin Holland,300,3
711fcf95370fa90b,KO/TKO,3,Reza Madadi,Yan Cabral,300,3
e1eeb61d0669ce45,Decision - Unanimous,3,Andre Soukhamthath,Jonathan Martinez,300,3
c960184a583f1861,Decision - Unanimous,3,Cory McKenna,Cheyanne Vlismas,300,3
ee31f081cf576273,KO/TKO,1,Alan Jouban,Brendan O'Reilly,300,3
9140e6fdeaa7cd3f,Decision - Unanimous,3,Omar Morales,Dong Hyun Ma,300,3
2e6c21d6bad88346,Submission,1,Tony DeSouza,Dustin Hazelett,300,3
777c65184aa63894,KO/TKO,2,Alexandr Romanov,Jared Vanderaa,300,3
4c12c9085200121f,KO/TKO,2,Jan Blachowicz,Dominick Reyes,300,5
8d70694ceeb0dc9a,Decision - Unanimous,3,Jennifer Maia,Alexis Davis,300,3
17bb1e62772ac5af,Decision - Unanimous,3,Chris Kelades,Paddy Holohan,300,3
ed53922429a19c99,KO/TKO,1,Gabriel Gonzaga,Shawn Jordan,300,3
2dd864ec1a1a4031,Decision - Unanimous,3,Dennis Siver,George Sotiropoulos,300,3
a822be2a017f329e,Submission,2,Rick Story,Leonardo Mafra,300,3
219bd976b8ca745d,Decision - Split,3,Rich Clementi,Sam Stout,300,3
5ab7629e07da22e6,Submission,3,Sergio Moraes,Renee Forte,300,3
999a0fad4c82148d,Decision - Unanimous,3,Justin Gaethje,Michael Chandler,300,3
e0f8e1e8cbdd63da,KO/TKO,2,Anthony Johnson,Jimi Manuwa,300,3
68137e9ff22d426b,Decision - Split,3,Danny Castillo,Anthony Njokuani,300,3
a117805ab030b194,Decision - Split,3,Gleison Tibau,Rafael Dos Anjos,300,3
7d474fbf31894108,Decision - Unanimous,3,Caio Borralho,Abus Magomedov,300,3
cbb4673397b5e96f,KO/TKO,2,Al Iaquinta,Joe Lauzon,300,3
79f1c9f97d83ec83,Decision - Unanimous,3,Amanda Lemos,Iasmin Lucindo,300,3
b3cafb4e6e1b2ad0,Submission,1,Maurice Smith,David Abbott,,
fa534aaa5b997a69,Decision - Unanimous,3,Luke Riley,Michael Aswell Jr.,300,3
da7afd49fefe6a46,Decision - Unanimous,3,Shinsho Anzai,Luke Jumeau,300,3
72c3e5eacde4f0e5,Decision - Unanimous,5,Amanda Nunes,Julianna Pena,300,5
18a1617ee7356352,KO/TKO,2,Jared Cannonier,Derek Brunson,300,3
d40eae4425092219,KO/TKO,2,Tanner Boser,Ovince Saint Preux,300,3
e9e6023dbba9a8b0,Submission,1,Ronda Rousey,Liz Carmouche,300,5
dc3deae609874677,KO/TKO,2,Francisco Rivera,George Roop,300,3
eeef3df8adb8acc7,Decision - Unanimous,3,Jimy Hettes,Nam Phan,300,3
9cd5a54a285653c2,Decision - Unanimous,3,Din Thomas,Fabiano Iha,300,3
5ba1e6f5519074c9,KO/TKO,1,Travis Browne,Gabriel Gonzaga,300,3
48ea8a30f7b88cfc,KO/TKO,1,Vicente Luque,Jalin Turner,300,3
09a7f0979a58e6ea,KO/TKO,2,Chepe Mariscal,Jack Jenkins,300,3
e2b4130c7b1ff8bc,Decision - Unanimous,3,Paige VanZant,Felice Herrig,300,3
2554b31a07f34e1a,Decision - Unanimous,3,Ailin Perez,Joselyne Edwards,300,3
6455d9c54d99b851,Decision - Unanimous,3,Merab Dvalishvili,Terrion Ware,300,3
eb096b0196a7ff65,Decision - Unanimous,3,Jussier Formiga,Deiveson Figueiredo,300,3
838bb84a5a976a9c,Decision - Unanimous,5,Rafael Dos Anjos,Renato Moicano,300,5
ff389a4326fc9255,KO/TKO,4,Luke Rockhold,Chris Weidman,300,5
92975b516e6463b6,Decision - Unanimous,3,Gleison Tibau,Josh Neer,300,3
c83487136636e9bf,KO/TKO,2,Paul Felder,Charles Oliveira,300,3
e011819e721c4a2a,KO/TKO,2,Mansur Abdul-Malik,Nick Klein,300,3
aefca2869c87eb11,KO/TKO,3,Ryan Bader,Keith Jardine,300,3
420114bb94080b3c,Decision - Unanimous,3,Rodrigo Damm,Ivan Jorge,300,3
da22d5a717ae9e35,KO/TKO,1,Justin Tafa,Parker Porter,300,3
b36362f5db72abee,Decision - Split,3,Dustin Ortiz,Ray Borg,300,3
c4a7f7d8eb8fe484,Submission,1,Matt Brown,Tim Means,300,3
cd6452a463ec8a28,Decision - Unanimous,3,Karl Williams,Justin Tafa,300,3
32ad75f6c8ca7e9f,KO/TKO,1,Kelvin Gastelum,Michael Bisping,300,5
74f757bacb86a71c,KO/TKO,1,Mike Swick,Alex Schoenauer,300,3
323dc938d93a849b,TKO - Doctor's Stoppage,2,Tony Ferguson,Donald Cerrone,300,3
ff467a5f06a91a0f,Decision - Unanimous,3,Askar Askarov,Tim Elliott,300,3
11e7f12ecb2d1597,KO/TKO,3,Edson Barboza,Terry Etim,300,3
5027a869467001d3,KO/TKO,1,Andrei Arlovski,Marcio Cruz,300,3
ffcb47e17eebe6a6,Submission,3,Grant Dawson,Mateusz Rebecki,300,3
110e1d794443b736,KO/TKO,1,Santiago Ponzinibbio,Court McGee,300,3
ea674e0285fb77f5,Decision - Unanimous,3,Tecia Pennington,Michelle Waterson-Gomez,300,3
14c3447726332f2b,Submission,1,Dan Miller,Jake Rosholt,300,3
426ca5caeb857f1e,KO/TKO,1,Neil Magny,Craig White,300,3
af5f287198f20eb4,KO/TKO,2,Abdul-Kerim Edilov,Bojan Mihajlovic,300,3
ad68450307a21ab1,Decision - Unanimous,3,Zach Reese,Dusko Todorovic,300,3
8baff440b82afd2b,Decision - Unanimous,3,Mateusz Gamrot,Rafael Dos Anjos,300,3
a602c68147b752b2,KO/TKO,3,Carli Judice,Nicolle Caliari,300,3
12eec1df1fd078a2,Submission,1,Kelvin Gastelum,Jake Ellenberger,300,3
049ad6d87b42eba8,Decision - Split,5,Valentina Shevchenko,Taila Santos,300,5
12563423bf15e75d,Decision - Unanimous,3,Devin Clark,Mike Rodriguez,300,3
bc6100e6dd239db7,Decision - Split,3,TIE,TIE,300,3
41d170c5da83c8be,KO/TKO,1,Ben Rothwell,Brendan Schaub,300,3
243e5e9b6678f303,Decision - Split,3,Yair Rodriguez,Charles Rosa,300,3
b71cb011942f3176,Submission,1,Mark Coleman,Gary Goodridge,,
5135e078b807f9a2,KO/TKO,1,Ovince Saint Preux,Cody Donovan,300,3
d6e75e0238d3ad9b,Submission,1,Ryan Jensen,Steve Steinbeiss,300,3
3b561a154aa2bbb2,KO/TKO,1,Alexander Volkov,Alexandr Romanov,300,3
47e17513aae45a95,Submission,1,Brock Larson,Jesse Sanders,300,3
2a7909acde26a240,Decision - Unanimous,3,Norma Dumont,Ashlee Evans-Smith,300,3
1881b1e85cceee13,Decision - Unanimous,3,Brandon Moreno,Kai Kara-France,300,3
ea43a5fe4ff9a3c4,KO/TKO,1,Sodiq Yusuff,Gabriel Benitez,300,3
be0507682d0ce713,Decision - Unanimous,3,Yves Edwards,Eddie Ruiz,300,3
e86f7b7f3a047d2a,Submission,3,Siyar Bahadurzada,Brandon Thatch,300,3
2270b89b17067838,Decision - Split,3,Vladimir Matyushenko,Eliot Marshall,300,3
5a5a65d8df176506,KO/TKO,1,Alexandre Pantoja,Matt Schnell,300,3
0a9f22de8600c762,Decision - Unanimous,3,Alexa Grasso,Ji Yeon Kim,300,3
20af0f55d226f320,Decision - Unanimous,3,Chad Laprise,Yosdenis Cedeno,300,3
a409a5381f082e8f,KO/TKO,1,Alex Oliveira,Carlo Pedersoli Jr.,300,3
fc2585e234e49dee,Submission,1,Jon Tuck,Takanori Gomi,300,3
a1f4a5fcef50915b,KO/TKO,1,Johny Hendricks,TJ Waldburger,300,3
50d5a170516de2ad,Submission,2,Marlon Vera,Roman Salazar,300,3
42ecb9a94bebc24d,KO/TKO,1,Randy Costa,Journey Newson,300,3
a4d7e8241422ed41,Decision - Unanimous,3,Jason High,Anthony Lapsley,300,3
56aac937d9f1d13a,Decision - Unanimous,3,Diego Sanchez,Joe Stevenson,300,3
818b55b087013e64,Decision - Unanimous,3,Sodiq Yusuff,Sheymon Moraes,300,3
9a92d376fba2379d,KO/TKO,1,Jeremiah Wells,Court McGee,300,3
61d89b0cb175430c,Decision - Unanimous,3,Matthew Riddle,Dante Rivera,300,3
ddd9e64d97b095f9,Decision - Unanimous,3,Islam Makhachev,Nik Lentz,300,3
0dc2fc8d39e226a3,KO/TKO,2,Rodolfo Bellato,Ihor Potieria,300,3
5b5d7f7ae712c6d8,Decision - Split,3,Maria Oliveira,Gloria de Paula,300,3
ceb5b0f1f6daddf6,Decision - Unanimous,3,Luana Santos,Melissa Croden,300,3
10f54096561f587d,Decision - Unanimous,3,Miguel Torres,Nick Pace,300,3
ad14c502c9c5a7e9,Decision - Unanimous,3,Dom Mar Fan,Sangwook Kim,,
dff8e4ef87d69516,Decision - Split,3,Muslim Salikhov,Santiago Ponzinibbio,300,3
891470d896b1de5a,KO/TKO,2,Beneil Dariush,Drakkar Klose,300,3
f32f823658478705,KO/TKO,1,Frank Shamrock,Igor Zinoviev,,
5067fe22dbc4baff,KO/TKO,2,Josh Samman,Kevin Casey,300,3
bbe3d2a2ad8d204e,Submission,1,Gabriel Gonzaga,Justin McCully,300,3
5bcc7204a43cf34e,KO/TKO,1,Roy Nelson,Matt Mitrione,300,5
b57345c34f6d2ab3,Decision - Unanimous,3,Ramsey Nijem,Joe Proctor,300,3
7a91b26b3e231fff,Decision - Unanimous,3,Neil Magny,Gasan Umalatov,300,3
f208b79b0d78045b,KO/TKO,1,Sam Alvey,Daniel Kelly,300,3
e1ec8774466db669,Submission,1,Vicente Luque,Hayder Hassan,300,3
6832e9e62da0f9d3,KO/TKO,2,Casey O'Neill,Antonina Shevchenko,300,3
77f960d82cda0b76,KO/TKO,1,Bogdan Guskov,Nikita Krylov,300,3
7a72d7448159fb59,KO/TKO,1,Anthony Johnson,Yoshiyuki Yoshida,300,3
60949f33201415ca,KO/TKO,1,Cub Swanson,Nate Landwehr,300,3
62ff1e5deb124ff5,Decision - Unanimous,3,Nassourdine Imavov,Brendan Allen,300,3
b5be58e7fa1e7439,Decision - Unanimous,3,Brad Pickett,Neil Seery,300,3
fa520c5834cda94e,KO/TKO,2,Ross Pearson,Ryan Couture,300,3
f3e2038bfb9b5d9d,Decision - Unanimous,3,Scott Holtzman,Jim Miller,300,3
8aefe4de7a490de6,KO/TKO,1,Bart Palaszewski,Tyson Griffin,300,3
9ebb7bba0b45d517,Submission,1,Marco Ruas,Larry Cureton,,
637f792270a0c746,Decision - Unanimous,3,Shamil Gaziev,Don'Tale Mayes,300,3
5da7d95051699adb,KO/TKO,1,Ronda Rousey,Alexis Davis,300,5
319f3fad278368e6,Submission,2,Brandon Moreno,Dustin Ortiz,300,3
a043e279434d5c8c,KO/TKO,3,Grant Dawson,Leonardo Santos,300,3
a9d8ddb49dbe414b,KO/TKO,2,Thomas Almeida,Brad Pickett,300,3
f6d6b660e1578744,KO/TKO,1,Nikita Krylov,Cody Donovan,300,3
20b5de395c0f1375,KO/TKO,2,Darren Stewart,Eric Spicely,300,3
968cd768ac41e6ee,KO/TKO,3,John Lewis,Lowell Anderson,300,3
ed94cdc0f2b97e15,Decision - Unanimous,3,Arnold Allen,Nik Lentz,300,3
24f156a78bd32026,Submission,2,Alex Oliveira,Tim Means,300,3
9d35723a53749931,Decision - Unanimous,3,Roman Kopylov,Marco Tulio,300,3
d07dd6239afe1cb0,KO/TKO,1,Oskar Piechota,Tim Williams,300,3
dbc30717a3efba58,Decision - Unanimous,3,Rich Franklin,Yushin Okami,300,3
5f617d6c19d3a281,KO/TKO,3,Calvin Kattar,Shane Burgos,300,3
6ccd10adc968e1f0,Decision - Unanimous,3,Serhiy Sidey,Cameron Smotherman,300,3
00566b4d89565373,Submission,2,Urijah Faber,Michael McDonald,300,3
764e5910ac779ae9,KO/TKO,1,Anthony Johnson,Chad Reiner,300,3
8d4a475e48722fea,KO/TKO,2,Jamahal Hill,Ovince Saint Preux,300,3
1adee75d6c671cc8,Decision - Unanimous,3,Tecia Pennington,Brianna Fortino,300,3
2faa7b48b4d51cab,Submission,2,Jake Matthews,Vagner Rocha,300,3
1733594124569598,Submission,1,CB Dollaway,Joe Doerksen,300,3
adb35d212e716b8a,Decision - Unanimous,3,Justin Salas,Anton Kuivanen,300,3
4fe799b4fa1afb76,Submission,1,Felicia Spencer,Megan Anderson,300,3
423f32dd018ac218,Submission,2,Song Yadong,Deiveson Figueiredo,300,5
8bcdcfb0f93f1409,KO/TKO,2,Tony Kelley,Randy Costa,300,3
d00d5ef4ae0ac01b,KO/TKO,1,Bruno Silva,Brad Tavares,300,3
85511ab7fd9ed061,KO/TKO,1,Henry Cejudo,TJ Dillashaw,300,5
43f0495855470427,KO/TKO,1,Jon Jones,Brandon Vera,300,3
f1ffe3ba615ad7b9,Decision - Unanimous,3,Rich Attonito,Rafael Natal,300,3
5cbd93c68225a845,Submission,2,Trevor Prangley,Curtis Stout,300,3
5f622d812b8f407f,Decision - Unanimous,3,Preston Parsons,Matthew Semelsberger,300,3
2671de30a1736f51,KO/TKO,1,Khama Worthy,Devonte Smith,300,3
43d90683078fcee5,Decision - Split,3,Ramon Taveras,Serhiy Sidey,300,3
8beab5f941dae8e0,Decision - Unanimous,3,Mohammed Usman,Junior Tafa,300,3
36c929fb1569d4b9,KO/TKO,3,Eugene Jackson,Keiichiro Yamamiya,300,3
3112430100d2d0be,KO/TKO,1,Tai Tuivasa,Cyril Asker,300,3
3d9398386c84109b,KO/TKO,2,Francisco Trinaldo,Evan Dunham,300,3
6a315ef5bf22af29,Submission,2,Jan Blachowicz,Devin Clark,300,3
62b5ce408c150fa8,Submission,2,Mateusz Gamrot,Esteban Ribovics,300,3
9fa3623172adb4cd,KO/TKO,1,John Phillips,Alen Amedovski,300,3
08d4e3864c44f8a5,Decision - Unanimous,3,Tyrell Fortune,Marcin Tybura,300,3
25e1d17d072227c6,Decision - Unanimous,3,Drakkar Klose,Christos Giagos,300,3
375c2ecb6fe54cc6,KO/TKO,1,Rogerio Nogueira,Patrick Cummins,300,3
3be121d4f5460893,Submission,3,Damian Stasiak,Davey Grant,300,3
99b5010fd25911af,KO/TKO,1,Pedro Rizzo,Tra Telligman,,
a283975bf9355757,KO/TKO,1,Derrick Lewis,Jack May,300,3
aa7d691fc6385acb,KO/TKO,1,Pedro Munhoz,Bryan Caraway,300,3
19d1ae54681bc722,KO/TKO,1,Aleksandar Rakic,Devin Clark,300,3
f281a6775bccb8df,Decision - Unanimous,3,Richard Walsh,Steve Kennedy,300,3
62f564662f33692d,KO/TKO,1,Devin Powell,Alvaro Herrera Mendoza,300,3
8e1feda9141602f1,Decision - Unanimous,3,Brendan Allen,Marvin Vettori,300,3
65171ae917df102f,KO/TKO,1,Rafael Dos Anjos,George Sotiropoulos,300,3
5000a0bde6213fd9,Submission,1,Ryan Jensen,Jesse Forbes,300,3
d0fb381cacbb0446,KO/TKO,1,Curtis Blaydes,Tom Aspinall,300,5
8b61a3acdfb007d9,Submission,1,Wilson Reis,Hector Sandoval,300,3
6114076c689e8457,Decision - Unanimous,3,Rinat Fakhretdinov,Carlos Leal,300,3
b09ecdc8ef0f0d20,Decision - Split,3,Jakub Wiklacz,Patchy Mix,300,3
9e62f31318d21a32,TKO - Doctor's Stoppage,1,Sean Sherk,Benji Radach,300,3
5d4fb748ad246269,Decision - Split,3,Michel Pereira,Santiago Ponzinibbio,300,3
0eac7075bf3d7ab7,Submission,3,Julia Avila,Julija Stoliarenko,300,3
e2535e0753954514,Decision - Unanimous,3,Ray Borg,Geane Herrera,300,3
022bdd58cc6e571d,KO/TKO,2,Cub Swanson,Daniel Pineda,300,3
03d30a534dee8ac5,Submission,1,Rousimar Palhares,Ivan Salaverry,300,3
e08479759c296bb1,Decision - Split,3,Cody Stamann,Tom Duquesnoy,300,3
91bf33ada75d6061,Decision - Unanimous,3,Jasmine Jasudavicius,Mayra Bueno Silva,300,3
bf614956b28f231c,KO/TKO,3,Jessica-Rose Clark,Sarah Alpar,300,3
dbb0ca0198ac514a,TKO - Doctor's Stoppage,5,Kevin Lee,Edson Barboza,300,5
de2b0b8ef112f3b7,Submission,2,Wilson Gouveia,Seth Petruzelli,300,3
c8fbe7ade97e2055,KO/TKO,1,Antonio Rodrigo Nogueira,Brendan Schaub,300,3
1acdcfe32d975f42,Submission,1,Cezar Ferreira,Thiago Santos,300,3
60de5efe5b439c8b,Decision - Unanimous,3,Sage Northcutt,Michel Quinones,300,3
e7b3ca036835b7c2,Submission,2,Jaqueline Amorim,Polyana Viana,300,3
a031f062b7ffefee,KO/TKO,1,Carlos Ulberg,Jiri Prochazka,300,5
a2be3b3f9739d0af,Decision - Unanimous,3,Stephan Bonnar,Igor Pokrajac,300,3
01c9acf719298187,KO/TKO,3,Brad Tavares,Krzysztof Jotko,300,3
d3f5854d16fc31f9,KO/TKO,1,Dan Ige,Mike Santiago,300,3
49bd9a2f1fbebd1f,KO/TKO,2,Viacheslav Borshchev,Maheshate,300,3
51a12878b151d67b,Submission,2,Loma Lookboonmee,Elise Reed,300,3
88c2da7b33cca8d4,Decision - Unanimous,3,Gray Maynard,Teruto Ishihara,300,3
ac39c1f00ae31e58,Decision - Unanimous,3,Alden Coria,Luis Gurule,300,3
6017ccf5fa09da34,Decision - Unanimous,3,Seth Baczynski,Neil Magny,300,3
50a381c1eb88dbb0,Decision - Unanimous,5,Renan Barao,Urijah Faber,300,5
789a8911fcd6de13,Decision - Unanimous,3,Gray Maynard,Jim Miller,300,3
90715135a543b6e3,Submission,3,Gillian Robertson,Cortney Casey,300,3
a369d5ca5aef8b25,Submission,1,Joe Lauzon,Melvin Guillard,300,3
1f0d4572e0facbea,KO/TKO,2,Aljamain Sterling,TJ Dillashaw,300,5
25da6035f591c245,TKO - Doctor's Stoppage,2,Warlley Alves,Sultan Aliev,300,3
28c70663b99560a8,Decision - Unanimous,5,Leon Edwards,Donald Cerrone,300,5
711ec0545552455b,Decision - Unanimous,3,Chelsea Chandler,Josiane Nunes,300,3
5bfaa389a67139fd,Submission,1,Claudia Gadelha,Karolina Kowalkiewicz,300,3
6eb4b84c4b10854a,KO/TKO,1,Alexander Yakovlev,George Sullivan,300,3
a7cf716f5d73b558,Decision - Split,3,Karl Roberson,Wellington Turman,300,3
33658a3ca932d15d,Decision - Unanimous,3,Maycee Barber,Katlyn Cerminara,300,3
65ce293c20bd25e2,Submission,2,Jon Jones,Ryan Bader,300,3
834f67e96612cd6f,Decision - Split,3,Eryk Anders,Gerald Meerschaert,300,3
0da0dc2c7eb29f58,Decision - Unanimous,3,Jenel Lausa,Yao Zhikui,300,3
fec8b9760d6bb235,Submission,1,Alexander Gustafsson,James Te Huna,300,3
634dbcef5111f939,Decision - Split,3,Al Iaquinta,Jorge Masvidal,300,3
043172689e415438,Decision - Unanimous,3,Jhonata Diniz,Alvin Hines,300,3
49f83168974fb60f,KO/TKO,2,Vitor Miranda,Marcelo Guimaraes,300,3
63af858a04c1ad79,Submission,3,James Krause,Sam Stout,300,3
9f428684f3db247f,Submission,2,Alex Garcia,Muslim Salikhov,300,3
a693622ad8c0d672,Submission,2,Shauna Bannon,Puja Tomar,300,3
5e794b8ef52c88cb,KO/TKO,2,Henrique da Silva,Jonathan Wilson,300,3
b6462127cf553ff3,Submission,1,Alan Belcher,Sean Salmon,300,3
b69d3d55c84f5dd6,Decision - Unanimous,3,Drakkar Klose,King Green,300,3
c53325be8ce33b8b,Submission,1,Jason DeLucia,Scott Baker,,
0bdb170e1fef36b6,Submission,3,Neil Magny,Kiichi Kunimoto,300,3
2817a6f9e09eb15f,Decision - Unanimous,3,Drakkar Klose,Lando Vannata,300,3
66aa57912b5c5170,Decision - Unanimous,3,Johny Hendricks,Matt Brown,300,3
91aa08e910fb4412,KO/TKO,1,Kyle Nelson,Bill Algeo,300,3
d16f7ab4e28171ea,Decision - Unanimous,5,Rob Font,Cody Garbrandt,300,5
9c9039f921aa86ca,Decision - Unanimous,3,Din Thomas,Clay Guida,300,3
7dc3ada8f2135477,Decision - Split,3,Kevin Holland,Gerald Meerschaert,300,3
16369fa06392f6a0,KO/TKO,2,Carla Esparza,Yan Xiaonan,300,3
2d6182d1d398ed6a,Decision - Unanimous,3,Thales Leites,Sam Alvey,300,3
cd20dac4daa4f93a,Decision - Unanimous,3,Farid Basharat,Da'Mon Blackshear,300,3
e4620f3fa451a3a4,Submission,2,Nazim Sadykhov,Terrance McKinney,300,3
9d3a38cc18807e10,KO/TKO,1,Augusto Sakai,Marcin Tybura,300,3
85f67de8e9dc5689,Decision - Unanimous,3,Myles Jury,Michael Johnson,300,3
4a46b63c19cfa932,Decision - Unanimous,3,Court McGee,Dominique Steele,300,3
e64075c104471ff0,KO/TKO,1,Dricus Du Plessis,Markus Perez,300,3
579b5770129b328a,Decision - Unanimous,3,Alex Morono,Matthew Semelsberger,300,3
e4c4c54a10e06973,Decision - Split,3,Randa Markos,Carla Esparza,300,3
094a77eecd56a27a,KO/TKO,3,Mike Russow,Todd Duffee,300,3
62ed2b178310306e,KO/TKO,1,Gan McGee,Alexandre Dantas,300,3
9cd973a0a6c1cd5c,Decision - Unanimous,3,Al Iaquinta,Ryan Couture,300,3
ce4314886c57718b,Decision - Unanimous,3,Vinc Pichel,Joaquim Silva,300,3
27868eac1d141498,Decision - Unanimous,3,Gray Maynard,Rich Clementi,300,3
2e9ad55f2e2f7c56,KO/TKO,1,Chris Daukaus,Parker Porter,300,3
b25eacaca1499e30,Decision - Unanimous,3,Alejandro Perez,Eddie Wineland,300,3
a7c63a2b33049ace,Submission,2,Rousimar Palhares,Lucio Linhares,300,3
2d323659e430bc92,Decision - Unanimous,3,Sai Wang,Danny Mitchell,300,3
137646de0ffd9c35,Decision - Unanimous,3,Marcin Tybura,Maxim Grishin,300,3
0b0ba5238399545c,KO/TKO,3,John Howard,Dennis Hallman,300,3
12bf24fa110513d0,Decision - Unanimous,3,Cezar Ferreira,Andrew Craig,300,3
3d76ed7e224e9c99,Submission,3,Dan Hooker,Marc Diakiese,300,3
52db9c816eb99800,KO/TKO,2,Gerald Meerschaert,Eric Spicely,300,3
50325e08203fedbd,KO/TKO,1,Chris Leben,Alessio Sakara,300,3
30eaf1650bc359b3,Decision - Unanimous,3,Ryan Spann,Luis Henrique,300,3
58286d3126cc5263,Decision - Unanimous,3,Jose Quinonez,Teruto Ishihara,300,3
3b463d688d598a72,Decision - Unanimous,3,Mark Munoz,Luke Barnatt,300,3
48231fbd1af53674,KO/TKO,1,Garrett Armfield,Toshiomi Kazama,300,3
aa430402314b4459,KO/TKO,2,Eddie Wineland,Grigory Popov,300,3
c67473192bda50d8,Decision - Unanimous,3,Michael McDonald,Edwin Figueroa,300,3
ea76a3af8c5ecc55,Submission,2,Jordan Leavitt,Matt Sayles,300,3
01d71345ba7ea6f9,Decision - Split,3,Keith Jardine,Brandon Vera,300,3
eb3093e235f048c8,KO/TKO,1,Vitor Belfort,Yoshihiro Akiyama,300,3
baf123a5b5fc674c,Decision - Unanimous,3,Ramsey Nijem,Danny Downes,300,3
0c703bf17c04fee4,Decision - Unanimous,3,Cezar Ferreira,Anthony Smith,300,3
bc7228d30ff5be46,KO/TKO,3,Sam Hughes,Elise Reed,300,3
ea0f7fe570c1533f,Decision - Unanimous,3,George Sullivan,Mike Rhodes,300,3
4abf375aa97364f6,Decision - Unanimous,3,Pat Barry,Joey Beltran,300,3
318449b3f9346566,Submission,3,Anthony Rocco Martin,Felipe Olivieri,300,3
c5e71fbf22f669f7,KO/TKO,1,Amanda Lemos,Montserrat Conejo Ruiz,300,3
5459c3bb88d031f9,KO/TKO,2,Don'Tale Mayes,Andrei Arlovski,300,3
5868c154789648f0,Decision - Unanimous,3,Sodiq Yusuff,Andre Fili,300,3
ec8d93ae99a7799d,Decision - Split,3,TIE,TIE,300,3
443f30a4a856584a,Submission,3,Asu Almabayev,Alex Perez,300,3
dbdad3eb157703bc,Decision - Unanimous,2,Tsuyoshi Kohsaka,Pete Williams,,
a652918360fe9a72,Submission,2,David Onama,Garrett Armfield,300,3
5167a5aec41f8b6d,Submission,1,Ken Shamrock,Felix Lee Mitchell,,
bee95769a221af9a,Decision - Unanimous,3,Montel Jackson,Julio Arce,300,3
7d3da3c4153717de,Decision - Unanimous,5,Mackenzie Dern,Virna Jandiroba,300,5
319b96f615a0a154,Submission,2,Joel Alvarez,Marc Diakiese,300,3
79dcde3ad50f6165,Decision - Split,3,Chris Camozzi,Nick Ring,300,3
194f8d501f318ada,Decision - Unanimous,3,David Bielkheden,Jess Liaudin,300,3
ff4cef86bef2d0aa,KO/TKO,3,Anthony Smith,Hector Lombard,300,3
058c2724dec1add1,KO/TKO,2,Magomed Ankalaev,Anthony Smith,300,3
8f1b727757a60c07,Decision - Unanimous,3,Andre Ewell,Anderson Dos Santos,300,3
483d934c46351c78,Submission,1,DaMarques Johnson,Edgar Garcia,300,3
282d8651ca34b7f6,Submission,1,Rob MacDonald,Kristian Rothaermel,300,3
a158e4ff7ea93d43,KO/TKO,4,Georges St-Pierre,BJ Penn,300,5
7dc551f8153bd053,Submission,2,Marlon Vera,Nohelin Hernandez,300,3
9e90800495c1d607,Decision - Unanimous,5,Valentina Shevchenko,Holly Holm,300,5
18cfc2f58d20c0f2,Submission,2,Dan Miller,John Salter,300,3
ca3230227ee700b7,KO/TKO,1,Nate Quarry,Shonie Carter,300,3
86b8419f22f398c0,Decision - Unanimous,3,Efrain Escudero,Phillipe Nover,300,3
b972f998103731da,Decision - Unanimous,3,Kyle Kingsbury,Jared Hamman,300,3
c39da8538d9c0321,Decision - Split,3,Jake Collier,Ricardo Abreu,300,3
4327fe98e1b6f222,Submission,1,Gabriel Bonfim,Trevin Giles,300,3
f114929ed709606e,KO/TKO,2,Morgan Charriere,Gabriel Miranda,300,3
b34c608bdfa655e8,Decision - Split,3,Rafael Natal,Uriah Hall,300,3
1d8dc0fb5d47357f,KO/TKO,1,Alexander Hernandez,Chase Hooper,300,3
d40bfa821f2fe46a,Submission,3,Hermes Franca,Jamie Varner,300,3
6d691b736d8c98b0,KO/TKO,3,Eddie Sanchez,Soa Palelei,300,3
cbf36e02c68e7719,Submission,1,Diego Ferreira,Colton Smith,300,3
60e5b2c1bdaa203e,Decision - Unanimous,3,Tyrone Roberts,David Dodd,300,3
5eebde8fb4d67259,KO/TKO,1,Montel Jackson,Da'Mon Blackshear,300,3
f594fc5c2bc6237e,KO/TKO,1,Kevin Vallejos,Josh Emmett,300,5
4dd3035430a5ed43,Decision - Split,3,Enrique Barzola,Bobby Moffett,300,3
3b321550c8b4aae6,Decision - Unanimous,3,Max Holloway,Jeremy Stephens,300,3
56ae02578b1163ee,KO/TKO,2,Anthony Pettis,Stephen Thompson,300,5
50f2539c73b98eec,KO/TKO,2,Tai Tuivasa,Augusto Sakai,300,3
7024385b5107bd4b,KO/TKO,1,Ikram Aliskerov,Warlley Alves,300,3
ecfe522e5f1e766b,Decision - Unanimous,3,Luigi Fioravanti,Brodie Farber,300,3
59da727c3ae7b497,Submission,2,Jon Fitch,Roan Carneiro,300,3
5ea39e0fc3b64e83,Submission,1,Davi Ramos,Nick Hein,300,3
913d8a35095591d5,Decision - Unanimous,3,Tim Elliott,Victor Altamirano,300,3
7ec61e2b0728e6d4,KO/TKO,2,Melvin Guillard,Mac Danzig,300,3
689116759885e4a5,Decision - Split,3,Alexander Volkov,Timothy Johnson,300,3
fc91f1e448f35797,KO/TKO,1,Pat Barry,Christian Morecraft,300,3
81c22cfa22002ea4,Decision - Split,3,Andrei Arlovski,Jared Vanderaa,300,3
99c12cc04b4261bf,Decision - Unanimous,3,Colton Smith,Mike Ricci,,
5ab0e805e90d20d5,Submission,2,Joe Lauzon,Brandon Melendez,300,3
241687ff5fe92331,KO/TKO,1,Louis Smolka,Ryan MacDonald,300,3
19f615a7a5cfd304,Submission,1,Rory MacDonald,Mike Guymon,300,3
536c26ef4da9ace7,KO/TKO,2,Stephan Bonnar,Krzysztof Soszynski,300,3
f5cb6cbb09ee8a16,Submission,3,Drew Fickett,Josh Koscheck,300,3
eba6055d217d5b99,Submission,2,Grant Dawson,Darrick Minner,300,3
7036a87673c98a13,Decision - Unanimous,3,Iuri Alcantara,Felipe Arantes,300,3
8dcfa933877e3a0b,Decision - Unanimous,3,Talita Bernardo,Sarah Moras,300,3
4a5e5232346993c7,Submission,3,Andre Petroski,Hu Yaozong,300,3
93b7ae1e0f79d100,Submission,2,Anthony Pettis,Gilbert Melendez,300,5
4096b302747d47b3,KO/TKO,3,Randy Brown,Bryan Barberena,300,3
d83ae4a2e117b775,KO/TKO,1,Junior Albini,Timothy Johnson,300,3
09f67db0cfaee022,Submission,1,Ben Rothwell,Matt Mitrione,300,3
923d5041c3b6d763,KO/TKO,5,Alexander Gustafsson,Glover Teixeira,300,5
b22eab3aa1522f40,Submission,3,Charles Oliveira,Dustin Poirier,300,5
911e151d1907197d,Submission,3,Misha Cirkunov,Ion Cutelaba,300,3
439905344ee8035e,Decision - Unanimous,3,Yaotzin Meza,Damian Stasiak,300,3
ff64fc34065565d0,Submission,3,Charles Oliveira,Nik Lentz,300,3
9fb822537c12d726,TKO - Doctor's Stoppage,2,Pedro Rizzo,Tra Telligman,300,3
02e3699be1d8daa2,KO/TKO,2,Randy Brown,Brian Camozzi,300,3
b2ca310c9d0037d3,KO/TKO,2,Chase Sherman,Ike Villanueva,300,3
77185ff8b4dade6a,KO/TKO,1,Kyle Noke,Peter Sobotta,300,3
498e7b0800af226c,KO/TKO,2,Petr Yan,Douglas Silva de Andrade,300,3
8b5c760f34daafe0,KO/TKO,1,Cody Stamann,Eddie Wineland,300,3
6773055965441b18,Submission,3,Forrest Griffin,Mauricio Rua,300,3
079308cc2efa2e5d,Decision - Unanimous,3,Joseph Benavidez,Dustin Ortiz,300,3
7ac1c2f87b795742,Decision - Split,3,Marco Beltran,Guangyou Ning,300,3
ca16e203eb2bde60,KO/TKO,1,Max Holloway,Akira Corassani,300,3
c02d44564cb006a9,Decision - Unanimous,3,Trey Waters,Josh Quinlan,300,3
40ce202eaa78860c,Decision - Unanimous,3,Diana Belbita,Hannah Goldy,300,3
8b2b2562884821a7,Decision - Split,3,Joselyne Edwards,Lucie Pudilova,300,3
52e07b6540fad19e,Decision - Split,3,Shane Nelson,George Roop,300,3
2a03bc4c491b4c9a,Decision - Split,3,Gabriel Bonfim,Stephen Thompson,300,3
845b8653f9cf839c,Decision - Unanimous,3,Sean Brady,Joaquin Buckley,300,3
d038ff5ac21094f3,Decision - Unanimous,3,Jai Herbert,Rolando Bedoya,300,3
6fe8bce03a46350b,KO/TKO,1,Ian Heinisch,Gerald Meerschaert,300,3
c7cf2194fe5c751f,Decision - Unanimous,3,Josh Culibao,Shayilan Nuerdanbieke,300,3
1e5c66d12761d4fe,KO/TKO,3,Marlon Vera,Brad Pickett,300,3
cd9851b8eadb53a9,Submission,1,Youssef Zalal,Jarno Errens,300,3
e434035be5453be0,Decision - Unanimous,3,Jamey-Lyn Horth,Hailey Cowan,300,3
a457331c27bce6d5,Decision - Unanimous,3,Sergey Morozov,Raulian Paiva,300,3
2bb2a2652fe38809,KO/TKO,2,Neil Magny,Rodrigo de Lima,300,3
67f7163e536d62e2,Decision - Unanimous,5,Roman Dolidze,Marvin Vettori,300,5
8adc6266a7c2fd40,KO/TKO,1,Macy Chiasson,Gina Mazany,300,3
34d38d77c1d3f00e,Decision - Unanimous,3,Pannie Kianzad,Alexis Davis,300,3
a2af14e9dba37b03,KO/TKO,1,Corey Anderson,Johnny Walker,300,3
289004336bd71d34,Decision - Unanimous,3,Ed Herman,Rafael Natal,300,3
a850ba762f3c5334,Decision - Unanimous,3,Jacob Malkoun,Abdul Razak Alhassan,300,3
ad101f8850eff427,Decision - Unanimous,3,Mac Danzig,Efrain Escudero,300,3
9d80bd1f92d23dfa,Decision - Unanimous,5,Valentina Shevchenko,Liz Carmouche,300,5
ce3d94186567a684,KO/TKO,1,Arnold Allen,Dan Hooker,300,3
fdfc700e56575d67,Decision - Unanimous,3,Oskar Piechota,Jonathan Wilson,300,3
54bbc7974df586a1,Decision - Unanimous,3,Pannie Kianzad,Bethe Correia,300,3
b675fb8f413b59e4,Submission,2,Murilo Bustamante,Yoji Anjo,300,3
c611e81778c0b1fc,KO/TKO,1,Francisco Rivera,Alex Caceres,300,3
2eb9b36c09c00d69,Decision - Unanimous,3,Diego Sanchez,Nick Diaz,300,3
d5e0fd3eec76f7e1,Decision - Unanimous,3,Chris Leben,Jay Silva,300,3
ad772f626b5dd31d,KO/TKO,1,Derek Brunson,Daniel Kelly,300,3
d80b0bea0e260b95,Decision - Unanimous,3,Yan Xiaonan,Viviane Pereira,300,3
e5f9d59d00fe3c73,Decision - Unanimous,3,Miranda Maverick,Jamey-Lyn Horth,300,3
bdd782059be98dfb,KO/TKO,3,Ed Herman,Joe Doerksen,300,3
a8cf22bc7d05c0a1,Decision - Unanimous,3,Mike Pyle,Ricardo Almeida,300,3
ec490d4224d3bc78,Decision - Unanimous,3,Cody Garbrandt,Trevin Jones,300,3
5bc31abb5842942a,KO/TKO,3,Cameron Saaiman,Steven Koslow,300,3
61733e5f00f4e194,KO/TKO,1,Josh Koscheck,Chris Sanford,300,3
6e7eb1720bec2bca,KO/TKO,1,Tim Sylvia,Gan McGee,300,5
7253daded133e97c,Decision - Unanimous,3,Nate Marquardt,Dean Lister,300,3
75926dd5b984aa06,Submission,2,Renato Sobral,Chael Sonnen,300,3
df9aa51f6ccdfe02,Decision - Majority,3,TIE,TIE,300,3
3404f9095676a556,KO/TKO,2,Rich Franklin,Jason MacDonald,300,3
b0474597b2c60482,KO/TKO,1,Ketlen Souza,Ariane Carnelossi,300,3
c5a8e0098d1024ce,Decision - Unanimous,3,Diego Sanchez,Marcin Held,300,3
f466cd99d02644e9,KO/TKO,1,Silvana Gomez Juarez,Liang Na,300,3
ffe4379d6bd1e82b,KO/TKO,2,Tim Sylvia,Wesley Correira,300,3
eb6a55ee772dd722,Decision - Unanimous,3,Claude Patrick,Daniel Roberts,300,3
1e9f081a84e7ec18,KO/TKO,1,Ricky Glenn,Joaquim Silva,300,3
cfbeeffd65101ae1,Decision - Unanimous,3,Pete Sell,Joshua Burkman,300,3
d764ef3e078c96c8,Decision - Split,3,Renato Moicano,Jeremy Stephens,300,3
829146a45b3b236b,Decision - Unanimous,3,Renato Verissimo,Carlos Newton,300,3
b6723b9c6ff4d594,KO/TKO,1,Charles Johnson,Jimmy Flick,300,3
562d916f55918901,Decision - Unanimous,3,Christian Leroy Duncan,Roman Dolidze,300,3
b776b08e2cc6aa0c,Decision - Split,3,Maurice Greene,Jeff Hughes,300,3
47cabf79c3340581,Decision - Split,3,Marcelo Guimaraes,Andy Enz,300,3
c4b0ef8f42eecbcc,KO/TKO,2,Jeremy Stephens,Cole Miller,300,3
adf590055f922f5b,KO/TKO,1,Dylan Andrews,Jimmy Quinlan,300,3
c5c5f678558a0ba2,KO/TKO,2,Song Yadong,Felipe Arantes,300,3
d5e927306f5d859b,Decision - Unanimous,3,Makhmud Muradov,Alessio Di Chirico,300,3
5a8f7afc5ea69537,KO/TKO,2,Matheus Nicolau,Matt Schnell,300,3
e4acc3bb3c3e27d1,KO/TKO,1,Brian Johnston,Scott Fiedler,,
5464d7ccb4177464,Submission,1,Kenny Robertson,Thiago Perpetuo,300,3
e6dd15ef9fd7927e,Decision - Unanimous,3,Thiago Tavares,Manvel Gamburyan,300,3
244aa8f002274344,Decision - Unanimous,3,Petr Yan,John Dodson,300,3
b3d88eaea611a4a8,Decision - Unanimous,3,Jose Aldo,Jonathan Martinez,300,3
0c2a634606639d71,KO/TKO,2,Patrick Cummins,Roger Narvaez,300,3
3dd22a9a0ea68cc6,KO/TKO,1,Mike Perry,Alex Reyes,300,3
e69f9b4b9cae12a4,Decision - Unanimous,3,Umar Nurmagomedov,Mario Bautista,300,3
7edf2fe3a8776a44,Decision - Split,3,Brendson Ribeiro,Caio Machado,300,3
975159720cfd0103,Decision - Unanimous,3,Alex Da Silva,Kazula Vargas,300,3
989b8d362742f40b,KO/TKO,3,Irene Aldana,Macy Chiasson,300,3
2c9ddc75869894c5,Decision - Unanimous,3,Chuck Liddell,Wanderlei Silva,300,3
73a83b2595416f0a,Decision - Split,3,Sean Woodson,Youssef Zalal,300,3
204932945d332406,Decision - Unanimous,3,Matt Hughes,Chris Lytle,300,3
9c24c03131d5b49a,KO/TKO,2,Michael Johnson,Ottman Azaitar,300,3
0b2ae6c368369d1b,Decision - Unanimous,3,Joanna Jedrzejczyk,Tecia Pennington,300,3
bed03663bc577f02,Decision - Unanimous,3,Francisco Trinaldo,Jim Miller,300,3
37cb7ce0f0b70640,Decision - Unanimous,5,Dave Menne,Gil Castillo,300,5
5c783d455daff573,Decision - Unanimous,3,Shane Roller,John Alessio,300,3
979318b05efd1ea4,Submission,3,Drew Fickett,Kurt Pellegrino,300,3
2c84f2cb1bb23ab8,Decision - Split,3,Michael Trizano,Luis Pena,300,3
976f7f5e7537c62b,Decision - Unanimous,3,Kurt Pellegrino,Thiago Tavares,300,3
3aa19b85fbf4114c,Submission,1,Chris Lytle,Jason Gilliam,300,3
8f7a73d05387b159,KO/TKO,1,Donald Cerrone,Yancy Medeiros,300,5
6fe21a4cb2d839fd,Decision - Unanimous,3,Scott Holtzman,Darrell Horcher,300,3
3165b03ddc6d3b6e,KO/TKO,3,Kevin Holland,Santiago Ponzinibbio,300,3
17f69a241aa952fd,KO/TKO,2,Maycee Barber,Hannah Cifers,300,3
6f13fe34cb3ca906,Decision - Unanimous,3,Waldo Cortes Acosta,Andrei Arlovski,300,3
9d7a798f0c20c04a,KO/TKO,1,Joe Lauzon,Diego Sanchez,300,3
752f19e9c201ea57,Decision - Unanimous,3,Sijara Eubanks,Roxanne Modafferi,300,3
539e0008bb634f1b,Submission,2,Louis Gaudinot,John Lineker,300,3
e202f273220aa533,Decision - Unanimous,3,Michael Johnson,Artem Lobov,300,3
0294253e4a5b4725,KO/TKO,3,Colby Covington,Max Griffin,300,3
d08a7d4de3c760ec,Decision - Unanimous,3,Sean Pierson,Jake Hecht,300,3
1521f94cafdfd783,KO/TKO,3,Vicente Luque,Bryan Barberena,300,3
6d83de8d54f75ffc,KO/TKO,1,Ivan Menjivar,Charlie Valencia,300,3
49b47b5b5f15c7c0,Decision - Unanimous,3,Alexandre Pantoja,Brandon Moreno,300,3
20d732758337f0a5,KO/TKO,1,Roy Nelson,Antonio Rodrigo Nogueira,300,5
afc021700481ac4e,KO/TKO,2,Navajo Stirling,Ion Cutelaba,300,3
82f2afc6d7db44f3,KO/TKO,1,Rory Markham,Brodie Farber,300,3
8fcdfee81cc604e3,Decision - Split,5,Jon Jones,Thiago Santos,300,5
131732f248cd2829,Decision - Unanimous,3,Clint Hester,Andy Enz,300,3
fc4e42a55ba285f6,Decision - Unanimous,3,Josh Koscheck,Diego Sanchez,300,3
4915c8a588513c22,Decision - Unanimous,3,Ketlen Souza,Marnic Mann,300,3
3bde8910fabf0dd3,Decision - Unanimous,3,Ian Heinisch,Cezar Ferreira,300,3
84b3577229880760,Submission,1,Court McGee,Tim Means,300,3
3e6067763978d862,KO/TKO,2,Tabatha Ricci,Amanda Ribas,300,3
59695aae245cca73,KO/TKO,1,Alonzo Menifield,Misha Cirkunov,300,3
17e8ab0065e9085f,Decision - Unanimous,3,Caolan Loughran,Angel Pacheco,300,3
00b1e95f6aea7027,Decision - Split,3,Jessica Eye,Katlyn Cerminara,300,3
39f746cee66e8771,TKO - Doctor's Stoppage,2,Frankie Edgar,Yair Rodriguez,300,3
1ff89e2a9cc2f2d2,Decision - Unanimous,3,Shayilan Nuerdanbieke,Sean Soriano,300,3
97817609ed46baa0,KO/TKO,3,Neil Magny,Mike Malott,300,3
3e39aac3e15d75bd,Submission,1,Marco Ruas,Keith Hackney,,
f35b859289fba80e,KO/TKO,1,Clay Guida,Samy Schiavo,300,3
17b2d89ceb879a29,KO/TKO,2,Hermes Franca,Spencer Fisher,300,3
82a5e1bba6b843be,KO/TKO,3,Tom Murphy,Icho Larenas,300,3
1258b6f1cb5eed64,Submission,2,Dennis Bermudez,Clay Guida,300,3
c66bd50ed1e75d2b,Submission,1,Brandon Vera,Assuerio Silva,300,3
2cf065874bcc4144,Decision - Unanimous,3,Demetrious Johnson,Ian McCall,300,3
4c54ca018e70ed04,KO/TKO,1,Che Mills,Duane Ludwig,300,3
a7adbceeff234b61,KO/TKO,2,Patrick Cote,Ben Saunders,300,3
46cfd4aaa02ce202,Submission,1,Donald Cerrone,Mike Perry,300,3
a997593977ba8cad,Decision - Majority,3,TIE,TIE,300,3
6ca856d1950d8f7f,Decision - Split,3,Mandy Bohm,Ji Yeon Kim,300,3
de2069fea664c4b7,Decision - Unanimous,3,Casey Kenney,Nathaniel Wood,300,3
6d47170d069df8bb,KO/TKO,2,Magnus Cedenblad,Garreth McLellan,300,3
6c9bf1d285cf5dd4,Decision - Unanimous,3,Alex White,Dan Moret,300,3
ffd3e3d37cba32da,Decision - Split,3,Darren Elkins,Lucas Martins,300,3
9532ebf4d9405e65,Decision - Unanimous,3,Curtis Blaydes,Justin Willis,300,3
9e1853861f58191f,Decision - Unanimous,3,Alex Morono,Song Kenan,300,3
41222c4fab03d6f8,Decision - Unanimous,3,Matt Serra,Ivan Menjivar,300,3
f9ab603b763998f7,KO/TKO,3,Ricardo Lamas,Darren Elkins,300,3
839c8cd7b1a32c7c,Submission,2,John Moraga,Justin Scoggins,300,3
dd0c8e9880c6fa24,Decision - Split,3,Lauren Murphy,Barb Honchak,300,3
07e39fd5f4f23270,Decision - Split,3,Trevin Giles,Preston Parsons,300,3
d3f9262901219944,KO/TKO,1,John Makdessi,Renee Forte,300,3
e886e22d31bc96c1,Decision - Unanimous,3,Peter Sobotta,Pawel Pawlak,300,3
e7225dcc3349ae57,Decision - Unanimous,3,Mark Hominick,Jorge Gurgel,300,3
10ab34056720b6b4,Decision - Unanimous,3,Aaron Pico,Patricio Pitbull,300,3
160c17b8fcb0e2a1,KO/TKO,1,Joe Pyfer,Alen Amedovski,300,3
0e809b7e37681783,KO/TKO,2,Ovince Saint Preux,Alonzo Menifield,300,3
657b7da9c89352fe,Decision - Unanimous,3,Alex Morono,Mickey Gall,300,3
e1f9390c465a2988,Submission,1,Jason High,James Head,300,3
c69c5830064fd591,Submission,3,Olivier Aubin-Mercier,Thibault Gouti,300,3
97125cd6a94b6394,KO/TKO,1,Julia Avila,Gina Mazany,300,3
4011cdf1f182804c,Decision - Majority,3,Karol Rosa,Lina Lansberg,300,3
a2f4acc81f7886a2,Decision - Unanimous,3,Molly McCann,Priscila Cachoeira,300,3
d37660fceaa8125a,Submission,2,Francis Carmont,Karlos Vemola,300,3
26202a4bd36d3fd2,Decision - Unanimous,3,Merab Dvalishvili,Cody Stamann,300,3
39e6cba2480c6d82,Decision - Unanimous,5,Rafael Dos Anjos,Anthony Pettis,300,5
b2867869d4eb98ce,Decision - Unanimous,3,Matt Hobar,Aaron Phillips,300,3
65290fc5216c2a73,Decision - Unanimous,3,Nik Lentz,Andre Winner,300,3
bbc8e8a69e9bd106,KO/TKO,2,Ben Rothwell,Stefan Struve,300,3
ca5b6d6a26891f4b,KO/TKO,1,Mirko Filipovic,Eddie Sanchez,300,3
4eae10815ebe78e3,KO/TKO,1,Cody Gibson,Johnny Bedford,300,3
f24db9d7c3636a2a,Decision - Unanimous,3,Chris Lytle,Paul Taylor,300,3
f27e8d63f526d326,KO/TKO,1,Ed Herman,Patrick Cummins,300,3
e0f49380b9d31de0,Decision - Unanimous,3,Marion Reneau,Alexis Dufresne,300,3
31362d9ea15127b2,Submission,3,Demian Maia,Jason MacDonald,300,3
a072ec605bebe5a8,Submission,2,Chris Holdsworth,Davey Grant,300,3
5e1370a92ce8abb0,Decision - Split,3,Joseph Benavidez,Henry Cejudo,300,3
f1afa75c8d492550,KO/TKO,2,Jack Marshman,Magnus Cedenblad,300,3
4bf3010fdeea9d93,Submission,3,Dustin Poirier,Michael Chandler,300,3
64641156360b1b81,Decision - Unanimous,3,Tom Nolan,Viacheslav Borshchev,300,3
f682118709b4143e,KO/TKO,1,Chidi Njokuani,Dusko Todorovic,300,3
0b47788da6de735e,Submission,2,Alexandre Pantoja,Brandon Royval,300,3
8ead66bc1678519b,Submission,2,George Sotiropoulos,George Roop,300,3
0f641756e99605ad,Decision - Unanimous,3,Seo Hee Ham,Cortney Casey,300,3
60e1b3ac3182f5b3,Submission,1,Amanda Lemos,Miranda Granger,300,3
ab7934f39038ab27,Submission,2,Claude Patrick,Ricardo Funch,300,3
46c050a827ee83d6,KO/TKO,2,Drew Dober,Alexander Hernandez,300,3
d4e98b827e3d6918,Decision - Split,3,Beneil Dariush,Michael Johnson,300,3
86892d114b204bf3,Decision - Unanimous,3,Jack Marshman,Ryan Janes,300,3
2f9b9ef5f6833aa1,KO/TKO,1,Humberto Bandenay,Martin Bravo,300,3
419d1e29668b57fb,KO/TKO,2,Manon Fiorot,Tabatha Ricci,300,3
9232fed045b1f4f9,Decision - Unanimous,3,Cezar Ferreira,Sergio Moraes,,
8b52a32f3644f493,Decision - Unanimous,3,Edson Barboza,Anthony Pettis,300,3
90557b479ce1c2a7,Submission,1,Enson Inoue,Royce Alger,,
ed9f8f702585ed44,KO/TKO,3,Ian Machado Garry,Song Kenan,300,3
cd03bff050e53625,Submission,3,King Green,Jacob Volkmann,300,3
f6472ca263a863d1,Decision - Unanimous,3,Don'Tale Mayes,Roque Martinez,300,3
753735b48b1c20b9,Decision - Unanimous,3,Taylor Lapilus,Cody Stamann,300,3
efc865fce64b5848,KO/TKO,3,Pedro Rizzo,Andrei Arlovski,300,3
82e713f037e37fe9,Decision - Unanimous,3,Santiago Ponzinibbio,Sean Strickland,300,3
8f5d5dd10a167cc0,Decision - Unanimous,3,Ricardo Ramos,Journey Newson,300,3
3dd55cca2358a511,Submission,2,Johnny Case,Kazuki Tokudome,300,3
0c299ce3719d9ea2,Submission,1,Christos Giagos,Jorge de Oliveira,300,3
ac0a63ad13897564,TKO - Doctor's Stoppage,3,Jorge Masvidal,Nate Diaz,300,5
970f083af8368f57,KO/TKO,1,Aoriqileng,Cody Gibson,300,3
cd6070783f11619b,Submission,3,Nick Diaz,Josh Neer,300,3
5357dab4d331eb18,Decision - Split,3,Charles Rosa,Justin Jaynes,300,3
390694c179f05c7f,KO/TKO,1,Jamie Mullarkey,Khama Worthy,300,3
ee85a66d86490f83,Decision - Unanimous,3,Ian Loveland,Tyler Toner,300,3
a8bab8884249f634,Decision - Unanimous,3,Jorge Gurgel,Diego Saraiva,300,3
30ebe705eac7b121,Decision - Unanimous,3,Matthew Riddle,John Maguire,300,3
dd7920cac66bed25,Decision - Unanimous,3,Ben Rothwell,Gilbert Yvel,300,3
bb1ac382e0277b3f,KO/TKO,1,Bruno Silva,Wellington Turman,300,3
37cdf5bd5c975a5d,Decision - Split,3,Syuri Kondo,Chan-Mi Jeon,300,3
90a83875e1d11238,Decision - Majority,3,Justin Gaethje,Rafael Fiziev,300,3
2c330a6f7f1e55f0,Decision - Unanimous,3,Vitor Petrino,Steven Asplund,300,3
ea29714dcfb07ce2,Decision - Split,3,Ariane da Silva,Melissa Gatto,300,3
4e87af7e5156bbf7,KO/TKO,2,Ricardo Lamas,Erik Koch,300,3
d2246624da1c4e38,Decision - Unanimous,3,Forrest Griffin,Rich Franklin,300,3
57dca2ebe96ed622,Decision - Unanimous,3,Rashad Evans,Thiago Silva,300,3
1bc4996fa543a91a,Decision - Unanimous,3,Georges St-Pierre,Karo Parisyan,300,3
275c22a93bdd84d8,KO/TKO,1,Alessio Sakara,James Irvin,300,3
3c683da1924b6c44,Decision - Unanimous,3,Brunno Ferreira,Marvin Vettori,300,3
894c44c3d04aaf6f,Decision - Unanimous,5,Sean O'Malley,Marlon Vera,300,5
52f87252af59e23b,KO/TKO,1,Sergei Pavlovich,Derrick Lewis,300,3
31cb98ce37fd87dd,Decision - Unanimous,3,Johnny Munoz,Liudvik Sholinian,300,3
465707233fa9cf7c,Decision - Unanimous,3,Ryan LaFlare,Mike Pierce,300,3
fcd8e8ec45eb6b9f,Submission,1,Royce Gracie,Minoki Ichihara,,
c33257dd0605c7de,KO/TKO,2,Kennedy Nzechukwu,Ion Cutelaba,300,3
e30780438191654f,TKO - Doctor's Stoppage,1,David Loiseau,Gideon Ray,300,3
f93b074dfd47b4b4,Decision - Split,3,Serhiy Sidey,Garrett Armfield,300,3
ef13ed466e0b42d8,KO/TKO,3,Danny Barlow,Josh Quinlan,300,3
9ef858837dfc65eb,KO/TKO,1,Cory Sandhagen,Frankie Edgar,300,3
aef44145740741b3,KO/TKO,1,Joselyne Edwards,Priscila Cachoeira,300,3
0a444f30cae13d8f,Decision - Unanimous,3,Gabriel Benitez,Jason Knight,300,3
e9ce3a28eeb83905,Submission,1,Scott Bessac,David Hood,,
b4bbc1b7efa770f5,Submission,1,Joanderson Brito,Lucas Alexander,300,3
bd97a96ac8203457,KO/TKO,1,Dan Hooker,Gilbert Burns,300,3
b616ec23516b7244,Decision - Split,3,Anton Kuivanen,Mitch Clarke,300,3
037c68d03c970609,Decision - Unanimous,3,Angela Hill,Maryna Moroz,300,3
81b84b34f0357fa5,Submission,2,Kayla Harrison,Julianna Pena,300,5
3b1461ff02a3f98e,Decision - Unanimous,3,Brad Tavares,Dongi Yang,300,3
25c4013fc187762a,Submission,3,Gavin Tucker,SeungWoo Choi,300,3
e89db3b111f92587,Decision - Unanimous,3,Thiago Tavares,Naoyuki Kotani,300,3
23861a2085ea34a3,Decision - Unanimous,3,Takanori Gomi,Isaac Vallie-Flagg,300,3
256c9a39386f94a9,KO/TKO,2,Rich Attonito,Jamie Yager,300,3
0197a61472fc351d,Decision - Unanimous,3,Christian Rodriguez,Cameron Saaiman,300,3
ae3ab5d1892153ef,Decision - Unanimous,3,Chad Mendes,Michihiro Omigawa,300,3
6c1fa30e1dd38c0b,Decision - Split,3,Robbie Lawler,Rory MacDonald,300,3
ba27835ff05df0c9,KO/TKO,1,Dong Hyun Ma,Takanori Gomi,300,3
bf8164367980fcd3,Decision - Unanimous,3,Dan Hardy,Mike Swick,300,3
5e1b0e52d2bb1b5c,Decision - Unanimous,3,Mike van Arsdale,John Marsh,300,3
fd05ac3ac2f7d042,KO/TKO,1,Paulo Thiago,Josh Koscheck,300,3
95233ca23cdb02e6,Submission,3,Michelle Waterson-Gomez,Angela Magana,300,3
0e2c7ec02a095813,Submission,1,Julija Stoliarenko,Jessica-Rose Clark,300,3
d1a93a55c8063ff3,Submission,1,Wu Yanan,Lauren Mueller,300,3
8bede5047e97d602,Decision - Unanimous,3,Neil Magny,Anthony Rocco Martin,300,3
528c208293bdef13,Decision - Unanimous,3,Jonathan Pearce,Christian Rodriguez,300,3
8c540eb4afe8c43e,Submission,2,Jean Silva,Bryce Mitchell,300,3
69167b996ce7a7e4,Decision - Unanimous,3,Jessica-Rose Clark,Joselyne Edwards,300,3
ff5a8078ea85bbc7,Decision - Unanimous,3,Lukasz Brzeski,Valter Walker,300,3
38e3986b7cfff608,KO/TKO,1,Jeremy Horn,Daiju Takase,300,3
0e16795e385e76a7,KO/TKO,1,Vitor Belfort,David Abbott,,
181c3312f14de5a8,Decision - Unanimous,3,Bill Algeo,Spike Carlyle,300,3
2e43a2f6e9336e2b,Decision - Unanimous,3,Tim Sylvia,Brandon Vera,300,3
4ffbadfb86284af5,Decision - Unanimous,3,Michael Trizano,Ludovit Klein,300,3
27bfb9205119f23b,Decision - Split,3,Claudia Gadelha,Angela Hill,300,3
918c2efc59c1952e,Submission,3,Brett Johns,Tony Gravely,300,3
fd230ba169b3f2b6,KO/TKO,1,Lavar Johnson,Joey Beltran,300,3
57622ac93e8d8900,KO/TKO,1,Scott Jorgensen,Ken Stone,300,3
0f6dd5d9a96ceb9d,KO/TKO,4,Matt Hughes,Carlos Newton,300,5
20b70a226f1c13fb,Decision - Unanimous,3,Valerie Letourneau,Maryna Moroz,300,3
e7833d5728f3ebef,KO/TKO,4,Matt Hughes,Hayato Sakurai,300,5
cfa0dbc7534f3545,KO/TKO,1,Daniel Rodriguez,Dwight Grant,300,3
d1368ca941c1fefc,Decision - Split,3,Torrez Finney,Robert Valentin,300,3
3e1bd51261cb61df,Decision - Unanimous,3,Krzysztof Jotko,Thales Leites,300,3
8a8400c6c42df59a,KO/TKO,2,Antoni Hardonk,Eddie Sanchez,300,3
e9256316716499b8,Submission,3,Muhammad Mokaev,Tim Elliott,300,3
0f73ee9121ec7539,KO/TKO,2,Tim Boetsch,Josh Samman,300,3
24411c5356903d11,Decision - Unanimous,3,Amanda Cooper,Anna Elmose,300,3
2556b7520536ce1d,KO/TKO,2,Israel Adesanya,Robert Whittaker,300,5
458e6de1b9ef3500,KO/TKO,3,Gerald Harris,David Branch,300,3
c6fc43c351b08bda,Submission,2,Maryna Moroz,Mariya Agapova,300,3
0b89c88d506da083,Decision - Unanimous,3,Jose Quinonez,Diego Rivas,300,3
16bd47ba50891833,KO/TKO,2,CJ Vergara,Daniel Lacerda,300,3
8151421edf24a821,KO/TKO,1,Jon Jones,Chael Sonnen,300,5
7c7177a028d55964,Submission,1,Wilson Gouveia,Wes Combs,300,3
18c67631b76c18e5,Decision - Unanimous,3,Angela Hill,Ashley Yoder,300,3
00a94d5fc7ce55cf,Submission,1,Mike Malott,Yohan Lainesse,300,3
0599f35e6679de02,Decision - Unanimous,3,Darren Elkins,Daniel Pineda,300,3
a760d0f5de2e1aaa,KO/TKO,3,Don'Tale Mayes,Josh Parisian,300,3
426e7a3de68117b0,Decision - Unanimous,3,Michael Page,Shara Magomedov,300,3
ed64e42263bf50bf,Decision - Split,3,Ricky Turcios,Brady Hiestand,,
a6a4be467d12ea5c,Decision - Unanimous,3,Chuck Liddell,Murilo Bustamante,300,3
e54fe354981fe3e7,KO/TKO,2,Mirsad Bektic,Lucas Martins,300,3
e38d7761a92e1bf9,KO/TKO,3,Dong Hyun Kim,John Hathaway,300,5
f990e8b2a08053db,Decision - Majority,3,Josh Stansbury,Cory Hendricks,300,3
1d35e4c0941d1397,KO/TKO,2,Daniel Marcos,Saimon Oliveira,300,3
1cf69de0eea46877,KO/TKO,1,Jamall Emmers,Dennis Buzukja,300,3
c795c4b7beb89bee,KO/TKO,1,John Salter,Jason MacDonald,300,3
3542c5c5c5180090,Submission,2,Nate Diaz,Manvel Gamburyan,300,3
ded18af0e4eae2f7,Decision - Unanimous,3,Khabib Nurmagomedov,Gleison Tibau,300,3
5d1f24e034772338,Submission,1,Glover Teixeira,Karl Roberson,300,3
01aa5949ac6851f3,Decision - Unanimous,3,Norma Dumont,Karol Rosa,300,3
605c2ad801f594b3,Decision - Unanimous,3,Rustam Khabilov,Desmond Green,300,3
fd1854062406d287,Submission,2,Montana De La Rosa,Nadia Kassem,300,3
1fc065e1d3243594,Decision - Unanimous,3,Mac Danzig,Justin Buchholz,300,3
9027e156c6f1988a,Decision - Unanimous,3,Denzel Freeman,Marek Bujlo,300,3
ba8f219260e212f8,KO/TKO,3,Loik Radzhabov,Abdul-Kareem Al-Selwady,300,3
3ce634d03af7e14c,KO/TKO,2,Brian Kelleher,Hunter Azure,300,3
72d69e969eda8679,Decision - Split,3,Evan Dunham,Tyson Griffin,300,3
029a12d36a4687e1,Submission,1,Thiago Moises,Christos Giagos,300,3
ae0fdb792308b0f8,Submission,1,Daniel Pineda,Justin Lawrence,300,3
c27e33ee8ef53866,KO/TKO,2,Justin Gaethje,Dustin Poirier,300,5
41cdfea7df63003f,Decision - Unanimous,3,Zubaira Tukhugov,Ricardo Ramos,300,3
6f836a82a0530884,Decision - Split,3,Drakkar Klose,Marc Diakiese,300,3
0c37ff69a00c0e74,Decision - Unanimous,3,Melvin Guillard,Fabricio Camoes,300,3
b90eded8d6b65e8f,Decision - Unanimous,3,Cody Pfister,Yosdenis Cedeno,300,3
fdb9d29cf0edc16a,Submission,1,Christian Rodriguez,Joshua Weems,300,3
78c3ca588e55bf31,Decision - Split,3,Kevin Holland,Darren Stewart,300,3
2059fd17f2ff4e4a,DQ,3,Matthew Riddle,Greg Soto,300,3
dbc72a4092a0b296,KO/TKO,1,Cody Garbrandt,Takeya Mizugaki,300,3
2d050cb1f7d8789a,Submission,1,Ovince Saint Preux,Nikita Krylov,300,3
e294a1e5723011db,Decision - Unanimous,3,Tagir Ulanbekov,Clayton Carpenter,300,3
e2f4cd4a9a579488,KO/TKO,1,Jim Miller,Jesse Butler,300,3
47e49e04e32be7e9,KO/TKO,1,Da Woon Jung,Mike Rodriguez,300,3
f8b32aeb9b628d89,Decision - Unanimous,3,Ali Bagautinov,Geane Herrera,300,3
e8307c7686c42d8c,KO/TKO,1,Waldo Cortes Acosta,Shamil Gaziev,300,3
1535fb6549fa8bab,Submission,3,Grant Dawson,Mark Madsen,300,3
8c34e1e0d842618d,Decision - Unanimous,3,Karol Rosa,Joselyne Edwards,300,3
031647c36d12788f,Decision - Unanimous,3,Desmond Green,Charles Jourdain,300,3
4047e98132306cd5,Decision - Unanimous,5,Alexander Volkanovski,Max Holloway,300,5
7f663d67422c1b24,Decision - Unanimous,3,TJ Dillashaw,John Lineker,300,3
37c732554828dcc3,DQ,1,Abel Trujillo,Gleison Tibau,300,3
ad26bf55ff201f4f,KO/TKO,1,Bogdan Guskov,Zac Pauga,300,3
bd0497a410822291,Submission,3,Warlley Alves,Marcio Alexandre Junior,300,3
5a09fd7cb3db9705,Decision - Split,5,Robert Whittaker,Yoel Romero,300,5
59d456f0da1159cf,Decision - Split,3,Michael Bisping,Matt Hamill,300,3
3b83ec99accfd271,KO/TKO,1,Frank Mir,Todd Duffee,300,5
2771872dd02e5d19,Decision - Split,3,Seth Baczynski,Lance Benoist,300,3
2443d8aa86f0070d,KO/TKO,1,Adlan Amagov,TJ Waldburger,300,3
db51d17ea03da745,Submission,2,Nate Diaz,Jim Miller,300,5
4ea4d0a73a90bfb0,Decision - Split,3,Loma Lookboonmee,Aleksandra Albu,300,3
b2218930b982d9b6,Decision - Unanimous,3,Ian Machado Garry,Belal Muhammad,300,3
60030b35e276d338,Decision - Unanimous,3,Corey Anderson,Justin Jones,300,3
546f971f9d8e0a33,Submission,2,Bia Mesquita,Irina Alekseeva,300,3
8762b96aaefb03af,Decision - Unanimous,3,Gil Castillo,Chris Brennan,300,3
dbab923a090fe93f,Decision - Split,3,Germaine de Randamie,Julie Kedzie,300,3
23c7c6ceee34585f,Decision - Unanimous,3,Damir Hadzovic,Yancy Medeiros,300,3
1a191251620a84ca,KO/TKO,3,Roman Kopylov,Alessio Di Chirico,300,3
093ca77f7f7219f6,Decision - Split,3,Phillipe Nover,Yui Chul Nam,300,3
3df422ea531e16c6,KO/TKO,2,Gabriel Gonzaga,Fabiano Scherner,300,3
88b225f6f1fa5c59,KO/TKO,1,Quinton Jackson,Chuck Liddell,300,5
fcb225f454ebf1a1,Decision - Unanimous,3,Bojan Velickovic,Alessio Di Chirico,300,3
8e41d022b55277ae,Submission,2,Michael McDonald,Brad Pickett,300,3
22911cbd32370f6c,Submission,2,Bob Cook,Tiki Ghosn,300,3
3ac61bcb406e1a0c,KO/TKO,1,Ode Osbourne,Jerome Rivera,300,3
71b81d8199a0fa19,Decision - Unanimous,3,Arnold Allen,Sodiq Yusuff,300,3
3e0090669d51415f,KO/TKO,2,Cory Sandhagen,Iuri Alcantara,300,3
19df0d0cb1269fa7,KO/TKO,1,Stipe Miocic,Alistair Overeem,300,5
9555d8941df4a998,Decision - Unanimous,3,Justine Kish,Ashley Yoder,300,3
6c1b38dd918793ff,KO/TKO,2,Joaquin Buckley,Jordan Wright,300,3
d755a29a49c9ee09,Decision - Unanimous,3,Song Yadong,Vince Morales,300,3
ad59e2de1ab5c8d2,KO/TKO,1,Chelsea Chandler,Julija Stoliarenko,300,3
202c47db69768356,KO/TKO,2,Alexander Hernandez,Diego Ferreira,300,3
8422c70a72eb9291,KO/TKO,2,Martin Kampmann,Jake Ellenberger,300,5
e7423a91a253b416,Submission,2,Alejandro Perez,Johnny Eduardo,300,3
23124e6f3e7aa37d,Decision - Split,3,King Green,Josh Thomson,300,3
343b016754852c36,KO/TKO,3,Yushin Okami,Rory Singer,300,3
9cb967c62498ff02,Decision - Unanimous,3,Travis Browne,Rob Broughton,300,3
17616514e8fdacb9,Submission,1,Polyana Viana,Mallory Martin,300,3
db7694f4513120d5,Submission,1,Ion Cutelaba,Oumar Sy,300,3
a815dafc89adf33b,KO/TKO,3,Vitor Petrino,Thomas Petersen,300,3
3b1438e9ec64990e,Decision - Unanimous,3,Asu Almabayev,Jose Johnson,300,3
9c74c2758a2c7c2e,Submission,1,Royce Gracie,Keith Hackney,,
87c8e086c29ae543,Decision - Unanimous,3,Khaos Williams,Matthew Semelsberger,300,3
33a93002fef6c89d,KO/TKO,1,Michael McDonald,Miguel Torres,300,3
0f20c1d7c44fa5fe,Decision - Unanimous,3,Raul Rosas Jr.,Vince Morales,300,3
340a08b1f3d1dd36,Submission,1,Stephan Bonnar,Mike Nickels,300,3
3d35eb2d46bf74de,Decision - Unanimous,3,Michel Pereira,Khaos Williams,300,3
a95b03e9b5a91e47,Decision - Unanimous,3,Michael Johnson,Daniel Zellhuber,300,3
c9cef59a5de32219,Decision - Unanimous,3,Cody Gibson,Chad Anheliger,300,3
bf8f747e57d6d1c7,Submission,3,Rani Yahya,Russell Doane,300,3
897d9e21c59d0633,KO/TKO,2,Phil Hawes,Deron Winn,300,3
e61cb905f6152183,Submission,2,Brunno Ferreira,Armen Petrosyan,300,3
5a3fcd3d3a1e1c38,KO/TKO,4,Chuck Liddell,Jeremy Horn,300,5
593f3b051aa82b0f,Decision - Split,3,Aleksei Oleinik,Fabricio Werdum,300,3
a7cc5dc1a5c1e643,KO/TKO,2,Mike Pierce,David Mitchell,300,3
29df50b2ea446361,KO/TKO,3,Douglas Silva de Andrade,Henry Briones,300,3
9c3fb95a1558b38d,Decision - Unanimous,3,Sean Woodson,Kyle Bochniak,300,3
fb34734f84d0a14d,Decision - Unanimous,3,Yana Santos,Marion Reneau,300,3
4e6218b6b892b017,Decision - Split,3,Damir Ismagulov,Guram Kutateladze,300,3
ab4a91a59c01d6b6,Submission,1,Edgar Chairez,CJ Vergara,300,3
5b97f47cdd355cbe,Decision - Unanimous,3,Jordan Leavitt,Yadier del Valle,300,3
0ce63c2148e70b4c,Decision - Unanimous,3,Erin Blanchfield,Sarah Alpar,300,3
7013a95ea4014606,Submission,1,Kevin Lee,Michael Chiesa,300,5
405cbbcaa79db24b,KO/TKO,2,Matt Brown,Mike Swick,300,3
221928c8441779e4,Submission,1,Ed Herman,Chris Price,300,3
83955de599b2d874,Decision - Unanimous,3,Bryce Mitchell,Andre Fili,300,3
54c5284c1b792912,KO/TKO,3,Yancy Medeiros,Alex Oliveira,300,3
0ac5fc42ba039211,Decision - Split,3,Elves Brener,Zubaira Tukhugov,300,3
e5ac7343b6d45188,Decision - Unanimous,3,CJ Vergara,Vinicius Salvador,300,3
2cab927474cb6e62,KO/TKO,2,Alexander Volkanovski,Yusuke Kasuya,300,3
972e17c1b98fca06,KO/TKO,1,Sergei Pavlovich,Tai Tuivasa,300,3
7ca5604d99220e88,Decision - Unanimous,3,David Onama,Jonathan Pearce,300,3
582d66ce97309e29,Decision - Unanimous,3,Shara Magomedov,Marc-Andre Barriault,300,3
d19e010f071a4b45,KO/TKO,3,Azamat Murzakanov,Devin Clark,300,3
ce5ebaf8caf8c4a7,Submission,3,Anthony Hernandez,Marc-Andre Barriault,300,3
98cc8f5dd64895c4,TKO - Doctor's Stoppage,4,Rich Franklin,Evan Tanner,300,5
3c3a9c1ec0604fc2,Decision - Split,5,TIE,TIE,300,5
5550e3d9ff8b965c,Decision - Unanimous,3,Robbie Lawler,Aaron Riley,300,3
a8dc7400f270a144,Submission,1,Stefan Struve,Lavar Johnson,300,3
8d9458121f0c4b95,Submission,3,Stephanie Luciano,Ravena Oliveira,300,3
c53cb796b4a4cdb8,Decision - Unanimous,3,Daniel Teymur,Sung Bin Jo,300,3
80551dceed42e7ab,KO/TKO,2,Guangyou Ning,Royston Wee,300,3
a60ba933a7ea898e,KO/TKO,1,Matt Mitrione,Tim Hague,300,3
b22dbe21c21060b9,Decision - Unanimous,3,Chris Gruetzemacher,Abner Lloveras,300,3
f9345fa82bf43847,Submission,1,Irina Alekseeva,Stephanie Egger,300,3
e25875165648162b,KO/TKO,2,Chris Barnett,Gian Villante,300,3
cb4dd24535ef2d94,TKO - Doctor's Stoppage,1,Rogerio Bontorin,Raulian Paiva,300,3
16cb0064575e2b0b,Decision - Unanimous,1,Paul Varelans,Joe Moreira,,
d1d33be012417f75,TKO - Doctor's Stoppage,1,Wesley Correira,David Abbott,300,3
e65da830a1928fe6,KO/TKO,1,Ryan Bader,Vinny Magalhaes,300,3
bfae2fb50efbdb0f,KO/TKO,4,Dustin Poirier,Justin Gaethje,300,5
59861c3d19eb46ef,Submission,2,Jordan Griffin,TJ Brown,300,3
a4c7d59d340794c0,KO/TKO,1,Umar Nurmagomedov,Raoni Barcelos,300,3
b4622ca7cf0e8506,KO/TKO,1,Cheyanne Vlismas,Gloria de Paula,300,3
43af7c5772e8198f,Decision - Split,3,Pingyuan Liu,Martin Day,300,3
57e784028ef2c17d,Decision - Split,3,Matt Schnell,Tyson Nam,300,3
56ba0c15cf501669,KO/TKO,1,Gan McGee,Pedro Rizzo,300,3
11706648d34ff3e8,TKO - Doctor's Stoppage,1,Uriah Hall,Chris Leben,300,3
70e0e57a6755e31e,Decision - Majority,3,Mirsad Bektic,Chas Skelly,300,3
79f9086932f21016,KO/TKO,1,Ron Waterman,Chris Condo,,
eafda776967c6444,Decision - Unanimous,3,Anthony Rocco Martin,Johnny Case,300,3
8c7b5b21b3532027,Decision - Unanimous,3,Natalia Silva,Andrea Lee,300,3
62454fb3a4fd5737,KO/TKO,1,Matt Wiman,Brian Geraghty,300,3
c1bfbf5447f21f37,KO/TKO,1,Zak Cummings,Dominique Steele,300,3
f8896b43f4ecf861,Submission,1,Tom Lawlor,CB Dollaway,300,3
802eba82d2b6113e,Submission,1,Raquel Pennington,Ashlee Evans-Smith,300,3
c0be83e56601e7ce,KO/TKO,1,Chuck Liddell,Kevin Randleman,300,3
dc49373c52eedaa3,Submission,3,Gerald Meerschaert,Trevin Giles,300,3
6222cdc86b12d251,Decision - Unanimous,3,Andrea Lee,Veronica Hardy,300,3
9b38456520395242,Decision - Unanimous,3,Dennis Siver,Spencer Fisher,300,3
934b44ddcb3d95e6,Decision - Unanimous,3,Julia Avila,Pannie Kianzad,300,3
1b6e5363eb81c409,Decision - Unanimous,3,Dan Ige,Jordan Griffin,300,3
639013929b61e834,KO/TKO,3,Dennis Bermudez,Jimy Hettes,300,3
3b44d0179f94726c,KO/TKO,1,Mirko Filipovic,Mostapha Al-Turk,300,3
cfb189e326553f0a,KO/TKO,1,Beneil Dariush,Scott Holtzman,300,3
ce0fda34122f3d48,Decision - Majority,3,Timur Valiev,Raoni Barcelos,300,3
5f1a828f8d4c3b01,Submission,1,Markus Perez,James Bochnovic,300,3
bb7ce8a6ba7f7cc5,KO/TKO,3,Charles Jourdain,Marcelo Rojo,300,3
0ad5c6752e679de5,Decision - Split,3,Nik Lentz,Danny Castillo,300,3
e554e9910cb83d49,Submission,1,Paddy Holohan,Josh Sampo,300,3
bac178dea57bd545,Decision - Unanimous,3,Marvin Vettori,Andrew Sanchez,300,3
3406cf3e28e30d1b,KO/TKO,1,KJ Noons,Sam Stout,300,3
31b3ae9352d9389b,Decision - Unanimous,5,Kamaru Usman,Colby Covington,300,5
7c5fc3fc7be4a997,KO/TKO,1,Andre Fialho,Miguel Baeza,300,3
9c8d5dbd8905a715,Decision - Split,3,Donte Johnson,Cody Brundage,300,3
58f6248da3cdf3ce,Decision - Unanimous,3,Timmy Cuamba,ChangHo Lee,300,3
6bdb93f9b4581bf6,Decision - Unanimous,3,Miles Johns,Douglas Silva de Andrade,300,3
2ae8623ef4156105,KO/TKO,1,Chuck Liddell,Randy Couture,300,5
0072df705378477c,Decision - Unanimous,3,Tim Boetsch,Todd Brown,300,3
f2520dd5457ab293,Decision - Split,3,Carla Esparza,Michelle Waterson-Gomez,300,3
06eb7492a27bb19a,Decision - Split,3,Chris Clements,Keith Wisniewski,300,3
d0ac2cc5c57c4e66,Decision - Split,3,Veronica Hardy,Jamey-Lyn Horth,300,3
ba33d0868b25483b,Decision - Split,3,Rustam Khabilov,Kajan Johnson,300,3
b8927a3a2735acb0,KO/TKO,1,CB Dollaway,Mike Massenzio,300,3
3d903bc35023f50a,Decision - Unanimous,3,Austin Lingo,Jacob Kilburn,300,3
6b956992204ec040,Decision - Unanimous,3,Krzysztof Jotko,Gerald Meerschaert,300,3
cf8fe599f0b44fd5,Decision - Majority,3,Laverne Clark,Koji Oishi,300,3
476c31184332698e,KO/TKO,2,Jared Cannonier,Jack Hermansson,300,5
89820fae001dd151,Decision - Split,3,Martin Kampmann,Rick Story,300,3
92049ba4483fc840,KO/TKO,1,Walt Harris,Cody East,300,3
2116affb9c8f193b,KO/TKO,3,Patrick Cummins,Rafael Cavalcante,300,3
fac335e6aeff29f5,Submission,2,Cole Miller,Sam Sicilia,300,3
4e71dbef18157288,KO/TKO,1,Francis Ngannou,Junior Dos Santos,300,5
a5a749aa0061fdb4,Decision - Split,3,Kai Kamaka III,Dakota Hope,300,3
d6d812269487071e,KO/TKO,2,Jake Hecht,Rich Attonito,300,3
063599b1d4107289,Decision - Unanimous,3,Frankie Edgar,Tyson Griffin,300,3
92e006a93f983fb5,KO/TKO,3,Robbie Lawler,Nick Diaz,300,5
ca263e46051261e2,KO/TKO,2,Cub Swanson,George Roop,300,3
1c0bf66167c91e01,Decision - Split,3,TIE,TIE,300,3
7ed98f8d1ffae082,Decision - Unanimous,3,Arman Tsarukyan,Olivier Aubin-Mercier,300,3
15ce105716441c54,KO/TKO,1,Walt Harris,Aleksei Oleinik,300,3
0700b74037329215,Submission,1,Rob Kimmons,Rob Yundt,300,3
8a08b8043f83d245,Decision - Unanimous,3,Court McGee,Alex Garcia,300,3
7abc4520f63f2c06,Submission,1,Jalin Turner,Uros Medic,300,3
110a49a43aafe044,Submission,1,Manny Bermudez,Davey Grant,300,3
d671f436fab2a252,Submission,3,Gerald Meerschaert,Deron Winn,300,3
bbb67c2ac4453d64,Decision - Unanimous,3,Drakkar Klose,Devin Powell,300,3
de084f0d65421cfa,Decision - Unanimous,3,Alexandr Romanov,Rodrigo Nascimento,300,3
3a9e0fed344fd07d,Decision - Split,3,Mark Madsen,Clay Guida,300,3
e246b6a8cd7853de,KO/TKO,1,Roy Nelson,Brendan Schaub,300,3
5a09a7a3f2792d1a,Submission,1,Felice Herrig,Kailin Curran,300,3
dc5e46b2ee0898ec,KO/TKO,2,John Dodson,Jussier Formiga,300,3
6c67aa7063717a0c,KO/TKO,3,Diego Ferreira,Mateusz Rebecki,300,3
c61923255389e67c,Decision - Unanimous,3,Asu Almabayev,Matheus Nicolau,300,3
e3f31cdd33b4ca92,Submission,2,Raoni Barcelos,Chris Gutierrez,300,3
8cc4c597aecbfef5,Decision - Unanimous,3,Arnold Allen,Jordan Rinaldi,300,3
6b325792b8fb1f46,KO/TKO,1,Elizeu Zaleski dos Santos,Sean Strickland,300,3
d333a6c34ff16397,TKO - Doctor's Stoppage,2,Austin Hubbard,Max Rohskopf,300,3
b3248692dfb954b2,Decision - Unanimous,3,Allan Nascimento,Jake Hadley,300,3
b1e048825b5bbe1c,Decision - Split,3,Casey O'Neill,Roxanne Modafferi,300,3
14e7bb7a9d49450d,KO/TKO,2,Corey Anderson,Sean O'Connell,300,3
cc4a23ed2cbc8aa4,KO/TKO,3,Lauren Murphy,Kelly Faszholz,300,3
9d8c32c60df0e287,Decision - Unanimous,3,Jake Hadley,Caolan Loughran,300,3
fa084335b5f87627,Submission,1,Anthony Pettis,Benson Henderson,300,5
2fd0c6d914b77205,Submission,2,Dmitry Sosnovskiy,Mark Godbeer,300,3
90fb826944c46000,Decision - Unanimous,3,Lyoto Machida,Kazuhiro Nakamura,300,3
5af6a54d7e0f2b7f,Decision - Unanimous,3,TJ Grant,Evan Dunham,300,3
a571c622ab89b3d9,TKO - Doctor's Stoppage,2,Macy Chiasson,Mayra Bueno Silva,300,3
1a0bf11582ae518b,Decision - Unanimous,3,Maryna Moroz,Cristina Stanciu,300,3
0374646197b8e0fa,KO/TKO,2,Nick Diaz,Robbie Lawler,300,3
c3601529b7a7d489,KO/TKO,3,Cub Swanson,Dennis Siver,300,3
e1bc211f43378ee7,Decision - Majority,5,Jens Pulver,BJ Penn,300,5
a26ca06cce403ce2,Submission,1,Tatsuro Taira,Jesus Aguilar,300,3
de495aa2ec1f1e91,KO/TKO,1,Anderson Silva,Forrest Griffin,300,3
0f74449bf6f64616,Decision - Unanimous,3,Manvel Gamburyan,Cole Miller,300,3
6997693d552600dd,Decision - Unanimous,3,Ailin Perez,Lucie Pudilova,300,3
94541dd979e0b4bd,KO/TKO,2,Bruno Silva,Cody Durden,300,3
a5fa3bf3dc91eb88,Decision - Split,3,Johny Hendricks,Josh Koscheck,300,3
a33ecd2c88154890,Decision - Split,3,Luis Pena,Alexander Munoz,300,3
0d09e95e85efad69,Submission,2,Terry Etim,Justin Buchholz,300,3
396214fd188c2549,KO/TKO,3,Mauricio Rua,Mark Coleman,300,3
2281dea0c5903a2f,KO/TKO,3,Anderson Silva,Patrick Cote,300,5
2d0d13dfc6c37ba8,Decision - Split,3,Geoff Neal,Santiago Ponzinibbio,300,3
6599a94704d56719,Decision - Split,5,Benson Henderson,Gilbert Melendez,300,5
64d6d51219e0664c,Submission,2,Gabriella Fernandes,Wang Cong,300,3
3e6dfafb8aa780f9,Decision - Unanimous,3,Manvel Gamburyan,Michihiro Omigawa,300,3
63f744d672fbb8b4,Decision - Unanimous,5,Anderson Silva,Demian Maia,300,5
036bb5b335e93ca8,Submission,1,James Wilks,DaMarques Johnson,300,3
45e6eec6b35d7dfe,KO/TKO,1,Soa Palelei,Pat Barry,300,3
e3acb789f7dcd34c,KO/TKO,3,Lauren Murphy,Mara Romero Borella,300,3
d03618c86d395b43,KO/TKO,1,Felipe Arantes,Godofredo Pepey,300,3
e4d831dc318e4e98,KO/TKO,1,Tom Aspinall,Alan Baudot,300,3
1c7cc3a22ab7d907,KO/TKO,1,Edmen Shahbazyan,Andre Muniz,300,3
b302e12550278ffd,KO/TKO,1,Conor McGregor,Jose Aldo,300,5
fc6d1396755692b4,Submission,3,Antonio Rodrigo Nogueira,Tim Sylvia,300,5
9e674a02db6c03c8,Submission,2,Brandon Royval,Kai Kara-France,300,3
db8df615610f3632,Other,2,TIE,TIE,,
3af1bdc5a510bba9,Decision - Unanimous,3,Kyle Nelson,Matt Frevola,300,3
86090172facd6cf7,Decision - Split,2,Pedro Rizzo,Mark Coleman,,
6017351e164dbca3,Submission,1,Claudio Puelles,Clay Guida,300,3
a02ffaf1fe462d28,DQ,3,Diego Sanchez,Michel Pereira,300,3
3e0301367e511512,Submission,2,George Sotiropoulos,Joe Lauzon,300,3
075dee476361e83e,Decision - Unanimous,2,Jeff Monson,Tim Lajcik,300,2
fb5ce6329f243d8b,Submission,4,Benson Henderson,Brandon Thatch,300,5
63ee688385bf7c69,Submission,2,Chael Sonnen,Brian Stann,300,3
cfca30d3ef3c86b9,Submission,2,Jake Hadley,Carlos Candelario,300,3
676f5091ce2c3c90,Submission,1,Paul Sass,Mark Holst,300,3
ec03739c836fadc8,Decision - Majority,3,TIE,TIE,300,3
7a018ddd9239e45f,KO/TKO,2,Semmy Schilt,Pete Williams,300,3
743a04674ab72ee0,Submission,1,Julija Stoliarenko,Molly McCann,300,3
2461756d8acd56d2,Submission,2,Alexandr Romanov,Roque Martinez,300,3
a2523a8565fe4361,KO/TKO,2,Steven Asplund,Sean Sharaf,300,3
abeaae1a64934178,Decision - Unanimous,5,Calvin Kattar,Dan Ige,300,5
cdaf65287d9a0ecb,Decision - Split,3,Chris Duncan,Omar Morales,300,3
0459297e86a14981,KO/TKO,2,Robert Whittaker,Jacare Souza,300,3
e2b547e64f6532bb,KO/TKO,2,Wanderlei Silva,Brian Stann,300,5
a6097fd4e77cb881,KO/TKO,1,Chad Mendes,Yaotzin Meza,300,3
d8f64b001cd590fa,Submission,1,Steve Cantwell,Razak Al-Hassan,300,3
44ab00737c3fb890,Decision - Unanimous,3,Marc Diakiese,Joe Duffy,300,3
e8c24a1754599237,KO/TKO,1,TJ Grant,Matt Wiman,300,3
dcd0793ff1a43b68,Decision - Unanimous,3,Alonzo Menifield,Ed Herman,300,3
dbf786f9808c6a08,KO/TKO,1,Jessica Andrade,Karolina Kowalkiewicz,300,3
f2d9814936a6eb35,Decision - Unanimous,3,Mike Perry,Mickey Gall,300,3
9a71dc94152a76ac,KO/TKO,1,Mark Hominick,George Roop,300,3
60cc0ac9ace28324,Submission,3,Anthony Rocco Martin,Jake Matthews,300,3
cb2844bb15d22cc6,Submission,1,Brian Kelleher,Iuri Alcantara,300,3
13a6496a09ae821e,Decision - Unanimous,3,Mike Pierce,Carlos Eduardo Rocha,300,3
7020840980f723b9,Decision - Unanimous,3,Arjan Bhullar,Luis Henrique,300,3
1ea9ad3b6e1cba79,Decision - Unanimous,3,Beneil Dariush,Renato Moicano,300,3
8d12287f672cabd8,Decision - Unanimous,5,Georges St-Pierre,Carlos Condit,300,5
756cae177016ebf1,Decision - Unanimous,3,Sam Stout,Spencer Fisher,300,3
2ab41c5519d0b1b9,Decision - Unanimous,5,Kevin Randleman,Pete Williams,300,5
afb9d3476c5caafa,Decision - Unanimous,3,Jon Jones,Stephan Bonnar,300,3
d67dadf630c36f18,Decision - Unanimous,3,Rafael Natal,Tor Troeng,300,3
bd7394f07247d9ca,Decision - Unanimous,3,Nathaniel Wood,Jose Delgado,300,3
6b92396d42918366,KO/TKO,3,Gian Villante,Corey Anderson,300,3
fd0fd9a2d6ef8c4f,Decision - Split,3,Dhiego Lima,Luke Jumeau,300,3
42f11b82d67585af,KO/TKO,2,Max Holloway,Justin Lawrence,300,3
719dbfab71e6c0bd,KO/TKO,2,James Irvin,Hector Ramirez,300,3
c8f619a71b714ec7,Decision - Split,3,Sam Alvey,Rashad Evans,300,3
5ba543efdce072f5,Decision - Unanimous,3,Michel Pereira,Andre Fialho,300,3
c43805df4f45b6e2,Decision - Split,3,Joaquim Silva,Nazareno Malegarie,300,3
e0a69c1f4a019727,KO/TKO,1,Robert Peralta,Jason Young,300,3
de9422207df2de64,KO/TKO,2,Ode Osbourne,Luis Gurule,300,3
c381ad2c0bf34dd9,Decision - Unanimous,3,Neil Magny,Carlos Condit,300,3
8ea12c7360fa0f6b,Decision - Unanimous,3,Carlos Hernandez,Denys Bondar,300,3
4c1e7e1765a5438a,Decision - Majority,3,Kaan Ofli,Yizha,300,3
f4641db74fcb8ab7,Decision - Split,3,Rick Story,Jesse Lennox,300,3
be38ed9ccfe2ee03,KO/TKO,2,Jonathan Goulet,Kuniyoshi Hironaka,300,3
c3b8d8e7d256c307,Decision - Unanimous,3,Kazula Vargas,Rongzhu,300,3
8cf6b22995c9efb8,Submission,1,Paul Craig,Vinicius Moreira,300,3
f5686732b85adafc,Submission,1,Cody McKenzie,Aaron Wilkinson,300,3
de4c4997f1429dd1,KO/TKO,1,Alex Perez,Jussier Formiga,300,3
64542fe846b9aea9,KO/TKO,3,Rory MacDonald,Tarec Saffiedine,300,5
7acca0910edd7023,Submission,1,Drew Fickett,Josh Neer,300,3
37835a0f9bbb4d4e,Submission,1,Brett Johns,Joe Soto,300,3
0ea087a71863184d,TKO - Doctor's Stoppage,3,Krzysztof Soszynski,Stephan Bonnar,300,3
329a097e0b53daac,Decision - Unanimous,3,Rafael Dos Anjos,Rob Emerson,300,3
cd9f95344fe14e37,KO/TKO,1,Joe Lauzon,Jens Pulver,300,3
c6ca435e24c5f4e4,Decision - Unanimous,3,Cody Stamann,Brian Kelleher,300,3
a049c12f43914449,KO/TKO,1,Carlos Ulberg,Alonzo Menifield,300,3
4f99b4a39925cb47,Decision - Unanimous,3,Josh Emmett,Shane Burgos,300,3
1a28928b8d7b4c11,Decision - Unanimous,3,Clifford Starks,Dustin Jacoby,300,3
a38ec65ac140fcf8,Decision - Unanimous,5,Jens Pulver,Caol Uno,300,5
ef6a0ee848382391,Decision - Split,3,John Howard,Tamdan McCrory,300,3
9c1d4f57a997a490,KO/TKO,1,Makwan Amirkhani,Andy Ogle,300,3
78bb2b441917848c,Decision - Unanimous,3,Jordan Rinaldi,Jason Knight,300,3
69d63c057aebffaf,Submission,1,Reinier de Ridder,Kevin Holland,300,3
5c962ea13cb9b937,Decision - Unanimous,3,Blake Bilder,Shane Young,300,3
42eba784becde9ad,KO/TKO,2,Francisco Rivera,Edwin Figueroa,300,3
b5f70d0c88f12645,Decision - Unanimous,3,Brett Johns,Montel Jackson,300,3
41385f4e63682b5b,Decision - Majority,3,Stevie Ray,Joe Lauzon,300,3
fef80c98b2fba70c,KO/TKO,3,Ethyn Ewing,Rafael Estevam,300,3
02b39d683f027517,KO/TKO,2,Johnny Eduardo,Manvel Gamburyan,300,3
821bef3a3394dd96,Submission,2,Douglas Silva de Andrade,Sergey Morozov,300,3
610a640a0cd81ce5,Submission,1,Kody Steele,Dom Mar Fan,300,3
4339e30a856c1da8,KO/TKO,2,Alejandro Perez,Scott Jorgensen,300,3
3011439ecaf74180,KO/TKO,2,Macy Chiasson,Sarah Moras,300,3
51ae1d8a663ae1fe,KO/TKO,3,Kevin Burns,Anthony Johnson,300,3
8f8f47a728c3127e,KO/TKO,1,Guy Mezger,Jason Fairn,,
816119e4d9d983b1,Decision - Unanimous,3,Zubaira Tukhugov,Douglas Silva de Andrade,300,3
cfa9bc77c803956e,KO/TKO,2,Murilo Bustamante,Dave Menne,300,5
cfefbf79340d3346,Decision - Unanimous,3,Joe Proctor,Cristiano Marcello,300,3
33e301872e2b5680,Decision - Unanimous,5,Brandon Moreno,Steve Erceg,300,5
5b986cd7289a0884,Decision - Unanimous,3,Chris Lytle,Matt Serra,300,3
58dec0a39cdefa3f,Submission,1,Ryan Spann,Ovince Saint Preux,300,3
3d1a835c15fd8cb2,Decision - Unanimous,3,Tim Boetsch,Kendall Grove,300,3
1d9f862a47540785,TKO - Doctor's Stoppage,2,Scott Holtzman,Dong Hyun Ma,300,3
ac0a1d87e9ff4085,Submission,1,Zhalgas Zhumagulov,Jerome Rivera,300,3
1669773acd404217,KO/TKO,2,Rogerio Nogueira,Sam Alvey,300,3
a2fe63d064567d14,KO/TKO,2,Louis Smolka,Ben Nguyen,300,3
e02fca0d258283ce,Submission,1,Jordan Rinaldi,Alvaro Herrera Mendoza,300,3
b3e12698e65cf8d0,KO/TKO,2,Maxim Grishin,Gadzhimurad Antigulov,300,3
c7bc8750e9503805,Decision - Unanimous,3,Nad Narimani,Anderson Dos Santos,300,3
0027e179b743c86c,KO/TKO,3,Jared Rosholt,Josh Copeland,300,3
845e38dfbfea6e53,Decision - Unanimous,5,Zhang Weili,Amanda Lemos,300,5
127ba4a1ccb3d4a6,KO/TKO,2,Diego Lopes,Steve Garcia,300,3
ca93e3f69fa3d725,KO/TKO,1,Cain Velasquez,Antonio Rodrigo Nogueira,300,3
990c2378caec68d4,KO/TKO,1,John Castaneda,Eddie Wineland,300,3
22307b580e0c8d0d,Decision - Unanimous,3,Francisco Trinaldo,King Green,300,3
7606f6b6c19f2d73,Decision - Unanimous,5,Valentina Shevchenko,Zhang Weili,300,5
80ac36a9dbc4b1a1,Submission,1,Brandon Royval,Matt Schnell,300,3
961f434fe238f40e,Submission,1,Alexandre Pantoja,Yuta Sasaki,300,3
06f37329b223b451,KO/TKO,1,Chan Sung Jung,Frankie Edgar,300,5
0ae4889892f21738,KO/TKO,2,Andrew Craig,Rafael Natal,300,3
e0df5f84686586a1,Decision - Unanimous,5,Rashad Evans,Phil Davis,300,5
5164f1c4103616fd,Submission,1,Antonio Carlos Junior,Tim Boetsch,300,3
a829493aa8d25e3c,Decision - Unanimous,3,Mike Pyle,John Hathaway,300,3
8857bf28823b1b2d,Submission,2,Fabricio Werdum,Antonio Rodrigo Nogueira,300,5
1671723154d8e324,KO/TKO,2,Paul Craig,Mauricio Rua,300,3
33655fd07cfbe034,Decision - Unanimous,5,Umar Nurmagomedov,Cory Sandhagen,300,5
8666332154fc6f4a,Decision - Unanimous,3,Kazuki Tokudome,Cristiano Marcello,300,3
abf5f4d6f777cf7b,Decision - Unanimous,3,Bruna Brasil,Shi Ming,300,3
569e0ba18701c305,Submission,2,Gerald Meerschaert,Bryan Barberena,300,3
6ecc59654c2f519f,Decision - Split,3,Matthew Riddle,Henry Martinez,300,3
36830f6eb3c847f5,Decision - Split,3,Brandon Moreno,Ryan Benoit,300,3
4403857f545ede75,Decision - Unanimous,5,Joanna Jedrzejczyk,Karolina Kowalkiewicz,300,5
4289bcb551b07bc1,Decision - Unanimous,3,Javier Vazquez,Joe Stevenson,300,3
5948876f1d80c21a,KO/TKO,1,Vicente Luque,Hector Urbina,300,3
c22f4a7540cffdda,Decision - Split,3,Rashad Evans,Brad Imes,300,3
1af23e7aa71a1d17,KO/TKO,2,Jonathan Martinez,Cub Swanson,300,3
f1c3abce15ef053e,Decision - Unanimous,3,Daria Zhelezniakova,Montse Rendon,300,3
acfcf75f0215b7ab,Submission,3,Tainara Lisboa,Jessica-Rose Clark,300,3
83ea3c36a6f91cb8,Decision - Split,3,Nik Lentz,Tyson Griffin,300,3
a8511df8285f5c91,Decision - Unanimous,5,Merab Dvalishvili,Cory Sandhagen,300,5
164eb9071caf3fe8,KO/TKO,1,James Krause,Jamie Varner,300,3
560f1e26c2a6690a,Decision - Split,3,Francis Marshall,Dennis Buzukja,300,3
c6cc6ae23cbf8a27,Submission,2,Daniel Pineda,Tucker Lutz,300,3
a187670c5ee1ec5f,Decision - Split,3,Jacqueline Cavalcanti,Nora Cornolle,300,3
ccb7e2851319345d,Decision - Unanimous,3,Sergey Morozov,Journey Newson,300,3
7014356795515aea,Decision - Unanimous,3,Evan Tanner,Phil Baroni,300,3
5f2065f737591226,Decision - Unanimous,3,Ian McCall,Iliarde Santos,300,3
f32d918ee06cb83b,KO/TKO,1,Roman Dolidze,Phil Hawes,300,3
431e7931d8be8b5d,Submission,3,Glaico Franca Moreira,Fernando Bruno,,
b51163f358495b41,Decision - Unanimous,3,Al Iaquinta,Kevin Lee,300,3
2dc181c1473eb269,Decision - Unanimous,3,Dennis Siver,Diego Nunes,300,3
fd2d814a8a23798f,Decision - Unanimous,3,Randy Brown,Elizeu Zaleski dos Santos,300,3
1394ce1832ddefe0,Decision - Unanimous,5,Rose Namajunas,Tracy Cortez,300,5
a45d4327bc82bc28,Decision - Unanimous,3,Maycee Barber,Montana De La Rosa,300,3
5eb07bffdc8b7acf,KO/TKO,3,Jon Tuck,Jake Lindsey,300,3
fe9a58e79d54695b,Submission,1,Maryna Moroz,Joanne Wood,300,3
46181797eb543a0b,Decision - Unanimous,3,Cam Rowston,Robert Bryczek,300,3
d917c8c7461b9831,Submission,1,Frank Hamaker,Thaddeus Luster,,
3542f9f30926f364,Decision - Unanimous,3,Jonathan Martinez,Vince Morales,300,3
c1c8b38d315d487b,Decision - Unanimous,3,Mark Bocek,John Alessio,300,3
f56c6646b54c0662,Decision - Unanimous,3,Mairbek Taisumov,Desmond Green,300,3
5a82757b553c40fc,Decision - Unanimous,3,Muhammad Mokaev,Alex Perez,300,3
c0ab927864bb6e98,Decision - Split,3,Zak Ottow,Dwight Grant,300,3
4df1d3183929d021,KO/TKO,3,Belal Muhammad,Augusto Montano,300,3
eb4e9ec015533ab4,Decision - Unanimous,3,Timur Valiev,Martin Day,300,3
30c574f33700010a,KO/TKO,2,Wanderlei Silva,Cung Le,300,3
075be81e3f92c2bf,KO/TKO,1,Brian Stann,Chris Leben,300,3
b5c4fbd6e1d94594,Decision - Unanimous,3,Evan Tanner,Chris Haseman,300,3
d6357dab7ccdf2db,Decision - Unanimous,3,Augusto Sakai,Don'Tale Mayes,300,3
91e4da6ecf28a7a3,Decision - Unanimous,3,John Hathaway,John Maguire,300,3
553a788a44b8e794,Submission,1,Joseph Benavidez,Tim Elliott,300,3
aa91cb7567d6c48a,KO/TKO,1,Bryan Barberena,Jake Ellenberger,300,3
0339f66f18a3e0bf,Decision - Unanimous,3,Corey Anderson,Fabio Maldonado,300,3
b1b82605646eb850,KO/TKO,3,Cat Zingano,Amanda Nunes,300,3
0fa31c9f7495810b,KO/TKO,1,Sean O'Connell,Anthony Perosh,300,3
1f65f03f1225e061,Decision - Unanimous,3,Robert Whittaker,Mike Rhodes,300,3
603354ffe9cc0755,Decision - Unanimous,3,Andrei Arlovski,Junior Albini,300,3
39fa341fb9161d6f,KO/TKO,1,Pedro Munhoz,Cody Garbrandt,300,3
18cdc16fc7ab7ce1,KO/TKO,2,Rob Font,Joey Gomez,300,3
764e492b55c0ec40,Decision - Unanimous,2,David Abbott,Yoji Anjo,,
bb56f4e502512ad0,KO/TKO,1,Joe Lauzon,Takanori Gomi,300,3
92ea4999f99f55fd,Decision - Unanimous,3,Nik Lentz,Rafaello Oliveira,300,3
0ae251dd5c0b5304,KO/TKO,1,Nate Diaz,Rory Markham,300,3
3a8c0158d910546d,Decision - Unanimous,3,TJ Brown,Charles Rosa,300,3
98dd88d83f57c17a,KO/TKO,2,Matt Brown,Ben Saunders,300,3
2c73bf152247f25a,Decision - Split,3,Vanessa Demopoulos,Jinh Yu Frey,300,3
7d947be4c15ebe36,Decision - Split,3,Chris Cariaso,Louis Smolka,300,3
31b283a5559ad44d,Decision - Unanimous,3,Matt Frevola,Jalin Turner,300,3
3de326b65aa6245d,KO/TKO,3,Uros Medic,Matthew Semelsberger,300,3
52f77a9f9eb66ab7,KO/TKO,1,Michael McDonald,Alex Soto,300,3
7af604e5aa43bb3b,Decision - Split,3,Nicolas Dalby,Elizeu Zaleski dos Santos,300,3
0a46cb2887890502,KO/TKO,2,Paulo Costa,Johny Hendricks,300,3
66c029f49d3c5da6,Submission,1,Oleg Taktarov,David Abbott,,
1c03c1bb62f3aed6,Submission,1,Edgar Chairez,Daniel Lacerda,300,3
5a2fa552e70958d4,Decision - Unanimous,3,Javid Basharat,Mateus Mendonca,300,3
0ace7e71f5d66bc9,KO/TKO,1,Paulo Costa,Garreth McLellan,300,3
864cddd6e165ea2d,Decision - Unanimous,3,Neil Magny,Robbie Lawler,300,3
e1e31a8dfa9c27f6,Submission,2,Mallory Martin,Hannah Cifers,300,3
7a1abc0230af730c,Decision - Unanimous,3,Devin Clark,Da Woon Jung,300,3
c1677875a80c2584,Submission,2,Mark De La Rosa,Elias Garcia,300,3
57a7767c4255e034,KO/TKO,1,Tim Sylvia,Andrei Arlovski,300,5
f29eec19aa5c1303,Submission,1,Royce Gracie,Dan Severn,,
baa2ee0bf7f97079,Decision - Unanimous,3,Allan Nascimento,Jafel Filho,300,3
94c7e64ce88c9b9e,Decision - Unanimous,3,Jeremy Stephens,Gilbert Melendez,300,3
f680e6ebe3bdfe3e,Decision - Unanimous,3,Belal Muhammad,Randy Brown,300,3
334cd8572d9842cb,KO/TKO,1,Tim Sylvia,Ricco Rodriguez,300,5
c3a4187fc821bfff,Submission,2,Mayra Bueno Silva,Lina Lansberg,300,3
1013cdbb6c9a4a2e,KO/TKO,1,Marcos Rogerio de Lima,Ben Rothwell,300,3
1714950933f88ab9,Decision - Unanimous,3,Raoni Barcelos,Cody Garbrandt,300,3
93569f4876c20488,Decision - Unanimous,3,Donald Cerrone,Benson Henderson,300,3
62389e8fb68f93a4,KO/TKO,1,Anthony Smith,Mauricio Rua,300,5
031eac0f0f85d0bf,Decision - Unanimous,3,Rogerio Nogueira,Rashad Evans,300,3
38957d8eb185391c,Submission,3,Mariya Agapova,Sabina Mazo,300,3
c2ddadfa1a1056be,Submission,1,Darren Stewart,Maki Pitolo,300,3
a5c57b0f49e9f61c,Submission,3,Michael Chiesa,Max Griffin,300,3
b705fb146638d859,Decision - Unanimous,3,Chris Cariaso,Danny Martinez,300,3
2e0ae17a22a6f824,Decision - Majority,3,TIE,TIE,300,3
ba5005d1116fa45f,Decision - Split,3,Chris Curtis,Marc-Andre Barriault,300,3
23253ebb1d86d8b4,Submission,1,Mirsad Bektic,Russell Doane,300,3
e40a5bd62ce710ac,Submission,1,Jim Miller,Alex White,300,3
531d9676d767da66,KO/TKO,2,Jan Blachowicz,Luke Rockhold,300,3
81f3d28d30d17378,KO/TKO,2,King Green,Daniel Zellhuber,300,3
2c58a97f2fe6c985,Submission,1,Mario Bautista,Guido Cannetti,300,3
6996eb7755709945,Decision - Split,3,Karo Parisyan,Nick Diaz,300,3
8b10419db5bffe28,Decision - Unanimous,3,Josh Emmett,Felipe Arantes,300,3
bbade63ca780668f,Decision - Split,3,Beneil Dariush,Diego Ferreira,300,3
f4af2b4349b7b589,TKO - Doctor's Stoppage,3,Chris Camozzi,Nick Catone,300,3
8757fbfa0857415f,KO/TKO,1,Siyar Bahadurzada,Paulo Thiago,300,3
c9c5b2507c6be9e3,KO/TKO,1,Yves Edwards,Josh Thomson,300,3
7149494344c04258,KO/TKO,1,Brian Johnston,Reza Nasri,,
9b3bade95e1dd484,KO/TKO,2,Cory Sandhagen,Deiveson Figueiredo,300,5
b2f604f2332cd8af,KO/TKO,1,Mike Swick,Gideon Ray,300,3
5f2240d94375f907,Decision - Unanimous,3,Jon Fitch,Brock Larson,300,3
a2a5809ed8a01b45,KO/TKO,1,Cesar Almeida,Abdul Razak Alhassan,300,3
48d21357134ca51a,Decision - Split,3,Said Nurmagomedov,Justin Scoggins,300,3
3b9f50f07d9a1601,Decision - Split,3,Nathaniel Wood,Losene Keita,300,3
7f3763caa99a3486,Decision - Split,3,Karolina Kowalkiewicz,Rose Namajunas,300,3
3bb7210200d90d90,KO/TKO,1,Robert Whiteford,Paul Redmond,300,3
4eaf54ad3c82b6fa,Decision - Unanimous,3,Manon Fiorot,Rose Namajunas,300,3
e4862c4f20117cb8,KO/TKO,1,Jimmy Crute,Sam Alvey,300,3
0c25bb24dbb63655,Decision - Unanimous,3,Clay Guida,Robert Peralta,300,3
33116969380185a9,Decision - Unanimous,3,Marcos Rogerio de Lima,Adam Wieczorek,300,3
3ecccdab76baa59c,Decision - Unanimous,3,Manon Fiorot,Jennifer Maia,300,3
4b202bae6c87b98b,Submission,1,Karl Roberson,Darren Stewart,300,3
3509779ebe302d06,Decision - Unanimous,3,Gegard Mousasi,Ilir Latifi,300,3
468d6da7f097e449,Decision - Split,3,Diego Sanchez,Clay Guida,300,3
bd1e01de1f24962b,KO/TKO,2,Alejandro Perez,Matthew Lopez,300,3
0f2983fe7753403f,Decision - Split,3,Ricky Turcios,Kevin Natividad,300,3
7d2d327fd7580364,Decision - Unanimous,3,Robbie Lawler,Chris Lytle,300,3
d6dcbf543d7e303d,Submission,2,Alex Caceres,Damacio Page,300,3
ced0e31df74f27d6,Decision - Unanimous,3,John Makdessi,Jesus Pinedo,300,3
1e1a09bbedf7781d,Submission,1,Hector Urbina,Edgar Garcia,300,3
681cd3cc6299d652,Decision - Unanimous,3,Austin Hubbard,Michal Figlak,300,3
ef3c1a2ac6510d26,KO/TKO,2,Mark Hunt,Roy Nelson,300,5
004885f7983f4658,KO/TKO,2,Matt Brown,Jordan Mein,300,3
60f3232bc7a73b15,Decision - Unanimous,3,Anthony Johnson,Dan Hardy,300,3
2e0493171c4ee80f,KO/TKO,1,Ilir Latifi,Sean O'Connell,300,3
4e566bd7094b49da,KO/TKO,1,Adrian Yanez,Victor Rodriguez,300,3
2dbd0bc3e61ca00b,KO/TKO,2,Chuck Liddell,Tito Ortiz,300,3
c5479f20e4db357d,Decision - Unanimous,3,Thales Leites,Hector Lombard,300,3
e52eae4ea46c6010,KO/TKO,1,Luigi Fioravanti,Dave Menne,300,3
e8ef17c0babcfca5,Submission,2,Lauren Murphy,Liliya Shakirova,300,3
071d488ec8ccf254,KO/TKO,1,Lando Vannata,John Makdessi,300,3
43af04881587abbc,Decision - Unanimous,3,Pingyuan Liu,Damian Stasiak,300,3
a3fe8217502c42a4,Submission,1,Pete Williams,Travis Fulton,,
fcf632627ce40195,KO/TKO,1,Mark Hall,Harold Howard,,
7094c05bf73eee81,KO/TKO,2,Uriah Hall,Krzysztof Jotko,300,3
78b928a602a81971,Submission,1,Martin Kampmann,Jacob Volkmann,300,3
a6db8eb1fb3eebf2,Submission,2,Bogdan Guskov,Billy Elekana,300,3
d98d5a3800cd21fb,Submission,2,BJ Penn,Joe Stevenson,300,5
fbbba3da4438cb04,Decision - Unanimous,3,Sijara Eubanks,Sarah Moras,300,3
65d777a16fce2be8,Decision - Unanimous,3,Francisco Trinaldo,Yancy Medeiros,300,3
3e610c7a2ab31acd,Decision - Unanimous,3,Yan Cabral,David Mitchell,300,3
19da5aa17c896a1a,KO/TKO,1,Erik Perez,Ken Stone,300,3
cda0d9b5ce9b9c12,Decision - Unanimous,3,Liz Carmouche,Jennifer Maia,300,3
5b0fcecc55bebd5c,KO/TKO,2,Shawn Jordan,Derrick Lewis,300,3
67ed3ad521ef619c,KO/TKO,1,Takashi Sato,Jason Witt,300,3
4335683beee93652,Submission,1,Geoff Neal,Brian Camozzi,300,3
8fd14eb227688467,Submission,3,Alexandre Pantoja,Neil Seery,300,3
df8391ca39160d8c,Decision - Majority,3,TIE,TIE,300,3
002cb1bb411c5f60,Decision - Unanimous,5,Rich Franklin,David Loiseau,300,5
fc2bdd67c1a056a4,Decision - Unanimous,3,Abus Magomedov,Warlley Alves,300,3
a5f39e8ff1398269,Decision - Split,3,Alex Garcia,Sean Spencer,300,3
d172d88fbeb8c6a8,KO/TKO,1,Diego Sanchez,Kenny Florian,300,3
46b9acec12a35d37,Decision - Unanimous,3,Trevin Giles,Louis Cosce,300,3
12231c1ca2e09011,KO/TKO,1,Thiago Alves,Derrick Noble,300,3
a5d2f0fed3ce2899,KO/TKO,1,Dustin Jacoby,Da Woon Jung,300,3
b9539d5e379b3edc,Decision - Unanimous,3,Jonathan Martinez,Said Nurmagomedov,300,3
bf878c083a6b30ad,Decision - Unanimous,3,Roman Dolidze,Anthony Smith,300,3
3832958c913305f0,Decision - Unanimous,3,Efrain Escudero,Dan Lauzon,300,3
279b4190d9ef1379,Decision - Unanimous,5,Cristiane Justino,Holly Holm,300,5
e74e3c2a96fa9c55,Submission,2,Kurt Pellegrino,Fabricio Camoes,300,3
0b9cd718d7e329e8,Decision - Unanimous,3,Alex Morono,Court McGee,300,3
6a32cabbcd9b1e42,Submission,1,Dennis Siver,Andre Winner,300,3
7a635063e5f1699b,KO/TKO,1,Alexander Volkov,Jairzinho Rozenstruik,300,5
0b71ada6c9209fc9,Submission,1,Royce Gracie,Ron van Clief,,
99dbe9669f31ed91,Decision - Unanimous,3,Arman Tsarukyan,Matt Frevola,300,3
688908886d8ac900,Decision - Split,3,Giga Chikadze,Brandon Davis,300,3
1fcb50100d0e6bc6,Submission,1,Nick Klein,Heraldo Souza,300,3
971ed760d0425fab,Submission,1,Mark Kerr,Igor Borisov,600,2
acbe77c01b8f753a,Submission,1,Daisuke Nakamura,Andy Ologun,600,2
b1587c8aa2ccaeeb,Submission,2,Alex Serdyukov,Scott Norton,300,3
83daff5f87126976,Submission,3,Julius Anglickas,Karl Reed,300,3
a7623d6fa6d4bad0,KO/TKO,1,Hiromitsu Miura,Blas Avena,300,3
2941af61e71ba5c0,Submission,1,Rafael Rebello,Kyle Dietz,300,3
2e0bd2897ce8d70e,KO/TKO,1,Murilo Rua,Tony Bonello,300,3
75dbde075a0985db,Submission,1,Igor Vovchanchyn,Valentijn Overeem,600,3
59f0fbfddc853143,Decision - Split,3,Kenji Osawa,Yoshiro Maeda,300,3
b785a4cb8723b176,Submission,1,Valentijn Overeem,Ray Sefo,300,3
873e2361ea6432ea,Decision - Unanimous,2,Kenji Osawa,Keisuke Fujiwara,600,2
c39663306d2776d7,Decision - Unanimous,5,Bobby Southworth,Anthony Ruiz,300,5
295ca78f56ebee0f,Decision - Unanimous,3,Tatsuya Kawajiri,Michihiro Omigawa,300,3
d06819e674091440,KO/TKO,1,Kazuyuki Fujita,James Thompson,600,3
da08c2627f9f3384,KO/TKO,1,Kim Couture,Lina Kvokov,180,3
acbe07e3131d14dc,Decision - Split,3,Cub Swanson,Mackens Semerzier,300,3
00bd7b0077fcbe42,Submission,1,Nick Diaz,Joe Hurley,300,5
9ea1eec0972dff46,Submission,1,Samandar Murodov,Gian Siqueira,300,3
668099c4f0926c97,KO/TKO,1,Logan Clark,Scott Harper,300,3
af5ebdc8fb23ad8e,Submission,2,Igor Gracie,John Salgado,300,3
7a730541f3fde4aa,Submission,3,Rongzhu,Shin Haraguchi,,
3ba736f419b5830e,KO/TKO,1,Nate Diaz,Gilbert Rael,300,3
71d2e9e817dea352,KO/TKO,1,Mario Pinto,Lucas Camacho,300,3
b9a38c69d5aff4db,Decision - Unanimous,3,Mike Kyle,Marcos Rogerio de Lima,300,3
2e1b837c4cc273a2,KO/TKO,1,Justin Eilers,Josh Diekmann,300,3
8f3c4e6395c43b3a,KO/TKO,1,Kiyoshi Tamura,Ikuhisa Minowa,600,3
cdcf80d81ca640fe,KO/TKO,1,Wanderlei Silva,Shungo Oyama,600,3
3da8164e9f98d434,KO/TKO,1,Urijah Faber,Joe Pearson,300,5
84f08b960fcf0e70,Submission,1,Hidehiko Yoshida,Naoya Ogawa,600,3
5e31efcc838308bd,KO/TKO,1,Mauricio Rua,Alistair Overeem,300,3
ec157232743329de,Submission,1,Shinya Aoki,Todd Moore,600,2
c040bd838188ec92,Decision - Unanimous,3,Dusko Todorovic,Teddy Ash,300,3
d6e797984979fa31,Decision - Unanimous,3,Victor Martinez,Jacob Rosales,300,3
f85f95631cbdeecc,Decision - Unanimous,3,Antonio Arroyo,Diego Henrique da Silva,300,3
e87222fdbc228f33,Decision - Split,3,Diego Nunes,Raphael Assuncao,300,3
2f46c0a469e3665b,Submission,2,Nate Diaz,Joe Hurley,300,3
c694c1b0a0dfb8e3,Decision - Unanimous,3,Lorenz Larkin,Gian Villante,300,3
7285c9f0b9c0308b,KO/TKO,1,Ihor Potieria,Lucasz Sudolski,300,3
51d926eadd65d4f8,Submission,2,Alberto Montes,Carlos Calderon,300,3
e8ec95cdef577733,KO/TKO,1,Joe Stevenson,Jeremy Jackson,300,3
3bdba539a350721c,KO/TKO,1,Jose Aldo,Rolando Perez,300,3
1e6018b3a676d0cc,KO/TKO,1,Frank Shamrock,Cesar Gracie,300,3
af1e16e0c2c8b747,Submission,2,Austin Bashi,Dorian Ramos,300,3
1dd94e641c7e4021,Decision - Unanimous,2,Miesha Tate,Maiju Kujala,180,2
3f03fa128b00e893,Decision - Split,3,Nick Ertl,Nam Phan,300,3
6f98d8438431d653,Submission,1,Kazushi Sakuraba,Quinton Jackson,600,3
16f1f0baf02adc3b,Decision - Unanimous,3,Jeff Curran,Stephen Ledbetter,300,3
a4b1565a356618d3,Decision - Unanimous,3,Francis Marshall,Connor Matthews,300,3
ebb45ec974325bac,Decision - Unanimous,3,Johny Hendricks,Alex Serdyukov,300,3
872ada6d9ea0e12d,Decision - Unanimous,2,Kazuo Misaki,Jorge Patino,600,2
00f2db92f13faa60,Decision - Split,3,Ricky Steele,Phil Caracappa,300,3
42ec60fe546264f9,Decision - Unanimous,2,Liz Carmouche,Colleen Schneider,180,2
eff9d4e4a0b309ca,Decision - Unanimous,3,Luana Carolina,Mabelly Lima,300,3
63abbc607cf24d9b,KO/TKO,1,Micah Miller,Chance Farrar,300,3
7c755367819db17d,DQ,1,Daijiro Matsui,Bob Schrijber,600,2
9ad1d551dce8e3fd,Submission,1,Shinya Aoki,Keith Wisniewski,300,3
494046cf92263b65,KO/TKO,1,Danny Castillo,Will Kerr,300,3
c7186a2d40d3d8fc,KO/TKO,2,Paul Buentello,Carter Williams,300,3
46b91d8d819079e6,Submission,3,Javid Basharat,Oron Kahlon,300,3
4040fa6b8cb71ae1,Decision - Unanimous,2,Kazushi Sakuraba,Vitor Belfort,600,2
7e3c1bd6b13b12de,Decision - Unanimous,3,Daniel Zellhuber,Lucas Almeida,300,3
ae1e167936b09e00,KO/TKO,2,Dave Terrel,Tiki Ghosn,300,3
9ba87ef51d1be403,Submission,2,Miguel Torres,Charlie Valencia,300,3
464f531bb230b973,Submission,1,Trevor Prangley,Anthony Ruiz,300,3
42fd31119edc121e,KO/TKO,1,Mauricio Rua,Akihiro Gono,600,2
70a3345aab473137,Decision - Unanimous,2,Hideo Tokoro,Takeshi Yamazaki,600,2
6eb2195511126278,Submission,1,AJ Dobson,Hashem Arkhagha,300,3
229cad26aa15bd66,Submission,1,Diego Sanchez,Rene Kronvold,300,2
914855bbafaa192c,TKO - Doctor's Stoppage,1,Jalin Turner,Max Mustaki,300,3
46937e8aca60a3b6,Decision - Unanimous,3,Royce Gracie,Kazushi Sakuraba,300,3
e717df080b2f4843,Decision - Unanimous,3,Jack Della Maddalena,Ange Loosa,300,3
0671ed118e51974d,KO/TKO,2,Duane Ludwig,Tony Fryklund,300,3
fae88870fd1f1d12,KO/TKO,1,Ben Rothwell,Chris Guillen,300,3
d0aa0a891d4dfe4c,Decision - Split,3,Kamal Shalorus,Bart Palaszewski,300,3
d2bab0dd95364cc8,Submission,1,Andre Galvao,John Alessio,600,2
013cf9354b881566,KO/TKO,3,Matt Lindland,Kevin Casey,300,3
5d155122e50305b2,Decision - Unanimous,3,Charlie Valencia,Seth Dikun,300,3
cea71d7f78ae7542,KO/TKO,2,Gilbert Melendez,Harris Sarmiento,300,3
e9ef343f699c2cf2,KO/TKO,2,Jose Delgado,Ernie Juarez,300,3
1081c31d9b093566,Decision - Split,3,Georgi Karakhanyan,Hiroyuki Takaya,300,3
02fb1b19e5987e38,Decision - Unanimous,3,Pat Healy,Kurt Holobaugh,300,3
f2aeed55c911bb2d,KO/TKO,1,Devonte Smith,Joe Lowry,300,3
7542088bdbe767dc,KO/TKO,1,Cristiane Justino,Gina Carano,300,5
80c770f87db80367,Submission,2,Kazushi Sakuraba,Renzo Gracie,600,2
d2e022a39488ecaa,KO/TKO,2,Hiromitsu Miura,Fernando Gonzalez,300,3
6daf012e1022a4b1,Decision - Unanimous,2,Ryo Chonan,Andrews Nakahara,600,2
e08cdb8ed788e4b4,KO/TKO,1,Jutaro Nakao,Shinya Aoki,300,3
db737d568ea1fdb2,TKO - Doctor's Stoppage,1,Shinya Aoki,Kuniyoshi Hironaka,300,3
a6585c7369230560,KO/TKO,1,Rogerio Nogueira,Edwin DeWees,300,3
c2c2d90e1d6eb481,KO/TKO,2,Marco Tulio,Matthieu Duclos,300,3
34f67640ecd7909e,Decision - Unanimous,3,Masanori Kanehara,Norifumi Yamamoto,300,3
4486bdebc55b014e,Decision - Split,3,Lyle Beerbohm,Vitor Ribeiro,300,3
29bc6bcf294842e8,KO/TKO,1,James Thompson,Henry Miller,600,2
af1ee2e3c22760b6,KO/TKO,1,Alistair Overeem,Mike Bencic,600,3
54bc12eeff0e307e,Decision - Unanimous,3,Cristiane Justino,Yoko Takahashi,180,3
76a8b66a06e3be4a,KO/TKO,1,Luana Pinheiro,Stephanie Frausto,300,3
e4daaccd58d6c80b,Decision - Unanimous,3,Ovince Saint Preux,Antwain Britt,300,3
61d2065a8b572e76,KO/TKO,1,Wanderlei Silva,Yuki Kondo,600,3
a758fb8a16ce7811,Decision - Unanimous,3,Cesar Almeida,Lucas Fernando,300,3
4d69795ed6030009,Decision - Unanimous,5,Muhammed Lawal,Gegard Mousasi,300,5
b6419c0badbcffc2,Decision - Unanimous,3,Andre Lima,Rickson Zenidim,300,3
3ef54c5d70035533,Other,5,TIE,TIE,180,5
e807c42a60ba9b38,KO/TKO,2,Alistair Overeem,Bazigit Atajev,600,3
36bbd879dc7f60de,Decision - Unanimous,3,Gian Villante,Derrick Mehmen,300,3
576a3176bd3bd2c5,Submission,1,Gegard Mousasi,Jake O'Brien,600,2
294bc24d593e1303,Decision - Unanimous,3,Lawrence Lui,Zhang Qinghe,,
8924c6be36b9cc3a,KO/TKO,3,Pedro Falcao,James Barnes,300,3
9a04ec72cd4788e5,Submission,1,Antonio Rodrigo Nogueira,Enson Inoue,600,3
95f37108f6742001,Submission,1,Mark Coleman,Milco Voorn,300,3
10fa5dcc005594df,Decision - Unanimous,3,Josh Thomson,Nam Phan,300,3
dfae68a1248be4c5,Submission,1,Sergei Kharitonov,Cory Peterson,600,3
814ac874956d0824,Submission,3,Ryan Couture,Lee Higgins,300,3
ceabe70188a702fc,KO/TKO,1,Sulangrangbo,Peter Danesoe,,
bb6fc11738167352,KO/TKO,1,Gian Villante,Trevor Smith,300,3
8d5048daf153078d,KO/TKO,1,Doug Marshall,Justin McElfresh,300,5
9bc609407cfbfca5,Submission,2,Renato Sobral,Rameau Thierry Sokoudjou,300,3
1eecedf965db49ed,Submission,1,Alistair Overeem,Nikolajus Cilkinas,300,3
e70dec4ff9d4291f,Submission,1,Jake Shields,Ido Pariente,300,3
820872383c5c5503,Decision - Unanimous,2,Allan Goes,Vernon White,600,2
4d23dfc3850e25d5,KO/TKO,1,Glover Teixeira,Carlton Jones,300,3
1f5cebb31f0ab6f3,KO/TKO,1,WonBin Ki,Jinnosuke Kashimura,,
469d61ef1081f2f8,Submission,1,Carlos Condit,Brock Larson,300,5
2b7120d3f5e7b325,Submission,1,Marco Ruas,Gary Goodridge,600,3
23562eaf15eeb95e,KO/TKO,1,Luke Stewart,Bryson Kamaka,300,3
4e25cada2ae16608,KO/TKO,1,Don Frye,Yoshihiro Takayama,600,3
4f8b5b850b58c367,Decision - Unanimous,2,Sean Sherk,Ryuki Ueyama,600,2
b72edfcf37abdc98,Submission,1,Marcio Alexandre Junior,Leonardo Silva de Oliveira,300,3
badc5aee374b250c,KO/TKO,1,Jamie Varner,Marcus Hicks,300,5
7d90c16a46caa5c7,KO/TKO,2,Kazuo Misaki,Joe Riggs,300,3
45891d4b6afaced1,Decision - Split,3,Luis Gurule,Nick Piccininni,300,3
91ffee32690a6ca9,KO/TKO,1,Ibo Aslan,Paulo Renato Junior,300,3
970fb2ce5496c94c,KO/TKO,1,Adrian Yanez,Brady Huang,300,3
68ede15481aabb09,Decision - Unanimous,3,Damacio Page,Scott Jorgensen,300,3
ed72d7c1d943194b,Submission,1,Aliaskhab Khizriev,Henrique Shiguemoto,300,3
bb186b35de310e24,KO/TKO,1,Rafael Cavalcante,John Doyle,300,3
e74ec1389325a108,KO/TKO,1,Rameau Thierry Sokoudjou,Ricardo Arona,600,3
5948cb3a8f9ab926,KO/TKO,1,JeongYeong Lee,Lu Kai,,
3d3aa9b5bac57a5f,KO/TKO,1,Rich Franklin,Antony Rea,300,3
e1a3beabfdbde54d,Decision - Unanimous,3,Antonio Rodrigo Nogueira,Heath Herring,600,3
97b83ca76ea0313b,Decision - Unanimous,2,Carlos Barreto,Tra Telligman,600,2
0552c352d3f21ec2,KO/TKO,2,Ignacio Bahamondes,Edson Gomez,300,3
beb985ed5356e413,Decision - Unanimous,3,Piera Rodriguez,Valesca Machado,300,3
c9578be72a48d1a1,Submission,2,Baergeng Jieleyisi,Li Yunfeng,,
3eb21d77e227e57a,Decision - Unanimous,2,Ikuhisa Minowa,Mike Polchlopek,600,2
a4ab73cf2aedf28d,Submission,1,Marcus Hicks,Scott McAfee,300,3
df85484449649e7b,Decision - Unanimous,2,Antonio Rodrigo Nogueira,Sergei Kharitonov,600,2
007f8d72f0931779,Submission,1,Tom Erikson,Matt Skelton,600,3
18ec1a0ccf6c975f,KO/TKO,1,Phil Baroni,Yuki Kondo,600,2
3bf673590b49815b,KO/TKO,1,Sergei Kharitonov,Mu Bae Choi,600,3
a8322b53015f905b,Submission,1,Fabricio Werdum,Mike Kyle,300,3
33d715a29a00bb81,Decision - Unanimous,3,Sim Kai Xiong,Kuya Ito,,
f117950e65460861,KO/TKO,2,Rafael Cavalcante,Yoel Romero,300,3
3e75012dd687a0ab,KO/TKO,1,Eddie Alvarez,Tatsuya Kawajiri,600,2
cb1724eee61502e7,KO/TKO,1,Hiroyuki Takaya,Yoshiro Maeda,600,2
baa0d1ffcf25c6fb,Decision - Unanimous,3,Zachary Micklewright,Muhsin Corbbrey,300,3
12304dabd98e8c2e,KO/TKO,1,Anderson Silva,Carlos Newton,600,3
1a05461b252638f8,KO/TKO,1,Mauricio Rua,Hiromitsu Kanehara,600,3
f5842f2fc92c0f03,Decision - Unanimous,2,Hayato Sakurai,Joachim Hansen,600,2
3931973e3fe0df07,Decision - Unanimous,3,Daniel Rodriguez,Rico Farrington,300,3
aa8009b8b58da28d,Submission,3,Rogerio Nogueira,Dion Staring,300,3
86b19fddda4583d5,Submission,1,Rani Yahya,John Hosman,300,3
d48528e3a482bddf,Submission,1,Antonio Rodrigo Nogueira,Wagner da Conceicao Martins,600,3
5da6f617f2dca421,Decision - Unanimous,3,Chris Cariaso,Anthony Figueroa,180,3
f69e9c0d7a7b9956,Decision - Split,3,Antonio Silva,Ricco Rodriguez,300,3
03d1758f52e9bb42,Decision - Unanimous,3,Michael Morales,Nikolay Veretennikov,300,3
cff365dc885a37b5,Decision - Split,3,John Franchi,Mike Budnik,300,3
5cde138422f490b5,KO/TKO,2,Aleksa Camur,Fabio Cherant,300,3
827cec94aa5deeb2,Submission,3,Pat Healy,Caros Fodor,300,3
ce5c3d42666d0115,KO/TKO,2,Gegard Mousasi,Rameau Thierry Sokoudjou,300,3
2e10d9739a82861d,Submission,1,Jordan Leavitt,Luke Flores,300,3
a5e4b205812f4aaf,Decision - Split,3,Tyron Woodley,Nathan Coy,300,3
a7198e5637bdf9a8,Submission,1,Bo Nickal,Zachary Borrego,300,3
398ddabf769e5e64,Decision - Unanimous,3,Taila Santos,Estefani Almeida,300,3
16824735d44eef41,Submission,1,Mauricio Rua,Kevin Randleman,300,3
74f4debc34873601,Submission,1,Joe Stevenson,Thomas Denny,300,3
ff2d68dd6f1565c3,Decision - Split,2,Takanori Gomi,Marcus Aurelio,600,2
35610cabb2459367,Decision - Split,2,Dan Henderson,Murilo Bustamante,600,2
0cffb35593609793,Decision - Unanimous,2,Paulo Filho,Gregory Bouchelaghem,600,2
69b7caa245500492,Submission,1,Aleksander Emelianenko,Pawel Nastula,600,3
561f0b0c0cee17e2,KO/TKO,3,Sarah Kaufman,Roxanne Modafferi,300,5
c363fc024e6a7548,Submission,1,Marcus Aurelio,Takanori Gomi,600,2
1b0d1dc02edec572,Submission,1,Rousimar Palhares,Fabio Nascimento,300,3
475c2efc8e71f8cb,Decision - Unanimous,2,Rashad Evans,Hector Ramirez,300,2
bea3ffb3c52dae63,Submission,1,Jason High,Nate Moore,300,3
0b130c42c220ead1,Submission,1,Ronda Rousey,Julia Budd,300,3
e4728e48ef9df454,TKO - Doctor's Stoppage,1,Alonzo Menifield,Daniel Jolly,300,3
8ad9b34dd1424d83,Decision - Unanimous,3,Dominick Cruz,Ivan Lopez,300,3
3cb8e8ebfb942cb3,Submission,1,Hidehiko Yoshida,Mark Hunt,600,3
c952f6dac20e0e9d,Decision - Split,3,John Polakowski,Olaf Alfonso,300,3
eb3f56264d0755ae,KO/TKO,1,Peter Danesoe,Sim Kai Xiong,,
aa7819ca84d8964a,Submission,2,Crosley Gracie,Hayato Sakurai,600,2
32f1585189dd74a2,KO/TKO,2,Kazuhiro Nakamura,Travis Galbraith,300,3
0f1debed6e206c60,KO/TKO,1,Tatsuya Kawajiri,Drew Fickett,600,2
28d14941a678d34c,KO/TKO,3,Jamie Varner,Rob McCullough,300,5
b8324a8941c26142,KO/TKO,1,Hong Man Choi,Jose Canseco,600,2
bcc76f9544d786ca,Decision - Unanimous,3,Sidney Outlaw,Michael Cora,300,3
96680f12f06edfee,KO/TKO,1,Alistair Overeem,Brett Rogers,300,5
3610564037fe69b1,Submission,1,Yizha,Kaiwen,,
967840bf71e9c4ab,KO/TKO,1,Zhang Mingyang,Tuco Tokkos,300,3
0bf4c9ed1b265e35,KO/TKO,1,Jens Pulver,Kenji Arai,600,2
c78952eaf07238c1,KO/TKO,1,Ken Shamrock,Alexander Otsuka,600,2
14b50d099683c99b,KO/TKO,1,Fedor Emelianenko,Wagner da Conceicao Martins,600,3
d65a1a1247b1efd2,Decision - Unanimous,2,Wanderlei Silva,Carl Malenko,600,2
e2b742101d18408f,Submission,1,Daermisi Zhawupasi,Eperaim Ginting,,
ca351f5b8b6c71e1,Decision - Unanimous,2,Gegard Mousasi,Dong Sik Yoon,600,2
e690cd6b9f6fddaf,Submission,1,Paulo Filho,Ryo Chonan,600,2
4f7e08d30ca0b131,Submission,1,Joachim Hansen,Kultar Gill,600,2
b99405e9fa6223f6,Decision - Unanimous,3,Antonio Rodrigo Nogueira,Ricco Rodriguez,600,3
00b8c4163a69dfaf,Submission,3,Ryo Chonan,Anderson Silva,600,3
2157c91a9a97caf8,Submission,1,Luke Stewart,Bill Duvall,300,3
4cdfcb77a2ef999a,Decision - Unanimous,3,Christian Rodriguez,Reyes Cortez Jr.,300,3
131e31dcda2d747e,Decision - Unanimous,3,Zach Skinner,Scott Shaffer,300,3
f93ac9f031b496c8,KO/TKO,1,Katsunori Kikuno,Kuniyoshi Hironaka,600,2
1d74f34a01169c96,KO/TKO,3,SangHoon Yoo,Chris Hofmann,,
37bfb2497072e7c1,Decision - Split,3,Josias Musasa,Otari Tanzilovi,300,3
8115935927a4fc89,Decision - Split,2,Masakazu Imanari,Atsushi Yamamoto,600,2
6c62eae0210bde37,Decision - Split,2,Joachim Hansen,Mitsuhiro Ishida,600,2
5471cd3d79067e0d,Submission,1,Georges St-Pierre,Justin Bruckmann,300,3
c66ce8becb63a99b,KO/TKO,1,Kevin Ferguson,Bo Cantrell,300,3
2077a980c50264e1,KO/TKO,1,Charlie Valencia,Antonio Banuelos,300,3
7f0896f35d3ac151,KO/TKO,2,SangWon Kim,Keisuke Sasu,,
d6e969ddfb82c9ff,Decision - Unanimous,3,JJ Okanovich,Christian Lohsen,300,3
9d92dd4a6733d680,KO/TKO,1,Geoff Neal,Chase Waldon,300,3
b91be5ef1fdd3938,KO/TKO,2,Vinicius Salvador,Shannon Ross,300,3
bb670195b46ac1c1,Submission,3,Nick Diaz,Scott Smith,300,3
e1b3f51a6f460439,Decision - Unanimous,3,Mark Coleman,Don Frye,600,3
05743f2c8a83133d,Decision - Split,3,Ryan Couture,Joe Duarte,300,3
c2febab73f3c62b6,Submission,1,Fabricio Werdum,Tom Erikson,600,3
374ea556bf8cf673,KO/TKO,1,Duane Ludwig,Sammy Morgan,300,3
0a913b0af51d027f,Decision - Unanimous,2,Tatsuya Kawajiri,Gesias Cavalcante,600,2
58cd0fa074f5434b,TKO - Doctor's Stoppage,1,Fedor Emelianenko,Heath Herring,600,3
d3e08262b763c6a8,Decision - Unanimous,3,Karl Williams,Jimmy Lawson,300,3
99fee9002241cdeb,KO/TKO,1,George Mangos,Yuito Yanagawa,,
d525e54852c65e67,Submission,1,Jake Shields,Ray Steinbeiss,300,3
ff098f3cef1c30d6,Decision - Split,3,Bogdan Grad,Michael Aswell Jr.,300,3
3154882a62c2b334,Submission,2,Nick Diaz,Evangelista Santos,300,5
5b2a9b9502e9548e,Submission,2,Akihiro Gono,Gegard Mousasi,600,2
5c1cac591dcd6f63,KO/TKO,1,Alistair Overeem,Yusuke Imamura,300,2
9abdfd656d9c3723,Submission,1,Maurice Smith,Rick Roufus,300,3
7f952fcf4a6837bf,Decision - Unanimous,3,Ricky Palacios,Toby Misech,300,3
05a771026d5182cf,Decision - Unanimous,3,Radley Da Silva,George Mangos,300,3
b24a8b470ad3df65,Decision - Split,2,Hideo Tokoro,Atsushi Yamamoto,600,2
216607cb1a08c3aa,KO/TKO,3,Yousri Belgaroui,Taiga Iwasaki,300,3
0b4d974deee07902,KO/TKO,1,Brett Rogers,James Thompson,300,3
841a1d322a1c021a,Submission,1,Josh Barnett,Siala Siliga,600,2
e0d0a74b2fdfe057,Decision - Unanimous,3,Jorge Masvidal,Billy Evangelista,300,3
eb567d187f8313fc,Decision - Unanimous,3,Chase Hooper,Canaan Kawaihae,300,3
3d7561e53110e4e7,KO/TKO,2,Paul Buentello,Ruben Villareal,300,3
7365907aa259d8e2,KO/TKO,1,Sergei Kharitonov,Murilo Rua,600,3
32676aa237a09174,Submission,3,Renan Barao,Anthony Leone,300,3
d3c8ca4e4cbed83a,Decision - Split,3,Mark Hunt,Wanderlei Silva,600,3
b7248a434af5d661,KO/TKO,1,Antonio Silva,Wesley Correira,300,3
c2df05f52e20b892,Submission,1,Ronda Rousey,Sarah Kaufman,300,5
a776731a0e8a5aff,Decision - Unanimous,3,Satoshi Ishii,Jerome LeBanner,300,3
8a087f39fe3279d9,KO/TKO,1,Daniel Cormier,Antonio Silva,300,3
4b5afef9b457fb2f,Submission,2,Sangwook Kim,Ren Yawei,,
8af059523fcaa0fb,Decision - Unanimous,3,Danyelle Wolf,Taneisha Tennant,300,3
cf09c3a9de1b36de,KO/TKO,2,Jacobe Smith,Christien Savoie,300,3
4c23c2a8ca4d9700,Decision - Unanimous,3,Fedor Emelianenko,Mirko Filipovic,600,3
84f1eeafc1100eb6,KO/TKO,1,Guy Mezger,Alexander Otsuka,600,2
5470282e2c7a1351,Decision - Unanimous,3,Rei Tsuruya,Mark Climaco,,
3611fe9d10a3a32e,Decision - Unanimous,3,Pat Healy,Lyle Beerbohm,300,3
ebf1c1ca3fc0c05f,Submission,1,Tom Erikson,Tim Catalfo,600,3
e3e9cf721368808b,Submission,2,Ikuhisa Minowa,Jimmy Ambriz,600,2
0f2d0eef162ff3a7,KO/TKO,2,Julian Marquez,Phil Hawes,300,3
de0ed6bd63fe2bd8,KO/TKO,1,Dan Henderson,Kazuhiro Nakamura,600,3
163d1464e538aecb,Decision - Unanimous,3,Sanae Kikuta,Makoto Takimoto,600,3
324b7d0ea628f2c0,Submission,1,Fedor Emelianenko,Tim Sylvia,300,5
2ca03d08d37161cb,KO/TKO,1,Luke Rockhold,Keith Jardine,300,5
195ed0a0b85fa85e,Decision - Unanimous,3,Daniel Allen,Jacobi Jones,300,3
3f08248de1b99fd3,KO/TKO,1,Gilbert Yvel,Gary Goodridge,600,2
e52acd56bbcb2ec6,Decision - Split,2,Yusuke Kawaguchi,James Thompson,600,2
a09e00758d46a8e5,Submission,2,Masakazu Imanari,Kenji Osawa,600,2
d3727d2e77649508,KO/TKO,3,ChangHo Lee,Daermisi Zhawupasi,,
e754ac0247ca14ab,KO/TKO,1,Ben Rothwell,Bryan Vetell,240,3
c0651ff11b3d2e1f,Decision - Split,3,KJ Noons,Conor Heun,300,3
2116ea793dfe9290,Submission,2,Roosevelt Roberts,Garrett Gross,300,3
39116243fcb4a3f8,Decision - Unanimous,3,Igor Vovchanchyn,Masaaki Satake,600,3
10fb3de37870d351,Decision - Split,3,Akira Shoji,Guy Mezger,600,3
a0f1f25c90222b4d,Decision - Unanimous,5,Clay Guida,Josh Thomson,300,5
15bb241ded012e00,KO/TKO,1,Anthony Pettis,Danny Castillo,300,3
689ae33bc74cee64,Submission,1,Gegard Mousasi,Mike Kyle,300,3
6ae435f226b94d94,Decision - Unanimous,3,Daijiro Matsui,Jose Landi-Jons,600,3
345cf40a953385ea,Submission,2,Sam Patterson,Vinicius Cenci,300,3
28cf059c5ed3c5ae,Submission,2,Brad Pickett,Kyle Dietz,300,3
abc2a8cf52f16b8b,KO/TKO,2,Wanderlei Silva,Quinton Jackson,600,3
7b1bed9bac363cb4,Decision - Unanimous,3,Alistair Overeem,Fabricio Werdum,300,3
af7c42764ab050ea,KO/TKO,1,Tatsuya Mizuno,Trevor Prangley,600,2
bd37d09ff85ea511,Decision - Split,2,Kazuo Misaki,Denis Kang,600,2
4cea6a1a07380421,KO/TKO,1,Akiyo Nishiura,Hideo Tokoro,300,3
0bd4d58ac34783ae,Decision - Split,3,Gisele Moreira,Dayana Silva,300,3
778653bf095d4487,Submission,1,Josh Grispi,LC Davis,300,3
a49006f9199a015b,KO/TKO,3,Herschel Walker,Greg Nagy,300,3
8b41fa16ecc05116,Decision - Unanimous,3,Dennis Buzukja,Kaleio Romero,300,3
f55fefe46b8cbd44,KO/TKO,2,Joby Sanchez,JP Buys,300,3
8237b505833e6139,KO/TKO,1,Mirko Filipovic,Heath Herring,600,3
b9b84b6a3aa4e50b,Decision - Unanimous,2,Tatsuya Kawajiri,Luiz Firmino,600,2
81a5491ec780a380,Decision - Unanimous,3,Tyron Woodley,Paul Daley,300,3
952343deb41eab83,Submission,1,Semmy Schilt,Gan McGee,600,3
58fa74f40f8291bf,Submission,1,Antonio Schembri,Johil de Oliveira,600,3
dd3d1522b0ec7361,Submission,1,Kazushi Sakuraba,Ebenezer Fontes Braga,600,2
a1688f2c68347da6,KO/TKO,1,Mirko Filipovic,Hong Man Choi,600,2
ecfacf52e86bf524,Decision - Unanimous,3,Chael Sonnen,Bryan Baker,300,3
6fcfbc88ccc2ed40,Decision - Unanimous,3,Ricardo Arona,Murilo Rua,600,3
a3c05cda32c7923e,KO/TKO,1,Austen Lane,Richard Jacobi,300,3
f5b0055b226bace9,KO/TKO,2,Danny Castillo,Rafael Dias,300,3
ba3a8cb3d8cf8682,Decision - Unanimous,3,Anderson Silva,Hayato Sakurai,300,3
c037bb8d796de3bd,Decision - Split,3,Dagiisuren Chagnaadorj,Regezhen,,
4b894751d0f333f2,Submission,1,Kazushi Sakuraba,Kestutis Smirnovas,600,3
ce7671f240552705,Decision - Split,3,BoHyun Park,Dong Huaxiang,,
543629cffefa50a5,Decision - Unanimous,3,Shin Haraguchi,JaeHyun Park,,
8f83b828b225ce8f,KO/TKO,1,Muhammed Lawal,Mark Kerr,300,3
0d404bf702881bb5,Decision - Unanimous,3,Connor Matthews,Jair Farias,300,3
1372409566d76c29,Decision - Split,3,Mark Hominick,Leonard Garcia,300,3
01f5a9e917657973,Decision - Unanimous,2,Carlos Newton,Johil de Oliveira,600,2
33be2a2c90737ef1,KO/TKO,2,Cristiane Justino,Shayna Baszler,180,3
8380f331f1102802,KO/TKO,1,Donte Johnson,Darion Abbey,300,3
44fbfb56a6bd3e2e,Submission,1,Rousimar Palhares,Helio Dipp,300,3
31a648a4e311a248,KO/TKO,1,Jens Pulver,Joe Stevenson,,
2dcd5ab3bda87007,Submission,1,Jacare Souza,Zelg Galesic,600,2
f7cd689b15798885,KO/TKO,1,Lavar Johnson,Carl Seumanutafa,300,3
a0c7da03207d8f5d,KO/TKO,1,Tom Nolan,Bogdan Grad,300,3
9f8a479698aefd35,Decision - Unanimous,3,Aaron Tau,Yin Shuai,,
70e38c73a2d978d7,Submission,1,Jason Miller,Kazushi Sakuraba,600,2
6c63acdc942d47bf,Submission,1,Tatsuya Mizuno,Melvin Manhoef,600,2
666a6fa839fe5fcb,KO/TKO,3,Scott Smith,Cung Le,300,3
45a04f599a25908b,Decision - Split,3,Ryo Tajima,Ti Haitao,,
c991aa52bb0f5526,Submission,3,Nate Diaz,Alejandro Garcia,300,3
b9bbaf94bf339f4c,Submission,1,Mayra Bueno Silva,Mayana Kellem,300,3
8ccee3b4d82d5b45,Submission,1,Ikuhisa Minowa,Lee Kwan Bum,600,2
6f92dee15369dce7,Submission,1,Darrius Flowers,Amiran Gogoladze,300,3
8451014d76529392,Submission,1,Charles Bennett,Ken Kaneko,600,3
4ea1a45f36221284,KO/TKO,1,Paul Daley,Sammy Morgan,300,3
004f21a2d4101544,KO/TKO,1,Jake Shields,Renato Verissimo,300,3
bec2637f9d7d7fba,KO/TKO,2,Ateba Gautier,Yura Naito,300,3
ace14ca0397deedc,Submission,1,Kazushi Sakuraba,Rubin Williams,600,2
53d20c6112e6710c,Decision - Unanimous,2,KJ Noons,Andre Amado,600,2
0e9f89c9dc1f6629,KO/TKO,3,Jonas Bilharinho,Canaan Kawaihae,300,3
35630c35a9b087cc,KO/TKO,1,Nick Diaz,Katsuya Inoue,600,2
dd10baec46e0290f,Decision - Split,3,Leonard Garcia,Jameel Massouh,300,3
037f4c25a87b9234,Submission,1,Shinya Aoki,Eddie Alvarez,600,2
3bedf8b6871ecbfd,KO/TKO,1,Josh Parisian,Greg Rebello,300,3
a0b044082c8ae962,KO/TKO,3,Chris Curtis,Sean Lally,300,3
65bbb3d58cbcf8de,Submission,1,Jason Miller,Lodune Sincaid,300,3
ab0afaa93bbbfbc0,Decision - Unanimous,2,Shinya Aoki,Gesias Cavalcante,600,2
3e45d8ff94f243d4,Decision - Unanimous,2,Yves Edwards,Seichi Ikemoto,600,2
a8c9e8728b458fb8,Submission,3,Ahmad Hassanzada,Dylan Mantello,300,3
6d0641a9c67de9ac,KO/TKO,1,Takeshi Inoue,Caol Uno,300,3
6c6e9945c84fad34,KO/TKO,1,Scott Smith,Justin Levens,300,3
a31bdaf252a3706d,Decision - Unanimous,3,Jay Hieron,Joe Riggs,300,3
1eabff4497aed806,Submission,1,Paulo Cesar Silva,Henry Miller,600,3
9613c8d7a200f308,KO/TKO,1,Marius Zaromskis,Ho Bae Myeon,300,3
43ac452f93b08715,Submission,1,Shane Roller,Mike Budnik,300,3
144c4e65599288c3,Decision - Unanimous,3,Sara McMann,Tonya Evinger,300,3
159cc462a1686c3f,Decision - Unanimous,3,Lauren Mueller,Kelly Velasco,300,3
56b8f5464f0a9c8f,Submission,1,Kazushi Sakuraba,Andrews Nakahara,600,2
cdff9c4ec4951ba1,Submission,1,Mike Pyle,Bret Bergmark,300,3
ec8b2d89c6c852ce,KO/TKO,1,Takaya Suzuki,Otgonbaatar Boldbaatar,,
d7b6e746510cc016,Submission,3,Donnie Liles,Pete Spratt,300,3
d84792fe981ff316,Submission,3,Tatsuya Kawajiri,Joachim Hansen,300,3
bc7fbff31a52621a,KO/TKO,1,ChangHo Lee,Rana Rudra Pratap Singh,,
4dff739953febc35,Decision - Unanimous,3,Mike Brown,Jeff Curran,300,3
67131f9a904a8c25,Submission,1,Antonio Silva,Jonathan Wiezorek,300,3
b3aa5746a0426e78,Decision - Unanimous,3,Rogerio Nogueira,Moise Rimbon,300,3
b71203a58b2269a9,Submission,1,Damacio Page,Will Campuzano,300,3
65cc3c85cc70e833,Submission,1,Mitsuhiro Ishida,Paul Rodriguez,600,2
ea9a95a7d717e732,KO/TKO,1,Fedor Emelianenko,Pedro Rizzo,300,3
b4987a1df3364cf0,Submission,3,Kasib Murdoch,Yunosuke Minami,,
85e3930c7023372a,Decision - Unanimous,3,Dave Jansen,Richard Crunkilton,300,3
10cfd70fdd01fe1f,KO/TKO,1,Rob McCullough,Richard Crunkilton,300,5
b385af06f4ac8e45,Other,2,TIE,TIE,600,2
db1d125c2fd31e2f,Decision - Unanimous,3,Antonio Banuelos,Mike French,300,3
9ac468a721638e5d,Decision - Unanimous,3,Alex Karalexis,Thomas Denny,300,3
f5eb5439a5b9cc56,Decision - Unanimous,3,Dominick Cruz,Joseph Benavidez,300,3
52f03726bded3471,KO/TKO,1,Mantas Kondratavicius,Djani Barbir,300,3
c7311ea33202a6e4,Decision - Unanimous,1,Royce Gracie,Nobuhiko Takada,,
a3ea5158912c86d0,Decision - Unanimous,3,Carl Malenko,Egan Inoue,600,3
a2fe941d5ce1b149,Decision - Unanimous,3,Donald Cerrone,Jamie Varner,300,3
6a4aa0df150f93d3,KO/TKO,1,Henry Miller,Mal Foki,600,2
8b5b70c97b410397,KO/TKO,1,Sergei Kharitonov,Tatsuya Mizuno,300,3
76f6479b97d371f4,Submission,1,Ryan Spann,Emiliano Sordi,300,3
596cefaf23f9444c,Decision - Unanimous,3,Andrey Pulyaev,Liam Anderson,300,3
faa1bec23a4d5147,Decision - Unanimous,2,Hayato Sakurai,Milton Vieira,600,2
2a48a115654c77db,Decision - Unanimous,3,Eduardo Chapolin,An Tuan Ho,300,3
eb0c00f9162da33c,Decision - Split,3,Ariel Gandulla,Gary Padilla,300,3
1a6b919c5bec1f63,Decision - Unanimous,2,Mitsuhiro Ishida,Daiki Hata,600,2
d05cadbe809c8669,Submission,1,Ryan Gracie,Shungo Oyama,600,3
22a2257989234747,Decision - Split,3,Karen Darabedyan,Rob McCullough,300,3
2524a350c54e3fe3,KO/TKO,3,Mike Pierce,Justin Haskins,300,3
33151bfa498c1c6c,Decision - Unanimous,3,Cub Swanson,Hiroyuki Takaya,300,3
f28ce40f7de33d96,Decision - Unanimous,3,Jean Matsumoto,Kasey Tanner,300,3
9b086b82050b5c44,Decision - Split,3,Lucrezia Ria,Marilia Santos,300,3
b7b0881270beab34,KO/TKO,1,Andrews Nakahara,Shungo Oyama,600,2
57cb1a350540c29e,Submission,1,Shinya Aoki,Tatsuya Kawajiri,600,2
75273d6f825d6ab6,Decision - Unanimous,3,Jorge Masvidal,Ryan Healy,300,3
083071334b074d0c,Submission,3,Heath Herring,Paulo Cesar Silva,600,3
fc5cf81c8d09e720,KO/TKO,1,Doug Marshall,Jeff Terry,300,3
c5a6f1067616a2d8,KO/TKO,1,Fernie Garcia,Joshua Weems,300,3
da66ac8c442e29ed,Decision - Split,3,Ryan Couture,KJ Noons,300,3
4659c64ec61991d8,KO/TKO,1,Ikuhisa Minowa,Kenichi Yamamoto,600,2
c9456b8e77980cda,Decision - Split,3,TIE,TIE,300,3
e22e05aee76cbc2d,Decision - Unanimous,3,Marco Tulio,Yousri Belgaroui,300,3
4adbf8f6282c7d00,KO/TKO,2,Daniel Cormier,Dion Staring,300,3
bb1849f6f88e273b,KO/TKO,1,Aleksander Emelianenko,James Thompson,600,3
0d9e832be918a4e0,Decision - Split,3,Akira Shoji,Alex Stiebling,600,3
1cde015cd3d13b81,KO/TKO,1,Gegard Mousasi,Damir Mirenic,300,3
f18efb662a0e5b9a,Decision - Unanimous,3,Hideo Tokoro,Jong Man Kim,300,3
0a733a70e2f462b6,KO/TKO,1,Semmy Schilt,Akira Shoji,600,3
617c3c10e5b45a58,KO/TKO,2,Georges St-Pierre,Thomas Denny,300,3
5601f096a0d323f9,KO/TKO,1,Georges St-Pierre,Ivan Menjivar,300,3
055f9d0121c1f4da,Submission,1,Collin Huckbody,Kyron Bowen,300,3
8d4b1e19a3eb188c,KO/TKO,2,Gilbert Melendez,Gabe Lemley,300,5
940db2e9f51e4736,KO/TKO,1,Brunno Ferreira,Leon Aliu,300,3
2978249c8497319e,TKO - Doctor's Stoppage,1,Wanderlei Silva,Kazushi Sakuraba,600,3
514aa392ad98e48f,KO/TKO,1,Rizvan Kuniev,Hugo Cunha,300,3
964aa7a25c6f191f,Submission,3,Louis Jourdain,Magno Dias,300,3
dd43a31ba94f604b,KO/TKO,1,Edmen Shahbazyan,Antonio Jones,300,3
99d02515c21dfaef,Submission,2,Naoya Ogawa,Gary Goodridge,600,2
cd85938981c79cbf,Submission,1,Blas Avena,Tiki Ghosn,300,3
2056b05676c112ff,Decision - Unanimous,3,Matt Lindland,Fabio Nascimento,300,3
8c8b506dc39d603e,KO/TKO,2,Thanh Le,Lazar Stojadinovic,300,3
5b4057e38d093d56,Decision - Unanimous,3,Alex Stiebling,Wallid Ismail,600,3
d057796c53d29ebb,KO/TKO,1,Mauricio Rua,Evangelista Santos,300,3
4fbb9b5eccbc3e5e,Other,4,TIE,TIE,600,4
c5eaf65f33e8da6e,Decision - Unanimous,5,Urijah Faber,Jens Pulver,300,5
382b91c479de14e1,KO/TKO,1,Quinton Jackson,Ricardo Arona,600,3
1c41498b4aca8c39,Decision - Unanimous,5,Nick Diaz,KJ Noons,300,5
d3428fbadfc16dc9,Submission,3,Lukasz Brzeski,Dylan Potter,300,3
48dc574b3da0e1c2,KO/TKO,2,Paul Daley,Duane Ludwig,300,3
3bf88611cdcca10f,Decision - Unanimous,3,BJ Penn,Rodrigo Gracie,300,3
1f79d65163e5c072,KO/TKO,1,Hiroyuki Takaya,Chase Beebe,600,2
450181217e433a78,Submission,1,J.T Taylor,Drew Dimanlig,300,3
5bf0e3cca360f7ff,Decision - Split,2,Ryan Gracie,Ikuhisa Minowa,600,2
579e06e9e88def0b,Decision - Unanimous,3,Antonio Banuelos,Kenji Osawa,300,3
f5db1c0ea15c523a,Submission,1,Donald Cerrone,James Krause,300,3
97dc488028b5e163,Decision - Split,3,Ben Rothwell,Roy Nelson,240,3
3fd7874d71f3b887,KO/TKO,1,Cezary Oleksiejczuk,Theo Haig,300,3
e210bfb11eef3b21,Submission,1,Trevor Harris,Colley  Bradford,300,3
6954b6e02651e353,Submission,1,Zhang Tiequan,Pablo Garza,300,3
756fd0250d001671,Decision - Unanimous,3,Joseph Benavidez,Danny Martinez,300,3
8a7ff52167188be3,Submission,2,Benson Henderson,Anthony Njokuani,300,3
67f8ce4438cc1dd6,Decision - Unanimous,3,King Green,Matt Ricehouse,300,3
dc4ccf631665e8bb,Submission,1,Donald Cerrone,Danny Castillo,300,3
6ce8f19e0341c54d,Decision - Unanimous,3,Peter Barrett,SangHoon Yoo,300,3
00e41a8014757a75,Decision - Unanimous,3,Punahele Soriano,Jamie Pickett,300,3
398c0effc1dc334e,Submission,1,Ryan Couture,Lucas Stark,300,3
ce6f0fdb0e48502a,KO/TKO,1,Tatsuya Kawajiri,Kim In Seok,600,2
b98bf0bbd2f7a0f7,Decision - Unanimous,3,Paddy McCorry,In Su Hwang,300,3
f275781a6d7105af,KO/TKO,2,Tafon Nchukwi,Al Matavao,300,3
9f34b89176f24058,KO/TKO,1,Brock Larson,Carlo Prater,300,3
46d7f06673556a08,Decision - Unanimous,3,Seokhyeon Ko,Igor Cavalcanti,300,3
68a3f26b424269fc,KO/TKO,1,Mauricio Rua,Yasuhito Namekawa,600,2
f359f526d56bc583,DQ,1,Don Frye,Gilbert Yvel,600,3
718eb09cfbe62ffb,Submission,1,Daniel McWilliams,Eddy Millis,300,3
18a15bdc6f0cd766,KO/TKO,1,Ricardo Morais,Tae Hyun Lee,600,3
c6ed2a253886099b,Decision - Unanimous,3,Joanderson Brito,Diego Lopes,300,3
04b445edf2165d4f,Decision - Unanimous,3,Tokitaka Nakanishi,KyuSung Kim,,
588d17c61e6a34d7,Submission,1,Rich Franklin,Marvin Eastman,300,3
01d4d1337c5c423a,Submission,1,Fedor Emelianenko,Kevin Randleman,600,3
641ccfa8dde67fd2,Submission,1,Dan Miller,Dave Phillips,240,3
d17902f646c4aad6,KO/TKO,3,Manoel Sousa,Cristian Perez,300,3
665b820ea8514132,KO/TKO,1,Yuneisy Duben,Shannon Clark,300,3
f714a164a75fd853,Submission,1,Carlos Condit,Kyle Jensen,300,3
29a75cf420a16418,Decision - Unanimous,3,Ron Waterman,Ricco Rodriguez,300,3
d2090d2a91cce61d,KO/TKO,1,Gary Goodridge,Lloyd Van Dams,300,3
12188cb0809778a1,Decision - Unanimous,5,Anthony Pettis,Benson Henderson,300,5
3945c9fff281e5bd,Decision - Unanimous,3,Mo Miller,Brandon Lewis,300,3
5597b162e6c67551,KO/TKO,1,Hayato Sakurai,Olaf Alfonso,600,2
9142d3afd70580b5,KO/TKO,1,Takanori Gomi,Jens Pulver,600,3
44b6d8c58590299a,KO/TKO,2,Daisuke Nakamura,Bu-Kyung Jung,600,2
4097a11d4305f023,Decision - Unanimous,2,Dong Sik Yoon,Shungo Oyama,600,2
d53731ff465cddef,KO/TKO,1,Melvin Manhoef,Denis Kang,300,3
512e65ebe4fea988,Submission,1,Luiz Firmino,Hiroyuki Abe,300,2
a89fb93c12f198a7,Submission,1,Heath Herring,Tom Erikson,600,2
f377d703092b1ab2,Submission,1,Aaron Rosa,Anthony Ruiz,300,3
7067ccf701531a60,KO/TKO,1,Kevin Ferguson,David Abbott,300,3
dc6acbd6b242152a,KO/TKO,1,Blas Avena,Dave Terrel,300,3
de0f2173cfa00243,Decision - Unanimous,3,Miguel Baeza,Victor Reyna,300,3
02b094f234f587d9,KO/TKO,3,Logan Clark,Blas Avena,300,3
9951b28c9d7d3710,KO/TKO,2,Lorenz Larkin,Scott Lighty,300,3
ca7fccba51c65338,Decision - Unanimous,2,Gegard Mousasi,Hector Lombard,600,2
df8c9dfeb62e896c,Decision - Split,3,Juan Puerta,Shang Zhifa,300,3
ef6841f685b32d4d,Decision - Split,3,Alessandro Costa,Juan Andres Luna,300,3
db453d7b75bf4137,Submission,1,Jake Shields,Nick Thompson,300,5
3078271911f9f646,KO/TKO,2,Victoria Leonardo,Chelsea Hackett,300,3
dc3cdbd2e0a17d9d,Submission,1,Ikram Aliskerov,Mario Sousa,300,3
fd8493fb53d5c5ff,KO/TKO,1,Mauricio Rua,Alistair Overeem,600,2
0c9857fcc7459521,Submission,3,Benson Henderson,Jamie Varner,300,5
b6bfa84d467f6690,Submission,1,Rani Yahya,Eddie Wineland,300,3
ab67cc766d572ea3,Decision - Unanimous,2,Ikuhisa Minowa,Phil Baroni,600,2
e95553450202e5ce,Submission,1,Jordan Espinosa,Nick Urso,300,3
ec01168c96090258,KO/TKO,1,Artem Vakhitov,Islem Masraf,300,3
91a3854320fa2cec,Decision - Unanimous,3,Daniel Cormier,Jeff Monson,300,3
e00157119f6dd4d0,KO/TKO,1,Ramon Taveras,Cortavious Romious,300,3
a501d75e238496c5,Submission,3,Kazushi Sakuraba,Kevin Randleman,600,3
0fc009b972f70cf4,Decision - Unanimous,2,Mitsuhiro Ishida,Daisuke Nakamura,600,2
90a1bb473fcc04ce,Decision - Unanimous,3,Timmy Cuamba,Mateo Vogel,300,3
2acc732934e77c3f,KO/TKO,1,HyunSung Park,Jeremia Siregar,,
c4513e20df71a21d,Decision - Unanimous,2,Gilbert Melendez,Nobuhiro Obiya,600,2
842c9594ba271aca,KO/TKO,1,Abdul Rakhman Yakhyaev,Alik Lorenz,300,3
b0fd04c4528268f5,Submission,1,Michael McDonald,Clint Godfrey,300,3
a77a1ea309180cad,KO/TKO,3,Billy Quarantillo,Kamuela Kirk,300,3
9f5c74c742e18c01,KO/TKO,1,Muhammed Lawal,Travis Wiuff,300,3
40e5515a410a6b5d,KO/TKO,1,Tatsuya Kawajiri,Melchor Manibusan,600,2
99135ea239d85895,KO/TKO,4,Nate Marquardt,Tyron Woodley,300,5
b57867d3f572a7a2,Decision - Split,3,Jonny Parsons,Solomon Renfro,300,3
7f84d211a1779931,Submission,1,Allan Goes,Carl Malenko,600,2
1be742357ec1cbeb,Decision - Unanimous,3,Casey Olson,Chris Solomon,300,3
b312baec8b33a370,KO/TKO,1,Igor Vovchanchyn,Gary Goodridge,600,3
8a1a3da88b9158e4,Decision - Split,3,Yizha,Koyomi Matsushima,,
a9642fcd89aaed14,Submission,1,Zach Reese,Eli Aronov,300,3
3008c84749681f1a,Submission,1,Enson Inoue,Randy Couture,480,3
15b5664aef830327,Decision - Split,3,Adam Antolin,Casey Kenney,300,3
7a795809b69ef652,Decision - Unanimous,3,Sarah Kaufman,Shayna Baszler,300,3
e25b4d9e98081861,KO/TKO,1,Vinicius Oliveira,Victor Madrigal,300,3
607a4efc385dec1b,KO/TKO,3,Ovince Saint Preux,TJ Cook,300,3
996a43ffd5edee56,Decision - Unanimous,3,Maheshate,Achilles Estremadura,300,3
0a37be2a57f6fdf3,Submission,3,Masakazu Imanari,Abel Cullum,300,3
3f31a3c8269b45bd,Submission,1,Eric Lawson,Kenneth Seegrist,300,3
6249b19cca44ef17,KO/TKO,1,Michihiro Omigawa,Hiroyuki Takaya,300,3
75098d531205a293,Submission,1,Scott Jorgensen,Chad George,300,3
98aefabf3b3f53ea,Submission,1,Murilo Bustamante,Masanori Suda,600,2
8ca7accef9a5950f,Submission,2,Josh Barnett,Pawel Nastula,300,3
03570af81e64fc6f,KO/TKO,1,William Knight,Cody Brundage,300,3
580a22e2b02bc6b1,Decision - Unanimous,3,Kaiwen,Koya Kanda,,
7d94acb864e549fd,Decision - Unanimous,3,Hyder Amil,Emrah Sonmez,300,3
0072f5a6074844c0,Decision - Unanimous,3,Caio Machado,Kevin Szaflarski,300,3
b2c8167a19e908b8,KO/TKO,3,Cristiane Justino,Marloes Coenen,300,5
b97b6464bee3b334,KO/TKO,1,Jimmy Crute,Chris Birchler,300,3
4cf4ed1edc8a0b24,KO/TKO,1,Melvin Manhoef,Kazushi Sakuraba,600,2
2dad6580e28f4ebc,Submission,1,Joachim Hansen,Hideo Tokoro,600,2
cdd3c7e1369b1838,KO/TKO,1,Don'Tale Mayes,Ricardo Prasel,300,3
9d62269257ea6e9c,Decision - Split,3,Antonio Banuelos,Hideo Tokoro,300,3
c15b253026ff6b86,Decision - Unanimous,3,Murilo Rua,Alex Andrade,600,3
048b349912e02238,Submission,2,Hermes Franca,Nate Diaz,300,5
dcce47a08c62ad47,Decision - Unanimous,3,Kevin Randleman,Michiyoshi Ohara,600,3
28f08497ca8b5edb,Decision - Unanimous,2,Katsuyori Shibata,Ikuhisa Minowa,600,2
7d3469fe940b02a6,KO/TKO,1,Aleksander Emelianenko,Sergei Kharitonov,600,3
1bd1a710c2c042ad,Decision - Unanimous,5,Benson Henderson,Donald Cerrone,300,5
e19d1119ee688a15,Decision - Split,3,Shinya Aoki,Akira Kikuchi,300,3
6d8f0d6bdca29ced,Submission,1,Ren Yawei,Deni Daffa,,
189abc11508a193d,Decision - Unanimous,3,Akitoshi Tamura,Manny Tapia,300,3
a2aab2671473df63,KO/TKO,1,Quinton Jackson,Yuki Ishikawa,600,3
28eea8d7e7b3f2aa,Submission,3,Richard Crunkilton,Mike Joy,300,3
007b2ff615d3bc5e,KO/TKO,1,Rameau Thierry Sokoudjou,Jan Nortje,600,2
2d8e61c251bcb36e,Submission,1,Gegard Mousasi,Denis Kang,600,2
83ffee8bad43d83d,Submission,1,Mark Coleman,Masaaki Satake,,
7ff39ef3b71bda10,Submission,1,Frank Shamrock,Bryan Pardoe,300,5
de5b54a1af875724,KO/TKO,1,Danny Barlow,Raheam Forest,300,3
0683387ffe6a7561,Submission,1,Renan Barao,Chris Cariaso,300,3
ba92547fcdea973f,Submission,3,Tim Kennedy,Trevor Smith,300,3
3d80efab061e456c,Decision - Unanimous,3,Ricardo Lamas,Bart Palaszewski,300,3
4975abfbc792d511,KO/TKO,1,Jason Black,Won Jin Eoh,600,2
322121e5a20de22a,TKO - Doctor's Stoppage,1,Cung Le,Jason Von Flue,300,3
63fbcced7dfb858c,Submission,1,Carlos Condit,Carlo Prater,300,5
0d746297824efc9b,KO/TKO,3,Jack Jenkins,Emiliano Linares,300,3
b26185538326ebd4,Decision - Unanimous,2,Kazuhiro Nakamura,Karl Amoussou,600,2
ffb5e01def6d4224,KO/TKO,1,Joachim Hansen,Masakazu Imanari,600,2
06ce0c8dc1a056a4,Submission,1,Forrest Griffin,Chael Sonnen,300,3
bf462014be853a1f,Decision - Unanimous,2,TIE,TIE,300,2
3d6f1ff9e9d84044,KO/TKO,1,Ed Ratcliff,Johnny Sampaio,300,3
cb62f33db20c5c7f,Submission,2,Bobby Moffett,Jacob Kilburn,300,3
10dce5da0c70ad81,Decision - Unanimous,3,Scott Jorgensen,Takeya Mizugaki,300,3
3ceecbd617dc9f59,Decision - Unanimous,3,BJ Penn,Renzo Gracie,300,3
fe5b65e965066ffe,KO/TKO,1,Takanori Gomi,Ralph Gracie,600,2
7f0e5ac5bcb5a0f3,Submission,6,Renzo Gracie,Sanae Kikuta,,
bb24f10adc04f1e4,Decision - Split,3,Tadao Yasuda,Masaaki Satake,600,3
38844e832a7c4794,KO/TKO,1,Gilbert Yvel,Akira Shoji,600,3
50877133c9e3cedb,Submission,1,Michelle Waterson-Gomez,Tyra Parker,180,3
ae6a3acd1b61cae7,KO/TKO,1,Vitor Belfort,Yoshiki Takahashi,600,3
8e5123975a83a6b1,Decision - Unanimous,3,Top Noi Kiwram,Yuma Horiuchi,,
8b5130c2f2723a90,Submission,1,Rousimar Palhares,Daniel Acacio,300,3
96872cb06e69681a,KO/TKO,3,Luke Stewart,Jason Von Flue,300,3
0c23180f14d5f1ba,Decision - Split,3,Ricardo Arona,Guy Mezger,600,3
920b5a6a500c7420,Decision - Split,3,Bryan Baker,Eric Schambari,300,3
315563606441439a,TKO - Doctor's Stoppage,2,Alistair Overeem,Hiromitsu Kanehara,600,3
528f15113cc63219,Decision - Unanimous,3,Lorenz Larkin,Nick Rossborough,300,3
636b7596f95a730e,Submission,1,Fedor Emelianenko,Matt Lindland,300,3
6eb6be737ed0bb4d,Submission,1,Nobuhiko Takada,Kyle Sturgeon,600,3
788fe64a5c4ad1db,Submission,1,Takanori Gomi,David Baron,600,2
3d1199807e68aaeb,KO/TKO,1,Josh Parisian,Chad Johnson,300,3
bb91b9dc712e88d5,Decision - Unanimous,3,Tarec Saffiedine,Scott Smith,300,3
c8dcda179a4dbf7a,Decision - Unanimous,5,Josh Thomson,Gilbert Melendez,300,5
6341ee3adf9e0995,KO/TKO,1,Torrez Finney,Abdellah Er-Ramy,300,3
f7dd231cd5865109,Submission,1,Ikuhisa Minowa,Errol Zimmerman,600,2
8f7e8597eb31bb8d,Submission,1,Mu Bae Choi,Paulo Cesar Silva,600,3
fb2c55c96429544d,Submission,3,Josh Thomson,Pat Healy,300,3
867e26145f303f21,Decision - Unanimous,3,Justin Gonzales,Zach Zane,300,3
2835da3459b24ee1,KO/TKO,2,Viacheslav Borshchev,Chris Duncan,300,3
d2ef459e4a22f797,Decision - Split,3,Chad Anheliger,Muin Gafurov,300,3
1f60a7478c61419c,Submission,1,Gegard Mousasi,Mark Hunt,600,2
4c2a39756f74be4d,KO/TKO,1,Bobby Lashley,Wes Sims,300,3
473b7c7ef547d3c6,KO/TKO,1,Sergei Kharitonov,Alistair Overeem,300,3
3d6ec1310997fbe6,Decision - Unanimous,3,Bobby Stack,Jose Palacios,180,3
ab4f26f7becb3fa6,Decision - Unanimous,3,Jacare Souza,Joey Villasenor,300,3
49b0a1f8367b9074,KO/TKO,3,William Knight,Herdem Alacabek,300,3
c8fe721ddc70ecdf,KO/TKO,1,Cam Rowston,Brandon Holmes,300,3
d440a643a9c94150,Decision - Unanimous,3,Jiniushiyue,Kaito Oda,,
3e5ed439449ad251,Submission,2,Urijah Faber,Jeff Curran,300,5
14cff97fa1525e1e,Submission,1,Pawel Nastula,Edson Drago,600,3
b3e94d09541a3ad4,Submission,1,Ikuhisa Minowa,Imani Lee,300,3
93e3c033ad898819,Decision - Split,3,Rob McCullough,Kenneth Alexander,300,3
e3f8111f469e8ec0,Decision - Unanimous,3,Daniel Marcos,Brandon Lewis,300,3
7f8a115cc9e4e1f6,KO/TKO,1,Melvin Manhoef,Mark Hunt,600,2
25e00e359a5928a1,Decision - Split,3,Wanderlei Silva,Hidehiko Yoshida,600,3
0ae1159c09bcff93,Decision - Unanimous,3,Eddy Ellis,Steve Berger,300,3
cf1ec8be3cdb12fa,Submission,2,Tatsuya Kawajiri,Kazuyuki Miyata,300,3
d330291be30efb01,KO/TKO,1,Hayato Sakurai,Hidetaka Monma,600,2
9cb93c61e5a5ec58,Submission,1,Paulo Filho,Melvin Manhoef,600,2
f7426fe04f176cf3,KO/TKO,1,Wanderlei Silva,Kazuhiro Nakamura,600,3
7b84bd4efcf9f658,Decision - Unanimous,3,Hayato Sakurai,Daiju Takase,600,3
f16a454494e18ba2,Submission,1,Antonio Rodrigo Nogueira,Gary Goodridge,600,3
4e5b3310dd3d1f1d,Submission,1,Dokonjonosuke Mishima,Charles Bennett,600,2
332e7617050e8103,Submission,1,Mick Parkin,Eduardo Neves,300,3
db42735e6c8308c0,Decision - Unanimous,2,Marcus Aurelio,Daisuke Nakamura,600,2
ee999c5575eaecb7,Submission,1,Brock Larson,Erik Apple,300,3
e74e3b8d8ba50268,Submission,1,Alistair Overeem,Gary Goodridge,300,3
b2958bbf28126a79,KO/TKO,1,Malcolm Wellmaker,Adam Bramhald,300,3
71546b5a88e4e167,KO/TKO,1,Anderson Silva,Curtis Stout,300,3
2eb4d3172c1f8ec1,Submission,2,Yoshihiro Akiyama,Tokimitsu Ishizawa,300,3
fd163ed5c9776080,Submission,1,Paulo Filho,Kazuo Misaki,600,2
eff7ae2b3bba667a,TKO - Doctor's Stoppage,1,KJ Noons,Nick Diaz,300,5
cedd2e6d3bed12c3,KO/TKO,1,Yin Shuai,Kai Yoshida,,
d71e665421b1a38e,Submission,1,Gegard Mousasi,Tatsuya Mizuno,600,2
de8d02b01f18e85e,Decision - Unanimous,3,Dong Huaxiang,Priya Sharma,,
1e02a945f4ada4ef,Submission,1,Josh Grispi,Mark Hominick,300,3
b33e6a1d4911cf87,Decision - Split,3,Mark Hunt,Mirko Filipovic,600,3
00aa55793349d161,Decision - Split,3,Benjamin Bennett,Joey Hart,300,3
3285962d06e5046e,KO/TKO,1,Anthony Figueroa,Miguel Linares,180,3
92ade8f34a00748c,KO/TKO,2,Doug Marshall,Lodune Sincaid,300,3
1a8b6e3596f7b231,Decision - Unanimous,3,Ben Rothwell,Ricco Rodriguez,240,3
f09bc4b8529119d3,Submission,2,Julia Polastri,Patricia Alujas,300,3
be003c34815169e3,KO/TKO,1,Daniel Cormier,Jason Riley,300,3
a8c0e62a6c24591b,Decision - Unanimous,3,Andy Ologun,Katsuaki Furuki,300,3
70b1135b27aa6c1e,Decision - Unanimous,5,Gilbert Melendez,Jorge Masvidal,300,5
ed1d24b3fd08eb93,KO/TKO,1,Igor Vovchanchyn,Katsuhisa Fujii,600,2
0b6b40a4bc4b5402,KO/TKO,2,Kiyoshi Tamura,Nobuhiko Takada,600,3
820d44b5dccba9b6,Submission,2,Shinya Aoki,Rich Clementi,600,2
6a3b6402a72cd57a,KO/TKO,1,Tyson Griffin,Duane Ludwig,300,3
d409e34ed53a2218,Submission,1,Mateusz Rebecki,Rodrigo Lidio,300,3
7841b63382a421dd,Decision - Unanimous,3,Chad George,John Hosman,300,3
e9652fe3e49e8cfb,KO/TKO,2,Eddie Wineland,Will Campuzano,300,3
8aa76801976bd8cd,Decision - Unanimous,3,Jamal Pogues,Marcos Brigagao,300,3
0c3ab516e78bdb04,Submission,3,Anthony Pettis,Shane Roller,300,3
a36d2dbfd23630a8,KO/TKO,1,Dan Henderson,Shungo Oyama,600,3
70e5b3cba465ed6c,Decision - Unanimous,2,Abel Cullum,Akiyo Nishiura,600,2
477ad8189ec7153d,Decision - Unanimous,3,Yadier del Valle,Antonio Monteiro,300,3
3e10732fece95085,Submission,2,Joseph Holmes,Shonte Barnes,300,3
769c7ba310d786f0,KO/TKO,1,Ramiro Jimenez,Tommy Cuozzi Jr.,300,3
da70e4dd9950090b,KO/TKO,1,Manuel Torres,Kolton Englund,300,3
c1ac62bc08810aef,KO/TKO,1,Leonard Garcia,Hiroyuki Takaya,300,3
8468f283a8b0828e,KO/TKO,2,Jared Hamman,Scott Graham,300,3
955f171f7facad27,Decision - Unanimous,3,Eugene Jackson,Jorge Ortiz,300,3
0036dd92d6e86d2c,Submission,1,Ralek Gracie,Alavutdin Gadjiev,600,2
83fe4c29c0fc0091,Decision - Unanimous,3,Bahatebole Batebolati,HanSeul Kim,300,3
ecbf3ab18f21c519,KO/TKO,2,Rabindra Dhant,Kimbert Alintozon,,
5645926958858f47,Submission,1,Danylo Voievodkin,Bailey Schoenfelder,300,3
bfc0d9943dfc5099,Decision - Unanimous,3,Renato Sobral,Robbie Lawler,300,3
8f798afa4b972157,Decision - Unanimous,2,Hideo Tokoro,Masakazu Imanari,600,2
a678060b70582988,Submission,1,Mitsuhiro Ishida,Justin Wilcox,300,3
5220d8f227013afa,Submission,2,Kazuyuki Fujita,Yoshihiro Takayama,600,3
fe1eb1104377f2da,KO/TKO,1,Mike Brown,Urijah Faber,300,5
8ddecf3f95697ed1,KO/TKO,2,Fabricio Werdum,Ebenezer Fontes Braga,300,3
083dff081c658695,KO/TKO,1,Kazuhiro Nakamura,Stefan Leko,600,3
85d71f5b24e5fe2d,Decision - Unanimous,3,Deividas Taurosevicius,Mackens Semerzier,300,3
b4119b4e522724c4,Submission,1,JP Buys,Jacob Silva,300,3
5cd41743ea49ad5b,Decision - Unanimous,5,Hiroyuki Takaya,Takeshi Inoue,300,5
33d3b3af102bb0e3,Submission,2,Jason Von Flue,Eric Wray,300,3
9431958641df3e04,KO/TKO,1,Wanderlei Silva,Guy Mezger,600,2
ddc31823f37816a1,Decision - Unanimous,3,Kleydson Rodrigues,Santo Curatolo,300,3
04bd246a93a48400,Decision - Split,2,Keita Nakamura,Adriano Martins,600,2
7295a7b6087b368c,KO/TKO,2,Jeremy Horn,Forrest Griffin,300,3
75da960c32b34dc0,KO/TKO,2,Thiago Silva,Rubens Xavier,600,2
5700cce4f56a4de6,Submission,2,Pat Healy,Maximo Blanco,300,3
03168c6dff25e0d2,Decision - Unanimous,2,Eiji Mitsuoka,Bruno Carvalho,600,2
61f50925c6a73e63,Submission,1,Bibiano Fernandes,Takafumi Otsuka,300,3
3b2dc7f39710bb58,Submission,1,Scott Jorgensen,Frank Gomez,300,3
a4162b84c0c8a022,KO/TKO,2,Daniel Cormier,Gary Frazier,300,3
2270f544ee79c6a7,Decision - Unanimous,3,Justin Wilcox,Shamar Bailey,300,3
8d967a14dd9189c0,Submission,1,Bibiano Fernandes,Yoshiro Maeda,300,3
6bcf38174b14d1db,TKO - Doctor's Stoppage,1,Farida Abdueva,Feng Xiaocan,,
349bf689ebb97c51,KO/TKO,1,Wagner da Conceicao Martins,Henry Miller,600,3
c8cd7b374b6754e4,KO/TKO,1,Yoshihiro Akiyama,Denis Kang,600,3
827c4504313e79bc,KO/TKO,2,Nick Diaz,Frank Shamrock,300,3
82919ce80ff45d35,Submission,1,Yoshihiro Nakao,Edson Drago,600,3
51386d6e46d6fd0b,KO/TKO,1,Paul Daley,Aurelijus Kerpe,300,3
e1fe2679f85b4192,Submission,1,Fabricio Werdum,Kristof Midoux,300,3
9af02bf8da160ead,KO/TKO,1,Yorgan De Castro,Sanford Alton Meeks,300,3
a9fcbeec312e7ca0,Decision - Unanimous,2,Yushin Okami,Ryuta Sakurai,300,2
5a5f151c102eff54,Decision - Unanimous,2,Luiz Firmino,Masakazu Imanari,600,2
abd7047d24fdf91f,Decision - Unanimous,3,Gina Carano,Elaina Maxwell,120,3
54c92eb8aba91a78,Decision - Unanimous,3,Billy Evangelista,Luke Caudillo,300,3
fbc5538c22d8d17b,Decision - Unanimous,3,Rulon Gardner,Hidehiko Yoshida,600,3
f4ad4af860cfba78,Submission,3,Dan Ige,Luis Gomez,300,3
d4a898c65f2da4f1,Submission,1,Kiyoshi Tamura,Rony Sefo,600,3
604ab3034ea76f75,Decision - Unanimous,3,Tatsuya Kawajiri,Kazunori Yokota,300,3
458df792b7c7e872,Submission,1,Mark Hominick,Bryan Caraway,300,3
acd56ab35498a8e2,KO/TKO,1,Masaaki Satake,Kazunari Murakami,600,2
e56d23dd63a0b0ec,KO/TKO,1,Dan Henderson,Crezio de Souza,,
d831397199c7bfa8,Submission,1,Alex Perez,Kevin Gray,300,3
1b2fd7f3ab96a61c,Submission,1,Daniel Gracie,Wataru Sakata,600,3
502e759919cd1daa,Submission,2,Kazushi Sakuraba,Royler Gracie,,
97926722c0e0d2b1,Decision - Unanimous,3,Jake Shields,Carlos Condit,300,3
695597b78c8f94e3,KO/TKO,1,Hayato Sakurai,Shinya Aoki,600,2
29b10d5cf507e124,KO/TKO,2,Alexander Otsuka,Marco Ruas,600,3
61d03495aca66c24,KO/TKO,2,Navajo Stirling,Phillip Latu,300,3
766c216bbcaa55db,KO/TKO,1,Edgar Garcia,Hiromitsu Miura,300,3
03a5ddb7275e3a39,Decision - Majority,3,Sarah Kaufman,Alexis Davis,300,3
e39cd3b9d0bf4944,Submission,1,Jonathan Micallef,Mohamed Ado,300,3
ec20f2d4c8d2b03f,Decision - Unanimous,3,Demetrious Johnson,Nick Pace,300,3
399880422eda1aaa,KO/TKO,1,Rafael Cavalcante,Wayne Cole,300,3
667266b6d18b0db3,Submission,3,Josh Thomson,Harris Sarmiento,300,3
8749e5e4a2312303,KO/TKO,1,Anderson Silva,Claudionor Fontinelle,600,2
30ccec06a24f700f,KO/TKO,1,Martin Buday,Lorenzo Hood,300,3
6cf2d02153029a7a,Submission,3,Shane Roller,Danny Castillo,300,3
076459b53f05bb78,Submission,1,Trevor Smith,TJ Cook,300,3
9c11ecdf921caf48,Submission,2,Charles Byrd,Randall Wallace,300,3
1925133573105ff1,KO/TKO,2,Andrei Arlovski,Roy Nelson,300,3
4cb4ee5c0ff9e779,Submission,2,Javier Vazquez,Mackens Semerzier,300,3
e1a94e8fdf6dedbd,Decision - Unanimous,3,Mirko Filipovic,Josh Barnett,600,3
040e067fc5746862,Decision - Unanimous,2,Luiz Firmino,Nobuhiro Obiya,600,2
20ca6639daaa5a4f,Submission,1,Shinya Aoki,Jason Black,600,2
ed2653ba1ee3e216,Decision - Unanimous,3,Antonio Banuelos,Chad George,300,3
25b0a2db6e1cec97,Submission,1,Hidehiko Yoshida,Don Frye,600,3
7bd6c1021523eaa6,KO/TKO,1,Rongzhu,SeongChan Hong,,
2fdf8c06175a88e4,KO/TKO,1,Mark Munoz,Ricardo Barros,300,3
b8f7d6f0f270686d,KO/TKO,2,Chris Leben,Mike Swick,300,5
ec854e0ba97921bb,KO/TKO,1,Dan Henderson,Akihiro Gono,600,2
0f326d6637f64c3d,Other,2,TIE,TIE,600,2
8a0cc6e3baa53923,TKO - Doctor's Stoppage,2,Gina Carano,Kaitlin Young,180,3
230e7adc759d891e,Submission,1,Diego Sanchez,Shannon Ritch,300,2
1e9ac035a9f93c91,KO/TKO,2,Genaro Valdez,Patrik White,300,3
a5be1796c1506f33,KO/TKO,3,Terry Martin,Cory Devela,300,3
1949b87bce92c00c,KO/TKO,2,Jesse Lennox,Blas Avena,300,3
90514cd24441c0b8,KO/TKO,2,Rafael Cavalcante,Aaron Rosa,300,3
ee615433eb898a9c,Submission,1,Alistair Overeem,Igor Vovchanchyn,600,3
65a949fe2172a7ed,Submission,1,Rodrigo Nascimento,Michal Martinek,300,3
7bfc563ff8bc4ebc,KO/TKO,1,Gary Goodridge,Amir Rahnavardi,600,3
3f0cc15b3dbed4a4,KO/TKO,1,Bob Sapp,Kiyoshi Tamura,600,3
345d416e5cae66bc,KO/TKO,1,Tyron Woodley,Andre Galvao,300,3
f54a156c054bca14,Decision - Unanimous,3,Pat Healy,Bryan Travers,300,3
cd7f996ec94230cd,KO/TKO,1,Ricco Rodriguez,Jimmy Ambriz,300,3
56ff07465df402a8,KO/TKO,1,Wanderlei Silva,Kazuyuki Fujita,600,3
0914449e4fa9258f,Submission,1,Isaiah Hill,Bobby Stack,300,3
ce399c810a64f0a1,Decision - Unanimous,2,Paulo Filho,Murilo Rua,600,2
e5c5fcd3042d339d,Submission,3,Jesus Aguilar,Erisson Ferreira,300,3
db66dd2b0f226978,TKO - Doctor's Stoppage,1,TJ Laramie,Daniel Swain,300,3
b414466c59a1986d,Decision - Unanimous,3,Guy Mezger,Yoshihisa Yamamoto,600,3
80ca453e9e569239,KO/TKO,2,Hiroyuki Takaya,Hideo Tokoro,600,2
a47eaaf3f292f06c,Submission,3,Marloes Coenen,Sarah Kaufman,300,5
2047f87b6863e130,Submission,2,Mu Bae Choi,Soa Palelei,600,3
6c7b8a2e2716957e,Submission,1,Doug Marshall,Ariel Gandulla,300,5
cfb5a6c998f1954b,Decision - Unanimous,5,Gilbert Melendez,Shinya Aoki,300,5
89f202a1545d17b6,Decision - Unanimous,3,Sara McMann,Shayna Baszler,300,3
9fd42f7256aa7ad7,Decision - Unanimous,3,Viktoriia Dudakova,Maria Silva,300,3
9ddb518b18c61627,Submission,1,Will Kerr,Karen Darabedyan,300,3
50e385a841d29df6,Submission,1,Ikuhisa Minowa,Gilbert Yvel,600,2
e050d88eec25781c,Decision - Unanimous,3,Dom Mar Fan,Yuji Ephoevi-Ga,,
cc937ebcf20d93f5,Submission,1,Jacare Souza,Matt Lindland,300,3
5f5b80aac7893eaf,Decision - Unanimous,3,Kevin Holland,Will Santiago,300,3
faa39c2f5956a7ee,Decision - Unanimous,3,Dominick Cruz,Charlie Valencia,300,3
638ca5907fd9b478,KO/TKO,3,Jessica Penne,Lisa Ellis,300,3
24f8d14359fbf0c8,Submission,1,Poppies Martinez,Robert Breslin,300,3
6bc606ed26130bba,Decision - Split,3,Lyoto Machida,Sam Greco,300,3
53a10a8fe6ca4ee7,Decision - Split,2,Aleksander Emelianenko,Assuerio Silva,600,2
863c2e6814e10107,Decision - Unanimous,3,Kazuhiro Nakamura,Yuki Kondo,600,3
3b7222f9eeb71830,Decision - Unanimous,2,Mitsuhiro Ishida,Bu-Kyung Jung,600,2
f8800963527ba5c5,Submission,1,James Lee,Travis Wiuff,300,3
def9727f272e24ab,Decision - Unanimous,3,Torrez Finney,Cam Rowston,300,3
07c3c0b48449c89b,Decision - Unanimous,3,Rongzhu,Sangwook Kim,,
11688b235fed019a,Decision - Unanimous,3,Eddie Wineland,George Roop,300,3
ac7ca2ec38b96c1a,KO/TKO,1,Gerard Gordeau,Kevin Rosier,,
c8c43312b98fe11e,Submission,1,Rogerio Nogueira,Dan Henderson,600,3
822389878f00bb97,Submission,1,Rich Franklin,Yan Pellerin,300,3
d23d2d2bd8ebe7a6,Decision - Unanimous,3,Heath Herring,Igor Vovchanchyn,600,3
5c17cf860ab2d396,Submission,1,Gegard Mousasi,Melvin Manhoef,600,2
83128aeb6c6ded35,Submission,2,Antonio Arroyo,Stephen Regman,300,3
2f35172fe91bf5d6,Decision - Split,3,Zhu Kangjie,Shin Haraguchi,,
f2ab106b3328215a,KO/TKO,1,Sam Spengler,Frank Megallon,180,3
8e8d429dd63b9c49,KO/TKO,1,Joachim Hansen,Shinya Aoki,600,2
dedaf589ed3e0c1a,Submission,1,Charlie Valencia,Ian McCall,300,3
a00236d8c8e29db9,Submission,1,Ikuhisa Minowa,Kimo Leopoldo,600,2
827d2a33908ef233,Decision - Split,3,Yan Qihui,Lisa Kyriacou,300,3
2ecf87fc0ffe8b54,KO/TKO,2,Rogerio Nogueira,Alistair Overeem,600,3
62df357b834238ec,TKO - Doctor's Stoppage,1,Renato Sobral,Bobby Southworth,300,5
2d575461c01e0099,KO/TKO,2,Juan Diaz,Kwon Wonil,300,3
5f7a1fe8cf7afb83,KO/TKO,1,Heath Herring,Iouri Kotchkine,600,3
44f72d86b025ef8a,Submission,1,Dan Molina,Rafael  Del Real,300,3
b3874cc436c7b1fe,KO/TKO,1,Forrest Griffin,Edson Silva,300,3
4e3520b514535e25,Decision - Unanimous,2,Bibiano Fernandes,Masakazu Imanari,600,2
034bec34c6dde2c5,KO/TKO,1,Naoya Ogawa,Paulo Cesar Silva,600,3
3ea14584d775efc9,Submission,1,Shinya Aoki,David Gardner,600,2
94581ca7540810ef,Decision - Unanimous,3,Tereza Bleda,Nayara Maia,300,3
5a81ddab738c45e8,Submission,1,Mike Brown,Leonard Garcia,300,5
876755e13d9b08c5,Decision - Unanimous,2,Kiyoshi Tamura,Kazushi Sakuraba,600,2
f5d1b6f3be5b8ee0,Decision - Unanimous,3,Denise Gomes,Rayanne dos Santos,300,3
d466309f03ad3cb9,KO/TKO,1,Bryan Baker,Jesse Forbes,300,3
fe2be48976cb678d,Decision - Split,3,Arisa Matsuda,Feng Xiaocan,300,3
86758a96d189537f,KO/TKO,1,Islam Dulatov,Vanilto Antunes,300,3
647a6694817bf944,Decision - Unanimous,3,Magomed Zaynukov,Lucas Caldas,300,3
4459fbc0eb23fe8a,KO/TKO,1,Kaiwen,Lu Kai,,
1ad8e82e8af862a3,Submission,1,John Alessio,Alex Serdyukov,300,3
58a314edcfe1d23a,KO/TKO,1,Rei Tsuruya,Jiniushiyue,,
c5a204241bee1b19,Decision,2,Wanderlei Silva,Daijiro Matsui,600,2
54248bb11f17c770,Submission,1,Yoshihiro Akiyama,Taiei Kin,600,3
8a7fb78d9281413d,KO/TKO,1,Rongzhu,Victor Martinez,300,3
5913a86b65035f7b,Decision - Unanimous,3,Renzo Gracie,Michiyoshi Ohara,600,3
a514ab24e3117651,KO/TKO,2,Wanderlei Silva,Kiyoshi Tamura,600,3
67eb8c8b73180809,Decision - Unanimous,3,Lemont Davis,Brian Schwartz,300,3
3cb43492a197d852,Decision - Unanimous,3,Ricky Legere Jr.,Chris Spang,300,3
f516bc15c094cb2d,Decision - Unanimous,3,Samandar Murodov,Jonathan Piersma,300,3
bdb6cbb1e4edc5d0,KO/TKO,1,Jorge Santiago,Sean Salmon,300,2
c96aeb4d701efdc2,Decision - Unanimous,3,Gina Carano,Kelly Kobold,180,3
884f7e970f0234cf,Submission,1,Alistair Overeem,Mark Hunt,600,2
ee40632fb74b8841,Decision - Unanimous,3,Kazuhiro Nakamura,Yoshihiro Nakao,600,3
25c748439a31d199,Decision - Split,3,Ricardo Arona,Dan Henderson,600,3
41fdcb1da04d0ab5,KO/TKO,1,Sam Oropeza,Don Carlo-Clauss,300,3
a611b5916dc411b1,Submission,1,Miguel Torres,Chase Beebe,300,5
ad70c56e5963b1f9,KO/TKO,3,Jafel Filho,Roybert Echeverria,300,3
ab06f9c2aab2a27e,KO/TKO,1,Mandel Nallo,Samuel Silva,300,3
1b5917a5fb2bce8f,Submission,2,Grant Dawson,Adrian Diaz,300,3
abc09c41e89d948f,KO/TKO,1,Mark Coleman,Mauricio Rua,600,3
7d4349deb1649a6b,TKO - Doctor's Stoppage,1,Hayato Sakurai,Luciano Azevedo,600,2
b3b0d1b87bd997ed,KO/TKO,1,Kevin Randleman,Mirko Filipovic,600,3
a59dfa68457f92bf,Submission,3,Tim McKenzie,Jeremy Lang,300,3
313ce2ac0f6f71fc,KO/TKO,1,Dan Henderson,Renzo Gracie,600,3
ea91af0c3345ece0,KO/TKO,2,Rich Franklin,Curtis Stout,300,3
13d212c9b2e62a7c,Decision - Unanimous,3,Jeremy Horn,Akira Shoji,600,3
1553eb969ffb5645,KO/TKO,1,Eddie Wineland,Antonio Banuelos,300,3
551e407c7ac8414b,Submission,2,Carlos Condit,John Alessio,300,5
a9d82a1f1451359d,KO/TKO,1,Benson Henderson,Shane Roller,300,3
179cd8be9f977fc9,KO/TKO,1,Quinton Jackson,Masaaki Satake,600,3
6c4d79ba4214a978,KO/TKO,2,Bertrand Amoussou,Raou Raou,300,2
627d61eb9e11071d,KO/TKO,2,Taiyilake Nueraji,HanSeul Kim,,
80e40378655aa61b,Decision - Unanimous,2,Daiju Takase,Chris Brennan,600,2
4ff244d056c1c815,Submission,1,Dan Lauzon,King Green,300,3
54a527a7a711a430,KO/TKO,1,Dustin Poirier,Zachary Micklewright,300,3
803d9d2b660cc406,Submission,1,Takanori Gomi,Tatsuya Kawajiri,600,2
fb3f9156fefb8b12,Submission,2,Sarah Alpar,Shanna Young,300,3
557ed8c426e7c3fc,KO/TKO,1,Robbie Lawler,Joey Villasenor,300,3
fd5832aa1ca446bc,Submission,1,Shinya Aoki,Joachim Hansen,600,3
0167a9d6e4b599eb,KO/TKO,2,Richard Crunkilton,Nick Ertl,300,3
df74c8c5124e8f1b,Decision - Unanimous,2,Denis Kang,Andrei Semenov,600,2
3005f52f624e3d95,Submission,1,Jake Shields,Mike Pyle,300,3
ccd34456e34703c5,Submission,3,Joachim Hansen,Jason Ireland,300,3
f8c685c49f910f61,Submission,1,Bart Palaszewski,Karen Darabedyan,300,3
6ae83aab4d47140c,KO/TKO,2,Alistair Overeem,Paul Buentello,300,5
75ea926f5250b069,Submission,1,Daniel Puder,Jesse Fujarczyk,300,3
24daf3443b4b47b3,KO/TKO,1,Wanderlei Silva,Kazushi Sakuraba,600,3
4ed7a81bb2b85dff,KO/TKO,1,Danillo Villefort,Mike Campbell,300,3
33d9c35170eb10f2,Decision - Unanimous,3,Will Campuzano,Coty Wheeler,300,3
7ac919c8490a5f0b,KO/TKO,2,Tyler Toner,Ricky Johnson,300,3
1cc982ca9322ddbc,KO/TKO,1,Takanori Gomi,Mitsuhiro Ishida,600,3
5a0b63e357c9cc9c,KO/TKO,1,Tommy Speer,Sidney Silva,300,3
635cb295888afd25,Submission,1,Shane del Rosario,Brandon Cash,300,3
d15b5d5c4a5951b3,KO/TKO,1,Georges St-Pierre,Travis Galbraith,300,3
8d47c8c7be67e241,Submission,1,Jacare Souza,Ed Herman,300,3
bb27ff4b39f8ffd7,Submission,1,Drew Fickett,Jae Suk Lim,300,3
46acd54cc0c905fb,Submission,1,Ken Shamrock,Patrick Smith,,
4c8ab4b02c80814c,Decision - Unanimous,3,Alexander Munoz,Nick Newell,300,3
a07940ac02b2bb2c,KO/TKO,1,Paulo Filho,Joe Doerksen,300,5
e275ab81ba2e19bc,Decision - Split,2,Jason High,Andre Galvao,600,2
473a50043bdcbc0a,KO/TKO,2,Devin Cole,Mike Kyle,300,3
98da8263fc92a4da,KO/TKO,1,Bob Sapp,Yoshihisa Yamamoto,600,3
f11bcbec89256ca9,Decision - Unanimous,3,Lyoto Machida,Vernon White,300,3
7beefab4396b3609,Submission,1,Josh Thomson,Nick Gonzalez,300,3
21c712a68a2d167e,Decision - Unanimous,3,Fedor Emelianenko,Jeff Monson,300,3
f64acc1ebd091e7f,Decision - Unanimous,3,Cole Province,Fredson Paixao,300,3
9fa7d582d469e510,Submission,1,Philip Perez,Brandon Shuey,300,3
61fe99ff744ac061,Decision - Unanimous,3,Jeff Molina,Jacob Silva,300,3
1213ee02278a3f30,KO/TKO,2,Carlos Prates,Mitch Ramirez,300,3
2083ce2e6f6e5798,Submission,1,Kazunari Murakami,John Dixson,600,3
e2b347ca90e9f0ad,Decision - Majority,3,Jake Shields,Yushin Okami,300,3
7ee462ee20361982,KO/TKO,1,Mark Munoz,Chuck Grigsby,300,3
7d23915c459473bc,Decision - Unanimous,3,Yizha,SangWon Kim,,
120b837f5751cd5a,Submission,1,Josh Barnett,Nandor Guelmino,300,3
440c778bd235b595,KO/TKO,1,Mauricio Rua,Ricardo Arona,600,3
d9ddbee8aac151bb,Decision - Unanimous,3,Diego Nunes,Cole Province,300,3
a069eb895d50ee10,Decision - Unanimous,2,Hideo Tokoro,Darren Uyenoyama,600,2
190fb679c4e633e2,Decision - Split,3,Kenji Osawa,Rafael Rebello,300,3
176e7df9a1525068,Decision - Unanimous,3,Frank Gomez,Seth Dikun,300,3
3d991d8dc4445ac3,Submission,1,Yoshiro Maeda,Chase Beebe,300,3
598a5f936c6d2bb1,Submission,2,Yan Cabral,Kazushi Sakuraba,300,3
b7c5c923d227a40e,Decision - Majority,3,Tommy McMillen,David Mgoyan,300,3
730c5d9e74ff82f5,KO/TKO,2,Igor Vovchanchyn,Dan Bobish,600,3
8055d70f58b50bd7,Decision - Unanimous,2,Wanderlei Silva,Dan Henderson,600,2
b1e7b96ce7da41ec,Decision - Unanimous,2,Tarec Saffiedine,Seichi Ikemoto,600,2
66f4e23d9edf6402,Decision - Unanimous,2,Keith Jardine,Philip Preece,300,2
ba0a930f1caa5f08,KO/TKO,2,Urijah Faber,Cole Escovedo,300,5
86106c10c93bb0aa,Submission,1,Mackens Semerzier,Wagnney Fabiano,300,3
5a2ca63600767404,KO/TKO,1,Katsuyori Shibata,Tokimitsu Ishizawa,300,3
e982837da15f1caa,Decision - Unanimous,3,Shane Roller,Marcus Hicks,300,3
63c5c2dc21fb4a27,Submission,2,Shinya Aoki,Joachim Hansen,600,2
fdb09543b7a06bd3,KO/TKO,2,Heath Herring,Mark Kerr,600,3
15ffd32d78c31b5f,Submission,1,Takeru Uchida,Shaun Etchell,300,3
e83fd204d6c01e84,Submission,1,Dan Henderson,Eric Smith,,
745b1395a2698762,Decision - Split,3,TIE,TIE,300,3
245a3d53baa5e268,Decision - Majority,3,Oban Elliott,Kaik Brito,300,3
8901217cd25d0ffd,Decision - Split,3,Kennedy Nzechukwu,Anton Berzin,300,3
2c3cec08be40a254,Submission,1,Yasuhito Namekawa,Egidijus Valavicius,600,2
2d1d73bc0470c98b,KO/TKO,1,Anderson Silva,Roan Carneiro,600,3
ef9ae227f0ba98e0,Decision - Unanimous,3,Alexander Otsuka,Kenichi Yamamoto,600,3
5606cdf32577404f,Submission,2,Joe Stevenson,Joe Camacho,300,3
aaf53754f154caec,Submission,1,Carlos Newton,Yuhi Sano,600,2
ca332b7c94497ba8,Submission,2,Paulo Filho,Chael Sonnen,300,5
c4af521ee3a3f1cb,Submission,1,Dan Miller,Ryan McGivern,240,5
ae8cd939252e58f4,Submission,1,Nyamjargal Tumendemberel,Peter Danesoe,300,3
bc6378fadcb73273,KO/TKO,1,Luke Rockhold,Paul Bradley,300,3
0d4688ca7e998d5b,KO/TKO,1,Ben Rothwell,Krzysztof Soszynski,240,3
390cbd016abf01a4,Submission,1,Rogerio Nogueira,Yusuke Imamura,600,3
d9355aa66ae63385,Decision - Unanimous,3,Tucker Lutz,Sherrard Blackledge,300,3
b74993a068384f55,Submission,1,Jacare Souza,Ian Murphy,600,2
d1ae10227576e983,Submission,1,Marloes Coenen,Roxanne Modafferi,300,3
56faba8669683c32,Decision - Split,3,Jon Fitch,Jeff Joslin,300,3
47b7753e289e52bf,Decision - Split,3,Joseph Larcinese,Ryoga Arimoto,,
5deead436893e098,Submission,1,Urijah Faber,Chance Farrar,300,5
6f50ba3e066fa603,Submission,1,Mike Pyle,JJ Ambrose,300,3
d41a9dab3e28355b,Decision - Unanimous,3,Danny Sabatello,Taylor Moore,300,3
b3fd1f7b5e2abd7d,KO/TKO,1,Mirko Filipovic,Hidehiko Yoshida,600,3
41bd31453f0a9e0a,KO/TKO,1,Joseph Benavidez,Rani Yahya,300,3
6662e08d79a9d204,Submission,1,Zelg Galesic,Magomed Sultanakhmedov,600,2
b48ff7feb376359c,KO/TKO,1,Thiago Silva,Dino Pezao,300,3
5a8c2edd16a0d64e,Decision - Unanimous,5,Chase Beebe,Eddie Wineland,300,5
69ff4a1867f8f6f3,Decision - Unanimous,2,Daiki Hata,Hideo Tokoro,600,2
bb33721d05e51095,Submission,1,Joe Pearson,Yoshiro Maeda,600,2
060dce171e75b1ec,KO/TKO,1,Serhiy Sidey,Ramon Taveras,300,3
82f4ef3cfd4a388a,KO/TKO,1,Brian Bowles,Miguel Torres,300,5
17082276301cbc43,KO/TKO,1,Alistair Overeem,Tomohiko Hashimoto,300,3
0d9fcf99551b7dae,KO/TKO,3,Andrei Arlovski,Ben Rothwell,300,3
9883e5a2ab338aec,DQ,3,Mario Piazzon,Alexander Soldatkin,300,3
06341b344b45466a,Decision - Split,3,Carmelo Marrero,Steve Steinbeiss,300,3
9c610ba07b0b9bd6,Decision - Unanimous,3,Yuri Panferov,Chris Ewert,300,3
c07b0e957e4f2063,Decision - Split,3,TIE,TIE,300,3
1b15b43a241de7ab,Submission,2,Shawn Jordan,Lavar Johnson,300,3
65df45b296cfa7d8,Decision - Unanimous,3,Chad Mendes,Javier Vazquez,300,3
8cc1db07cf00c453,Submission,1,Eric Esch,Wagner da Conceicao Martins,600,3
bf5497ee7e9fd41f,Decision - Unanimous,3,Muhammed Lawal,Ryo Kawamura,300,3
a7d91199c4c0f963,KO/TKO,1,Rameau Thierry Sokoudjou,Rogerio Nogueira,300,3
b5c58b000a67a28e,KO/TKO,1,Michael Bisping,Jakob Lovstad,300,5
c30d792b648556ea,Submission,2,Coty Wheeler,Del Hawkins,300,3
26ae2bd6732c8b7a,DQ,2,Shinya Aoki,George Sotiropoulos,300,3
e1c6c620e6c4636d,Submission,2,Jake Shields,Paul Daley,300,5
88a02612baa17142,KO/TKO,2,Ricardo Arona,Kazushi Sakuraba,600,3
3dbe2f6fe5209bdd,Decision - Split,3,Quinton Jackson,Murilo Bustamante,600,3
c59b6c0979b328a4,Submission,2,Luis Felipe Dias,Donavon Hedrick,300,3
51cf57b5f191b94d,KO/TKO,1,Andy Ologun,Yukio Sakaguchi,600,2
9c4a3c3ca42d62af,KO/TKO,2,Lavar Johnson,Lolohea Mahe,300,3
7e52ea079dd292bf,Decision - Split,3,Wanderlei Silva,Ricardo Arona,600,3
ebcf97b53ba4a4fe,Submission,1,Rickson Gracie,Nobuhiko Takada,600,3
66e6cd7b6114f8f5,Submission,1,Semmy Schilt,Siala Siliga,600,2
0406f5db172492d6,KO/TKO,1,Gegard Mousasi,Renato Sobral,300,5
ae3333dc399bc7ab,KO/TKO,2,Joe Riggs,Luke Stewart,300,3
6606d271eee62e3a,Submission,1,Jens Pulver,Cub Swanson,300,3
d1b47cd882cb8d14,Decision - Unanimous,2,Ralph Gracie,Dokonjonosuke Mishima,600,2
a89033f7d7e4d52d,Decision - Unanimous,2,Shinya Aoki,Caol Uno,600,2
172346850e7d24d6,Submission,2,Fedor Emelianenko,Mark Coleman,300,3
4c6b880c1a2813bf,KO/TKO,1,Carlos Ulberg,Bruno Oliveira,300,3
1181d1baffee793e,Decision - Unanimous,2,Katsunori Kikuno,Daisuke Nakamura,600,2
5d735b5e351109bb,KO/TKO,1,Jan Nortje,Bob Sapp,300,3
7e62dd5fe9f24595,KO/TKO,1,Tim Kennedy,Mack Brewer,300,3
a4a6288767ff97ed,KO/TKO,1,Uros Medic,Mikey Gonzalez,300,3
ca7f63aca5581fa8,Decision - Split,3,Kevin Aguilar,Joey Gomez,300,3
115c59f83e287cdb,Decision - Unanimous,3,Raphael Assuncao,Jameel Massouh,300,3
a9f85de4ad37810b,KO/TKO,1,Rashad Evans,Bryan Pardoe,300,2
b6b9c0b182e246cf,Decision - Unanimous,3,Lyoto Machida,Kengo Watanabe,300,3
d26583e8495947f3,Decision - Unanimous,3,Koya Kanda,Yibugele,,
4aa44d2411841fc9,Submission,1,Kazushi Sakuraba,Masakatsu Funaki,600,3
43ef662233a92ef9,KO/TKO,1,Yoshiro Maeda,Charlie Valencia,300,3
9fa30ed017f7cb6e,Submission,1,Luke Rockhold,Cory Devela,300,3
054b499dbbe54029,KO/TKO,1,Chris Lytle,Trenell Young,300,3
df6b1c42209f5628,Submission,1,Eugene Jackson,Ronald Jhun,300,5
270e8994b206da03,Submission,3,Heath Herring,Yoshihisa Yamamoto,600,3
54b12f348a0ec2a3,KO/TKO,1,Ricardo Arona,Alistair Overeem,600,3
8834fa1ab549aca5,Submission,1,Tim Kennedy,Melvin Manhoef,300,3
86516ffd4b664486,Submission,1,Sedriques Dumas,Matej Penaz,300,3
d37f7b3e56adf270,Decision - Unanimous,3,Estevan Payan,Alonzo Martinez,300,3
fa6c956a4f75d0fe,KO/TKO,1,Xie Bin,Yudi Cahyadi,300,3
2abc22777ebf89b8,KO/TKO,1,Mirko Filipovic,Dos Caras Jr.,600,2
c0d2c9d507be7415,KO/TKO,1,Aaron Riley,Michihiro Omigawa,600,2
280b27df982f3204,Submission,2,Jeremiah Metcalf,Raymond Daniels,180,3
c12883ff1a0a18a1,Decision - Split,3,Zhu Kangjie,Xie Bin,,
afc1327e262cb1d7,Decision - Unanimous,2,Ricco Rodriguez,Gary Goodridge,600,2
0f98b6404dda35c6,Decision - Unanimous,3,Anthony Romero,Mike Breeden,300,3
a82eed329f1f3801,Decision - Unanimous,3,Maria Silva,Kathryn Paprocki,300,3
d825023bc9f343fc,Decision - Unanimous,2,Daniel Acacio,Kazuo Misaki,600,2
552b01ec3faebd65,Submission,1,Brendan Allen,Aaron Jeffery,300,3
58c45a2a1ef88eeb,Decision - Unanimous,2,Ricardo Almeida,Akira Shoji,600,2
d617d78ffe4f75bc,Decision - Split,3,Billy Evangelista,Nam Phan,300,3
463a9cdea031d084,Decision - Unanimous,3,Mallory Martin,Micol Di Segni,300,3
0182542fe245123e,KO/TKO,2,Mansur Abdul-Malik,Wes Schultz,300,3
fc0ff1b09ff58b57,KO/TKO,1,Te Edwards,Austin Tweedy,300,3
44e0fca5baccd831,Submission,1,Rinya Nakamura,Gugun Gusman,,
83a40598ab4d85d7,KO/TKO,2,Keiichiro Nakamura,EoJin Park,,
53ed934a2afa76ae,KO/TKO,1,Chris Spang,Nah-Shon Burrell,300,3
5769c08adc653958,Decision - Unanimous,2,Akihiro Gono,Daniel Acacio,600,2
368008f70fbb6aa7,KO/TKO,1,Patrick Cote,Steve Vigneault,300,3
0d6722fb9dc4c9c9,KO/TKO,1,Mike Rodriguez,Jamelle Jones,300,3
0fc0e33891539d9c,KO/TKO,1,Mirko Filipovic,Wanderlei Silva,600,2
521f018c07cdaab5,KO/TKO,1,Gina Carano,Leiticia Pestova,300,3
a87f85225861f7bb,Decision - Unanimous,3,Ed Ratcliff,Phil Cardella,300,3
2053fa21407cc7b5,KO/TKO,2,Joe Pyfer,Ozzy Diaz,300,3
08a63c4a36167377,Submission,1,Ryan Gracie,Yoji Anjo,600,3
60b0752b35c7e0c5,Submission,2,Frank Shamrock,Phil Baroni,300,5
bfc029673b78751f,Submission,1,Roger Gracie,Trevor Prangley,300,3
cd31ecf58234a9ed,Decision - Unanimous,3,Hannah Goldy,Kali Robbins,300,3
e1546b4013f55e6d,Decision - Unanimous,3,TIE,TIE,300,3
6f9963e9dccf8e4d,Decision - Unanimous,3,Trevor Prangley,Anthony Ruiz,300,3
cb132a2a6991a9bc,Decision - Unanimous,2,Satoshi Ishii,Ikuhisa Minowa,600,2
41cca7934bf8737a,KO/TKO,2,Omar Morales,Harvey Park,300,3
1e11b42ab5611ade,KO/TKO,1,Yoshihiro Akiyama,Katsuhiko Nagata,300,3
37acb80a4fc3ee6b,KO/TKO,1,Jean-Paul Lebosnoyani,Jack Congdon,300,3
b3e8a036d4811fed,Decision - Unanimous,3,John Castaneda,Cheyden Leialoha,300,3
28648815e5f46bd9,Decision - Unanimous,3,Keiichiro Nakamura,Kaiwen,,
7172bcb0d1ddf0ed,KO/TKO,1,Brett Rogers,Andrei Arlovski,300,3
862ea50197179db9,Submission,2,Ikuhisa Minowa,Hong Man Choi,600,2
bcb53bd633106d5e,Submission,1,Fedor Emelianenko,Naoya Ogawa,600,2
46d73805667745df,Decision - Unanimous,3,Tyron Woodley,Tarec Saffiedine,300,3
e226f22aa29b9232,Decision - Unanimous,3,Mike Whitehead,Kevin Randleman,300,3
1a93f7c25f5f922e,Decision - Unanimous,2,Mitsuhiro Ishida,Marcus Aurelio,600,2
17ddee22d105eecd,Decision - Unanimous,3,Cub Swanson,Micah Miller,300,3
9efe39e3c1ee2cc6,KO/TKO,1,Mirko Filipovic,Tatsuya Mizuno,600,2
c936e2a815bfeea3,Decision - Split,3,SuYoung You,Daermisi Zhawupasi,,
b98d4637f9f22158,KO/TKO,1,Melvin Manhoef,Kazuo Misaki,300,3
9293d9f38ba22343,Submission,1,Benson Henderson,Donald Cerrone,300,5
5fc256ee7d166d5e,Decision - Unanimous,2,Hatsu Hioki,Jeff Curran,600,2
cd1fc455771e8e11,KO/TKO,1,Katsunori Kikuno,Andre Amado,600,2
dbf645ed8cde54f1,KO/TKO,1,Mirko Filipovic,Yuji Nagata,300,3
f0c705ff23481a90,Decision - Unanimous,3,Kazuyuki Miyata,Caol Uno,300,3
09caf1ced8fea908,KO/TKO,1,Luke Fernandez,Rafael Pergentino,300,3
b522a0d49a277f56,Decision - Split,2,Kenji Osawa,Takafumi Otsuka,600,2
42eeefa6ca99163f,KO/TKO,3,Rizvan Kuniev,Edivan Santos,300,3
39003cb1926bb9e0,KO/TKO,1,Manvel Gamburyan,Mike Brown,300,3
9afb09b16993180b,Decision - Unanimous,3,Daniel Cormier,Devin Cole,300,3
18802deb8da3e5d2,KO/TKO,1,Kamal Shalorus,Will Kerr,300,3
0091e56e746971f4,KO/TKO,2,George Roop,Chan Sung Jung,300,3
7091bfae576ff565,KO/TKO,1,Robbie Lawler,Melvin Manhoef,300,3
e100cee98b236e33,Decision - Unanimous,3,Fedor Emelianenko,Antonio Rodrigo Nogueira,600,3
a52ec7298ba5e2c5,Decision - Unanimous,3,SuYoung You,Shohei Nose,,
39fd87af09ba1a2a,KO/TKO,3,Cung Le,Sammy Morgan,300,3
6487ae1d68fc511b,Decision - Unanimous,3,Ahejiang Ailinuer,GwanWoo Lim,,
87bda6d520fe9677,Decision - Unanimous,3,Sodiq Yusuff,Mike Davis,300,3
59b354e937f4fcab,Submission,2,Antonio Rodrigo Nogueira,Heath Herring,600,3
20787d716f2450b8,Decision - Unanimous,2,Ricco Rodriguez,John Marsh,600,2
f977cdf17fad3d5c,Decision - Unanimous,2,Tatsuya Kawajiri,Luiz Firmino,600,2
acd102ea1153953c,Decision - Split,3,Chris Horodecki,Ed Ratcliff,300,3
20f3db57c5fc65d0,KO/TKO,1,Hayato Sakurai,Jens Pulver,600,2
4dbea93c1ebea6af,Submission,1,Naoya Ogawa,Stefan Leko,600,3
4b075f9bd40a607b,Decision - Unanimous,3,Tatsuya Kawajiri,Josh Thomson,300,3
d14c18eb7dc26a03,Decision - Unanimous,3,Baergeng Jieleyisi,Tokitaka Nakanishi,,
f8f28b8f25039954,Decision - Split,3,Kiru Sahota,Yin Shuai,,
f28fea1a908e2d71,KO/TKO,1,Chad Griggs,Gian Villante,300,3
46c473ecb09f60a0,Decision - Unanimous,3,Fedor Emelianenko,Semmy Schilt,600,3
c0f12fa7d1b6e969,Submission,1,JeongYeong Lee,Xie Bin,,
37532c5071232a2a,Submission,1,Ricardo Arona,Sergey Ignatov,600,3
d0d97f7c471c87ce,Submission,1,Chris Brennan,Joe Stevenson,300,3
3b44632d5c9c8ba5,KO/TKO,1,Ryan Gandra,Trent Miller,300,3
50f343081acd2be6,Submission,2,Caol Uno,Mitsuhiro Ishida,600,2
b96e96764933dd7c,Decision - Unanimous,3,Hayato Sakurai,Phil Baroni,300,3
9300e3765b2adea6,KO/TKO,1,Marcio Barbosa,Damon Wilson,300,3
2804f94e534a19ba,KO/TKO,1,Francisco Bueno,Satoshi Honma,600,2
be575baad34db0d7,KO/TKO,3,Aalon Cruz,Steven Nguyen,300,3
1faf3decc2691370,KO/TKO,3,Jordan Mein,Evangelista Santos,300,3
59fdc26f5eaf0827,Submission,1,Gina Carano,Tonya Evinger,180,3
10dd7a89b404f945,KO/TKO,1,Sean O'Malley,Alfred Khashakyan,300,3
254577446e095f22,KO/TKO,1,Eric Esch,Sean O'Haire,300,3
a8561b04e03057fe,Submission,1,BJ Penn,Duane Ludwig,300,3
6eed134caa7ea417,KO/TKO,1,Joey Villasenor,Phil Baroni,300,3
a033d8965d001058,KO/TKO,2,Andreas Gustafsson,Pat Pytlik,300,3
7064268eaf716ab5,Submission,1,Jeff Monson,Sergei Kharitonov,600,2
c8e5cbf334606fe9,KO/TKO,1,Jorge Masvidal,Matt Lee,300,3
c647023c2ea5b784,Submission,1,Nick Diaz,Hayato Sakurai,300,3
47f4b5bf0609e401,Decision - Unanimous,3,Brandon Davis,Austin Arnett,300,3
85399c2ad97fcefe,Decision - Unanimous,3,Eddie Wineland,Manny Tapia,300,3
ae2dfd555dd3d55b,Decision - Unanimous,5,Chase Beebe,Rani Yahya,300,5
ae37a27ad1023507,Submission,1,Shane Roller,Anthony Njokuani,300,3
dfef84fcb3dfaeb9,KO/TKO,1,Rinya Nakamura,Shohei Nose,,
b489d59041f8fe1d,KO/TKO,1,Javier Reyes,Justice Torres,300,3
b271a4c3c3dd0f74,Decision - Unanimous,3,Kazuhiro Nakamura,Kevin Randleman,600,3
03b311ad8a1455f6,Decision - Unanimous,3,Gilbert Melendez,Tetsuji Kato,300,3
e4d2bce5c9700584,KO/TKO,1,Agulali,Mridul Saikia,,
c92be4488171e2b5,TKO - Doctor's Stoppage,1,Gegard Mousasi,Makoto Takimoto,600,2
25dd929221f19ddd,KO/TKO,1,Feng Xiaocan,Kiran Singh,,
7358b5ff482f338a,KO/TKO,1,Jeka Saragih,WonBin Ki,,
456773ac4da3a2d5,KO/TKO,2,Igor Severino,Jhonata Silva,300,3
4eceaea405422508,Decision - Unanimous,3,Danny Silva,Angel Pacheco,300,3
6169ccdf150c2b99,TKO - Doctor's Stoppage,1,Mirko Filipovic,Kazuyuki Fujita,300,3
2215b14c71852f1f,KO/TKO,1,Glover Teixeira,Rameau Thierry Sokoudjou,300,3
2f091aaf7556f820,Submission,2,Jailton Almeida,Nasrudin Nasrudinov,300,3
5cd3241cbe555903,Decision - Unanimous,3,Mark Climaco,JungHyun Lee,,
af29e748ce8242d4,Decision - Unanimous,2,Mitsuhiro Ishida,David Bielkheden,600,2
3552bfbab85f39c9,Submission,1,Michihiro Omigawa,Cole Escovedo,600,2
19f170b2f5d4e3eb,Decision - Split,2,Mitsuhiro Ishida,Akiyo Nishiura,300,3
dd4da5e25239c56e,Decision - Split,2,Bibiano Fernandes,Joachim Hansen,600,2
febfb1f1a5ea0689,TKO - Doctor's Stoppage,1,Josh LaBerge,Anthony Leone,300,3
22a91fb1d8077c90,KO/TKO,2,WonBin Ki,Tatsuya Saika,300,3
f58b60a7dbbc7a1a,KO/TKO,2,Bevon Lewis,Elias Urbina,300,3
11dec8b04de1d509,KO/TKO,1,Gegard Mousasi,Hiroshi Izumi,600,2
f3fd6257c091fc56,KO/TKO,2,Danny Castillo,Ricardo Lamas,300,3
567a09fd200cfa05,KO/TKO,1,Gerard Gordeau,Teila Tuli,,
b681b56a1245ee07,KO/TKO,3,Mauricio Ruffy,Raimond Magomedaliev,300,3
2bfa5eb06a8a463f,KO/TKO,2,Kaiwen,DongHyun Seo,,
b889791c3d1d60fa,Submission,1,Josh Barnett,Sergei Kharitonov,300,3
3dd533eb639da9f8,KO/TKO,1,Cain Velasquez,Jesse Fujarczyk,300,3
d475731497afe289,Submission,3,Donald Cerrone,Ed Ratcliff,300,3
aec020121409ce53,KO/TKO,1,Alonzo Menifield,Dashawn Boatwright,300,3
b6e48269344015f0,Submission,1,Wang Cong,Paula Luna,300,3
c5d5dcd8a5f2ee7b,KO/TKO,2,Cristiane Justino,Jan Finney,300,5
5689a290e1b09fe1,KO/TKO,2,Daiju Takase,Emmanuel Yarborough,600,3
eadcd1aaf588c786,KO/TKO,1,Brian Stann,Doug Marshall,300,5
8c0a53d11ee60612,KO/TKO,1,Mike Santiago,Mark Cherico,300,3
aa06e23b9c4c7baf,KO/TKO,1,Cain Velasquez,Jeremiah Constant,300,3
1e1206e31a08bc37,KO/TKO,2,Gina Carano,Rosi Sexton,300,3
e96509457faa70dc,Submission,1,Chris Leben,Brian Sleeman,300,3
50b124f278d1c4f5,Submission,2,Poppies Martinez,Gigo Jara,300,3
d5aa060d862705e7,Submission,1,Jason High,Yuya Shirai,600,2
09497799dab23f4d,KO/TKO,1,Mateus Mendonca,Ashiek Ajim,300,3
7aa02fc2b02c89a2,TKO - Doctor's Stoppage,2,Anthony Ruiz,Bobby Southworth,300,3
42b7367d5bab76dc,Decision - Unanimous,3,Kazuhiro Nakamura,Murilo Bustamante,600,3
3753e380cc873f04,Decision - Unanimous,3,Carlos Candelario,Ronaldo Candido,300,3
8e6f722a1ac55be8,Submission,2,Kazushi Sakuraba,Anthony Macias,600,2
082c4514f8a1c8f4,Decision - Split,3,Quinn Mulhern,Yuri Villefort,300,3
465971b89ae3954e,Decision - Split,3,Koyomi Matsushima,JunYoung Hong,,
6e5c9b61635f7b6d,KO/TKO,2,Anthony Njokuani,Muhsin Corbbrey,300,3
20b569f81522c897,Decision - Unanimous,3,Scott Jorgensen,Brad Pickett,300,3
f43fca8400dbd1c4,KO/TKO,1,Atsushi Yamamoto,Yusaku Nakamura,600,2
1be49df19bc8ce25,KO/TKO,2,Lu Kai,Angga,,
3df860f7d7e3fcd0,KO/TKO,1,Scott Jorgensen,Noah Thomas,300,3
96cbea57c4f26c4f,KO/TKO,1,Billy Ray Goff,Shimon Smotritsky,300,3
5584458cadd0a0ca,KO/TKO,2,Daniel Acacio,Daiju Takase,600,2
2cf691492ba888a3,Submission,1,Rousimar Palhares,Claudio Mattos,300,3
21b83513f621bcb1,KO/TKO,1,Mario Sperry,Hirotaka Yokoi,600,3
d57f6294c610a86b,Decision - Unanimous,3,Murilo Rua,Mario Sperry,600,3
1a5edd29cb7ca881,KO/TKO,3,Rafael Cavalcante,Muhammed Lawal,300,5
f1f9ae4be31392c7,DQ,1,Mark Kerr,Branko Cikatic,600,3
0aea8d478f7175ef,Decision - Unanimous,3,Conor Heun,Magno Almeida,300,3
b4524a197c3be378,TKO - Doctor's Stoppage,2,Dominick Cruz,Brian Bowles,300,5
65adf5fa5bf6fbbc,KO/TKO,1,Namsrai Batbayar,Yin Shuai,,
d269447621861c5e,Submission,1,Shamil Gaziev,Greg Velasco,300,3
eb050237f0c3a75c,Submission,1,Makoto Takimoto,Zelg Galesic,600,3
c1b2bad19fbcb817,KO/TKO,3,Jordan Espinosa,Rilley Dutro,300,3
c962bd169b31e238,KO/TKO,1,Dan Henderson,Renato Sobral,300,3
03722384d963aac0,Decision - Unanimous,3,Daniel Puder,Richard Dalton,300,3
ecc31d536e49c5d7,KO/TKO,2,Chuck Liddell,Guy Mezger,600,3
8b8c5a870e039c05,Decision - Unanimous,3,Joby Sanchez,Manny Vazquez,300,3
80d1f9945f7d0d5b,Decision - Unanimous,3,Brad Pickett,Demetrious Johnson,300,3
8f0308dba0d511d3,KO/TKO,3,Dan Henderson,Akira Shoji,600,3
b5d14ebf0d26e06a,Decision - Split,3,ChangMin Yoon,Jin Aoi,,
42b363b70dc7c806,KO/TKO,1,Brandon Vera,Andre Mussi,300,3
03d15591f06d4db8,Decision - Split,3,Charlie Valencia,Akitoshi Tamura,300,3
dff3bdaf44227bcf,Submission,1,Ode Osbourne,Armando Villarreal,300,3
1820d9f45e614aa9,Decision - Unanimous,2,Igor Vovchanchyn,Akira Shoji,600,2
d149a6a19e218e3d,KO/TKO,2,Jamahal Hill,Alexander Poppeck,300,3
cecdc0da584274b9,Submission,1,Royce Gracie,Art Jimmerson,,
9463dd6b883a1095,Decision - Split,3,Ernesta Kareckaite,Carli Judice,300,3
6c6ba06d43698ebd,KO/TKO,1,Azamat Murzakanov,Matheus Scheffel,300,3
76759187ab442283,Decision - Unanimous,3,Yves Jabouin,Brandon Visher,300,3
baf3a89def6d4948,KO/TKO,3,Cameron Saaiman,Joshua Wang-Kim,300,3
1885d42633d44619,KO/TKO,3,Fabricio Werdum,Gabriel Gonzaga,300,3
4ebf473fd3a4267d,Submission,1,Shinya Aoki,Brian Lo-A-Njoe,600,3
0cc28c0cd0ae9f47,Decision - Unanimous,3,Quillan Salkilld,Gauge Young,300,3
16bb650c7092a116,KO/TKO,1,Mirko Filipovic,Aleksander Emelianenko,600,3
04d4dbc7083bb5fd,KO/TKO,2,Nate Moore,Nathan Coy,300,3
21a0b6cd9723f85c,Submission,1,Marloes Coenen,Fiona Muxlow,300,3
1ef0698e6ada50f2,Submission,1,Kaynan Kruschewsky,Dylan Mantello,300,3
95a3d8f1890b2bb8,Submission,1,Mark Kerr,Nobuhiko Takada,600,2
40aaaebf8b92724e,Submission,1,Maurice Smith,Branko Cikatic,600,2
1601aad5b26dc804,KO/TKO,1,Rafael Cavalcante,Antwain Britt,300,3
7bbb46df42383d73,Submission,3,Kazushi Sakuraba,Vernon White,600,3
311b7600957275e8,KO/TKO,1,Brett Rogers,Jon Murphy,300,3
7a0297fb8ff88b39,Submission,2,Mike Kyle,Abongo Humphrey,300,3
7ca10988d77d0b4f,Decision - Unanimous,3,Tarec Saffiedine,Roger Bowling,300,3
b58cad41bc3f4142,Decision - Unanimous,3,Kyle Daukaus,Michael Lombardo,300,3
1cbabb50e9b3a84b,KO/TKO,1,Anderson Silva,Tony Fryklund,300,3
3849ded07678f6e3,Submission,1,Gabriel Bonfim,Trey Waters,300,3
83ec6d2c413f6639,KO/TKO,2,Ed Ratcliff,Alex Karalexis,300,3
c266ee1c1fe8c4c2,KO/TKO,1,Josh Thomson,Adam Lynn,300,3
a2c89a8d4857906a,KO/TKO,1,Cole Escovedo,Yoshiro Maeda,600,2
f22b3d85ab5a087f,Submission,1,Akira Shoji,John Renken,600,2
acbe24bc4bb3fefc,Submission,3,Sara McMann,Raquel Pa'aluhi,300,3
0e55d1bebe8a3f19,KO/TKO,1,Jay Hieron,Jason High,300,3
f8c24b531731a43a,KO/TKO,3,Cody Chovancek,Raphael Uchegbu,300,3
281eee31b9538056,KO/TKO,1,Thiago Silva,Vitor Vianna,300,3
a1d6ce06dd7831ca,Decision - Unanimous,2,Kazuhiro Nakamura,Igor Vovchanchyn,600,3
263d34e670d39376,Submission,1,Mu Bae Choi,Yusuke Imamura,300,2
4f6a323e1b90ae2f,KO/TKO,1,Sergei Kharitonov,Andrei Arlovski,300,3
25bed327d963ada5,Decision - Unanimous,2,Amar Suloev,Murilo Bustamante,600,2
2e3b45fd211a38f9,Decision - Unanimous,2,Renzo Gracie,Alexander Otsuka,600,2
d170b5afc5066432,Decision - Unanimous,3,Brian Ebersole,Matt Horwich,300,3
463f534067039d23,KO/TKO,1,Gegard Mousasi,Jacare Souza,600,2
e3172ef92bebcafe,Submission,1,Hidehiko Yoshida,Kiyoshi Tamura,600,3
ccede4c1f54ee437,KO/TKO,1,Kazuyuki Fujita,Eldari Kurtanidze,600,3
29fcd261bdb5bd5f,Decision - Unanimous,3,Pat Healy,Mizuto Hirota,300,3
d17339f98fbdc293,Submission,1,Urijah Faber,Takeya Mizugaki,300,3
6b3e132a880d0a0a,Decision - Unanimous,3,Gegard Mousasi,Ovince Saint Preux,300,3
f3cf7284ac078ce3,Submission,1,Akihiro Gono,Dae Won Kim,600,2
92cde4c4f5ff3bbc,Decision - Unanimous,3,Derek Brunson,Nate James,300,3
27c9e025e06b9f93,KO/TKO,1,Josh Barnett,Geronimo dos Santos,300,3
9f4e0e40a26a95fc,KO/TKO,1,Mark Coleman,Allan Goes,600,3
f3b77c91ff878099,KO/TKO,1,Ikuhisa Minowa,Paulo Cesar Silva,600,2
2a8e1f19b8a94295,Decision - Unanimous,3,Tracy Cortez,Mariya Agapova,300,3
1c2b372e9d8ed8c8,KO/TKO,2,Jose Aldo,Manvel Gamburyan,300,5
14e13f30dae7d702,KO/TKO,2,Antonio Silva,Justin Eilers,300,5
f884605702000c37,KO/TKO,1,KJ Noons,Yves Edwards,300,5
4e580d89ff712b0a,Submission,2,Nobuhiko Takada,Mark Coleman,600,2
70824f447a6a3c11,KO/TKO,1,Mauricio Rua,Rafael Freitas,300,3
2b9b471d912069b3,Submission,1,Anthony Smith,Lumumba Sayers,300,3
4c1299b3b03e1e79,Decision - Unanimous,3,Qiu Lun,Wallen Del Rosario,,
82c499c0e73a6c48,Decision - Split,3,Gary Goodridge,Achmed Labasanov,600,3
35d772de54955b55,Submission,1,Daisuke Nakamura,Seichi Ikemoto,300,2
3b52732a25562c46,Submission,1,Kazushi Sakuraba,Shannon Ritch,600,2
bdfcf8179d736556,Submission,3,Antonio Rodrigo Nogueira,Dan Henderson,600,3
4e4c7cf58dd3b82b,Decision - Split,3,Will Ribeiro,Chase Beebe,300,3
81f7630c32919a1f,KO/TKO,1,Bibiano Fernandes,Antonio Banuelos,300,3
fd9054008c4108d7,KO/TKO,1,Fedor Emelianenko,Satoshi Ishii,300,3
ca9d8b701e9abc23,Decision - Split,5,Dominick Cruz,Joseph Benavidez,300,5
ad146a4885643b9a,KO/TKO,2,Sangwook Kim,Daichi Kamiya,,
4e0c181c3cffc9e3,KO/TKO,2,Kody Steele,Chasen Blair,300,3
505b4a98d3ea6f00,KO/TKO,1,Gegard Mousasi,Evangelista Santos,300,3
431f9bad886eb2ae,Decision - Split,3,Nick Diaz,Mike Aina,300,3
49dc6ce420444a8c,KO/TKO,2,Michael Oliveira,Victor Valenzuela,300,3
f4e15484c8761a92,KO/TKO,1,Luke Stewart,Sam Liera,300,3
f72018121f9deb68,Decision - Split,2,Ryo Chonan,Joey Villasenor,600,2
03df471ba3a9b2e2,Submission,2,Kazushi Sakuraba,Carlos Newton,600,3
b7c705973249005b,Submission,1,Mike Malott,Shimon Smotritsky,300,3
afdff1671f6c1d55,Decision - Split,3,Quinton Jackson,Murilo Rua,600,3
ec90b830fa248677,Decision - Split,2,Joachim Hansen,Yves Edwards,600,2
a153cd3731d44f87,KO/TKO,2,Tarec Saffiedine,Nate Moore,300,3
7eca2ad1c8e84b30,Submission,1,Koji Kitao,Nathan Jones,600,3
8e8e10a958cf5fba,Submission,3,Hideo Tokoro,Kazuhisa Watanabe,300,3
00afc619bea2f937,Decision - Unanimous,3,Yancy Medeiros,Raul Castillo,300,3
c84ff9bd822d5e2c,Submission,1,Bibiano Fernandes,Joe Warren,600,2
c5d87ccc3d677fca,Decision - Unanimous,3,Casey Kenney,CJ Hamilton,300,3
34d14c405b2abfe9,KO/TKO,2,Igor Vovchanchyn,Nobuhiko Takada,600,2
4732c745da1e7152,Decision - Split,5,Gilbert Melendez,Josh Thomson,300,5
a12846d99674ae0b,KO/TKO,1,Patrick Cote,Bill Mahood,300,3
379f6356feb17a2c,Decision - Unanimous,3,Renato Sobral,Mike Whitehead,300,3
460b882ff744ade1,KO/TKO,2,Julian Erosa,Jamall Emmers,300,3
ba9c82e9796b5656,KO/TKO,1,Eddie Alvarez,Andre Amado,600,2
c237fec2accf8841,Submission,2,Josh Barnett,Aleksander Emelianenko,600,3
98ee13494a8fd40f,Submission,1,Ikuhisa Minowa,Baru Harn,300,3
5b24ef1a35cfbcea,Decision - Unanimous,3,Impa Kasanganay,Kailan Hill,300,3
faf341f7f0dbd79c,Other,2,Trevor Prangley,Falaniko Vitale,300,2
64808c9f0a557a66,Decision - Unanimous,5,Jake Shields,Jason Miller,300,5
78d0951ab350a25a,KO/TKO,1,Tallison Teixeira,Arthur Lopes,300,3
4d755833ccb01345,Decision - Unanimous,2,Dan Henderson,Kazuo Misaki,600,2
d84be979606263c9,Decision - Unanimous,3,Tra Telligman,Igor Vovchanchyn,600,3
8ea6d3d6df655c2e,Submission,1,Daiju Takase,Anderson Silva,600,3
9112f3dcd3fd88c8,Submission,1,Herbert Burns,Darrick Minner,300,3
8377d38e79248aab,Submission,1,Lumumba Sayers,Scott Smith,300,3
9a5267dac72a3a21,Decision - Unanimous,2,Tatsuya Kawajiri,Luiz Azeredo,600,2
2de50e21c8f32761,Other,2,TIE,TIE,300,2
659a7d4a34820efe,Decision - Majority,3,LC Davis,Deividas Taurosevicius,300,3
aed6f650460be277,Submission,1,Carlos Newton,Jose Landi-Jons,600,3
85b6e43cb6109242,KO/TKO,1,Frank Trigg,Fabiano Iha,600,2
4b4c1352b9d2a477,KO/TKO,2,Namsrai Batbayar,Wataru Yamauchi,,
1e89003eac3c5dd5,KO/TKO,2,Lucas Rocha,Davi Bittencourt,300,3
e69e9676776712aa,KO/TKO,2,Jake Rosholt,Nissen Osterneck,300,3
6d23a49fc5650449,Decision - Unanimous,2,Guy Mezger,Masaaki Satake,600,2
2e8f5f8e5dcab3d4,Decision - Unanimous,3,Kiru Sahota,Ruel Panales,,
a0d99312f392f33e,Submission,1,Shinya Aoki,Rob McCullough,300,3
836c59ffa2575d33,Decision - Unanimous,3,Magomed Gadzhiyasulov,Jose Daniel Medina,300,3
98d5f9423adb8fc5,Decision - Split,3,Tarec Saffiedine,Tyler Stinson,300,3
334b2a622638ab21,KO/TKO,1,James Thompson,Alexandru Lungu,600,3
8bb2e7d446678d91,KO/TKO,3,Dan Henderson,Wanderlei Silva,300,5
5636300eff639caf,KO/TKO,3,Cristiane Justino,Hitomi Akano,180,3
c070eaf8422de974,KO/TKO,1,Shohei Nose,Wulijiburen,,
e7c19f08b126fdcd,KO/TKO,1,Fedor Emelianenko,Gary Goodridge,600,3
c28e455bd277622c,Submission,1,Rousimar Palhares,Flavio Luiz Moura,300,3
772b22bf0670c817,Decision - Split,3,Heath Herring,Gan McGee,600,3
8ad416e5bfbc2c78,Submission,1,Wanderlei Silva,Bob Schrijber,600,2
32b777bd9e079eac,KO/TKO,1,AJ Fletcher,Leonardo Damiani,300,3
5cf2380d0bb09b0e,KO/TKO,3,Scott Smith,Benji Radach,300,3
dccfad7e9ea1c8d5,Decision - Unanimous,3,Shungo Oyama,Renzo Gracie,600,3
b18629089b433099,Submission,1,Ikuhisa Minowa,Stefan Leko,600,3
ec808c672e88bb2e,Decision - Unanimous,3,Kazuhiro Nakamura,Dos Caras Jr.,600,3
7457018bf00554bf,Decision - Unanimous,3,Charlie Valencia,Coty Wheeler,300,3
ece52e89356b812b,Submission,1,Kazuhiro Nakamura,Evangelista Santos,600,3
cbfbc4d8ff9d7305,Decision - Split,3,Manny Tapia,Antonio Banuelos,300,3
ea3bd1bdf77ed6bd,Submission,1,Yizha,Keisuke Sasu,,
939f202ff8525452,Submission,2,Hideo Tokoro,Abel Cullum,600,2
e445c7a99d08d092,KO/TKO,3,Nazim Sadykhov,Ahmad Hassanzada,300,3
f51b39b999230212,Decision - Unanimous,2,Wanderlei Silva,Hidehiko Yoshida,600,2
559e84f568f798f0,Submission,1,Miguel Torres,Jeff Bedard,300,3
8062bd5f0672c7a2,Decision - Unanimous,3,Duane Ludwig,Yves Edwards,300,3
a2efa66c2210ce11,Decision - Unanimous,3,Kazuhiro Hamanaka,Antonio Schembri,600,3
c4e0e44eed35f3c9,Decision - Unanimous,3,Joseph Benavidez,Jeff Curran,300,3
9ada499a8b14bc94,Submission,1,Javier Vazquez,Jens Pulver,300,3
5b9aaee3ed9e3db0,Decision - Unanimous,3,Miesha Tate,Hitomi Akano,180,3
e87d722873abf9d8,KO/TKO,1,Tokimitsu Ishizawa,Ryan Gracie,600,3
2d57dbca9277fa8b,Submission,1,Brian Bowles,Damacio Page,300,3
4c53afc33324a585,Submission,1,Murilo Rua,Alexander Otsuka,600,3
50c45c4fe074f4f4,Decision - Unanimous,3,Igor Vovchanchyn,Carlos Barreto,600,3
e1157b4b85376364,Decision - Unanimous,3,Josh Thomson,KJ Noons,300,3
72f7308efde27dd0,Decision - Unanimous,3,Alexia Thainara,Rose Conceicao,300,3
6b66a284b827c9d8,Submission,1,Ron Waterman,Kevin Randleman,600,3
32602ced539d8bd5,KO/TKO,2,Brian Bowles,Marcos Galvao,300,3
aeea3ae545a5d309,KO/TKO,1,James Terry,Lucas Gamaza,300,3
cab5020e3d9fc5cd,Decision - Unanimous,3,Vitor Belfort,James Zikic,300,3
716365659d790cda,KO/TKO,1,Mirko Filipovic,Shungo Oyama,600,2
ba5611c32181e30e,KO/TKO,2,Crafton Wallace,Ray Routh,300,3
5b816892ccac8109,Decision - Unanimous,2,Vitor Belfort,Gilbert Yvel,600,2
fac3a2e2d187f798,Decision - Unanimous,3,Sean Gauci,Anthony Drilich,300,3
b0eddfc9a3b688df,Submission,1,Michael Bisping,Ross Pointon,300,5
921c539ac28d49d0,Decision - Unanimous,3,Anderson Silva,Jeremy Horn,300,3
5dca017a71f51bf4,Submission,2,Wallid Ismail,Shungo Oyama,600,3
19af97be994f6e13,Decision - Unanimous,3,Jovan Leka,Azamat Nuftillaev,300,3
94db9c6a2b94591a,Decision - Unanimous,3,Jiniushiyue,SeungGuk Choi,,
eedf15d3a2d462b0,KO/TKO,2,Marwan Rahiki,Ananias Mulumba,300,3
0f4f2d5f6040d6d8,Submission,1,Paulo Filho,Amar Suloev,600,2
3c4666f644122537,Decision - Unanimous,2,Ricardo Almeida,Ryo Chonan,600,2
53b365814a959fe5,Submission,1,Paulo Filho,Akira Shoji,600,3
22c2cb86540a9cea,Submission,3,Rodrigo Gracie,Daijiro Matsui,600,3
63192e7960e796eb,Decision - Unanimous,3,Dwight Joseph,Jay Perrin,300,3
dd41e8f03ec8d100,KO/TKO,1,Antonio Schembri,Kazushi Sakuraba,600,3
18f8a421eadb038d,Decision - Unanimous,2,Akihiro Gono,Hector Lombard,600,2
547698916e1b255e,Decision - Split,2,Joe Warren,Norifumi Yamamoto,600,2
8f9121e05e5514fd,Decision - Unanimous,3,Joe Riggs,Phil Baroni,300,3
95572facfb26c53b,Submission,1,Mike Joy,Robert Densley,300,3
aa6b4b792711d970,KO/TKO,1,Steve Garcia,Desmond Torres,300,3
23feb95726bb6fe4,Submission,1,Seth Dikun,Rolando Perez,300,3
83697b062c59f8d4,Submission,1,Jeff Monson,Kazuyuki Fujita,600,3
64139d1d505e46c5,Submission,1,Royce Gracie,Gerard Gordeau,,
78a7b8ddd5c27ad0,KO/TKO,1,Jason Miller,Katsuyori Shibata,600,2
97addff4a2e5efa6,Submission,1,Shinya Aoki,Mizuto Hirota,300,3
6abfa1dc0a506c80,Decision - Split,3,Kitt Campbell,YunSeong Jang,300,3
59ef971b74b6abf5,Submission,1,Ronda Rousey,Miesha Tate,300,5
8903c1ba17c65de2,Submission,1,Rich Franklin,Ralph Dillon,300,3
fcede73d60a55598,Decision - Unanimous,3,Jaime Alvarez,Martin Day,300,3
dd2d3f55d26252a7,Decision - Unanimous,3,Hunter Azure,Christian Ocon,300,3
3ca7ff28385f0e90,KO/TKO,3,Maycee Barber,Jamie Colleen,300,3
4bc7e28787a40158,Submission,1,Vitor Belfort,Bobby Southworth,600,3
47d8d85681bebf18,KO/TKO,2,Andrews Nakahara,Dong Sik Yoon,600,2
3d0a69c907c76220,Decision - Majority,3,Ryan Couture,Maka Watson,300,3
42808dce82e81f0f,Decision - Split,2,Josh Barnett,Antonio Rodrigo Nogueira,600,2
ffdfa7ba590eddaa,Decision - Unanimous,2,Rodrigo Gracie,Daiju Takase,600,2
d229a1ad1f8d7c88,Decision - Unanimous,1,Akira Shoji,Ebenezer Fontes Braga,,
51dc9b89cc914cff,Submission,1,Yoshihiro Akiyama,Katsuyori Shibata,600,2
bb4afeeecf63ea38,Decision - Unanimous,3,Caio Borralho,Aaron Jeffery,300,3
70739ce142f5b180,TKO - Doctor's Stoppage,2,Kyle Noke,Seth Kleinbeck,300,3
0e891b7fb3c1b78f,KO/TKO,1,Aleksander Emelianenko,Ricardo Morais,600,2
1fca4c6370e6bbe1,TKO - Doctor's Stoppage,1,Mario Sperry,Andrei Kopylov,600,3
055c003466c45a37,KO/TKO,1,Nick Diaz,Paul Daley,300,5
887f6f9769127749,Decision - Unanimous,2,Kazuo Misaki,Phil Baroni,600,2
98865bb10310b70b,DQ,2,Renzo Gracie,Frank Shamrock,300,3
75cb390623071c4f,Decision - Unanimous,2,Shinya Aoki,Bu-Kyung Jung,600,2
21c950a5627de2db,Decision - Unanimous,3,Akira Shoji,Larry Parker,600,3
373da61963b1ddc7,Decision - Unanimous,2,Rodrigo Gracie,Hayato Sakurai,600,2
d87e602c10b772d9,KO/TKO,2,Robbie Lawler,Scott Smith,300,5
e5bc6c9a74fc94a3,Submission,2,Ray Sefo,Kevin Jordan,300,3
d0c60c807da2dea2,Submission,3,Chris Horodecki,Danny Downes,300,3
4317b099e2e1d265,Decision - Split,3,Kazuyuki Miyata,Takafumi Otsuka,300,3
6cddc822670517ca,Decision - Unanimous,5,Shinya Aoki,Satoru Kitaoka,300,5
d09ed6546afecb49,KO/TKO,2,Hiroyuki Takaya,Jong Won Kim,600,2
0e71ec7e594af6bc,Decision - Unanimous,3,Karolina Wojcik,Sandra Lavado,300,3
988c2d722b3f8a3b,Submission,1,Sangwook Kim,Kazuma Maruyama,,
5468d39fa5d07bea,Decision - Unanimous,3,Kevin Borjas,Victor Dias,300,3
43527f349b3d201f,Submission,2,Anthony Pettis,Alex Karalexis,300,3
8b46d4df47656628,Submission,1,Glover Teixeira,Jack Morrison,300,3
1646f952dfb2cb66,Decision - Unanimous,3,Chad Mendes,Erik Koch,300,3
a01c49950ea6de10,Decision - Split,3,DongHun Choi,Angad Bisht,,
ca698dd487137281,KO/TKO,1,Steven Asplund,Anthony Guarascio,300,3
7ffcc8a15a3b1989,KO/TKO,1,Kazushi Sakuraba,Ken Shamrock,600,3
307df71b56bf9ec8,KO/TKO,3,Chidi Njokuani,Mario Sousa,300,3
67e8216e321978d4,KO/TKO,3,Kevin Ferguson,James Thompson,300,3
f822c0ee0b45fc05,KO/TKO,3,Jonathan Pearce,Jacob Rosales,300,3
ab202b964c97cc18,Submission,3,Natan Levy,Shaheen Santana,300,3
db9dc90572012628,Decision - Unanimous,3,Mansher Khera,Aziz Khaydarov,300,3
b74d7dc83375cddd,KO/TKO,1,Kyler Phillips,James Gray,300,3
dc6d124a00be3109,Decision - Split,3,Ricky Simon,Donavon Frelow,300,3
484c198cec02c283,Submission,1,Alexander Otsuka,Mike Bourke,600,2
a36dd6342e45afa5,Submission,1,Fedor Emelianenko,Mark Coleman,600,3
bed65248ae2cc266,Submission,1,Jake Shields,Robbie Lawler,300,3
b89e90de7dfcab18,KO/TKO,1,MarQuel Mederos,Issa Isakov,300,3
ed7d3a32576f4f1e,TKO - Doctor's Stoppage,3,Pat Healy,Tiki Ghosn,300,3
30e8118c51f44a32,KO/TKO,3,Mark Hunt,Yosuke Nishijima,600,3
268b9ff0ece697b2,KO/TKO,1,Murtazali Magomedov,Brahyam Zurcher,300,3
990de0c502b78823,Submission,2,Chungreng Koren,Ryuho Miyaguchi,,
5c9c3687bb1002e9,KO/TKO,3,Phil Rowe,Leon Shahbazyan,300,3
c979d4fbd1c6d299,Decision - Unanimous,2,Ryo Chonan,Antonio Schembri,600,2
0dd8f71a1a628550,Submission,4,Marloes Coenen,Liz Carmouche,300,5
fda32c9544070b17,KO/TKO,3,Andre Galvao,Jorge Patino,300,3
9661d43a374e5a60,TKO - Doctor's Stoppage,1,Fedor Emelianenko,Tsuyoshi Kohsaka,600,2
82d5c8ae5aa80251,Decision - Unanimous,3,Josh Thomson,Rob McCullough,300,3
364ffc75af9353d4,Submission,1,Takeru Uchida,Eros Baluyot,,
61f89bde8ce388a4,Submission,1,Josh Grispi,Jens Pulver,300,3
7e66baaed59c4f14,KO/TKO,1,Ricardo Lamas,Bendy Casimir,300,3
1e1e7772ec0f73ad,Submission,2,John Cholish,Marc Stevens,300,3
da080f49cf73b91c,Decision - Unanimous,3,Scott Jorgensen,Antonio Banuelos,300,3
cc324358892c8bcc,Decision - Unanimous,2,Ryo Chonan,Carlos Newton,600,2
2cbb26d7a91fb853,KO/TKO,1,Kuniyoshi Hironaka,Won Sik Park,300,3
89fe06aef3da0954,KO/TKO,1,Satoshi Honma,Yuhi Sano,600,3
1d79206dbae0f14a,KO/TKO,2,Antonio Rodrigo Nogueira,Sanae Kikuta,600,2
c1a5cd9d428ae647,Decision - Unanimous,3,Jamal Pogues,Paulo Renato Junior,300,3
b0d7a9e825735eaf,Decision - Unanimous,3,Ebenezer Fontes Braga,Daijiro Matsui,600,3
31f1ef43f7ee82ce,Decision - Unanimous,3,Germaine de Randamie,Hiroko Yamanaka,300,3
62e029072ce23b60,Decision - Unanimous,3,LC Davis,Diego Nunes,300,3
e93a446ad5e483de,Submission,3,Austin Springer,Giga Chikadze,300,3
67889a6786346dbd,KO/TKO,1,Dan Henderson,Ryo Chonan,600,2
286625c70abc4dbe,Decision - Unanimous,3,Dom Mar Fan,JaeHyun Park,,
61e694823fa6df19,Decision - Unanimous,2,Ricardo Arona,Wanderlei Silva,600,2
30949e9e17098ab9,TKO - Doctor's Stoppage,2,Alex Karalexis,Olaf Alfonso,300,3
94c58432d68d62d5,KO/TKO,1,Alistair Overeem,Tae Hyun Lee,600,2
3a0cb2d68f5c62cf,Decision - Unanimous,2,Shinya Aoki,Vitor Ribeiro,600,2
c108e8f2c0330460,Submission,1,Rani Yahya,Mark Hominick,300,3
6e1d32f8779320c4,Decision - Split,2,Dokonjonosuke Mishima,Marcus Aurelio,600,2
33a14fe5bbafe9a2,Decision - Unanimous,3,Sanae Kikuta,Alexander Otsuka,600,3
a5e253480c5fe056,Decision - Unanimous,1,Igor Vovchanchyn,Alexander Otsuka,,
37d63c2a6c98ad36,KO/TKO,2,Mark Hunt,Tsuyoshi Kohsaka,600,3
9520b70a03878708,KO/TKO,1,Ovince Saint Preux,Joe Cason,300,3
fab1d19a26e24cde,KO/TKO,1,Dave Herman,Ron Waterman,300,3
8d1732e9ea4698b0,KO/TKO,1,Vitor Belfort,Matt Lindland,300,3
7371bc392fb72612,KO/TKO,2,Trevor Peek,Malik Lewis,300,3
16c8c87d2f9a1feb,Submission,2,Jake Hadley,Mitch Raposo,300,3
13be4d6107ff9642,Decision - Unanimous,2,Yoshiro Maeda,Micah Miller,600,2
e282b0b11fbf5301,Decision - Unanimous,3,John Alessio,Todd Moore,300,3
68a5ccbaa5e3d89e,Submission,1,Drako Rodriguez,Mana Martinez,300,3
945c49cb9dc90632,Decision - Unanimous,3,Meng Bo,Arisa Matsuda,,
30ef64733d9a487e,TKO - Doctor's Stoppage,1,Justin Wilcox,Rodrigo Damm,300,3
dc9d6bbdc83c8e60,KO/TKO,1,Akira Shoji,Tsuyoshi Tamakairiki,600,2
43e539049364b9a1,Decision - Unanimous,3,Mauricio Rua,Kazuhiro Nakamura,600,3
801e71a4423c36c6,Decision - Unanimous,2,Mirko Filipovic,Hiromitsu Kanehara,600,2
d70abd7e7da80834,Submission,2,Rogerio Nogueira,Kazuhiro Nakamura,600,3
5dfd7d350d455c23,Decision - Unanimous,3,Ricardo Arona,Dean Lister,600,3
6654ed9d9d930e92,Submission,1,Urijah Faber,Jens Pulver,300,3
02d7776460d6b702,KO/TKO,1,Jacare Souza,Derek Brunson,300,3
ed33249f2f247b53,Submission,3,Cub Swanson,John Franchi,300,3
a033f3919ab637be,Submission,1,Luke Stewart,Jesse Juarez,300,3
e78262f4b172b238,Decision - Unanimous,2,Kazuyuki Fujita,Gilbert Yvel,600,2
968766d39fe12bd4,Submission,1,Akira Shoji,Juan Mott,600,3
1b1445af38be4ded,Decision - Split,2,Ikuhisa Minowa,Ryuki Ueyama,600,2
310cc5580bf9b3c0,KO/TKO,1,Mike Brown,Cole Province,300,3
ef1dd4431df15fea,Decision - Unanimous,3,Wagnney Fabiano,Fredson Paixao,300,3
f57bbe5c6ffbd972,KO/TKO,1,Lone'er Kavanagh,An Tuan Ho,300,3
f0145f1c90dbb904,Decision - Unanimous,3,Daermisi Zhawupasi,Ren Ozaki,,
3c41705038dfceb8,KO/TKO,2,Steve Cantwell,Brian Stann,300,5
71e8c99c13943254,Decision - Unanimous,3,Ricardo Lamas,James Krause,300,3
a2a5df820b6a5b1a,Decision - Unanimous,3,Antonio Banuelos,Justin Robbins,300,3
d0b19566de99eaea,Submission,2,Alex Gilpin,JR Coughran,300,3
13eb404abdf2521b,KO/TKO,1,Takeshi Inoue,Koichiro Matsumoto,600,2
afb9cbca1ef429a1,Decision - Unanimous,3,Jason Miller,Hiromitsu Miura,300,3
00d1e67bbc3d797e,Submission,1,Yoshihiro Akiyama,Francois Botha,300,3
2eef138ce7de27f9,Submission,2,Hirotaka Yokoi,Jerrel Venetiaan,600,3
88eb08f51f651486,Decision - Unanimous,3,Collin Anglin,Muhammad Naimov,300,3
2508a1868bede089,Submission,1,Bobby Southworth,Bill Mahood,300,3
d333b4e4c03731d6,KO/TKO,1,Ryan Gracie,Tokimitsu Ishizawa,600,2
2f4af8be26721835,Decision - Split,2,Rogerio Nogueira,Kazuhiro Nakamura,600,2
215b623ca9c8bbd8,Decision - Unanimous,3,Diego Nunes,Rafael Dias,300,3
ce67ebd7609927a0,KO/TKO,1,Rex Richards,Ray Seraille,180,3
ca93269870d067ba,Submission,3,BJ Penn,Takanori Gomi,300,3
a42416b23aef8acf,Decision - Unanimous,3,Yves Edwards,Deshaun Johnson,300,3
c1521f70f480a240,KO/TKO,1,Kurtis Campbell,Demba Seck,300,3
a4cacfd8d5bec345,KO/TKO,1,Yoshihiro Akiyama,Michael Lerma,300,3
c264e1cdd6988bea,KO/TKO,1,Fedor Emelianenko,Andrei Arlovski,300,5
7bda703d2b9d2001,KO/TKO,3,Nick Diaz,Muhsin Corbbrey,300,3
9576b7596f944613,KO/TKO,1,Amanda Nunes,Julia Budd,300,3
1994f9e6567c0058,Decision - Unanimous,3,Julia Budd,Germaine de Randamie,300,3
786af1a8321306a1,Decision - Unanimous,3,Hidehiko Yoshida,Satoshi Ishii,300,3
1a0a78a7e420f8da,KO/TKO,1,Jorge Santiago,Trevor Prangley,300,2
058efe9677bf7b6b,Decision - Unanimous,5,Daniel Cormier,Josh Barnett,300,5
a81f3f2bbb1ba560,TKO - Doctor's Stoppage,1,Lyoto Machida,Stephan Bonnar,300,3
5187483d24408878,Submission,1,Shane del Rosario,Lavar Johnson,300,3
6267d880047c1e20,KO/TKO,1,Keith Jardine,Bryan Pardoe,300,2
92961925688cd2d6,KO/TKO,1,Mauricio Rua,Angelo Antonio,300,3
2adf42faae2d37db,KO/TKO,1,Jordan Williams,Gregory Rodrigues,300,3
e900a9387686738a,Decision - Unanimous,2,Marius Zaromskis,Seichi Ikemoto,600,2
bc3beeb2224ea493,Submission,1,Royler Gracie,Yuhi Sano,,
760d7564c0c561db,Decision - Unanimous,3,SeungGuk Choi,Sumit Kumar,,
4d89b5cd86405adf,Decision - Unanimous,3,Quinton Jackson,Dong Sik Yoon,600,3
5c9f13e6e789fdee,Decision - Unanimous,3,Dominick Cruz,Ian McCall,300,3
30491a7e9e7a9af7,Submission,1,Fredson Paixao,Courtney Buck,300,3
1e0c39cf7bd0e4f2,KO/TKO,1,Jamie Varner,Sherron Leggett,300,3
cab16b1c48945cda,KO/TKO,1,Yusup Saadulaev,Hideo Tokoro,300,2
0c482de739fe3d6d,Submission,1,Daniel Puder,Tom Tuggle,300,3
ed77984f7e5e0bc5,KO/TKO,1,Paul Daley,Junior Barata,300,3
5b414ad4d5e5c058,Decision - Split,3,Raphael Assuncao,Yves Jabouin,300,3
6e727f52d8007d8d,KO/TKO,1,Denis Kang,Mark Weir,600,2
9b30b9ddadb99365,KO/TKO,1,KyeungPyo Kim,Jinensibieke Asikeerbai,,
6ecb0ce98d30dd9b,KO/TKO,2,Shin Haraguchi,Windri Patilima,,
cd3eff18570ea415,KO/TKO,1,Gegard Mousasi,Steve Mensing,300,2
2d9ffc603ce43a9f,KO/TKO,1,Takanori Gomi,Hayato Sakurai,600,2
d784682682e30180,KO/TKO,2,Dwight Grant,Tyler Hill,300,3
5bb74bc322638f4d,Submission,1,Fabricio Werdum,Roman Zentsov,600,3
128a18ae82f10cfd,KO/TKO,2,Kyle Stewart,Jason Jackson,300,3
869f7107a45b499c,KO/TKO,2,Mark Coleman,Igor Vovchanchyn,,
8c93a978b0487c7c,Decision - Unanimous,3,Richard Crunkilton,Sergio Gomez,300,3
554176480a3519c0,Decision - Unanimous,3,Fabricio Werdum,Antonio Silva,300,3
f45116e8bdbbd42f,Decision - Split,2,Paulo Filho,Akira Shoji,600,2
2326f804924549e8,Decision - Unanimous,3,Rafael Dias,Mike Budnik,300,3
f27c88e1cb5f8486,Decision - Split,3,Hailey Cowan,Claudia Leite,300,3
625e4fe0778b7b42,Other,3,TIE,TIE,600,3
694b8b7f9096378a,Decision - Split,3,Jeisla Chaves,Sofia Montenegro,300,3
69939ca0727096b3,Submission,2,Antonio Rodrigo Nogueira,Hirotaka Yokoi,600,3
2e8e9e69cb68710f,KO/TKO,1,Brandon Visher,Courtney Buck,300,3
dbf2d62a64405265,Decision - Unanimous,3,Danny Downes,Zhang Tiequan,300,3
37bf2148d7436ad1,Decision - Unanimous,5,Gilbert Melendez,Josh Thomson,300,5
ccb208d7dca38511,Decision - Unanimous,3,Payton Talbott,Reyes Cortez Jr.,300,3
1fce6c1d5800bd74,TKO - Doctor's Stoppage,2,Mychal Clark,Josh Bennett,300,3
67035ef78271e606,TKO - Doctor's Stoppage,2,Mirko Filipovic,Kazushi Sakuraba,300,3
4cd0293c4673d768,TKO - Doctor's Stoppage,1,Anderson Silva,Alex Stiebling,600,3
1b960c59351664c4,Decision - Unanimous,3,Fedor Emelianenko,Antonio Rodrigo Nogueira,600,3
c545843a281586b7,KO/TKO,1,Marina Rodriguez,Maria Oliveira,300,3
d89bb22e64e005af,Submission,1,Chris Brennan,Eiji Mitsuoka,300,2
bf785a636fb3ba17,KO/TKO,1,Thiago Moises,Gleidson Cutis,300,3
7cef035e99698774,Submission,1,Hayato Sakurai,Brady Fink,600,2
aa9b79cea309d6fc,Decision - Unanimous,3,Erisson Ferreira,Qiu Lun,300,3
6c23d9d8f7f5c2a6,KO/TKO,1,James Thompson,Don Frye,600,3
b8f1acbb2f1e180b,Decision - Unanimous,3,Andre Muniz,Bruno Assis,300,3
88632e2831585801,KO/TKO,3,Josh Barnett,Gilbert Yvel,300,3
e20681f19675b7b2,Decision - Unanimous,3,Rogerio Nogueira,Alistair Overeem,600,3
0cead5ba0726ae90,Submission,1,Rickson Gracie,Nobuhiko Takada,600,3
3c95a5d68af5735b,Decision - Unanimous,3,Dustin Jacoby,Ty Flores,300,3
75314fc5819d2970,Submission,1,Tatsuya Kawajiri,Charles Bennett,600,2
fb7ddb21affc10c1,Decision - Unanimous,5,Luke Rockhold,Tim Kennedy,300,5
c02fe69a5f0319ed,KO/TKO,1,Mauricio Rua,Akira Shoji,600,2
769d9c583715bd64,KO/TKO,2,Bruna Brasil,Marnic Mann,300,3
10a8dac489fa364e,Submission,1,Charles Byrd,Jamie Pickett,300,3
2424415cfbefdde7,KO/TKO,1,Kazuyuki Fujita,Ken Shamrock,600,2
e86bc317a62551ba,Submission,3,Kazushi Sakuraba,Gilles Arsene,600,3
8a972b30a6660651,KO/TKO,1,Brian Stann,Craig Zellner,300,3
eda1cb20e9f8cb05,KO/TKO,2,Rodolfo Bellato,Murtaza Talha,300,3
70e090dc6a68d8a3,Submission,1,Georges St-Pierre,Pete Spratt,300,3
689a5f1577b314e2,KO/TKO,2,Azunna Anyanwu,Greg Rebello,300,3
6eb76def9a9c2176,Decision - Unanimous,2,Kazuyuki Miyata,Daiki Hata,600,2
6aa862d0ed2ed411,KO/TKO,1,Yves Edwards,Edson Berto,300,3
7a892d689d0064eb,KO/TKO,1,Marius Zaromskis,Jason High,600,2
ae430488dceb4fe8,Decision - Split,3,Satoru Kitaoka,Willamy Freire,300,3
ba5634d1f4217b20,KO/TKO,1,Semmy Schilt,Yoshihiro Takayama,600,3
ec56625e60630f0a,Decision - Unanimous,3,Brad Pickett,Ivan Menjivar,300,3
a01fdc44178da964,Submission,2,Frank Gomez,Noah Thomas,300,3
6c95eff9a67d2b9b,KO/TKO,1,Bas Rutten,Ruben Villareal,300,3
21487a2b78f0701a,Submission,1,Daniel Spohn,Angel De Anda,300,3
6481296c10e55828,KO/TKO,1,Nate Diaz,Tony Juarez,300,3
f576a9bc5756a2bd,Decision - Unanimous,3,Carlos Newton,Daijiro Matsui,600,3
d4c577755cda195a,Decision - Unanimous,3,David Martinez,Xavier Franklin,300,3
87a150a16a195e77,Submission,1,Shinya Aoki,Yokthai Sithoar,300,3
3b71207db2db2404,Decision - Unanimous,3,Erik Koch,Jameel Massouh,300,3
dbbdfdfed9194b17,Decision - Unanimous,3,Diego Nunes,Tyler Toner,300,3
53be741d0bf45801,KO/TKO,1,Shane Carwin,Carlton Jones,300,3
8b3afee3c9a41224,Decision - Split,3,Deividas Taurosevicius,Javier Vazquez,300,3
c863fb61781a7cf2,Submission,3,Renato Sobral,Mauricio Rua,300,3
dd98427eb6386734,Decision - Unanimous,3,Cristian Quinonez,Xiao Long,300,3
45492d801a6b6dfb,KO/TKO,1,Phil Hawes,Khadzhi Bestaev,300,3
0ff9addbe42fad5b,Submission,2,Naoya Ogawa,Masaaki Satake,600,2
75a202ab412c1be3,KO/TKO,1,Luiz Azeredo,Naoyuki Kotani,600,2
18d60c9110c1d409,KO/TKO,1,Muhammed Lawal,Yukiya Naito,300,3
8d97d0feeadee1d7,Decision - Split,3,Ramazan Kuramagomedov,Jordan Williams,300,3
b7a5ae247a57fb11,Decision - Unanimous,2,Marcus Aurelio,Jutaro Nakao,600,2
63bfc9cdc24d0cc8,Submission,2,Marcus Hicks,Sergio Gomez,300,3
e79d44f6465d5abd,Decision - Unanimous,3,Farid Basharat,Allan Begosso,300,3
2083c785b6a1cae3,KO/TKO,1,Mirko Filipovic,Ron Waterman,600,3
7ba595d6d1d8debc,Submission,2,Antonio Rodrigo Nogueira,Bob Sapp,600,3
474b66bf94eedd4a,KO/TKO,1,Karl Roberson,Ryan Spann,300,3
3337527b8592dd6a,Decision - Unanimous,2,Kazuyuki Miyata,Takeshi Inoue,600,2
4c1a647a442bc332,Submission,1,Jessica Penne,Nicdali Rivera-Calanoc,300,3
941cc8090f91142d,TKO - Doctor's Stoppage,1,Fernando Gonzalez,Alex Stiebling,300,3
58aaf171cb77ea6a,KO/TKO,1,Nick Diaz,Marius Zaromskis,300,5
08d8ae9c65ef01d6,Submission,3,Mike Budnik,Greg McIntyre,300,3
f0107cb480275a29,KO/TKO,1,Melvin Manhoef,Dae Won Kim,600,2
92e1811e03894bf9,Submission,1,Thiago Silva,Dave Dalgliesh,300,3
51c462059ac70e0e,Submission,1,John Alessio,Brian Gassaway,300,3
b28a6efb7197b786,KO/TKO,1,Herschel Walker,Scott Carson,300,3
518a3cf8f8ed8b16,Decision - Split,3,Nyamjargal Tumendemberel,Top Noi Kiwram,,
ca78df0ac32551f2,KO/TKO,1,Thiago Silva,Tatsuya Mizuno,300,3
5c0e69825bf298a6,Decision - Unanimous,3,Makoto Takimoto,Henry Miller,600,3
fbefcc81cdec584c,Decision - Unanimous,3,Devin Cole,Shawn Jordan,300,3
aacf867c219eaa2b,KO/TKO,2,Vitor Belfort,Terry Martin,300,3
cfb3647b2826d7be,Submission,1,Masakatsu Funaki,Ikuhisa Minowa,600,2
fc6cf77dbb753e1b,Decision - Split,2,Daiju Takase,Carlos Newton,600,2
0f06613c6e5458cc,Submission,1,Bo Nickal,Donovan Beard,300,3
8ba75970610c6402,KO/TKO,2,Josh Barnett,Pedro Rizzo,300,3
d192d0ddb973c849,Decision - Split,3,Sergei Kharitonov,Fabricio Werdum,600,3
d95f2db367aab2e1,Submission,1,HyunSung Park,Top Noi Kiwram,,
1140cdf425a73cc9,KO/TKO,1,Mauricio Rua,Cyrille Diabate,600,3
d9678b13d95fed79,Submission,1,Yizha,Wuziazibieke Jiahefu,,
be968d65fdba04b1,Decision - Unanimous,2,Bibiano Fernandes,Takafumi Otsuka,600,2
4d29ce9121889ea4,Decision - Split,2,Amar Suloev,Dean Lister,600,2
28edfe6106699457,Submission,3,Brian Bowles,Will Ribeiro,300,3
3bc01bb091acca5e,Decision - Split,3,Daniel Gracie,Takashi Sugiura,600,3
b700dad0f229898a,Decision - Unanimous,3,Jose Johnson,Jack Cartwright,300,3
88ea8bb55ef928d3,Decision - Unanimous,3,James Llontop,Malik Lewis,300,3
a9ea028e4f663399,KO/TKO,1,Muhammed Lawal,Mike Whitehead,300,3
5faf7245c03fff76,KO/TKO,2,Cung Le,Scott Smith,300,3
b69e59d8584f76ac,Submission,3,Jamie Colleen,Tiffany Masters,300,3
7a3b155d223f5242,Decision - Unanimous,3,Feng Xiaocan,Miki Motono,,
1ac2c6b28f8592cc,KO/TKO,1,Rafael Cavalcante,Travis Galbraith,300,3
a731c86effb39c57,Decision - Split,3,Hiroyuki Takaya,Kazuyuki Miyata,600,3
0d85347c7790c537,Decision - Split,2,Antonio Banuelos,Masakazu Imanari,300,2
a655aa6b96d4a112,Decision - Unanimous,3,Jerome Rivera,Ronaldo Rodriguez,300,3
9ef792b897768f8e,DQ,1,Yushin Okami,Anderson Silva,300,3
09a09c083a9da124,KO/TKO,2,Don'Tale Mayes,Mitchell Sipe,300,3
a66aba997f042ca8,Decision - Majority,3,Alex Karalexis,Josh Smith,300,3
59bccf0233ba8bde,Decision - Split,3,Dan Henderson,Yuki Kondo,600,3
ccd10b9e3ee7c920,KO/TKO,1,Kiyoshi Tamura,Aliev Makhmud,600,3
67016f000657b1ec,Decision - Unanimous,3,Eric Schambari,Logan Clark,300,3
c3257824671aeca6,KO/TKO,1,Eddie Wineland,Ken Stone,300,3
2df495844afe6b14,KO/TKO,1,Alistair Overeem,Sergei Kharitonov,600,3
115743ec26320a13,TKO - Doctor's Stoppage,3,Wanderlei Silva,Alexander Otsuka,600,3
464178a22a436f11,KO/TKO,3,Jose Aldo,Jonathan Brookins,300,3
d548f4f50ec5d551,Decision - Unanimous,3,Ovince Saint Preux,Abongo Humphrey,300,3
50a9a4f6f3682099,KO/TKO,1,Levi Rodrigues Jr.,Freddy Vidal,300,3
c3a1d2bfb9288403,KO/TKO,2,Quinton Jackson,Chuck Liddell,600,2
8343af82570b0462,Submission,1,Alex Serdyukov,Ryan Stonitsch,300,3
bd142a8dcde4d0a0,KO/TKO,1,Semmy Schilt,Masaaki Satake,600,3
161aa838e83f67e4,Submission,2,Fabricio Werdum,Alistair Overeem,600,3
bc4f5d0353454877,KO/TKO,1,Ian Heinisch,Justin Sumter,300,3
c1ed08a1f760f9c7,Submission,2,Thomas Petersen,Chandler Cole,300,3
10c92101e15b3374,Decision - Unanimous,3,Hecher Sosa,Macksom Lee,300,3
90ee2e72fdbe5fd1,Decision - Split,3,Kazuo Misaki,Paul Daley,300,3
044d7405d6cdf5b3,KO/TKO,2,Nick Diaz,Thomas Denny,300,3
f0c53220b4201b43,Decision - Unanimous,3,Pat Healy,Eric Wisely,300,3
32f168f2de60e9d9,Decision - Unanimous,3,John Alessio,Marcelo Brito,300,3
d071fa43844157ee,KO/TKO,2,Mike Cook,Carlton Jones,300,3
5a025a422d928f19,KO/TKO,1,Mirko Filipovic,Mark Coleman,600,3
aabf5466bfc27f5f,Submission,2,Matt Frevola,Luke Flores,300,3
b799bf8f19df7019,Decision - Unanimous,3,Sebastian Szalay,Baergeng Jieleyisi,,
bc6613e0c0f4377b,Submission,1,Luke Stewart,Jeremiah Metcalf,180,3
3a0b8b6a4dc668f3,Submission,1,Heath Herring,Willie Peeters,600,2
358b32410b1f90de,KO/TKO,2,Jenna Castillo,Charlene Gellner,300,3
11b5d0cfccb73d2f,KO/TKO,1,Maciej Jewtuszko,Anthony Njokuani,300,3
1bd393b287d14990,Decision - Unanimous,3,Chael Sonnen,Paulo Filho,300,3
dd3519ed476080ce,Submission,4,Michelle Waterson-Gomez,Jessica Penne,300,5
230cf794228db7ab,Submission,1,Paulo Filho,Ryuta Sakurai,600,2
a9b41758700ad445,Submission,1,Lyoto Machida,Michael McDonald,300,3
cda50e3b2099d0a0,Submission,1,Yves Edwards,Dokonjonosuke Mishima,600,2
1369fe94731f935b,Decision - Unanimous,3,Adrian Luna Martinetti,Mark Vologdin,300,3
09efe67ec9106bbe,Decision - Unanimous,3,Anton Turkalj,Acacio Dos Santos,300,3
d1930aee9f26f915,Decision - Unanimous,2,Kazuhiro Nakamura,Daniel Gracie,600,2
9052769356e422b3,Decision - Split,2,Bibiano Fernandes,Hiroyuki Takaya,600,2
9e5671094d03c734,Submission,1,Jorge Gurgel,Billy Vaughan,300,3
cce0c0a22a8b676b,KO/TKO,2,Tim Kennedy,Nick Thompson,300,3
10e6357c56ef6e4c,KO/TKO,1,Waldo Cortes Acosta,Danilo Suzart,300,3
c068cb666557e471,KO/TKO,1,Guy Mezger,Egan Inoue,600,3
78c56f730d937c89,Decision - Unanimous,3,Anderson Silva,Alexander Otsuka,600,3
0ae3cd1f3ffc607e,Decision - Unanimous,3,Clay Guida,Joe Martin,300,3
ce7013cf4b6ee053,KO/TKO,1,Juan Adams,Shawn Teed,300,3
3ef7cdb0d2933d84,KO/TKO,1,Vitor Belfort,Ivan Serati,300,3
2b36807773190d38,Decision - Unanimous,3,Impa Kasanganay,Anthony Adams,300,3
69ec8f4e5de13486,KO/TKO,1,Lumumba Sayers,Antwain Britt,300,3
d9da0300f2f998e3,Decision - Unanimous,3,Joe Doerksen,Chris Leben,300,3
2c6c4fb90cf77a38,Submission,1,Fabricio Werdum,Fedor Emelianenko,300,3
88eb01209d15b87c,KO/TKO,1,Brian Stann,Jeremiah Billington,300,3
a78e557c9a788f2a,KO/TKO,2,Bruno Lopes,Mikheil Sazhiniani,300,3
4b4e34d410131c71,Submission,3,Jacare Souza,Bristol Marunde,300,3
48dba26e877e725c,Decision - Split,3,Jason High,Hayato Sakurai,300,3
5994386c6c48c52e,KO/TKO,1,Gegard Mousasi,Tsuyoshi Kurihara,300,3
d1c8b11817e72328,Decision - Unanimous,2,Joachim Hansen,Kotetsu Boku,600,2
5fe61d91ad604700,Submission,1,Dione Barbosa,Rainn Guerrero,300,3
f99f3ffb50e1c215,KO/TKO,3,Jeka Saragih,Pawan Maan,,
63cd89ead50253ec,KO/TKO,2,Brett Rogers,Abongo Humphrey,300,3
288e8bd0c680a1f0,Decision - Split,3,Antonio Banuelos,Scott Jorgensen,300,3
fb8b796ffe2e0883,Decision - Unanimous,2,Mark Coleman,Ricardo Morais,600,2
628e3610cd32aaa4,Submission,3,Freddy Vidal,Felipe Franco,300,3
00b0796724ec1c09,Submission,1,Jason DeLucia,Trent Jenkins,,
da615f3f8a837477,Decision - Unanimous,2,Sanae Kikuta,Jean Francois Lenogue,600,2
83aaaaecf868f4d7,Submission,1,Kazuki Okubo,Ryuichi Murata,600,2
68942cb236c5e7b0,KO/TKO,2,Rafael Estevam,Joao Elias,300,3
0878a14ad859f421,KO/TKO,2,KJ Noons,Jorge Gurgel,300,3
b54acaaf7bc6d035,Decision - Split,2,Carlos Newton,Renzo Gracie,600,2
ab3d6bfc5001e382,Other,3,TIE,TIE,600,3
4eaec67c66814dab,Submission,1,Yoshihiro Akiyama,Masanori Tonooka,600,2
54f7c6e77f6ad38e,KO/TKO,2,Chad Griggs,Bobby Lashley,300,3
b14718312a86f046,TKO - Doctor's Stoppage,1,Igor Vovchanchyn,Daijiro Matsui,600,2
8861b2dd4b2e288b,KO/TKO,1,Dustin Stoltzfus,Joe Pyfer,300,3
87f119134d8958ed,KO/TKO,1,Igor Vovchanchyn,Yoshiki Takahashi,600,3
a670904b81ec5436,Submission,1,Tyron Woodley,Rudy Bears,300,3
ea799db5c284c126,KO/TKO,1,Sarah Frota,Maiara Amanajas dos Santos,300,3
86c3ceeafd5d3150,Submission,2,Daniel Puder,Mike Cook,300,3
9632b74a1c97e41f,KO/TKO,1,Kevin Vallejos,Cam Teague,300,3
f8b8c4437ee210f5,Submission,2,Roger Gracie,Anthony Smith,300,3
3d05c4053ee465f0,KO/TKO,1,Ben Rothwell,Krzysztof Soszynski,240,3
89c5be34881fb94c,Submission,1,Georges St-Pierre,Dave Strasser,300,3
dae788f34bcfcab9,KO/TKO,1,Leonard Garcia,Jens Pulver,300,3
9736470363a94ca3,KO/TKO,1,Sergei Kharitonov,Semmy Schilt,600,3
f86cf98947f79a6f,KO/TKO,2,Hideo Tokoro,Yoshiro Maeda,600,2
13136eecb614a8a3,KO/TKO,2,Antonina Shevchenko,Jaimelene Nievera,300,3
c12e9a542d17272b,Decision - Split,3,Takeya Mizugaki,Jeff Curran,300,3
13ba941eae15552f,Decision - Unanimous,3,Donald Cerrone,Rob McCullough,300,3
6da0168894927c90,Decision - Unanimous,3,Frank Trigg,Kazuo Misaki,300,3
b709e56c9b0c77e4,DQ,1,Daijiro Matsui,Quinton Jackson,600,3
7d1e6d69043c8489,Submission,1,Ricco Rodriguez,Takayuki Okada,600,2
94f82c2a65bd325e,Submission,1,Gary Goodridge,Osamu Tachihikari,,
2d7eeab18c1d6cc4,KO/TKO,1,Anderson Silva,Jose Barreto,600,2
e2dca1df3a99c19a,Decision - Unanimous,3,Roger Gracie,Keith Jardine,300,3
9a4807549b9104dd,KO/TKO,2,Diyar Nurgozhay,Bartosz Szewczyk,300,3
a957addd67dc611b,KO/TKO,1,Egan Inoue,Minoru Toyonaga,600,2
b993d7b2ac19b122,Submission,1,Akira Shoji,Herman Renting,600,2
fde83655e103986a,KO/TKO,1,Mirko Filipovic,Igor Vovchanchyn,600,3
9a1e66597e73c68f,Submission,1,Eduarda Moura,Janaina Silva,300,3
bddf90939b347437,Decision - Unanimous,3,Alex Stiebling,Jason Guida,300,3
69e7f5780b7b038b,KO/TKO,1,Alex Karalexis,Greg McIntyre,300,3
1f11b69af7e796f5,Decision - Unanimous,3,Anderson Silva,Lee Murray,300,3
54d176f7879eb8e7,KO/TKO,1,Esteban Ribovics,Thomas Paull,300,3
5c8dd2208172bc28,Submission,1,Sergei Kharitonov,Jason Suttie,300,2
18395da26d236cc3,Submission,1,Kenny Ento,Mario Rivera,300,3
171396dc000bd370,Decision - Unanimous,3,Daijiro Matsui,Kazuki Okubo,600,3
f66830622b92dff0,Decision - Unanimous,1,Kazuyuki Fujita,Mark Kerr,,
4fed5538a2156719,KO/TKO,1,Matt Sayles,Yazan Hajeh,300,3
e67750873804e128,Submission,1,Sergei Kharitonov,Mike Russow,300,3
941f1d1d55e5e2ee,Submission,1,Rich Franklin,Dennis Reed,300,3
9168b7875c452a46,KO/TKO,1,Bob Sapp,Akihito Tanaka,600,2
87cca96b1ca170d5,KO/TKO,1,Jerome LeBanner,Yoshihiro Akiyama,300,3
8aa862bb5ccf99f4,Submission,1,Denis Kang,Amar Suloev,600,2
00e205c60891fb76,Decision - Unanimous,3,Ilian Bouafia,Neemias Santana,300,3
c7b0fe2dd849dd63,KO/TKO,1,James Thompson,Hidehiko Yoshida,600,3
4535ea28402c7e22,KO/TKO,1,Tyler Toner,Brandon Visher,300,3
cda9bc6c889186ce,Decision - Unanimous,3,Brendan Seguin,Fernando Gonzalez,300,3
0038ba8c2f4f0ab1,KO/TKO,1,Caio Borralho,Jesse Murray,300,3
e6c3c9d1c80dc59a,Decision - Split,3,Chris Lytle,Pat Healy,300,3
acea2db85333b67f,KO/TKO,2,Gilbert Melendez,Jeff Hougland,300,3
9b37a20a4132c7cd,Submission,3,John Alessio,Alex Serdyukov,300,3
1e95bbfddff606c6,KO/TKO,1,Mark Coleman,Kazuyuki Fujita,,
00db4bd36ab66f69,Submission,1,Kazuhiro Nakamura,Chalid Arrab,600,2
617972e7681a5dcf,Decision - Unanimous,3,Tim Kennedy,Robbie Lawler,300,3
4a855d7b7cf8d951,Decision - Unanimous,3,Sarah Kaufman,Liz Carmouche,300,3
b9d8c73dc1bf6be7,Decision - Unanimous,2,Marius Zaromskis,Eiji Ishikawa,600,2
56ae35c5162e35b1,KO/TKO,1,Rameau Thierry Sokoudjou,Bob Sapp,600,2
4f0bfce4af3eb2a4,Decision - Split,3,Bart Palaszewski,Anthony Pettis,300,3
4472ab71027260a5,KO/TKO,1,Brendson Ribeiro,Bruno Lopes,300,3
a9656b863a3c1c90,Decision - Unanimous,3,Michael Lombardo,Korey Kuppe,300,3
58b631a884e8499e,Submission,2,Jessica Penne,Naho Sugiyuma,300,5
190f819d7843547e,Decision - Unanimous,3,Cortavious Romious,Michael Imperato,300,3
51c1d29d2353ebeb,Decision - Unanimous,3,Hiroyuki Takaya,Bibiano Fernandes,600,3
00639df6b8ed4b6b,Submission,3,Micah Miller,Jesse Moreng,300,3
f194b90c87126a95,Submission,1,Abongo Humphrey,George Bush,300,3
58e18c60db720cc0,Submission,1,Kazushi Sakuraba,Ikuhisa Minowa,600,3
dffc6c4e9815c339,Decision - Unanimous,3,Jose Delano,Manuel Exposito,300,3
c42304ce8b27648c,Submission,2,Miesha Tate,Zoila Frausto,300,3
e6271742be4b54ee,Decision - Unanimous,3,Tomoya Miyashita,Keisuke Fujiwara,300,3
30885cf98c47d656,Submission,1,Daisuke Nakamura,Hideo Tokoro,600,2
cec2ac658b35b2f6,Submission,1,Tim Kennedy,Trevor Prangley,300,3
5062c06e26879ecd,KO/TKO,3,Robbie Lawler,Murilo Rua,300,5
724310985d1da374,KO/TKO,1,CJ Vergara,Bruno Korea,300,3
838b9f9caf7c94b0,Decision - Unanimous,3,Alistair Overeem,Vitor Belfort,300,3
b0fe25028e223e72,KO/TKO,1,Jeff Hughes,Josh Appelt,300,3
51c354507aa80512,KO/TKO,2,Shinya Aoki,Antonio McKee,300,3
6c4abfcdce1530ae,KO/TKO,3,Tony Gravely,Ray Rodriguez,300,3
00e2f4994de58c72,Submission,1,Evangelista Santos,Yosuke Nishijima,600,3
833e67471e2575ed,KO/TKO,1,Quinton Jackson,Igor Vovchanchyn,600,3
a17d60527d35ef69,Decision - Unanimous,3,Kiyoshi Tamura,Makoto Takimoto,600,3
5c07100ba35e6a16,Decision - Split,3,LC Davis,Javier Vazquez,300,3
250ea59c20f401ee,Decision - Unanimous,3,Frank Trigg,Falaniko Vitale,300,3
c9b7bab03647ef3b,TKO - Doctor's Stoppage,2,Thiago Silva,Rodrigo Gripp de Sousa,300,3
de464cfffe36c455,KO/TKO,1,Mirko Filipovic,Josh Barnett,600,3
612f04cea81ed57a,Decision - Unanimous,3,Rodrigo Gracie,Yuki Sasaki,600,3
6f44eaacca06a205,Decision - Unanimous,3,Rogerio Nogueira,Kazushi Sakuraba,600,3
e789acc3bfd35e0c,Decision - Split,3,Quinton Jackson,Matt Lindland,300,3
22a9e7bb83b2ab13,KO/TKO,1,Scott Smith,Terry Martin,300,3
ea4529e104ca6a40,KO/TKO,1,Adlan Amagov,Anthony Smith,300,3
1c8d40763bb262b9,Submission,2,Rafael Alves,Alejandro Flores,300,3
35eda6a6b155b3c9,Submission,1,Antonio Rodrigo Nogueira,Semmy Schilt,600,3
0addd9418fbac80b,KO/TKO,1,Josh Thomson,Ashe Bowman,300,3
87b267fed23d9680,KO/TKO,1,Jose Aldo,Chris Mickle,300,3
8d19fbf7f27c1d53,Submission,1,Shinya Aoki,Katsuhiko Nagata,600,2
7e3e3dd82d38fb85,KO/TKO,1,Sergei Kharitonov,Pedro Rizzo,600,3
2d2bbc86e941e05c,KO/TKO,1,Kevin Rosier,Zane Frazier,,
d5323b5782788167,KO/TKO,1,Evangelista Santos,Marius Zaromskis,300,3
bc251689a75d689f,KO/TKO,1,Louis Cosce,Victor Reyna,300,3
c7856c0e20c44ad2,KO/TKO,2,Steven Nguyen,AJ Cunningham,300,3
b50e74c14b1594d5,Decision - Unanimous,3,Lorenz Larkin,Robbie Lawler,300,3
86f86e8192394ec8,KO/TKO,1,Yohan Lainesse,Justin Burlinson,300,3
5cd30e552be7dc7b,KO/TKO,1,Fedor Emelianenko,Yuji Nagata,300,3
f4bef3fc1af95338,KO/TKO,1,Anthony Njokuani,Chris Horodecki,300,3
b04d3b13f1255754,KO/TKO,1,Wanderlei Silva,Quinton Jackson,600,3
066006238aec2014,KO/TKO,2,Anthony Njokuani,Bart Palaszewski,300,3
cf8f1ab36c1546be,KO/TKO,1,Tsuyoshi Kohsaka,Mario Sperry,600,3
29fff3fca2a9f41a,Decision - Unanimous,2,Taiei Kin,Ikuhisa Minowa,600,2
dc66c656f5d30c0f,Decision - Unanimous,3,Djorden Santos,Will Currie,300,3
3d671c7283c54341,Decision - Split,3,Raulian Paiva,Allan Nascimento,300,3
8341fcd67319ebeb,Submission,1,Luke Rockhold,Nik Theotikos,300,3
8aec1a3be02e221b,KO/TKO,3,Yusaku Kinoshita,Jose Souza,300,3
0a4052e2042bc1a2,Submission,2,Josh Thomson,Duane Ludwig,300,3
e0ecae31a86cc648,Decision - Unanimous,3,Jean Silva,Kevin Vallejos,300,3
c6a2e152acb09324,KO/TKO,2,Bart Palaszewski,Zachary Micklewright,300,3
0c1f86e819ed9fba,KO/TKO,2,Julio Arce,Peter Petties,300,3
a128fd96b3df2a40,KO/TKO,1,Mario Sperry,Mike Bencic,600,2
59c3c515acf8cfd8,KO/TKO,1,Dan Henderson,Murilo Bustamante,600,3
edd49850dbea20c7,KO/TKO,1,Takanori Gomi,Luiz Azeredo,600,2
cea3aae2d40a6bea,Decision - Unanimous,3,Wagnney Fabiano,Frank Gomez,300,3
5a27b11a0673f7bd,Submission,2,Chris Cariaso,Anthony Figueroa,300,3
9a242be17a1aedce,TKO - Doctor's Stoppage,1,Vitor Ribeiro,Katsuhiko Nagata,600,2
b2cbb5eb89d11f14,Decision - Unanimous,3,Rashad Evans,Jaime Jara,300,3
010793ad35d686d5,Decision - Unanimous,3,Romie Aram,Joe Stevenson,300,3
d1ebbda6129d8d73,KO/TKO,3,Gilbert Melendez,Mitsuhiro Ishida,300,5
1e0a6536f78f50be,Submission,1,Keith Jardine,Amir Rahnavardi,300,3
587a4253aab0fd7f,Decision - Unanimous,3,Vitor Belfort,Heath Herring,600,3
aa4c83ac33e38b5c,Decision - Unanimous,3,Steven Nguyen,Theo Rlayang,300,3
6d8d83abd61dc585,KO/TKO,1,Zelg Galesic,Taiei Kin,600,2
97cf399124c8a50a,KO/TKO,1,Charles Bennett,KJ Noons,300,3
54bb1fe01939ba39,KO/TKO,1,Nurullo Aliev,Josh Wick,300,3
7883d46d372aaec2,KO/TKO,1,Yoshihiro Akiyama,Masakatsu Okuda,300,3
516df95b0c8c3127,KO/TKO,2,Jose Aldo,Mike Brown,300,5
c20cc533fc85f55d,Decision - Unanimous,3,Wagnney Fabiano,Clint Godfrey,300,3
a31b82e059eb1e20,Decision - Unanimous,3,Jeremy Horn,Gilbert Yvel,600,3
ebcbcb277b6831f5,KO/TKO,1,Carlos Zevallos,Andre Walker,300,3
4e870e58f271889a,Submission,1,Ikuhisa Minowa,Eric Esch,600,2
1c32c23aadc8bdca,KO/TKO,2,Vitor Petrino,Rodolfo Bellato,300,3
d0078e57015b9f7b,KO/TKO,1,Yoshihisa Yamamoto,Mark Kerr,600,3
eff6f83f9af41cab,Submission,1,Murilo Rua,Murad Chunkaiev,600,3
9b3d171cf9643f05,Submission,1,Denis Kang,Takahiro Oba,600,2
44fd14b16fd8b727,Decision - Unanimous,3,Keisuke Sasu,Balajin,300,3
c89ee3c5aaf7dac6,Decision - Unanimous,3,Jordan Mein,Tyler Stinson,300,3
7bfc9e39aad125db,Decision - Unanimous,3,Rodolfo Marques Diniz,Yusup Saadulaev,300,3
f0af4d2c7fc0e586,KO/TKO,2,Sherron Leggett,Charlie Kohler,300,3
190b164d02796466,Decision - Unanimous,5,Jose Aldo,Urijah Faber,300,5
b1b2003e6095e6ae,KO/TKO,1,Charles Bennett,Yoshiro Maeda,600,2
8efa0b20ad2afd51,Decision - Split,3,Julieta Martinez,Leslie Hernandez,300,3
613f5394563344f0,KO/TKO,1,Falaniko Vitale,Ron Fields,300,3
7c0aeb8ae9deb69d,Decision - Unanimous,3,Sherrard Blackledge,Cameron Church,300,3
f7e8e689a1e8ac12,KO/TKO,3,Lyoto Machida,Dimitiri Wanderley,300,3
49e45327ef90fa78,Submission,1,Tatsuya Kawajiri,Donald Sanchez,300,3
4d04b0b1be893cdc,Other,5,TIE,TIE,180,5
51c738179ce03407,Decision - Unanimous,3,Antonio Silva,Andrei Arlovski,300,3
db7e0a8b1c653ad9,Decision - Unanimous,3,Danni McCormack,Yan Qihui,300,3
c404780acd4faba8,Submission,1,Jordan Griffin,Maurice Mitchell,300,3
474bc3c8016d184f,KO/TKO,1,Brock Lesnar,Min Soo Kim,300,3
9e8f81681de8a902,Submission,1,Ron Waterman,Valentijn Overeem,600,3
a7d5cce543778c0c,KO/TKO,3,Louis Lee Scott,Kaushik Saikumar,300,3
8d60e64e047c95f2,Decision - Unanimous,3,KJ Noons,Billy Evangelista,300,3
41f09ae7467e8899,Submission,1,Yoshihisa Yamamoto,Jan Nortje,600,3
b0393d2b689b23a9,Decision - Unanimous,2,Mitsuhiro Ishida,Gilbert Melendez,600,2
0ca04cc5b49a53ba,KO/TKO,2,JaeHyun Park,Jack Becker,,
02501397e10b9b97,KO/TKO,1,Steve Cantwell,Justin McElfresh,300,3
3a2f68e6a7de1546,KO/TKO,1,Muhammed Lawal,Roger Gracie,300,3
755229e0c09e863a,Decision - Unanimous,3,SeungGuk Choi,Rama Supandhi,,
e571a195dc54569e,Decision - Unanimous,3,Mirko Filipovic,Kazuyuki Fujita,300,3
77c268a41d2899d1,DQ,1,Brock Larson,John Alessio,300,3
381f492f85aa34f0,TKO - Doctor's Stoppage,1,Yoshihiro Nakao,Eun Soo Lee,600,3
d346e8a4d9127369,Submission,1,Antonio Rodrigo Nogueira,Kiyoshi Tamura,600,3
92360a517431f38e,Decision - Split,3,Victor Altamirano,Carlos Candelario,300,3
57a19ff5cc23ec04,KO/TKO,1,Robbie Lawler,Matt Lindland,300,3
c5a4230f3600981f,Decision - Unanimous,3,Dave Terrel,Mike Moreno,300,3
d81a62a170191c06,KO/TKO,2,Phil Baroni,Ikuhisa Minowa,600,2
d936b0208158d710,Submission,1,Luke Rockhold,Jesse Taylor,300,3
eceec214103543c0,Decision - Split,2,Luiz Azeredo,Luiz Firmino,600,2
d3734b53a2700ea5,KO/TKO,1,Paul Daley,Scott Smith,300,3
c69a14aeb338c63c,KO/TKO,1,Wanderlei Silva,Hiromitsu Kanehara,600,3
e8cc2c2e4b0cc8ed,TKO - Doctor's Stoppage,2,Brandon Vera,Mike Whitehead,300,5
17f8b5ccd649ed55,TKO - Doctor's Stoppage,1,Joe Warren,Chase Beebe,600,2
774c94c5441a3a9d,Decision - Unanimous,3,Sulangrangbo,Sim Kai Xiong,,
c060bd0ec804933e,Decision - Split,3,Anshul Jubli,KyeungPyo Kim,,
7b5f6c36ad0018f2,KO/TKO,3,Luis Saldana,Vince Murdock,300,3
9841ed77f6ca2eca,Decision - Unanimous,3,Jorge Masvidal,KJ Noons,300,3
ba7471b63f125a68,Decision - Split,3,Xiao Long,Shohei Nose,,
bf966172ae74836e,Decision - Unanimous,3,Clayton Carpenter,Edgar Chairez,300,3
dd03326d85918011,Submission,1,Fabricio Werdum,Aleksander Emelianenko,600,2
b2bc7788472c5704,Submission,1,Josh Thomson,Daisuke Sugie,600,2
d9f2f676ed000cd5,KO/TKO,2,Alexis Davis,Amanda Nunes,300,3
2df42cebdd1062b4,KO/TKO,1,Alistair Overeem,Todd Duffee,300,3
329e605f13652c11,Decision - Unanimous,3,Ronnie Lawrence,Jose Johnson,300,3
28bb8ac964277bc1,Decision - Unanimous,2,Kazuo Misaki,Dan Henderson,600,2
9b955968a5db4296,Decision - Split,3,Jorge Masvidal,Justin Wilcox,300,3
3638be8341b7124c,KO/TKO,1,Anderson Silva,Israel Albuquerque,600,2
32be5d0ac174d355,Decision - Split,5,Gilbert Melendez,Clay Guida,300,5
e3712c0b68f998a5,KO/TKO,1,Quinton Jackson,Mikhail Iloukhine,600,3
c7be8d0fab28955e,Decision - Unanimous,3,Raphael Assuncao,LC Davis,300,3
f42d1b863831caa5,KO/TKO,2,Johny Hendricks,Justin Haskins,300,3
4b8678a16441dbe1,Other,3,TIE,TIE,600,3
2efb965aadcc676a,Decision - Unanimous,3,Johnny Walker,Henrique da Silva,300,3
2ad09ecb9b0f4537,KO/TKO,1,Armen Petrosyan,Kaloyan Kolev,300,3
06d4faa6e2b78376,KO/TKO,1,Sergei Kharitonov,Jimmy Ambriz,600,2
22d0862b5fc9eef8,Submission,1,Andre Muniz,Taylor Johnson,300,3
85c57b760a8efac1,Decision - Unanimous,3,Masuto Kawana,YoungJae Song,,
4f4ea4fba68f690d,Submission,3,Urijah Faber,Raphael Assuncao,300,3
da3e3327bc416aa0,Decision - Unanimous,3,Josefine Knutsson,Isis Verbeek,300,3
70d249f2c6f5d8c8,Submission,2,Domingo Pilarte,Vince Morales,300,3
bb4843f30d2fe989,TKO - Doctor's Stoppage,3,Kevin Randleman,Murilo Rua,600,3
7367fa634f4db817,KO/TKO,1,Kitt Campbell,Shogo Sato,300,3
abcd12bb4f404698,Decision - Split,3,Shuya Kamikubo,Baergeng Jieleyisi,,
b93cc1f7b46f4852,TKO - Doctor's Stoppage,1,Kuniyoshi Hironaka,Motoki Miyazawa,600,2
e8838908c0d6a875,Decision - Unanimous,3,Abdul-Kareem Al-Selwady,George Hardwick,300,3
1b76b3200d2f9801,Decision - Unanimous,3,Gloria de Paula,Pauline Macias,300,3
9aef9130adc7590a,Decision - Unanimous,2,Denis Kang,Akihiro Gono,600,2
be17aaad7221e2d9,Decision - Unanimous,3,Danny Castillo,Dustin Poirier,300,3
a43e4e50a17b4385,KO/TKO,1,Jiniushiyue,Billy Pasulatan,,
e5908d0519fd0240,KO/TKO,1,Aaron Simpson,David Avellan,300,3
d393cb60db807f8c,KO/TKO,1,Quinton Jackson,Hirotaka Yokoi,600,3
d4df69f084ea35f0,Decision - Unanimous,5,Jake Shields,Dan Henderson,300,5
8f95f838d17bba10,Decision - Unanimous,5,Tarec Saffiedine,Nate Marquardt,300,5
ca66323abe6567d3,Submission,1,Cub Swanson,Tommy Lee,300,3
e4f42ebb8cd0ebac,KO/TKO,1,Takanori Gomi,Jadson Costa,600,2
6834c4283e93d881,Decision - Unanimous,2,Eddie Alvarez,Joachim Hansen,600,2
8de77d642da0c799,Decision - Unanimous,3,Elijah Smith,Aaron Tau,300,3
d0b24570ede9ca31,Submission,1,Edson Berto,Victor Valenzuela,300,3
842af7cc34b13902,KO/TKO,1,Gegard Mousasi,Stefan Klever,300,3
05a50444b67fe7f2,Decision - Unanimous,3,Ty Miller,Jimmy Drago,300,3
54da9d3e4aa472cd,KO/TKO,3,Muhammed Lawal,Fabio Silva,300,3
6d62ab414d5488d8,KO/TKO,2,Bobby Voelker,Roger Bowling,300,3
77e0ca6ddb6e060a,Submission,1,Fedor Emelianenko,Hong Man Choi,600,2
601d1c86a1f25926,Submission,1,Hidehiko Yoshida,Yosuke Nishijima,600,3
6f5362d15b1bdd99,KO/TKO,2,Roger Bowling,Brandon Saling,300,3
08bf4c08b439f99d,KO/TKO,1,Cung Le,Mike Altman,300,3
2a0b6a5d1c07a4f2,KO/TKO,1,Angad Bisht,John Dave Almanza,,
0cf790338401cad2,DQ,3,Mark Kerr,Hugo Duarte,600,3
eb65284fc21abc1b,Decision - Unanimous,3,Sarah Kaufman,Miesha Tate,180,3
984a9f833d56b9b5,Decision,2,Vitor Belfort,Daijiro Matsui,600,2
5fa1b99fd2381a29,KO/TKO,1,Heath Herring,Enson Inoue,600,2
bbfe2da7548cff8a,KO/TKO,1,Heath Herring,Yoshiki Takahashi,600,3
ce5902fec0535a5f,Decision - Unanimous,2,Takeshi Yamazaki,Shoji Maruyama,600,2
68c111ed0f0f2f17,Submission,2,Brian Bowles,Charlie Valencia,300,3
67f3f45a3c501917,KO/TKO,1,Norifumi Yamamoto,Federico Lopez,300,3
8b7cb2427af4942a,Decision - Unanimous,3,Lyoto Machida,BJ Penn,300,3
4b275aa88b09fe2d,KO/TKO,1,Greg Hardy,Austen Lane,300,3
e92d4aa522ad4307,Submission,1,Yoshihiro Akiyama,Carl Toomey,300,3
c99280bc8f74f619,KO/TKO,1,Imanol Rodriguez,Roque Conceicao,300,3
c22cfceb046f920a,Submission,1,Anthony Pettis,Mike Campbell,300,3
3d1955cf7e0f93ad,KO/TKO,1,Lavar Johnson,Virgil Zwicker,300,3
79812d0e0b010d4d,Decision - Unanimous,3,Nikolas Motta,Joe Lowry,300,3
e53a755795517545,Submission,2,Roger Gracie,Kevin Randleman,300,3
ba9438f43e212f52,Decision - Split,3,Leonard Garcia,Chan Sung Jung,300,3
148fa5e8ac087477,KO/TKO,2,Murilo Rua,Joey Villasenor,300,5
7c292e1fe5e5b682,Decision - Unanimous,5,Mike Brown,Urijah Faber,300,5
cb9aadeb5c6017aa,Decision - Unanimous,5,Sarah Kaufman,Takayo Hashi,300,5
8a71754ec7c6b777,KO/TKO,1,Alistair Overeem,Kazuyuki Fujita,300,3
d203c570def1e94d,Decision - Unanimous,3,Guto Inocente,Virgil Zwicker,300,3
1744dad5ab1fe406,TKO - Doctor's Stoppage,3,Miguel Torres,Yoshiro Maeda,300,5
b2a250ad41d3803e,Decision - Unanimous,3,Cory McKenna,Vanessa Demopoulos,300,3
4736d5a918cb4936,Submission,3,Demetrious Johnson,Damacio Page,300,3
02ed9b0b15b4a427,Submission,3,Miesha Tate,Julie Kedzie,300,3
bb9ed6e1e0181299,Submission,1,Mike Brown,Anthony Morrison,300,3
10d669fab1be58b4,KO/TKO,1,Christopher Alvidrez,Eliezer Kubanza,300,3
5a7fcfe3846adef6,Decision - Split,3,Don Frye,Ken Shamrock,600,3
4172fe2ebace07e4,Submission,1,Namsrai Batbayar,Agulali,,
f8d256f183390aad,KO/TKO,1,Baisangur Susurkaev,Murtaza Talha,300,3
2b5f895d21a66ee3,KO/TKO,1,Iwo Baraniewski,Mahamed Aly,300,3
dc60c0ad05d7a686,Decision - Split,3,Dong Sik Yoon,Tarec Saffiedine,300,3
7a66c612a454fa9b,KO/TKO,1,Joey Villasenor,Ryan Jensen,300,3
9a8cb807a2821ea4,Decision - Unanimous,3,Rami Hamed,Ding Meng,300,3
079913611b449376,Submission,3,TJ Brown,Dylan Lockard,300,3
2329fd5f35b6d321,Decision - Unanimous,2,Takanori Gomi,Jean Silva,600,2
2f4bdcee104aa82c,Decision - Split,5,Jamie Varner,Donald Cerrone,300,5
c0d6f26e4922a2e5,Submission,2,Joseph Benavidez,Wagnney Fabiano,300,3
9321bec45c092d37,KO/TKO,1,Gary Goodridge,Don Frye,600,3
5c95f3d240e56091,Submission,3,Jacare Souza,Robbie Lawler,300,5
55506bc7a93fa611,KO/TKO,2,Hayato Sakurai,Mac Danzig,300,3
59f5431237a2c5c5,Decision - Unanimous,3,Anderson Silva,Tetsuji Kato,300,3
62de80851ebcc85a,KO/TKO,1,Paul Buentello,David Abbott,300,3
b59964ef8add4d5b,Decision - Unanimous,3,Hiroshi Izumi,Katsuyori Shibata,300,3
13d6b0f751b58b4b,Submission,1,Fedor Emelianenko,Kazuyuki Fujita,600,3
9cce6651618cc02c,Decision - Unanimous,2,Chalid Arrab,Rodney Faverus,300,2
b6dafa419ef200e1,KO/TKO,2,Antonio Silva,Mike Kyle,300,3
1481b8f280cddf77,Decision - Unanimous,3,Ralek Gracie,Kazushi Sakuraba,300,3
ce463275245c3c4c,Decision - Unanimous,3,Melsik Baghdasaryan,Dennis Buzukja,300,3
ce92602e149639b6,Submission,1,Aleksander Emelianenko,Matt Foki,600,2
c582e2de87331135,Submission,1,Urijah Faber,Dominick Cruz,300,5
914b88781ab03985,Submission,1,Wes Schultz,Mario Mingaj,300,3
1a160a48342ad59f,Decision - Split,3,Rogerio Nogueira,Guy Mezger,600,3
1531994391953878,Decision - Unanimous,3,Scott Jorgensen,Kenji Osawa,300,3
114b7d71ff214a91,KO/TKO,2,Anthony Njokuani,Edward Faaloloto,300,3
7a710073c7e0eb19,Submission,1,Yoshihiro Akiyama,Melvin Manhoef,600,3
d83fe1bb3175368f,Decision - Unanimous,2,Katsuhiko Nagata,Artur Oumakhanov,600,2
c1466d3c1dd2dbb8,KO/TKO,3,Hiroshi Izumi,Ikuhisa Minowa,300,3
d0cea1c8d7418f66,KO/TKO,2,Manny Tapia,Brandon Foxworth,300,3
ce17641f02fd29a9,Submission,1,Chad Mendes,Anthony Morrison,300,3
f959b75dc0468ede,KO/TKO,1,Murilo Rua,Akira Shoji,600,3
a011081f39e700d9,Decision - Split,3,Billy Evangelista,Clint Coronel,300,3
c3dc4fef380f7cdb,KO/TKO,2,Will Brooks,Satoru Kitaoka,300,3
4f70f4133aa33cbc,KO/TKO,3,Gilbert Melendez,Olaf Alfonso,300,3
b13564224e299f91,Submission,1,Nicolle Caliari,Corinne Laframboise,300,3
0d7ba65d73d791c2,Decision - Unanimous,3,Mike Pyle,Aaron Wetherspoon,300,3
7324f622ea08faa7,KO/TKO,1,Sebastian Szalay,ChangMin Yoon,,
930f69163561f549,KO/TKO,2,Gilbert Melendez,Rodrigo Damm,300,5
e6885fea4ad5c083,Submission,2,Victor Hugo,Eduardo Torres Caut,300,3
c8270b82d3a0942a,KO/TKO,3,Ian McCall,Coty Wheeler,300,3
423dcc53da7e77b2,Decision - Split,3,DongHun Choi,Jiniushiyue,,
baf35a0a28e3593a,Submission,1,Kazuyuki Fujita,Hans Nijman,,
9fbc54c454a100f6,KO/TKO,1,Daniel Cormier,John Devine,300,3
b764b9698389a920,Decision - Unanimous,3,Igor Vovchanchyn,Yuki Kondo,600,3
9045c3212cb41236,Submission,1,Alistair Overeem,Vitor Belfort,600,3
4251220418d7c776,Decision - Split,3,Benito Lopez,Steven Peterson,300,3
037681585a7c23df,Decision - Unanimous,3,Shi Ming,YeDam Seo,,
970f42a0d5911f36,KO/TKO,2,Lawrence Lui,Nghiem Van Y,,
cc750e6a50445cba,Submission,1,Marcus Hicks,Ed Ratcliff,300,3
9e81b2bcc9b1470b,KO/TKO,1,Jared Vanderaa,Harry Hunsucker,300,3
f6c00a5cb264f675,KO/TKO,2,Quinton Jackson,Ikuhisa Minowa,600,3
9317abdd81b58d98,Decision - Unanimous,3,Mike Hayes,Matt Kovacs,300,3
32a0bfd0c6597a59,Submission,1,Steve Cantwell,Tim McKenzie,300,3
879b5032f5e879f5,Submission,1,Luiz Firmino,Kazuyuki Miyata,600,2
e390bb814de13ef7,KO/TKO,1,Erik Silva,Anvar Boynazarov,300,3
643f6cc7ca86edb5,KO/TKO,1,Seth Petruzelli,Kevin Ferguson,300,3
2082fa9ed4a9c609,Decision - Unanimous,3,Zhu Kangjie,Tatsuya Ando,,
7e48dd61c579aeed,Submission,1,Ron Keslar,Eric Lawson,300,3
2a0612aa7b742a6c,KO/TKO,1,Wanderlei Silva,Tatsuya Iwasaki,300,3
5f528585905f441b,KO/TKO,1,Samuel Sanches,Chasen Blair,300,3
0d48498c19539551,Submission,1,Blake Bilder,Alexander Morgan,300,3
783bf10d31191e0a,KO/TKO,1,Kennedy Nzechukwu,Dennis Bryant,300,3
099dbc0a13135f20,Submission,1,Ikuhisa Minowa,Bob Sapp,600,2
8badb24bbf1a3a96,Submission,2,Rei Tsuruya,Ronal Siahaan,,
148ded708e1db0a0,Submission,1,Hidehiko Yoshida,David Abbott,600,3
c34264d0be3a888f,Decision - Unanimous,3,Miesha Tate,Elaina Maxwell,180,3
276a59cc9e94fa28,KO/TKO,1,Germaine de Randamie,Stephanie Webber,300,3
ffd16691c4c4aafc,Submission,1,Royce Gracie,Ken Shamrock,,
d86e3ed44a13de13,KO/TKO,1,Hiroyuki Takaya,Joachim Hansen,300,3
f3231e9f063fb7c3,KO/TKO,2,Rogerio Nogueira,Todd Gouwenberg,300,3
d55c82a73bcfedb0,Submission,1,Dean Lister,Akira Shoji,600,2
8bbf5502c291e020,Decision - Split,3,Danny Castillo,Phil Cardella,300,3
4db2a70c28071299,KO/TKO,1,Gary Goodridge,Yoshiaki Yatsu,600,3
c1450c3cc9e769c0,Decision - Unanimous,1,Mark Kerr,Enson Inoue,,
cea0eefa35965d54,KO/TKO,3,KJ Noons,Edson Berto,300,3
34eaa4365938c168,Decision - Unanimous,3,Ovince Saint Preux,Benji Radach,300,3
85d229f57a94da6c,Decision - Split,3,Chibwikem Onyenegecha,Anthony Adams,300,3
a008bc8220aaad4d,Submission,1,Mirko Filipovic,Kevin Randleman,600,3
c4aecf16a059f7d4,KO/TKO,1,Assuerio Silva,Yoshihisa Yamamoto,600,3
65d329d83efd58d0,Submission,1,Phil Baroni,Yosuke Nishijima,300,3
e0ab7318f75ddb06,KO/TKO,3,Orion Cosce,Matt Dixon,300,3
cdfc9e763372599a,KO/TKO,1,Antonio Rodrigo Nogueira,Pawel Nastula,600,3
72d7db360c53ac8e,KO/TKO,2,Fedor Emelianenko,Brett Rogers,300,3
b9a128467a3b1b21,Submission,1,Enson Inoue,Soichi Nishida,600,2
33f4fef6304a32ab,KO/TKO,1,Mirko Filipovic,Ibragim Magomedov,600,3
aa34a6bc5896a511,KO/TKO,2,Ivan Salaverry,Art Santore,300,3
2a7d4a5f04014e29,KO/TKO,1,Greg Hardy,Tebaris Gordon,300,3
998dd29dad3e5e07,Submission,1,Kenny Florian,Bobby McAndrews,300,3
884b388bfdd11067,KO/TKO,1,Gilbert Melendez,Tatsuya Kawajiri,300,5
92165f13b8d588ca,KO/TKO,1,Maki Pitolo,Justin Sumter,300,3
b32c49d73ce5c599,KO/TKO,1,Joe Riggs,Eugene Jackson,300,3
64c73e32aee3d4a2,TKO - Doctor's Stoppage,1,Marius Zaromskis,Kazushi Sakuraba,600,3
00dc3531dafa3485,Decision - Split,3,Tyron Woodley,Jordan Mein,300,3
6ffaceca00c3cb20,Submission,1,Wayne Cole,Mike Kyle,300,3
089a63793480cf49,Could Not Continue,1,TIE,TIE,300,3
67c51216f9555763,Other,1,Kazushi Sakuraba,Guy Mezger,,
84f2e086d9e294fa,KO/TKO,1,Roman Zentsov,Gilbert Yvel,600,3
ac5d55db5a748ff2,KO/TKO,1,Gary Goodridge,Dan Bobish,600,3
ce99b089400a4ad3,Decision - Unanimous,3,Ismael Bonfim,Nariman Abbasov,300,3
c95fce7d64beeac8,TKO - Doctor's Stoppage,3,Paul Buentello,Kiril Sidelnikov,300,3
e8b36887144d4085,Decision - Unanimous,2,Murilo Bustamante,Dong Sik Yoon,600,2
8319e8fb8ce85409,KO/TKO,3,Montel Jackson,Rico DiSciullo,300,3
bf54e2d905e1699e,Submission,1,Kazushi Sakuraba,Yurij Kiseliov,600,3
48a14912ae1331dd,KO/TKO,1,Yoshihiro Akiyama,Kestutis Smirnovas,600,3
77f22a0b5e809c5c,Decision - Unanimous,3,Chris Cariaso,Rafael Rebello,300,3
32e0753d3f017d1b,KO/TKO,1,Iuri Alcantara,Ricardo Lamas,300,3
ae50b482a3d62cac,KO/TKO,1,Charalampos Grigoriou,Cameron Smotherman,300,3
991b7fd4873e7fea,Decision - Split,3,Carlos Hernandez,Daniel Barez,300,3
39b70ec9e2ed4426,Submission,1,Michihiro Omigawa,Young Sam Jung,600,2
c4351f1f0b46bf4a,Decision - Split,3,Shi Ming,Dong Huaxiang,,
4bda39f114f1ccdb,Decision - Unanimous,5,Luke Rockhold,Jacare Souza,300,5
2ee220d1f5e74712,Decision - Unanimous,3,Makoto Takimoto,Dong Sik Yoon,600,3
1ea0387129e8ea33,KO/TKO,2,Daniel Frunza,Vadym Kutsyi,300,3
f3a3daa73a4e9b73,Submission,1,Assuerio Silva,Valentijn Overeem,600,3
4ca63838e8ea552f,KO/TKO,1,Chuck Liddell,Alistair Overeem,600,3
5bcde86d5f40cebb,Decision - Unanimous,3,Manvel Gamburyan,Leonard Garcia,300,3
06133c7c8c726ece,Decision - Unanimous,1,Mark Coleman,Akira Shoji,,
ebf548d053a2e0be,KO/TKO,3,Ikuhisa Minowa,Rameau Thierry Sokoudjou,300,3
757b2a060d9151df,Decision - Unanimous,3,Sara McMann,Hitomi Akano,300,3
98840d98f7c2d6cc,Decision - Unanimous,3,Dylan Budka,Chad Hanekom,300,3
33e44be826a1cd2a,Decision - Unanimous,2,Keith Jardine,George Allen,300,2
e906796c0e43c0ac,KO/TKO,1,Brian Stann,Steve Cantwell,300,3
1df97d78457e7a06,Decision - Unanimous,3,Carol Foro,Shanelle Dyer,300,3
6cc8aa715c5335a9,Decision - Unanimous,3,Jeff Bedard,Mike French,300,3
103dd3ef6e5bd9e2,Submission,1,Rob McCullough,Kit Cope,300,5
e5bd00471c1ce9a5,Decision - Unanimous,3,Kyle Driscoll,Dinis Paiva Jr.,300,3
f1619ff59c01c94c,KO/TKO,2,Augusto Sakai,Marcos Conrado Jr.,300,3
c2d98b7a30c70de7,Submission,1,Joe Solecki,James Wallace,300,3
95bfd69bc8afedb9,Submission,1,Alistair Overeem,Tony Sylvester,300,3
a44ea2f14b259ae7,KO/TKO,1,Shane del Rosario,Lolohea Mahe,300,3
f32c819edc6849bc,Decision - Unanimous,3,Kamal Shalorus,Dave Jansen,300,3
1aebfcec4ab1f5f1,Decision - Unanimous,3,Cameron Olson,Karl Reed,300,3
c23ef3f8736fe1ec,KO/TKO,1,Cung Le,Brian Warren,300,3
9f4999e98cc3140d,Decision - Unanimous,3,Josh Thomson,Gesias Cavalcante,300,3
bdad04f0820874b3,Submission,1,Tatsuya Kawajiri,Ross Ebanez,600,2
4c31e89caec40661,KO/TKO,2,Lyoto Machida,Rich Franklin,300,3
3e49c868130978e8,Submission,1,Shinya Aoki,Lyle Beerbohm,300,3
201e7c6d2db7c9d5,Decision - Majority,3,Rob McCullough,Marcus Hicks,300,3
4400b5af34e50dea,KO/TKO,1,Kiyoshi Tamura,Masakatsu Funaki,600,2
4487ae4c518a6505,Submission,2,Eddie Alvarez,Katsunori Kikuno,300,3
136509dff3b96cbb,Submission,1,Mirko Filipovic,Josh Barnett,600,3
1997255d18bdcc99,KO/TKO,3,Cung Le,Tony Fryklund,300,3
bc602e9a17665eab,Decision - Unanimous,2,Riki Fukuda,Murilo Rua,600,2
a808944129b9d203,KO/TKO,2,Akira Shoji,Wallid Ismail,600,3
f5ecd2c50fd29d8e,Submission,1,Katsuhisa Fujii,Jin Oh Kim,600,2
ca6abb47b28d4ad3,KO/TKO,1,Ryan Gracie,Kazuhiro Hamanaka,600,2
d838e9d10b09e488,KO/TKO,3,Mike Swick,Kengo Ura,300,3
6e808d2284d1da91,Decision - Split,3,Gerald Harris,Kazuhiro Nakamura,300,3
a0008f010451655b,Submission,1,Takanori Gomi,Charles Bennett,600,2
9a6f9f6cee4ea4bd,TKO - Doctor's Stoppage,3,Cung Le,Frank Shamrock,300,5
83af37a5f909bc36,Submission,1,Antonio Rodrigo Nogueira,Mark Coleman,600,3
7242b686f4ec7686,Submission,2,Antonio Rodrigo Nogueira,Mirko Filipovic,600,3
ed03c81b92ecb186,Decision - Unanimous,3,Fabricio Werdum,Jon Olav Einemo,600,3
5f5a12c724d2625b,Submission,2,YoungJae Song,Jin Aoi,,
93e8d60f05a3782c,KO/TKO,3,Shelton Graves,Everett Sims,300,3
6e3b5840f8c05faa,KO/TKO,2,Benji Radach,Murilo Rua,300,3
243ef46cc122e17e,KO/TKO,1,Roman Zentsov,Pedro Rizzo,600,3
fc853cc1c88c00cc,Decision - Unanimous,3,Tarec Saffiedine,James Terry,300,3
c33759ead046daa8,Decision - Unanimous,2,Tom Erikson,Gary Goodridge,600,2
c17dbd0bdaf336ea,Decision - Unanimous,2,Atsushi Yamamoto,Hideo Tokoro,600,2
f8b13f3909216f83,KO/TKO,1,Robbie Lawler,Adlan Amagov,300,3
1781e8fc223ebf5e,DQ,2,Bahatebole Batebolati,WonBin Ki,,
12d09b19ac610b5a,Decision - Unanimous,3,Antonio Rodrigo Nogueira,Fabricio Werdum,600,3
e0bf215b64f31619,Submission,3,Lyle Beerbohm,Ray Perales,300,3
6b4f022c3cd76938,Decision - Unanimous,5,Jacare Souza,Tim Kennedy,300,5
73f38f4c58a00561,Submission,2,Akihiro Gono,Hayato Sakurai,300,3
6f8185a1cc100570,Decision - Unanimous,3,Diego Sanchez,Jorge Santiago,300,3
44b1b38cab395123,KO/TKO,1,Ben Rothwell,Devin Cole,240,3
bac87c3321dfa75b,Submission,2,Tim Kennedy,Zak Cummings,300,3
f0764d38795b524c,KO/TKO,1,Lerryan Douglas,Cam Teague,300,3
3757cabdc1ad7f36,KO/TKO,1,Alex Serdyukov,Luis Santos,300,3
83e83ea6b1f02560,KO/TKO,2,Eugene Jackson,Mike Seal,300,3
45e87d6127a96d1f,Submission,1,Josh Barnett,Kazuhiro Nakamura,600,3
ba2e0b5a442f439a,KO/TKO,3,Joe Riggs,Louis Taylor,300,3
3c8cd38d579d6fd7,Decision - Unanimous,5,Dominick Cruz,Scott Jorgensen,300,5
991d084feb15a112,KO/TKO,1,Luis Pajuelo,Robbie Ring,300,3
7ccbbe7aa5aa5c79,Submission,2,Josh Barnett,Brett Rogers,300,3
2b77c918e655e435,Decision - Majority,3,TIE,TIE,300,3
d2b43e8b49ceeabf,Decision - Unanimous,3,Mauricio Rua,Rogerio Nogueira,600,3
a615824f1451f681,KO/TKO,1,Mirko Filipovic,Yoshihisa Yamamoto,600,2
eabafb8b77f6ac0e,KO/TKO,1,Mauricio Rua,Quinton Jackson,600,3
77b6adb306b5b863,Decision - Unanimous,3,SeungGuk Choi,Qiu Lun,,
81bd1c1f7dfccbb7,Decision - Unanimous,2,Shinya Aoki,Marcus Aurelio,600,2
0a2e535569dfdd6b,Decision - Unanimous,3,Roger Bowling,Josh Thornburg,300,3
6a65af5991ea7540,Decision - Unanimous,2,Hayato Sakurai,Kuniyoshi Hironaka,600,2
39d040bac5b7ddd1,Decision - Unanimous,2,Caol Uno,Akiyo Nishiura,600,2
1d6eda59445af039,Decision - Unanimous,3,Rashid Vagabov,Paulo Henrique,300,3
7915d41760c36c62,Decision - Split,3,Nah-Shon Burrell,James Terry,300,3
bf9ad9e771ef4319,Decision - Split,3,Chris Horodecki,Bart Palaszewski,240,3
f248dbf531292b2c,KO/TKO,1,Gary Goodridge,Oleg Taktarov,600,3
dff5c0fd4a1b0fef,KO/TKO,1,Claudio Ribeiro,Ivan Valenzuela,300,3
028ba26cebe62457,Submission,1,Fedor Emelianenko,Mark Hunt,600,3
1ed964912388daa2,Submission,1,Megumi Fujii,Karla Benitez,300,3
3357eff66d95fa5b,Decision - Unanimous,3,Antonio Banuelos,Cole Escovedo,300,3
daa2851e2cea26c6,Decision,2,Luiz Azeredo,Anderson Silva,600,2
eea06ca2f6c93d52,Decision - Unanimous,3,Antonio Rodrigo Nogueira,Josh Barnett,600,3
91d0f0452fba3066,Decision - Unanimous,3,Dan Henderson,Vitor Belfort,300,3
63f5a7b0fb0d334a,Decision - Split,2,Akihiro Gono,Yuki Kondo,600,3
0049a10440ad307a,Submission,1,Jesse Taylor,Dong Sik Yoon,600,2
17e073ba2936d1d7,Decision - Split,3,Jerrel Venetiaan,Daijiro Matsui,300,3
bdbf39811bed8c54,Decision - Unanimous,3,Mario Sousa,Mariusz Ksiazkiewicz,300,3
92975422fd77707c,KO/TKO,1,Tatsuya Kawajiri,Chris Brennan,600,2
369ac1763a995bea,Decision - Unanimous,3,Boston Salmon,Ricky Turcios,300,3
45655047aba658b6,Decision - Split,3,Olivier Murad,Xie Bin,300,3
8a6ac3b4dabd76a7,Decision - Unanimous,3,Xie Bin,Yibugele,,
8847fe4b88c51487,Submission,1,Tommy Gantt,Adam Livingston,300,3
0161f74a492fa375,Decision - Unanimous,3,Josefine Knutsson,YeDam Seo,300,3
f40aea8c3aa037cf,Decision - Unanimous,2,Igor Vovchanchyn,Mark Kerr,600,2
ec3fbf5a12ae4d0b,KO/TKO,1,Aaron Tau,Rio Tirto,,
7da4527386346ef5,KO/TKO,1,Terry Martin,Keith Berry,300,3
c10faf7a88d5431a,KO/TKO,3,Dan Henderson,Rafael Cavalcante,300,5
446de91aef423d44,KO/TKO,1,Bevon Lewis,Alton Cunningham,300,3
f84d9b9f072670ca,Decision - Split,3,Saimon Oliveira,Jose Alday,300,3
5b0c86f47ae164b1,Decision - Unanimous,2,Akihiro Gono,Crosley Gracie,600,2
3ef332945aa9aad1,KO/TKO,1,Brock Larson,Kevin Knabjian,300,3
99d0517adc67fc40,Submission,1,HanSeul Kim,John Adajar,300,3
97ccec7f5ee797f1,Submission,1,Kazushi Sakuraba,Zelg Galesic,300,3
6297a81500866725,KO/TKO,1,Gegard Mousasi,Gary Goodridge,300,3
a7c00838c9076ccf,Submission,1,Shane Roller,Todd Moore,300,3
7f88a4f2c476c155,Decision - Split,3,Nick Piccininni,Jack Duffy,300,3
dfcfc9d5d5b6f3b2,Submission,1,Igor Vovchanchyn,Gilbert Yvel,600,3
756ec128df94ce6e,Decision - Unanimous,3,Takeya Mizugaki,Rani Yahya,300,3
3235d08f7d0f241c,TKO - Doctor's Stoppage,1,Damian Pinas,Vitor Costa,300,3
75eb815f8e89104c,Submission,2,Austin Vanderford,Angelo Trevino,300,3
74aaff7cf997e127,KO/TKO,1,Josh Grispi,Micah Miller,300,3
708db9149bf306b0,KO/TKO,1,Chris Duncan,Charlie Campbell,300,3
b3f0c32ef0008e91,Submission,2,Mark Hominick,Trenell Young,300,3
26566dd27fe1ba27,KO/TKO,1,Wanderlei Silva,Kazushi Sakuraba,600,3
d877fbd816083046,Decision - Unanimous,3,Jake Shields,Dave Menne,300,3
a0186ed12aa08f41,Decision - Split,3,Fredson Paixao,Bryan Caraway,300,3
7dfa32f820b08b5f,KO/TKO,1,Takashi Sugiura,Paulo Cesar Silva,600,2
8011be29960cd518,Submission,1,Shi Ming,Puja Tomar,300,3
a1d2658c2aa6eec4,KO/TKO,1,Igor Vovchanchyn,Kazushi Sakuraba,,
58a0c57e271c8b26,KO/TKO,1,Rich Franklin,Leo Sylvest,300,3
2dab10e741f3aa8b,Submission,2,Karine Silva,Yan Qihui,300,3
8c0d5151a5d9ff7a,KO/TKO,2,Anderson Silva,Jorge Rivera,300,3
f2011c493edcc80b,TKO - Doctor's Stoppage,1,Igor Vovchanchyn,Enson Inoue,600,2
662a23eaf1df63eb,KO/TKO,1,Hayato Sakurai,Katsuyori Shibata,600,2
60f7d83ecfb5f8a2,Decision - Unanimous,3,Kazushi Sakuraba,Antonio Schembri,600,3
af3aab1f986165d9,Submission,1,Alistair Overeem,James Thompson,300,3
0a60aec44570fe47,KO/TKO,2,Patrick Kaase,Jarrod Kwitty,300,3
2af4d8a953e11598,Decision - Unanimous,3,Gina Carano,Julie Kedzie,180,3
bb37c49ab61895e2,KO/TKO,1,Murilo Bustamante,Ikuhisa Minowa,600,2
a8f6be6bff7fc3f5,KO/TKO,1,Jhonata Diniz,Eduardo Neves,300,3
c2a0eebadba98a69,TKO - Doctor's Stoppage,2,Antonio Silva,Fedor Emelianenko,300,3
9b96e9c4e7080dac,KO/TKO,1,Justin Levens,Justin Hawes,300,3
5d0761a3e4923899,TKO - Doctor's Stoppage,1,Yuki Kondo,Mario Sperry,600,3
3d102b8751124645,Submission,1,Blas Avena,Joe Benoit,300,3
b790fd7b1c84002a,Decision - Unanimous,3,Kevin Syler,Lance Lawrence,300,3
183a853c55d32b28,Decision - Unanimous,2,Tatsuya Kawajiri,Kultar Gill,600,2
5996abe816710d15,Submission,1,Mark Kerr,Pedro Otavio,600,3
e8bcff901e1e98f6,KO/TKO,1,Damacio Page,Marcos Galvao,300,3
1a13fc881a0aa164,Decision - Unanimous,3,Ken Cross,Kevin Syler,300,3
5bd071a38f37debb,KO/TKO,2,Sean Woodson,Terrance McKinney,300,3
45c260921c7a96a6,Decision - Unanimous,3,Chad Mendes,Cub Swanson,300,3
c20a19e750adb94a,Decision - Unanimous,3,Miles Johns,Richie Santiago,300,3
7798dfb04b31fcc1,KO/TKO,1,Denis Kang,Murilo Rua,600,2
3188e4fcd9d432de,Submission,2,Donald Cerrone,Chris Horodecki,300,3
642f3bcd0f821e40,KO/TKO,2,Nghiem Van Y,Rui Imura,,
c20b2efce2c8c9cf,Decision - Unanimous,3,Tucker Lutz,Chase Gibson,300,3
90193393454f947f,Decision - Split,2,Gesias Cavalcante,Katsunori Kikuno,600,2
64b342f237a2e19d,KO/TKO,1,Chad Griggs,Valentijn Overeem,300,3
4c4bf977aad53bcc,KO/TKO,3,Kevin Randleman,Kenichi Yamamoto,600,3
4fe6f6f4787396b8,KO/TKO,3,Alex Stiebling,Allan Goes,600,3
2657e5e7b6c5918b,KO/TKO,2,Machi Fukuda,Anelya Toktogonova,,
67b340494348c59d,Decision - Unanimous,3,Hayato Sakurai,Ryo Chonan,300,3
b806901f74e0bba8,Decision - Unanimous,3,Matt Ricehouse,Ryan Couture,300,3
f4e6acbf40d29aa7,Decision - Majority,3,Xiao Long,Shuya Kamikubo,,
737179b4606ed370,KO/TKO,1,Joachim Hansen,Luiz Azeredo,600,2
19ff0b517d6d4299,KO/TKO,1,Igor Vovchanchyn,Gary Goodridge,,
d22a0c528786b65c,Submission,2,Rogerio Bontorin,Gustavo Gabriel,300,3
61e1d1fee5153a6c,Submission,1,Shane Roller,Jamie Varner,300,3
824e02d6d56bf7c7,KO/TKO,1,Xie Bin,Masuto Kawana,,
2727d6abb552ceb2,Decision - Unanimous,2,Murilo Bustamante,Ryuta Sakurai,600,2
9282ef7a9d52443b,Submission,2,Kevin Christian,Francesco Mazzeo,300,3
6e41cb60eefb5f56,Submission,1,Shinya Aoki,Clay French,600,2
5b96ffdfef4654a9,KO/TKO,1,Kazushi Sakuraba,Dong Sik Yoon,600,3
44bb89b85f89c7a6,Decision - Unanimous,3,Brok Weaver,Devin Smyth,300,3
556055969b2f0bd7,KO/TKO,1,Jose Aldo,Cub Swanson,300,3
db72f0b4d2a34a6a,Submission,4,Miesha Tate,Marloes Coenen,300,5
54447cee0aa2e38f,Decision - Unanimous,3,Ricardo Lamas,Dave Jansen,300,3
79512bd1e463657b,Decision - Split,3,Robert Peralta,Hiroyuki Takaya,300,3
4a1e7c670be02cb1,Submission,1,Heath Herring,Denis Sobolev,600,3
c65e891d794ea466,KO/TKO,2,Yoshihisa Yamamoto,Alexander Otsuka,600,3
d12edc71faee389d,KO/TKO,1,Gary Goodridge,Yoshiaki Yatsu,600,2
09d5227e3a8907dd,KO/TKO,1,Jens Pulver,Tomomi Iwama,600,2
32d350a70ce39d8f,Decision - Unanimous,2,Jacare Souza,Jason Miller,600,2
fdba6ce3f32a9d27,KO/TKO,3,Ryan Couture,Conor Heun,300,3
17f8acabd9494a2c,KO/TKO,1,Gary Goodridge,Valentijn Overeem,600,3
c390ec8c5d8c18b0,KO/TKO,1,Bolaji Oki,Dylan Salvador,300,3
9b85435db51d8402,Submission,1,Erik Koch,Bendy Casimir,300,3
5e4d365639c465c7,KO/TKO,2,Anthony Ruiz,Jeremy  Freitag,300,3
9a8c21272767faef,KO/TKO,4,Carlos Condit,Hiromitsu Miura,300,5
182822019958e0f2,Decision - Unanimous,1,Kazushi Sakuraba,Ryan Gracie,,
c717d9f6e4d2a2c4,Submission,1,Cody Haddon,Billy Brand,300,3
8e14eb886564af75,KO/TKO,1,Adlan Amagov,Keith Berry,300,3
9b0ec5129a707f03,Submission,3,Jimmy Flick,Nate Smith,300,3
c5cb2d551483192b,Decision - Unanimous,3,Cheyanne Vlismas,Hilarie Rose,300,3
645b48d0ba9b7c8d,KO/TKO,1,Heath Herring,Hirotaka Yokoi,600,3
538062500df8f6d3,KO/TKO,1,Michael Bisping,Miika Mehmet,300,5
c53327add2bbda93,KO/TKO,6,Kazushi Sakuraba,Royce Gracie,,
b3a1b5840b88d550,Decision - Unanimous,2,Mitsuhiro Ishida,Cristiano Marcello,600,2
59ae618afb6ac9db,Submission,1,Bryan Caraway,Alvin Cacdac,180,3
1657be063c89f0d3,Decision - Unanimous,2,Takanori Gomi,Luiz Azeredo,600,2
1171032ac5b85604,KO/TKO,2,Mauricio Rua,Erick Wanderlei,300,3
9d2be26cb26f4ca3,Decision - Split,3,Dan Henderson,Murilo Rua,600,3
5e93d36fdf0f6f8e,KO/TKO,2,Rogerio Nogueira,Vladimir Matyushenko,300,3
a5d956abb25bc988,Decision - Unanimous,3,Brendan Loughnane,Bill Algeo,300,3
c568440b6f3539a4,KO/TKO,2,Jamie Pickett,Jhonoven Pati,300,3
d463ac5d19b198e8,Decision - Unanimous,3,Tony Johnson,Alton Cunningham,300,3
7c29f7a1a73f57ea,KO/TKO,2,Seth Kleinbeck,Sam Spengler,180,3
ba1fb8f4eb0cf2c8,Submission,1,Rani Yahya,Yoshiro Maeda,300,3
a85f8c62ca150478,KO/TKO,1,Cory Devela,Joe Riggs,300,3
edf5141eccdd13c5,Decision - Split,3,Isaac Vallie-Flagg,Gesias Cavalcante,300,3
e61fe63ad0ce57b4,Submission,1,Gadzhi Omargadzhiev,Jansey Silva,300,3
834f96522a351885,Decision - Unanimous,3,Raul Rosas Jr.,Mando Gutierrez,300,3
898b34ec3a78cfcc,Decision - Unanimous,3,Jasmine Jasudavicius,Julia Polastri,300,3
ff44ee7d8eb39829,KO/TKO,1,James Thompson,Paulo Cesar Silva,600,3
fca372c8d6161f81,Submission,2,Torrez Finney,Yuri Panferov,300,3
c164a580c8121fe2,KO/TKO,1,Patrick Cote,Jason Day,300,5
011dc13fcbc3d6b9,KO/TKO,1,Phil Baroni,Ryo Chonan,600,2
90f4c4a4e30e6abf,KO/TKO,1,Erik Koch,Francisco Rivera,300,3
b08f02bfba18cfe4,Decision - Majority,3,Josh McDonald,Patrick Murphy,300,3
79197a3ca78e0596,Decision - Unanimous,3,Nick Maximov,Oscar Cota,300,3
0494ef16feff9e65,KO/TKO,2,Miguel Torres,Manny Tapia,300,5
d926af83ff2d5a2f,Submission,1,Kazushi Sakuraba,Katsuyori Shibata,600,3
b576661b05c4d4da,KO/TKO,3,Liz Carmouche,Jan Finney,300,3
98f243f76632ac1f,KO/TKO,1,Igor Vovchanchyn,Francisco Bueno,600,2
60300690969f06e4,Decision - Unanimous,3,Toshiomi Kazama,Maimaitituoheti Keremuaili,,
a7e89978fdc2d362,Decision - Unanimous,2,Bibiano Fernandes,Rodolfo Marques Diniz,300,2
bae5f82385b29c1a,Submission,1,Albert Duraev,Caio Bittencourt,300,3
1c35a92c9c949557,Submission,2,Tyron Woodley,Zach Light,300,3
122070930be9a37e,KO/TKO,1,Takanori Gomi,Fabio Mello,600,2
785b7d814d9b81f1,Submission,1,Rafael Tobias,Jair De Oliveira,300,3
76a7fa80c1d98279,KO/TKO,1,Mirko Filipovic,Ikuhisa Minowa,600,3
bd6c4ef39a82e00b,Decision - Unanimous,2,Gilbert Melendez,Tatsuya Kawajiri,600,3
f8deb7ef6288cc7b,Other,1,TIE,TIE,,
3477a8023783cb80,KO/TKO,3,Murilo Rua,Daijiro Matsui,600,3
401ff1bec2ac0739,Decision - Unanimous,3,Dominique Steele,Chris Mierzwiak,300,3
ff18cead7817b21e,KO/TKO,1,Mark Hunt,Dan Bobish,600,3
96ae89d5885e5b7a,Submission,1,Mario Sperry,Igor Vovchanchyn,600,3
3c30da3b02dfea13,Submission,1,Josh Barnett,Mark Hunt,600,3
14e38ffd7086d350,KO/TKO,2,Josh Hokit,Guilherme Uriel,300,3
43cc040a91145fa7,Submission,2,Joseph Benavidez,Miguel Torres,300,3
abaa317e9b8374ca,KO/TKO,1,Dan Henderson,Fedor Emelianenko,300,3
06de2289364efcd5,KO/TKO,2,Jose Aldo,Alexandre Franca Nogueira,300,3
90e892b2c50ce4dd,Submission,3,Wagnney Fabiano,Akitoshi Tamura,300,3
6c337f3e54ce4add,Decision - Unanimous,3,Vladimir Matyushenko,Alex Schoenauer,240,3
68c442e1071390b9,Submission,2,Vinicius Moreira,John Allan,300,3
3d1bf8a37f73df27,KO/TKO,3,Allen Crowder,Don'Tale Mayes,300,3
3c70edc3845fd51b,Decision - Unanimous,5,Miguel Torres,Takeya Mizugaki,300,5
627670ad216539d9,Decision - Unanimous,3,Shin Haraguchi,JunYoung Hong,,
4b641e3706fd8031,Submission,1,Joseph Benavidez,Junya Kudo,600,2
8437a2ead16bf500,KO/TKO,1,Wanderlei Silva,Ikuhisa Minowa,600,2
dbcf9153092221d3,KO/TKO,1,Marius Zaromskis,Hayato Sakurai,600,2
197f68e2fb3ec585,Decision - Unanimous,3,Manvel Gamburyan,John Franchi,300,3
0a1cd93703423bf3,KO/TKO,2,Mark Hominick,Yves Jabouin,300,3
7f8e8fba285b5a59,Submission,1,Casey Olson,Bobby Sanchez,300,3
74582b99c1c0c822,KO/TKO,2,Bart Palaszewski,Alex Karalexis,300,3
91272188bc5a5f95,Submission,1,Ronda Rousey,Sarah D'alelio,300,3
99dd66a3b1ee6476,Decision - Unanimous,2,Mu Bae Choi,Yoshihisa Yamamoto,600,2
ce8ac77a24021d3f,KO/TKO,1,Quinton Jackson,Kevin Randleman,600,3
